player1_id,player1_name,player2_id,player2_name,player1_wins,player2_wins,player1_weighted_wins,player2_weighted_wins,games,games_obk,player1_wins_obk,player2_wins_obk,games_ostkanten,player1_wins_ostkanten,player2_wins_ostkanten,games_both,player1_wins_both,player2_wins_both,player1_wins_8_ball,player2_wins_8_ball,player1_weighted_wins_8_ball,player2_weighted_wins_8_ball,games_8_ball,player1_wins_9_ball,player2_wins_9_ball,player1_weighted_wins_9_ball,player2_weighted_wins_9_ball,games_9_ball,player1_wins_10_ball,player2_wins_10_ball,player1_weighted_wins_10_ball,player2_weighted_wins_10_ball,games_10_ball
1006186,Christian Wikeby,1006292,Jan Thomassen,59,87,23.272264951301214,34.292007693046635,146,0,0,0,146,59,87,0,0,0,3,10,0.9962434914352275,3.3430136778593673,13,53,67,21.8915901086922,29.274631917661132,120,3,10,0.384431351173792,1.6743620975261422,13
1006186,Christian Wikeby,1006197,Daniel Salole,60,66,12.898272675968386,17.822937994259163,126,0,0,0,126,60,66,0,0,0,17,16,2.9577829728305667,2.7684581558121413,33,34,31,8.228253140332589,11.326997135293055,65,9,19,1.7122365628052303,3.72748270315397,28
1123060,"Paweł ""Mumrikken"" Zalewski",7153377,Henning Ingvorsen,51,38,48.47875305663539,35.84207260531109,89,0,0,0,89,51,38,0,0,0,0,0,0.0,0.0,0,51,38,48.47875305663539,35.84207260531109,89,0,0,0.0,0.0,0
1006186,Christian Wikeby,1006340,Kjartan Maraas,49,37,16.36079710778738,8.977315994341483,86,0,0,0,86,49,37,0,0,0,9,18,1.6649836488539551,3.2820695712563186,27,40,19,14.695813458933433,5.6952464230851625,59,0,0,0.0,0.0,0
1006186,Christian Wikeby,44184394,Per Arne Grotthing,49,36,41.59475548498792,30.599632170090754,85,0,0,0,85,49,36,0,0,0,0,0,0.0,0.0,0,49,36,41.59475548498792,30.599632170090754,85,0,0,0.0,0.0,0
51736666,Yakup Aliz,7153377,Henning Ingvorsen,45,38,39.43285923277855,34.48060669052798,83,0,0,0,83,45,38,0,0,0,14,13,11.59561979898848,11.371923299068108,27,31,25,27.837239433790053,23.108683391459866,56,0,0,0.0,0.0,0
1006292,Jan Thomassen,7153377,Henning Ingvorsen,46,28,37.303483523352206,22.083547345856715,74,0,0,0,74,46,28,0,0,0,5,1,4.658007298148566,0.9316014596297132,6,41,27,32.64547622520363,21.151945886227004,68,0,0,0.0,0.0,0
1006186,Christian Wikeby,7153377,Henning Ingvorsen,23,48,19.904514868366,39.629649306052315,71,0,0,0,71,23,48,0,0,0,0,0,0.0,0.0,0,23,48,19.904514868366,39.629649306052315,71,0,0,0.0,0.0,0
1006186,Christian Wikeby,1006515,Thorbjørn Vildar Dahl Eriksen,27,44,5.65060713047927,9.958400351861297,71,0,0,0,71,27,44,0,0,0,3,5,0.6174402864831345,1.0290671441385575,8,16,32,3.989689913417052,8.016290893466039,48,8,7,1.0434769305790843,0.9130423142566988,15
1006163,Bjørn Bratteberg,1123060,"Paweł ""Mumrikken"" Zalewski",28,42,23.473830825602022,35.60368089847939,70,0,0,0,70,28,42,0,0,0,2,7,1.9823656589748893,6.938279806412112,9,26,35,21.49146516662713,28.665401092067285,61,0,0,0.0,0.0,0
51736666,Yakup Aliz,8270907,Christian Söderström,42,27,37.25361773721164,24.448403141199563,69,0,0,0,69,42,27,0,0,0,10,3,8.021616700221935,2.422107882281984,13,32,24,29.232001036989708,22.026295258917575,56,0,0,0.0,0.0,0
17978686,Ibra Alkhader,43127857,Manabu Sekiguchi,45,22,38.44830727502855,19.69911813886023,67,0,0,0,67,45,22,0,0,0,7,0,5.812174677002322,0.0,7,38,22,32.63613259802623,19.69911813886023,60,0,0,0.0,0.0,0
44184394,Per Arne Grotthing,48159925,Ole-Jakob Rosenvold,39,25,32.827324624211855,21.020641915325836,64,0,0,0,64,39,25,0,0,0,15,9,12.41222374229389,6.988391268155342,24,24,16,20.41510088191795,14.0322506471705,40,0,0,0.0,0.0,0
1006340,Kjartan Maraas,7153377,Henning Ingvorsen,25,38,16.620559254801144,25.019655992359734,63,0,0,0,63,25,38,0,0,0,7,10,5.726856113669294,8.215010536587062,17,18,28,10.893703141131853,16.804645455772672,46,0,0,0.0,0.0,0
1123060,"Paweł ""Mumrikken"" Zalewski",44184394,Per Arne Grotthing,40,23,35.8897769192621,20.24457037993252,63,0,0,0,63,40,23,0,0,0,12,5,11.282522471591323,4.754923719749095,17,28,18,24.607254447670776,15.489646660183421,46,0,0,0.0,0.0,0
1006197,Daniel Salole,1006340,Kjartan Maraas,41,21,16.681265401042374,9.612518500271397,62,0,0,0,62,41,21,0,0,0,10,3,5.243998761689886,1.924430209909711,13,25,18,10.123399563201561,7.68808829036168,43,6,0,1.3138670761509326,0.0,6
1006197,Daniel Salole,51736666,Yakup Aliz,26,34,22.066078925713555,28.779149561428067,60,0,0,0,60,26,34,0,0,0,13,17,10.874517259673697,14.129698861186341,30,13,17,11.191561666039856,14.649450700241713,30,0,0,0.0,0.0,0
1006163,Bjørn Bratteberg,51736666,Yakup Aliz,27,32,23.492338694870202,27.742161343208707,59,0,0,0,59,27,32,0,0,0,10,15,8.458175465176097,12.663199982596185,25,17,17,15.034163229694085,15.078961360612505,34,0,0,0.0,0.0,0
1006186,Christian Wikeby,1123060,"Paweł ""Mumrikken"" Zalewski",25,33,15.130398051016067,26.490855213032752,58,0,0,0,58,25,33,0,0,0,6,13,4.71756385495107,10.533741332341608,19,19,20,10.412834196065004,15.957113880691136,39,0,0,0.0,0.0,0
1006186,Christian Wikeby,43127857,Manabu Sekiguchi,25,32,22.066109506104674,28.110131862515633,57,0,0,0,57,25,32,0,0,0,4,4,3.2485161811298524,3.2485161811298524,8,21,28,18.817593324974816,24.861615681385775,49,0,0,0.0,0.0,0
1006281,Jan Atle Kofoed,1006340,Kjartan Maraas,31,25,10.548112933147127,8.486628283299106,56,0,0,0,56,31,25,0,0,0,10,7,3.4400929542616967,2.411112383700838,17,16,17,5.364997530806567,5.726911409982495,33,5,1,1.7430224480788619,0.3486044896157724,6
44184394,Per Arne Grotthing,51736666,Yakup Aliz,31,23,25.92415035393767,18.72778398108141,54,0,0,0,54,31,23,0,0,0,9,9,6.867466413641454,6.690788416081168,18,22,14,19.056683940296214,12.036995565000245,36,0,0,0.0,0.0,0
1123060,"Paweł ""Mumrikken"" Zalewski",43127857,Manabu Sekiguchi,31,22,28.98010862093143,20.932334221816255,53,0,0,0,53,31,22,0,0,0,0,0,0.0,0.0,0,31,22,28.98010862093143,20.932334221816255,53,0,0,0.0,0.0,0
1006163,Bjørn Bratteberg,1006340,Kjartan Maraas,26,27,14.449261261625258,13.13685756849625,53,0,0,0,53,26,27,0,0,0,4,5,1.5853638842787507,1.9817048553484384,9,19,16,12.206963839271046,9.841285636996886,35,3,6,0.6569335380754662,1.3138670761509326,9
1006186,Christian Wikeby,51736666,Yakup Aliz,23,29,20.345690797451706,24.766075401991205,52,0,0,0,52,23,29,0,0,0,5,4,4.955914147437223,3.9647313179497785,9,18,25,15.389776650014486,20.801344084041432,43,0,0,0.0,0.0,0
1006163,Bjørn Bratteberg,1006186,Christian Wikeby,29,23,13.200665929043879,9.849087224326523,52,0,0,0,52,29,23,0,0,0,5,0,4.955914147437223,0.0,5,24,23,8.244751781606643,9.849087224326523,47,0,0,0.0,0.0,0
1006292,Jan Thomassen,1123060,"Paweł ""Mumrikken"" Zalewski",30,22,25.884655021750255,18.78478637946302,52,0,0,0,52,30,22,0,0,0,0,0,0.0,0.0,0,30,22,25.884655021750255,18.78478637946302,52,0,0,0.0,0.0,0
1123060,"Paweł ""Mumrikken"" Zalewski",17978686,Ibra Alkhader,22,29,19.468528717762926,26.076568568847716,51,0,0,0,51,22,29,0,0,0,0,0,0.0,0.0,0,22,29,19.468528717762926,26.076568568847716,51,0,0,0.0,0.0,0
1006292,Jan Thomassen,51736666,Yakup Aliz,26,24,22.63874260576775,21.052467578909837,50,0,0,0,50,26,24,0,0,0,3,4,2.7948043788891397,3.7264058385188528,7,23,20,19.84393822687861,17.326061740390987,43,0,0,0.0,0.0,0
1006186,Christian Wikeby,1006328,Lioness Princess,33,17,5.756426242950731,3.524130076270199,50,0,0,0,50,33,17,0,0,0,0,0,0.0,0.0,0,27,15,4.749113028979436,3.1883590049464345,42,6,2,1.0073132139712935,0.3357710713237645,8
44184394,Per Arne Grotthing,53649337,Erlend Helgesen,26,23,22.44927258150548,19.94200069186141,49,0,0,0,49,26,23,0,0,0,1,3,0.8602554756183871,2.5807664268551616,4,25,20,21.58901710588709,17.361234265006242,45,0,0,0.0,0.0,0
43127857,Manabu Sekiguchi,53649337,Erlend Helgesen,26,23,21.604516216643606,19.26446867193924,49,0,0,0,49,26,23,0,0,0,9,7,7.285067663598437,5.821461161435889,16,17,16,14.319448553045158,13.443007510503342,33,0,0,0.0,0.0,0
1006186,Christian Wikeby,1006281,Jan Atle Kofoed,23,26,9.177045772737618,11.35731744803866,49,0,0,0,49,23,26,0,0,0,9,7,3.0930363431178765,2.417207015136139,16,14,19,6.0840094296197424,8.940110432902525,33,0,0,0.0,0.0,0
33336508,Paweł Chołodowski,43127857,Manabu Sekiguchi,23,25,20.461009213997126,22.632440389179507,48,0,0,0,48,23,25,0,0,0,8,6,6.8618120805460325,5.441858858655361,14,15,19,13.5991971334511,17.190581530524142,34,0,0,0.0,0.0,0
17978686,Ibra Alkhader,48159925,Ole-Jakob Rosenvold,39,8,34.59312631882057,7.074610969039783,47,0,0,0,47,39,8,0,0,0,7,1,5.812174677002322,0.830310668143189,8,32,7,28.780951641818245,6.244300300896595,39,0,0,0.0,0.0,0
1006292,Jan Thomassen,1006360,Lars Harby,17,28,4.57180204618343,7.319322337063889,45,0,0,0,45,17,28,0,0,0,10,10,2.789909985576588,2.446707359874437,20,6,12,1.4656631643538285,2.9752415996713752,18,1,6,0.3162288962530132,1.8973733775180794,7
1006220,Erik Gårdelöf,51736666,Yakup Aliz,26,18,22.195230738362852,14.630540051369083,44,0,0,0,44,26,18,0,0,0,0,0,0.0,0.0,0,26,18,22.195230738362852,14.630540051369083,44,0,0,0.0,0.0,0
1123060,"Paweł ""Mumrikken"" Zalewski",51736666,Yakup Aliz,22,22,18.958922601247004,18.929694257723465,44,0,0,0,44,22,22,0,0,0,3,4,2.5807664268551616,3.4410219024735484,7,19,18,16.37815617439184,15.488672355249914,37,0,0,0.0,0.0,0
1123060,"Paweł ""Mumrikken"" Zalewski",8270907,Christian Söderström,23,20,20.462398140913404,17.904364719492165,43,0,0,0,43,23,20,0,0,0,0,0,0.0,0.0,0,23,20,20.462398140913404,17.904364719492165,43,0,0,0.0,0.0,0
1024799,Stig Nesvik,1510340,Andris Viksnins,20,23,11.259180317291277,11.568526617027969,43,0,0,0,43,20,23,0,0,0,4,2,3.8437218852782,1.9218609426391,6,12,11,5.622216612506724,5.227103786251558,23,4,10,1.7932418195063513,4.419561888137303,14
1006186,Christian Wikeby,17978686,Ibra Alkhader,17,26,8.488568427856451,13.351484169207401,43,0,0,0,43,17,26,0,0,0,2,5,0.7926819421393754,1.9817048553484384,7,10,17,5.705386914255235,9.777379656689492,27,5,4,1.990499571461842,1.5923996571694736,9
1006156,Asle Geir Skogen,1006186,Christian Wikeby,16,27,2.6334907612208975,4.532549401803184,43,0,0,0,43,16,27,0,0,0,3,5,0.5103888866455732,0.8506481444092886,8,5,12,0.8735513879338122,2.1199631490920012,17,8,10,1.2495504866415126,1.5619381083018906,18
1006220,Erik Gårdelöf,7153377,Henning Ingvorsen,20,22,17.25568593451121,17.80275397493605,42,0,0,0,42,20,22,0,0,0,0,0,0.0,0.0,0,20,22,17.25568593451121,17.80275397493605,42,0,0,0.0,0.0,0
1006186,Christian Wikeby,1006220,Erik Gårdelöf,14,28,8.224246456057918,20.822335152306316,42,0,0,0,42,14,28,0,0,0,0,0,0.0,0.0,0,14,28,8.224246456057918,20.822335152306316,42,0,0,0.0,0.0,0
1123060,"Paweł ""Mumrikken"" Zalewski",44478316,Rune Stensvold,28,14,23.77184043228419,11.463780591571343,42,0,0,0,42,28,14,0,0,0,5,3,4.060645226412316,2.436387135847389,8,23,11,19.71119520587187,9.027393455723951,34,0,0,0.0,0.0,0
1006197,Daniel Salole,1006292,Jan Thomassen,21,21,6.800987686358796,9.604251520318215,42,0,0,0,42,21,21,0,0,0,6,9,2.9133063149781515,6.243371182427316,15,11,7,3.0607668282581235,2.32723715898774,18,4,5,0.8269145431225243,1.0336431789031555,9
1006340,Kjartan Maraas,3185355,Ivar Lexi,16,26,6.843227643194688,9.594645784970622,42,0,0,0,42,16,26,0,0,0,3,4,2.1713701395069607,2.895160186009281,7,12,17,4.5280803282409465,5.980599721727428,29,1,5,0.14377717544678195,0.7188858772339097,6
1006292,Jan Thomassen,1006514,Thomas Pedersen,22,20,5.289124795542786,4.962459905528252,42,0,0,0,42,22,20,0,0,0,0,0,0.0,0.0,0,22,20,5.289124795542786,4.962459905528252,42,0,0,0.0,0.0,0
1006292,Jan Thomassen,43127857,Manabu Sekiguchi,27,14,24.119966860497634,12.806723092561908,41,0,0,0,41,27,14,0,0,0,5,1,4.658007298148566,0.9316014596297132,6,22,13,19.46195956234907,11.875121632932196,35,0,0,0.0,0.0,0
19616722,Lobsang Thupten,48159925,Ole-Jakob Rosenvold,11,30,9.234691109899888,25.091259868410557,41,0,0,0,41,11,30,0,0,0,1,4,0.8602554756183871,3.4410219024735484,5,10,26,8.3744356342815,21.650237965937,36,0,0,0.0,0.0,0
1006163,Bjørn Bratteberg,1006292,Jan Thomassen,17,23,10.772475925728163,16.717359256467823,40,0,0,0,40,17,23,0,0,0,0,0,0.0,0.0,0,17,23,10.772475925728163,16.717359256467823,40,0,0,0.0,0.0,0
1006239,Frank Hjeldnes,51736666,Yakup Aliz,14,26,12.730388308397865,23.755411752230142,40,0,0,0,40,14,26,0,0,0,2,5,1.7512609151434682,4.37815228785867,7,12,21,10.979127393254396,19.37725946437147,33,0,0,0.0,0.0,0
1006186,Christian Wikeby,8270907,Christian Söderström,24,16,20.991064878764593,14.279012136987474,40,0,0,0,40,24,16,0,0,0,0,0,0.0,0.0,0,24,16,20.991064878764593,14.279012136987474,40,0,0,0.0,0.0,0
1006403,Niklas Engström-Øvretveit,51736666,Yakup Aliz,16,23,13.66204792895883,20.40088700491686,39,0,0,0,39,16,23,0,0,0,0,0,0.0,0.0,0,16,23,13.66204792895883,20.40088700491686,39,0,0,0.0,0.0,0
17978686,Ibra Alkhader,20361406,Amir Khan,30,9,26.71392935226775,8.023465073095812,39,0,0,0,39,30,9,0,0,0,0,0,0.0,0.0,0,30,9,26.71392935226775,8.023465073095812,39,0,0,0.0,0.0,0
1006163,Bjørn Bratteberg,43127857,Manabu Sekiguchi,21,17,18.798771037303002,15.943691003202652,38,0,0,0,38,21,17,0,0,0,0,0,0.0,0.0,0,21,17,18.798771037303002,15.943691003202652,38,0,0,0.0,0.0,0
17978686,Ibra Alkhader,53649337,Erlend Helgesen,31,7,26.673127915748402,6.131171721816523,38,0,0,0,38,31,7,0,0,0,7,1,5.684903316977241,0.8121290452824631,8,24,6,20.98822459877115,5.31904267653406,30,0,0,0.0,0.0,0
1006340,Kjartan Maraas,20361406,Amir Khan,15,23,11.828447077966398,18.726432958823345,38,0,0,0,38,15,23,0,0,0,3,4,2.7948043788891397,3.7264058385188528,7,12,19,9.033642699077259,15.000027120304487,31,0,0,0.0,0.0,0
51736666,Yakup Aliz,52645105,Tommy Bratseth,27,11,22.5437799798548,8.781590456880657,38,0,0,0,38,27,11,0,0,0,0,0,0.0,0.0,0,27,11,22.5437799798548,8.781590456880657,38,0,0,0.0,0.0,0
43127857,Manabu Sekiguchi,51736666,Yakup Aliz,19,19,15.950640112234057,15.82052416577251,38,0,0,0,38,19,19,0,0,0,0,0,0.0,0.0,0,19,19,15.950640112234057,15.82052416577251,38,0,0,0.0,0.0,0
1006220,Erik Gårdelöf,1006403,Niklas Engström-Øvretveit,27,11,21.274770679808977,8.717575163500348,38,0,0,0,38,27,11,0,0,0,0,0,0.0,0.0,0,27,11,21.274770679808977,8.717575163500348,38,0,0,0.0,0.0,0
1006340,Kjartan Maraas,1006360,Lars Harby,20,18,4.7247591457530795,4.078602406330557,38,0,0,0,38,20,18,0,0,0,0,0,0.0,0.0,0,20,18,4.7247591457530795,4.078602406330557,38,0,0,0.0,0.0,0
25743094,Mohamed Salkiny,51736666,Yakup Aliz,20,17,18.41047942788922,15.167488349592015,37,0,0,0,37,20,17,0,0,0,6,1,5.9470969769246675,0.9911828294874446,7,14,16,12.46338245096455,14.176305520104568,30,0,0,0.0,0.0,0
20361406,Amir Khan,7153377,Henning Ingvorsen,14,23,11.550758737481893,19.923440728625945,37,0,0,0,37,14,23,0,0,0,3,7,2.88279141395865,6.5798682407876665,10,11,16,8.667967323523243,13.343572487838282,27,0,0,0.0,0.0,0
48159925,Ole-Jakob Rosenvold,51736666,Yakup Aliz,9,28,7.775264433101404,24.088591912958634,37,0,0,0,37,9,28,0,0,0,1,10,0.8756304575717341,8.679429665950606,11,8,18,6.89963397552967,15.409162247008025,26,0,0,0.0,0.0,0
1006197,Daniel Salole,1006453,Robin Nathan,21,16,6.618973229239974,7.032868197452802,37,0,0,0,37,21,16,0,0,0,10,5,1.639590670684319,0.8136247735287337,15,5,7,3.9540750703004077,5.5357050984205705,12,6,4,1.0253074882552469,0.6835383255034979,10
43127857,Manabu Sekiguchi,7153377,Henning Ingvorsen,20,16,18.282173439888037,15.24444719701454,36,0,0,0,36,20,16,0,0,0,6,2,5.070913893602128,1.6903046312007095,8,14,14,13.211259546285905,13.55414256581383,28,0,0,0.0,0.0,0
1006163,Bjørn Bratteberg,7153377,Henning Ingvorsen,20,16,16.954957046695878,13.611394081492628,36,0,0,0,36,20,16,0,0,0,5,2,4.060645226412316,1.6242580905649262,7,15,14,12.894311820283562,11.987135990927703,29,0,0,0.0,0.0,0
1006163,Bjørn Bratteberg,1298131,Jack Nordby,22,14,15.06592465301927,9.031633939459594,36,0,0,0,36,22,14,0,0,0,0,0,0.0,0.0,0,17,10,13.179329733302819,7.522358003686432,27,5,4,1.8865949197164515,1.5092759357731613,9
1006197,Daniel Salole,1006328,Lioness Princess,22,14,3.9294762554646074,2.5764458106425447,36,0,0,0,36,22,14,0,0,0,0,0,0.0,0.0,0,22,14,3.9294762554646074,2.5764458106425447,36,0,0,0.0,0.0,0
1006239,Frank Hjeldnes,1123060,"Paweł ""Mumrikken"" Zalewski",10,25,9.847797386944166,24.511619538147418,35,0,0,0,35,10,25,0,0,0,4,7,3.9647313179497785,6.938279806412112,11,6,18,5.883066068994387,17.57333973173531,24,0,0,0.0,0.0,0
1006186,Christian Wikeby,1095179,Ernesto Antonio Meléndez,23,12,9.249022311747897,4.2924259525215245,35,0,0,0,35,23,12,0,0,0,5,2,0.8658464738312139,0.3463385895324856,7,13,8,7.51347837155042,3.598208376442534,21,5,2,0.8696974663662604,0.3478789865465042,7
1006186,Christian Wikeby,1006453,Robin Nathan,14,21,3.095255126700671,4.6323388209453285,35,0,0,0,35,14,21,0,0,0,0,5,0.0,0.7889425262750305,5,14,16,3.095255126700671,3.8433962946702986,30,0,0,0.0,0.0,0
1006197,Daniel Salole,1006360,Lars Harby,14,21,3.414588959342635,4.925485118665002,35,0,0,0,35,14,21,0,0,0,0,0,0.0,0.0,0,14,21,3.414588959342635,4.925485118665002,35,0,0,0.0,0.0,0
1006186,Christian Wikeby,80088046,Kim Rui,26,8,24.923761310803112,7.706223004958331,34,0,0,0,34,26,8,0,0,0,0,0,0.0,0.0,0,26,8,24.923761310803112,7.706223004958331,34,0,0,0.0,0.0,0
1006403,Niklas Engström-Øvretveit,7153377,Henning Ingvorsen,18,16,15.360070291648064,13.595948498793664,34,0,0,0,34,18,16,0,0,0,0,0,0.0,0.0,0,18,16,15.360070291648064,13.595948498793664,34,0,0,0.0,0.0,0
19616722,Lobsang Thupten,7153377,Henning Ingvorsen,11,23,9.58062820760915,19.56436814103431,34,0,0,0,34,11,23,0,0,0,0,0,0.0,0.0,0,11,23,9.58062820760915,19.56436814103431,34,0,0,0.0,0.0,0
17978686,Ibra Alkhader,8270907,Christian Söderström,24,10,20.252130263722368,8.451372317789733,34,0,0,0,34,24,10,0,0,0,0,0,0.0,0.0,0,24,10,20.252130263722368,8.451372317789733,34,0,0,0.0,0.0,0
1006197,Daniel Salole,1123060,"Paweł ""Mumrikken"" Zalewski",12,22,9.419221543797477,17.37798589449244,34,0,0,0,34,12,22,0,0,0,3,6,2.1713701395069607,4.342740279013921,9,9,16,7.247851404290517,13.035245615478521,25,0,0,0.0,0.0,0
1022496,Jozef Kwit,7153377,Henning Ingvorsen,19,15,14.753138623110647,11.837940940608199,34,0,0,0,34,19,15,0,0,0,0,0,0.0,0.0,0,19,15,14.753138623110647,11.837940940608199,34,0,0,0.0,0.0,0
1006163,Bjørn Bratteberg,1006220,Erik Gårdelöf,12,21,10.457368257216341,19.195108229580168,33,0,0,0,33,12,21,0,0,0,0,0,0.0,0.0,0,12,21,10.457368257216341,19.195108229580168,33,0,0,0.0,0.0,0
1006360,Lars Harby,1014993,Tron Vidar Engebakk,14,19,6.058587732780336,9.221327922504386,33,0,0,0,33,14,19,0,0,0,5,0,1.609456633852139,0.0,5,9,19,4.4491310989281985,9.221327922504386,28,0,0,0.0,0.0,0
1006328,Lioness Princess,1006340,Kjartan Maraas,16,17,4.269335807415479,4.434642373216828,33,0,0,0,33,16,17,0,0,0,5,3,1.7352830557191004,1.0411698334314603,8,11,14,2.534052751696379,3.393472539785368,25,0,0,0.0,0.0,0
7153377,Henning Ingvorsen,80088046,Kim Rui,20,12,19.006872453892758,11.37209186114632,32,0,0,0,32,20,12,0,0,0,0,0,0.0,0.0,0,20,12,19.006872453892758,11.37209186114632,32,0,0,0.0,0.0,0
1006186,Christian Wikeby,48159925,Ole-Jakob Rosenvold,19,13,16.615419853838365,11.152830274084993,32,0,0,0,32,19,13,0,0,0,0,0,0.0,0.0,0,19,13,16.615419853838365,11.152830274084993,32,0,0,0.0,0.0,0
1006360,Lars Harby,1006514,Thomas Pedersen,17,15,4.265742495317808,3.204898329734785,32,0,0,0,32,17,15,0,0,0,8,9,2.0006548387003087,2.2507366935378474,17,6,1,1.8806563054437053,0.31344271757395087,7,3,5,0.384431351173792,0.6407189186229867,8
20361406,Amir Khan,43127857,Manabu Sekiguchi,14,17,12.187878307733042,14.2008973739131,31,0,0,0,31,14,17,0,0,0,4,2,3.8437218852782,1.9218609426391,6,10,15,8.344156422454846,12.279036431274,25,0,0,0.0,0.0,0
1441973,Geir Holmqvist,51736666,Yakup Aliz,19,12,15.67938146970877,9.261490613654699,31,0,0,0,31,19,12,0,0,0,0,0,0.0,0.0,0,19,12,15.67938146970877,9.261490613654699,31,0,0,0.0,0.0,0
1006216,Emil Bjørkmann,17978686,Ibra Alkhader,8,23,6.516426967161328,18.736693974243597,31,0,0,0,31,8,23,0,0,0,0,0,0.0,0.0,0,8,23,6.516426967161328,18.736693974243597,31,0,0,0.0,0.0,0
1006281,Jan Atle Kofoed,1006333,Kent Hansen,17,14,12.85435617112988,9.69961929164441,31,0,0,0,31,17,14,0,0,0,4,4,3.1354062420271798,3.1354062420271798,8,12,5,9.136335915730509,3.651142982756283,17,1,5,0.5826140133721894,2.9130700668609473,6
1123060,"Paweł ""Mumrikken"" Zalewski",53649337,Erlend Helgesen,15,15,13.959887064477444,12.832067615400621,30,0,0,0,30,15,15,0,0,0,6,8,5.161532853710322,6.33618208848283,14,9,7,8.798354210767117,6.495885526917793,16,0,0,0.0,0.0,0
1006163,Bjørn Bratteberg,2660053,Morten Bjellås,23,7,19.846523857729323,6.261472841482432,30,0,0,0,30,23,7,0,0,0,5,0,4.060645226412316,0.0,5,18,7,15.785878631317003,6.261472841482432,25,0,0,0.0,0.0,0
1123060,"Paweł ""Mumrikken"" Zalewski",19616722,Lobsang Thupten,24,6,19.958810682539244,4.495266444842407,30,0,0,0,30,24,6,0,0,0,12,1,10.577797501683184,0.8602554756183871,13,12,5,9.381013180856055,3.6350109692240204,17,0,0,0.0,0.0,0
43127857,Manabu Sekiguchi,8270907,Christian Söderström,16,14,13.494537026631658,11.67013557449436,30,0,0,0,30,16,14,0,0,0,6,2,4.949403132433003,1.660621336286378,8,10,12,8.545133894198653,10.00951423820798,22,0,0,0.0,0.0,0
1006340,Kjartan Maraas,48159925,Ole-Jakob Rosenvold,13,16,10.461564791461639,13.434438407843082,29,0,0,0,29,13,16,0,0,0,7,7,5.436829051589928,5.214649815945717,14,6,9,5.024735739871712,8.21978859189737,15,0,0,0.0,0.0,0
1006186,Christian Wikeby,1006239,Frank Hjeldnes,13,16,12.431851506505607,15.163241471275072,29,0,0,0,29,13,16,0,0,0,0,0,0.0,0.0,0,13,16,12.431851506505607,15.163241471275072,29,0,0,0.0,0.0,0
20361406,Amir Khan,44184394,Per Arne Grotthing,11,18,9.87262154030026,15.890510883999573,29,0,0,0,29,11,18,0,0,0,2,5,1.9218609426391,4.80465235659775,7,9,13,7.950760597661158,11.08585852740182,22,0,0,0.0,0.0,0
44184394,Per Arne Grotthing,44478316,Rune Stensvold,18,11,14.701397282260265,8.767226616559766,29,0,0,0,29,18,11,0,0,0,9,3,7.877251844927228,2.652714337084978,12,9,8,6.824145437333038,6.114512279474789,17,0,0,0.0,0.0,0
20361406,Amir Khan,48159925,Ole-Jakob Rosenvold,16,13,13.980867526671206,11.27771186726813,29,0,0,0,29,16,13,0,0,0,0,0,0.0,0.0,0,16,13,13.980867526671206,11.27771186726813,29,0,0,0.0,0.0,0
1006186,Christian Wikeby,20361406,Amir Khan,17,12,13.913453040500556,9.98038998535547,29,0,0,0,29,17,12,0,0,0,0,0,0.0,0.0,0,17,12,13.913453040500556,9.98038998535547,29,0,0,0.0,0.0,0
1006220,Erik Gårdelöf,1006340,Kjartan Maraas,23,6,18.310653890979168,4.78524113978059,29,0,0,0,29,23,6,0,0,0,7,2,5.812174677002322,1.660621336286378,9,16,4,12.49847921397685,3.1246198034942116,20,0,0,0.0,0.0,0
1006340,Kjartan Maraas,1006453,Robin Nathan,10,19,7.555867899898081,12.266659499973315,29,0,0,0,29,10,19,0,0,0,0,0,0.0,0.0,0,9,14,7.406907096633994,11.52185548365288,23,1,5,0.14896080326408703,0.7448040163204351,6
1006183,Christel Hanah Johnsen,1006186,Christian Wikeby,11,18,2.2726831144977515,4.32506372268128,29,0,0,0,29,11,18,0,0,0,2,5,0.3750652617307697,0.9376631543269243,7,5,8,1.085228253969361,2.37191356985733,13,4,5,0.8123895987976213,1.0154869984970265,9
48159925,Ole-Jakob Rosenvold,8270907,Christian Söderström,13,15,11.06258866879805,13.5502889126544,28,0,0,0,28,13,15,0,0,0,3,0,2.5807664268551616,0.0,3,10,15,8.481822241942892,13.5502889126544,25,0,0,0.0,0.0,0
1006220,Erik Gårdelöf,48159925,Ole-Jakob Rosenvold,21,7,18.73547075994616,5.959901036640899,28,0,0,0,28,21,7,0,0,0,5,3,4.151553340715945,2.490932004429567,8,16,4,14.583917419230218,3.4689690322113305,20,0,0,0.0,0.0,0
1006163,Bjørn Bratteberg,1006453,Robin Nathan,13,15,11.67281000731382,12.574070239015784,28,0,0,0,28,13,15,0,0,0,3,6,2.436387135847389,4.872774271694778,9,10,9,9.236422871466432,7.701295967321007,19,0,0,0.0,0.0,0
1006340,Kjartan Maraas,19616722,Lobsang Thupten,21,7,17.940093165860368,5.407982853716104,28,0,0,0,28,21,7,0,0,0,17,7,14.279086214523872,5.407982853716104,24,4,0,3.661006951336493,0.0,4,0,0,0.0,0.0,0
3185355,Ivar Lexi,33336508,Paweł Chołodowski,11,17,8.89987293958077,14.50789224848382,28,0,0,0,28,11,17,0,0,0,6,5,4.342740279013921,3.6189502325116014,11,5,12,4.55713266056685,10.888942015972223,17,0,0,0.0,0.0,0
17978686,Ibra Alkhader,7153377,Henning Ingvorsen,21,7,16.305035452429625,4.270988371231473,28,0,0,0,28,21,7,0,0,0,5,4,1.9817048553484384,1.5853638842787507,9,16,3,14.323330597081188,2.685624486952722,19,0,0,0.0,0.0,0
1006216,Emil Bjørkmann,48159925,Ole-Jakob Rosenvold,21,7,17.21270030350222,5.712238987592654,28,0,0,0,28,21,7,0,0,0,0,0,0.0,0.0,0,21,7,17.21270030350222,5.712238987592654,28,0,0,0.0,0.0,0
1006220,Erik Gårdelöf,1022496,Jozef Kwit,15,13,12.287339195354017,10.57230928623626,28,0,0,0,28,15,13,0,0,0,0,0,0.0,0.0,0,15,13,12.287339195354017,10.57230928623626,28,0,0,0.0,0.0,0
1123060,"Paweł ""Mumrikken"" Zalewski",36225232,Adrian Winther,13,15,9.418978008451797,10.853752089223011,28,0,0,0,28,13,15,0,0,0,0,0,0.0,0.0,0,13,15,9.418978008451797,10.853752089223011,28,0,0,0.0,0.0,0
1024799,Stig Nesvik,1597907,Haukur Stefansson,15,13,3.7807458563419307,3.023320537429906,28,0,0,0,28,15,13,0,0,0,2,4,0.29660724022906676,0.5932144804581335,6,13,9,3.484138616112864,2.4301060569717725,22,0,0,0.0,0.0,0
1006186,Christian Wikeby,3185355,Ivar Lexi,13,15,1.9006580367098502,2.3346047849410807,28,0,0,0,28,13,15,0,0,0,0,0,0.0,0.0,0,8,12,1.2484849550979227,1.9433009359739237,20,5,3,0.6521730816119278,0.3913038489671567,8
1006163,Bjørn Bratteberg,25875517,Christian Hedin,13,14,11.111600175858797,11.841828772410054,27,0,0,0,27,13,14,0,0,0,0,0,0.0,0.0,0,13,14,11.111600175858797,11.841828772410054,27,0,0,0.0,0.0,0
4849639,Petter Rognlien,7153377,Henning Ingvorsen,5,22,4.192372933040166,19.60088376294195,27,0,0,0,27,5,22,0,0,0,0,5,0.0,4.658007298148566,5,5,17,4.192372933040166,14.942876464793386,22,0,0,0.0,0.0,0
51736666,Yakup Aliz,7711820,Marie Hoff Petersen,22,5,18.053269913043156,3.6189502325116014,27,0,0,0,27,22,5,0,0,0,7,5,5.066530325516242,3.6189502325116014,12,15,0,12.986739587526918,0.0,15,0,0,0.0,0.0,0
1006220,Erik Gårdelöf,44184394,Per Arne Grotthing,22,5,17.909783911600954,4.12591100656528,27,0,0,0,27,22,5,0,0,0,0,0,0.0,0.0,0,22,5,17.909783911600954,4.12591100656528,27,0,0,0.0,0.0,0
1006186,Christian Wikeby,1024799,Stig Nesvik,17,10,7.470531900002091,4.254745778662138,27,0,0,0,27,17,10,0,0,0,0,0,0.0,0.0,0,17,10,7.470531900002091,4.254745778662138,27,0,0,0.0,0.0,0
24761314,Dovydas Andriuška,3682319,Lasse Rognlien,13,14,9.399747701533402,10.13957009999047,27,0,0,0,27,13,14,0,0,0,0,0,0.0,0.0,0,13,14,9.399747701533402,10.13957009999047,27,0,0,0.0,0.0,0
1006220,Erik Gårdelöf,1123060,"Paweł ""Mumrikken"" Zalewski",16,11,10.052197960371759,6.877505214700386,27,0,0,0,27,16,11,0,0,0,0,0,0.0,0.0,0,8,4,5.11511466833307,2.557557334166535,12,8,7,4.937083292038687,4.319947880533851,15
1006292,Jan Thomassen,44184394,Per Arne Grotthing,15,11,13.348402897149619,9.655544592897318,26,0,0,0,26,15,11,0,0,0,0,0,0.0,0.0,0,15,11,13.348402897149619,9.655544592897318,26,0,0,0.0,0.0,0
1022496,Jozef Kwit,17978686,Ibra Alkhader,10,16,8.70947810876683,13.935164974026925,26,0,0,0,26,10,16,0,0,0,0,0,0.0,0.0,0,10,16,8.70947810876683,13.935164974026925,26,0,0,0.0,0.0,0
51736666,Yakup Aliz,8498578,Riaz Ali,12,14,10.331338038355742,12.021642669556453,26,0,0,0,26,12,14,0,0,0,2,4,1.6903046312007095,3.380609262401419,6,10,10,8.641033407155032,8.641033407155032,20,0,0,0.0,0.0,0
19616722,Lobsang Thupten,8270907,Christian Söderström,13,13,10.733173465650049,10.759734737740574,26,0,0,0,26,13,13,0,0,0,0,0,0.0,0.0,0,13,13,10.733173465650049,10.759734737740574,26,0,0,0.0,0.0,0
1006197,Daniel Salole,1024799,Stig Nesvik,15,11,5.549273101624589,4.990638902948325,26,0,0,0,26,15,11,0,0,0,4,2,0.5932144804581335,0.29660724022906676,6,11,9,4.956058621166456,4.694031662719258,20,0,0,0.0,0.0,0
1024799,Stig Nesvik,1095179,Ernesto Antonio Meléndez,13,13,6.680882752705834,6.873443097829095,26,0,0,0,26,13,13,0,0,0,0,0,0.0,0.0,0,0,0,0.0,0.0,0,13,13,6.680882752705834,6.873443097829095,26
1123060,"Paweł ""Mumrikken"" Zalewski",1277043,Alexander Hagen,13,12,11.647126390710795,10.857765583046888,25,0,0,0,25,13,12,0,0,0,2,2,1.9823656589748893,1.9823656589748893,4,11,10,9.664760731735905,8.875399924071997,21,0,0,0.0,0.0,0
1510340,Andris Viksnins,3185355,Ivar Lexi,6,19,5.273506092502807,15.184997763149799,25,0,0,0,25,6,19,0,0,0,2,4,1.9218609426391,3.8437218852782,6,4,15,3.3516451498637077,11.341275877871599,19,0,0,0.0,0.0,0
43127857,Manabu Sekiguchi,48159925,Ole-Jakob Rosenvold,17,8,15.171730640742904,7.160440519727582,25,0,0,0,25,17,8,0,0,0,5,1,4.37815228785867,0.8756304575717341,6,12,7,10.793578352884234,6.284810062155848,19,0,0,0.0,0.0,0
1006292,Jan Thomassen,17978686,Ibra Alkhader,7,18,3.8862186891813204,11.526672102719983,25,0,0,0,25,7,18,0,0,0,0,0,0.0,0.0,0,7,18,3.8862186891813204,11.526672102719983,25,0,0,0.0,0.0,0
44184394,Per Arne Grotthing,8498578,Riaz Ali,16,9,14.379950934707969,7.927498687385613,25,0,0,0,25,16,9,0,0,0,0,0,0.0,0.0,0,16,9,14.379950934707969,7.927498687385613,25,0,0,0.0,0.0,0
1006292,Jan Thomassen,1022496,Jozef Kwit,13,12,11.304022956089899,10.575726078245046,25,0,0,0,25,13,12,0,0,0,0,0,0.0,0.0,0,13,12,11.304022956089899,10.575726078245046,25,0,0,0.0,0.0,0
1006453,Robin Nathan,48159925,Ole-Jakob Rosenvold,21,4,16.806110064180942,3.1987070825783754,25,0,0,0,25,21,4,0,0,0,0,0,0.0,0.0,0,21,4,16.806110064180942,3.1987070825783754,25,0,0,0.0,0.0,0
1006281,Jan Atle Kofoed,1510340,Andris Viksnins,12,13,7.472824780410517,8.36812572644895,25,0,0,0,25,12,13,0,0,0,0,0,0.0,0.0,0,12,13,7.472824780410517,8.36812572644895,25,0,0,0.0,0.0,0
1095179,Ernesto Antonio Meléndez,3185355,Ivar Lexi,13,12,7.678443961893018,7.108887672027649,25,0,0,0,25,13,12,0,0,0,0,0,0.0,0.0,0,8,9,4.765373895032073,5.3610456319110815,17,5,3,2.9130700668609473,1.7478420401165682,8
1006292,Jan Thomassen,1006340,Kjartan Maraas,17,8,5.189055325016643,2.2040149426357534,25,0,0,0,25,17,8,0,0,0,5,1,1.9817048553484384,0.3963409710696877,6,12,7,3.2073504696682034,1.8076739715660661,19,0,0,0.0,0.0,0
1006186,Christian Wikeby,1006549,Umar Hayat Ali,7,18,1.3234053578148557,3.1485469901511807,25,0,0,0,25,7,18,0,0,0,0,0,0.0,0.0,0,7,18,1.3234053578148557,3.1485469901511807,25,0,0,0.0,0.0,0
1123060,"Paweł ""Mumrikken"" Zalewski",2660053,Morten Bjellås,17,7,15.520948692773215,5.949504879970028,24,0,0,0,24,17,7,0,0,0,0,0,0.0,0.0,0,17,7,15.520948692773215,5.949504879970028,24,0,0,0.0,0.0,0
44184394,Per Arne Grotthing,8270907,Christian Söderström,16,8,14.209255250491415,7.1875271918762715,24,0,0,0,24,16,8,0,0,0,0,0,0.0,0.0,0,16,8,14.209255250491415,7.1875271918762715,24,0,0,0.0,0.0,0
1006292,Jan Thomassen,20361406,Amir Khan,14,10,11.284197701457021,8.485865203673663,24,0,0,0,24,14,10,0,0,0,0,0,0.0,0.0,0,14,10,11.284197701457021,8.485865203673663,24,0,0,0.0,0.0,0
53649337,Erlend Helgesen,7153377,Henning Ingvorsen,8,16,6.824457176012533,13.781890181204533,24,0,0,0,24,8,16,0,0,0,0,6,0.0,5.070913893602128,6,8,10,6.824457176012533,8.710976287602405,18,0,0,0.0,0.0,0
1123060,"Paweł ""Mumrikken"" Zalewski",33336508,Paweł Chołodowski,11,13,8.912074990519748,10.213570901838205,24,0,0,0,24,11,13,0,0,0,0,0,0.0,0.0,0,11,13,8.912074990519748,10.213570901838205,24,0,0,0.0,0.0,0
1042070,Henrik Olsson,53649337,Erlend Helgesen,21,3,18.145867781340765,2.6037672249564845,24,0,0,0,24,21,3,0,0,0,14,1,12.043576658657422,0.8602554756183871,15,7,2,6.102291122683341,1.7435117493380974,9,0,0,0.0,0.0,0
1006197,Daniel Salole,44184394,Per Arne Grotthing,15,9,12.797823710992839,7.443239697651401,24,0,0,0,24,15,9,0,0,0,0,0,0.0,0.0,0,15,9,12.797823710992839,7.443239697651401,24,0,0,0.0,0.0,0
1006220,Erik Gårdelöf,1006453,Robin Nathan,15,9,12.115524663134014,7.3209119099130024,24,0,0,0,24,15,9,0,0,0,0,0,0.0,0.0,0,15,9,12.115524663134014,7.3209119099130024,24,0,0,0.0,0.0,0
1006197,Daniel Salole,17978686,Ibra Alkhader,8,16,6.265776981656982,12.522955064671194,24,0,0,0,24,8,16,0,0,0,0,7,0.0,5.684903316977241,7,8,9,6.265776981656982,6.838051747693947,17,0,0,0.0,0.0,0
1123060,"Paweł ""Mumrikken"" Zalewski",3682319,Lasse Rognlien,16,8,11.762280977691375,5.881140488845688,24,0,0,0,24,16,8,0,0,0,0,0,0.0,0.0,0,16,8,11.762280977691375,5.881140488845688,24,0,0,0.0,0.0,0
1014993,Tron Vidar Engebakk,1441973,Geir Holmqvist,14,10,7.044693757072455,5.031924112194611,24,0,0,0,24,14,10,0,0,0,7,5,4.783233684536536,3.416595488954669,12,7,5,2.2614600725359186,1.6153286232399418,12,0,0,0.0,0.0,0
20124274,Paolo Speciale,25743094,Mohamed Salkiny,13,11,5.873799793242265,5.024991742622418,24,0,0,0,24,13,11,0,0,0,10,6,4.466882418232523,2.680129450939514,16,3,5,1.4069173750097423,2.3448622916829036,8,0,0,0.0,0.0,0
1006197,Daniel Salole,3212629,Rolf G. Sedsbøe Jensen,14,10,3.9725270981873915,2.7588917777217876,24,0,0,0,24,14,10,0,0,0,0,0,0.0,0.0,0,14,10,3.9725270981873915,2.7588917777217876,24,0,0,0.0,0.0,0
1006360,Lars Harby,1006373,Mark McGauley,12,12,3.876788695775861,3.876788695775861,24,0,0,0,24,12,12,0,0,0,0,0,0.0,0.0,0,12,12,3.876788695775861,3.876788695775861,24,0,0,0.0,0.0,0
1006163,Bjørn Bratteberg,53649337,Erlend Helgesen,15,8,13.81959709054087,6.903078523100771,23,0,0,0,23,15,8,0,0,0,0,0,0.0,0.0,0,15,8,13.81959709054087,6.903078523100771,23,0,0,0.0,0.0,0
48159925,Ole-Jakob Rosenvold,7153377,Henning Ingvorsen,9,14,7.426263071562252,12.02949700140311,23,0,0,0,23,9,14,0,0,0,2,6,1.9218609426391,5.7655828279173,8,7,8,5.504402128923151,6.263914173485813,15,0,0,0.0,0.0,0
1123060,"Paweł ""Mumrikken"" Zalewski",6600268,Kim Soo Garmark,7,16,5.622174135389322,12.551793060147197,23,0,0,0,23,7,16,0,0,0,0,0,0.0,0.0,0,4,8,3.661006951336493,7.322013902672986,12,3,8,1.9611671840528282,5.2297791574742085,11
1006186,Christian Wikeby,25875517,Christian Hedin,13,10,11.134000632581131,8.718674004428568,23,0,0,0,23,13,10,0,0,0,0,0,0.0,0.0,0,13,10,11.134000632581131,8.718674004428568,23,0,0,0.0,0.0,0
1006186,Christian Wikeby,33336508,Paweł Chołodowski,11,12,8.703132166188665,10.554565332529855,23,0,0,0,23,11,12,0,0,0,0,0,0.0,0.0,0,11,12,8.703132166188665,10.554565332529855,23,0,0,0.0,0.0,0
1006340,Kjartan Maraas,8270907,Christian Söderström,15,8,12.506389558617514,6.641935867546004,23,0,0,0,23,15,8,0,0,0,4,4,3.321242672572756,3.321242672572756,8,11,4,9.185146886044759,3.3206931949732486,15,0,0,0.0,0.0,0
1006403,Niklas Engström-Øvretveit,1510340,Andris Viksnins,10,13,8.33822973550807,10.788300834501031,23,0,0,0,23,10,13,0,0,0,1,4,0.8602554756183871,3.4410219024735484,5,9,9,7.477974259889683,7.347278932027481,18,0,0,0.0,0.0,0
1006197,Daniel Salole,3185355,Ivar Lexi,14,9,6.633741312390935,5.545759299466033,23,0,0,0,23,14,9,0,0,0,5,3,4.060645226412316,2.436387135847389,8,9,6,2.573096085978623,3.109372163618645,15,0,0,0.0,0.0,0
1006186,Christian Wikeby,6181993,Kim Bjørnstad,11,12,6.367700027296536,7.400054714760981,23,0,0,0,23,11,12,0,0,0,0,0,0.0,0.0,0,11,12,6.367700027296536,7.400054714760981,23,0,0,0.0,0.0,0
1006328,Lioness Princess,1006360,Lars Harby,8,15,2.2499465682181876,4.407109609994188,23,0,0,0,23,8,15,0,0,0,0,0,0.0,0.0,0,8,15,2.2499465682181876,4.407109609994188,23,0,0,0.0,0.0,0
1123060,"Paweł ""Mumrikken"" Zalewski",5140422,Tomas Gryczon,16,6,13.529272542966453,4.842775328844127,22,0,0,0,22,16,6,0,0,0,8,2,7.6874437705564,1.9218609426391,10,8,4,5.841828772410053,2.9209143862050264,12,0,0,0.0,0.0,0
1510340,Andris Viksnins,51736666,Yakup Aliz,6,16,5.372137514060547,14.389082366004677,22,0,0,0,22,6,16,0,0,0,3,10,2.733605503412684,9.112018344708945,13,3,6,2.638532010647864,5.277064021295728,9,0,0,0.0,0.0,0
44184394,Per Arne Grotthing,75512620,Trond Evjen,15,7,13.35782370145493,6.1766266169677175,22,0,0,0,22,15,7,0,0,0,0,0,0.0,0.0,0,15,7,13.35782370145493,6.1766266169677175,22,0,0,0.0,0.0,0
1123060,"Paweł ""Mumrikken"" Zalewski",3185355,Ivar Lexi,16,6,14.041940023022415,5.265727508633406,22,0,0,0,22,16,6,0,0,0,0,0,0.0,0.0,0,16,6,14.041940023022415,5.265727508633406,22,0,0,0.0,0.0,0
1006403,Niklas Engström-Øvretveit,1566592,Kim Bengtsson,12,10,9.349673145204981,7.895668757515373,22,0,0,0,22,12,10,0,0,0,0,0,0.0,0.0,0,12,10,9.349673145204981,7.895668757515373,22,0,0,0.0,0.0,0
25743094,Mohamed Salkiny,44184394,Per Arne Grotthing,16,6,13.467411824246101,5.005567003169514,22,0,0,0,22,16,6,0,0,0,0,0,0.0,0.0,0,16,6,13.467411824246101,5.005567003169514,22,0,0,0.0,0.0,0
43127857,Manabu Sekiguchi,52645105,Tommy Bratseth,19,3,15.266862072432819,2.4079036739896855,22,0,0,0,22,19,3,0,0,0,4,0,3.1913991668682304,0.0,4,15,3,12.075462905564589,2.4079036739896855,18,0,0,0.0,0.0,0
1006281,Jan Atle Kofoed,17978686,Ibra Alkhader,1,21,0.4070240394116087,14.57674516516676,22,0,0,0,22,1,21,0,0,0,1,21,0.4070240394116087,14.57674516516676,22,0,0,0.0,0.0,0,0,0,0.0,0.0,0
1006163,Bjørn Bratteberg,1006197,Daniel Salole,10,12,4.32496849809324,6.777864847002195,22,0,0,0,22,10,12,0,0,0,0,0,0.0,0.0,0,10,12,4.32496849809324,6.777864847002195,22,0,0,0.0,0.0,0
1006186,Christian Wikeby,6686119,Levi Pavdeja,14,8,5.465442615761479,3.209532601408926,22,0,0,0,22,14,8,0,0,0,0,0,0.0,0.0,0,11,4,4.2280356184765875,1.559656605029069,15,3,4,1.2374069972848925,1.6498759963798566,7
1006340,Kjartan Maraas,1597907,Haukur Stefansson,16,6,4.319289169443562,1.647416745237119,22,0,0,0,22,16,6,0,0,0,0,0,0.0,0.0,0,16,6,4.319289169443562,1.647416745237119,22,0,0,0.0,0.0,0
1006514,Thomas Pedersen,1393613,Vegar Hammer Olsen,12,10,2.0100732957333793,1.675061079777816,22,0,0,0,22,12,10,0,0,0,0,0,0.0,0.0,0,12,10,2.0100732957333793,1.675061079777816,22,0,0,0.0,0.0,0
1006340,Kjartan Maraas,1006514,Thomas Pedersen,9,13,1.3122112600595883,1.9420427777997935,22,0,0,0,22,9,13,0,0,0,0,0,0.0,0.0,0,1,2,0.1985551764482073,0.3971103528964146,3,8,11,1.1136560836113811,1.5449324249033791,19
19030543,Martin Olsson,48159925,Ole-Jakob Rosenvold,9,12,8.265651579472886,11.48122240729358,21,0,0,0,21,9,12,0,0,0,0,0,0.0,0.0,0,9,12,8.265651579472886,11.48122240729358,21,0,0,0.0,0.0,0
1006239,Frank Hjeldnes,25875517,Christian Hedin,8,13,7.673746722573218,12.347493445146432,21,0,0,0,21,8,13,0,0,0,0,0,0.0,0.0,0,8,13,7.673746722573218,12.347493445146432,21,0,0,0.0,0.0,0
2660053,Morten Bjellås,51736666,Yakup Aliz,3,18,2.6387461493152906,16.429267455283348,21,0,0,0,21,3,18,0,0,0,0,0,0.0,0.0,0,3,18,2.6387461493152906,16.429267455283348,21,0,0,0.0,0.0,0
1006197,Daniel Salole,43127857,Manabu Sekiguchi,10,11,8.147066576662944,9.454836832452031,21,0,0,0,21,10,11,0,0,0,0,0,0.0,0.0,0,10,11,8.147066576662944,9.454836832452031,21,0,0,0.0,0.0,0
17978686,Ibra Alkhader,44184394,Per Arne Grotthing,13,8,11.40027183562534,6.934620433918335,21,0,0,0,21,13,8,0,0,0,0,0,0.0,0.0,0,13,8,11.40027183562534,6.934620433918335,21,0,0,0.0,0.0,0
1123060,"Paweł ""Mumrikken"" Zalewski",57799534,Iris Marie Evdahl,16,5,14.296060900025376,4.445771099675393,21,0,0,0,21,16,5,0,0,0,0,0,0.0,0.0,0,16,5,14.296060900025376,4.445771099675393,21,0,0,0.0,0.0,0
1006197,Daniel Salole,6600268,Kim Soo Garmark,6,15,2.8082560617548027,9.033080928324463,21,0,0,0,21,6,15,0,0,0,0,0,0.0,0.0,0,6,15,2.8082560617548027,9.033080928324463,21,0,0,0.0,0.0,0
17978686,Ibra Alkhader,25743094,Mohamed Salkiny,16,5,14.137912406463885,4.398547556092741,21,0,0,0,21,16,5,0,0,0,0,0,0.0,0.0,0,16,5,14.137912406463885,4.398547556092741,21,0,0,0.0,0.0,0
52645105,Tommy Bratseth,53649337,Erlend Helgesen,6,15,5.167579859655628,12.72758148644493,21,0,0,0,21,6,15,0,0,0,0,0,0.0,0.0,0,6,15,5.167579859655628,12.72758148644493,21,0,0,0.0,0.0,0
2194859,Eivind Yoo Yong Jae Johansen,7153377,Henning Ingvorsen,5,16,4.006907900883506,12.98225341575573,21,0,0,0,21,5,16,0,0,0,0,0,0.0,0.0,0,5,16,4.006907900883506,12.98225341575573,21,0,0,0.0,0.0,0
20361406,Amir Khan,51736666,Yakup Aliz,12,9,10.162255736095492,7.504921647668603,21,0,0,0,21,12,9,0,0,0,0,0,0.0,0.0,0,12,9,10.162255736095492,7.504921647668603,21,0,0,0.0,0.0,0
1006562,Yousef Austrheim,17978686,Ibra Alkhader,10,11,8.491998792941455,9.228418695361086,21,0,0,0,21,10,11,0,0,0,0,0,0.0,0.0,0,10,11,8.491998792941455,9.228418695361086,21,0,0,0.0,0.0,0
1006216,Emil Bjørkmann,1006292,Jan Thomassen,13,8,10.836694760270058,6.658530284204625,21,0,0,0,21,13,8,0,0,0,0,0,0.0,0.0,0,13,8,10.836694760270058,6.658530284204625,21,0,0,0.0,0.0,0
19616722,Lobsang Thupten,43127857,Manabu Sekiguchi,6,15,4.9255678066655495,12.313919516663871,21,0,0,0,21,6,15,0,0,0,4,10,3.3509259674870875,8.377314918717717,14,2,5,1.5746418391784618,3.9366045979461544,7,0,0,0.0,0.0,0
1006453,Robin Nathan,1298131,Jack Nordby,12,9,9.715002812126846,7.213859116571819,21,0,0,0,21,12,9,0,0,0,0,0,0.0,0.0,0,12,9,9.715002812126846,7.213859116571819,21,0,0,0.0,0.0,0
1006453,Robin Nathan,17978686,Ibra Alkhader,6,15,4.883586847111493,12.210769213681516,21,0,0,0,21,6,15,0,0,0,3,7,2.436387135847389,5.684903316977241,10,3,8,2.4471997112641044,6.525865896704277,11,0,0,0.0,0.0,0
13720633,Håkon Haukebøe,8270907,Christian Söderström,10,11,7.3152617393804285,8.042246392464719,21,0,0,0,21,10,11,0,0,0,0,0,0.0,0.0,0,10,11,7.3152617393804285,8.042246392464719,21,0,0,0.0,0.0,0
1006163,Bjørn Bratteberg,1006281,Jan Atle Kofoed,14,7,7.370153096980362,3.0846980718479835,21,0,0,0,21,14,7,0,0,0,0,0,0.0,0.0,0,14,7,7.370153096980362,3.0846980718479835,21,0,0,0.0,0.0,0
1006340,Kjartan Maraas,1006515,Thorbjørn Vildar Dahl Eriksen,7,14,2.358302541488712,4.750517978732352,21,0,0,0,21,7,14,0,0,0,0,0,0.0,0.0,0,7,14,2.358302541488712,4.750517978732352,21,0,0,0.0,0.0,0
1025949,Kristian Lund Olås,1597907,Haukur Stefansson,11,10,3.2254245734180547,2.9702395622878925,21,0,0,0,21,11,10,0,0,0,0,0,0.0,0.0,0,11,10,3.2254245734180547,2.9702395622878925,21,0,0,0.0,0.0,0
1024799,Stig Nesvik,2043792,Vaios Evangelou,11,10,2.375117767068153,2.439322131470273,21,0,0,0,21,11,10,0,0,0,4,1,0.5932144804581335,0.14830362011453338,5,7,9,1.7819032866100195,2.2910185113557398,16,0,0,0.0,0.0,0
1006197,Daniel Salole,1393613,Vegar Hammer Olsen,12,9,2.0367367376453736,1.41410640044381,21,0,0,0,21,12,9,0,0,0,6,6,1.2506558623037778,1.021065962773012,12,6,3,0.7860808753415952,0.39304043767079766,9,0,0,0.0,0.0,0
1006197,Daniel Salole,1006514,Thomas Pedersen,11,10,1.8243021938754362,1.7699194991350058,21,0,0,0,21,11,10,0,0,0,0,0,0.0,0.0,0,11,10,1.8243021938754362,1.7699194991350058,21,0,0,0.0,0.0,0
1006220,Erik Gårdelöf,19616722,Lobsang Thupten,16,4,14.433007870537473,3.7952892915219487,20,0,0,0,20,16,4,0,0,0,0,0,0.0,0.0,0,16,4,14.433007870537473,3.7952892915219487,20,0,0,0.0,0.0,0
44478316,Rune Stensvold,58672273,Santo Angel Maican Lara,10,10,8.218676671156175,8.218676671156175,20,0,0,0,20,10,10,0,0,0,0,0,0.0,0.0,0,10,10,8.218676671156175,8.218676671156175,20,0,0,0.0,0.0,0
2660053,Morten Bjellås,3185355,Ivar Lexi,6,14,4.17890953789331,10.092348796134958,20,0,0,0,20,6,14,0,0,0,0,0,0.0,0.0,0,6,14,4.17890953789331,10.092348796134958,20,0,0,0.0,0.0,0
1006186,Christian Wikeby,1006403,Niklas Engström-Øvretveit,10,10,8.602466714288633,8.271648404050218,20,0,0,0,20,10,10,0,0,0,0,0,0.0,0.0,0,10,10,8.602466714288633,8.271648404050218,20,0,0,0.0,0.0,0
1006220,Erik Gårdelöf,1298131,Jack Nordby,15,5,12.113027299915348,4.025732810018729,20,0,0,0,20,15,5,0,0,0,0,0,0.0,0.0,0,15,5,12.113027299915348,4.025732810018729,20,0,0,0.0,0.0,0
1014993,Tron Vidar Engebakk,53649337,Erlend Helgesen,7,13,5.306076747199097,9.964565437915745,20,0,0,0,20,7,13,0,0,0,0,0,0.0,0.0,0,7,13,5.306076747199097,9.964565437915745,20,0,0,0.0,0.0,0
1006453,Robin Nathan,1006515,Thorbjørn Vildar Dahl Eriksen,10,10,4.258961587526032,5.475357771884291,20,0,0,0,20,10,10,0,0,0,0,0,0.0,0.0,0,10,10,4.258961587526032,5.475357771884291,20,0,0,0.0,0.0,0
16144084,Truls Bakken,6181993,Kim Bjørnstad,8,12,5.790320372018562,8.685480558027843,20,0,0,0,20,8,12,0,0,0,8,12,5.790320372018562,8.685480558027843,20,0,0,0.0,0.0,0,0,0,0.0,0.0,0
1006298,Jarek (Barracuda) Kapuściński,7959797,Pergantis Zalachas,9,11,4.311681834160761,5.263751143186067,20,0,0,0,20,9,11,0,0,0,0,0,0.0,0.0,0,9,11,4.311681834160761,5.263751143186067,20,0,0,0.0,0.0,0
1006292,Jan Thomassen,1393613,Vegar Hammer Olsen,12,8,2.021560286359142,1.3477068575727615,20,0,0,0,20,12,8,0,0,0,0,0,0.0,0.0,0,12,8,2.021560286359142,1.3477068575727615,20,0,0,0.0,0.0,0
1006328,Lioness Princess,1006514,Thomas Pedersen,10,10,1.4482932807767301,1.5056662473459752,20,0,0,0,20,10,10,0,0,0,0,0,0.0,0.0,0,4,6,0.6481648721937863,0.9722473082906793,10,6,4,0.8001284085829441,0.5334189390552961,10
1006340,Kjartan Maraas,1393613,Vegar Hammer Olsen,10,10,1.5631346672323803,1.5714894342124963,20,0,0,0,20,10,10,0,0,0,0,0,0.0,0.0,0,6,5,0.9178293595871495,0.7648577996559579,11,4,5,0.6453053076452306,0.8066316345565383,9
1024799,Stig Nesvik,1047363,Vinko Smolic,12,8,1.5756555447696177,1.0504370298464114,20,0,0,0,20,12,8,0,0,0,0,0,0.0,0.0,0,12,8,1.5756555447696177,1.0504370298464114,20,0,0,0.0,0.0,0
19616722,Lobsang Thupten,44478316,Rune Stensvold,9,10,8.584259161219666,9.239055686539777,19,0,0,0,19,9,10,0,0,0,7,6,6.938279806412112,5.9470969769246675,13,2,4,1.6459793548075536,3.2919587096151073,6,0,0,0.0,0.0,0
1123060,"Paweł ""Mumrikken"" Zalewski",80088046,Kim Rui,15,4,14.694108036943192,3.943027017278719,19,0,0,0,19,15,4,0,0,0,7,3,6.938279806412112,2.9735484884623338,10,8,1,7.7558282305310815,0.9694785288163854,9,0,0,0.0,0.0,0
1006562,Yousef Austrheim,43127857,Manabu Sekiguchi,9,10,8.320293398718826,8.954938657177692,19,0,0,0,19,9,10,0,0,0,0,0,0.0,0.0,0,9,10,8.320293398718826,8.954938657177692,19,0,0,0.0,0.0,0
1006239,Frank Hjeldnes,1441973,Geir Holmqvist,8,11,7.627637099147486,10.16757715355871,19,0,0,0,19,8,11,0,0,0,0,0,0.0,0.0,0,8,11,7.627637099147486,10.16757715355871,19,0,0,0.0,0.0,0
52645105,Tommy Bratseth,7153377,Henning Ingvorsen,5,14,3.9470868813587066,12.148241728541755,19,0,0,0,19,5,14,0,0,0,0,0,0.0,0.0,0,5,14,3.9470868813587066,12.148241728541755,19,0,0,0.0,0.0,0
1510340,Andris Viksnins,44184394,Per Arne Grotthing,9,10,7.868457625149912,8.702132362356735,19,0,0,0,19,9,10,0,0,0,4,8,3.8437218852782,7.0922380664080515,12,5,2,4.024735739871712,1.6098942959486848,7,0,0,0.0,0.0,0
20361406,Amir Khan,5140422,Tomas Gryczon,13,6,11.136668523585673,5.056805930333806,19,0,0,0,19,13,6,0,0,0,3,1,2.88279141395865,0.96093047131955,4,10,5,8.253877109627023,4.095875459014255,15,0,0,0.0,0.0,0
1670605,Bernadette Bodó,17978686,Ibra Alkhader,3,16,2.5385206107766636,13.89702590143537,19,0,0,0,19,3,16,0,0,0,0,0,0.0,0.0,0,3,16,2.5385206107766636,13.89702590143537,19,0,0,0.0,0.0,0
19616722,Lobsang Thupten,20361406,Amir Khan,9,10,6.952218276173054,8.088419001587678,19,0,0,0,19,9,10,0,0,0,2,4,1.8632029192594264,3.7264058385188528,6,7,6,5.089015356913628,4.362013163068824,13,0,0,0.0,0.0,0
1006197,Daniel Salole,1006403,Niklas Engström-Øvretveit,8,11,6.596451166648928,9.463133502821975,19,0,0,0,19,8,11,0,0,0,0,0,0.0,0.0,0,8,11,6.596451166648928,9.463133502821975,19,0,0,0.0,0.0,0
43127857,Manabu Sekiguchi,44184394,Per Arne Grotthing,8,11,6.869268104369245,9.620824210303125,19,0,0,0,19,8,11,0,0,0,6,5,5.070913893602128,4.225761578001774,11,2,6,1.798354210767117,5.395062632301351,8,0,0,0.0,0.0,0
1006340,Kjartan Maraas,51736666,Yakup Aliz,5,14,3.957513586877045,11.142312164079877,19,0,0,0,19,5,14,0,0,0,0,0,0.0,0.0,0,5,14,3.957513586877045,11.142312164079877,19,0,0,0.0,0.0,0
1298131,Jack Nordby,44184394,Per Arne Grotthing,11,8,9.207835175704725,6.7223104221843055,19,0,0,0,19,11,8,0,0,0,5,4,4.37815228785867,3.5025218302869363,9,6,4,4.8296828878460545,3.2197885918973697,10,0,0,0.0,0.0,0
1042070,Henrik Olsson,1123060,"Paweł ""Mumrikken"" Zalewski",16,3,12.489252299818574,2.0682019884248177,19,0,0,0,19,16,3,0,0,0,0,0,0.0,0.0,0,16,3,12.489252299818574,2.0682019884248177,19,0,0,0.0,0.0,0
1006562,Yousef Austrheim,53649337,Erlend Helgesen,11,8,9.318642676860698,6.838711025102971,19,0,0,0,19,11,8,0,0,0,0,0,0.0,0.0,0,11,8,9.318642676860698,6.838711025102971,19,0,0,0.0,0.0,0
1298131,Jack Nordby,51736666,Yakup Aliz,9,10,7.151253177576981,8.059460827999763,19,0,0,0,19,9,10,0,0,0,0,0,0.0,0.0,0,9,10,7.151253177576981,8.059460827999763,19,0,0,0.0,0.0,0
1014993,Tron Vidar Engebakk,7153377,Henning Ingvorsen,10,9,6.075605020381644,5.764124487247747,19,0,0,0,19,10,9,0,0,0,0,0,0.0,0.0,0,10,9,6.075605020381644,5.764124487247747,19,0,0,0.0,0.0,0
1006197,Daniel Salole,1095179,Ernesto Antonio Meléndez,8,11,3.005516011150504,3.9126022798467472,19,0,0,0,19,8,11,0,0,0,0,0,0.0,0.0,0,8,11,3.005516011150504,3.9126022798467472,19,0,0,0.0,0.0,0
1006360,Lars Harby,3185355,Ivar Lexi,9,10,1.3009488407395458,1.4256766235786682,19,0,0,0,19,9,10,0,0,0,0,0,0.0,0.0,0,8,5,1.1728050570149484,0.7849577049556815,13,1,5,0.12814378372459734,0.6407189186229867,6
1006239,Frank Hjeldnes,1277043,Alexander Hagen,7,11,6.445165110296499,10.163339080188472,18,0,0,0,18,7,11,0,0,0,3,5,2.9735484884623338,4.955914147437223,8,4,6,3.4716166218341664,5.207424932751249,10,0,0,0.0,0.0,0
1006163,Bjørn Bratteberg,1095179,Ernesto Antonio Meléndez,12,6,11.78943640262274,5.89471820131137,18,0,0,0,18,12,6,0,0,0,0,0,0.0,0.0,0,12,6,11.78943640262274,5.89471820131137,18,0,0,0.0,0.0,0
1006239,Frank Hjeldnes,17978686,Ibra Alkhader,5,13,4.1332194195962115,11.425851281233596,18,0,0,0,18,5,13,0,0,0,0,0,0.0,0.0,0,5,13,4.1332194195962115,11.425851281233596,18,0,0,0.0,0.0,0
1095179,Ernesto Antonio Meléndez,33336508,Paweł Chołodowski,7,11,5.213482434516817,8.070813842921734,18,0,0,0,18,7,11,0,0,0,0,0,0.0,0.0,0,4,6,3.709941287637773,5.564911931456659,10,3,5,1.5035411468790452,2.5059019114650756,8
1006292,Jan Thomassen,20264908,Bartosz Oldakowski,11,7,7.474752843269188,4.841351268971275,18,0,0,0,18,11,7,0,0,0,0,0,0.0,0.0,0,11,7,7.474752843269188,4.841351268971275,18,0,0,0.0,0.0,0
44184394,Per Arne Grotthing,5140422,Tomas Gryczon,13,5,10.802239615153633,4.024926515942965,18,0,0,0,18,13,5,0,0,0,5,0,4.301277378091935,0.0,5,8,5,6.500962237061695,4.024926515942965,13,0,0,0.0,0.0,0
1006403,Niklas Engström-Øvretveit,1277043,Alexander Hagen,9,9,7.696777927977153,7.7119517121732635,18,0,0,0,18,9,9,0,0,0,3,5,2.5807664268551616,4.301277378091935,8,6,4,5.11601150112199,3.410674334081327,10,0,0,0.0,0.0,0
17978686,Ibra Alkhader,5140422,Tomas Gryczon,15,3,12.222897683034644,2.4546801409357277,18,0,0,0,18,15,3,0,0,0,0,0,0.0,0.0,0,15,3,12.222897683034644,2.4546801409357277,18,0,0,0.0,0.0,0
1006220,Erik Gårdelöf,44478316,Rune Stensvold,15,3,11.998428901115515,2.419480995076882,18,0,0,0,18,15,3,0,0,0,0,0,0.0,0.0,0,15,3,11.998428901115515,2.419480995076882,18,0,0,0.0,0.0,0
20361406,Amir Khan,42921529,Joshua Turla Tuppal,8,10,5.841828772410053,7.558670039961328,18,0,0,0,18,8,10,0,0,0,0,0,0.0,0.0,0,8,10,5.841828772410053,7.558670039961328,18,0,0,0.0,0.0,0
1006197,Daniel Salole,1566758,Tor-Arne Slorafoss,12,6,9.08763036337441,4.476790214129444,18,0,0,0,18,12,6,0,0,0,6,4,4.342740279013921,2.895160186009281,10,6,2,4.744890084360489,1.5816300281201632,8,0,0,0.0,0.0,0
1006292,Jan Thomassen,1014993,Tron Vidar Engebakk,6,12,3.5719824563589158,6.315112128967415,18,0,0,0,18,6,12,0,0,0,0,0,0.0,0.0,0,6,12,3.5719824563589158,6.315112128967415,18,0,0,0.0,0.0,0
1006186,Christian Wikeby,1014993,Tron Vidar Engebakk,9,9,2.332989597435966,1.710136303520225,18,0,0,0,18,9,9,0,0,0,0,0,0.0,0.0,0,9,9,2.332989597435966,1.710136303520225,18,0,0,0.0,0.0,0
1006197,Daniel Salole,1006515,Thorbjørn Vildar Dahl Eriksen,9,9,3.0157685551694384,2.979709544056924,18,0,0,0,18,9,9,0,0,0,0,0,0.0,0.0,0,9,9,3.0157685551694384,2.979709544056924,18,0,0,0.0,0.0,0
1006360,Lars Harby,1006372,Marius Nørsterud,12,6,3.0263178721918766,1.4281118537375397,18,0,0,0,18,12,6,0,0,0,0,0,0.0,0.0,0,12,6,3.0263178721918766,1.4281118537375397,18,0,0,0.0,0.0,0
1006340,Kjartan Maraas,1011619,Jan Terje Øyen,8,10,1.7191669788453425,2.1532455878000616,18,0,0,0,18,8,10,0,0,0,5,4,1.0709069749088531,0.8567255799270824,9,3,6,0.6482600039364896,1.296520007872979,9,0,0,0.0,0.0,0
1006186,Christian Wikeby,1393613,Vegar Hammer Olsen,6,12,1.2144431599704346,2.191595279634241,18,0,0,0,18,6,12,0,0,0,0,0,0.0,0.0,0,6,12,1.2144431599704346,2.191595279634241,18,0,0,0.0,0.0,0
1006156,Asle Geir Skogen,2043792,Vaios Evangelou,12,6,1.9620429628850442,1.0034348761352063,18,0,0,0,18,12,6,0,0,0,0,0,0.0,0.0,0,6,4,1.0482616655205745,0.6988411103470498,10,6,2,0.9137812973644698,0.3045937657881566,8
1566592,Kim Bengtsson,3185355,Ivar Lexi,8,10,1.0434769305790843,1.3043461632238553,18,0,0,0,18,8,10,0,0,0,0,0,0.0,0.0,0,0,0,0.0,0.0,0,8,10,1.0434769305790843,1.3043461632238553,18
51736666,Yakup Aliz,80088046,Kim Rui,12,5,11.315883276208513,4.671138197453064,17,0,0,0,17,12,5,0,0,0,0,0,0.0,0.0,0,12,5,11.315883276208513,4.671138197453064,17,0,0,0.0,0.0,0
1006562,Yousef Austrheim,48159925,Ole-Jakob Rosenvold,12,5,11.01032322989137,4.600617972250696,17,0,0,0,17,12,5,0,0,0,0,0,0.0,0.0,0,12,5,11.01032322989137,4.600617972250696,17,0,0,0.0,0.0,0
1006186,Christian Wikeby,44478316,Rune Stensvold,14,3,12.285247277293081,2.330798096624961,17,0,0,0,17,14,3,0,0,0,0,0,0.0,0.0,0,14,3,12.285247277293081,2.330798096624961,17,0,0,0.0,0.0,0
58672273,Santo Angel Maican Lara,7153377,Henning Ingvorsen,4,13,3.7086640110323343,11.540392730902626,17,0,0,0,17,4,13,0,0,0,0,0,0.0,0.0,0,4,13,3.7086640110323343,11.540392730902626,17,0,0,0.0,0.0,0
44119141,Gaute Rogstad,80088046,Kim Rui,8,9,7.637476844464809,8.491300983277858,17,0,0,0,17,8,9,0,0,0,0,3,0.0,2.733605503412684,3,8,6,7.637476844464809,5.757695479865175,14,0,0,0.0,0.0,0
1024799,Stig Nesvik,1670605,Bernadette Bodó,10,7,6.47120123513159,5.27673127097266,17,0,0,0,17,10,7,0,0,0,1,2,0.96093047131955,1.9218609426391,3,9,5,5.5102707638120405,3.35487032833356,14,0,0,0.0,0.0,0
1024799,Stig Nesvik,43127857,Manabu Sekiguchi,9,8,8.119405936027226,6.91734279073677,17,0,0,0,17,9,8,0,0,0,0,0,0.0,0.0,0,9,8,8.119405936027226,6.91734279073677,17,0,0,0.0,0.0,0
43127857,Manabu Sekiguchi,53204752,Julianne Myhren-heyerdahl,14,3,12.233432253956483,2.5178487614982576,17,0,0,0,17,14,3,0,0,0,0,0,0.0,0.0,0,14,3,12.233432253956483,2.5178487614982576,17,0,0,0.0,0.0,0
1095179,Ernesto Antonio Meléndez,51736666,Yakup Aliz,8,9,7.072228698062061,7.732192416913998,17,0,0,0,17,8,9,0,0,0,3,5,2.393549375151173,3.989248958585288,8,5,4,4.678679322910888,3.7429434583287104,9,0,0,0.0,0.0,0
1006197,Daniel Salole,4849639,Petter Rognlien,13,4,6.279825530441004,0.6118862397247663,17,0,0,0,17,13,4,0,0,0,4,0,3.7264058385188528,0.0,4,9,4,2.553419691922154,0.6118862397247663,13,0,0,0.0,0.0,0
1047363,Vinko Smolic,51736666,Yakup Aliz,4,13,3.6448073378835786,11.39221567710628,17,0,0,0,17,4,13,0,0,0,4,13,3.6448073378835786,11.39221567710628,17,0,0,0.0,0.0,0,0,0,0.0,0.0,0
1123060,"Paweł ""Mumrikken"" Zalewski",13720633,Håkon Haukebøe,14,3,12.34103347535418,2.6542536897178604,17,0,0,0,17,14,3,0,0,0,0,0,0.0,0.0,0,14,3,12.34103347535418,2.6542536897178604,17,0,0,0.0,0.0,0
33336508,Paweł Chołodowski,51736666,Yakup Aliz,6,11,5.284891698499034,9.71375575839203,17,0,0,0,17,6,11,0,0,0,0,0,0.0,0.0,0,6,11,5.284891698499034,9.71375575839203,17,0,0,0.0,0.0,0
1006163,Bjørn Bratteberg,1510340,Andris Viksnins,10,7,8.698830729171709,6.118064302316547,17,0,0,0,17,10,7,0,0,0,5,2,4.301277378091935,1.7205109512367742,7,5,5,4.3975533510797735,4.3975533510797735,10,0,0,0.0,0.0,0
1006197,Daniel Salole,2660053,Morten Bjellås,14,3,9.891013038025777,2.3042181178769106,17,0,0,0,17,14,3,0,0,0,0,0,0.0,0.0,0,14,3,9.891013038025777,2.3042181178769106,17,0,0,0.0,0.0,0
24897019,Robert Hedin,51736666,Yakup Aliz,9,8,6.870116091044638,6.674370012787693,17,0,0,0,17,9,8,0,0,0,0,0,0.0,0.0,0,9,8,6.870116091044638,6.674370012787693,17,0,0,0.0,0.0,0
1006197,Daniel Salole,1277043,Alexander Hagen,7,10,6.075329088209791,8.679041554585416,17,0,0,0,17,7,10,0,0,0,0,0,0.0,0.0,0,7,10,6.075329088209791,8.679041554585416,17,0,0,0.0,0.0,0
25875517,Christian Hedin,44184394,Per Arne Grotthing,7,10,5.7014654069340205,8.18055664621772,17,0,0,0,17,7,10,0,0,0,0,0,0.0,0.0,0,7,10,5.7014654069340205,8.18055664621772,17,0,0,0.0,0.0,0
1006186,Christian Wikeby,1022496,Jozef Kwit,7,10,5.995155647333703,8.385666530563284,17,0,0,0,17,7,10,0,0,0,0,0,0.0,0.0,0,7,10,5.995155647333703,8.385666530563284,17,0,0,0.0,0.0,0
25875517,Christian Hedin,53649337,Erlend Helgesen,8,9,6.486893517243941,7.338788911985183,17,0,0,0,17,8,9,0,0,0,0,0,0.0,0.0,0,8,9,6.486893517243941,7.338788911985183,17,0,0,0.0,0.0,0
1006292,Jan Thomassen,3185355,Ivar Lexi,7,10,5.022543206252806,4.031795650699723,17,0,0,0,17,7,10,0,0,0,0,0,0.0,0.0,0,6,4,4.894399422528208,3.262932948352139,10,1,6,0.12814378372459734,0.768862702347584,7
1006220,Erik Gårdelöf,5140422,Tomas Gryczon,13,4,10.365387986266624,3.1915243240688476,17,0,0,0,17,13,4,0,0,0,0,0,0.0,0.0,0,13,4,10.365387986266624,3.1915243240688476,17,0,0,0.0,0.0,0
1006186,Christian Wikeby,1006216,Emil Bjørkmann,11,6,7.3710031083436185,4.082663861753533,17,0,0,0,17,11,6,0,0,0,0,0,0.0,0.0,0,11,6,7.3710031083436185,4.082663861753533,17,0,0,0.0,0.0,0
1006514,Thomas Pedersen,3185355,Ivar Lexi,7,10,0.9142246590661925,1.430869709190199,17,0,0,0,17,7,10,0,0,0,0,0,0.0,0.0,0,6,5,0.7860808753415952,0.7901507905672122,11,1,5,0.12814378372459734,0.6407189186229867,6
1123060,"Paweł ""Mumrikken"" Zalewski",20361406,Amir Khan,12,4,11.628151192760736,3.9045157435940574,16,0,0,0,16,12,4,0,0,0,0,0,0.0,0.0,0,12,4,11.628151192760736,3.9045157435940574,16,0,0,0.0,0.0,0
1006163,Bjørn Bratteberg,48159925,Ole-Jakob Rosenvold,7,9,6.327251949733412,8.110301724160351,16,0,0,0,16,7,9,0,0,0,0,0,0.0,0.0,0,7,9,6.327251949733412,8.110301724160351,16,0,0,0.0,0.0,0
1006186,Christian Wikeby,75512620,Trond Evjen,9,7,8.186304413632909,6.568870844497355,16,0,0,0,16,9,7,0,0,0,0,0,0.0,0.0,0,9,7,8.186304413632909,6.568870844497355,16,0,0,0.0,0.0,0
20361406,Amir Khan,8498578,Riaz Ali,8,8,7.1650454477684375,7.26952511232603,16,0,0,0,16,8,8,0,0,0,3,4,2.88279141395865,3.8437218852782,7,5,4,4.282254033809788,3.4258032270478305,9,0,0,0.0,0.0,0
1006453,Robin Nathan,6839980,Daniel Lorentzen-Styr,6,10,2.8525682149005576,7.834323315330522,16,0,0,0,16,6,10,0,0,0,0,0,0.0,0.0,0,6,10,2.8525682149005576,7.834323315330522,16,0,0,0.0,0.0,0
1006186,Christian Wikeby,1566592,Kim Bengtsson,12,4,7.231407857710642,2.140650597244404,16,0,0,0,16,12,4,0,0,0,0,0,0.0,0.0,0,7,2,6.5792347760987155,1.8797813645996329,9,5,2,0.6521730816119278,0.26086923264477113,7
1006239,Frank Hjeldnes,8270907,Christian Söderström,7,9,6.522757992410536,8.176632222257453,16,0,0,0,16,7,9,0,0,0,0,0,0.0,0.0,0,7,9,6.522757992410536,8.176632222257453,16,0,0,0.0,0.0,0
2660053,Morten Bjellås,7153377,Henning Ingvorsen,6,10,5.1634304387794625,8.906373897108175,16,0,0,0,16,6,10,0,0,0,0,0,0.0,0.0,0,6,10,5.1634304387794625,8.906373897108175,16,0,0,0.0,0.0,0
1510340,Andris Viksnins,44478316,Rune Stensvold,11,5,8.71133766339982,3.6189502325116014,16,0,0,0,16,11,5,0,0,0,11,5,8.71133766339982,3.6189502325116014,16,0,0,0.0,0.0,0,0,0,0.0,0.0,0
1277043,Alexander Hagen,8498578,Riaz Ali,7,9,6.350230805491006,8.164582464202722,16,0,0,0,16,7,9,0,0,0,0,0,0.0,0.0,0,7,9,6.350230805491006,8.164582464202722,16,0,0,0.0,0.0,0
44184394,Per Arne Grotthing,7153377,Henning Ingvorsen,5,11,4.411832119268284,9.66881655413692,16,0,0,0,16,5,11,0,0,0,2,5,1.6903046312007095,4.225761578001774,7,3,6,2.721527488067574,5.443054976135148,9,0,0,0.0,0.0,0
1006340,Kjartan Maraas,13720633,Håkon Haukebøe,10,6,8.865479021767447,5.331823427320898,16,0,0,0,16,10,6,0,0,0,0,0,0.0,0.0,0,10,6,8.865479021767447,5.331823427320898,16,0,0,0.0,0.0,0
1123060,"Paweł ""Mumrikken"" Zalewski",16476664,Øystein Følling,7,9,6.075329088209791,7.927861159456194,16,0,0,0,16,7,9,0,0,0,0,0,0.0,0.0,0,7,9,6.075329088209791,7.927861159456194,16,0,0,0.0,0.0,0
3185355,Ivar Lexi,7153377,Henning Ingvorsen,7,9,6.018321765216465,7.40690512661827,16,0,0,0,16,7,9,0,0,0,0,0,0.0,0.0,0,7,9,6.018321765216465,7.40690512661827,16,0,0,0.0,0.0,0
1006292,Jan Thomassen,1006403,Niklas Engström-Øvretveit,7,9,6.164552846146594,7.83465842269553,16,0,0,0,16,7,9,0,0,0,0,0,0.0,0.0,0,7,9,6.164552846146594,7.83465842269553,16,0,0,0.0,0.0,0
1006186,Christian Wikeby,53204752,Julianne Myhren-heyerdahl,11,5,9.451433465240783,4.305109976954225,16,0,0,0,16,11,5,0,0,0,0,0,0.0,0.0,0,11,5,9.451433465240783,4.305109976954225,16,0,0,0.0,0.0,0
1006216,Emil Bjørkmann,19030543,Martin Olsson,14,2,11.552041949422556,1.6502917070603647,16,0,0,0,16,14,2,0,0,0,0,0,0.0,0.0,0,14,2,11.552041949422556,1.6502917070603647,16,0,0,0.0,0.0,0
44184394,Per Arne Grotthing,52645105,Tommy Bratseth,15,1,11.953071687962135,0.7943246151634469,16,0,0,0,16,15,1,0,0,0,0,0,0.0,0.0,0,15,1,11.953071687962135,0.7943246151634469,16,0,0,0.0,0.0,0
1006163,Bjørn Bratteberg,42921529,Joshua Turla Tuppal,10,6,7.86753113599468,4.604598187642542,16,0,0,0,16,10,6,0,0,0,0,0,0.0,0.0,0,10,6,7.86753113599468,4.604598187642542,16,0,0,0.0,0.0,0
1006453,Robin Nathan,2660053,Morten Bjellås,12,4,5.7665390912793,0.5958432130563481,16,0,0,0,16,12,4,0,0,0,6,0,4.872774271694778,0.0,6,0,0,0.0,0.0,0,6,4,0.8937648195845221,0.5958432130563481,10
1670605,Bernadette Bodó,19616722,Lobsang Thupten,7,9,5.510791712932569,6.989750329736141,16,0,0,0,16,7,9,0,0,0,1,3,0.7978497917170576,2.393549375151173,4,6,6,4.712941921215512,4.596200954584969,12,0,0,0.0,0.0,0
1006163,Bjørn Bratteberg,52645105,Tommy Bratseth,12,4,9.511967033211704,3.1706556777372343,16,0,0,0,16,12,4,0,0,0,0,0,0.0,0.0,0,12,4,9.511967033211704,3.1706556777372343,16,0,0,0.0,0.0,0
42921529,Joshua Turla Tuppal,7153377,Henning Ingvorsen,6,10,4.7729980440879025,7.960872034402522,16,0,0,0,16,6,10,0,0,0,2,5,1.5956995834341152,3.989248958585288,7,4,5,3.1772984606537875,3.9716230758172344,9,0,0,0.0,0.0,0
1006281,Jan Atle Kofoed,1095179,Ernesto Antonio Meléndez,8,8,4.308006115505953,4.246486144919452,16,0,0,0,16,8,8,0,0,0,0,0,0.0,0.0,0,0,0,0.0,0.0,0,8,8,4.308006115505953,4.246486144919452,16
1510340,Andris Viksnins,2298416,Terje Kristoffersen,6,10,2.7401037425171566,4.566839570861928,16,0,0,0,16,6,10,0,0,0,0,0,0.0,0.0,0,3,5,1.376109579698821,2.2935159661647018,8,3,5,1.3639941628183359,2.2733236046972265,8
1006163,Bjørn Bratteberg,1006328,Lioness Princess,8,8,2.3904293314447154,1.7339695792104293,16,0,0,0,16,8,8,0,0,0,0,0,0.0,0.0,0,8,8,2.3904293314447154,1.7339695792104293,16,0,0,0.0,0.0,0
1006328,Lioness Princess,1025949,Kristian Lund Olås,14,2,3.259930703495481,0.5033476784943003,16,0,0,0,16,14,2,0,0,0,0,0,0.0,0.0,0,8,2,2.252617489524189,0.5033476784943003,10,6,0,1.0073132139712935,0.0,6
1006186,Christian Wikeby,1006360,Lars Harby,2,14,0.547571203478787,3.556442139582992,16,0,0,0,16,2,14,0,0,0,1,5,0.23609067034488987,1.1804533517244493,6,1,9,0.31148053313389706,2.3759887878585433,10,0,0,0.0,0.0,0
1006163,Bjørn Bratteberg,80088046,Kim Rui,8,7,7.947562060962069,6.868905152405172,15,0,0,0,15,8,7,0,0,0,0,0,0.0,0.0,0,8,7,7.947562060962069,6.868905152405172,15,0,0,0.0,0.0,0
1024799,Stig Nesvik,80088046,Kim Rui,9,6,8.821129613210816,5.9252000327434144,15,0,0,0,15,9,6,0,0,0,7,1,6.847522731908429,0.9911828294874446,8,2,5,1.973606881302388,4.93401720325597,7,0,0,0.0,0.0,0
1006163,Bjørn Bratteberg,1277043,Alexander Hagen,5,10,4.7093567993794165,9.172156250701027,15,0,0,0,15,5,10,0,0,0,3,4,2.9735484884623338,3.9647313179497785,7,2,6,1.7358083109170832,5.207424932751249,8,0,0,0.0,0.0,0
20361406,Amir Khan,80088046,Kim Rui,6,9,5.570315302836622,8.530725624790204,15,0,0,0,15,6,9,0,0,0,0,0,0.0,0.0,0,6,9,5.570315302836622,8.530725624790204,15,0,0,0.0,0.0,0
1298131,Jack Nordby,19616722,Lobsang Thupten,8,7,7.511749068754025,6.181507524271419,15,0,0,0,15,8,7,0,0,0,0,0,0.0,0.0,0,8,7,7.511749068754025,6.181507524271419,15,0,0,0.0,0.0,0
44119141,Gaute Rogstad,44184394,Per Arne Grotthing,5,10,4.7376653556518615,9.628178487914843,15,0,0,0,15,5,10,0,0,0,0,0,0.0,0.0,0,5,10,4.7376653556518615,9.628178487914843,15,0,0,0.0,0.0,0
1006239,Frank Hjeldnes,48159925,Ole-Jakob Rosenvold,7,8,6.208637874466888,7.505780756270126,15,0,0,0,15,7,8,0,0,0,0,0,0.0,0.0,0,7,8,6.208637874466888,7.505780756270126,15,0,0,0.0,0.0,0
1006239,Frank Hjeldnes,75512620,Trond Evjen,11,4,10.201465556231451,3.4870234986761948,15,0,0,0,15,11,4,0,0,0,0,0,0.0,0.0,0,11,4,10.201465556231451,3.4870234986761948,15,0,0,0.0,0.0,0
44119141,Gaute Rogstad,7153377,Henning Ingvorsen,2,13,1.9093692111162017,12.425693795513597,15,0,0,0,15,2,13,0,0,0,0,0,0.0,0.0,0,2,13,1.9093692111162017,12.425693795513597,15,0,0,0.0,0.0,0
36990883,Anders Valde,43127857,Manabu Sekiguchi,7,8,6.01819765598583,7.33328594893089,15,0,0,0,15,7,8,0,0,0,7,8,6.01819765598583,7.33328594893089,15,0,0,0.0,0.0,0,0,0,0.0,0.0,0
20361406,Amir Khan,53649337,Erlend Helgesen,10,5,9.038974188791789,4.483493830975258,15,0,0,0,15,10,5,0,0,0,0,0,0.0,0.0,0,10,5,9.038974188791789,4.483493830975258,15,0,0,0.0,0.0,0
43127857,Manabu Sekiguchi,8498578,Riaz Ali,12,3,10.489931471589424,2.651491508262787,15,0,0,0,15,12,3,0,0,0,6,1,5.070913893602128,0.8451523156003548,7,6,2,5.4190175779872956,1.8063391926624321,8,0,0,0.0,0.0,0
1047363,Vinko Smolic,8270907,Christian Söderström,8,7,6.804077552193094,6.111547565090195,15,0,0,0,15,8,7,0,0,0,4,2,3.1913991668682304,1.5956995834341152,6,4,5,3.6126783853248643,4.51584798165608,9,0,0,0.0,0.0,0
1006399,Nedzat Cimilji,43127857,Manabu Sekiguchi,6,9,5.054722937047161,7.9099495824168615,15,0,0,0,15,6,9,0,0,0,5,3,4.151553340715945,2.490932004429567,8,1,6,0.9031695963312161,5.4190175779872956,7,0,0,0.0,0.0,0
1006292,Jan Thomassen,53649337,Erlend Helgesen,5,10,4.3677066310529895,8.77813956072758,15,0,0,0,15,5,10,0,0,0,0,0,0.0,0.0,0,5,10,4.3677066310529895,8.77813956072758,15,0,0,0.0,0.0,0
25875517,Christian Hedin,2660053,Morten Bjellås,11,4,9.438108546481162,3.564995630097623,15,0,0,0,15,11,4,0,0,0,6,0,4.981864008859134,0.0,6,5,4,4.4562445376220285,3.564995630097623,9,0,0,0.0,0.0,0
8270907,Christian Söderström,8498578,Riaz Ali,7,8,6.164830646049841,6.98236231464163,15,0,0,0,15,7,8,0,0,0,0,0,0.0,0.0,0,7,8,6.164830646049841,6.98236231464163,15,0,0,0.0,0.0,0
48159925,Ole-Jakob Rosenvold,5140422,Tomas Gryczon,7,8,6.006569653902991,6.967068159207238,15,0,0,0,15,7,8,0,0,0,3,2,2.5807664268551616,1.7205109512367742,5,4,6,3.4258032270478305,5.246557207970464,10,0,0,0.0,0.0,0
5140422,Tomas Gryczon,52645105,Tommy Bratseth,11,4,8.939435107312452,3.244581405281128,15,0,0,0,15,11,4,0,0,0,3,1,2.6268913727152023,0.8756304575717341,4,8,3,6.3125437345972495,2.368950947709394,11,0,0,0.0,0.0,0
20361406,Amir Khan,8270907,Christian Söderström,8,7,6.575335542192859,5.9281700076196016,15,0,0,0,15,8,7,0,0,0,0,0,0.0,0.0,0,8,7,6.575335542192859,5.9281700076196016,15,0,0,0.0,0.0,0
1123060,"Paweł ""Mumrikken"" Zalewski",48159925,Ole-Jakob Rosenvold,7,8,5.8551413117824485,6.719210766259218,15,0,0,0,15,7,8,0,0,0,0,0,0.0,0.0,0,7,8,5.8551413117824485,6.719210766259218,15,0,0,0.0,0.0,0
1510340,Andris Viksnins,7711820,Marie Hoff Petersen,9,6,7.3322019337986415,4.970239175030949,15,0,0,0,15,9,6,0,0,0,0,0,0.0,0.0,0,9,6,7.3322019337986415,4.970239175030949,15,0,0,0.0,0.0,0
1006340,Kjartan Maraas,53649337,Erlend Helgesen,7,8,5.783090380023017,6.694730610213105,15,0,0,0,15,7,8,0,0,0,1,5,0.8451523156003548,4.225761578001774,6,6,3,4.937938064422662,2.4689690322113305,9,0,0,0.0,0.0,0
17978686,Ibra Alkhader,44478316,Rune Stensvold,15,0,12.082987161056682,0.0,15,0,0,0,15,15,0,0,0,0,15,0,12.082987161056682,0.0,15,0,0,0.0,0.0,0,0,0,0.0,0.0,0
1441973,Geir Holmqvist,17978686,Ibra Alkhader,8,7,6.583917419230216,5.760927741826439,15,0,0,0,15,8,7,0,0,0,0,0,0.0,0.0,0,8,7,6.583917419230216,5.760927741826439,15,0,0,0.0,0.0,0
3185355,Ivar Lexi,8270907,Christian Söderström,9,6,7.2020342005255,4.787192756602472,15,0,0,0,15,9,6,0,0,0,0,0,0.0,0.0,0,9,6,7.2020342005255,4.787192756602472,15,0,0,0.0,0.0,0
5140422,Tomas Gryczon,7153377,Henning Ingvorsen,6,9,4.744983261791039,7.1385326369422115,15,0,0,0,15,6,9,0,0,0,2,5,1.5956995834341152,3.989248958585288,7,4,4,3.1492836783569236,3.1492836783569236,8,0,0,0.0,0.0,0
25875517,Christian Hedin,48159925,Ole-Jakob Rosenvold,13,2,9.990079248868671,1.486565856733236,15,0,0,0,15,13,2,0,0,0,6,0,4.787098750302346,0.0,6,7,2,5.202980498566326,1.486565856733236,9,0,0,0.0,0.0,0
1006197,Daniel Salole,20361406,Amir Khan,10,5,7.925698146117641,3.9575846714037732,15,0,0,0,15,10,5,0,0,0,0,0,0.0,0.0,0,10,5,7.925698146117641,3.9575846714037732,15,0,0,0.0,0.0,0
1006403,Niklas Engström-Øvretveit,52645105,Tommy Bratseth,12,3,9.323293986981618,2.327383971432931,15,0,0,0,15,12,3,0,0,0,0,0,0.0,0.0,0,12,3,9.323293986981618,2.327383971432931,15,0,0,0.0,0.0,0
1024799,Stig Nesvik,7153377,Henning Ingvorsen,5,10,3.4330032967109965,5.928206277901239,15,0,0,0,15,5,10,0,0,0,0,0,0.0,0.0,0,5,10,3.4330032967109965,5.928206277901239,15,0,0,0.0,0.0,0
1006403,Niklas Engström-Øvretveit,19616722,Lobsang Thupten,12,3,9.302606034865889,2.323935979413643,15,0,0,0,15,12,3,0,0,0,0,0,0.0,0.0,0,12,3,9.302606034865889,2.323935979413643,15,0,0,0.0,0.0,0
1006340,Kjartan Maraas,2194859,Eivind Yoo Yong Jae Johansen,10,5,6.256820591251054,3.049573743317839,15,0,0,0,15,10,5,0,0,0,0,0,0.0,0.0,0,10,5,6.256820591251054,3.049573743317839,15,0,0,0.0,0.0,0
1006281,Jan Atle Kofoed,1123060,"Paweł ""Mumrikken"" Zalewski",7,8,5.111600175858796,5.841828772410053,15,0,0,0,15,7,8,0,0,0,0,0,0.0,0.0,0,7,8,5.111600175858796,5.841828772410053,15,0,0,0.0,0.0,0
36225232,Adrian Winther,52645105,Tommy Bratseth,8,7,5.816017550758432,5.089015356913628,15,0,0,0,15,8,7,0,0,0,0,0,0.0,0.0,0,8,7,5.816017550758432,5.089015356913628,15,0,0,0.0,0.0,0
36225232,Adrian Winther,7153377,Henning Ingvorsen,7,8,5.089015356913628,5.816017550758432,15,0,0,0,15,7,8,0,0,0,0,0,0.0,0.0,0,7,8,5.089015356913628,5.816017550758432,15,0,0,0.0,0.0,0
1014993,Tron Vidar Engebakk,1123060,"Paweł ""Mumrikken"" Zalewski",7,8,4.847221341398326,5.539681533026658,15,0,0,0,15,7,8,0,0,0,0,0,0.0,0.0,0,0,0,0.0,0.0,0,7,8,4.847221341398326,5.539681533026658,15
1006281,Jan Atle Kofoed,8206764,Grzegorz Tabor,7,8,2.789758164944624,3.1076670379512774,15,0,0,0,15,7,8,0,0,0,5,3,2.0351201970580437,1.221072118234826,8,0,0,0.0,0.0,0,2,5,0.7546379678865807,1.8865949197164515,7
1006197,Daniel Salole,1006281,Jan Atle Kofoed,8,7,2.835887028479789,2.6177427261570054,15,0,0,0,15,8,7,0,0,0,0,0,0.0,0.0,0,8,7,2.835887028479789,2.6177427261570054,15,0,0,0.0,0.0,0
1006292,Jan Thomassen,1006328,Lioness Princess,12,3,2.8592200447594007,0.6075501533501658,15,0,0,0,15,12,3,0,0,0,0,0,0.0,0.0,0,12,3,2.8592200447594007,0.6075501533501658,15,0,0,0.0,0.0,0
1006292,Jan Thomassen,1006515,Thorbjørn Vildar Dahl Eriksen,9,6,2.211115274632466,0.7756947041185337,15,0,0,0,15,9,6,0,0,0,0,0,0.0,0.0,0,9,6,2.211115274632466,0.7756947041185337,15,0,0,0.0,0.0,0
1006184,Christian Johannessen,1006186,Christian Wikeby,12,3,2.93182505588153,0.7330278990892896,15,0,0,0,15,12,3,0,0,0,0,0,0.0,0.0,0,12,3,2.93182505588153,0.7330278990892896,15,0,0,0.0,0.0,0
1006197,Daniel Salole,1006549,Umar Hayat Ali,8,7,1.4388283084101587,1.3558096315087464,15,0,0,0,15,8,7,0,0,0,2,5,0.40440009017170464,1.0110002254292616,7,6,2,1.034428218238454,0.3448094060794847,8,0,0,0.0,0.0,0
1343995,Jarle Steinhovden,3185355,Ivar Lexi,10,5,1.430404494485539,0.6407189186229867,15,0,0,0,15,10,5,0,0,0,0,0,0.0,0.0,0,6,0,0.9178293595871495,0.0,6,4,5,0.5125751348983894,0.6407189186229867,9
1006515,Thorbjørn Vildar Dahl Eriksen,3185355,Ivar Lexi,6,9,0.7826076979343133,1.1739115469014698,15,0,0,0,15,6,9,0,0,0,0,0,0.0,0.0,0,0,0,0.0,0.0,0,6,9,0.7826076979343133,1.1739115469014698,15
1277043,Alexander Hagen,44119141,Gaute Rogstad,11,3,10.8245299061528,2.947388082392637,14,0,0,0,14,11,3,0,0,0,5,1,4.955914147437223,0.9911828294874446,6,6,2,5.868615758715577,1.9562052529051923,8,0,0,0.0,0.0,0
19616722,Lobsang Thupten,51736666,Yakup Aliz,5,9,4.358436178092647,8.288209783975594,14,0,0,0,14,5,9,0,0,0,3,3,2.393549375151173,2.393549375151173,6,2,6,1.9648868029414737,5.8946604088244205,8,0,0,0.0,0.0,0
1006239,Frank Hjeldnes,53649337,Erlend Helgesen,4,10,3.593370250459742,9.249292505608224,14,0,0,0,14,4,10,0,0,0,0,0,0.0,0.0,0,4,10,3.593370250459742,9.249292505608224,14,0,0,0.0,0.0,0
1006239,Frank Hjeldnes,1566592,Kim Bengtsson,12,2,10.939827485468724,1.7668277972232747,14,0,0,0,14,12,2,0,0,0,0,0,0.0,0.0,0,12,2,10.939827485468724,1.7668277972232747,14,0,0,0.0,0.0,0
43127857,Manabu Sekiguchi,7711820,Marie Hoff Petersen,10,4,9.154625361500615,3.7595627291992657,14,0,0,0,14,10,4,0,0,0,0,0,0.0,0.0,0,10,4,9.154625361500615,3.7595627291992657,14,0,0,0.0,0.0,0
1006239,Frank Hjeldnes,7711820,Marie Hoff Petersen,8,6,7.414020788637419,5.429134754276674,14,0,0,0,14,8,6,0,0,0,0,0,0.0,0.0,0,8,6,7.414020788637419,5.429134754276674,14,0,0,0.0,0.0,0
19030543,Martin Olsson,19616722,Lobsang Thupten,11,3,9.596470627919826,2.606695324015754,14,0,0,0,14,11,3,0,0,0,3,1,2.490932004429567,0.830310668143189,4,8,2,7.105538623490259,1.7763846558725649,10,0,0,0.0,0.0,0
1006420,Ole Tobias Tanilon Gangfløt,17978686,Ibra Alkhader,7,7,6.406762164838863,6.406762164838863,14,0,0,0,14,7,7,0,0,0,0,0,0.0,0.0,0,7,7,6.406762164838863,6.406762164838863,14,0,0,0.0,0.0,0
3185355,Ivar Lexi,44184394,Per Arne Grotthing,4,10,3.1632600562403264,8.51008424265488,14,0,0,0,14,4,10,0,0,0,0,5,0.0,4.556009172354473,5,4,5,3.1632600562403264,3.9540750703004077,9,0,0,0.0,0.0,0
48159925,Ole-Jakob Rosenvold,8498578,Riaz Ali,7,7,5.991734764708143,5.9539004869553125,14,0,0,0,14,7,7,0,0,0,3,5,2.535456946801064,4.225761578001774,8,4,2,3.4562778179070794,1.7281389089535397,6,0,0,0.0,0.0,0
1006216,Emil Bjørkmann,19616722,Lobsang Thupten,8,6,6.68686817811793,5.0635884341824315,14,0,0,0,14,8,6,0,0,0,0,0,0.0,0.0,0,8,6,6.68686817811793,5.0635884341824315,14,0,0,0.0,0.0,0
3185355,Ivar Lexi,51736666,Yakup Aliz,2,12,1.6977986679262436,10.18679200755746,14,0,0,0,14,2,12,0,0,0,0,0,0.0,0.0,0,2,12,1.6977986679262436,10.18679200755746,14,0,0,0.0,0.0,0
43127857,Manabu Sekiguchi,5140422,Tomas Gryczon,6,8,4.939590927776381,6.528240158103275,14,0,0,0,14,6,8,0,0,0,0,0,0.0,0.0,0,6,8,4.939590927776381,6.528240158103275,14,0,0,0.0,0.0,0
24897019,Robert Hedin,7284524,Daniel Hult,6,8,4.959863303515454,6.613151071353939,14,0,0,0,14,6,8,0,0,0,0,0,0.0,0.0,0,6,8,4.959863303515454,6.613151071353939,14,0,0,0.0,0.0,0
1022496,Jozef Kwit,43127857,Manabu Sekiguchi,9,5,7.31284350529938,4.071477278316941,14,0,0,0,14,9,5,0,0,0,0,0,0.0,0.0,0,9,5,7.31284350529938,4.071477278316941,14,0,0,0.0,0.0,0
1006453,Robin Nathan,1014993,Tron Vidar Engebakk,6,8,4.894399422528208,6.525865896704277,14,0,0,0,14,6,8,0,0,0,0,0,0.0,0.0,0,6,8,4.894399422528208,6.525865896704277,14,0,0,0.0,0.0,0
17978686,Ibra Alkhader,6686119,Levi Pavdeja,12,2,7.711027198174838,1.6242580905649262,14,0,0,0,14,12,2,0,0,0,7,2,5.684903316977241,1.6242580905649262,9,0,0,0.0,0.0,0,5,0,2.026123881197595,0.0,5
1298131,Jack Nordby,52645105,Tommy Bratseth,11,3,8.818931846431342,2.4148414439230272,14,0,0,0,14,11,3,0,0,0,5,0,3.989248958585288,0.0,5,6,3,4.8296828878460545,2.4148414439230272,9,0,0,0.0,0.0,0
1006197,Daniel Salole,36990883,Anders Valde,7,7,5.51495738596809,5.542953848388615,14,0,0,0,14,7,7,0,0,0,7,7,5.51495738596809,5.542953848388615,14,0,0,0.0,0.0,0,0,0,0.0,0.0,0
1006197,Daniel Salole,44478316,Rune Stensvold,11,3,8.685205493514657,2.372500790833689,14,0,0,0,14,11,3,0,0,0,5,1,3.919257802533975,0.7838515605067949,6,6,2,4.765947690980681,1.5886492303268938,8,0,0,0.0,0.0,0
1006298,Jarek (Barracuda) Kapuściński,20361406,Amir Khan,6,8,4.381371579307539,5.841828772410053,14,0,0,0,14,6,8,0,0,0,0,0,0.0,0.0,0,6,8,4.381371579307539,5.841828772410053,14,0,0,0.0,0.0,0
1670605,Bernadette Bodó,25875517,Christian Hedin,8,6,5.841828772410053,4.381371579307539,14,0,0,0,14,8,6,0,0,0,0,0,0.0,0.0,0,8,6,5.841828772410053,4.381371579307539,14,0,0,0.0,0.0,0
1006281,Jan Atle Kofoed,52645105,Tommy Bratseth,8,6,5.841828772410053,4.381371579307539,14,0,0,0,14,8,6,0,0,0,0,0,0.0,0.0,0,8,6,5.841828772410053,4.381371579307539,14,0,0,0.0,0.0,0
1035589,Sebastian Mæhlum,5140422,Tomas Gryczon,6,8,4.381371579307539,5.841828772410053,14,0,0,0,14,6,8,0,0,0,0,0,0.0,0.0,0,6,8,4.381371579307539,5.841828772410053,14,0,0,0.0,0.0,0
1123060,"Paweł ""Mumrikken"" Zalewski",27194773,Torstein Brustugun,6,8,4.381371579307539,5.841828772410053,14,0,0,0,14,6,8,0,0,0,0,0,0.0,0.0,0,6,8,4.381371579307539,5.841828772410053,14,0,0,0.0,0.0,0
1006340,Kjartan Maraas,25875517,Christian Hedin,8,6,5.841828772410053,4.381371579307539,14,0,0,0,14,8,6,0,0,0,0,0,0.0,0.0,0,8,6,5.841828772410053,4.381371579307539,14,0,0,0.0,0.0,0
1022496,Jozef Kwit,3682319,Lasse Rognlien,6,8,4.362013163068824,5.816017550758432,14,0,0,0,14,6,8,0,0,0,0,0,0.0,0.0,0,6,8,4.362013163068824,5.816017550758432,14,0,0,0.0,0.0,0
19616722,Lobsang Thupten,4849639,Petter Rognlien,8,6,5.816017550758432,4.362013163068824,14,0,0,0,14,8,6,0,0,0,0,0,0.0,0.0,0,8,6,5.816017550758432,4.362013163068824,14,0,0,0.0,0.0,0
24761314,Dovydas Andriuška,52645105,Tommy Bratseth,8,6,5.816017550758432,4.362013163068824,14,0,0,0,14,8,6,0,0,0,0,0,0.0,0.0,0,8,6,5.816017550758432,4.362013163068824,14,0,0,0.0,0.0,0
1006403,Niklas Engström-Øvretveit,28197979,Kalsang Kalsang,8,6,5.816017550758432,4.362013163068824,14,0,0,0,14,8,6,0,0,0,0,0,0.0,0.0,0,8,6,5.816017550758432,4.362013163068824,14,0,0,0.0,0.0,0
1006197,Daniel Salole,6545064,Kim-Olaf Sørensen,7,7,4.530750518344286,5.066530325516242,14,0,0,0,14,7,7,0,0,0,4,7,2.895160186009281,5.066530325516242,11,3,0,1.6355903323350045,0.0,3,0,0,0.0,0.0,0
1006186,Christian Wikeby,7711820,Marie Hoff Petersen,6,8,4.171528969643882,5.412379944108017,14,0,0,0,14,6,8,0,0,0,5,6,3.6189502325116014,4.342740279013921,11,1,2,0.5525787371322803,1.0696396650940962,3,0,0,0.0,0.0,0
19616722,Lobsang Thupten,3682319,Lasse Rognlien,8,6,5.764736732309381,4.323552549232036,14,0,0,0,14,8,6,0,0,0,0,0,0.0,0.0,0,8,6,5.764736732309381,4.323552549232036,14,0,0,0.0,0.0,0
1006292,Jan Thomassen,6181993,Kim Bjørnstad,6,8,4.323552549232036,5.764736732309381,14,0,0,0,14,6,8,0,0,0,0,0,0.0,0.0,0,6,8,4.323552549232036,5.764736732309381,14,0,0,0.0,0.0,0
25484464,Joaquin K. Yovine,51736666,Yakup Aliz,8,6,5.764736732309381,4.323552549232036,14,0,0,0,14,8,6,0,0,0,0,0,0.0,0.0,0,8,6,5.764736732309381,4.323552549232036,14,0,0,0.0,0.0,0
1123060,"Paweł ""Mumrikken"" Zalewski",54042724,Trond Vidar Engebakk,6,8,4.063764940747354,5.418353254329805,14,0,0,0,14,6,8,0,0,0,0,0,0.0,0.0,0,6,8,4.063764940747354,5.418353254329805,14,0,0,0.0,0.0,0
1006333,Kent Hansen,3185355,Ivar Lexi,4,10,2.3201795024418903,5.800448756104727,14,0,0,0,14,4,10,0,0,0,0,0,0.0,0.0,0,2,5,1.1549514756975112,2.887378689243778,7,2,5,1.1652280267443789,2.9130700668609473,7
1095179,Ernesto Antonio Meléndez,1510340,Andris Viksnins,8,6,3.83803699712566,3.0625203749868355,14,0,0,0,14,8,6,0,0,0,0,0,0.0,0.0,0,3,5,1.564713392428434,2.6078556540473903,8,5,1,2.2733236046972265,0.45466472093944527,6
1024799,Stig Nesvik,20124274,Paolo Speciale,9,5,4.066891698520258,2.2039965158735484,14,0,0,0,14,9,5,0,0,0,0,0,0.0,0.0,0,9,5,4.066891698520258,2.2039965158735484,14,0,0,0.0,0.0,0
1006328,Lioness Princess,1597907,Haukur Stefansson,5,9,1.3181758901224976,2.8274332810692058,14,0,0,0,14,5,9,0,0,0,0,0,0.0,0.0,0,5,9,1.3181758901224976,2.8274332810692058,14,0,0,0.0,0.0,0
1006360,Lars Harby,1006515,Thorbjørn Vildar Dahl Eriksen,9,5,2.89258630105293,1.5692661316081176,14,0,0,0,14,9,5,0,0,0,0,0,0.0,0.0,0,9,5,2.89258630105293,1.5692661316081176,14,0,0,0.0,0.0,0
1006328,Lioness Princess,1024799,Stig Nesvik,8,6,1.7699760494299854,0.7860808753415952,14,0,0,0,14,8,6,0,0,0,0,0,0.0,0.0,0,8,6,1.7699760494299854,0.7860808753415952,14,0,0,0.0,0.0,0
1006186,Christian Wikeby,1006514,Thomas Pedersen,3,11,0.5923305455555727,2.131075672950791,14,0,0,0,14,3,11,0,0,0,1,5,0.17704201814203654,0.8852100907101828,6,2,6,0.4152885274135362,1.2458655822406086,8,0,0,0.0,0.0,0
1006197,Daniel Salole,2043792,Vaios Evangelou,9,5,1.4590609542893473,0.8161151245277951,14,0,0,0,14,9,5,0,0,0,9,5,1.4590609542893473,0.8161151245277951,14,0,0,0.0,0.0,0,0,0,0.0,0.0,0
1006469,Roy Karlsen,7153377,Henning Ingvorsen,6,7,5.8946604088244205,6.877103810295157,13,0,0,0,13,6,7,0,0,0,0,0,0.0,0.0,0,6,7,5.8946604088244205,6.877103810295157,13,0,0,0.0,0.0,0
1006562,Yousef Austrheim,1123060,"Paweł ""Mumrikken"" Zalewski",6,7,5.8946604088244205,6.877103810295157,13,0,0,0,13,6,7,0,0,0,0,0,0.0,0.0,0,6,7,5.8946604088244205,6.877103810295157,13,0,0,0.0,0.0,0
19616722,Lobsang Thupten,44184394,Per Arne Grotthing,5,8,4.061413445876916,7.200105475587449,13,0,0,0,13,5,8,0,0,0,0,0,0.0,0.0,0,5,8,4.061413445876916,7.200105475587449,13,0,0,0.0,0.0,0
1006163,Bjørn Bratteberg,17978686,Ibra Alkhader,5,8,4.678679322910888,7.485886916657421,13,0,0,0,13,5,8,0,0,0,0,0,0.0,0.0,0,5,8,4.678679322910888,7.485886916657421,13,0,0,0.0,0.0,0
20361406,Amir Khan,52645105,Tommy Bratseth,9,4,7.698028914336087,3.3145753051200537,13,0,0,0,13,9,4,0,0,0,4,1,3.7264058385188528,0.9316014596297132,5,5,3,3.9716230758172344,2.3829738454903406,8,0,0,0.0,0.0,0
19616722,Lobsang Thupten,3185355,Ivar Lexi,5,8,4.145379154330103,6.878984657742786,13,0,0,0,13,5,8,0,0,0,1,4,0.9112018344708946,3.6448073378835786,5,4,4,3.2341773198592083,3.2341773198592083,8,0,0,0.0,0.0,0
48159925,Ole-Jakob Rosenvold,53649337,Erlend Helgesen,4,9,3.50032380305373,7.679108037896405,13,0,0,0,13,4,9,0,0,0,0,0,0.0,0.0,0,4,9,3.50032380305373,7.679108037896405,13,0,0,0.0,0.0,0
12627679,Tor Ivar Bjørseth,7711820,Marie Hoff Petersen,8,5,6.646113386939803,4.399999304914095,13,0,0,0,13,8,5,0,0,0,0,0,0.0,0.0,0,8,5,6.646113386939803,4.399999304914095,13,0,0,0.0,0.0,0
1006197,Daniel Salole,8270907,Christian Söderström,9,4,7.908268905388468,3.5352667405130473,13,0,0,0,13,9,4,0,0,0,0,0,0.0,0.0,0,9,4,7.908268905388468,3.5352667405130473,13,0,0,0.0,0.0,0
20264908,Bartosz Oldakowski,8270907,Christian Söderström,7,6,6.080502628186954,5.110133858420606,13,0,0,0,13,7,6,0,0,0,2,3,1.6242580905649262,2.436387135847389,5,5,3,4.4562445376220285,2.673746722573217,8,0,0,0.0,0.0,0
25743094,Mohamed Salkiny,25875517,Christian Hedin,7,6,6.23874235267084,5.347493445146434,13,0,0,0,13,7,6,0,0,0,0,0,0.0,0.0,0,7,6,6.23874235267084,5.347493445146434,13,0,0,0.0,0.0,0
1006186,Christian Wikeby,52645105,Tommy Bratseth,12,1,10.19680435621034,0.8873383474192603,13,0,0,0,13,12,1,0,0,0,6,0,4.872774271694778,0.0,6,6,1,5.324030084515562,0.8873383474192603,7,0,0,0.0,0.0,0
1006403,Niklas Engström-Øvretveit,25743094,Mohamed Salkiny,5,8,4.32034727238385,6.912555635814159,13,0,0,0,13,5,8,0,0,0,0,0,0.0,0.0,0,5,8,4.32034727238385,6.912555635814159,13,0,0,0.0,0.0,0
1006292,Jan Thomassen,52645105,Tommy Bratseth,11,2,8.605300764513773,1.6459793548075536,13,0,0,0,13,11,2,0,0,0,0,0,0.0,0.0,0,11,2,8.605300764513773,1.6459793548075536,13,0,0,0.0,0.0,0
43127857,Manabu Sekiguchi,58672273,Santo Angel Maican Lara,10,3,8.067457389695722,2.4148414439230272,13,0,0,0,13,10,3,0,0,0,0,0,0.0,0.0,0,10,3,8.067457389695722,2.4148414439230272,13,0,0,0.0,0.0,0
1006216,Emil Bjørkmann,24897019,Robert Hedin,7,6,5.6097466116807,4.8083542385834575,13,0,0,0,13,7,6,0,0,0,0,0,0.0,0.0,0,7,6,5.6097466116807,4.8083542385834575,13,0,0,0.0,0.0,0
42921529,Joshua Turla Tuppal,44184394,Per Arne Grotthing,3,10,2.3829738454903406,7.6880377176503245,13,0,0,0,13,3,10,0,0,0,0,0,0.0,0.0,0,3,10,2.3829738454903406,7.6880377176503245,13,0,0,0.0,0.0,0
1006197,Daniel Salole,19616722,Lobsang Thupten,11,2,7.477846556423947,1.1913434737580182,13,0,0,0,13,11,2,0,0,0,0,0,0.0,0.0,0,11,2,7.477846556423947,1.1913434737580182,13,0,0,0.0,0.0,0
1006281,Jan Atle Kofoed,13720633,Håkon Haukebøe,8,5,5.841828772410053,3.651142982756283,13,0,0,0,13,8,5,0,0,0,0,0,0.0,0.0,0,8,5,5.841828772410053,3.651142982756283,13,0,0,0.0,0.0,0
1035589,Sebastian Mæhlum,27194773,Torstein Brustugun,5,8,3.651142982756283,5.841828772410053,13,0,0,0,13,5,8,0,0,0,0,0,0.0,0.0,0,5,8,3.651142982756283,5.841828772410053,13,0,0,0.0,0.0,0
1006281,Jan Atle Kofoed,51736666,Yakup Aliz,5,8,3.651142982756283,5.841828772410053,13,0,0,0,13,5,8,0,0,0,0,0,0.0,0.0,0,5,8,3.651142982756283,5.841828772410053,13,0,0,0.0,0.0,0
1035589,Sebastian Mæhlum,7904326,Silja Vepsä,8,5,5.841828772410053,3.651142982756283,13,0,0,0,13,8,5,0,0,0,0,0,0.0,0.0,0,8,5,5.841828772410053,3.651142982756283,13,0,0,0.0,0.0,0
42921529,Joshua Turla Tuppal,5140422,Tomas Gryczon,8,5,5.841828772410053,3.651142982756283,13,0,0,0,13,8,5,0,0,0,0,0,0.0,0.0,0,8,5,5.841828772410053,3.651142982756283,13,0,0,0.0,0.0,0
1566592,Kim Bengtsson,36990883,Anders Valde,6,7,4.362013163068824,5.089015356913628,13,0,0,0,13,6,7,0,0,0,0,0,0.0,0.0,0,6,7,4.362013163068824,5.089015356913628,13,0,0,0.0,0.0,0
1123060,"Paweł ""Mumrikken"" Zalewski",36990883,Anders Valde,7,6,5.089015356913628,4.362013163068824,13,0,0,0,13,7,6,0,0,0,0,0,0.0,0.0,0,7,6,5.089015356913628,4.362013163068824,13,0,0,0.0,0.0,0
1006403,Niklas Engström-Øvretveit,1123060,"Paweł ""Mumrikken"" Zalewski",5,8,3.6350109692240204,5.816017550758432,13,0,0,0,13,5,8,0,0,0,0,0,0.0,0.0,0,5,8,3.6350109692240204,5.816017550758432,13,0,0,0.0,0.0,0
16144084,Truls Bakken,53649337,Erlend Helgesen,7,6,5.066530325516242,4.342740279013921,13,0,0,0,13,7,6,0,0,0,7,6,5.066530325516242,4.342740279013921,13,0,0,0.0,0.0,0,0,0,0.0,0.0,0
36225232,Adrian Winther,53649337,Erlend Helgesen,6,7,4.342740279013921,5.066530325516242,13,0,0,0,13,6,7,0,0,0,6,7,4.342740279013921,5.066530325516242,13,0,0,0.0,0.0,0,0,0,0.0,0.0,0
42921529,Joshua Turla Tuppal,48159925,Ole-Jakob Rosenvold,7,6,5.066530325516242,4.342740279013921,13,0,0,0,13,7,6,0,0,0,7,6,5.066530325516242,4.342740279013921,13,0,0,0.0,0.0,0,0,0,0.0,0.0,0
36225232,Adrian Winther,51736666,Yakup Aliz,8,5,5.764736732309381,3.602960457693363,13,0,0,0,13,8,5,0,0,0,0,0,0.0,0.0,0,8,5,5.764736732309381,3.602960457693363,13,0,0,0.0,0.0,0
19616722,Lobsang Thupten,25484464,Joaquin K. Yovine,5,8,3.602960457693363,5.764736732309381,13,0,0,0,13,5,8,0,0,0,0,0,0.0,0.0,0,5,8,3.602960457693363,5.764736732309381,13,0,0,0.0,0.0,0
1006220,Erik Gårdelöf,36225232,Adrian Winther,6,7,4.323552549232036,5.044144640770709,13,0,0,0,13,6,7,0,0,0,0,0,0.0,0.0,0,6,7,4.323552549232036,5.044144640770709,13,0,0,0.0,0.0,0
1006360,Lars Harby,44478316,Rune Stensvold,8,5,5.713945717432877,3.571216073395548,13,0,0,0,13,8,5,0,0,0,0,0,0.0,0.0,0,8,5,5.713945717432877,3.571216073395548,13,0,0,0.0,0.0,0
1123060,"Paweł ""Mumrikken"" Zalewski",6839980,Daniel Lorentzen-Styr,5,8,3.4470033140413623,5.515205302466179,13,0,0,0,13,5,8,0,0,0,0,0,0.0,0.0,0,5,8,3.4470033140413623,5.515205302466179,13,0,0,0.0,0.0,0
1095179,Ernesto Antonio Meléndez,24833275,Marte Stulen Aamodt,10,3,5.95671736879009,1.7870152106370272,13,0,0,0,13,10,3,0,0,0,0,0,0.0,0.0,0,10,3,5.95671736879009,1.7870152106370272,13,0,0,0.0,0.0,0
10585213,Veejay Adriano,2298198,Kenneth Mydland,6,7,3.1813232093497077,3.7115437442413257,13,0,0,0,13,6,7,0,0,0,0,0,0.0,0.0,0,6,7,3.1813232093497077,3.7115437442413257,13,0,0,0.0,0.0,0
1006340,Kjartan Maraas,6686119,Levi Pavdeja,6,7,2.3755337526944666,2.8265795317447853,13,0,0,0,13,6,7,0,0,0,3,5,1.2428903632818074,2.0714839388030124,8,3,2,1.1326433894126589,0.7550955929417726,5,0,0,0.0,0.0,0
1006465,Ronny Oldervik,1042070,Henrik Olsson,5,8,1.8870525447716435,3.01923830912911,13,0,0,0,13,5,8,0,0,0,0,0,0.0,0.0,0,2,3,0.7550955929417726,1.1326433894126589,5,3,5,1.131956951829871,1.8865949197164515,8
1006328,Lioness Princess,1006373,Mark McGauley,6,7,1.990500569563324,2.2614600725359186,13,0,0,0,13,6,7,0,0,0,0,0,0.0,0.0,0,6,7,1.990500569563324,2.2614600725359186,13,0,0,0.0,0.0,0
1006515,Thorbjørn Vildar Dahl Eriksen,2194859,Eivind Yoo Yong Jae Johansen,12,1,3.479903578634351,0.32306572464798833,13,0,0,0,13,12,1,0,0,0,0,0,0.0,0.0,0,12,1,3.479903578634351,0.32306572464798833,13,0,0,0.0,0.0,0
1006197,Daniel Salole,7038973,James Leahy,7,6,2.2614600725359186,1.9383943478879302,13,0,0,0,13,7,6,0,0,0,0,0,0.0,0.0,0,7,6,2.2614600725359186,1.9383943478879302,13,0,0,0.0,0.0,0
1006220,Erik Gårdelöf,1006515,Thorbjørn Vildar Dahl Eriksen,6,7,1.9383943478879302,2.2614600725359186,13,0,0,0,13,6,7,0,0,0,0,0,0.0,0.0,0,6,7,1.9383943478879302,2.2614600725359186,13,0,0,0.0,0.0,0
1006333,Kent Hansen,1006450,Robert Farinetti,6,7,1.9383943478879302,2.2614600725359186,13,0,0,0,13,6,7,0,0,0,0,0,0.0,0.0,0,6,7,1.9383943478879302,2.2614600725359186,13,0,0,0.0,0.0,0
1006514,Thomas Pedersen,1006515,Thorbjørn Vildar Dahl Eriksen,11,2,2.8468465012742237,0.40619479939881065,13,0,0,0,13,11,2,0,0,0,0,0,0.0,0.0,0,6,0,1.8313595027771974,0.0,6,5,2,1.0154869984970265,0.40619479939881065,7
1597907,Haukur Stefansson,2043792,Vaios Evangelou,7,6,1.3568873175767133,1.3148376897205065,13,0,0,0,13,7,6,0,0,0,4,2,0.5932144804581335,0.29660724022906676,6,3,4,0.7636728371185799,1.0182304494914398,7,0,0,0.0,0.0,0
1006360,Lars Harby,3212629,Rolf G. Sedsbøe Jensen,7,6,1.711067025651474,1.4666288791298348,13,0,0,0,13,7,6,0,0,0,0,0,0.0,0.0,0,7,6,1.711067025651474,1.4666288791298348,13,0,0,0.0,0.0,0
3212629,Rolf G. Sedsbøe Jensen,6600268,Kim Soo Garmark,6,7,1.4666288791298348,1.711067025651474,13,0,0,0,13,6,7,0,0,0,0,0,0.0,0.0,0,6,7,1.4666288791298348,1.711067025651474,13,0,0,0.0,0.0,0
1030433,Bill Vrodos,1399018,Kristoffer Mørk,7,6,1.0427256228486093,0.8937648195845221,13,0,0,0,13,7,6,0,0,0,0,0,0.0,0.0,0,0,0,0.0,0.0,0,7,6,1.0427256228486093,0.8937648195845221,13
1006197,Daniel Salole,1343995,Jarle Steinhovden,5,8,0.7415181005726669,1.186428960916267,13,0,0,0,13,5,8,0,0,0,5,8,0.7415181005726669,1.186428960916267,13,0,0,0.0,0.0,0,0,0,0.0,0.0,0
1006333,Kent Hansen,1597907,Haukur Stefansson,7,6,1.0381253408017337,0.8898217206872002,13,0,0,0,13,7,6,0,0,0,7,6,1.0381253408017337,0.8898217206872002,13,0,0,0.0,0.0,0,0,0,0.0,0.0,0
1006458,Roger Rasmussen,1006514,Thomas Pedersen,6,7,0.8437674375569383,0.984395343816428,13,0,0,0,13,6,7,0,0,0,0,0,0.0,0.0,0,6,7,0.8437674375569383,0.984395343816428,13,0,0,0.0,0.0,0
1006148,Arild Moilanen,1006220,Erik Gårdelöf,4,8,3.982326615409529,7.964653230819059,12,0,0,0,12,4,8,0,0,0,0,0,0.0,0.0,0,4,8,3.982326615409529,7.964653230819059,12,0,0,0.0,0.0,0
1006186,Christian Wikeby,2660053,Morten Bjellås,8,4,6.591504479772228,3.5187452659073353,12,0,0,0,12,8,4,0,0,0,5,3,4.955914147437223,2.9735484884623338,8,3,1,1.6355903323350045,0.5451967774450015,4,0,0,0.0,0.0,0
1006340,Kjartan Maraas,25743094,Mohamed Salkiny,5,7,4.955914147437223,6.938279806412112,12,0,0,0,12,5,7,0,0,0,5,7,4.955914147437223,6.938279806412112,12,0,0,0.0,0.0,0,0,0,0.0,0.0,0
12622333,Silje Engström-Øvretveit,44478316,Rune Stensvold,6,6,5.551042670787835,5.551042670787835,12,0,0,0,12,6,6,0,0,0,0,0,0.0,0.0,0,6,6,5.551042670787835,5.551042670787835,12,0,0,0.0,0.0,0
13720633,Håkon Haukebøe,48159925,Ole-Jakob Rosenvold,8,4,7.037504401382894,3.7242629032871974,12,0,0,0,12,8,4,0,0,0,0,0,0.0,0.0,0,8,4,7.037504401382894,3.7242629032871974,12,0,0,0.0,0.0,0
1006562,Yousef Austrheim,51736666,Yakup Aliz,7,5,6.877103810295157,4.912217007353684,12,0,0,0,12,7,5,0,0,0,0,0,0.0,0.0,0,7,5,6.877103810295157,4.912217007353684,12,0,0,0.0,0.0,0
1441973,Geir Holmqvist,3430505,Ben Tanner,7,5,6.846718385168173,4.8905131322629805,12,0,0,0,12,7,5,0,0,0,0,0,0.0,0.0,0,7,5,6.846718385168173,4.8905131322629805,12,0,0,0.0,0.0,0
1006292,Jan Thomassen,3430505,Ben Tanner,4,8,3.9124105058103846,7.824821011620769,12,0,0,0,12,4,8,0,0,0,0,0,0.0,0.0,0,4,8,3.9124105058103846,7.824821011620769,12,0,0,0.0,0.0,0
3430505,Ben Tanner,48159925,Ole-Jakob Rosenvold,8,4,7.824821011620769,3.9124105058103846,12,0,0,0,12,8,4,0,0,0,0,0,0.0,0.0,0,8,4,7.824821011620769,3.9124105058103846,12,0,0,0.0,0.0,0
44478316,Rune Stensvold,7711820,Marie Hoff Petersen,9,3,8.2795794864865,2.679118197521698,12,0,0,0,12,9,3,0,0,0,0,0,0.0,0.0,0,9,3,8.2795794864865,2.679118197521698,12,0,0,0.0,0.0,0
58672273,Santo Angel Maican Lara,7711820,Marie Hoff Petersen,8,4,7.305798456005466,3.5317867810420296,12,0,0,0,12,8,4,0,0,0,0,0,0.0,0.0,0,8,4,7.305798456005466,3.5317867810420296,12,0,0,0.0,0.0,0
1024799,Stig Nesvik,54197755,Tom erik Lysenstøen,8,4,7.285410386862253,3.458671395368384,12,0,0,0,12,8,4,0,0,0,0,0,0.0,0.0,0,8,4,7.285410386862253,3.458671395368384,12,0,0,0.0,0.0,0
1095179,Ernesto Antonio Meléndez,17978686,Ibra Alkhader,4,8,3.7429434583287104,7.485886916657421,12,0,0,0,12,4,8,0,0,0,0,0,0.0,0.0,0,4,8,3.7429434583287104,7.485886916657421,12,0,0,0.0,0.0,0
1006340,Kjartan Maraas,43127857,Manabu Sekiguchi,6,6,4.937938064422662,5.480996975552342,12,0,0,0,12,6,6,0,0,0,0,5,0.0,4.658007298148566,5,6,1,4.937938064422662,0.8229896774037768,7,0,0,0.0,0.0,0
1006340,Kjartan Maraas,52645105,Tommy Bratseth,7,5,5.568772022605779,4.405636016298419,12,0,0,0,12,7,5,0,0,0,0,0,0.0,0.0,0,7,5,5.568772022605779,4.405636016298419,12,0,0,0.0,0.0,0
1006403,Niklas Engström-Øvretveit,2660053,Morten Bjellås,12,0,10.246328612090162,0.0,12,0,0,0,12,12,0,0,0,0,0,0,0.0,0.0,0,12,0,10.246328612090162,0.0,12,0,0,0.0,0.0,0
26143903,Katrine Sætereng,44184394,Per Arne Grotthing,4,8,3.5493533896770413,6.797869570806893,12,0,0,0,12,4,8,0,0,0,0,4,0.0,3.2485161811298524,4,4,4,3.5493533896770413,3.5493533896770413,8,0,0,0.0,0.0,0
17978686,Ibra Alkhader,51736666,Yakup Aliz,8,4,6.943233243668332,3.4716166218341664,12,0,0,0,12,8,4,0,0,0,0,0,0.0,0.0,0,8,4,6.943233243668332,3.4716166218341664,12,0,0,0.0,0.0,0
20361406,Amir Khan,25743094,Mohamed Salkiny,4,8,3.4562778179070794,6.912555635814159,12,0,0,0,12,4,8,0,0,0,0,0,0.0,0.0,0,4,8,3.4562778179070794,6.912555635814159,12,0,0,0.0,0.0,0
44184394,Per Arne Grotthing,7711820,Marie Hoff Petersen,8,4,6.828952035699152,3.395597335852487,12,0,0,0,12,8,4,0,0,0,0,0,0.0,0.0,0,8,4,6.828952035699152,3.395597335852487,12,0,0,0.0,0.0,0
48159925,Ole-Jakob Rosenvold,49839568,Navid Elyasi,6,6,4.990329707739889,5.101611057363781,12,0,0,0,12,6,6,0,0,0,0,0,0.0,0.0,0,6,6,4.990329707739889,5.101611057363781,12,0,0,0.0,0.0,0
43127857,Manabu Sekiguchi,54197755,Tom erik Lysenstøen,11,1,9.217371026011918,0.8564508067619576,12,0,0,0,12,11,1,0,0,0,0,0,0.0,0.0,0,11,1,9.217371026011918,0.8564508067619576,12,0,0,0.0,0.0,0
1006186,Christian Wikeby,1277043,Alexander Hagen,6,6,5.11601150112199,5.11601150112199,12,0,0,0,12,6,6,0,0,0,0,0,0.0,0.0,0,6,6,5.11601150112199,5.11601150112199,12,0,0,0.0,0.0,0
33336508,Paweł Chołodowski,7284524,Daniel Hult,4,8,3.3065755356769695,6.613151071353939,12,0,0,0,12,4,8,0,0,0,0,0,0.0,0.0,0,4,8,3.3065755356769695,6.613151071353939,12,0,0,0.0,0.0,0
1006204,Egil Arne Sørensen,1006220,Erik Gårdelöf,4,8,3.3065755356769695,6.613151071353939,12,0,0,0,12,4,8,0,0,0,0,0,0.0,0.0,0,4,8,3.3065755356769695,6.613151071353939,12,0,0,0.0,0.0,0
1014993,Tron Vidar Engebakk,43127857,Manabu Sekiguchi,8,4,6.525865896704277,3.262932948352139,12,0,0,0,12,8,4,0,0,0,0,0,0.0,0.0,0,8,4,6.525865896704277,3.262932948352139,12,0,0,0.0,0.0,0
1006340,Kjartan Maraas,57799534,Iris Marie Evdahl,12,0,9.618324940063593,0.0,12,0,0,0,12,12,0,0,0,0,0,0,0.0,0.0,0,12,0,9.618324940063593,0.0,12,0,0,0.0,0.0,0
1006220,Erik Gårdelöf,3185355,Ivar Lexi,8,4,6.439577183794739,3.2197885918973697,12,0,0,0,12,8,4,0,0,0,0,0,0.0,0.0,0,8,4,6.439577183794739,3.2197885918973697,12,0,0,0.0,0.0,0
19616722,Lobsang Thupten,24833275,Marte Stulen Aamodt,7,5,4.881021771714339,2.9783586843950456,12,0,0,0,12,7,5,0,0,0,0,0,0.0,0.0,0,7,5,4.881021771714339,2.9783586843950456,12,0,0,0.0,0.0,0
13720633,Håkon Haukebøe,49097056,Herman Maraas,6,6,4.466285042784614,4.476166251661974,12,0,0,0,12,6,6,0,0,0,0,0,0.0,0.0,0,6,6,4.466285042784614,4.476166251661974,12,0,0,0.0,0.0,0
13720633,Håkon Haukebøe,19616722,Lobsang Thupten,8,4,5.90702187353936,2.963321325118076,12,0,0,0,12,8,4,0,0,0,0,0,0.0,0.0,0,8,4,5.90702187353936,2.963321325118076,12,0,0,0.0,0.0,0
1006197,Daniel Salole,25875517,Christian Hedin,5,7,3.71641464183309,5.202980498566326,12,0,0,0,12,5,7,0,0,0,0,0,0.0,0.0,0,5,7,3.71641464183309,5.202980498566326,12,0,0,0.0,0.0,0
1035589,Sebastian Mæhlum,44478316,Rune Stensvold,8,4,5.841828772410053,2.9209143862050264,12,0,0,0,12,8,4,0,0,0,0,0,0.0,0.0,0,8,4,5.841828772410053,2.9209143862050264,12,0,0,0.0,0.0,0
1006163,Bjørn Bratteberg,44478316,Rune Stensvold,8,4,5.841828772410053,2.9209143862050264,12,0,0,0,12,8,4,0,0,0,0,0,0.0,0.0,0,8,4,5.841828772410053,2.9209143862050264,12,0,0,0.0,0.0,0
1006197,Daniel Salole,1670605,Bernadette Bodó,7,5,5.111600175858796,3.651142982756283,12,0,0,0,12,7,5,0,0,0,0,0,0.0,0.0,0,7,5,5.111600175858796,3.651142982756283,12,0,0,0.0,0.0,0
42921529,Joshua Turla Tuppal,51736666,Yakup Aliz,4,8,2.9209143862050264,5.841828772410053,12,0,0,0,12,4,8,0,0,0,0,0,0.0,0.0,0,4,8,2.9209143862050264,5.841828772410053,12,0,0,0.0,0.0,0
1006292,Jan Thomassen,3682319,Lasse Rognlien,4,8,2.9080087753792165,5.816017550758432,12,0,0,0,12,4,8,0,0,0,0,0,0.0,0.0,0,4,8,2.9080087753792165,5.816017550758432,12,0,0,0.0,0.0,0
1006186,Christian Wikeby,49097056,Herman Maraas,7,5,5.066530325516242,3.6189502325116014,12,0,0,0,12,7,5,0,0,0,7,5,5.066530325516242,3.6189502325116014,12,0,0,0.0,0.0,0,0,0,0.0,0.0,0
20124274,Paolo Speciale,51736666,Yakup Aliz,7,5,5.066530325516242,3.6189502325116014,12,0,0,0,12,7,5,0,0,0,7,5,5.066530325516242,3.6189502325116014,12,0,0,0.0,0.0,0,0,0,0.0,0.0,0
1006292,Jan Thomassen,58672273,Santo Angel Maican Lara,8,4,5.764736732309381,2.8823683661546906,12,0,0,0,12,8,4,0,0,0,0,0,0.0,0.0,0,8,4,5.764736732309381,2.8823683661546906,12,0,0,0.0,0.0,0
25484464,Joaquin K. Yovine,36225232,Adrian Winther,4,8,2.8823683661546906,5.764736732309381,12,0,0,0,12,4,8,0,0,0,0,0,0.0,0.0,0,4,8,2.8823683661546906,5.764736732309381,12,0,0,0.0,0.0,0
1006220,Erik Gårdelöf,1006406,Nina Torvund,7,5,4.783233684536536,3.416595488954669,12,0,0,0,12,7,5,0,0,0,7,5,4.783233684536536,3.416595488954669,12,0,0,0.0,0.0,0,0,0,0.0,0.0,0
1014993,Tron Vidar Engebakk,6839980,Daniel Lorentzen-Styr,9,3,6.012373184800617,2.040913320992223,12,0,0,0,12,9,3,0,0,0,0,0,0.0,0.0,0,1,0,0.5699376621546889,0.0,1,8,3,5.442435522645928,2.040913320992223,11
1123060,"Paweł ""Mumrikken"" Zalewski",2106214,Don Hajra,4,8,2.5462571605718085,5.092514321143617,12,0,0,0,12,4,8,0,0,0,0,0,0.0,0.0,0,4,8,2.5462571605718085,5.092514321143617,12,0,0,0.0,0.0,0
1006197,Daniel Salole,1030563,Alexander Baranji,6,6,0.8977372228565947,1.1232862987038776,12,0,0,0,12,6,6,0,0,0,0,0,0.0,0.0,0,6,6,0.8977372228565947,1.1232862987038776,12,0,0,0.0,0.0,0
1006360,Lars Harby,1597907,Haukur Stefansson,10,2,3.401459809856413,0.6706052688943998,12,0,0,0,12,10,2,0,0,0,0,0,0.0,0.0,0,10,2,3.401459809856413,0.6706052688943998,12,0,0,0.0,0.0,0
1006197,Daniel Salole,1597907,Haukur Stefansson,6,6,1.522285067625108,1.311463951979139,12,0,0,0,12,6,6,0,0,0,3,4,0.44491086034360017,0.5932144804581335,7,3,2,1.077374207281508,0.7182494715210054,5,0,0,0.0,0.0,0
1006186,Christian Wikeby,1006271,Henrik Hagen,5,7,1.6153286232399418,2.2614600725359186,12,0,0,0,12,5,7,0,0,0,0,0,0.0,0.0,0,5,7,1.6153286232399418,2.2614600725359186,12,0,0,0.0,0.0,0
1006186,Christian Wikeby,1441973,Geir Holmqvist,7,5,2.2614600725359186,1.6153286232399418,12,0,0,0,12,7,5,0,0,0,0,0,0.0,0.0,0,7,5,2.2614600725359186,1.6153286232399418,12,0,0,0.0,0.0,0
1006271,Henrik Hagen,1006373,Mark McGauley,7,5,2.2614600725359186,1.6153286232399418,12,0,0,0,12,7,5,0,0,0,0,0,0.0,0.0,0,7,5,2.2614600725359186,1.6153286232399418,12,0,0,0.0,0.0,0
1006184,Christian Johannessen,1006515,Thorbjørn Vildar Dahl Eriksen,7,5,1.711067025651474,1.2221907326081956,12,0,0,0,12,7,5,0,0,0,0,0,0.0,0.0,0,7,5,1.711067025651474,1.2221907326081956,12,0,0,0.0,0.0,0
1006163,Bjørn Bratteberg,1006515,Thorbjørn Vildar Dahl Eriksen,7,5,1.711067025651474,1.2221907326081956,12,0,0,0,12,7,5,0,0,0,0,0,0.0,0.0,0,7,5,1.711067025651474,1.2221907326081956,12,0,0,0.0,0.0,0
1006163,Bjørn Bratteberg,1006184,Christian Johannessen,7,5,1.711067025651474,1.2221907326081956,12,0,0,0,12,7,5,0,0,0,0,0,0.0,0.0,0,7,5,1.711067025651474,1.2221907326081956,12,0,0,0.0,0.0,0
1006360,Lars Harby,6600268,Kim Soo Garmark,7,5,1.711067025651474,1.2221907326081956,12,0,0,0,12,7,5,0,0,0,0,0,0.0,0.0,0,7,5,1.711067025651474,1.2221907326081956,12,0,0,0.0,0.0,0
1006163,Bjørn Bratteberg,6600268,Kim Soo Garmark,3,9,0.7333144395649174,2.199943318694752,12,0,0,0,12,3,9,0,0,0,0,0,0.0,0.0,0,3,9,0.7333144395649174,2.199943318694752,12,0,0,0.0,0.0,0
1006184,Christian Johannessen,1006360,Lars Harby,9,3,2.199943318694752,0.7333144395649174,12,0,0,0,12,9,3,0,0,0,0,0,0.0,0.0,0,9,3,2.199943318694752,0.7333144395649174,12,0,0,0.0,0.0,0
1343995,Jarle Steinhovden,1597907,Haukur Stefansson,6,6,0.8898217206872002,0.8898217206872002,12,0,0,0,12,6,6,0,0,0,6,6,0.8898217206872002,0.8898217206872002,12,0,0,0.0,0.0,0,0,0,0.0,0.0,0
1006156,Asle Geir Skogen,1174563,Jan Kringstad,10,2,1.4314286135258005,0.2862857227051601,12,0,0,0,12,10,2,0,0,0,10,2,1.4314286135258005,0.2862857227051601,12,0,0,0.0,0.0,0,0,0,0.0,0.0,0
1006220,Erik Gårdelöf,1006514,Thomas Pedersen,5,7,0.7031395312974486,0.984395343816428,12,0,0,0,12,5,7,0,0,0,0,0,0.0,0.0,0,5,7,0.7031395312974486,0.984395343816428,12,0,0,0.0,0.0,0
1042070,Henrik Olsson,1612715,Kunta Kinte,7,5,0.9543753047435193,0.6816966462453709,12,0,0,0,12,7,5,0,0,0,0,0,0.0,0.0,0,7,5,0.9543753047435193,0.6816966462453709,12,0,0,0.0,0.0,0
1006197,Daniel Salole,1006255,Håkon Walland,6,6,0.7860808753415952,0.7860808753415952,12,0,0,0,12,6,6,0,0,0,0,0,0.0,0.0,0,6,6,0.7860808753415952,0.7860808753415952,12,0,0,0.0,0.0,0
1006239,Frank Hjeldnes,1006323,Jørn Betten,6,5,5.973489923114294,4.977908269261912,11,0,0,0,11,6,5,0,0,0,0,0,0.0,0.0,0,6,5,5.973489923114294,4.977908269261912,11,0,0,0.0,0.0,0
1123060,"Paweł ""Mumrikken"" Zalewski",1298131,Jack Nordby,7,4,6.877103810295157,3.9297736058829473,11,0,0,0,11,7,4,0,0,0,0,0,0.0,0.0,0,7,4,6.877103810295157,3.9297736058829473,11,0,0,0.0,0.0,0
44478316,Rune Stensvold,53649337,Erlend Helgesen,5,6,4.455818807371041,5.742527675496873,11,0,0,0,11,5,6,0,0,0,3,1,2.490932004429567,0.830310668143189,4,2,5,1.9648868029414737,4.912217007353684,7,0,0,0.0,0.0,0
1006186,Christian Wikeby,36990883,Anders Valde,8,3,7.563102915055431,2.9213430914431036,11,0,0,0,11,8,3,0,0,0,0,0,0.0,0.0,0,8,3,7.563102915055431,2.9213430914431036,11,0,0,0.0,0.0,0
1024799,Stig Nesvik,36990883,Anders Valde,5,6,4.7834237393673344,5.757091381025134,11,0,0,0,11,5,6,0,0,0,0,4,0.0,3.8437218852782,4,5,2,4.7834237393673344,1.9133694957469336,7,0,0,0.0,0.0,0
3185355,Ivar Lexi,43127857,Manabu Sekiguchi,4,7,3.826738991493867,6.696793235114269,11,0,0,0,11,4,7,0,0,0,0,0,0.0,0.0,0,4,7,3.826738991493867,6.696793235114269,11,0,0,0.0,0.0,0
20361406,Amir Khan,54197755,Tom erik Lysenstøen,8,3,6.8444077867711615,2.8196720468994494,11,0,0,0,11,8,3,0,0,0,0,0,0.0,0.0,0,8,3,6.8444077867711615,2.8196720468994494,11,0,0,0.0,0.0,0
19616722,Lobsang Thupten,80088046,Kim Rui,4,7,3.6856458958021863,6.505317942701636,11,0,0,0,11,4,7,0,0,0,0,0,0.0,0.0,0,4,7,3.6856458958021863,6.505317942701636,11,0,0,0.0,0.0,0
1095179,Ernesto Antonio Meléndez,1123060,"Paweł ""Mumrikken"" Zalewski",5,6,4.637426609547216,5.564911931456659,11,0,0,0,11,5,6,0,0,0,0,0,0.0,0.0,0,5,6,4.637426609547216,5.564911931456659,11,0,0,0.0,0.0,0
51736666,Yakup Aliz,6686119,Levi Pavdeja,6,5,5.443054976135148,4.53587914677929,11,0,0,0,11,6,5,0,0,0,0,0,0.0,0.0,0,6,5,5.443054976135148,4.53587914677929,11,0,0,0.0,0.0,0
25743094,Mohamed Salkiny,58672273,Santo Angel Maican Lara,8,3,7.225356770649727,2.709508788993648,11,0,0,0,11,8,3,0,0,0,0,0,0.0,0.0,0,8,3,7.225356770649727,2.709508788993648,11,0,0,0.0,0.0,0
1006403,Niklas Engström-Øvretveit,24897019,Robert Hedin,6,5,5.395062632301351,4.495885526917792,11,0,0,0,11,6,5,0,0,0,0,0,0.0,0.0,0,6,5,5.395062632301351,4.495885526917792,11,0,0,0.0,0.0,0
1006197,Daniel Salole,1022496,Jozef Kwit,6,5,5.347493445146434,4.4562445376220285,11,0,0,0,11,6,5,0,0,0,0,0,0.0,0.0,0,6,5,5.347493445146434,4.4562445376220285,11,0,0,0.0,0.0,0
1006186,Christian Wikeby,25743094,Mohamed Salkiny,4,7,3.564995630097623,6.23874235267084,11,0,0,0,11,4,7,0,0,0,0,0,0.0,0.0,0,4,7,3.564995630097623,6.23874235267084,11,0,0,0.0,0.0,0
1006204,Egil Arne Sørensen,1024805,Audun Bjerve,6,5,5.324030084515562,4.436691737096302,11,0,0,0,11,6,5,0,0,0,0,0,0.0,0.0,0,6,5,5.324030084515562,4.436691737096302,11,0,0,0.0,0.0,0
1566592,Kim Bengtsson,43127857,Manabu Sekiguchi,1,10,0.7838515605067949,8.459436326542741,11,0,0,0,11,1,10,0,0,0,1,4,0.7838515605067949,3.1354062420271798,5,0,6,0.0,5.324030084515562,6,0,0,0.0,0.0,0
1006163,Bjørn Bratteberg,1006239,Frank Hjeldnes,6,5,5.300483391669824,4.417069493058187,11,0,0,0,11,6,5,0,0,0,0,0,0.0,0.0,0,6,5,5.300483391669824,4.417069493058187,11,0,0,0.0,0.0,0
1441973,Geir Holmqvist,49839568,Navid Elyasi,8,3,7.036085361727637,2.638532010647864,11,0,0,0,11,8,3,0,0,0,0,0,0.0,0.0,0,8,3,7.036085361727637,2.638532010647864,11,0,0,0.0,0.0,0
1042070,Henrik Olsson,44184394,Per Arne Grotthing,8,3,6.9740469973523895,2.615267624007146,11,0,0,0,11,8,3,0,0,0,0,0,0.0,0.0,0,8,3,6.9740469973523895,2.615267624007146,11,0,0,0.0,0.0,0
16849165,Trond evjen,25875517,Christian Hedin,6,5,5.207424932751249,4.339520777292708,11,0,0,0,11,6,5,0,0,0,0,0,0.0,0.0,0,6,5,5.207424932751249,4.339520777292708,11,0,0,0.0,0.0,0
1006403,Niklas Engström-Øvretveit,17978686,Ibra Alkhader,6,5,5.207424932751249,4.339520777292708,11,0,0,0,11,6,5,0,0,0,0,0,0.0,0.0,0,6,5,5.207424932751249,4.339520777292708,11,0,0,0.0,0.0,0
25743094,Mohamed Salkiny,8498578,Riaz Ali,8,3,6.912555635814159,2.5922083634303097,11,0,0,0,11,8,3,0,0,0,0,0,0.0,0.0,0,8,3,6.912555635814159,2.5922083634303097,11,0,0,0.0,0.0,0
1006186,Christian Wikeby,1670605,Bernadette Bodó,7,4,5.995155647333703,2.9863656956654028,11,0,0,0,11,7,4,0,0,0,0,0,0.0,0.0,0,7,4,5.995155647333703,2.9863656956654028,11,0,0,0.0,0.0,0
1510340,Andris Viksnins,6839980,Daniel Lorentzen-Styr,3,8,2.558005750560995,6.346458657928183,11,0,0,0,11,3,8,0,0,0,0,1,0.0,0.37777857328586056,1,3,7,2.558005750560995,5.9686800846423225,10,0,0,0.0,0.0,0
1006216,Emil Bjørkmann,51736666,Yakup Aliz,5,6,4.244496669815609,5.0933960037787305,11,0,0,0,11,5,6,0,0,0,0,0,0.0,0.0,0,5,6,4.244496669815609,5.0933960037787305,11,0,0,0.0,0.0,0
19616722,Lobsang Thupten,2660053,Morten Bjellås,8,3,6.4746158234787305,2.392155596139011,11,0,0,0,11,8,3,0,0,0,4,1,3.380609262401419,0.8451523156003548,5,4,2,3.0940065610773124,1.5470032805386562,6,0,0,0.0,0.0,0
5140422,Tomas Gryczon,57799534,Iris Marie Evdahl,8,3,6.500225375806411,2.361962758767693,11,0,0,0,11,8,3,0,0,0,0,0,0.0,0.0,0,8,3,6.500225375806411,2.361962758767693,11,0,0,0.0,0.0,0
1006420,Ole Tobias Tanilon Gangfløt,52645105,Tommy Bratseth,7,4,5.864147970536604,3.3509416974494877,11,0,0,0,11,7,4,0,0,0,0,0,0.0,0.0,0,7,4,5.864147970536604,3.3509416974494877,11,0,0,0.0,0.0,0
1006220,Erik Gårdelöf,17978686,Ibra Alkhader,4,7,3.321242672572756,5.812174677002322,11,0,0,0,11,4,7,0,0,0,4,7,3.321242672572756,5.812174677002322,11,0,0,0.0,0.0,0,0,0,0.0,0.0,0
19616722,Lobsang Thupten,5140422,Tomas Gryczon,4,7,3.1492836783569236,5.668538294444662,11,0,0,0,11,4,7,0,0,0,0,0,0.0,0.0,0,4,7,3.1492836783569236,5.668538294444662,11,0,0,0.0,0.0,0
17978686,Ibra Alkhader,19030543,Martin Olsson,8,3,6.613151071353939,2.479931651757727,11,0,0,0,11,8,3,0,0,0,0,0,0.0,0.0,0,8,3,6.613151071353939,2.479931651757727,11,0,0,0.0,0.0,0
17978686,Ibra Alkhader,58672273,Santo Angel Maican Lara,8,3,6.583917419230216,2.4689690322113305,11,0,0,0,11,8,3,0,0,0,0,0,0.0,0.0,0,8,3,6.583917419230216,2.4689690322113305,11,0,0,0.0,0.0,0
58672273,Santo Angel Maican Lara,8270907,Christian Söderström,7,4,5.7068001535381345,3.2558736507562385,11,0,0,0,11,7,4,0,0,0,0,0,0.0,0.0,0,7,4,5.7068001535381345,3.2558736507562385,11,0,0,0.0,0.0,0
1014993,Tron Vidar Engebakk,48159925,Ole-Jakob Rosenvold,7,4,5.735499164877954,3.2774280942159737,11,0,0,0,11,7,4,0,0,0,0,0,0.0,0.0,0,7,4,5.735499164877954,3.2774280942159737,11,0,0,0.0,0.0,0
1006453,Robin Nathan,7153377,Henning Ingvorsen,7,4,5.710132659616242,3.262932948352139,11,0,0,0,11,7,4,0,0,0,0,0,0.0,0.0,0,7,4,5.710132659616242,3.262932948352139,11,0,0,0.0,0.0,0
5075218,Nevzat Yesil,7153377,Henning Ingvorsen,6,5,4.872774271694778,4.060645226412316,11,0,0,0,11,6,5,0,0,0,6,5,4.872774271694778,4.060645226412316,11,0,0,0.0,0.0,0,0,0,0.0,0.0,0
1006220,Erik Gårdelöf,52645105,Tommy Bratseth,8,3,6.468354639718415,2.4256329898944062,11,0,0,0,11,8,3,0,0,0,0,0,0.0,0.0,0,8,3,6.468354639718415,2.4256329898944062,11,0,0,0.0,0.0,0
1670605,Bernadette Bodó,44478316,Rune Stensvold,6,5,4.65457143790024,3.9079947732411693,11,0,0,0,11,6,5,0,0,0,0,0,0.0,0.0,0,6,5,4.65457143790024,3.9079947732411693,11,0,0,0.0,0.0,0
1006333,Kent Hansen,10220035,Marius Lamby Solvang,5,6,4.024735739871712,4.8296828878460545,11,0,0,0,11,5,6,0,0,0,0,0,0.0,0.0,0,5,6,4.024735739871712,4.8296828878460545,11,0,0,0.0,0.0,0
1006216,Emil Bjørkmann,7153377,Henning Ingvorsen,7,4,5.6097466116807,3.205569492388972,11,0,0,0,11,7,4,0,0,0,0,0,0.0,0.0,0,7,4,5.6097466116807,3.205569492388972,11,0,0,0.0,0.0,0
1006453,Robin Nathan,43127857,Manabu Sekiguchi,6,5,4.765947690980681,3.9716230758172344,11,0,0,0,11,6,5,0,0,0,0,0,0.0,0.0,0,6,5,4.765947690980681,3.9716230758172344,11,0,0,0.0,0.0,0
2660053,Morten Bjellås,8383376,Hans Petter Ilstad,4,7,3.1146496571317552,5.459285477020332,11,0,0,0,11,4,7,0,0,0,1,3,0.7838515605067949,2.3515546815203847,4,3,4,2.330798096624961,3.107730795499948,7,0,0,0.0,0.0,0
1006403,Niklas Engström-Øvretveit,1298131,Jack Nordby,5,6,3.901903454471374,4.682284145365649,11,0,0,0,11,5,6,0,0,0,0,0,0.0,0.0,0,5,6,3.901903454471374,4.682284145365649,11,0,0,0.0,0.0,0
24897019,Robert Hedin,6691281,Andreas Wahr-Hansen,7,4,5.202980498566326,2.973131713466472,11,0,0,0,11,7,4,0,0,0,0,0,0.0,0.0,0,7,4,5.202980498566326,2.973131713466472,11,0,0,0.0,0.0,0
25875517,Christian Hedin,3682319,Lasse Rognlien,7,4,5.202980498566326,2.973131713466472,11,0,0,0,11,7,4,0,0,0,0,0,0.0,0.0,0,7,4,5.202980498566326,2.973131713466472,11,0,0,0.0,0.0,0
10585213,Veejay Adriano,33336508,Paweł Chołodowski,8,3,5.867780320145777,2.2004176200546666,11,0,0,0,11,8,3,0,0,0,0,0,0.0,0.0,0,8,3,5.867780320145777,2.2004176200546666,11,0,0,0.0,0.0,0
20264908,Bartosz Oldakowski,33336508,Paweł Chołodowski,4,7,2.9080087753792165,5.089015356913628,11,0,0,0,11,4,7,0,0,0,0,0,0.0,0.0,0,4,7,2.9080087753792165,5.089015356913628,11,0,0,0.0,0.0,0
20264908,Bartosz Oldakowski,7153377,Henning Ingvorsen,3,8,2.1810065815344126,5.816017550758432,11,0,0,0,11,3,8,0,0,0,0,0,0.0,0.0,0,3,8,2.1810065815344126,5.816017550758432,11,0,0,0.0,0.0,0
28197979,Kalsang Kalsang,3682319,Lasse Rognlien,5,6,3.6350109692240204,4.362013163068824,11,0,0,0,11,5,6,0,0,0,0,0,0.0,0.0,0,5,6,3.6350109692240204,4.362013163068824,11,0,0,0.0,0.0,0
1006403,Niklas Engström-Øvretveit,33336508,Paweł Chołodowski,8,3,5.816017550758432,2.1810065815344126,11,0,0,0,11,8,3,0,0,0,0,0,0.0,0.0,0,8,3,5.816017550758432,2.1810065815344126,11,0,0,0.0,0.0,0
3185355,Ivar Lexi,49097056,Herman Maraas,4,7,2.895160186009281,5.066530325516242,11,0,0,0,11,4,7,0,0,0,4,7,2.895160186009281,5.066530325516242,11,0,0,0.0,0.0,0,0,0,0.0,0.0,0
20124274,Paolo Speciale,36225232,Adrian Winther,7,4,5.066530325516242,2.895160186009281,11,0,0,0,11,7,4,0,0,0,7,4,5.066530325516242,2.895160186009281,11,0,0,0.0,0.0,0,0,0,0.0,0.0,0
1566758,Tor-Arne Slorafoss,42921529,Joshua Turla Tuppal,7,4,5.066530325516242,2.895160186009281,11,0,0,0,11,7,4,0,0,0,7,4,5.066530325516242,2.895160186009281,11,0,0,0.0,0.0,0,0,0,0.0,0.0,0
57799534,Iris Marie Evdahl,6181993,Kim Bjørnstad,4,7,2.895160186009281,5.066530325516242,11,0,0,0,11,4,7,0,0,0,4,7,2.895160186009281,5.066530325516242,11,0,0,0.0,0.0,0,0,0,0.0,0.0,0
44478316,Rune Stensvold,6839980,Daniel Lorentzen-Styr,3,8,2.1427296440373285,5.713945717432877,11,0,0,0,11,3,8,0,0,0,0,0,0.0,0.0,0,3,8,2.1427296440373285,5.713945717432877,11,0,0,0.0,0.0,0
1006220,Erik Gårdelöf,6600268,Kim Soo Garmark,8,3,5.206660746458958,1.9524977799221093,11,0,0,0,11,8,3,0,0,0,0,0,0.0,0.0,0,8,3,5.206660746458958,1.9524977799221093,11,0,0,0.0,0.0,0
1042070,Henrik Olsson,1441973,Geir Holmqvist,3,8,1.9267315270909549,5.137950738909212,11,0,0,0,11,3,8,0,0,0,0,0,0.0,0.0,0,0,0,0.0,0.0,0,3,8,1.9267315270909549,5.137950738909212,11
1006197,Daniel Salole,9221595,Christoffer Sørensen,8,3,4.361574219560012,1.6355903323350045,11,0,0,0,11,8,3,0,0,0,0,0,0.0,0.0,0,8,3,4.361574219560012,1.6355903323350045,11,0,0,0.0,0.0,0
1006186,Christian Wikeby,6545064,Kim-Olaf Sørensen,5,6,2.7259838872250075,3.271180664670009,11,0,0,0,11,5,6,0,0,0,0,0,0.0,0.0,0,5,6,2.7259838872250075,3.271180664670009,11,0,0,0.0,0.0,0
1024799,Stig Nesvik,10774063,Axel Mikhail Dalberg,8,3,3.971630278263469,1.4893613543488011,11,0,0,0,11,8,3,0,0,0,0,0,0.0,0.0,0,8,3,3.971630278263469,1.4893613543488011,11,0,0,0.0,0.0,0
1006197,Daniel Salole,8206764,Grzegorz Tabor,6,5,2.1383407242068437,1.7819506035057031,11,0,0,0,11,6,5,0,0,0,0,0,0.0,0.0,0,6,5,2.1383407242068437,1.7819506035057031,11,0,0,0.0,0.0,0
1006197,Daniel Salole,16259161,Anders Selland,6,5,2.0639883900195994,1.7199903250163329,11,0,0,0,11,6,5,0,0,0,0,0,0.0,0.0,0,6,5,2.0639883900195994,1.7199903250163329,11,0,0,0.0,0.0,0
1006271,Henrik Hagen,1006328,Lioness Princess,7,4,2.2614600725359186,1.2922628985919533,11,0,0,0,11,7,4,0,0,0,0,0,0.0,0.0,0,7,4,2.2614600725359186,1.2922628985919533,11,0,0,0.0,0.0,0
1006373,Mark McGauley,1123060,"Paweł ""Mumrikken"" Zalewski",7,4,2.2614600725359186,1.2922628985919533,11,0,0,0,11,7,4,0,0,0,0,0,0.0,0.0,0,7,4,2.2614600725359186,1.2922628985919533,11,0,0,0.0,0.0,0
1006333,Kent Hansen,1441973,Geir Holmqvist,4,7,1.2922628985919533,2.2614600725359186,11,0,0,0,11,4,7,0,0,0,0,0,0.0,0.0,0,4,7,1.2922628985919533,2.2614600725359186,11,0,0,0.0,0.0,0
1006372,Marius Nørsterud,1024799,Stig Nesvik,7,4,2.2614600725359186,1.2922628985919533,11,0,0,0,11,7,4,0,0,0,0,0,0.0,0.0,0,7,4,2.2614600725359186,1.2922628985919533,11,0,0,0.0,0.0,0
1006333,Kent Hansen,2194859,Eivind Yoo Yong Jae Johansen,7,4,2.2614600725359186,1.2922628985919533,11,0,0,0,11,7,4,0,0,0,0,0,0.0,0.0,0,7,4,2.2614600725359186,1.2922628985919533,11,0,0,0.0,0.0,0
1006373,Mark McGauley,1024799,Stig Nesvik,7,4,2.2614600725359186,1.2922628985919533,11,0,0,0,11,7,4,0,0,0,0,0,0.0,0.0,0,7,4,2.2614600725359186,1.2922628985919533,11,0,0,0.0,0.0,0
1006333,Kent Hansen,2298416,Terje Kristoffersen,7,4,2.2614600725359186,1.2922628985919533,11,0,0,0,11,7,4,0,0,0,0,0,0.0,0.0,0,7,4,2.2614600725359186,1.2922628985919533,11,0,0,0.0,0.0,0
1006220,Erik Gårdelöf,1006372,Marius Nørsterud,7,4,2.2614600725359186,1.2922628985919533,11,0,0,0,11,7,4,0,0,0,0,0,0.0,0.0,0,7,4,2.2614600725359186,1.2922628985919533,11,0,0,0.0,0.0,0
1006271,Henrik Hagen,1006515,Thorbjørn Vildar Dahl Eriksen,7,4,2.2614600725359186,1.2922628985919533,11,0,0,0,11,7,4,0,0,0,0,0,0.0,0.0,0,7,4,2.2614600725359186,1.2922628985919533,11,0,0,0.0,0.0,0
1006373,Mark McGauley,1006450,Robert Farinetti,7,4,2.2614600725359186,1.2922628985919533,11,0,0,0,11,7,4,0,0,0,0,0,0.0,0.0,0,7,4,2.2614600725359186,1.2922628985919533,11,0,0,0.0,0.0,0
1006515,Thorbjørn Vildar Dahl Eriksen,1014993,Tron Vidar Engebakk,4,7,1.2922628985919533,2.2614600725359186,11,0,0,0,11,4,7,0,0,0,0,0,0.0,0.0,0,4,7,1.2922628985919533,2.2614600725359186,11,0,0,0.0,0.0,0
1006328,Lioness Princess,1277819,Lasse Kåring,6,5,1.4879778201679907,1.251014124464114,11,0,0,0,11,6,5,0,0,0,0,0,0.0,0.0,0,6,5,1.4879778201679907,1.251014124464114,11,0,0,0.0,0.0,0
1006184,Christian Johannessen,6600268,Kim Soo Garmark,9,2,2.199943318694752,0.48887629304327823,11,0,0,0,11,9,2,0,0,0,0,0,0.0,0.0,0,9,2,2.199943318694752,0.48887629304327823,11,0,0,0.0,0.0,0
1006186,Christian Wikeby,1047363,Vinko Smolic,3,8,0.5063457259227119,1.2747184102926223,11,0,0,0,11,3,8,0,0,0,0,0,0.0,0.0,0,3,8,0.5063457259227119,1.2747184102926223,11,0,0,0.0,0.0,0
1006328,Lioness Princess,1047363,Vinko Smolic,5,6,0.8816779726218245,0.7860808753415952,11,0,0,0,11,5,6,0,0,0,0,0,0.0,0.0,0,5,6,0.8816779726218245,0.7860808753415952,11,0,0,0.0,0.0,0
1006515,Thorbjørn Vildar Dahl Eriksen,1393613,Vegar Hammer Olsen,6,5,1.296520007872979,1.0804333398941492,11,0,0,0,11,6,5,0,0,0,0,0,0.0,0.0,0,6,5,1.296520007872979,1.0804333398941492,11,0,0,0.0,0.0,0
1006549,Umar Hayat Ali,1393613,Vegar Hammer Olsen,6,5,1.1813602709547397,0.984466892462283,11,0,0,0,11,6,5,0,0,0,0,0,0.0,0.0,0,6,5,1.1813602709547397,0.984466892462283,11,0,0,0.0,0.0,0
1006156,Asle Geir Skogen,1025949,Kristian Lund Olås,6,5,1.0482616655205745,0.8735513879338122,11,0,0,0,11,6,5,0,0,0,0,0,0.0,0.0,0,6,5,1.0482616655205745,0.8735513879338122,11,0,0,0.0,0.0,0
1006549,Umar Hayat Ali,4759047,Geir Anfinsen,6,5,1.0298645425630224,0.8582204521358521,11,0,0,0,11,6,5,0,0,0,0,0,0.0,0.0,0,6,5,1.0298645425630224,0.8582204521358521,11,0,0,0.0,0.0,0
1006515,Thorbjørn Vildar Dahl Eriksen,2660053,Morten Bjellås,6,5,1.0117702900656356,0.8431419083880296,11,0,0,0,11,6,5,0,0,0,0,0,0.0,0.0,0,6,5,1.0117702900656356,0.8431419083880296,11,0,0,0.0,0.0,0
1006186,Christian Wikeby,1030433,Bill Vrodos,5,6,0.8138071106151621,0.9765685327381946,11,0,0,0,11,5,6,0,0,0,0,0,0.0,0.0,0,5,6,0.8138071106151621,0.9765685327381946,11,0,0,0.0,0.0,0
1006328,Lioness Princess,1006453,Robin Nathan,6,5,0.9342435954517029,0.7785363295430857,11,0,0,0,11,6,5,0,0,0,0,0,0.0,0.0,0,6,5,0.9342435954517029,0.7785363295430857,11,0,0,0.0,0.0,0
1006328,Lioness Princess,3185355,Ivar Lexi,6,5,0.9342435954517029,0.7785363295430857,11,0,0,0,11,6,5,0,0,0,0,0,0.0,0.0,0,6,5,0.9342435954517029,0.7785363295430857,11,0,0,0.0,0.0,0
3185355,Ivar Lexi,4849639,Petter Rognlien,5,6,0.7648577996559579,0.9178293595871495,11,0,0,0,11,5,6,0,0,0,0,0,0.0,0.0,0,5,6,0.7648577996559579,0.9178293595871495,11,0,0,0.0,0.0,0
1393613,Vegar Hammer Olsen,1597907,Haukur Stefansson,6,5,0.9178293595871495,0.7648577996559579,11,0,0,0,11,6,5,0,0,0,0,0,0.0,0.0,0,6,5,0.9178293595871495,0.7648577996559579,11,0,0,0.0,0.0,0
1006197,Daniel Salole,2241168,Trond L,5,6,0.7481143523804956,0.8977372228565947,11,0,0,0,11,5,6,0,0,0,0,0,0.0,0.0,0,5,6,0.7481143523804956,0.8977372228565947,11,0,0,0.0,0.0,0
1030563,Alexander Baranji,1566592,Kim Bengtsson,6,5,0.8977372228565947,0.7481143523804956,11,0,0,0,11,6,5,0,0,0,0,0,0.0,0.0,0,6,5,0.8977372228565947,0.7481143523804956,11,0,0,0.0,0.0,0
1006514,Thomas Pedersen,2241168,Trond L,6,5,0.8977372228565947,0.7481143523804956,11,0,0,0,11,6,5,0,0,0,0,0,0.0,0.0,0,6,5,0.8977372228565947,0.7481143523804956,11,0,0,0.0,0.0,0
1006340,Kjartan Maraas,2639057,Ivan Blomqvist,5,6,0.731732612950246,0.8780791355402953,11,0,0,0,11,5,6,0,0,0,0,0,0.0,0.0,0,0,0,0.0,0.0,0,5,6,0.731732612950246,0.8780791355402953,11
2266694,Michael Andersson,3185355,Ivar Lexi,5,6,0.7125426425686612,0.8550511710823934,11,0,0,0,11,5,6,0,0,0,0,0,0.0,0.0,0,5,6,0.7125426425686612,0.8550511710823934,11,0,0,0.0,0.0,0
1006277,Ingolf Höns,1006281,Jan Atle Kofoed,6,5,0.8550511710823934,0.7125426425686612,11,0,0,0,11,6,5,0,0,0,0,0,0.0,0.0,0,6,5,0.8550511710823934,0.7125426425686612,11,0,0,0.0,0.0,0
1006220,Erik Gårdelöf,1006458,Roger Rasmussen,6,5,0.8437674375569383,0.7031395312974486,11,0,0,0,11,6,5,0,0,0,0,0,0.0,0.0,0,6,5,0.8437674375569383,0.7031395312974486,11,0,0,0.0,0.0,0
1006292,Jan Thomassen,1024799,Stig Nesvik,5,6,0.655067396117996,0.7860808753415952,11,0,0,0,11,5,6,0,0,0,0,0,0.0,0.0,0,5,6,0.655067396117996,0.7860808753415952,11,0,0,0.0,0.0,0
1006399,Nedzat Cimilji,1014993,Tron Vidar Engebakk,5,6,0.6464122534321114,0.7756947041185337,11,0,0,0,11,5,6,0,0,0,0,0,0.0,0.0,0,5,6,0.6464122534321114,0.7756947041185337,11,0,0,0.0,0.0,0
1006148,Arild Moilanen,51736666,Yakup Aliz,4,6,3.982326615409529,5.973489923114294,10,0,0,0,10,4,6,0,0,0,0,0,0.0,0.0,0,4,6,3.982326615409529,5.973489923114294,10,0,0,0.0,0.0,0
1006197,Daniel Salole,1006239,Frank Hjeldnes,5,5,4.955914147437223,4.955914147437223,10,0,0,0,10,5,5,0,0,0,5,5,4.955914147437223,4.955914147437223,10,0,0,0.0,0.0,0,0,0,0.0,0.0,0
1006197,Daniel Salole,44119141,Gaute Rogstad,8,2,7.446926267600968,1.9823656589748893,10,0,0,0,10,8,2,0,0,0,6,2,5.9470969769246675,1.9823656589748893,8,2,0,1.4998292906763013,0.0,2,0,0,0.0,0.0,0
1006239,Frank Hjeldnes,7153377,Henning Ingvorsen,6,4,5.920820643907164,3.947213762604776,10,0,0,0,10,6,4,0,0,0,0,0,0.0,0.0,0,6,4,5.920820643907164,3.947213762604776,10,0,0,0.0,0.0,0
1006163,Bjørn Bratteberg,1006298,Jarek (Barracuda) Kapuściński,6,4,5.920820643907164,3.947213762604776,10,0,0,0,10,6,4,0,0,0,0,0,0.0,0.0,0,6,4,5.920820643907164,3.947213762604776,10,0,0,0.0,0.0,0
3430505,Ben Tanner,8970047,Ante Petricevic,8,2,7.859547211765894,1.9648868029414737,10,0,0,0,10,8,2,0,0,0,0,0,0.0,0.0,0,8,2,7.859547211765894,1.9648868029414737,10,0,0,0.0,0.0,0
3430505,Ben Tanner,51736666,Yakup Aliz,8,2,7.859547211765894,1.9648868029414737,10,0,0,0,10,8,2,0,0,0,0,0,0.0,0.0,0,8,2,7.859547211765894,1.9648868029414737,10,0,0,0.0,0.0,0
7153377,Henning Ingvorsen,8970047,Ante Petricevic,7,3,6.877103810295157,2.9473302044122107,10,0,0,0,10,7,3,0,0,0,0,0,0.0,0.0,0,7,3,6.877103810295157,2.9473302044122107,10,0,0,0.0,0.0,0
13720633,Håkon Haukebøe,3430505,Ben Tanner,4,6,3.9297736058829473,5.8946604088244205,10,0,0,0,10,4,6,0,0,0,0,0,0.0,0.0,0,4,6,3.9297736058829473,5.8946604088244205,10,0,0,0.0,0.0,0
1006562,Yousef Austrheim,13720633,Håkon Haukebøe,7,3,6.877103810295157,2.9473302044122107,10,0,0,0,10,7,3,0,0,0,0,0,0.0,0.0,0,7,3,6.877103810295157,2.9473302044122107,10,0,0,0.0,0.0,0
1006239,Frank Hjeldnes,85493143,Christer Andre Nieuwlaat,6,4,5.868615758715577,3.9124105058103846,10,0,0,0,10,6,4,0,0,0,0,0,0.0,0.0,0,6,4,5.868615758715577,3.9124105058103846,10,0,0,0.0,0.0,0
3430505,Ben Tanner,53649337,Erlend Helgesen,8,2,7.824821011620769,1.9562052529051923,10,0,0,0,10,8,2,0,0,0,0,0,0.0,0.0,0,8,2,7.824821011620769,1.9562052529051923,10,0,0,0.0,0.0,0
1006239,Frank Hjeldnes,43127857,Manabu Sekiguchi,3,7,2.9213430914431036,6.8164672133672415,10,0,0,0,10,3,7,0,0,0,0,0,0.0,0.0,0,3,7,2.9213430914431036,6.8164672133672415,10,0,0,0.0,0.0,0
1123060,"Paweł ""Mumrikken"" Zalewski",56994721,Rolf-Tommy Østensson,7,3,6.7863497017146965,2.9084355864491562,10,0,0,0,10,7,3,0,0,0,0,0,0.0,0.0,0,7,3,6.7863497017146965,2.9084355864491562,10,0,0,0.0,0.0,0
17978686,Ibra Alkhader,44119141,Gaute Rogstad,8,2,7.164461820519152,1.6940200669786258,10,0,0,0,10,8,2,0,0,0,0,0,0.0,0.0,0,8,2,7.164461820519152,1.6940200669786258,10,0,0,0.0,0.0,0
17978686,Ibra Alkhader,54197755,Tom erik Lysenstøen,8,2,7.519125458398532,1.8797813645996329,10,0,0,0,10,8,2,0,0,0,0,0,0.0,0.0,0,8,2,7.519125458398532,1.8797813645996329,10,0,0,0.0,0.0,0
1095179,Ernesto Antonio Meléndez,7153377,Henning Ingvorsen,4,6,3.7429434583287104,5.614415187493066,10,0,0,0,10,4,6,0,0,0,0,0,0.0,0.0,0,4,6,3.7429434583287104,5.614415187493066,10,0,0,0.0,0.0,0
44478316,Rune Stensvold,8270907,Christian Söderström,5,5,4.522070332920236,4.291357779666276,10,0,0,0,10,5,5,0,0,0,1,3,0.8121290452824631,2.436387135847389,4,4,2,3.709941287637773,1.8549706438188864,6,0,0,0.0,0.0,0
1006403,Niklas Engström-Øvretveit,80198077,Nils Vogt,6,4,5.49151042700474,3.661006951336493,10,0,0,0,10,6,4,0,0,0,0,0,0.0,0.0,0,6,4,5.49151042700474,3.661006951336493,10,0,0,0.0,0.0,0
17978686,Ibra Alkhader,80088046,Kim Rui,6,4,5.49151042700474,3.661006951336493,10,0,0,0,10,6,4,0,0,0,0,0,0.0,0.0,0,6,4,5.49151042700474,3.661006951336493,10,0,0,0.0,0.0,0
1006340,Kjartan Maraas,1123060,"Paweł ""Mumrikken"" Zalewski",2,8,1.8305034756682466,7.322013902672986,10,0,0,0,10,2,8,0,0,0,0,0,0.0,0.0,0,2,8,1.8305034756682466,7.322013902672986,10,0,0,0.0,0.0,0
1006340,Kjartan Maraas,17978686,Ibra Alkhader,2,8,1.8305034756682466,7.322013902672986,10,0,0,0,10,2,8,0,0,0,0,0,0.0,0.0,0,2,8,1.8305034756682466,7.322013902672986,10,0,0,0.0,0.0,0
1006403,Niklas Engström-Øvretveit,6600268,Kim Soo Garmark,2,8,1.8305034756682466,7.322013902672986,10,0,0,0,10,2,8,0,0,0,0,0,0.0,0.0,0,2,8,1.8305034756682466,7.322013902672986,10,0,0,0.0,0.0,0
1006420,Ole Tobias Tanilon Gangfløt,6600268,Kim Soo Garmark,5,5,4.576258689170617,4.576258689170617,10,0,0,0,10,5,5,0,0,0,0,0,0.0,0.0,0,5,5,4.576258689170617,4.576258689170617,10,0,0,0.0,0.0,0
1006186,Christian Wikeby,58672273,Santo Angel Maican Lara,7,3,5.511246437124616,2.733605503412684,10,0,0,0,10,7,3,0,0,0,0,3,0.0,2.733605503412684,3,7,0,5.511246437124616,0.0,7,0,0,0.0,0.0,0
20637220,Sindre Aarhus Narvestad,44184394,Per Arne Grotthing,4,6,3.6287033174234318,5.443054976135148,10,0,0,0,10,4,6,0,0,0,0,0,0.0,0.0,0,4,6,3.6287033174234318,5.443054976135148,10,0,0,0.0,0.0,0
43127857,Manabu Sekiguchi,6907086,Elens Zommers,6,4,5.443054976135148,3.6287033174234318,10,0,0,0,10,6,4,0,0,0,0,0,0.0,0.0,0,6,4,5.443054976135148,3.6287033174234318,10,0,0,0.0,0.0,0
1006163,Bjørn Bratteberg,20637220,Sindre Aarhus Narvestad,6,4,5.443054976135148,3.6287033174234318,10,0,0,0,10,6,4,0,0,0,0,0,0.0,0.0,0,6,4,5.443054976135148,3.6287033174234318,10,0,0,0.0,0.0,0
7711820,Marie Hoff Petersen,8270907,Christian Söderström,0,10,0.0,8.77919089925774,10,0,0,0,10,0,10,0,0,0,0,0,0.0,0.0,0,0,10,0.0,8.77919089925774,10,0,0,0.0,0.0,0
1006399,Nedzat Cimilji,8270907,Christian Söderström,6,4,5.4190175779872956,3.6126783853248643,10,0,0,0,10,6,4,0,0,0,0,0,0.0,0.0,0,6,4,5.4190175779872956,3.6126783853248643,10,0,0,0.0,0.0,0
1006186,Christian Wikeby,49839568,Navid Elyasi,7,3,6.29423973768491,2.6975313161506755,10,0,0,0,10,7,3,0,0,0,0,0,0.0,0.0,0,7,3,6.29423973768491,2.6975313161506755,10,0,0,0.0,0.0,0
1093760,Mindaugas Jomantas,25743094,Mohamed Salkiny,6,4,5.371248973905444,3.5808326492702958,10,0,0,0,10,6,4,0,0,0,0,0,0.0,0.0,0,6,4,5.371248973905444,3.5808326492702958,10,0,0,0.0,0.0,0
1006403,Niklas Engström-Øvretveit,44184394,Per Arne Grotthing,6,4,5.347493445146434,3.564995630097623,10,0,0,0,10,6,4,0,0,0,0,0,0.0,0.0,0,6,4,5.347493445146434,3.564995630097623,10,0,0,0.0,0.0,0
1024805,Audun Bjerve,43127857,Manabu Sekiguchi,4,6,3.5493533896770413,5.324030084515562,10,0,0,0,10,4,6,0,0,0,0,0,0.0,0.0,0,4,6,3.5493533896770413,5.324030084515562,10,0,0,0.0,0.0,0
43127857,Manabu Sekiguchi,5689902,Roger Andresen,6,4,5.230820871379002,3.410674334081327,10,0,0,0,10,6,4,0,0,0,5,0,4.37815228785867,0.0,5,1,4,0.8526685835203317,3.410674334081327,5,0,0,0.0,0.0,0
1006163,Bjørn Bratteberg,33336508,Paweł Chołodowski,6,4,5.230535248014292,3.4870234986761948,10,0,0,0,10,6,4,0,0,0,0,0,0.0,0.0,0,6,4,5.230535248014292,3.4870234986761948,10,0,0,0.0,0.0,0
2660053,Morten Bjellås,7711820,Marie Hoff Petersen,5,5,4.308946401427411,4.274743788558097,10,0,0,0,10,5,5,0,0,0,0,0,0.0,0.0,0,5,5,4.308946401427411,4.274743788558097,10,0,0,0.0,0.0,0
13720633,Håkon Haukebøe,2660053,Morten Bjellås,8,2,6.564008613407027,1.641002153351757,10,0,0,0,10,8,2,0,0,0,0,0,0.0,0.0,0,8,2,6.564008613407027,1.641002153351757,10,0,0,0.0,0.0,0
2053323,Ib Christiansen,51736666,Yakup Aliz,4,6,3.4258032270478305,5.138704840571745,10,0,0,0,10,4,6,0,0,0,0,0,0.0,0.0,0,4,6,3.4258032270478305,5.138704840571745,10,0,0,0.0,0.0,0
1298131,Jack Nordby,20361406,Amir Khan,5,5,4.282254033809788,4.282254033809788,10,0,0,0,10,5,5,0,0,0,0,0,0.0,0.0,0,5,5,4.282254033809788,4.282254033809788,10,0,0,0.0,0.0,0
43127857,Manabu Sekiguchi,49839568,Navid Elyasi,6,4,5.11601150112199,3.410674334081327,10,0,0,0,10,6,4,0,0,0,0,0,0.0,0.0,0,6,4,5.11601150112199,3.410674334081327,10,0,0,0.0,0.0,0
1059469,Hans Westad,1277043,Alexander Hagen,4,6,3.410674334081327,5.11601150112199,10,0,0,0,10,4,6,0,0,0,0,0,0.0,0.0,0,4,6,3.410674334081327,5.11601150112199,10,0,0,0.0,0.0,0
1006186,Christian Wikeby,16476664,Øystein Følling,5,5,4.244496669815609,4.244496669815609,10,0,0,0,10,5,5,0,0,0,0,0,0.0,0.0,0,5,5,4.244496669815609,4.244496669815609,10,0,0,0.0,0.0,0
1027114,Jeremiah Torres,51736666,Yakup Aliz,4,6,3.380609262401419,5.070913893602128,10,0,0,0,10,4,6,0,0,0,4,6,3.380609262401419,5.070913893602128,10,0,0,0.0,0.0,0,0,0,0.0,0.0,0
1006420,Ole Tobias Tanilon Gangfløt,1670605,Bernadette Bodó,7,3,5.864147970536604,2.513206273087116,10,0,0,0,10,7,3,0,0,0,0,0,0.0,0.0,0,7,3,5.864147970536604,2.513206273087116,10,0,0,0.0,0.0,0
1006216,Emil Bjørkmann,20361406,Amir Khan,5,5,4.169977745824863,4.169977745824863,10,0,0,0,10,5,5,0,0,0,0,0,0.0,0.0,0,5,5,4.169977745824863,4.169977745824863,10,0,0,0.0,0.0,0
1006399,Nedzat Cimilji,25875517,Christian Hedin,5,5,4.151553340715945,4.151553340715945,10,0,0,0,10,5,5,0,0,0,5,5,4.151553340715945,4.151553340715945,10,0,0,0.0,0.0,0,0,0,0.0,0.0,0
1006220,Erik Gårdelöf,6691281,Andreas Wahr-Hansen,8,2,6.613151071353939,1.6532877678384847,10,0,0,0,10,8,2,0,0,0,0,0,0.0,0.0,0,8,2,6.613151071353939,1.6532877678384847,10,0,0,0.0,0.0,0
1298131,Jack Nordby,53649337,Erlend Helgesen,2,8,1.5956995834341152,6.526768794747384,10,0,0,0,10,2,8,0,0,0,2,3,1.5956995834341152,2.393549375151173,5,0,5,0.0,4.1332194195962115,5,0,0,0.0,0.0,0
25875517,Christian Hedin,6691281,Andreas Wahr-Hansen,6,4,4.959863303515454,3.3065755356769695,10,0,0,0,10,6,4,0,0,0,0,0,0.0,0.0,0,6,4,4.959863303515454,3.3065755356769695,10,0,0,0.0,0.0,0
1006239,Frank Hjeldnes,33336508,Paweł Chołodowski,5,5,4.1332194195962115,4.1332194195962115,10,0,0,0,10,5,5,0,0,0,0,0,0.0,0.0,0,5,5,4.1332194195962115,4.1332194195962115,10,0,0,0.0,0.0,0
1006239,Frank Hjeldnes,7284524,Daniel Hult,2,8,1.6532877678384847,6.613151071353939,10,0,0,0,10,2,8,0,0,0,0,0,0.0,0.0,0,2,8,1.6532877678384847,6.613151071353939,10,0,0,0.0,0.0,0
1006220,Erik Gårdelöf,1006292,Jan Thomassen,4,6,3.262932948352139,4.894399422528208,10,0,0,0,10,4,6,0,0,0,0,0,0.0,0.0,0,4,6,3.262932948352139,4.894399422528208,10,0,0,0.0,0.0,0
1006163,Bjørn Bratteberg,1006216,Emil Bjørkmann,5,5,4.078666185440174,4.078666185440174,10,0,0,0,10,5,5,0,0,0,0,0,0.0,0.0,0,5,5,4.078666185440174,4.078666185440174,10,0,0,0.0,0.0,0
1014993,Tron Vidar Engebakk,17978686,Ibra Alkhader,2,8,1.6314664741760696,6.525865896704277,10,0,0,0,10,2,8,0,0,0,0,0,0.0,0.0,0,2,8,1.6314664741760696,6.525865896704277,10,0,0,0.0,0.0,0
19616722,Lobsang Thupten,53649337,Erlend Helgesen,2,8,1.5456015853006853,6.182406341202741,10,0,0,0,10,2,8,0,0,0,1,4,0.8121290452824631,3.2485161811298524,5,1,4,0.7334725400182222,2.9338901600728886,5,0,0,0.0,0.0,0
1006333,Kent Hansen,43127857,Manabu Sekiguchi,6,4,4.851265979788812,3.2341773198592083,10,0,0,0,10,6,4,0,0,0,0,0,0.0,0.0,0,6,4,4.851265979788812,3.2341773198592083,10,0,0,0.0,0.0,0
1047363,Vinko Smolic,7153377,Henning Ingvorsen,4,6,3.2341773198592083,4.851265979788812,10,0,0,0,10,4,6,0,0,0,0,0,0.0,0.0,0,4,6,3.2341773198592083,4.851265979788812,10,0,0,0.0,0.0,0
1006403,Niklas Engström-Øvretveit,43127857,Manabu Sekiguchi,5,5,4.04272164982401,4.04272164982401,10,0,0,0,10,5,5,0,0,0,0,0,0.0,0.0,0,5,5,4.04272164982401,4.04272164982401,10,0,0,0.0,0.0,0
1006220,Erik Gårdelöf,1510340,Andris Viksnins,8,2,6.439577183794739,1.6098942959486848,10,0,0,0,10,8,2,0,0,0,0,0,0.0,0.0,0,8,2,6.439577183794739,1.6098942959486848,10,0,0,0.0,0.0,0
1095179,Ernesto Antonio Meléndez,1298131,Jack Nordby,4,6,3.205569492388972,4.8083542385834575,10,0,0,0,10,4,6,0,0,0,0,0,0.0,0.0,0,4,6,3.205569492388972,4.8083542385834575,10,0,0,0.0,0.0,0
1006216,Emil Bjørkmann,8270907,Christian Söderström,7,3,5.6097466116807,2.404177119291729,10,0,0,0,10,7,3,0,0,0,0,0,0.0,0.0,0,7,3,5.6097466116807,2.404177119291729,10,0,0,0.0,0.0,0
1006216,Emil Bjørkmann,5140422,Tomas Gryczon,6,4,4.8083542385834575,3.205569492388972,10,0,0,0,10,6,4,0,0,0,0,0,0.0,0.0,0,6,4,4.8083542385834575,3.205569492388972,10,0,0,0.0,0.0,0
17978686,Ibra Alkhader,58861579,Elēns Zommers,8,2,6.411138984777943,1.602784746194486,10,0,0,0,10,8,2,0,0,0,0,0,0.0,0.0,0,8,2,6.411138984777943,1.602784746194486,10,0,0,0.0,0.0,0
1006197,Daniel Salole,1298131,Jack Nordby,5,5,3.9540750703004077,3.9540750703004077,10,0,0,0,10,5,5,0,0,0,0,0,0.0,0.0,0,5,5,3.9540750703004077,3.9540750703004077,10,0,0,0.0,0.0,0
1006403,Niklas Engström-Øvretveit,20361406,Amir Khan,4,6,3.1492836783569236,4.683240299634344,10,0,0,0,10,4,6,0,0,0,0,0,0.0,0.0,0,4,6,3.1492836783569236,4.683240299634344,10,0,0,0.0,0.0,0
1006340,Kjartan Maraas,1006403,Niklas Engström-Øvretveit,6,4,4.661596193249921,3.107730795499948,10,0,0,0,10,6,4,0,0,0,0,0,0.0,0.0,0,6,4,4.661596193249921,3.107730795499948,10,0,0,0.0,0.0,0
1006186,Christian Wikeby,25484464,Joaquin K. Yovine,5,5,3.8675082013466406,3.8675082013466406,10,0,0,0,10,5,5,0,0,0,0,0,0.0,0.0,0,5,5,3.8675082013466406,3.8675082013466406,10,0,0,0.0,0.0,0
1006186,Christian Wikeby,1006399,Nedzat Cimilji,6,4,4.479459987954427,2.986306658636285,10,0,0,0,10,6,4,0,0,0,0,0,0.0,0.0,0,6,4,4.479459987954427,2.986306658636285,10,0,0,0.0,0.0,0
1006220,Erik Gårdelöf,13720633,Håkon Haukebøe,8,2,5.972613317272569,1.4931533293181425,10,0,0,0,10,8,2,0,0,0,0,0,0.0,0.0,0,8,2,5.972613317272569,1.4931533293181425,10,0,0,0.0,0.0,0
1006197,Daniel Salole,3682319,Lasse Rognlien,5,5,3.71641464183309,3.71641464183309,10,0,0,0,10,5,5,0,0,0,0,0,0.0,0.0,0,5,5,3.71641464183309,3.71641464183309,10,0,0,0.0,0.0,0
44478316,Rune Stensvold,6691281,Andreas Wahr-Hansen,3,7,2.229848785099854,5.202980498566326,10,0,0,0,10,3,7,0,0,0,0,0,0.0,0.0,0,3,7,2.229848785099854,5.202980498566326,10,0,0,0.0,0.0,0
56993080,Timo Mäkelä,6181993,Kim Bjørnstad,4,6,2.9338901600728886,4.400835240109333,10,0,0,0,10,4,6,0,0,0,0,0,0.0,0.0,0,4,6,2.9338901600728886,4.400835240109333,10,0,0,0.0,0.0,0
51736666,Yakup Aliz,56993080,Timo Mäkelä,2,8,1.4669450800364443,5.867780320145777,10,0,0,0,10,2,8,0,0,0,0,0,0.0,0.0,0,2,8,1.4669450800364443,5.867780320145777,10,0,0,0.0,0.0,0
1014993,Tron Vidar Engebakk,3682319,Lasse Rognlien,6,4,4.400835240109333,2.9338901600728886,10,0,0,0,10,6,4,0,0,0,0,0,0.0,0.0,0,6,4,4.400835240109333,2.9338901600728886,10,0,0,0.0,0.0,0
1006163,Bjørn Bratteberg,9017413,Terje Mo Hanssen,6,4,4.400835240109333,2.9338901600728886,10,0,0,0,10,6,4,0,0,0,0,0,0.0,0.0,0,6,4,4.400835240109333,2.9338901600728886,10,0,0,0.0,0.0,0
10585213,Veejay Adriano,1298131,Jack Nordby,8,2,5.867780320145777,1.4669450800364443,10,0,0,0,10,8,2,0,0,0,0,0,0.0,0.0,0,8,2,5.867780320145777,1.4669450800364443,10,0,0,0.0,0.0,0
10585213,Veejay Adriano,13720633,Håkon Haukebøe,8,2,5.867780320145777,1.4669450800364443,10,0,0,0,10,8,2,0,0,0,0,0,0.0,0.0,0,8,2,5.867780320145777,1.4669450800364443,10,0,0,0.0,0.0,0
10585213,Veejay Adriano,19616722,Lobsang Thupten,6,4,4.400835240109333,2.9338901600728886,10,0,0,0,10,6,4,0,0,0,0,0,0.0,0.0,0,6,4,4.400835240109333,2.9338901600728886,10,0,0,0.0,0.0,0
1006298,Jarek (Barracuda) Kapuściński,1670605,Bernadette Bodó,3,7,2.1906857896537697,5.111600175858796,10,0,0,0,10,3,7,0,0,0,0,0,0.0,0.0,0,3,7,2.1906857896537697,5.111600175858796,10,0,0,0.0,0.0,0
1006340,Kjartan Maraas,24761314,Dovydas Andriuška,4,6,2.9080087753792165,4.362013163068824,10,0,0,0,10,4,6,0,0,0,0,0,0.0,0.0,0,4,6,2.9080087753792165,4.362013163068824,10,0,0,0.0,0.0,0
28197979,Kalsang Kalsang,7711820,Marie Hoff Petersen,5,5,3.6189502325116014,3.6189502325116014,10,0,0,0,10,5,5,0,0,0,5,5,3.6189502325116014,3.6189502325116014,10,0,0,0.0,0.0,0,0,0,0.0,0.0,0
1006406,Nina Torvund,1014993,Tron Vidar Engebakk,7,3,4.783233684536536,2.0499572933728016,10,0,0,0,10,7,3,0,0,0,7,3,4.783233684536536,2.0499572933728016,10,0,0,0.0,0.0,0,0,0,0.0,0.0,0
1006340,Kjartan Maraas,12042235,Evert Andersson,4,6,1.3047896980461413,1.957184547069212,10,0,0,0,10,4,6,0,0,0,0,0,0.0,0.0,0,4,6,1.3047896980461413,1.957184547069212,10,0,0,0.0,0.0,0
1014993,Tron Vidar Engebakk,2298416,Terje Kristoffersen,7,3,2.2614600725359186,0.969197173943965,10,0,0,0,10,7,3,0,0,0,0,0,0.0,0.0,0,7,3,2.2614600725359186,0.969197173943965,10,0,0,0.0,0.0,0
1006271,Henrik Hagen,1006450,Robert Farinetti,7,3,2.2614600725359186,0.969197173943965,10,0,0,0,10,7,3,0,0,0,0,0,0.0,0.0,0,7,3,2.2614600725359186,0.969197173943965,10,0,0,0.0,0.0,0
1006271,Henrik Hagen,1014993,Tron Vidar Engebakk,7,3,2.2614600725359186,0.969197173943965,10,0,0,0,10,7,3,0,0,0,0,0,0.0,0.0,0,7,3,2.2614600725359186,0.969197173943965,10,0,0,0.0,0.0,0
1006536,Tormod Rygge,1095179,Ernesto Antonio Meléndez,4,6,0.7272354363057584,1.0908531544586375,10,0,0,0,10,4,6,0,0,0,0,0,0.0,0.0,0,4,6,0.7272354363057584,1.0908531544586375,10,0,0,0.0,0.0,0
1006453,Robin Nathan,1006514,Thomas Pedersen,4,6,0.7176384307099946,1.076457646064992,10,0,0,0,10,4,6,0,0,0,0,0,0.0,0.0,0,4,6,0.7176384307099946,1.076457646064992,10,0,0,0.0,0.0,0
1006186,Christian Wikeby,2043792,Vaios Evangelou,6,4,1.0482616655205745,0.6988411103470498,10,0,0,0,10,6,4,0,0,0,0,0,0.0,0.0,0,6,4,1.0482616655205745,0.6988411103470498,10,0,0,0.0,0.0,0
1006371,Marius Fredriksen,3253188,Tor Einar Johansen,6,4,1.034428218238454,0.6896188121589694,10,0,0,0,10,6,4,0,0,0,0,0,0.0,0.0,0,6,4,1.034428218238454,0.6896188121589694,10,0,0,0.0,0.0,0
1006328,Lioness Princess,4759047,Geir Anfinsen,4,6,0.6865763617086816,1.0298645425630224,10,0,0,0,10,4,6,0,0,0,0,0,0.0,0.0,0,4,6,0.6865763617086816,1.0298645425630224,10,0,0,0.0,0.0,0
1006197,Daniel Salole,1006277,Ingolf Höns,6,4,1.0253074882552469,0.6835383255034979,10,0,0,0,10,6,4,0,0,0,0,0,0.0,0.0,0,0,0,0.0,0.0,0,6,4,1.0253074882552469,0.6835383255034979,10
1006360,Lars Harby,1393613,Vegar Hammer Olsen,6,4,0.9178293595871495,0.6118862397247663,10,0,0,0,10,6,4,0,0,0,0,0,0.0,0.0,0,6,4,0.9178293595871495,0.6118862397247663,10,0,0,0.0,0.0,0
1006281,Jan Atle Kofoed,1006328,Lioness Princess,6,4,0.8550511710823934,0.570034114054929,10,0,0,0,10,6,4,0,0,0,0,0,0.0,0.0,0,6,4,0.8550511710823934,0.570034114054929,10,0,0,0.0,0.0,0
1006183,Christel Hanah Johnsen,1006220,Erik Gårdelöf,3,7,0.4218837187784691,0.984395343816428,10,0,0,0,10,3,7,0,0,0,0,0,0.0,0.0,0,3,7,0.4218837187784691,0.984395343816428,10,0,0,0.0,0.0,0
1006514,Thomas Pedersen,1093760,Mindaugas Jomantas,6,4,0.8437674375569383,0.5625116250379588,10,0,0,0,10,6,4,0,0,0,0,0,0.0,0.0,0,6,4,0.8437674375569383,0.5625116250379588,10,0,0,0.0,0.0,0
2138958,Michael Andersson,3185355,Ivar Lexi,4,6,0.5453573169962966,0.8180359754944451,10,0,0,0,10,4,6,0,0,0,0,0,0.0,0.0,0,4,6,0.5453573169962966,0.8180359754944451,10,0,0,0.0,0.0,0
1042070,Henrik Olsson,3185355,Ivar Lexi,7,3,0.9543753047435193,0.4090179877472225,10,0,0,0,10,7,3,0,0,0,0,0,0.0,0.0,0,7,3,0.9543753047435193,0.4090179877472225,10,0,0,0.0,0.0,0
1393613,Vegar Hammer Olsen,3185355,Ivar Lexi,6,4,0.7860808753415952,0.5240539168943968,10,0,0,0,10,6,4,0,0,0,0,0,0.0,0.0,0,6,4,0.7860808753415952,0.5240539168943968,10,0,0,0.0,0.0,0
1006515,Thorbjørn Vildar Dahl Eriksen,1663605,Mona Sunde,6,4,0.7756947041185337,0.5171298027456891,10,0,0,0,10,6,4,0,0,0,0,0,0.0,0.0,0,6,4,0.7756947041185337,0.5171298027456891,10,0,0,0.0,0.0,0
1006360,Lars Harby,1071778,Deleted Account,6,4,0.7756947041185337,0.5171298027456891,10,0,0,0,10,6,4,0,0,0,0,0,0.0,0.0,0,6,4,0.7756947041185337,0.5171298027456891,10,0,0,0.0,0.0,0
1071778,Deleted Account,1967863,Nate Komljenovic,6,4,0.7756947041185337,0.5171298027456891,10,0,0,0,10,6,4,0,0,0,0,0,0.0,0.0,0,6,4,0.7756947041185337,0.5171298027456891,10,0,0,0.0,0.0,0
1006323,Jørn Betten,80088046,Kim Rui,6,3,5.973489923114294,2.9867449615571466,9,0,0,0,9,6,3,0,0,0,0,0,0.0,0.0,0,6,3,5.973489923114294,2.9867449615571466,9,0,0,0.0,0.0,0
1006148,Arild Moilanen,19616722,Lobsang Thupten,7,2,6.969071576966677,1.9911633077047646,9,0,0,0,9,7,2,0,0,0,0,0,0.0,0.0,0,7,2,6.969071576966677,1.9911633077047646,9,0,0,0.0,0.0,0
1006453,Robin Nathan,7904326,Silja Vepsä,6,3,5.973489923114294,2.9867449615571466,9,0,0,0,9,6,3,0,0,0,0,0,0.0,0.0,0,6,3,5.973489923114294,2.9867449615571466,9,0,0,0.0,0.0,0
1006323,Jørn Betten,53649337,Erlend Helgesen,4,5,3.982326615409529,4.977908269261912,9,0,0,0,9,4,5,0,0,0,0,0,0.0,0.0,0,4,5,3.982326615409529,4.977908269261912,9,0,0,0.0,0.0,0
1277043,Alexander Hagen,25743094,Mohamed Salkiny,5,4,4.955914147437223,3.9647313179497785,9,0,0,0,9,5,4,0,0,0,5,4,4.955914147437223,3.9647313179497785,9,0,0,0.0,0.0,0,0,0,0.0,0.0,0
1024799,Stig Nesvik,51736666,Yakup Aliz,5,4,4.93401720325597,3.947213762604776,9,0,0,0,9,5,4,0,0,0,0,0,0.0,0.0,0,5,4,4.93401720325597,3.947213762604776,9,0,0,0.0,0.0,0
12622333,Silje Engström-Øvretveit,43127857,Manabu Sekiguchi,2,7,1.9648868029414737,6.877103810295157,9,0,0,0,9,2,7,0,0,0,0,0,0.0,0.0,0,2,7,1.9648868029414737,6.877103810295157,9,0,0,0.0,0.0,0
1006163,Bjørn Bratteberg,1006562,Yousef Austrheim,2,7,1.9648868029414737,6.877103810295157,9,0,0,0,9,2,7,0,0,0,0,0,0.0,0.0,0,2,7,1.9648868029414737,6.877103810295157,9,0,0,0.0,0.0,0
44119141,Gaute Rogstad,44478316,Rune Stensvold,5,4,4.823612340281279,3.71170812986528,9,0,0,0,9,5,4,0,0,0,1,3,0.9112018344708946,2.733605503412684,4,4,1,3.9124105058103846,0.9781026264525962,5,0,0,0.0,0.0,0
1123060,"Paweł ""Mumrikken"" Zalewski",3430505,Ben Tanner,3,6,2.9343078793577884,5.868615758715577,9,0,0,0,9,3,6,0,0,0,0,0,0.0,0.0,0,3,6,2.9343078793577884,5.868615758715577,9,0,0,0.0,0.0,0
1006292,Jan Thomassen,19616722,Lobsang Thupten,6,3,5.868615758715577,2.9343078793577884,9,0,0,0,9,6,3,0,0,0,0,0,0.0,0.0,0,6,3,5.868615758715577,2.9343078793577884,9,0,0,0.0,0.0,0
3430505,Ben Tanner,43127857,Manabu Sekiguchi,8,1,7.824821011620769,0.9781026264525962,9,0,0,0,9,8,1,0,0,0,0,0,0.0,0.0,0,8,1,7.824821011620769,0.9781026264525962,9,0,0,0.0,0.0,0
51736666,Yakup Aliz,53649337,Erlend Helgesen,4,5,3.9124105058103846,4.8905131322629805,9,0,0,0,9,4,5,0,0,0,0,0,0.0,0.0,0,4,5,3.9124105058103846,4.8905131322629805,9,0,0,0.0,0.0,0
1006163,Bjørn Bratteberg,58672273,Santo Angel Maican Lara,6,3,5.868615758715577,2.9343078793577884,9,0,0,0,9,6,3,0,0,0,0,0,0.0,0.0,0,6,3,5.868615758715577,2.9343078793577884,9,0,0,0.0,0.0,0
1006239,Frank Hjeldnes,58672273,Santo Angel Maican Lara,5,4,4.868905152405173,3.895124121924138,9,0,0,0,9,5,4,0,0,0,0,0,0.0,0.0,0,5,4,4.868905152405173,3.895124121924138,9,0,0,0.0,0.0,0
43127857,Manabu Sekiguchi,44119141,Gaute Rogstad,7,2,6.7863497017146965,1.9389570576327708,9,0,0,0,9,7,2,0,0,0,0,0,0.0,0.0,0,7,2,6.7863497017146965,1.9389570576327708,9,0,0,0.0,0.0,0
43127857,Manabu Sekiguchi,56994721,Rolf-Tommy Østensson,7,2,6.7863497017146965,1.9389570576327708,9,0,0,0,9,7,2,0,0,0,0,0,0.0,0.0,0,7,2,6.7863497017146965,1.9389570576327708,9,0,0,0.0,0.0,0
1123060,"Paweł ""Mumrikken"" Zalewski",44119141,Gaute Rogstad,8,1,7.7558282305310815,0.9694785288163854,9,0,0,0,9,8,1,0,0,0,0,0,0.0,0.0,0,8,1,7.7558282305310815,0.9694785288163854,9,0,0,0.0,0.0,0
7153377,Henning Ingvorsen,8498578,Riaz Ali,5,4,4.80465235659775,3.8437218852782,9,0,0,0,9,5,4,0,0,0,5,4,4.80465235659775,3.8437218852782,9,0,0,0.0,0.0,0,0,0,0.0,0.0,0
1006186,Christian Wikeby,6839980,Daniel Lorentzen-Styr,1,8,0.5699376621546889,7.653477982987736,9,0,0,0,9,1,8,0,0,0,0,0,0.0,0.0,0,1,8,0.5699376621546889,7.653477982987736,9,0,0,0.0,0.0,0
43127857,Manabu Sekiguchi,57799534,Iris Marie Evdahl,5,4,4.7834237393673344,3.826738991493867,9,0,0,0,9,5,4,0,0,0,0,0,0.0,0.0,0,5,4,4.7834237393673344,3.826738991493867,9,0,0,0.0,0.0,0
1006186,Christian Wikeby,19030543,Martin Olsson,5,4,4.7834237393673344,3.826738991493867,9,0,0,0,9,5,4,0,0,0,0,0,0.0,0.0,0,5,4,4.7834237393673344,3.826738991493867,9,0,0,0.0,0.0,0
1006453,Robin Nathan,19030543,Martin Olsson,7,2,6.696793235114269,1.9133694957469336,9,0,0,0,9,7,2,0,0,0,0,0,0.0,0.0,0,7,2,6.696793235114269,1.9133694957469336,9,0,0,0.0,0.0,0
2194859,Eivind Yoo Yong Jae Johansen,6839980,Daniel Lorentzen-Styr,1,8,0.9566847478734668,7.653477982987736,9,0,0,0,9,1,8,0,0,0,0,0,0.0,0.0,0,1,8,0.9566847478734668,7.653477982987736,9,0,0,0.0,0.0,0
80088046,Kim Rui,8270907,Christian Söderström,5,4,4.585742159431626,3.7314933703049844,9,0,0,0,9,5,4,0,0,0,0,0,0.0,0.0,0,5,4,4.585742159431626,3.7314933703049844,9,0,0,0.0,0.0,0
33336508,Paweł Chołodowski,44184394,Per Arne Grotthing,6,3,5.564911931456659,2.78245596572833,9,0,0,0,9,6,3,0,0,0,0,0,0.0,0.0,0,6,3,5.564911931456659,2.78245596572833,9,0,0,0.0,0.0,0
1006186,Christian Wikeby,82601110,zoran krogstad,7,2,6.492397253366102,1.8549706438188864,9,0,0,0,9,7,2,0,0,0,0,0,0.0,0.0,0,7,2,6.492397253366102,1.8549706438188864,9,0,0,0.0,0.0,0
1006292,Jan Thomassen,1006420,Ole Tobias Tanilon Gangfløt,3,6,2.74575521350237,5.49151042700474,9,0,0,0,9,3,6,0,0,0,0,0,0.0,0.0,0,3,6,2.74575521350237,5.49151042700474,9,0,0,0.0,0.0,0
43127857,Manabu Sekiguchi,6600268,Kim Soo Garmark,6,3,5.49151042700474,2.74575521350237,9,0,0,0,9,6,3,0,0,0,0,0,0.0,0.0,0,6,3,5.49151042700474,2.74575521350237,9,0,0,0.0,0.0,0
1006420,Ole Tobias Tanilon Gangfløt,80088046,Kim Rui,7,2,6.406762164838863,1.8305034756682466,9,0,0,0,9,7,2,0,0,0,0,0,0.0,0.0,0,7,2,6.406762164838863,1.8305034756682466,9,0,0,0.0,0.0,0
1123060,"Paweł ""Mumrikken"" Zalewski",3073760,Ronny Jakobsen,4,5,3.6448073378835786,4.556009172354473,9,0,0,0,9,4,5,0,0,0,4,5,3.6448073378835786,4.556009172354473,9,0,0,0.0,0.0,0,0,0,0.0,0.0,0
1006340,Kjartan Maraas,1277043,Alexander Hagen,3,6,2.721527488067574,5.443054976135148,9,0,0,0,9,3,6,0,0,0,0,0,0.0,0.0,0,3,6,2.721527488067574,5.443054976135148,9,0,0,0.0,0.0,0
52645105,Tommy Bratseth,6686119,Levi Pavdeja,4,5,3.6287033174234318,4.53587914677929,9,0,0,0,9,4,5,0,0,0,0,0,0.0,0.0,0,4,5,3.6287033174234318,4.53587914677929,9,0,0,0.0,0.0,0
1356128,Christian Moberg,7153377,Henning Ingvorsen,3,6,2.721527488067574,5.443054976135148,9,0,0,0,9,3,6,0,0,0,0,0,0.0,0.0,0,3,6,2.721527488067574,5.443054976135148,9,0,0,0.0,0.0,0
1006292,Jan Thomassen,44478316,Rune Stensvold,6,3,5.4190175779872956,2.709508788993648,9,0,0,0,9,6,3,0,0,0,0,0,0.0,0.0,0,6,3,5.4190175779872956,2.709508788993648,9,0,0,0.0,0.0,0
1022496,Jozef Kwit,33336508,Paweł Chołodowski,7,2,6.322187174318511,1.8063391926624321,9,0,0,0,9,7,2,0,0,0,0,0,0.0,0.0,0,7,2,6.322187174318511,1.8063391926624321,9,0,0,0.0,0.0,0
1123060,"Paweł ""Mumrikken"" Zalewski",24897019,Robert Hedin,2,7,1.798354210767117,6.29423973768491,9,0,0,0,9,2,7,0,0,0,0,0,0.0,0.0,0,2,7,1.798354210767117,6.29423973768491,9,0,0,0.0,0.0,0
1093760,Mindaugas Jomantas,44184394,Per Arne Grotthing,6,3,5.371248973905444,2.685624486952722,9,0,0,0,9,6,3,0,0,0,0,0,0.0,0.0,0,6,3,5.371248973905444,2.685624486952722,9,0,0,0.0,0.0,0
19616722,Lobsang Thupten,25743094,Mohamed Salkiny,1,8,0.8952081623175739,7.1616652985405915,9,0,0,0,9,1,8,0,0,0,0,0,0.0,0.0,0,1,8,0.8952081623175739,7.1616652985405915,9,0,0,0.0,0.0,0
6545064,Kim-Olaf Sørensen,7153377,Henning Ingvorsen,2,7,1.7904163246351479,5.923827711037724,9,0,0,0,9,2,7,0,0,0,0,0,0.0,0.0,0,2,7,1.7904163246351479,5.923827711037724,9,0,0,0.0,0.0,0
1047363,Vinko Smolic,44184394,Per Arne Grotthing,5,4,4.4562445376220285,3.564995630097623,9,0,0,0,9,5,4,0,0,0,0,0,0.0,0.0,0,5,4,4.4562445376220285,3.564995630097623,9,0,0,0.0,0.0,0
13720633,Håkon Haukebøe,25743094,Mohamed Salkiny,1,8,0.8912489075244058,7.129991260195246,9,0,0,0,9,1,8,0,0,0,0,0,0.0,0.0,0,1,8,0.8912489075244058,7.129991260195246,9,0,0,0.0,0.0,0
16476664,Øystein Følling,25743094,Mohamed Salkiny,2,7,1.7824978150488116,6.23874235267084,9,0,0,0,9,2,7,0,0,0,0,0,0.0,0.0,0,2,7,1.7824978150488116,6.23874235267084,9,0,0,0.0,0.0,0
20264908,Bartosz Oldakowski,51736666,Yakup Aliz,3,6,2.673746722573217,5.347493445146434,9,0,0,0,9,3,6,0,0,0,0,0,0.0,0.0,0,3,6,2.673746722573217,5.347493445146434,9,0,0,0.0,0.0,0
1006292,Jan Thomassen,1277043,Alexander Hagen,6,3,5.324030084515562,2.662015042257781,9,0,0,0,9,6,3,0,0,0,0,0,0.0,0.0,0,6,3,5.324030084515562,2.662015042257781,9,0,0,0.0,0.0,0
1006239,Frank Hjeldnes,1024805,Audun Bjerve,4,5,3.5493533896770413,4.436691737096302,9,0,0,0,9,4,5,0,0,0,0,0,0.0,0.0,0,4,5,3.5493533896770413,4.436691737096302,9,0,0,0.0,0.0,0
1566592,Kim Bengtsson,44184394,Per Arne Grotthing,3,6,2.662015042257781,5.324030084515562,9,0,0,0,9,3,6,0,0,0,0,0,0.0,0.0,0,3,6,2.662015042257781,5.324030084515562,9,0,0,0.0,0.0,0
51736666,Yakup Aliz,57799534,Iris Marie Evdahl,5,4,4.3975533510797735,3.5180426808638185,9,0,0,0,9,5,4,0,0,0,0,0,0.0,0.0,0,5,4,4.3975533510797735,3.5180426808638185,9,0,0,0.0,0.0,0
13720633,Håkon Haukebøe,1441973,Geir Holmqvist,1,8,0.8795106702159546,7.036085361727637,9,0,0,0,9,1,8,0,0,0,0,0,0.0,0.0,0,1,8,0.8795106702159546,7.036085361727637,9,0,0,0.0,0.0,0
1006186,Christian Wikeby,2194859,Eivind Yoo Yong Jae Johansen,4,5,3.5180426808638185,4.035083166229307,9,0,0,0,9,4,5,0,0,0,0,0,0.0,0.0,0,4,5,3.5180426808638185,4.035083166229307,9,0,0,0.0,0.0,0
1006239,Frank Hjeldnes,44184394,Per Arne Grotthing,5,4,4.37815228785867,3.5025218302869363,9,0,0,0,9,5,4,0,0,0,5,4,4.37815228785867,3.5025218302869363,9,0,0,0.0,0.0,0,0,0,0.0,0.0,0
1006186,Christian Wikeby,57799534,Iris Marie Evdahl,7,2,6.102291122683341,1.7435117493380974,9,0,0,0,9,7,2,0,0,0,0,0,0.0,0.0,0,7,2,6.102291122683341,1.7435117493380974,9,0,0,0.0,0.0,0
1006239,Frank Hjeldnes,6691281,Andreas Wahr-Hansen,6,3,5.230535248014292,2.615267624007146,9,0,0,0,9,6,3,0,0,0,0,0,0.0,0.0,0,6,3,5.230535248014292,2.615267624007146,9,0,0,0.0,0.0,0
1006562,Yousef Austrheim,8498578,Riaz Ali,6,3,5.230535248014292,2.615267624007146,9,0,0,0,9,6,3,0,0,0,0,0,0.0,0.0,0,6,3,5.230535248014292,2.615267624007146,9,0,0,0.0,0.0,0
1006239,Frank Hjeldnes,1006403,Niklas Engström-Øvretveit,6,3,5.207424932751249,2.603712466375625,9,0,0,0,9,6,3,0,0,0,0,0,0.0,0.0,0,6,3,5.207424932751249,2.603712466375625,9,0,0,0.0,0.0,0
24897019,Robert Hedin,44184394,Per Arne Grotthing,4,5,3.4716166218341664,4.339520777292708,9,0,0,0,9,4,5,0,0,0,0,0,0.0,0.0,0,4,5,3.4716166218341664,4.339520777292708,9,0,0,0.0,0.0,0
1006239,Frank Hjeldnes,16476664,Øystein Følling,4,5,3.4716166218341664,4.339520777292708,9,0,0,0,9,4,5,0,0,0,0,0,0.0,0.0,0,4,5,3.4716166218341664,4.339520777292708,9,0,0,0.0,0.0,0
1006292,Jan Thomassen,48159925,Ole-Jakob Rosenvold,5,4,4.282254033809788,3.4258032270478305,9,0,0,0,9,5,4,0,0,0,0,0,0.0,0.0,0,5,4,4.282254033809788,3.4258032270478305,9,0,0,0.0,0.0,0
49839568,Navid Elyasi,8498578,Riaz Ali,4,5,3.4258032270478305,4.282254033809788,9,0,0,0,9,4,5,0,0,0,0,0,0.0,0.0,0,4,5,3.4258032270478305,4.282254033809788,9,0,0,0.0,0.0,0
1006403,Niklas Engström-Øvretveit,1059469,Hans Westad,6,3,5.11601150112199,2.558005750560995,9,0,0,0,9,6,3,0,0,0,0,0,0.0,0.0,0,6,3,5.11601150112199,2.558005750560995,9,0,0,0.0,0.0,0
1006403,Niklas Engström-Øvretveit,8270907,Christian Söderström,6,3,5.11601150112199,2.558005750560995,9,0,0,0,9,6,3,0,0,0,0,0,0.0,0.0,0,6,3,5.11601150112199,2.558005750560995,9,0,0,0.0,0.0,0
1006403,Niklas Engström-Øvretveit,6839980,Daniel Lorentzen-Styr,5,4,4.263342917601658,3.410674334081327,9,0,0,0,9,5,4,0,0,0,0,0,0.0,0.0,0,5,4,4.263342917601658,3.410674334081327,9,0,0,0.0,0.0,0
16144084,Truls Bakken,44184394,Per Arne Grotthing,5,4,4.244496669815609,3.395597335852487,9,0,0,0,9,5,4,0,0,0,0,0,0.0,0.0,0,5,4,4.244496669815609,3.395597335852487,9,0,0,0.0,0.0,0
1006216,Emil Bjørkmann,16144084,Truls Bakken,7,2,5.942295337741852,1.6977986679262436,9,0,0,0,9,7,2,0,0,0,0,0,0.0,0.0,0,7,2,5.942295337741852,1.6977986679262436,9,0,0,0.0,0.0,0
1006420,Ole Tobias Tanilon Gangfløt,1510340,Andris Viksnins,8,1,6.701883394898976,0.8377354243623719,9,0,0,0,9,8,1,0,0,0,0,0,0.0,0.0,0,8,1,6.701883394898976,0.8377354243623719,9,0,0,0.0,0.0,0
1006420,Ole Tobias Tanilon Gangfløt,5140422,Tomas Gryczon,7,2,5.864147970536604,1.6754708487247438,9,0,0,0,9,7,2,0,0,0,0,0,0.0,0.0,0,7,2,5.864147970536604,1.6754708487247438,9,0,0,0.0,0.0,0
1006216,Emil Bjørkmann,1006239,Frank Hjeldnes,7,2,5.837968844154808,1.6679910983299449,9,0,0,0,9,7,2,0,0,0,0,0,0.0,0.0,0,7,2,5.837968844154808,1.6679910983299449,9,0,0,0.0,0.0,0
42921529,Joshua Turla Tuppal,43127857,Manabu Sekiguchi,4,5,3.2238600432943616,4.151553340715945,9,0,0,0,9,4,5,0,0,0,4,5,3.2238600432943616,4.151553340715945,9,0,0,0.0,0.0,0,0,0,0.0,0.0,0
2660053,Morten Bjellås,5140422,Tomas Gryczon,1,8,0.8266438839192424,6.584003629892943,9,0,0,0,9,1,8,0,0,0,0,0,0.0,0.0,0,1,8,0.8266438839192424,6.584003629892943,9,0,0,0.0,0.0,0
1022496,Jozef Kwit,24897019,Robert Hedin,6,3,4.959863303515454,2.479931651757727,9,0,0,0,9,6,3,0,0,0,0,0,0.0,0.0,0,6,3,4.959863303515454,2.479931651757727,9,0,0,0.0,0.0,0
1006220,Erik Gårdelöf,58672273,Santo Angel Maican Lara,7,2,5.760927741826439,1.6459793548075536,9,0,0,0,9,7,2,0,0,0,0,0,0.0,0.0,0,7,2,5.760927741826439,1.6459793548075536,9,0,0,0.0,0.0,0
1510340,Andris Viksnins,5140422,Tomas Gryczon,6,3,4.474575142319177,2.45807107066198,9,0,0,0,9,6,3,0,0,0,0,0,0.0,0.0,0,6,3,4.474575142319177,2.45807107066198,9,0,0,0.0,0.0,0
25743094,Mohamed Salkiny,53649337,Erlend Helgesen,8,1,6.554856188431947,0.8193570235539934,9,0,0,0,9,8,1,0,0,0,0,0,0.0,0.0,0,8,1,6.554856188431947,0.8193570235539934,9,0,0,0.0,0.0,0
1006216,Emil Bjørkmann,1022496,Jozef Kwit,7,2,5.710132659616242,1.6314664741760696,9,0,0,0,9,7,2,0,0,0,0,0,0.0,0.0,0,7,2,5.710132659616242,1.6314664741760696,9,0,0,0.0,0.0,0
53649337,Erlend Helgesen,6545064,Kim-Olaf Sørensen,4,5,3.262932948352139,4.078666185440174,9,0,0,0,9,4,5,0,0,0,0,0,0.0,0.0,0,4,5,3.262932948352139,4.078666185440174,9,0,0,0.0,0.0,0
1123060,"Paweł ""Mumrikken"" Zalewski",54197755,Tom erik Lysenstøen,8,1,6.525865896704277,0.8157332370880348,9,0,0,0,9,8,1,0,0,0,0,0,0.0,0.0,0,8,1,6.525865896704277,0.8157332370880348,9,0,0,0.0,0.0,0
1123060,"Paweł ""Mumrikken"" Zalewski",20264908,Bartosz Oldakowski,5,4,4.060645226412316,3.2485161811298524,9,0,0,0,9,5,4,0,0,0,5,4,4.060645226412316,3.2485161811298524,9,0,0,0.0,0.0,0,0,0,0.0,0.0,0
1006197,Daniel Salole,20264908,Bartosz Oldakowski,9,0,5.320000119932866,0.0,9,0,0,0,9,9,0,0,0,0,9,0,5.320000119932866,0.0,9,0,0,0.0,0.0,0,0,0,0.0,0.0,0
1006562,Yousef Austrheim,20361406,Amir Khan,5,4,4.04272164982401,3.2341773198592083,9,0,0,0,9,5,4,0,0,0,0,0,0.0,0.0,0,5,4,4.04272164982401,3.2341773198592083,9,0,0,0.0,0.0,0
19030543,Martin Olsson,25875517,Christian Hedin,2,7,1.602784746194486,5.6097466116807,9,0,0,0,9,2,7,0,0,0,0,0,0.0,0.0,0,2,7,1.602784746194486,5.6097466116807,9,0,0,0.0,0.0,0
1006216,Emil Bjørkmann,44184394,Per Arne Grotthing,4,5,3.205569492388972,4.006961865486215,9,0,0,0,9,4,5,0,0,0,0,0,0.0,0.0,0,4,5,3.205569492388972,4.006961865486215,9,0,0,0.0,0.0,0
1298131,Jack Nordby,17978686,Ibra Alkhader,2,7,1.602784746194486,5.6097466116807,9,0,0,0,9,2,7,0,0,0,0,0,0.0,0.0,0,2,7,1.602784746194486,5.6097466116807,9,0,0,0.0,0.0,0
1298131,Jack Nordby,7153377,Henning Ingvorsen,4,5,3.1913991668682304,3.989248958585288,9,0,0,0,9,4,5,0,0,0,4,5,3.1913991668682304,3.989248958585288,9,0,0,0.0,0.0,0,0,0,0.0,0.0,0
5140422,Tomas Gryczon,6839980,Daniel Lorentzen-Styr,3,6,2.393549375151173,4.787098750302346,9,0,0,0,9,3,6,0,0,0,3,6,2.393549375151173,4.787098750302346,9,0,0,0.0,0.0,0,0,0,0.0,0.0,0
19616722,Lobsang Thupten,25875517,Christian Hedin,3,6,2.393549375151173,4.787098750302346,9,0,0,0,9,3,6,0,0,0,3,6,2.393549375151173,4.787098750302346,9,0,0,0.0,0.0,0,0,0,0.0,0.0,0
1006403,Niklas Engström-Øvretveit,1670605,Bernadette Bodó,6,3,4.765947690980681,2.3829738454903406,9,0,0,0,9,6,3,0,0,0,0,0,0.0,0.0,0,6,3,4.765947690980681,2.3829738454903406,9,0,0,0.0,0.0,0
1006453,Robin Nathan,1670605,Bernadette Bodó,7,2,5.560272306144128,1.5886492303268938,9,0,0,0,9,7,2,0,0,0,0,0,0.0,0.0,0,7,2,5.560272306144128,1.5886492303268938,9,0,0,0.0,0.0,0
1006220,Erik Gårdelöf,43127857,Manabu Sekiguchi,8,1,6.354596921307575,0.7943246151634469,9,0,0,0,9,8,1,0,0,0,0,0,0.0,0.0,0,8,1,6.354596921307575,0.7943246151634469,9,0,0,0.0,0.0,0
52645105,Tommy Bratseth,8270907,Christian Söderström,4,5,3.1528257330745197,3.9227721008029874,9,0,0,0,9,4,5,0,0,0,0,0,0.0,0.0,0,4,5,3.1528257330745197,3.9227721008029874,9,0,0,0.0,0.0,0
1006360,Lars Harby,51736666,Yakup Aliz,4,5,3.1354062420271798,3.919257802533975,9,0,0,0,9,4,5,0,0,0,4,5,3.1354062420271798,3.919257802533975,9,0,0,0.0,0.0,0,0,0,0.0,0.0,0
33336508,Paweł Chołodowski,7153377,Henning Ingvorsen,4,5,3.1354062420271798,3.919257802533975,9,0,0,0,9,4,5,0,0,0,4,5,3.1354062420271798,3.919257802533975,9,0,0,0.0,0.0,0,0,0,0.0,0.0,0
16476664,Øystein Følling,17978686,Ibra Alkhader,1,8,0.7838515605067949,6.2708124840543595,9,0,0,0,9,1,8,0,0,0,1,8,0.7838515605067949,6.2708124840543595,9,0,0,0.0,0.0,0,0,0,0.0,0.0,0
1006163,Bjørn Bratteberg,1566592,Kim Bengtsson,6,3,4.682284145365649,2.3411420726828247,9,0,0,0,9,6,3,0,0,0,0,0,0.0,0.0,0,6,3,4.682284145365649,2.3411420726828247,9,0,0,0.0,0.0,0
1006403,Niklas Engström-Øvretveit,2053323,Ib Christiansen,6,3,4.682284145365649,2.3411420726828247,9,0,0,0,9,6,3,0,0,0,0,0,0.0,0.0,0,6,3,4.682284145365649,2.3411420726828247,9,0,0,0.0,0.0,0
1006220,Erik Gårdelöf,20361406,Amir Khan,7,2,5.462664836259925,1.5607613817885497,9,0,0,0,9,7,2,0,0,0,0,0,0.0,0.0,0,7,2,5.462664836259925,1.5607613817885497,9,0,0,0.0,0.0,0
17978686,Ibra Alkhader,7719582,Astrid E. Pedersen,6,3,4.4994878720289035,2.249743936014452,9,0,0,0,9,6,3,0,0,0,0,0,0.0,0.0,0,6,3,4.4994878720289035,2.249743936014452,9,0,0,0.0,0.0,0
49097056,Herman Maraas,7153377,Henning Ingvorsen,3,6,2.239729993977214,4.479459987954427,9,0,0,0,9,3,6,0,0,0,0,0,0.0,0.0,0,3,6,2.239729993977214,4.479459987954427,9,0,0,0.0,0.0,0
20361406,Amir Khan,49097056,Herman Maraas,5,4,3.732883323295356,2.986306658636285,9,0,0,0,9,5,4,0,0,0,0,0,0.0,0.0,0,5,4,3.732883323295356,2.986306658636285,9,0,0,0.0,0.0,0
25875517,Christian Hedin,36225232,Adrian Winther,7,2,5.202980498566326,1.486565856733236,9,0,0,0,9,7,2,0,0,0,0,0,0.0,0.0,0,7,2,5.202980498566326,1.486565856733236,9,0,0,0.0,0.0,0
13720633,Håkon Haukebøe,33336508,Paweł Chołodowski,4,5,2.9338901600728886,3.6673627000911106,9,0,0,0,9,4,5,0,0,0,0,0,0.0,0.0,0,4,5,2.9338901600728886,3.6673627000911106,9,0,0,0.0,0.0,0
3682319,Lasse Rognlien,6839980,Daniel Lorentzen-Styr,2,7,1.4669450800364443,5.134307780127555,9,0,0,0,9,2,7,0,0,0,0,0,0.0,0.0,0,2,7,1.4669450800364443,5.134307780127555,9,0,0,0.0,0.0,0
44184394,Per Arne Grotthing,6181993,Kim Bjørnstad,3,6,2.2004176200546666,4.400835240109333,9,0,0,0,9,3,6,0,0,0,0,0,0.0,0.0,0,3,6,2.2004176200546666,4.400835240109333,9,0,0,0.0,0.0,0
24897019,Robert Hedin,48159925,Ole-Jakob Rosenvold,7,2,5.134307780127555,1.4669450800364443,9,0,0,0,9,7,2,0,0,0,0,0,0.0,0.0,0,7,2,5.134307780127555,1.4669450800364443,9,0,0,0.0,0.0,0
2194859,Eivind Yoo Yong Jae Johansen,56993080,Timo Mäkelä,1,8,0.7334725400182222,5.867780320145777,9,0,0,0,9,1,8,0,0,0,0,0,0.0,0.0,0,1,8,0.7334725400182222,5.867780320145777,9,0,0,0.0,0.0,0
1298131,Jack Nordby,24897019,Robert Hedin,2,7,1.4669450800364443,5.134307780127555,9,0,0,0,9,2,7,0,0,0,0,0,0.0,0.0,0,2,7,1.4669450800364443,5.134307780127555,9,0,0,0.0,0.0,0
19616722,Lobsang Thupten,56993080,Timo Mäkelä,4,5,2.9338901600728886,3.6673627000911106,9,0,0,0,9,4,5,0,0,0,0,0,0.0,0.0,0,4,5,2.9338901600728886,3.6673627000911106,9,0,0,0.0,0.0,0
1022496,Jozef Kwit,52645105,Tommy Bratseth,2,7,1.4540043876896083,5.089015356913628,9,0,0,0,9,2,7,0,0,0,0,0,0.0,0.0,0,2,7,1.4540043876896083,5.089015356913628,9,0,0,0.0,0.0,0
24761314,Dovydas Andriuška,51736666,Yakup Aliz,2,7,1.4475800930046405,5.066530325516242,9,0,0,0,9,2,7,0,0,0,2,7,1.4475800930046405,5.066530325516242,9,0,0,0.0,0.0,0,0,0,0.0,0.0,0
1006197,Daniel Salole,24761314,Dovydas Andriuška,6,3,4.342740279013921,2.1713701395069607,9,0,0,0,9,6,3,0,0,0,6,3,4.342740279013921,2.1713701395069607,9,0,0,0.0,0.0,0,0,0,0.0,0.0,0
36225232,Adrian Winther,6181993,Kim Bjørnstad,6,3,4.323552549232036,2.161776274616018,9,0,0,0,9,6,3,0,0,0,0,0,0.0,0.0,0,6,3,4.323552549232036,2.161776274616018,9,0,0,0.0,0.0,0
1006220,Erik Gårdelöf,1014993,Tron Vidar Engebakk,7,2,4.783233684536536,1.3666381955818676,9,0,0,0,9,7,2,0,0,0,7,2,4.783233684536536,1.3666381955818676,9,0,0,0.0,0.0,0,0,0,0.0,0.0,0
1095179,Ernesto Antonio Meléndez,16144084,Truls Bakken,4,5,2.3616213295232167,2.952026661904021,9,0,0,0,9,4,5,0,0,0,0,0,0.0,0.0,0,4,5,2.3616213295232167,2.952026661904021,9,0,0,0.0,0.0,0
1006163,Bjørn Bratteberg,3185355,Ivar Lexi,4,5,2.289536143205118,2.8619201790063977,9,0,0,0,9,4,5,0,0,0,0,0,0.0,0.0,0,0,0,0.0,0.0,0,4,5,2.289536143205118,2.8619201790063977,9
1006281,Jan Atle Kofoed,6545064,Kim-Olaf Sørensen,5,4,2.762390030729845,2.209912024583876,9,0,0,0,9,5,4,0,0,0,5,4,2.762390030729845,2.209912024583876,9,0,0,0.0,0.0,0,0,0,0.0,0.0,0
1024799,Stig Nesvik,3185355,Ivar Lexi,5,4,2.7019128137984993,2.1615302510387995,9,0,0,0,9,5,4,0,0,0,0,0,0.0,0.0,0,0,0,0.0,0.0,0,5,4,2.7019128137984993,2.1615302510387995,9
1095179,Ernesto Antonio Meléndez,2051511,Mats Calixto Engan,5,4,2.6078556540473903,2.086284523237912,9,0,0,0,9,5,4,0,0,0,0,0,0.0,0.0,0,5,4,2.6078556540473903,2.086284523237912,9,0,0,0.0,0.0,0
1006205,Egil Sørensen,1095179,Ernesto Antonio Meléndez,5,4,2.573440932135634,2.0587527457085075,9,0,0,0,9,5,4,0,0,0,0,0,0.0,0.0,0,5,4,2.573440932135634,2.0587527457085075,9,0,0,0.0,0.0,0
1006205,Egil Sørensen,1006281,Jan Atle Kofoed,5,4,2.573440932135634,2.0587527457085075,9,0,0,0,9,5,4,0,0,0,0,0,0.0,0.0,0,5,4,2.573440932135634,2.0587527457085075,9,0,0,0.0,0.0,0
16253185,Frank Svorkmo,2298416,Terje Kristoffersen,5,4,2.2833824187310983,1.8267059349848784,9,0,0,0,9,5,4,0,0,0,5,4,2.2833824187310983,1.8267059349848784,9,0,0,0.0,0.0,0,0,0,0.0,0.0,0
25743094,Mohamed Salkiny,9221595,Christoffer Sørensen,5,4,2.2733236046972265,1.818658883757781,9,0,0,0,9,5,4,0,0,0,0,0,0.0,0.0,0,0,0,0.0,0.0,0,5,4,2.2733236046972265,1.818658883757781,9
6686119,Levi Pavdeja,7153377,Henning Ingvorsen,5,4,1.9730400044991638,1.5784320035993311,9,0,0,0,9,5,4,0,0,0,0,0,0.0,0.0,0,5,4,1.9730400044991638,1.5784320035993311,9,0,0,0.0,0.0,0
1006515,Thorbjørn Vildar Dahl Eriksen,6600268,Kim Soo Garmark,3,6,0.7310661036590598,1.5962220793842936,9,0,0,0,9,3,6,0,0,0,0,1,0.0,0.37777857328586056,1,3,5,0.7310661036590598,1.2184435060984329,8,0,0,0.0,0.0,0
1006373,Mark McGauley,1417853,Robin Hauge Pettersen,4,5,1.5092759357731613,1.8865949197164515,9,0,0,0,9,4,5,0,0,0,0,0,0.0,0.0,0,0,0,0.0,0.0,0,4,5,1.5092759357731613,1.8865949197164515,9
1006163,Bjørn Bratteberg,8206764,Grzegorz Tabor,4,5,1.5092759357731613,1.8865949197164515,9,0,0,0,9,4,5,0,0,0,0,0,0.0,0.0,0,0,0,0.0,0.0,0,4,5,1.5092759357731613,1.8865949197164515,9
1006209,Eirik Tonning Hatløy,8206764,Grzegorz Tabor,5,4,1.8865949197164515,1.5092759357731613,9,0,0,0,9,5,4,0,0,0,0,0,0.0,0.0,0,0,0,0.0,0.0,0,5,4,1.8865949197164515,1.5092759357731613,9
1006163,Bjørn Bratteberg,16585597,Bjørn Sjølli,6,3,2.2549956139774237,1.1274978069887118,9,0,0,0,9,6,3,0,0,0,0,0,0.0,0.0,0,6,3,2.2549956139774237,1.1274978069887118,9,0,0,0.0,0.0,0
1006298,Jarek (Barracuda) Kapuściński,12042235,Evert Andersson,3,6,1.073929444791864,2.147858889583728,9,0,0,0,9,3,6,0,0,0,0,0,0.0,0.0,0,3,6,1.073929444791864,2.147858889583728,9,0,0,0.0,0.0,0
1006281,Jan Atle Kofoed,7153377,Henning Ingvorsen,5,4,1.7662388411896421,1.4129910729517137,9,0,0,0,9,5,4,0,0,0,5,4,1.7662388411896421,1.4129910729517137,9,0,0,0.0,0.0,0,0,0,0.0,0.0,0
1006340,Kjartan Maraas,1006450,Robert Farinetti,2,7,0.6461314492959767,2.2614600725359186,9,0,0,0,9,2,7,0,0,0,0,0,0.0,0.0,0,2,7,0.6461314492959767,2.2614600725359186,9,0,0,0.0,0.0,0
2298416,Terje Kristoffersen,7038973,James Leahy,7,2,2.2614600725359186,0.6461314492959767,9,0,0,0,9,7,2,0,0,0,0,0,0.0,0.0,0,7,2,2.2614600725359186,0.6461314492959767,9,0,0,0.0,0.0,0
3212629,Rolf G. Sedsbøe Jensen,8217316,Ida Amundsen Holtet,7,2,2.2614600725359186,0.6461314492959767,9,0,0,0,9,7,2,0,0,0,0,0,0.0,0.0,0,7,2,2.2614600725359186,0.6461314492959767,9,0,0,0.0,0.0,0
1024799,Stig Nesvik,1025949,Kristian Lund Olås,8,1,2.264152582027028,0.25455761237285995,9,0,0,0,9,8,1,0,0,0,0,0,0.0,0.0,0,8,1,2.264152582027028,0.25455761237285995,9,0,0,0.0,0.0,0
1006186,Christian Wikeby,2298416,Terje Kristoffersen,5,4,1.2207580302300562,0.9766064241840451,9,0,0,0,9,5,4,0,0,0,0,0,0.0,0.0,0,5,4,1.2207580302300562,0.9766064241840451,9,0,0,0.0,0.0,0
1006163,Bjørn Bratteberg,1393613,Vegar Hammer Olsen,4,5,0.8269145431225243,1.0336431789031555,9,0,0,0,9,4,5,0,0,0,0,0,0.0,0.0,0,0,0,0.0,0.0,0,4,5,0.8269145431225243,1.0336431789031555,9
1006183,Christel Hanah Johnsen,1006197,Daniel Salole,5,4,1.0154869984970265,0.8123895987976213,9,0,0,0,9,5,4,0,0,0,0,0,0.0,0.0,0,0,0,0.0,0.0,0,5,4,1.0154869984970265,0.8123895987976213,9
1006171,Bjørnar Davidsen,1006340,Kjartan Maraas,6,3,1.2078080960065742,0.6039040480032871,9,0,0,0,9,6,3,0,0,0,0,0,0.0,0.0,0,6,3,1.2078080960065742,0.6039040480032871,9,0,0,0.0,0.0,0
1006156,Asle Geir Skogen,1047363,Vinko Smolic,4,5,0.7369753517431231,0.9212191896789039,9,0,0,0,9,4,5,0,0,0,0,0,0.0,0.0,0,0,0,0.0,0.0,0,4,5,0.7369753517431231,0.9212191896789039,9
1006340,Kjartan Maraas,1095179,Ernesto Antonio Meléndez,5,4,0.8696974663662604,0.6957579730930084,9,0,0,0,9,5,4,0,0,0,0,0,0.0,0.0,0,0,0,0.0,0.0,0,5,4,0.8696974663662604,0.6957579730930084,9
1006549,Umar Hayat Ali,2298416,Terje Kristoffersen,6,3,1.0298645425630224,0.5149322712815112,9,0,0,0,9,6,3,0,0,0,0,0,0.0,0.0,0,6,3,1.0298645425630224,0.5149322712815112,9,0,0,0.0,0.0,0
1006255,Håkon Walland,1006328,Lioness Princess,6,3,1.0253074882552469,0.5126537441276234,9,0,0,0,9,6,3,0,0,0,0,0,0.0,0.0,0,0,0,0.0,0.0,0,6,3,1.0253074882552469,0.5126537441276234,9
1006156,Asle Geir Skogen,3682319,Lasse Rognlien,5,4,0.8506481444092886,0.6805185155274309,9,0,0,0,9,5,4,0,0,0,5,4,0.8506481444092886,0.6805185155274309,9,0,0,0.0,0.0,0,0,0,0.0,0.0,0
1006453,Robin Nathan,3716933,Amirhosein Hoseinzadeh,4,5,0.6805185155274309,0.8506481444092886,9,0,0,0,9,4,5,0,0,0,4,5,0.6805185155274309,0.8506481444092886,9,0,0,0.0,0.0,0,0,0,0.0,0.0,0
1006340,Kjartan Maraas,3402052,Henning Evensen,5,4,0.8174079769274666,0.6539263815419732,9,0,0,0,9,5,4,0,0,0,5,4,0.8174079769274666,0.6539263815419732,9,0,0,0.0,0.0,0,0,0,0.0,0.0,0
1006156,Asle Geir Skogen,1006514,Thomas Pedersen,6,3,0.9551527764253193,0.4775763882126596,9,0,0,0,9,6,3,0,0,0,0,0,0.0,0.0,0,6,3,0.9551527764253193,0.4775763882126596,9,0,0,0.0,0.0,0
1006536,Tormod Rygge,3185355,Ivar Lexi,6,3,0.9509263146971,0.47546315734855005,9,0,0,0,9,6,3,0,0,0,0,0,0.0,0.0,0,0,0,0.0,0.0,0,6,3,0.9509263146971,0.47546315734855005,9
1006453,Robin Nathan,2945676,Christoffer Hansen,6,3,0.9301035259681215,0.4650517629840607,9,0,0,0,9,6,3,0,0,0,0,0,0.0,0.0,0,0,0,0.0,0.0,0,6,3,0.9301035259681215,0.4650517629840607,9
1393613,Vegar Hammer Olsen,4849639,Petter Rognlien,6,3,0.9178293595871495,0.4589146797935747,9,0,0,0,9,6,3,0,0,0,0,0,0.0,0.0,0,6,3,0.9178293595871495,0.4589146797935747,9,0,0,0.0,0.0,0
1006514,Thomas Pedersen,1030563,Alexander Baranji,6,3,0.8977372228565947,0.44886861142829737,9,0,0,0,9,6,3,0,0,0,0,0,0.0,0.0,0,6,3,0.8977372228565947,0.44886861142829737,9,0,0,0.0,0.0,0
1006514,Thomas Pedersen,1399018,Kristoffer Mørk,5,4,0.7448040163204351,0.5958432130563481,9,0,0,0,9,5,4,0,0,0,0,0,0.0,0.0,0,0,0,0.0,0.0,0,5,4,0.7448040163204351,0.5958432130563481,9
1006453,Robin Nathan,1030433,Bill Vrodos,6,3,0.8937648195845221,0.4468824097922611,9,0,0,0,9,6,3,0,0,0,0,0,0.0,0.0,0,0,0,0.0,0.0,0,6,3,0.8937648195845221,0.4468824097922611,9
1006197,Daniel Salole,1399018,Kristoffer Mørk,4,5,0.5784431364123404,0.7230539205154254,9,0,0,0,9,4,5,0,0,0,0,0,0.0,0.0,0,4,5,0.5784431364123404,0.7230539205154254,9,0,0,0.0,0.0,0
2476389,Bjarte Ervall,3185355,Ivar Lexi,6,3,0.8626630526806917,0.4313315263403459,9,0,0,0,9,6,3,0,0,0,0,0,0.0,0.0,0,0,0,0.0,0.0,0,6,3,0.8626630526806917,0.4313315263403459,9
2139030,Zian Azam,2165290,Michael Andersson,6,3,0.8216717963664701,0.41083589818323507,9,0,0,0,9,6,3,0,0,0,0,0,0.0,0.0,0,6,3,0.8216717963664701,0.41083589818323507,9,0,0,0.0,0.0,0
1006340,Kjartan Maraas,2139030,Zian Azam,6,3,0.8216717963664701,0.41083589818323507,9,0,0,0,9,6,3,0,0,0,0,0,0.0,0.0,0,6,3,0.8216717963664701,0.41083589818323507,9,0,0,0.0,0.0,0
1006514,Thomas Pedersen,1014998,Ivan Crenn,6,3,0.8144269760325494,0.40721348801627477,9,0,0,0,9,6,3,0,0,0,0,0,0.0,0.0,0,0,0,0.0,0.0,0,6,3,0.8144269760325494,0.40721348801627477,9
1006147,Arild Kråkvik,1670605,Bernadette Bodó,5,4,0.6756860106775884,0.5405488085420707,9,0,0,0,9,5,4,0,0,0,5,4,0.6756860106775884,0.5405488085420707,9,0,0,0.0,0.0,0,0,0,0.0,0.0,0
1670605,Bernadette Bodó,3185355,Ivar Lexi,4,5,0.5405488085420707,0.6756860106775884,9,0,0,0,9,4,5,0,0,0,4,5,0.5405488085420707,0.6756860106775884,9,0,0,0.0,0.0,0,0,0,0.0,0.0,0
1006255,Håkon Walland,3185355,Ivar Lexi,6,3,0.7860808753415952,0.39304043767079766,9,0,0,0,9,6,3,0,0,0,0,0,0.0,0.0,0,6,3,0.7860808753415952,0.39304043767079766,9,0,0,0.0,0.0,0
1006292,Jan Thomassen,1047363,Vinko Smolic,6,3,0.7860808753415952,0.39304043767079766,9,0,0,0,9,6,3,0,0,0,0,0,0.0,0.0,0,6,3,0.7860808753415952,0.39304043767079766,9,0,0,0.0,0.0,0
1006255,Håkon Walland,1006292,Jan Thomassen,6,3,0.7860808753415952,0.39304043767079766,9,0,0,0,9,6,3,0,0,0,0,0,0.0,0.0,0,6,3,0.7860808753415952,0.39304043767079766,9,0,0,0.0,0.0,0
1024799,Stig Nesvik,1967863,Nate Komljenovic,4,5,0.5217384652895423,0.6521730816119278,9,0,0,0,9,4,5,0,0,0,0,0,0.0,0.0,0,0,0,0.0,0.0,0,4,5,0.5217384652895423,0.6521730816119278,9
1006171,Bjørnar Davidsen,1996345,Asgeir Elingsgård,5,4,0.6521730816119278,0.5217384652895423,9,0,0,0,9,5,4,0,0,0,0,0,0.0,0.0,0,0,0,0.0,0.0,0,5,4,0.6521730816119278,0.5217384652895423,9
1006186,Christian Wikeby,1944513,Harald Helberg,5,4,0.6407189186229867,0.5125751348983894,9,0,0,0,9,5,4,0,0,0,0,0,0.0,0.0,0,0,0,0.0,0.0,0,5,4,0.6407189186229867,0.5125751348983894,9
1006514,Thomas Pedersen,1343995,Jarle Steinhovden,4,5,0.5125751348983894,0.6407189186229867,9,0,0,0,9,4,5,0,0,0,0,0,0.0,0.0,0,0,0,0.0,0.0,0,4,5,0.5125751348983894,0.6407189186229867,9
1006156,Asle Geir Skogen,1944513,Harald Helberg,4,5,0.5125751348983894,0.6407189186229867,9,0,0,0,9,4,5,0,0,0,0,0,0.0,0.0,0,0,0,0.0,0.0,0,4,5,0.5125751348983894,0.6407189186229867,9
1006220,Erik Gårdelöf,4849639,Petter Rognlien,8,0,8.0,0.0,8,0,0,0,8,8,0,0,0,0,0,0,0.0,0.0,0,8,0,8.0,0.0,8,0,0,0.0,0.0,0
3682319,Lasse Rognlien,53649337,Erlend Helgesen,5,3,5.0,3.0,8,0,0,0,8,5,3,0,0,0,0,0,0.0,0.0,0,5,3,5.0,3.0,8,0,0,0.0,0.0,0
19030543,Martin Olsson,51736666,Yakup Aliz,2,6,2.0,6.0,8,0,0,0,8,2,6,0,0,0,0,0,0.0,0.0,0,2,6,2.0,6.0,8,0,0,0.0,0.0,0
1006220,Erik Gårdelöf,1566592,Kim Bengtsson,8,0,7.964653230819059,0.0,8,0,0,0,8,8,0,0,0,0,0,0,0.0,0.0,0,8,0,7.964653230819059,0.0,8,0,0,0.0,0.0,0
1006453,Robin Nathan,53649337,Erlend Helgesen,3,5,2.9867449615571466,4.977908269261912,8,0,0,0,8,3,5,0,0,0,0,0,0.0,0.0,0,3,5,2.9867449615571466,4.977908269261912,8,0,0,0.0,0.0,0
1006148,Arild Moilanen,16144084,Truls Bakken,7,1,6.969071576966677,0.9955816538523823,8,0,0,0,8,7,1,0,0,0,0,0,0.0,0.0,0,7,1,6.969071576966677,0.9955816538523823,8,0,0,0.0,0.0,0
1006220,Erik Gårdelöf,7904326,Silja Vepsä,8,0,7.964653230819059,0.0,8,0,0,0,8,8,0,0,0,0,0,0,0.0,0.0,0,8,0,7.964653230819059,0.0,8,0,0,0.0,0.0,0
1006163,Bjørn Bratteberg,58861579,Elēns Zommers,6,2,5.973489923114294,1.9911633077047646,8,0,0,0,8,6,2,0,0,0,0,0,0.0,0.0,0,6,2,5.973489923114294,1.9911633077047646,8,0,0,0.0,0.0,0
1123060,"Paweł ""Mumrikken"" Zalewski",69888928,T M.H,6,2,5.9470969769246675,1.9823656589748893,8,0,0,0,8,6,2,0,0,0,6,2,5.9470969769246675,1.9823656589748893,8,0,0,0.0,0.0,0,0,0,0.0,0.0,0
1006197,Daniel Salole,78617272,Harald Fjeldberg,6,2,5.9470969769246675,1.9823656589748893,8,0,0,0,8,6,2,0,0,0,6,2,5.9470969769246675,1.9823656589748893,8,0,0,0.0,0.0,0,0,0,0.0,0.0,0
1006186,Christian Wikeby,19616722,Lobsang Thupten,6,2,5.9470969769246675,1.9823656589748893,8,0,0,0,8,6,2,0,0,0,6,2,5.9470969769246675,1.9823656589748893,8,0,0,0.0,0.0,0,0,0,0.0,0.0,0
1006239,Frank Hjeldnes,1006298,Jarek (Barracuda) Kapuściński,6,2,5.920820643907164,1.973606881302388,8,0,0,0,8,6,2,0,0,0,0,0,0.0,0.0,0,6,2,5.920820643907164,1.973606881302388,8,0,0,0.0,0.0,0
13720633,Håkon Haukebøe,51736666,Yakup Aliz,2,6,1.9648868029414737,5.8946604088244205,8,0,0,0,8,2,6,0,0,0,0,0,0.0,0.0,0,2,6,1.9648868029414737,5.8946604088244205,8,0,0,0.0,0.0,0
16476664,Øystein Følling,53649337,Erlend Helgesen,3,5,2.9473302044122107,4.912217007353684,8,0,0,0,8,3,5,0,0,0,0,0,0.0,0.0,0,3,5,2.9473302044122107,4.912217007353684,8,0,0,0.0,0.0,0
16476664,Øystein Følling,42921529,Joshua Turla Tuppal,5,3,4.912217007353684,2.9473302044122107,8,0,0,0,8,5,3,0,0,0,0,0,0.0,0.0,0,5,3,4.912217007353684,2.9473302044122107,8,0,0,0.0,0.0,0
1298131,Jack Nordby,8970047,Ante Petricevic,4,4,3.9297736058829473,3.9297736058829473,8,0,0,0,8,4,4,0,0,0,0,0,0.0,0.0,0,4,4,3.9297736058829473,3.9297736058829473,8,0,0,0.0,0.0,0
48159925,Ole-Jakob Rosenvold,58672273,Santo Angel Maican Lara,5,3,4.8905131322629805,2.9343078793577884,8,0,0,0,8,5,3,0,0,0,0,0,0.0,0.0,0,5,3,4.8905131322629805,2.9343078793577884,8,0,0,0.0,0.0,0
1006298,Jarek (Barracuda) Kapuściński,58672273,Santo Angel Maican Lara,4,4,3.9124105058103846,3.9124105058103846,8,0,0,0,8,4,4,0,0,0,0,0,0.0,0.0,0,4,4,3.9124105058103846,3.9124105058103846,8,0,0,0.0,0.0,0
1006239,Frank Hjeldnes,80088046,Kim Rui,6,2,5.842686182886207,1.947562060962069,8,0,0,0,8,6,2,0,0,0,0,0,0.0,0.0,0,6,2,5.842686182886207,1.947562060962069,8,0,0,0.0,0.0,0
56994721,Rolf-Tommy Østensson,7153377,Henning Ingvorsen,1,7,0.9694785288163854,6.7863497017146965,8,0,0,0,8,1,7,0,0,0,0,0,0.0,0.0,0,1,7,0.9694785288163854,6.7863497017146965,8,0,0,0.0,0.0,0
44119141,Gaute Rogstad,56994721,Rolf-Tommy Østensson,3,5,2.9084355864491562,4.847392644081927,8,0,0,0,8,3,5,0,0,0,0,0,0.0,0.0,0,3,5,2.9084355864491562,4.847392644081927,8,0,0,0.0,0.0,0
56994721,Rolf-Tommy Østensson,80088046,Kim Rui,3,5,2.9084355864491562,4.847392644081927,8,0,0,0,8,3,5,0,0,0,0,0,0.0,0.0,0,3,5,2.9084355864491562,4.847392644081927,8,0,0,0.0,0.0,0
1123060,"Paweł ""Mumrikken"" Zalewski",8498578,Riaz Ali,5,3,4.80465235659775,2.88279141395865,8,0,0,0,8,5,3,0,0,0,5,3,4.80465235659775,2.88279141395865,8,0,0,0.0,0.0,0,0,0,0.0,0.0,0
1006453,Robin Nathan,36990883,Anders Valde,7,1,6.696793235114269,0.9566847478734668,8,0,0,0,8,7,1,0,0,0,0,0,0.0,0.0,0,7,1,6.696793235114269,0.9566847478734668,8,0,0,0.0,0.0,0
1095179,Ernesto Antonio Meléndez,8270907,Christian Söderström,3,5,2.8196720468994494,4.699453411499082,8,0,0,0,8,3,5,0,0,0,0,0,0.0,0.0,0,3,5,2.8196720468994494,4.699453411499082,8,0,0,0.0,0.0,0
53204752,Julianne Myhren-heyerdahl,7153377,Henning Ingvorsen,2,6,1.8797813645996329,5.639344093798899,8,0,0,0,8,2,6,0,0,0,0,0,0.0,0.0,0,2,6,1.8797813645996329,5.639344093798899,8,0,0,0.0,0.0,0
1047363,Vinko Smolic,2660053,Morten Bjellås,8,0,7.3712131764024305,0.0,8,0,0,0,8,8,0,0,0,0,8,0,7.3712131764024305,0.0,8,0,0,0.0,0.0,0,0,0,0.0,0.0,0
16144084,Truls Bakken,33336508,Paweł Chołodowski,3,5,2.7948043788891397,4.658007298148566,8,0,0,0,8,3,5,0,0,0,3,5,2.7948043788891397,4.658007298148566,8,0,0,0.0,0.0,0,0,0,0.0,0.0,0
1006298,Jarek (Barracuda) Kapuściński,43127857,Manabu Sekiguchi,2,6,1.8549706438188864,5.564911931456659,8,0,0,0,8,2,6,0,0,0,0,0,0.0,0.0,0,2,6,1.8549706438188864,5.564911931456659,8,0,0,0.0,0.0,0
33336508,Paweł Chołodowski,44478316,Rune Stensvold,6,2,5.564911931456659,1.8549706438188864,8,0,0,0,8,6,2,0,0,0,0,0,0.0,0.0,0,6,2,5.564911931456659,1.8549706438188864,8,0,0,0.0,0.0,0
1006359,Larry Skogheim,80088046,Kim Rui,4,4,3.661006951336493,3.661006951336493,8,0,0,0,8,4,4,0,0,0,0,0,0.0,0.0,0,4,4,3.661006951336493,3.661006951336493,8,0,0,0.0,0.0,0
1006420,Ole Tobias Tanilon Gangfløt,43127857,Manabu Sekiguchi,6,2,5.49151042700474,1.8305034756682466,8,0,0,0,8,6,2,0,0,0,0,0,0.0,0.0,0,6,2,5.49151042700474,1.8305034756682466,8,0,0,0.0,0.0,0
1123060,"Paweł ""Mumrikken"" Zalewski",58672273,Santo Angel Maican Lara,6,2,5.467211006825368,1.8224036689417893,8,0,0,0,8,6,2,0,0,0,6,2,5.467211006825368,1.8224036689417893,8,0,0,0.0,0.0,0,0,0,0.0,0.0,0
1047363,Vinko Smolic,1123060,"Paweł ""Mumrikken"" Zalewski",2,6,1.8224036689417893,5.467211006825368,8,0,0,0,8,2,6,0,0,0,2,6,1.8224036689417893,5.467211006825368,8,0,0,0.0,0.0,0,0,0,0.0,0.0,0
20637220,Sindre Aarhus Narvestad,7153377,Henning Ingvorsen,5,3,4.53587914677929,2.721527488067574,8,0,0,0,8,5,3,0,0,0,0,0,0.0,0.0,0,5,3,4.53587914677929,2.721527488067574,8,0,0,0.0,0.0,0
1356128,Christian Moberg,43127857,Manabu Sekiguchi,6,2,5.443054976135148,1.8143516587117159,8,0,0,0,8,6,2,0,0,0,0,0,0.0,0.0,0,6,2,5.443054976135148,1.8143516587117159,8,0,0,0.0,0.0,0
1006163,Bjørn Bratteberg,8498578,Riaz Ali,6,2,5.443054976135148,1.8143516587117159,8,0,0,0,8,6,2,0,0,0,0,0,0.0,0.0,0,6,2,5.443054976135148,1.8143516587117159,8,0,0,0.0,0.0,0
16476664,Øystein Følling,44184394,Per Arne Grotthing,2,6,1.8063391926624321,5.4190175779872956,8,0,0,0,8,2,6,0,0,0,0,0,0.0,0.0,0,2,6,1.8063391926624321,5.4190175779872956,8,0,0,0.0,0.0,0
2660053,Morten Bjellås,53649337,Erlend Helgesen,3,5,2.6975313161506755,4.495885526917792,8,0,0,0,8,3,5,0,0,0,0,0,0.0,0.0,0,3,5,2.6975313161506755,4.495885526917792,8,0,0,0.0,0.0,0
7153377,Henning Ingvorsen,9221877,Johnny Wu,6,2,5.371248973905444,1.7904163246351479,8,0,0,0,8,6,2,0,0,0,0,0,0.0,0.0,0,6,2,5.371248973905444,1.7904163246351479,8,0,0,0.0,0.0,0
51736666,Yakup Aliz,9221877,Johnny Wu,6,2,5.371248973905444,1.7904163246351479,8,0,0,0,8,6,2,0,0,0,0,0,0.0,0.0,0,6,2,5.371248973905444,1.7904163246351479,8,0,0,0.0,0.0,0
1006403,Niklas Engström-Øvretveit,48159925,Ole-Jakob Rosenvold,6,2,5.347493445146434,1.7824978150488116,8,0,0,0,8,6,2,0,0,0,0,0,0.0,0.0,0,6,2,5.347493445146434,1.7824978150488116,8,0,0,0.0,0.0,0
1047363,Vinko Smolic,20264908,Bartosz Oldakowski,2,6,1.7824978150488116,5.347493445146434,8,0,0,0,8,2,6,0,0,0,0,0,0.0,0.0,0,2,6,1.7824978150488116,5.347493445146434,8,0,0,0.0,0.0,0
1006292,Jan Thomassen,8498578,Riaz Ali,6,2,5.324030084515562,1.7746766948385206,8,0,0,0,8,6,2,0,0,0,0,0,0.0,0.0,0,6,2,5.324030084515562,1.7746766948385206,8,0,0,0.0,0.0,0
10220035,Marius Lamby Solvang,43127857,Manabu Sekiguchi,2,6,1.7746766948385206,5.324030084515562,8,0,0,0,8,2,6,0,0,0,0,0,0.0,0.0,0,2,6,1.7746766948385206,5.324030084515562,8,0,0,0.0,0.0,0
24833275,Marte Stulen Aamodt,44184394,Per Arne Grotthing,2,6,1.7746766948385206,5.324030084515562,8,0,0,0,8,2,6,0,0,0,0,0,0.0,0.0,0,2,6,1.7746766948385206,5.324030084515562,8,0,0,0.0,0.0,0
1123060,"Paweł ""Mumrikken"" Zalewski",24833275,Marte Stulen Aamodt,7,1,6.211368431934822,0.8873383474192603,8,0,0,0,8,7,1,0,0,0,0,0,0.0,0.0,0,7,1,6.211368431934822,0.8873383474192603,8,0,0,0.0,0.0,0
1006239,Frank Hjeldnes,19616722,Lobsang Thupten,6,2,5.300483391669824,1.7668277972232747,8,0,0,0,8,6,2,0,0,0,0,0,0.0,0.0,0,6,2,5.300483391669824,1.7668277972232747,8,0,0,0.0,0.0,0
13720633,Håkon Haukebøe,43127857,Manabu Sekiguchi,4,4,3.5336555944465493,3.5336555944465493,8,0,0,0,8,4,4,0,0,0,0,0,0.0,0.0,0,4,4,3.5336555944465493,3.5336555944465493,8,0,0,0.0,0.0,0
1006239,Frank Hjeldnes,1006292,Jan Thomassen,6,2,5.300483391669824,1.7668277972232747,8,0,0,0,8,6,2,0,0,0,0,0,0.0,0.0,0,6,2,5.300483391669824,1.7668277972232747,8,0,0,0.0,0.0,0
1006163,Bjørn Bratteberg,7904326,Silja Vepsä,6,2,5.277064021295728,1.7590213404319093,8,0,0,0,8,6,2,0,0,0,0,0,0.0,0.0,0,6,2,5.277064021295728,1.7590213404319093,8,0,0,0.0,0.0,0
1006239,Frank Hjeldnes,49839568,Navid Elyasi,6,2,5.277064021295728,1.7590213404319093,8,0,0,0,8,6,2,0,0,0,0,0,0.0,0.0,0,6,2,5.277064021295728,1.7590213404319093,8,0,0,0.0,0.0,0
1123060,"Paweł ""Mumrikken"" Zalewski",1441973,Geir Holmqvist,2,6,1.7590213404319093,5.277064021295728,8,0,0,0,8,2,6,0,0,0,0,0,0.0,0.0,0,2,6,1.7590213404319093,5.277064021295728,8,0,0,0.0,0.0,0
4849639,Petter Rognlien,5140422,Tomas Gryczon,4,4,3.4871468483335892,3.456396884426895,8,0,0,0,8,4,4,0,0,0,4,4,3.4871468483335892,3.456396884426895,8,0,0,0.0,0.0,0,0,0,0.0,0.0,0
17978686,Ibra Alkhader,75512620,Trond Evjen,4,4,3.4870234986761948,3.4870234986761948,8,0,0,0,8,4,4,0,0,0,0,0,0.0,0.0,0,4,4,3.4870234986761948,3.4870234986761948,8,0,0,0.0,0.0,0
16849165,Trond evjen,17978686,Ibra Alkhader,0,8,0.0,6.943233243668332,8,0,0,0,8,0,8,0,0,0,0,0,0.0,0.0,0,0,8,0.0,6.943233243668332,8,0,0,0.0,0.0,0
1277043,Alexander Hagen,8270907,Christian Söderström,6,2,5.207424932751249,1.7358083109170832,8,0,0,0,8,6,2,0,0,0,0,0,0.0,0.0,0,6,2,5.207424932751249,1.7358083109170832,8,0,0,0.0,0.0,0
1006292,Jan Thomassen,13720633,Håkon Haukebøe,6,2,5.184416726860619,1.7281389089535397,8,0,0,0,8,6,2,0,0,0,0,0,0.0,0.0,0,6,2,5.184416726860619,1.7281389089535397,8,0,0,0.0,0.0,0
12622333,Silje Engström-Øvretveit,5140422,Tomas Gryczon,1,7,0.8602554756183871,5.758064887508949,8,0,0,0,8,1,7,0,0,0,1,3,0.8602554756183871,2.5807664268551616,4,0,4,0.0,3.1772984606537875,4,0,0,0.0,0.0,0
1042070,Henrik Olsson,51736666,Yakup Aliz,7,1,6.021788329328709,0.8602554756183871,8,0,0,0,8,7,1,0,0,0,7,1,6.021788329328709,0.8602554756183871,8,0,0,0.0,0.0,0,0,0,0.0,0.0,0
42527356,rafal wisniewski,44184394,Per Arne Grotthing,2,6,1.7129016135239152,5.138704840571745,8,0,0,0,8,2,6,0,0,0,0,0,0.0,0.0,0,2,6,1.7129016135239152,5.138704840571745,8,0,0,0.0,0.0,0
5140422,Tomas Gryczon,8498578,Riaz Ali,4,4,3.4258032270478305,3.4258032270478305,8,0,0,0,8,4,4,0,0,0,0,0,0.0,0.0,0,4,4,3.4258032270478305,3.4258032270478305,8,0,0,0.0,0.0,0
33336508,Paweł Chołodowski,7711820,Marie Hoff Petersen,4,4,3.4258032270478305,3.4258032270478305,8,0,0,0,8,4,4,0,0,0,0,0,0.0,0.0,0,4,4,3.4258032270478305,3.4258032270478305,8,0,0,0.0,0.0,0
1298131,Jack Nordby,8498578,Riaz Ali,3,5,2.569352420285873,4.282254033809788,8,0,0,0,8,3,5,0,0,0,0,0,0.0,0.0,0,3,5,2.569352420285873,4.282254033809788,8,0,0,0.0,0.0,0
1022496,Jozef Kwit,7711820,Marie Hoff Petersen,4,4,3.4258032270478305,3.4258032270478305,8,0,0,0,8,4,4,0,0,0,0,0,0.0,0.0,0,4,4,3.4258032270478305,3.4258032270478305,8,0,0,0.0,0.0,0
1022496,Jozef Kwit,53649337,Erlend Helgesen,3,5,2.569352420285873,4.282254033809788,8,0,0,0,8,3,5,0,0,0,0,0,0.0,0.0,0,3,5,2.569352420285873,4.282254033809788,8,0,0,0.0,0.0,0
49839568,Navid Elyasi,53649337,Erlend Helgesen,5,3,4.282254033809788,2.569352420285873,8,0,0,0,8,5,3,0,0,0,0,0,0.0,0.0,0,5,3,4.282254033809788,2.569352420285873,8,0,0,0.0,0.0,0
44478316,Rune Stensvold,51736666,Yakup Aliz,2,6,1.7053371670406634,5.11601150112199,8,0,0,0,8,2,6,0,0,0,0,0,0.0,0.0,0,2,6,1.7053371670406634,5.11601150112199,8,0,0,0.0,0.0,0
1059469,Hans Westad,19616722,Lobsang Thupten,6,2,5.11601150112199,1.7053371670406634,8,0,0,0,8,6,2,0,0,0,0,0,0.0,0.0,0,6,2,5.11601150112199,1.7053371670406634,8,0,0,0.0,0.0,0
58672273,Santo Angel Maican Lara,6839980,Daniel Lorentzen-Styr,3,5,2.558005750560995,4.263342917601658,8,0,0,0,8,3,5,0,0,0,0,0,0.0,0.0,0,3,5,2.558005750560995,4.263342917601658,8,0,0,0.0,0.0,0
7904326,Silja Vepsä,8270907,Christian Söderström,4,4,3.395597335852487,3.395597335852487,8,0,0,0,8,4,4,0,0,0,0,0,0.0,0.0,0,4,4,3.395597335852487,3.395597335852487,8,0,0,0.0,0.0,0
3185355,Ivar Lexi,7904326,Silja Vepsä,5,3,4.244496669815609,2.5466980018893652,8,0,0,0,8,5,3,0,0,0,0,0,0.0,0.0,0,5,3,4.244496669815609,2.5466980018893652,8,0,0,0.0,0.0,0
1006197,Daniel Salole,5140422,Tomas Gryczon,6,2,5.026412546174232,1.6754708487247438,8,0,0,0,8,6,2,0,0,0,0,0,0.0,0.0,0,6,2,5.026412546174232,1.6754708487247438,8,0,0,0.0,0.0,0
1006197,Daniel Salole,52645105,Tommy Bratseth,6,2,5.026412546174232,1.6754708487247438,8,0,0,0,8,6,2,0,0,0,0,0,0.0,0.0,0,6,2,5.026412546174232,1.6754708487247438,8,0,0,0.0,0.0,0
1006216,Emil Bjørkmann,5689902,Roger Andresen,7,1,5.837968844154808,0.8339955491649724,8,0,0,0,8,7,1,0,0,0,0,0,0.0,0.0,0,7,1,5.837968844154808,0.8339955491649724,8,0,0,0.0,0.0,0
17978686,Ibra Alkhader,53204752,Julianne Myhren-heyerdahl,8,0,6.671964393319781,0.0,8,0,0,0,8,8,0,0,0,0,0,0,0.0,0.0,0,8,0,6.671964393319781,0.0,8,0,0,0.0,0.0,0
1006399,Nedzat Cimilji,17978686,Ibra Alkhader,2,6,1.660621336286378,4.981864008859134,8,0,0,0,8,2,6,0,0,0,2,6,1.660621336286378,4.981864008859134,8,0,0,0.0,0.0,0,0,0,0.0,0.0,0
2660053,Morten Bjellås,8270907,Christian Söderström,4,4,3.3065755356769695,3.3065755356769695,8,0,0,0,8,4,4,0,0,0,0,0,0.0,0.0,0,4,4,3.3065755356769695,3.3065755356769695,8,0,0,0.0,0.0,0
1006220,Erik Gårdelöf,7284524,Daniel Hult,6,2,4.959863303515454,1.6532877678384847,8,0,0,0,8,6,2,0,0,0,0,0,0.0,0.0,0,6,2,4.959863303515454,1.6532877678384847,8,0,0,0.0,0.0,0
1006220,Erik Gårdelöf,3611014,Terje Blegen,8,0,6.583917419230216,0.0,8,0,0,0,8,8,0,0,0,0,0,0,0.0,0.0,0,8,0,6.583917419230216,0.0,8,0,0,0.0,0.0,0
3012666,Eirik Sandaaker,44184394,Per Arne Grotthing,3,5,2.4689690322113305,4.1149483870188845,8,0,0,0,8,3,5,0,0,0,0,0,0.0,0.0,0,3,5,2.4689690322113305,4.1149483870188845,8,0,0,0.0,0.0,0
1006453,Robin Nathan,7711820,Marie Hoff Petersen,7,1,5.760927741826439,0.8229896774037768,8,0,0,0,8,7,1,0,0,0,0,0,0.0,0.0,0,7,1,5.760927741826439,0.8229896774037768,8,0,0,0.0,0.0,0
51736666,Yakup Aliz,8970047,Ante Petricevic,6,2,4.937938064422662,1.6459793548075536,8,0,0,0,8,6,2,0,0,0,0,0,0.0,0.0,0,6,2,4.937938064422662,1.6459793548075536,8,0,0,0.0,0.0,0
2660053,Morten Bjellås,43127857,Manabu Sekiguchi,3,5,2.45807107066198,4.096785117769967,8,0,0,0,8,3,5,0,0,0,0,0,0.0,0.0,0,3,5,2.45807107066198,4.096785117769967,8,0,0,0.0,0.0,0
1510340,Andris Viksnins,43127857,Manabu Sekiguchi,5,3,4.096785117769967,2.45807107066198,8,0,0,0,8,5,3,0,0,0,0,0,0.0,0.0,0,5,3,4.096785117769967,2.45807107066198,8,0,0,0.0,0.0,0
1006197,Daniel Salole,25743094,Mohamed Salkiny,6,2,4.91614214132396,1.6387140471079868,8,0,0,0,8,6,2,0,0,0,0,0,0.0,0.0,0,6,2,4.91614214132396,1.6387140471079868,8,0,0,0.0,0.0,0
1006340,Kjartan Maraas,6545064,Kim-Olaf Sørensen,7,1,5.26957136885159,0.8157332370880348,8,0,0,0,8,7,1,0,0,0,0,0,0.0,0.0,0,7,1,5.26957136885159,0.8157332370880348,8,0,0,0.0,0.0,0
17978686,Ibra Alkhader,42921529,Joshua Turla Tuppal,7,1,5.710132659616242,0.8157332370880348,8,0,0,0,8,7,1,0,0,0,0,0,0.0,0.0,0,7,1,5.710132659616242,0.8157332370880348,8,0,0,0.0,0.0,0
48159925,Ole-Jakob Rosenvold,6545064,Kim-Olaf Sørensen,4,4,3.262932948352139,3.262932948352139,8,0,0,0,8,4,4,0,0,0,0,0,0.0,0.0,0,4,4,3.262932948352139,3.262932948352139,8,0,0,0.0,0.0,0
1006453,Robin Nathan,1022496,Jozef Kwit,6,2,4.872774271694778,1.6242580905649262,8,0,0,0,8,6,2,0,0,0,6,2,4.872774271694778,1.6242580905649262,8,0,0,0.0,0.0,0,0,0,0.0,0.0,0
20264908,Bartosz Oldakowski,3185355,Ivar Lexi,5,3,4.060645226412316,2.436387135847389,8,0,0,0,8,5,3,0,0,0,5,3,4.060645226412316,2.436387135847389,8,0,0,0.0,0.0,0,0,0,0.0,0.0,0
2660053,Morten Bjellås,58672273,Santo Angel Maican Lara,5,3,4.007678960128536,2.3905903001989324,8,0,0,0,8,5,3,0,0,0,0,0,0.0,0.0,0,5,3,4.007678960128536,2.3905903001989324,8,0,0,0.0,0.0,0
1047363,Vinko Smolic,3185355,Ivar Lexi,3,5,2.4256329898944062,4.04272164982401,8,0,0,0,8,3,5,0,0,0,0,0,0.0,0.0,0,3,5,2.4256329898944062,4.04272164982401,8,0,0,0.0,0.0,0
1006333,Kent Hansen,1298131,Jack Nordby,2,6,1.6170886599296042,4.851265979788812,8,0,0,0,8,2,6,0,0,0,0,0,0.0,0.0,0,2,6,1.6170886599296042,4.851265979788812,8,0,0,0.0,0.0,0
1006562,Yousef Austrheim,2660053,Morten Bjellås,6,2,4.851265979788812,1.6170886599296042,8,0,0,0,8,6,2,0,0,0,0,0,0.0,0.0,0,6,2,4.851265979788812,1.6170886599296042,8,0,0,0.0,0.0,0
1022496,Jozef Kwit,1298131,Jack Nordby,6,2,4.851265979788812,1.6170886599296042,8,0,0,0,8,6,2,0,0,0,0,0,0.0,0.0,0,6,2,4.851265979788812,1.6170886599296042,8,0,0,0.0,0.0,0
1014993,Tron Vidar Engebakk,5140422,Tomas Gryczon,7,1,5.634630035820397,0.8049471479743424,8,0,0,0,8,7,1,0,0,0,0,0,0.0,0.0,0,7,1,5.634630035820397,0.8049471479743424,8,0,0,0.0,0.0,0
1006220,Erik Gårdelöf,10220035,Marius Lamby Solvang,7,1,5.634630035820397,0.8049471479743424,8,0,0,0,8,7,1,0,0,0,0,0,0.0,0.0,0,7,1,5.634630035820397,0.8049471479743424,8,0,0,0.0,0.0,0
1006281,Jan Atle Kofoed,5140422,Tomas Gryczon,4,4,3.205569492388972,3.205569492388972,8,0,0,0,8,4,4,0,0,0,0,0,0.0,0.0,0,4,4,3.205569492388972,3.205569492388972,8,0,0,0.0,0.0,0
1298131,Jack Nordby,43127857,Manabu Sekiguchi,3,5,2.404177119291729,4.006961865486215,8,0,0,0,8,3,5,0,0,0,0,0,0.0,0.0,0,3,5,2.404177119291729,4.006961865486215,8,0,0,0.0,0.0,0
1006281,Jan Atle Kofoed,53649337,Erlend Helgesen,4,4,3.205569492388972,3.205569492388972,8,0,0,0,8,4,4,0,0,0,0,0,0.0,0.0,0,4,4,3.205569492388972,3.205569492388972,8,0,0,0.0,0.0,0
1006197,Daniel Salole,7153377,Henning Ingvorsen,6,2,4.765947690980681,1.5886492303268938,8,0,0,0,8,6,2,0,0,0,0,0,0.0,0.0,0,6,2,4.765947690980681,1.5886492303268938,8,0,0,0.0,0.0,0
1006186,Christian Wikeby,42921529,Joshua Turla Tuppal,6,2,4.765947690980681,1.5886492303268938,8,0,0,0,8,6,2,0,0,0,0,0,0.0,0.0,0,6,2,4.765947690980681,1.5886492303268938,8,0,0,0.0,0.0,0
1298131,Jack Nordby,1566758,Tor-Arne Slorafoss,6,2,4.744890084360489,1.5816300281201632,8,0,0,0,8,6,2,0,0,0,0,0,0.0,0.0,0,6,2,4.744890084360489,1.5816300281201632,8,0,0,0.0,0.0,0
1006515,Thorbjørn Vildar Dahl Eriksen,5140422,Tomas Gryczon,6,2,4.744890084360489,1.5816300281201632,8,0,0,0,8,6,2,0,0,0,0,0,0.0,0.0,0,6,2,4.744890084360489,1.5816300281201632,8,0,0,0.0,0.0,0
1006340,Kjartan Maraas,12627679,Tor Ivar Bjørseth,3,5,2.361962758767693,3.9366045979461544,8,0,0,0,8,3,5,0,0,0,0,0,0.0,0.0,0,3,5,2.361962758767693,3.9366045979461544,8,0,0,0.0,0.0,0
1006186,Christian Wikeby,5140422,Tomas Gryczon,7,1,5.511246437124616,0.7873209195892309,8,0,0,0,8,7,1,0,0,0,0,0,0.0,0.0,0,7,1,5.511246437124616,0.7873209195892309,8,0,0,0.0,0.0,0
12627679,Tor Ivar Bjørseth,43127857,Manabu Sekiguchi,5,3,3.9366045979461544,2.361962758767693,8,0,0,0,8,5,3,0,0,0,0,0,0.0,0.0,0,5,3,3.9366045979461544,2.361962758767693,8,0,0,0.0,0.0,0
1006360,Lars Harby,2660053,Morten Bjellås,7,1,5.4869609235475645,0.7838515605067949,8,0,0,0,8,7,1,0,0,0,7,1,5.4869609235475645,0.7838515605067949,8,0,0,0.0,0.0,0,0,0,0.0,0.0,0
16476664,Øystein Følling,33336508,Paweł Chołodowski,4,4,3.1354062420271798,3.1354062420271798,8,0,0,0,8,4,4,0,0,0,4,4,3.1354062420271798,3.1354062420271798,8,0,0,0.0,0.0,0,0,0,0.0,0.0,0
1019843,Matey Ullah,7153377,Henning Ingvorsen,7,1,5.4869609235475645,0.7838515605067949,8,0,0,0,8,7,1,0,0,0,7,1,5.4869609235475645,0.7838515605067949,8,0,0,0.0,0.0,0,0,0,0.0,0.0,0
1006333,Kent Hansen,7153377,Henning Ingvorsen,5,3,3.919257802533975,2.3515546815203847,8,0,0,0,8,5,3,0,0,0,5,3,3.919257802533975,2.3515546815203847,8,0,0,0.0,0.0,0,0,0,0.0,0.0,0
1006186,Christian Wikeby,12622333,Silje Engström-Øvretveit,8,0,6.015243573392205,0.0,8,0,0,0,8,8,0,0,0,0,0,0,0.0,0.0,0,8,0,6.015243573392205,0.0,8,0,0,0.0,0.0,0
44478316,Rune Stensvold,8969328,Trygve Jensen,5,3,3.8846634943749345,2.330798096624961,8,0,0,0,8,5,3,0,0,0,0,0,0.0,0.0,0,5,3,3.8846634943749345,2.330798096624961,8,0,0,0.0,0.0,0
1006403,Niklas Engström-Øvretveit,2194859,Eivind Yoo Yong Jae Johansen,4,4,3.107730795499948,3.107730795499948,8,0,0,0,8,4,4,0,0,0,0,0,0.0,0.0,0,4,4,3.107730795499948,3.107730795499948,8,0,0,0.0,0.0,0
10220035,Marius Lamby Solvang,1123060,"Paweł ""Mumrikken"" Zalewski",0,8,0.0,6.215461590999895,8,0,0,0,8,0,8,0,0,0,0,0,0.0,0.0,0,0,8,0.0,6.215461590999895,8,0,0,0.0,0.0,0
13720633,Håkon Haukebøe,44478316,Rune Stensvold,3,5,2.330798096624961,3.8846634943749345,8,0,0,0,8,3,5,0,0,0,0,0,0.0,0.0,0,3,5,2.330798096624961,3.8846634943749345,8,0,0,0.0,0.0,0
57799534,Iris Marie Evdahl,7153377,Henning Ingvorsen,4,4,3.107730795499948,3.107730795499948,8,0,0,0,8,4,4,0,0,0,0,0,0.0,0.0,0,4,4,3.107730795499948,3.107730795499948,8,0,0,0.0,0.0,0
1006186,Christian Wikeby,13720633,Håkon Haukebøe,4,4,3.107730795499948,3.107730795499948,8,0,0,0,8,4,4,0,0,0,0,0,0.0,0.0,0,4,4,3.107730795499948,3.107730795499948,8,0,0,0.0,0.0,0
1006220,Erik Gårdelöf,1006281,Jan Atle Kofoed,8,0,5.972613317272569,0.0,8,0,0,0,8,8,0,0,0,0,0,0,0.0,0.0,0,8,0,5.972613317272569,0.0,8,0,0,0.0,0.0,0
1006197,Daniel Salole,36225232,Adrian Winther,5,3,3.71641464183309,2.229848785099854,8,0,0,0,8,5,3,0,0,0,0,0,0.0,0.0,0,5,3,3.71641464183309,2.229848785099854,8,0,0,0.0,0.0,0
3682319,Lasse Rognlien,6691281,Andreas Wahr-Hansen,5,3,3.71641464183309,2.229848785099854,8,0,0,0,8,5,3,0,0,0,0,0,0.0,0.0,0,5,3,3.71641464183309,2.229848785099854,8,0,0,0.0,0.0,0
1006292,Jan Thomassen,9017413,Terje Mo Hanssen,6,2,4.400835240109333,1.4669450800364443,8,0,0,0,8,6,2,0,0,0,0,0,0.0,0.0,0,6,2,4.400835240109333,1.4669450800364443,8,0,0,0.0,0.0,0
48159925,Ole-Jakob Rosenvold,9017413,Terje Mo Hanssen,3,5,2.2004176200546666,3.6673627000911106,8,0,0,0,8,3,5,0,0,0,0,0,0.0,0.0,0,3,5,2.2004176200546666,3.6673627000911106,8,0,0,0.0,0.0,0
28197979,Kalsang Kalsang,6545064,Kim-Olaf Sørensen,5,3,3.6189502325116014,2.1713701395069607,8,0,0,0,8,5,3,0,0,0,5,3,3.6189502325116014,2.1713701395069607,8,0,0,0.0,0.0,0,0,0,0.0,0.0,0
1123060,"Paweł ""Mumrikken"" Zalewski",1510340,Andris Viksnins,5,3,3.6189502325116014,2.1713701395069607,8,0,0,0,8,5,3,0,0,0,5,3,3.6189502325116014,2.1713701395069607,8,0,0,0.0,0.0,0,0,0,0.0,0.0,0
1095179,Ernesto Antonio Meléndez,2660053,Morten Bjellås,5,3,2.9783586843950456,1.7870152106370272,8,0,0,0,8,5,3,0,0,0,0,0,0.0,0.0,0,5,3,2.9783586843950456,1.7870152106370272,8,0,0,0.0,0.0,0
1298131,Jack Nordby,6545064,Kim-Olaf Sørensen,5,3,2.952026661904021,1.7712159971424124,8,0,0,0,8,5,3,0,0,0,0,0,0.0,0.0,0,5,3,2.952026661904021,1.7712159971424124,8,0,0,0.0,0.0,0
1024799,Stig Nesvik,18284020,Nomen Nescio,3,5,1.6944916077075562,2.8241526795125935,8,0,0,0,8,3,5,0,0,0,3,5,1.6944916077075562,2.8241526795125935,8,0,0,0.0,0.0,0,0,0,0.0,0.0,0
1024799,Stig Nesvik,1298131,Jack Nordby,3,5,1.613995532004901,2.689992553341502,8,0,0,0,8,3,5,0,0,0,0,0,0.0,0.0,0,3,5,1.613995532004901,2.689992553341502,8,0,0,0.0,0.0,0
20124274,Paolo Speciale,26005654,Jacob Sæther,5,3,2.2833824187310983,1.3700294512386588,8,0,0,0,8,5,3,0,0,0,5,3,2.2833824187310983,1.3700294512386588,8,0,0,0.0,0.0,0,0,0,0.0,0.0,0
2298416,Terje Kristoffersen,25743094,Mohamed Salkiny,5,3,2.2733236046972265,1.3639941628183359,8,0,0,0,8,5,3,0,0,0,0,0,0.0,0.0,0,0,0,0.0,0.0,0,5,3,2.2733236046972265,1.3639941628183359,8
1006403,Niklas Engström-Øvretveit,20124274,Paolo Speciale,3,5,1.3107553759700252,2.1845922932833757,8,0,0,0,8,3,5,0,0,0,0,0,0.0,0.0,0,0,0,0.0,0.0,0,3,5,1.3107553759700252,2.1845922932833757,8
1006186,Christian Wikeby,20264908,Bartosz Oldakowski,5,3,2.053232841409006,1.2319397048454035,8,0,0,0,8,5,3,0,0,0,0,0,0.0,0.0,0,5,3,2.053232841409006,1.2319397048454035,8,0,0,0.0,0.0,0
17978686,Ibra Alkhader,6839980,Daniel Lorentzen-Styr,5,3,2.026123881197595,1.2156743287185572,8,0,0,0,8,5,3,0,0,0,0,0,0.0,0.0,0,0,0,0.0,0.0,0,5,3,2.026123881197595,1.2156743287185572,8
6551707,Daði Már Guðmundsson,6736102,Jóhann Marel Viðarsson,3,5,1.1838240026994984,1.9730400044991638,8,0,0,0,8,3,5,0,0,0,0,0,0.0,0.0,0,3,5,1.1838240026994984,1.9730400044991638,8,0,0,0.0,0.0,0
6736102,Jóhann Marel Viðarsson,8206764,Grzegorz Tabor,3,5,1.1838240026994984,1.9730400044991638,8,0,0,0,8,3,5,0,0,0,0,0,0.0,0.0,0,3,5,1.1838240026994984,1.9730400044991638,8,0,0,0.0,0.0,0
1006163,Bjørn Bratteberg,1035192,Kjell Martin Andersen,3,5,1.1476390148197142,1.91273169136619,8,0,0,0,8,3,5,0,0,0,0,0,0.0,0.0,0,3,5,1.1476390148197142,1.91273169136619,8,0,0,0.0,0.0,0
1006328,Lioness Princess,6686119,Levi Pavdeja,3,5,1.133525333134218,1.8958834670270903,8,0,0,0,8,3,5,0,0,0,0,0,0.0,0.0,0,3,5,1.133525333134218,1.8958834670270903,8,0,0,0.0,0.0,0
1006244,Gard Eiken Flage,3585947,Didrik Voga Berg,5,3,1.8865949197164515,1.131956951829871,8,0,0,0,8,5,3,0,0,0,0,0,0.0,0.0,0,0,0,0.0,0.0,0,5,3,1.8865949197164515,1.131956951829871,8
1006328,Lioness Princess,8206764,Grzegorz Tabor,3,5,1.131956951829871,1.8865949197164515,8,0,0,0,8,3,5,0,0,0,0,0,0.0,0.0,0,0,0,0.0,0.0,0,3,5,1.131956951829871,1.8865949197164515,8
1006244,Gard Eiken Flage,1042070,Henrik Olsson,3,5,1.131956951829871,1.8865949197164515,8,0,0,0,8,3,5,0,0,0,0,0,0.0,0.0,0,0,0,0.0,0.0,0,3,5,1.131956951829871,1.8865949197164515,8
1006360,Lars Harby,1025949,Kristian Lund Olås,7,1,2.3232963398170963,0.3591247357605027,8,0,0,0,8,7,1,0,0,0,0,0,0.0,0.0,0,7,1,2.3232963398170963,0.3591247357605027,8,0,0,0.0,0.0,0
1006340,Kjartan Maraas,1025949,Kristian Lund Olås,7,1,2.3232963398170963,0.31148053313389706,8,0,0,0,8,7,1,0,0,0,0,0,0.0,0.0,0,7,1,2.3232963398170963,0.31148053313389706,8,0,0,0.0,0.0,0
1006197,Daniel Salole,1006373,Mark McGauley,1,7,0.32306572464798833,2.2614600725359186,8,0,0,0,8,1,7,0,0,0,0,0,0.0,0.0,0,1,7,0.32306572464798833,2.2614600725359186,8,0,0,0.0,0.0,0
1006281,Jan Atle Kofoed,10408627,Kasper Parkstad,5,3,1.609456633852139,0.9656739803112835,8,0,0,0,8,5,3,0,0,0,5,3,1.609456633852139,0.9656739803112835,8,0,0,0.0,0.0,0,0,0,0.0,0.0,0
2298416,Terje Kristoffersen,7906080,Alessandro Luca,5,3,1.2207580302300562,0.7324548181380338,8,0,0,0,8,5,3,0,0,0,0,0,0.0,0.0,0,5,3,1.2207580302300562,0.7324548181380338,8,0,0,0.0,0.0,0
1006163,Bjørn Bratteberg,3212629,Rolf G. Sedsbøe Jensen,5,3,1.2199860340858364,0.7319916204515018,8,0,0,0,8,5,3,0,0,0,0,0,0.0,0.0,0,5,3,1.2199860340858364,0.7319916204515018,8,0,0,0.0,0.0,0
2194859,Eivind Yoo Yong Jae Johansen,2827292,Simen Jøndal,5,3,1.2184435060984329,0.7310661036590598,8,0,0,0,8,5,3,0,0,0,0,0,0.0,0.0,0,5,3,1.2184435060984329,0.7310661036590598,8,0,0,0.0,0.0,0
1006292,Jan Thomassen,5689902,Roger Andresen,6,2,1.2239924203917836,0.40799747346392784,8,0,0,0,8,6,2,0,0,0,0,0,0.0,0.0,0,6,2,1.2239924203917836,0.40799747346392784,8,0,0,0.0,0.0,0
1006514,Thomas Pedersen,1006549,Umar Hayat Ali,3,5,0.609292199098216,1.0154869984970265,8,0,0,0,8,3,5,0,0,0,0,0,0.0,0.0,0,0,0,0.0,0.0,0,3,5,0.609292199098216,1.0154869984970265,8
1006186,Christian Wikeby,1011619,Jan Terje Øyen,2,6,0.400823860586174,1.2024715817585219,8,0,0,0,8,2,6,0,0,0,0,0,0.0,0.0,0,2,6,0.400823860586174,1.2024715817585219,8,0,0,0.0,0.0,0
1393613,Vegar Hammer Olsen,5096958,Rune Paris,6,2,1.1709440160089728,0.3903146720029909,8,0,0,0,8,6,2,0,0,0,0,0,0.0,0.0,0,0,0,0.0,0.0,0,6,2,1.1709440160089728,0.3903146720029909,8
1006156,Asle Geir Skogen,1006340,Kjartan Maraas,6,2,1.0717014835714267,0.35723382785714225,8,0,0,0,8,6,2,0,0,0,0,0,0.0,0.0,0,6,2,1.0717014835714267,0.35723382785714225,8,0,0,0.0,0.0,0
1006514,Thomas Pedersen,1095179,Ernesto Antonio Meléndez,5,3,0.8852100907101828,0.5311260544261096,8,0,0,0,8,5,3,0,0,0,5,3,0.8852100907101828,0.5311260544261096,8,0,0,0.0,0.0,0,0,0,0.0,0.0,0
1006255,Håkon Walland,1006340,Kjartan Maraas,6,2,1.0253074882552469,0.34176916275174896,8,0,0,0,8,6,2,0,0,0,0,0,0.0,0.0,0,0,0,0.0,0.0,0,6,2,1.0253074882552469,0.34176916275174896,8
3637421,Henning Evensen,3682319,Lasse Rognlien,3,5,0.5103888866455732,0.8506481444092886,8,0,0,0,8,3,5,0,0,0,3,5,0.5103888866455732,0.8506481444092886,8,0,0,0.0,0.0,0,0,0,0.0,0.0,0
1006514,Thomas Pedersen,1030433,Bill Vrodos,2,6,0.3255228442460648,0.9765685327381946,8,0,0,0,8,2,6,0,0,0,0,0,0.0,0.0,0,2,6,0.3255228442460648,0.9765685327381946,8,0,0,0.0,0.0,0
1006328,Lioness Princess,1393613,Vegar Hammer Olsen,5,3,0.8030570732419338,0.4818342439451602,8,0,0,0,8,5,3,0,0,0,5,3,0.8030570732419338,0.4818342439451602,8,0,0,0.0,0.0,0,0,0,0.0,0.0,0
1277819,Lasse Kåring,1393613,Vegar Hammer Olsen,3,5,0.4818342439451602,0.8030570732419338,8,0,0,0,8,3,5,0,0,0,3,5,0.4818342439451602,0.8030570732419338,8,0,0,0.0,0.0,0,0,0,0.0,0.0,0
1006197,Daniel Salole,1006372,Marius Nørsterud,2,6,0.30594311986238315,0.9178293595871495,8,0,0,0,8,2,6,0,0,0,0,0,0.0,0.0,0,2,6,0.30594311986238315,0.9178293595871495,8,0,0,0.0,0.0,0
1006372,Marius Nørsterud,1343995,Jarle Steinhovden,6,2,0.9178293595871495,0.30594311986238315,8,0,0,0,8,6,2,0,0,0,0,0,0.0,0.0,0,6,2,0.9178293595871495,0.30594311986238315,8,0,0,0.0,0.0,0
1343995,Jarle Steinhovden,1393613,Vegar Hammer Olsen,2,6,0.30594311986238315,0.9178293595871495,8,0,0,0,8,2,6,0,0,0,0,0,0.0,0.0,0,2,6,0.30594311986238315,0.9178293595871495,8,0,0,0.0,0.0,0
1006197,Daniel Salole,2639057,Ivan Blomqvist,2,6,0.2926930451800984,0.8780791355402953,8,0,0,0,8,2,6,0,0,0,0,0,0.0,0.0,0,0,0,0.0,0.0,0,2,6,0.2926930451800984,0.8780791355402953,8
1006197,Daniel Salole,1384637,Jesper Slanti,3,5,0.43383235230925526,0.7230539205154254,8,0,0,0,8,3,5,0,0,0,0,0,0.0,0.0,0,3,5,0.43383235230925526,0.7230539205154254,8,0,0,0.0,0.0,0
1006277,Ingolf Höns,2266694,Michael Andersson,6,2,0.8550511710823934,0.2850170570274645,8,0,0,0,8,6,2,0,0,0,0,0,0.0,0.0,0,6,2,0.8550511710823934,0.2850170570274645,8,0,0,0.0,0.0,0
1006458,Roger Rasmussen,1093760,Mindaugas Jomantas,6,2,0.8437674375569383,0.2812558125189794,8,0,0,0,8,6,2,0,0,0,0,0,0.0,0.0,0,6,2,0.8437674375569383,0.2812558125189794,8,0,0,0.0,0.0,0
1006147,Arild Kråkvik,3185355,Ivar Lexi,3,5,0.405411606406553,0.6756860106775884,8,0,0,0,8,3,5,0,0,0,3,5,0.405411606406553,0.6756860106775884,8,0,0,0.0,0.0,0,0,0,0.0,0.0,0
1006255,Håkon Walland,1006514,Thomas Pedersen,6,2,0.7860808753415952,0.2620269584471984,8,0,0,0,8,6,2,0,0,0,0,0,0.0,0.0,0,6,2,0.7860808753415952,0.2620269584471984,8,0,0,0.0,0.0,0
1006515,Thorbjørn Vildar Dahl Eriksen,1566592,Kim Bengtsson,5,3,0.6521730816119278,0.3913038489671567,8,0,0,0,8,5,3,0,0,0,0,0,0.0,0.0,0,0,0,0.0,0.0,0,5,3,0.6521730816119278,0.3913038489671567,8
1024799,Stig Nesvik,1996345,Asgeir Elingsgård,5,3,0.6521730816119278,0.3913038489671567,8,0,0,0,8,5,3,0,0,0,0,0,0.0,0.0,0,0,0,0.0,0.0,0,5,3,0.6521730816119278,0.3913038489671567,8
1006171,Bjørnar Davidsen,1967863,Nate Komljenovic,3,5,0.3913038489671567,0.6521730816119278,8,0,0,0,8,3,5,0,0,0,0,0,0.0,0.0,0,0,0,0.0,0.0,0,3,5,0.3913038489671567,0.6521730816119278,8
1967863,Nate Komljenovic,1996345,Asgeir Elingsgård,5,3,0.6521730816119278,0.3913038489671567,8,0,0,0,8,5,3,0,0,0,0,0,0.0,0.0,0,0,0,0.0,0.0,0,5,3,0.6521730816119278,0.3913038489671567,8
1566592,Kim Bengtsson,1967863,Nate Komljenovic,5,3,0.6521730816119278,0.3913038489671567,8,0,0,0,8,5,3,0,0,0,0,0,0.0,0.0,0,0,0,0.0,0.0,0,5,3,0.6521730816119278,0.3913038489671567,8
1006171,Bjørnar Davidsen,3185355,Ivar Lexi,3,5,0.3913038489671567,0.6521730816119278,8,0,0,0,8,3,5,0,0,0,0,0,0.0,0.0,0,0,0,0.0,0.0,0,3,5,0.3913038489671567,0.6521730816119278,8
1006515,Thorbjørn Vildar Dahl Eriksen,1024799,Stig Nesvik,5,3,0.6521730816119278,0.3913038489671567,8,0,0,0,8,5,3,0,0,0,0,0,0.0,0.0,0,0,0,0.0,0.0,0,5,3,0.6521730816119278,0.3913038489671567,8
1006186,Christian Wikeby,1996345,Asgeir Elingsgård,5,3,0.6521730816119278,0.3913038489671567,8,0,0,0,8,5,3,0,0,0,0,0,0.0,0.0,0,0,0,0.0,0.0,0,5,3,0.6521730816119278,0.3913038489671567,8
1006292,Jan Thomassen,1967863,Nate Komljenovic,6,2,0.7756947041185337,0.25856490137284455,8,0,0,0,8,6,2,0,0,0,0,0,0.0,0.0,0,6,2,0.7756947041185337,0.25856490137284455,8,0,0,0.0,0.0,0
1006156,Asle Geir Skogen,1006292,Jan Thomassen,3,5,0.384431351173792,0.6407189186229867,8,0,0,0,8,3,5,0,0,0,0,0,0.0,0.0,0,0,0,0.0,0.0,0,3,5,0.384431351173792,0.6407189186229867,8
1006360,Lars Harby,1343995,Jarle Steinhovden,5,3,0.6407189186229867,0.384431351173792,8,0,0,0,8,5,3,0,0,0,0,0,0.0,0.0,0,0,0,0.0,0.0,0,5,3,0.6407189186229867,0.384431351173792,8
3682319,Lasse Rognlien,54197755,Tom erik Lysenstøen,5,2,5.0,2.0,7,0,0,0,7,5,2,0,0,0,0,0,0.0,0.0,0,5,2,5.0,2.0,7,0,0,0.0,0.0,0
54197755,Tom erik Lysenstøen,80088046,Kim Rui,2,5,2.0,5.0,7,0,0,0,7,2,5,0,0,0,0,0,0.0,0.0,0,2,5,2.0,5.0,7,0,0,0.0,0.0,0
1006340,Kjartan Maraas,4849639,Petter Rognlien,7,0,7.0,0.0,7,0,0,0,7,7,0,0,0,0,0,0,0.0,0.0,0,7,0,7.0,0.0,7,0,0,0.0,0.0,0
25875517,Christian Hedin,80088046,Kim Rui,2,5,2.0,5.0,7,0,0,0,7,2,5,0,0,0,0,0,0.0,0.0,0,2,5,2.0,5.0,7,0,0,0.0,0.0,0
1006148,Arild Moilanen,1095179,Ernesto Antonio Meléndez,6,1,5.973489923114294,0.9955816538523823,7,0,0,0,7,6,1,0,0,0,0,0,0.0,0.0,0,6,1,5.973489923114294,0.9955816538523823,7,0,0,0.0,0.0,0
25743094,Mohamed Salkiny,69888928,T M.H,7,0,6.938279806412112,0.0,7,0,0,0,7,7,0,0,0,0,7,0,6.938279806412112,0.0,7,0,0,0.0,0.0,0,0,0,0.0,0.0,0
1006239,Frank Hjeldnes,1024799,Stig Nesvik,5,2,4.955914147437223,1.9823656589748893,7,0,0,0,7,5,2,0,0,0,5,2,4.955914147437223,1.9823656589748893,7,0,0,0.0,0.0,0,0,0,0.0,0.0,0
1006239,Frank Hjeldnes,13720633,Håkon Haukebøe,3,4,2.9473302044122107,3.9297736058829473,7,0,0,0,7,3,4,0,0,0,0,0,0.0,0.0,0,3,4,2.9473302044122107,3.9297736058829473,7,0,0,0.0,0.0,0
1006298,Jarek (Barracuda) Kapuściński,51736666,Yakup Aliz,1,6,0.9781026264525962,5.868615758715577,7,0,0,0,7,1,6,0,0,0,0,0,0.0,0.0,0,1,6,0.9781026264525962,5.868615758715577,7,0,0,0.0,0.0,0
51736666,Yakup Aliz,54197755,Tom erik Lysenstøen,6,1,5.868615758715577,0.9781026264525962,7,0,0,0,7,6,1,0,0,0,0,0,0.0,0.0,0,6,1,5.868615758715577,0.9781026264525962,7,0,0,0.0,0.0,0
1095179,Ernesto Antonio Meléndez,48159925,Ole-Jakob Rosenvold,2,5,1.9562052529051923,4.8905131322629805,7,0,0,0,7,2,5,0,0,0,0,0,0.0,0.0,0,2,5,1.9562052529051923,4.8905131322629805,7,0,0,0.0,0.0,0
1006163,Bjørn Bratteberg,54197755,Tom erik Lysenstøen,6,1,5.868615758715577,0.9781026264525962,7,0,0,0,7,6,1,0,0,0,0,0,0.0,0.0,0,6,1,5.868615758715577,0.9781026264525962,7,0,0,0.0,0.0,0
1006239,Frank Hjeldnes,36990883,Anders Valde,6,1,5.842686182886207,0.9737810304810345,7,0,0,0,7,6,1,0,0,0,0,0,0.0,0.0,0,6,1,5.842686182886207,0.9737810304810345,7,0,0,0.0,0.0,0
43127857,Manabu Sekiguchi,80088046,Kim Rui,2,5,1.9389570576327708,4.847392644081927,7,0,0,0,7,2,5,0,0,0,0,0,0.0,0.0,0,2,5,1.9389570576327708,4.847392644081927,7,0,0,0.0,0.0,0
20361406,Amir Khan,36990883,Anders Valde,4,3,3.8437218852782,2.88279141395865,7,0,0,0,7,4,3,0,0,0,4,3,3.8437218852782,2.88279141395865,7,0,0,0.0,0.0,0,0,0,0.0,0.0,0
3185355,Ivar Lexi,8498578,Riaz Ali,3,4,2.88279141395865,3.8437218852782,7,0,0,0,7,3,4,0,0,0,3,4,2.88279141395865,3.8437218852782,7,0,0,0.0,0.0,0,0,0,0.0,0.0,0
1006453,Robin Nathan,2194859,Eivind Yoo Yong Jae Johansen,7,0,6.696793235114269,0.0,7,0,0,0,7,7,0,0,0,0,0,0,0.0,0.0,0,7,0,6.696793235114269,0.0,7,0,0,0.0,0.0,0
36990883,Anders Valde,53204752,Julianne Myhren-heyerdahl,5,2,4.7834237393673344,1.9133694957469336,7,0,0,0,7,5,2,0,0,0,0,0,0.0,0.0,0,5,2,4.7834237393673344,1.9133694957469336,7,0,0,0.0,0.0,0
2660053,Morten Bjellås,80088046,Kim Rui,4,3,3.7429434583287104,2.807207593746533,7,0,0,0,7,4,3,0,0,0,0,0,0.0,0.0,0,4,3,3.7429434583287104,2.807207593746533,7,0,0,0.0,0.0,0
1095179,Ernesto Antonio Meléndez,8498578,Riaz Ali,5,2,4.678679322910888,1.8714717291643552,7,0,0,0,7,5,2,0,0,0,0,0,0.0,0.0,0,5,2,4.678679322910888,1.8714717291643552,7,0,0,0.0,0.0,0
1006340,Kjartan Maraas,42921529,Joshua Turla Tuppal,5,2,4.658007298148566,1.8632029192594264,7,0,0,0,7,5,2,0,0,0,5,2,4.658007298148566,1.8632029192594264,7,0,0,0.0,0.0,0,0,0,0.0,0.0,0
1006197,Daniel Salole,9017413,Terje Mo Hanssen,5,2,4.658007298148566,1.8632029192594264,7,0,0,0,7,5,2,0,0,0,5,2,4.658007298148566,1.8632029192594264,7,0,0,0.0,0.0,0,0,0,0.0,0.0,0
1006197,Daniel Salole,1047363,Vinko Smolic,5,2,4.658007298148566,1.8632029192594264,7,0,0,0,7,5,2,0,0,0,5,2,4.658007298148566,1.8632029192594264,7,0,0,0.0,0.0,0,0,0,0.0,0.0,0
1006298,Jarek (Barracuda) Kapuściński,19030543,Martin Olsson,3,4,2.78245596572833,3.709941287637773,7,0,0,0,7,3,4,0,0,0,0,0,0.0,0.0,0,3,4,2.78245596572833,3.709941287637773,7,0,0,0.0,0.0,0
44184394,Per Arne Grotthing,80088046,Kim Rui,5,2,4.556009172354473,1.8224036689417893,7,0,0,0,7,5,2,0,0,0,5,2,4.556009172354473,1.8224036689417893,7,0,0,0.0,0.0,0,0,0,0.0,0.0,0
1024799,Stig Nesvik,1123060,"Paweł ""Mumrikken"" Zalewski",1,6,0.9071758293558579,5.443054976135148,7,0,0,0,7,1,6,0,0,0,0,0,0.0,0.0,0,1,6,0.9071758293558579,5.443054976135148,7,0,0,0.0,0.0,0
1006163,Bjørn Bratteberg,6907086,Elens Zommers,6,1,5.443054976135148,0.9071758293558579,7,0,0,0,7,6,1,0,0,0,0,0,0.0,0.0,0,6,1,5.443054976135148,0.9071758293558579,7,0,0,0.0,0.0,0
1006163,Bjørn Bratteberg,1356128,Christian Moberg,5,2,4.53587914677929,1.8143516587117159,7,0,0,0,7,5,2,0,0,0,0,0,0.0,0.0,0,5,2,4.53587914677929,1.8143516587117159,7,0,0,0.0,0.0,0
1024799,Stig Nesvik,6686119,Levi Pavdeja,1,6,0.9071758293558579,5.443054976135148,7,0,0,0,7,1,6,0,0,0,0,0,0.0,0.0,0,1,6,0.9071758293558579,5.443054976135148,7,0,0,0.0,0.0,0
1022496,Jozef Kwit,75757273,Oliver Milett,7,0,6.322187174318511,0.0,7,0,0,0,7,7,0,0,0,0,0,0,0.0,0.0,0,7,0,6.322187174318511,0.0,7,0,0,0.0,0.0,0
12627679,Tor Ivar Bjørseth,7153377,Henning Ingvorsen,1,6,0.9031695963312161,5.4190175779872956,7,0,0,0,7,1,6,0,0,0,0,0,0.0,0.0,0,1,6,0.9031695963312161,5.4190175779872956,7,0,0,0.0,0.0,0
19354018,Mariann Pinczesi,43127857,Manabu Sekiguchi,1,6,0.9031695963312161,5.4190175779872956,7,0,0,0,7,1,6,0,0,0,0,0,0.0,0.0,0,1,6,0.9031695963312161,5.4190175779872956,7,0,0,0.0,0.0,0
16476664,Øystein Følling,80088046,Kim Rui,3,4,2.709508788993648,3.6126783853248643,7,0,0,0,7,3,4,0,0,0,0,0,0.0,0.0,0,3,4,2.709508788993648,3.6126783853248643,7,0,0,0.0,0.0,0
33336508,Paweł Chołodowski,80088046,Kim Rui,6,1,5.4190175779872956,0.9031695963312161,7,0,0,0,7,6,1,0,0,0,0,0,0.0,0.0,0,6,1,5.4190175779872956,0.9031695963312161,7,0,0,0.0,0.0,0
7153377,Henning Ingvorsen,7711820,Marie Hoff Petersen,7,0,5.971596315119576,0.0,7,0,0,0,7,7,0,0,0,0,0,0,0.0,0.0,0,7,0,5.971596315119576,0.0,7,0,0,0.0,0.0,0
7153377,Henning Ingvorsen,80088052,Razzle Dazzle,6,1,5.395062632301351,0.8991771053835586,7,0,0,0,7,6,1,0,0,0,0,0,0.0,0.0,0,6,1,5.395062632301351,0.8991771053835586,7,0,0,0.0,0.0,0
75512620,Trond Evjen,80088052,Razzle Dazzle,4,3,3.596708421534234,2.6975313161506755,7,0,0,0,7,4,3,0,0,0,0,0,0.0,0.0,0,4,3,3.596708421534234,2.6975313161506755,7,0,0,0.0,0.0,0
20361406,Amir Khan,49839568,Navid Elyasi,5,2,4.495885526917792,1.798354210767117,7,0,0,0,7,5,2,0,0,0,0,0,0.0,0.0,0,5,2,4.495885526917792,1.798354210767117,7,0,0,0.0,0.0,0
1006197,Daniel Salole,48159925,Ole-Jakob Rosenvold,2,5,1.798354210767117,4.495885526917792,7,0,0,0,7,2,5,0,0,0,0,0,0.0,0.0,0,2,5,1.798354210767117,4.495885526917792,7,0,0,0.0,0.0,0
1006403,Niklas Engström-Øvretveit,53649337,Erlend Helgesen,2,5,1.798354210767117,4.495885526917792,7,0,0,0,7,2,5,0,0,0,0,0,0.0,0.0,0,2,5,1.798354210767117,4.495885526917792,7,0,0,0.0,0.0,0
16476664,Øystein Følling,2660053,Morten Bjellås,5,2,4.4562445376220285,1.7824978150488116,7,0,0,0,7,5,2,0,0,0,0,0,0.0,0.0,0,5,2,4.4562445376220285,1.7824978150488116,7,0,0,0.0,0.0,0
1006204,Egil Arne Sørensen,7153377,Henning Ingvorsen,2,5,1.7746766948385206,4.436691737096302,7,0,0,0,7,2,5,0,0,0,0,0,0.0,0.0,0,2,5,1.7746766948385206,4.436691737096302,7,0,0,0.0,0.0,0
26143903,Katrine Sætereng,51736666,Yakup Aliz,1,6,0.8873383474192603,5.324030084515562,7,0,0,0,7,1,6,0,0,0,0,0,0.0,0.0,0,1,6,0.8873383474192603,5.324030084515562,7,0,0,0.0,0.0,0
1566592,Kim Bengtsson,5140422,Tomas Gryczon,3,4,2.6502416958349118,3.5336555944465493,7,0,0,0,7,3,4,0,0,0,0,0,0.0,0.0,0,3,4,2.6502416958349118,3.5336555944465493,7,0,0,0.0,0.0,0
1006292,Jan Thomassen,5140422,Tomas Gryczon,6,1,5.300483391669824,0.8834138986116373,7,0,0,0,7,6,1,0,0,0,0,0,0.0,0.0,0,6,1,5.300483391669824,0.8834138986116373,7,0,0,0.0,0.0,0
1006163,Bjørn Bratteberg,13720633,Håkon Haukebøe,6,1,5.300483391669824,0.8834138986116373,7,0,0,0,7,6,1,0,0,0,0,0,0.0,0.0,0,6,1,5.300483391669824,0.8834138986116373,7,0,0,0.0,0.0,0
13720633,Håkon Haukebøe,7904326,Silja Vepsä,3,4,2.638532010647864,3.5180426808638185,7,0,0,0,7,3,4,0,0,0,0,0,0.0,0.0,0,3,4,2.638532010647864,3.5180426808638185,7,0,0,0.0,0.0,0
1006197,Daniel Salole,1510340,Andris Viksnins,5,2,4.3975533510797735,1.7590213404319093,7,0,0,0,7,5,2,0,0,0,0,0,0.0,0.0,0,5,2,4.3975533510797735,1.7590213404319093,7,0,0,0.0,0.0,0
1006163,Bjørn Bratteberg,53204752,Julianne Myhren-heyerdahl,6,1,5.277064021295728,0.8795106702159546,7,0,0,0,7,6,1,0,0,0,0,0,0.0,0.0,0,6,1,5.277064021295728,0.8795106702159546,7,0,0,0.0,0.0,0
51736666,Yakup Aliz,7904326,Silja Vepsä,6,1,5.277064021295728,0.8795106702159546,7,0,0,0,7,6,1,0,0,0,0,0,0.0,0.0,0,6,1,5.277064021295728,0.8795106702159546,7,0,0,0.0,0.0,0
1006340,Kjartan Maraas,1298131,Jack Nordby,5,2,4.37815228785867,1.7512609151434682,7,0,0,0,7,5,2,0,0,0,5,2,4.37815228785867,1.7512609151434682,7,0,0,0.0,0.0,0,0,0,0.0,0.0,0
1298131,Jack Nordby,5140422,Tomas Gryczon,3,4,2.6268913727152023,3.004681397264412,7,0,0,0,7,3,4,0,0,0,3,3,2.6268913727152023,2.6268913727152023,6,0,1,0.0,0.37779002454920996,1,0,0,0.0,0.0,0
1006562,Yousef Austrheim,6691281,Andreas Wahr-Hansen,6,1,5.230535248014292,0.8717558746690487,7,0,0,0,7,6,1,0,0,0,0,0,0.0,0.0,0,6,1,5.230535248014292,0.8717558746690487,7,0,0,0.0,0.0,0
75512620,Trond Evjen,8498578,Riaz Ali,4,3,3.4870234986761948,2.615267624007146,7,0,0,0,7,4,3,0,0,0,0,0,0.0,0.0,0,4,3,3.4870234986761948,2.615267624007146,7,0,0,0.0,0.0,0
1006186,Christian Wikeby,8498578,Riaz Ali,2,5,1.7435117493380974,4.358779373345244,7,0,0,0,7,2,5,0,0,0,0,0,0.0,0.0,0,2,5,1.7435117493380974,4.358779373345244,7,0,0,0.0,0.0,0
1277043,Alexander Hagen,44478316,Rune Stensvold,6,1,5.207424932751249,0.8679041554585416,7,0,0,0,7,6,1,0,0,0,0,0,0.0,0.0,0,6,1,5.207424932751249,0.8679041554585416,7,0,0,0.0,0.0,0
5689902,Roger Andresen,8498578,Riaz Ali,2,5,1.7281389089535397,4.32034727238385,7,0,0,0,7,2,5,0,0,0,0,0,0.0,0.0,0,2,5,1.7281389089535397,4.32034727238385,7,0,0,0.0,0.0,0
20361406,Amir Khan,53204752,Julianne Myhren-heyerdahl,5,2,4.32034727238385,1.7281389089535397,7,0,0,0,7,5,2,0,0,0,0,0,0.0,0.0,0,5,2,4.32034727238385,1.7281389089535397,7,0,0,0.0,0.0,0
5689902,Roger Andresen,7711820,Marie Hoff Petersen,6,1,5.184416726860619,0.8640694544767699,7,0,0,0,7,6,1,0,0,0,0,0,0.0,0.0,0,6,1,5.184416726860619,0.8640694544767699,7,0,0,0.0,0.0,0
44184394,Per Arne Grotthing,49839568,Navid Elyasi,6,1,5.184416726860619,0.8640694544767699,7,0,0,0,7,6,1,0,0,0,0,0,0.0,0.0,0,6,1,5.184416726860619,0.8640694544767699,7,0,0,0.0,0.0,0
1006292,Jan Thomassen,54197755,Tom erik Lysenstøen,5,2,4.32034727238385,1.7281389089535397,7,0,0,0,7,5,2,0,0,0,0,0,0.0,0.0,0,5,2,4.32034727238385,1.7281389089535397,7,0,0,0.0,0.0,0
1006403,Niklas Engström-Øvretveit,4849639,Petter Rognlien,5,2,4.301277378091935,1.7205109512367742,7,0,0,0,7,5,2,0,0,0,5,2,4.301277378091935,1.7205109512367742,7,0,0,0.0,0.0,0,0,0,0.0,0.0,0
1042070,Henrik Olsson,1670605,Bernadette Bodó,7,0,6.021788329328709,0.0,7,0,0,0,7,7,0,0,0,0,7,0,6.021788329328709,0.0,7,0,0,0.0,0.0,0,0,0,0.0,0.0,0
49839568,Navid Elyasi,51736666,Yakup Aliz,4,3,3.4258032270478305,2.569352420285873,7,0,0,0,7,4,3,0,0,0,0,0,0.0,0.0,0,4,3,3.4258032270478305,2.569352420285873,7,0,0,0.0,0.0,0
1670605,Bernadette Bodó,53649337,Erlend Helgesen,4,3,3.4258032270478305,2.569352420285873,7,0,0,0,7,4,3,0,0,0,0,0,0.0,0.0,0,4,3,3.4258032270478305,2.569352420285873,7,0,0,0.0,0.0,0
1006403,Niklas Engström-Øvretveit,58672273,Santo Angel Maican Lara,3,4,2.558005750560995,3.410674334081327,7,0,0,0,7,3,4,0,0,0,0,0,0.0,0.0,0,3,4,2.558005750560995,3.410674334081327,7,0,0,0.0,0.0,0
19616722,Lobsang Thupten,49839568,Navid Elyasi,2,5,1.7053371670406634,4.263342917601658,7,0,0,0,7,2,5,0,0,0,0,0,0.0,0.0,0,2,5,1.7053371670406634,4.263342917601658,7,0,0,0.0,0.0,0
1006292,Jan Thomassen,7904326,Silja Vepsä,3,4,2.5466980018893652,3.395597335852487,7,0,0,0,7,3,4,0,0,0,0,0,0.0,0.0,0,3,4,2.5466980018893652,3.395597335852487,7,0,0,0.0,0.0,0
1510340,Andris Viksnins,1670605,Bernadette Bodó,3,4,2.513206273087116,3.3509416974494877,7,0,0,0,7,3,4,0,0,0,0,0,0.0,0.0,0,3,4,2.513206273087116,3.3509416974494877,7,0,0,0.0,0.0,0
1670605,Bernadette Bodó,8270907,Christian Söderström,3,4,2.513206273087116,3.3509416974494877,7,0,0,0,7,3,4,0,0,0,0,0,0.0,0.0,0,3,4,2.513206273087116,3.3509416974494877,7,0,0,0.0,0.0,0
33729541,Eivind Yoo Yong Jae Johansen,43127857,Manabu Sekiguchi,1,6,0.8339955491649724,5.0039732949898355,7,0,0,0,7,1,6,0,0,0,0,0,0.0,0.0,0,1,6,0.8339955491649724,5.0039732949898355,7,0,0,0.0,0.0,0
1006220,Erik Gårdelöf,44119141,Gaute Rogstad,7,0,5.812174677002322,0.0,7,0,0,0,7,7,0,0,0,0,7,0,5.812174677002322,0.0,7,0,0,0.0,0.0,0,0,0,0.0,0.0,0
1006340,Kjartan Maraas,58672273,Santo Angel Maican Lara,5,2,4.151553340715945,1.660621336286378,7,0,0,0,7,5,2,0,0,0,5,2,4.151553340715945,1.660621336286378,7,0,0,0.0,0.0,0,0,0,0.0,0.0,0
1006399,Nedzat Cimilji,53649337,Erlend Helgesen,5,2,4.151553340715945,1.660621336286378,7,0,0,0,7,5,2,0,0,0,5,2,4.151553340715945,1.660621336286378,7,0,0,0.0,0.0,0,0,0,0.0,0.0,0
1006239,Frank Hjeldnes,33729541,Eivind Yoo Yong Jae Johansen,5,2,4.1332194195962115,1.6532877678384847,7,0,0,0,7,5,2,0,0,0,0,0,0.0,0.0,0,5,2,4.1332194195962115,1.6532877678384847,7,0,0,0.0,0.0,0
1006204,Egil Arne Sørensen,19030543,Martin Olsson,6,1,4.959863303515454,0.8266438839192424,7,0,0,0,7,6,1,0,0,0,0,0,0.0,0.0,0,6,1,4.959863303515454,0.8266438839192424,7,0,0,0.0,0.0,0
1006204,Egil Arne Sørensen,33729541,Eivind Yoo Yong Jae Johansen,6,1,4.959863303515454,0.8266438839192424,7,0,0,0,7,6,1,0,0,0,0,0,0.0,0.0,0,6,1,4.959863303515454,0.8266438839192424,7,0,0,0.0,0.0,0
1022496,Jozef Kwit,2660053,Morten Bjellås,6,1,4.959863303515454,0.8266438839192424,7,0,0,0,7,6,1,0,0,0,0,0,0.0,0.0,0,6,1,4.959863303515454,0.8266438839192424,7,0,0,0.0,0.0,0
1670605,Bernadette Bodó,51736666,Yakup Aliz,1,6,0.8193570235539934,4.91614214132396,7,0,0,0,7,1,6,0,0,0,0,0,0.0,0.0,0,1,6,0.8193570235539934,4.91614214132396,7,0,0,0.0,0.0,0
1510340,Andris Viksnins,48159925,Ole-Jakob Rosenvold,3,4,2.45807107066198,3.2774280942159737,7,0,0,0,7,3,4,0,0,0,0,0,0.0,0.0,0,3,4,2.45807107066198,3.2774280942159737,7,0,0,0.0,0.0,0
53649337,Erlend Helgesen,57799534,Iris Marie Evdahl,5,2,4.078666185440174,1.6314664741760696,7,0,0,0,7,5,2,0,0,0,0,0,0.0,0.0,0,5,2,4.078666185440174,1.6314664741760696,7,0,0,0.0,0.0,0
1006216,Emil Bjørkmann,2660053,Morten Bjellås,7,0,5.710132659616242,0.0,7,0,0,0,7,7,0,0,0,0,0,0,0.0,0.0,0,7,0,5.710132659616242,0.0,7,0,0,0.0,0.0,0
5140422,Tomas Gryczon,6686119,Levi Pavdeja,2,5,1.6242580905649262,4.060645226412316,7,0,0,0,7,2,5,0,0,0,2,5,1.6242580905649262,4.060645226412316,7,0,0,0.0,0.0,0,0,0,0.0,0.0,0
17978686,Ibra Alkhader,42527356,rafal wisniewski,7,0,5.684903316977241,0.0,7,0,0,0,7,7,0,0,0,0,7,0,5.684903316977241,0.0,7,0,0,0.0,0.0,0,0,0,0.0,0.0,0
1670605,Bernadette Bodó,5195892,Atle Bjorland,2,5,1.6242580905649262,4.060645226412316,7,0,0,0,7,2,5,0,0,0,2,5,1.6242580905649262,4.060645226412316,7,0,0,0.0,0.0,0,0,0,0.0,0.0,0
5075218,Nevzat Yesil,52645105,Tommy Bratseth,7,0,5.684903316977241,0.0,7,0,0,0,7,7,0,0,0,0,7,0,5.684903316977241,0.0,7,0,0,0.0,0.0,0,0,0,0.0,0.0,0
1510340,Andris Viksnins,6686119,Levi Pavdeja,2,5,1.6242580905649262,4.060645226412316,7,0,0,0,7,2,5,0,0,0,2,5,1.6242580905649262,4.060645226412316,7,0,0,0.0,0.0,0,0,0,0.0,0.0,0
17978686,Ibra Alkhader,26143903,Katrine Sætereng,7,0,5.684903316977241,0.0,7,0,0,0,7,7,0,0,0,0,7,0,5.684903316977241,0.0,7,0,0,0.0,0.0,0,0,0,0.0,0.0,0
52645105,Tommy Bratseth,6552856,Sigve Nedrebø,3,4,2.436387135847389,3.2485161811298524,7,0,0,0,7,3,4,0,0,0,3,4,2.436387135847389,3.2485161811298524,7,0,0,0.0,0.0,0,0,0,0.0,0.0,0
20361406,Amir Khan,44478316,Rune Stensvold,5,2,4.04272164982401,1.6170886599296042,7,0,0,0,7,5,2,0,0,0,0,0,0.0,0.0,0,5,2,4.04272164982401,1.6170886599296042,7,0,0,0.0,0.0,0
1022496,Jozef Kwit,3185355,Ivar Lexi,6,1,4.851265979788812,0.8085443299648021,7,0,0,0,7,6,1,0,0,0,0,0,0.0,0.0,0,6,1,4.851265979788812,0.8085443299648021,7,0,0,0.0,0.0,0
1022496,Jozef Kwit,8270907,Christian Söderström,6,1,4.851265979788812,0.8085443299648021,7,0,0,0,7,6,1,0,0,0,0,0,0.0,0.0,0,6,1,4.851265979788812,0.8085443299648021,7,0,0,0.0,0.0,0
1006340,Kjartan Maraas,44184394,Per Arne Grotthing,2,5,1.6098942959486848,4.024735739871712,7,0,0,0,7,2,5,0,0,0,0,0,0.0,0.0,0,2,5,1.6098942959486848,4.024735739871712,7,0,0,0.0,0.0,0
1298131,Jack Nordby,48159925,Ole-Jakob Rosenvold,6,1,4.8296828878460545,0.8049471479743424,7,0,0,0,7,6,1,0,0,0,0,0,0.0,0.0,0,6,1,4.8296828878460545,0.8049471479743424,7,0,0,0.0,0.0,0
1006163,Bjørn Bratteberg,20361406,Amir Khan,6,1,4.8296828878460545,0.8049471479743424,7,0,0,0,7,6,1,0,0,0,0,0,0.0,0.0,0,6,1,4.8296828878460545,0.8049471479743424,7,0,0,0.0,0.0,0
1510340,Andris Viksnins,53204752,Julianne Myhren-heyerdahl,5,2,4.024735739871712,1.6098942959486848,7,0,0,0,7,5,2,0,0,0,0,0,0.0,0.0,0,5,2,4.024735739871712,1.6098942959486848,7,0,0,0.0,0.0,0
1006340,Kjartan Maraas,5140422,Tomas Gryczon,5,2,3.989248958585288,1.5956995834341152,7,0,0,0,7,5,2,0,0,0,5,2,3.989248958585288,1.5956995834341152,7,0,0,0.0,0.0,0,0,0,0.0,0.0,0
25875517,Christian Hedin,51736666,Yakup Aliz,2,5,1.5956995834341152,3.989248958585288,7,0,0,0,7,2,5,0,0,0,2,5,1.5956995834341152,3.989248958585288,7,0,0,0.0,0.0,0,0,0,0.0,0.0,0
12622333,Silje Engström-Øvretveit,7153377,Henning Ingvorsen,2,5,1.5886492303268938,3.9716230758172344,7,0,0,0,7,2,5,0,0,0,0,0,0.0,0.0,0,2,5,1.5886492303268938,3.9716230758172344,7,0,0,0.0,0.0,0
20361406,Amir Khan,24833275,Marte Stulen Aamodt,3,4,2.372445042180245,3.1632600562403264,7,0,0,0,7,3,4,0,0,0,0,0,0.0,0.0,0,3,4,2.372445042180245,3.1632600562403264,7,0,0,0.0,0.0,0
1006515,Thorbjørn Vildar Dahl Eriksen,24833275,Marte Stulen Aamodt,6,1,4.744890084360489,0.7908150140600816,7,0,0,0,7,6,1,0,0,0,0,0,0.0,0.0,0,6,1,4.744890084360489,0.7908150140600816,7,0,0,0.0,0.0,0
1006220,Erik Gårdelöf,8270907,Christian Söderström,7,0,5.5357050984205705,0.0,7,0,0,0,7,7,0,0,0,0,0,0,0.0,0.0,0,7,0,5.5357050984205705,0.0,7,0,0,0.0,0.0,0
1510340,Andris Viksnins,24833275,Marte Stulen Aamodt,3,4,2.372445042180245,3.1632600562403264,7,0,0,0,7,3,4,0,0,0,0,0,0.0,0.0,0,3,4,2.372445042180245,3.1632600562403264,7,0,0,0.0,0.0,0
1670605,Bernadette Bodó,48159925,Ole-Jakob Rosenvold,3,4,2.372445042180245,3.1632600562403264,7,0,0,0,7,3,4,0,0,0,0,0,0.0,0.0,0,3,4,2.372445042180245,3.1632600562403264,7,0,0,0.0,0.0,0
12627679,Tor Ivar Bjørseth,58672273,Santo Angel Maican Lara,3,4,2.361962758767693,3.1492836783569236,7,0,0,0,7,3,4,0,0,0,0,0,0.0,0.0,0,3,4,2.361962758767693,3.1492836783569236,7,0,0,0.0,0.0,0
43127857,Manabu Sekiguchi,9017413,Terje Mo Hanssen,5,2,3.9366045979461544,1.5746418391784618,7,0,0,0,7,5,2,0,0,0,0,0,0.0,0.0,0,5,2,3.9366045979461544,1.5746418391784618,7,0,0,0.0,0.0,0
20361406,Amir Khan,58672273,Santo Angel Maican Lara,4,3,3.1492836783569236,2.361962758767693,7,0,0,0,7,4,3,0,0,0,0,0,0.0,0.0,0,4,3,3.1492836783569236,2.361962758767693,7,0,0,0.0,0.0,0
1670605,Bernadette Bodó,5140422,Tomas Gryczon,3,4,2.3212775408666513,3.1492836783569236,7,0,0,0,7,3,4,0,0,0,0,0,0.0,0.0,0,3,4,2.3212775408666513,3.1492836783569236,7,0,0,0.0,0.0,0
1019843,Matey Ullah,53204752,Julianne Myhren-heyerdahl,7,0,5.4869609235475645,0.0,7,0,0,0,7,7,0,0,0,0,7,0,5.4869609235475645,0.0,7,0,0,0.0,0.0,0,0,0,0.0,0.0,0
1006360,Lars Harby,1997987,Sven Høgdahl,5,2,3.919257802533975,1.5677031210135899,7,0,0,0,7,5,2,0,0,0,5,2,3.919257802533975,1.5677031210135899,7,0,0,0.0,0.0,0,0,0,0.0,0.0,0
1024799,Stig Nesvik,2053323,Ib Christiansen,5,2,3.901903454471374,1.5607613817885497,7,0,0,0,7,5,2,0,0,0,0,0,0.0,0.0,0,5,2,3.901903454471374,1.5607613817885497,7,0,0,0.0,0.0,0
1024799,Stig Nesvik,19616722,Lobsang Thupten,3,4,2.330798096624961,3.107730795499948,7,0,0,0,7,3,4,0,0,0,0,0,0.0,0.0,0,3,4,2.330798096624961,3.107730795499948,7,0,0,0.0,0.0,0
57799534,Iris Marie Evdahl,8270907,Christian Söderström,4,3,3.107730795499948,2.330798096624961,7,0,0,0,7,4,3,0,0,0,0,0,0.0,0.0,0,4,3,3.107730795499948,2.330798096624961,7,0,0,0.0,0.0,0
1006186,Christian Wikeby,8383376,Hans Petter Ilstad,3,4,2.330798096624961,3.107730795499948,7,0,0,0,7,3,4,0,0,0,0,0,0.0,0.0,0,3,4,2.330798096624961,3.107730795499948,7,0,0,0.0,0.0,0
1006340,Kjartan Maraas,7711820,Marie Hoff Petersen,4,3,2.587966811077278,2.330798096624961,7,0,0,0,7,4,3,0,0,0,0,0,0.0,0.0,0,4,3,2.587966811077278,2.330798096624961,7,0,0,0.0,0.0,0
24833275,Marte Stulen Aamodt,7153377,Henning Ingvorsen,0,7,0.0,5.1935885787482485,7,0,0,0,7,0,7,0,0,0,0,0,0.0,0.0,0,0,7,0.0,5.1935885787482485,7,0,0,0.0,0.0,0
25484464,Joaquin K. Yovine,44478316,Rune Stensvold,4,3,3.0940065610773124,2.320504920807984,7,0,0,0,7,4,3,0,0,0,0,0,0.0,0.0,0,4,3,3.0940065610773124,2.320504920807984,7,0,0,0.0,0.0,0
25484464,Joaquin K. Yovine,58672273,Santo Angel Maican Lara,3,4,2.320504920807984,3.0940065610773124,7,0,0,0,7,3,4,0,0,0,0,0,0.0,0.0,0,3,4,2.320504920807984,3.0940065610773124,7,0,0,0.0,0.0,0
51736666,Yakup Aliz,58672273,Santo Angel Maican Lara,4,3,3.0940065610773124,2.320504920807984,7,0,0,0,7,4,3,0,0,0,0,0,0.0,0.0,0,4,3,3.0940065610773124,2.320504920807984,7,0,0,0.0,0.0,0
1670605,Bernadette Bodó,20361406,Amir Khan,4,3,2.9863656956654028,2.2398480680354504,7,0,0,0,7,4,3,0,0,0,0,0,0.0,0.0,0,4,3,2.9863656956654028,2.2398480680354504,7,0,0,0.0,0.0,0
42921529,Joshua Turla Tuppal,4849639,Petter Rognlien,3,4,2.229848785099854,2.973131713466472,7,0,0,0,7,3,4,0,0,0,0,0,0.0,0.0,0,3,4,2.229848785099854,2.973131713466472,7,0,0,0.0,0.0,0
1123060,"Paweł ""Mumrikken"" Zalewski",4849639,Petter Rognlien,7,0,5.202980498566326,0.0,7,0,0,0,7,7,0,0,0,0,0,0,0.0,0.0,0,7,0,5.202980498566326,0.0,7,0,0,0.0,0.0,0
1006197,Daniel Salole,24897019,Robert Hedin,6,1,4.459697570199708,0.743282928366618,7,0,0,0,7,6,1,0,0,0,0,0,0.0,0.0,0,6,1,4.459697570199708,0.743282928366618,7,0,0,0.0,0.0,0
1298131,Jack Nordby,2194859,Eivind Yoo Yong Jae Johansen,5,2,3.6673627000911106,1.4669450800364443,7,0,0,0,7,5,2,0,0,0,0,0,0.0,0.0,0,5,2,3.6673627000911106,1.4669450800364443,7,0,0,0.0,0.0,0
10585213,Veejay Adriano,53649337,Erlend Helgesen,3,4,2.2004176200546666,2.9338901600728886,7,0,0,0,7,3,4,0,0,0,0,0,0.0,0.0,0,3,4,2.2004176200546666,2.9338901600728886,7,0,0,0.0,0.0,0
3682319,Lasse Rognlien,8270907,Christian Söderström,5,2,3.6673627000911106,1.4669450800364443,7,0,0,0,7,5,2,0,0,0,0,0,0.0,0.0,0,5,2,3.6673627000911106,1.4669450800364443,7,0,0,0.0,0.0,0
1006333,Kent Hansen,18284020,Nomen Nescio,2,5,1.1808106647616083,2.952026661904021,7,0,0,0,7,2,5,0,0,0,0,0,0.0,0.0,0,2,5,1.1808106647616083,2.952026661904021,7,0,0,0.0,0.0,0
20124274,Paolo Speciale,3185355,Ivar Lexi,5,2,2.9001927446846043,1.1600770978738417,7,0,0,0,7,5,2,0,0,0,0,0,0.0,0.0,0,5,2,2.9001927446846043,1.1600770978738417,7,0,0,0.0,0.0,0
1095179,Ernesto Antonio Meléndez,21281635,Morten Sjø,2,5,1.043142261618956,2.6078556540473903,7,0,0,0,7,2,5,0,0,0,0,0,0.0,0.0,0,2,5,1.043142261618956,2.6078556540473903,7,0,0,0.0,0.0,0
1006323,Jørn Betten,1510340,Andris Viksnins,5,2,2.6078556540473903,1.043142261618956,7,0,0,0,7,5,2,0,0,0,0,0,0.0,0.0,0,5,2,2.6078556540473903,1.043142261618956,7,0,0,0.0,0.0,0
1014552,Baard Onsum,1670605,Bernadette Bodó,3,4,1.4893613543488011,1.9858151391317347,7,0,0,0,7,3,4,0,0,0,0,0,0.0,0.0,0,3,4,1.4893613543488011,1.9858151391317347,7,0,0,0.0,0.0,0
10774063,Axel Mikhail Dalberg,16144084,Truls Bakken,4,3,1.9858151391317347,1.4893613543488011,7,0,0,0,7,4,3,0,0,0,0,0,0.0,0.0,0,4,3,1.9858151391317347,1.4893613543488011,7,0,0,0.0,0.0,0
16144084,Truls Bakken,1670605,Bernadette Bodó,4,3,1.9858151391317347,1.4893613543488011,7,0,0,0,7,4,3,0,0,0,0,0,0.0,0.0,0,4,3,1.9858151391317347,1.4893613543488011,7,0,0,0.0,0.0,0
20264908,Bartosz Oldakowski,6686119,Levi Pavdeja,5,2,2.0714839388030124,0.8285935755212049,7,0,0,0,7,5,2,0,0,0,5,2,2.0714839388030124,0.8285935755212049,7,0,0,0.0,0.0,0,0,0,0.0,0.0,0
1006163,Bjørn Bratteberg,6181993,Kim Bjørnstad,2,5,0.8176589912257999,2.0441474780644997,7,0,0,0,7,2,5,0,0,0,0,0,0.0,0.0,0,2,5,0.8176589912257999,2.0441474780644997,7,0,0,0.0,0.0,0
1006281,Jan Atle Kofoed,1006292,Jan Thomassen,2,5,0.7997333272503148,1.9993333181257869,7,0,0,0,7,2,5,0,0,0,0,0,0.0,0.0,0,2,5,0.7997333272503148,1.9993333181257869,7,0,0,0.0,0.0,0
1042070,Henrik Olsson,3212629,Rolf G. Sedsbøe Jensen,5,2,1.8865949197164515,0.7546379678865807,7,0,0,0,7,5,2,0,0,0,0,0,0.0,0.0,0,0,0,0.0,0.0,0,5,2,1.8865949197164515,0.7546379678865807,7
1006270,Henrik Flatås,6691281,Andreas Wahr-Hansen,5,2,1.8865949197164515,0.7546379678865807,7,0,0,0,7,5,2,0,0,0,0,0,0.0,0.0,0,0,0,0.0,0.0,0,5,2,1.8865949197164515,0.7546379678865807,7
1006323,Jørn Betten,1042070,Henrik Olsson,2,5,0.7546379678865807,1.8865949197164515,7,0,0,0,7,2,5,0,0,0,0,0,0.0,0.0,0,0,0,0.0,0.0,0,2,5,0.7546379678865807,1.8865949197164515,7
1006209,Eirik Tonning Hatløy,1417853,Robin Hauge Pettersen,5,2,1.8865949197164515,0.7546379678865807,7,0,0,0,7,5,2,0,0,0,0,0,0.0,0.0,0,0,0,0.0,0.0,0,5,2,1.8865949197164515,0.7546379678865807,7
1006220,Erik Gårdelöf,3212629,Rolf G. Sedsbøe Jensen,7,0,2.2614600725359186,0.0,7,0,0,0,7,7,0,0,0,0,0,0,0.0,0.0,0,7,0,2.2614600725359186,0.0,7,0,0,0.0,0.0,0
1006360,Lars Harby,7153377,Henning Ingvorsen,4,3,1.2459221325355883,0.9344415994016912,7,0,0,0,7,4,3,0,0,0,0,0,0.0,0.0,0,4,3,1.2459221325355883,0.9344415994016912,7,0,0,0.0,0.0,0
1025949,Kristian Lund Olås,7153377,Henning Ingvorsen,3,4,0.9344415994016912,1.2459221325355883,7,0,0,0,7,3,4,0,0,0,0,0,0.0,0.0,0,3,4,0.9344415994016912,1.2459221325355883,7,0,0,0.0,0.0,0
1006340,Kjartan Maraas,1014993,Tron Vidar Engebakk,3,4,0.9344415994016912,1.2459221325355883,7,0,0,0,7,3,4,0,0,0,0,0,0.0,0.0,0,3,4,0.9344415994016912,1.2459221325355883,7,0,0,0.0,0.0,0
1011619,Jan Terje Øyen,1024799,Stig Nesvik,3,4,0.7636728371185799,1.0182304494914398,7,0,0,0,7,3,4,0,0,0,0,0,0.0,0.0,0,3,4,0.7636728371185799,1.0182304494914398,7,0,0,0.0,0.0,0
2043792,Vaios Evangelou,3185355,Ivar Lexi,4,3,1.0182304494914398,0.7636728371185799,7,0,0,0,7,4,3,0,0,0,0,0,0.0,0.0,0,4,3,1.0182304494914398,0.7636728371185799,7,0,0,0.0,0.0,0
1025949,Kristian Lund Olås,1277819,Lasse Kåring,3,4,0.7550215177414504,1.0066953569886006,7,0,0,0,7,3,4,0,0,0,0,0,0.0,0.0,0,3,4,0.7550215177414504,1.0066953569886006,7,0,0,0.0,0.0,0
1006184,Christian Johannessen,2298416,Terje Kristoffersen,5,2,1.2207580302300562,0.48830321209202254,7,0,0,0,7,5,2,0,0,0,0,0,0.0,0.0,0,5,2,1.2207580302300562,0.48830321209202254,7,0,0,0.0,0.0,0
1597907,Haukur Stefansson,3212629,Rolf G. Sedsbøe Jensen,2,5,0.48799441363433455,1.2199860340858364,7,0,0,0,7,2,5,0,0,0,0,0,0.0,0.0,0,2,5,0.48799441363433455,1.2199860340858364,7,0,0,0.0,0.0,0
1006163,Bjørn Bratteberg,1597907,Haukur Stefansson,5,2,1.2199860340858364,0.48799441363433455,7,0,0,0,7,5,2,0,0,0,0,0,0.0,0.0,0,5,2,1.2199860340858364,0.48799441363433455,7,0,0,0.0,0.0,0
1006292,Jan Thomassen,1011619,Jan Terje Øyen,5,2,1.0709069749088531,0.4283627899635412,7,0,0,0,7,5,2,0,0,0,5,2,1.0709069749088531,0.4283627899635412,7,0,0,0.0,0.0,0,0,0,0.0,0.0,0
1006183,Christel Hanah Johnsen,1011619,Jan Terje Øyen,1,6,0.20130134933442903,1.2078080960065742,7,0,0,0,7,1,6,0,0,0,0,0,0.0,0.0,0,1,6,0.20130134933442903,1.2078080960065742,7,0,0,0.0,0.0,0
1006549,Umar Hayat Ali,1095179,Ernesto Antonio Meléndez,6,1,1.034428218238454,0.17240470303974234,7,0,0,0,7,6,1,0,0,0,0,0,0.0,0.0,0,6,1,1.034428218238454,0.17240470303974234,7,0,0,0.0,0.0,0
1006186,Christian Wikeby,1006255,Håkon Walland,1,6,0.17088458137587448,1.0253074882552469,7,0,0,0,7,1,6,0,0,0,0,0,0.0,0.0,0,0,0,0.0,0.0,0,1,6,0.17088458137587448,1.0253074882552469,7
1006333,Kent Hansen,2043792,Vaios Evangelou,4,3,0.5932144804581335,0.44491086034360017,7,0,0,0,7,4,3,0,0,0,4,3,0.5932144804581335,0.44491086034360017,7,0,0,0.0,0.0,0,0,0,0.0,0.0,0
1024799,Stig Nesvik,1343995,Jarle Steinhovden,3,4,0.44491086034360017,0.5932144804581335,7,0,0,0,7,3,4,0,0,0,3,4,0.44491086034360017,0.5932144804581335,7,0,0,0.0,0.0,0,0,0,0.0,0.0,0
1006333,Kent Hansen,1024799,Stig Nesvik,4,3,0.5932144804581335,0.44491086034360017,7,0,0,0,7,4,3,0,0,0,4,3,0.5932144804581335,0.44491086034360017,7,0,0,0.0,0.0,0,0,0,0.0,0.0,0
1006156,Asle Geir Skogen,1006197,Daniel Salole,2,5,0.2862857227051601,0.7157143067629003,7,0,0,0,7,2,5,0,0,0,2,5,0.2862857227051601,0.7157143067629003,7,0,0,0.0,0.0,0,0,0,0.0,0.0,0
1006515,Thorbjørn Vildar Dahl Eriksen,4849639,Petter Rognlien,6,1,0.8144269760325494,0.13573782933875825,7,0,0,0,7,6,1,0,0,0,0,0,0.0,0.0,0,0,0,0.0,0.0,0,6,1,0.8144269760325494,0.13573782933875825,7
1006515,Thorbjørn Vildar Dahl Eriksen,2020618,zian azam,1,6,0.13159577823800367,0.7895746694280221,7,0,0,0,7,1,6,0,0,0,0,0,0.0,0.0,0,1,6,0.13159577823800367,0.7895746694280221,7,0,0,0.0,0.0,0
1006171,Bjørnar Davidsen,1024799,Stig Nesvik,2,5,0.26086923264477113,0.6521730816119278,7,0,0,0,7,2,5,0,0,0,0,0,0.0,0.0,0,0,0,0.0,0.0,0,2,5,0.26086923264477113,0.6521730816119278,7
1006399,Nedzat Cimilji,1006515,Thorbjørn Vildar Dahl Eriksen,1,6,0.12928245068642227,0.7756947041185337,7,0,0,0,7,1,6,0,0,0,0,0,0.0,0.0,0,1,6,0.12928245068642227,0.7756947041185337,7,0,0,0.0,0.0,0
1006292,Jan Thomassen,1944513,Harald Helberg,5,2,0.6407189186229867,0.2562875674491947,7,0,0,0,7,5,2,0,0,0,0,0,0.0,0.0,0,0,0,0.0,0.0,0,5,2,0.6407189186229867,0.2562875674491947,7
3682319,Lasse Rognlien,51736666,Yakup Aliz,1,5,1.0,5.0,6,0,0,0,6,1,5,0,0,0,0,0,0.0,0.0,0,1,5,1.0,5.0,6,0,0,0.0,0.0,0
1095179,Ernesto Antonio Meléndez,54197755,Tom erik Lysenstøen,5,1,4.977908269261912,0.9955816538523823,6,0,0,0,6,5,1,0,0,0,0,0,0.0,0.0,0,5,1,4.977908269261912,0.9955816538523823,6,0,0,0.0,0.0,0
51736666,Yakup Aliz,53204752,Julianne Myhren-heyerdahl,4,2,3.982326615409529,1.9911633077047646,6,0,0,0,6,4,2,0,0,0,0,0,0.0,0.0,0,4,2,3.982326615409529,1.9911633077047646,6,0,0,0.0,0.0,0
1006453,Robin Nathan,54197755,Tom erik Lysenstøen,6,0,5.973489923114294,0.0,6,0,0,0,6,6,0,0,0,0,0,0,0.0,0.0,0,6,0,5.973489923114294,0.0,6,0,0,0.0,0.0,0
1095179,Ernesto Antonio Meléndez,53649337,Erlend Helgesen,1,5,0.9955816538523823,4.977908269261912,6,0,0,0,6,1,5,0,0,0,0,0,0.0,0.0,0,1,5,0.9955816538523823,4.977908269261912,6,0,0,0.0,0.0,0
1006323,Jørn Betten,53204752,Julianne Myhren-heyerdahl,6,0,5.973489923114294,0.0,6,0,0,0,6,6,0,0,0,0,0,0,0.0,0.0,0,6,0,5.973489923114294,0.0,6,0,0,0.0,0.0,0
1006186,Christian Wikeby,58861579,Elēns Zommers,6,0,5.973489923114294,0.0,6,0,0,0,6,6,0,0,0,0,0,0,0.0,0.0,0,6,0,5.973489923114294,0.0,6,0,0,0.0,0.0,0
1006163,Bjørn Bratteberg,77558374,Khizar Iqbal,5,1,4.955914147437223,0.9911828294874446,6,0,0,0,6,5,1,0,0,0,5,1,4.955914147437223,0.9911828294874446,6,0,0,0.0,0.0,0,0,0,0.0,0.0,0
1006239,Frank Hjeldnes,2660053,Morten Bjellås,5,1,4.955914147437223,0.9911828294874446,6,0,0,0,6,5,1,0,0,0,5,1,4.955914147437223,0.9911828294874446,6,0,0,0.0,0.0,0,0,0,0.0,0.0,0
1006292,Jan Thomassen,4849639,Petter Rognlien,6,0,5.920820643907164,0.0,6,0,0,0,6,6,0,0,0,0,0,0,0.0,0.0,0,6,0,5.920820643907164,0.0,6,0,0,0.0,0.0,0
1006403,Niklas Engström-Øvretveit,42921529,Joshua Turla Tuppal,6,0,5.8946604088244205,0.0,6,0,0,0,6,6,0,0,0,0,0,0,0.0,0.0,0,6,0,5.8946604088244205,0.0,6,0,0,0.0,0.0,0
1006469,Roy Karlsen,16476664,Øystein Følling,5,1,4.912217007353684,0.9824434014707368,6,0,0,0,6,5,1,0,0,0,0,0,0.0,0.0,0,5,1,4.912217007353684,0.9824434014707368,6,0,0,0.0,0.0,0
1006163,Bjørn Bratteberg,19616722,Lobsang Thupten,6,0,5.868615758715577,0.0,6,0,0,0,6,6,0,0,0,0,0,0,0.0,0.0,0,6,0,5.868615758715577,0.0,6,0,0,0.0,0.0,0
3430505,Ben Tanner,85493143,Christer Andre Nieuwlaat,3,3,2.9343078793577884,2.9343078793577884,6,0,0,0,6,3,3,0,0,0,0,0,0.0,0.0,0,3,3,2.9343078793577884,2.9343078793577884,6,0,0,0.0,0.0,0
1006239,Frank Hjeldnes,8498578,Riaz Ali,2,4,1.9218609426391,3.8437218852782,6,0,0,0,6,2,4,0,0,0,2,4,1.9218609426391,3.8437218852782,6,0,0,0.0,0.0,0,0,0,0.0,0.0,0
1024799,Stig Nesvik,42921529,Joshua Turla Tuppal,3,3,2.88279141395865,2.88279141395865,6,0,0,0,6,3,3,0,0,0,3,3,2.88279141395865,2.88279141395865,6,0,0,0.0,0.0,0,0,0,0.0,0.0,0
1024799,Stig Nesvik,53204752,Julianne Myhren-heyerdahl,5,1,4.7834237393673344,0.9566847478734668,6,0,0,0,6,5,1,0,0,0,0,0,0.0,0.0,0,5,1,4.7834237393673344,0.9566847478734668,6,0,0,0.0,0.0,0
48159925,Ole-Jakob Rosenvold,57799534,Iris Marie Evdahl,5,1,4.7834237393673344,0.9566847478734668,6,0,0,0,6,5,1,0,0,0,0,0,0.0,0.0,0,5,1,4.7834237393673344,0.9566847478734668,6,0,0,0.0,0.0,0
1095179,Ernesto Antonio Meléndez,43127857,Manabu Sekiguchi,5,1,4.699453411499082,0.9398906822998164,6,0,0,0,6,5,1,0,0,0,0,0,0.0,0.0,0,5,1,4.699453411499082,0.9398906822998164,6,0,0,0.0,0.0,0
1006292,Jan Thomassen,7711820,Marie Hoff Petersen,6,0,5.639344093798899,0.0,6,0,0,0,6,6,0,0,0,0,0,0,0.0,0.0,0,6,0,5.639344093798899,0.0,6,0,0,0.0,0.0,0
1670605,Bernadette Bodó,8498578,Riaz Ali,1,5,0.9357358645821776,4.678679322910888,6,0,0,0,6,1,5,0,0,0,0,0,0.0,0.0,0,1,5,0.9357358645821776,4.678679322910888,6,0,0,0.0,0.0,0
1047363,Vinko Smolic,19616722,Lobsang Thupten,4,2,3.7264058385188528,1.8632029192594264,6,0,0,0,6,4,2,0,0,0,4,2,3.7264058385188528,1.8632029192594264,6,0,0,0.0,0.0,0,0,0,0.0,0.0,0
19030543,Martin Olsson,33336508,Paweł Chołodowski,3,3,2.7948043788891397,2.7948043788891397,6,0,0,0,6,3,3,0,0,0,3,3,2.7948043788891397,2.7948043788891397,6,0,0,0.0,0.0,0,0,0,0.0,0.0,0
1006292,Jan Thomassen,2660053,Morten Bjellås,5,1,4.658007298148566,0.9316014596297132,6,0,0,0,6,5,1,0,0,0,5,1,4.658007298148566,0.9316014596297132,6,0,0,0.0,0.0,0,0,0,0.0,0.0,0
19030543,Martin Olsson,44478316,Rune Stensvold,2,4,1.8549706438188864,3.709941287637773,6,0,0,0,6,2,4,0,0,0,0,0,0.0,0.0,0,2,4,1.8549706438188864,3.709941287637773,6,0,0,0.0,0.0,0
19030543,Martin Olsson,8270907,Christian Söderström,1,5,0.9274853219094432,4.637426609547216,6,0,0,0,6,1,5,0,0,0,0,0,0.0,0.0,0,1,5,0.9274853219094432,4.637426609547216,6,0,0,0.0,0.0,0
43127857,Manabu Sekiguchi,80198077,Nils Vogt,5,1,4.576258689170617,0.9152517378341233,6,0,0,0,6,5,1,0,0,0,0,0,0.0,0.0,0,5,1,4.576258689170617,0.9152517378341233,6,0,0,0.0,0.0,0
1047363,Vinko Smolic,80088046,Kim Rui,4,2,3.6448073378835786,1.8224036689417893,6,0,0,0,6,4,2,0,0,0,4,2,3.6448073378835786,1.8224036689417893,6,0,0,0.0,0.0,0,0,0,0.0,0.0,0
52645105,Tommy Bratseth,8498578,Riaz Ali,1,5,0.9071758293558579,4.53587914677929,6,0,0,0,6,1,5,0,0,0,0,0,0.0,0.0,0,1,5,0.9071758293558579,4.53587914677929,6,0,0,0.0,0.0,0
20637220,Sindre Aarhus Narvestad,43127857,Manabu Sekiguchi,4,2,3.6287033174234318,1.8143516587117159,6,0,0,0,6,4,2,0,0,0,0,0,0.0,0.0,0,4,2,3.6287033174234318,1.8143516587117159,6,0,0,0.0,0.0,0
53649337,Erlend Helgesen,58672273,Santo Angel Maican Lara,5,1,4.51584798165608,0.9031695963312161,6,0,0,0,6,5,1,0,0,0,0,0,0.0,0.0,0,5,1,4.51584798165608,0.9031695963312161,6,0,0,0.0,0.0,0
1047363,Vinko Smolic,33336508,Paweł Chołodowski,5,1,4.51584798165608,0.9031695963312161,6,0,0,0,6,5,1,0,0,0,0,0,0.0,0.0,0,5,1,4.51584798165608,0.9031695963312161,6,0,0,0.0,0.0,0
52645105,Tommy Bratseth,75757273,Oliver Milett,4,2,3.6126783853248643,1.8063391926624321,6,0,0,0,6,4,2,0,0,0,0,0,0.0,0.0,0,4,2,3.6126783853248643,1.8063391926624321,6,0,0,0.0,0.0,0
20361406,Amir Khan,75512620,Trond Evjen,5,1,4.495885526917792,0.8991771053835586,6,0,0,0,6,5,1,0,0,0,0,0,0.0,0.0,0,5,1,4.495885526917792,0.8991771053835586,6,0,0,0.0,0.0,0
2194859,Eivind Yoo Yong Jae Johansen,43127857,Manabu Sekiguchi,0,6,0.0,5.395062632301351,6,0,0,0,6,0,6,0,0,0,0,0,0.0,0.0,0,0,6,0.0,5.395062632301351,6,0,0,0.0,0.0,0
1093760,Mindaugas Jomantas,6545064,Kim-Olaf Sørensen,1,5,0.8952081623175739,4.47604081158787,6,0,0,0,6,1,5,0,0,0,0,0,0.0,0.0,0,1,5,0.8952081623175739,4.47604081158787,6,0,0,0.0,0.0,0
1047363,Vinko Smolic,44478316,Rune Stensvold,5,1,4.4562445376220285,0.8912489075244058,6,0,0,0,6,5,1,0,0,0,0,0,0.0,0.0,0,5,1,4.4562445376220285,0.8912489075244058,6,0,0,0.0,0.0,0
1006186,Christian Wikeby,10220035,Marius Lamby Solvang,3,3,2.662015042257781,2.662015042257781,6,0,0,0,6,3,3,0,0,0,0,0,0.0,0.0,0,3,3,2.662015042257781,2.662015042257781,6,0,0,0.0,0.0,0
1566592,Kim Bengtsson,52645105,Tommy Bratseth,4,2,3.5493533896770413,1.7746766948385206,6,0,0,0,6,4,2,0,0,0,0,0,0.0,0.0,0,4,2,3.5493533896770413,1.7746766948385206,6,0,0,0.0,0.0,0
1006292,Jan Thomassen,8270907,Christian Söderström,6,0,5.324030084515562,0.0,6,0,0,0,6,6,0,0,0,0,0,0,0.0,0.0,0,6,0,5.324030084515562,0.0,6,0,0,0.0,0.0,0
5140422,Tomas Gryczon,51736666,Yakup Aliz,0,6,0.0,5.300483391669824,6,0,0,0,6,0,6,0,0,0,0,0,0.0,0.0,0,0,6,0.0,5.300483391669824,6,0,0,0.0,0.0,0
1006292,Jan Thomassen,53204752,Julianne Myhren-heyerdahl,3,3,2.638532010647864,2.638532010647864,6,0,0,0,6,3,3,0,0,0,0,0,0.0,0.0,0,3,3,2.638532010647864,2.638532010647864,6,0,0,0.0,0.0,0
1006239,Frank Hjeldnes,54197755,Tom erik Lysenstøen,6,0,5.277064021295728,0.0,6,0,0,0,6,6,0,0,0,0,0,0,0.0,0.0,0,6,0,5.277064021295728,0.0,6,0,0,0.0,0.0,0
13720633,Håkon Haukebøe,53649337,Erlend Helgesen,1,5,0.8717558746690487,4.358779373345244,6,0,0,0,6,1,5,0,0,0,0,0,0.0,0.0,0,1,5,0.8717558746690487,4.358779373345244,6,0,0,0.0,0.0,0
1042070,Henrik Olsson,75512620,Trond Evjen,3,3,2.615267624007146,2.615267624007146,6,0,0,0,6,3,3,0,0,0,0,0,0.0,0.0,0,3,3,2.615267624007146,2.615267624007146,6,0,0,0.0,0.0,0
16849165,Trond evjen,51736666,Yakup Aliz,0,6,0.0,5.207424932751249,6,0,0,0,6,0,6,0,0,0,0,0,0.0,0.0,0,0,6,0.0,5.207424932751249,6,0,0,0.0,0.0,0
1006197,Daniel Salole,12622333,Silje Engström-Øvretveit,6,0,5.207424932751249,0.0,6,0,0,0,6,6,0,0,0,0,0,0,0.0,0.0,0,6,0,5.207424932751249,0.0,6,0,0,0.0,0.0,0
17978686,Ibra Alkhader,49839568,Navid Elyasi,6,0,5.184416726860619,0.0,6,0,0,0,6,6,0,0,0,0,0,0,0.0,0.0,0,6,0,5.184416726860619,0.0,6,0,0,0.0,0.0,0
1006403,Niklas Engström-Øvretveit,53204752,Julianne Myhren-heyerdahl,5,1,4.32034727238385,0.8640694544767699,6,0,0,0,6,5,1,0,0,0,0,0,0.0,0.0,0,5,1,4.32034727238385,0.8640694544767699,6,0,0,0.0,0.0,0
1670605,Bernadette Bodó,33336508,Paweł Chołodowski,0,6,0.0,5.161532853710322,6,0,0,0,6,0,6,0,0,0,0,6,0.0,5.161532853710322,6,0,0,0.0,0.0,0,0,0,0.0,0.0,0
53649337,Erlend Helgesen,8270907,Christian Söderström,4,2,3.4410219024735484,1.7205109512367742,6,0,0,0,6,4,2,0,0,0,4,2,3.4410219024735484,1.7205109512367742,6,0,0,0.0,0.0,0,0,0,0.0,0.0,0
33336508,Paweł Chołodowski,8498578,Riaz Ali,1,5,0.8564508067619576,4.282254033809788,6,0,0,0,6,1,5,0,0,0,0,0,0.0,0.0,0,1,5,0.8564508067619576,4.282254033809788,6,0,0,0.0,0.0,0
1670605,Bernadette Bodó,53204752,Julianne Myhren-heyerdahl,4,2,3.4258032270478305,1.7129016135239152,6,0,0,0,6,4,2,0,0,0,0,0,0.0,0.0,0,4,2,3.4258032270478305,1.7129016135239152,6,0,0,0.0,0.0,0
2053323,Ib Christiansen,48159925,Ole-Jakob Rosenvold,2,4,1.7129016135239152,3.4258032270478305,6,0,0,0,6,2,4,0,0,0,0,0,0.0,0.0,0,2,4,1.7129016135239152,3.4258032270478305,6,0,0,0.0,0.0,0
1059469,Hans Westad,55264855,Emil Solskjaer,6,0,5.11601150112199,0.0,6,0,0,0,6,6,0,0,0,0,0,0,0.0,0.0,0,6,0,5.11601150112199,0.0,6,0,0,0.0,0.0,0
2660053,Morten Bjellås,49839568,Navid Elyasi,4,2,3.410674334081327,1.7053371670406634,6,0,0,0,6,4,2,0,0,0,0,0,0.0,0.0,0,4,2,3.410674334081327,1.7053371670406634,6,0,0,0.0,0.0,0
16144084,Truls Bakken,16476664,Øystein Følling,5,1,4.244496669815609,0.8488993339631218,6,0,0,0,6,5,1,0,0,0,0,0,0.0,0.0,0,5,1,4.244496669815609,0.8488993339631218,6,0,0,0.0,0.0,0
2660053,Morten Bjellås,44184394,Per Arne Grotthing,1,5,0.8451523156003548,4.225761578001774,6,0,0,0,6,1,5,0,0,0,1,5,0.8451523156003548,4.225761578001774,6,0,0,0.0,0.0,0,0,0,0.0,0.0,0
1670605,Bernadette Bodó,57799534,Iris Marie Evdahl,4,2,3.3509416974494877,1.6754708487247438,6,0,0,0,6,4,2,0,0,0,0,0,0.0,0.0,0,4,2,3.3509416974494877,1.6754708487247438,6,0,0,0.0,0.0,0
5689902,Roger Andresen,8970047,Ante Petricevic,4,2,3.3359821966598897,1.6679910983299449,6,0,0,0,6,4,2,0,0,0,0,0,0.0,0.0,0,4,2,3.3359821966598897,1.6679910983299449,6,0,0,0.0,0.0,0
19616722,Lobsang Thupten,44119141,Gaute Rogstad,5,1,3.9907612951058677,0.7499146453381507,6,0,0,0,6,5,1,0,0,0,3,0,2.490932004429567,0.0,3,2,1,1.4998292906763013,0.7499146453381507,3,0,0,0.0,0.0,0
19030543,Martin Olsson,53649337,Erlend Helgesen,2,4,1.660621336286378,3.321242672572756,6,0,0,0,6,2,4,0,0,0,2,4,1.660621336286378,3.321242672572756,6,0,0,0.0,0.0,0,0,0,0.0,0.0,0
25875517,Christian Hedin,44478316,Rune Stensvold,4,2,3.321242672572756,1.660621336286378,6,0,0,0,6,4,2,0,0,0,4,2,3.321242672572756,1.660621336286378,6,0,0,0.0,0.0,0,0,0,0.0,0.0,0
3611014,Terje Blegen,44478316,Rune Stensvold,5,1,4.1149483870188845,0.8229896774037768,6,0,0,0,6,5,1,0,0,0,0,0,0.0,0.0,0,5,1,4.1149483870188845,0.8229896774037768,6,0,0,0.0,0.0,0
44478316,Rune Stensvold,57799534,Iris Marie Evdahl,4,2,3.2919587096151073,1.6459793548075536,6,0,0,0,6,4,2,0,0,0,0,0,0.0,0.0,0,4,2,3.2919587096151073,1.6459793548075536,6,0,0,0.0,0.0,0
3611014,Terje Blegen,7711820,Marie Hoff Petersen,3,3,2.4689690322113305,2.4689690322113305,6,0,0,0,6,3,3,0,0,0,0,0,0.0,0.0,0,3,3,2.4689690322113305,2.4689690322113305,6,0,0,0.0,0.0,0
2660053,Morten Bjellås,8970047,Ante Petricevic,4,2,3.2919587096151073,1.6459793548075536,6,0,0,0,6,4,2,0,0,0,0,0,0.0,0.0,0,4,2,3.2919587096151073,1.6459793548075536,6,0,0,0.0,0.0,0
1006197,Daniel Salole,49839568,Navid Elyasi,6,0,4.91614214132396,0.0,6,0,0,0,6,6,0,0,0,0,0,0,0.0,0.0,0,6,0,4.91614214132396,0.0,6,0,0,0.0,0.0,0
1022496,Jozef Kwit,51736666,Yakup Aliz,1,5,0.8121290452824631,4.060645226412316,6,0,0,0,6,1,5,0,0,0,1,5,0.8121290452824631,4.060645226412316,6,0,0,0.0,0.0,0,0,0,0.0,0.0,0
1006453,Robin Nathan,44478316,Rune Stensvold,6,0,4.872774271694778,0.0,6,0,0,0,6,6,0,0,0,0,6,0,4.872774271694778,0.0,6,0,0,0.0,0.0,0,0,0,0.0,0.0,0
6686119,Levi Pavdeja,8270907,Christian Söderström,5,1,4.060645226412316,0.8121290452824631,6,0,0,0,6,5,1,0,0,0,5,1,4.060645226412316,0.8121290452824631,6,0,0,0.0,0.0,0,0,0,0.0,0.0,0
44184394,Per Arne Grotthing,6686119,Levi Pavdeja,1,5,0.8121290452824631,4.060645226412316,6,0,0,0,6,1,5,0,0,0,1,5,0.8121290452824631,4.060645226412316,6,0,0,0.0,0.0,0,0,0,0.0,0.0,0
1006333,Kent Hansen,44478316,Rune Stensvold,6,0,4.851265979788812,0.0,6,0,0,0,6,6,0,0,0,0,0,0,0.0,0.0,0,6,0,4.851265979788812,0.0,6,0,0,0.0,0.0,0
10220035,Marius Lamby Solvang,19616722,Lobsang Thupten,2,4,1.6098942959486848,3.2197885918973697,6,0,0,0,6,2,4,0,0,0,0,0,0.0,0.0,0,2,4,1.6098942959486848,3.2197885918973697,6,0,0,0.0,0.0,0
52645105,Tommy Bratseth,54197755,Tom erik Lysenstøen,4,2,3.2197885918973697,1.6098942959486848,6,0,0,0,6,4,2,0,0,0,0,0,0.0,0.0,0,4,2,3.2197885918973697,1.6098942959486848,6,0,0,0.0,0.0,0
4849639,Petter Rognlien,51736666,Yakup Aliz,0,6,0.0,4.8296828878460545,6,0,0,0,6,0,6,0,0,0,0,0,0.0,0.0,0,0,6,0.0,4.8296828878460545,6,0,0,0.0,0.0,0
1670605,Bernadette Bodó,43127857,Manabu Sekiguchi,1,5,0.8049471479743424,4.024735739871712,6,0,0,0,6,1,5,0,0,0,0,0,0.0,0.0,0,1,5,0.8049471479743424,4.024735739871712,6,0,0,0.0,0.0,0
1095179,Ernesto Antonio Meléndez,5140422,Tomas Gryczon,2,4,1.602784746194486,3.205569492388972,6,0,0,0,6,2,4,0,0,0,0,0,0.0,0.0,0,2,4,1.602784746194486,3.205569492388972,6,0,0,0.0,0.0,0
19616722,Lobsang Thupten,58861579,Elēns Zommers,2,4,1.602784746194486,3.205569492388972,6,0,0,0,6,2,4,0,0,0,0,0,0.0,0.0,0,2,4,1.602784746194486,3.205569492388972,6,0,0,0.0,0.0,0
4849639,Petter Rognlien,52645105,Tommy Bratseth,4,2,3.205569492388972,1.602784746194486,6,0,0,0,6,4,2,0,0,0,0,0,0.0,0.0,0,4,2,3.205569492388972,1.602784746194486,6,0,0,0.0,0.0,0
25875517,Christian Hedin,52645105,Tommy Bratseth,2,4,1.602784746194486,3.205569492388972,6,0,0,0,6,2,4,0,0,0,0,0,0.0,0.0,0,2,4,1.602784746194486,3.205569492388972,6,0,0,0.0,0.0,0
5140422,Tomas Gryczon,58861579,Elēns Zommers,4,2,3.205569492388972,1.602784746194486,6,0,0,0,6,4,2,0,0,0,0,0,0.0,0.0,0,4,2,3.205569492388972,1.602784746194486,6,0,0,0.0,0.0,0
43127857,Manabu Sekiguchi,4849639,Petter Rognlien,5,1,4.006961865486215,0.801392373097243,6,0,0,0,6,5,1,0,0,0,0,0,0.0,0.0,0,5,1,4.006961865486215,0.801392373097243,6,0,0,0.0,0.0,0
1047363,Vinko Smolic,42921529,Joshua Turla Tuppal,4,2,3.1913991668682304,1.5956995834341152,6,0,0,0,6,4,2,0,0,0,4,2,3.1913991668682304,1.5956995834341152,6,0,0,0.0,0.0,0,0,0,0.0,0.0,0
3185355,Ivar Lexi,42921529,Joshua Turla Tuppal,3,3,2.393549375151173,2.393549375151173,6,0,0,0,6,3,3,0,0,0,3,3,2.393549375151173,2.393549375151173,6,0,0,0.0,0.0,0,0,0,0.0,0.0,0
20361406,Amir Khan,7711820,Marie Hoff Petersen,6,0,4.48868400377905,0.0,6,0,0,0,6,6,0,0,0,0,0,0,0.0,0.0,0,6,0,4.48868400377905,0.0,6,0,0,0.0,0.0,0
2194859,Eivind Yoo Yong Jae Johansen,24833275,Marte Stulen Aamodt,4,2,3.1632600562403264,1.5816300281201632,6,0,0,0,6,4,2,0,0,0,0,0,0.0,0.0,0,4,2,3.1632600562403264,1.5816300281201632,6,0,0,0.0,0.0,0
2194859,Eivind Yoo Yong Jae Johansen,44184394,Per Arne Grotthing,1,5,0.7908150140600816,3.9540750703004077,6,0,0,0,6,1,5,0,0,0,0,0,0.0,0.0,0,1,5,0.7908150140600816,3.9540750703004077,6,0,0,0.0,0.0,0
1006515,Thorbjørn Vildar Dahl Eriksen,53649337,Erlend Helgesen,5,1,3.9540750703004077,0.7908150140600816,6,0,0,0,6,5,1,0,0,0,0,0,0.0,0.0,0,5,1,3.9540750703004077,0.7908150140600816,6,0,0,0.0,0.0,0
20361406,Amir Khan,31114699,Ferdinand Jaggi,2,4,1.5746418391784618,3.1492836783569236,6,0,0,0,6,2,4,0,0,0,0,0,0.0,0.0,0,2,4,1.5746418391784618,3.1492836783569236,6,0,0,0.0,0.0,0
1024799,Stig Nesvik,31114699,Ferdinand Jaggi,2,4,1.5746418391784618,3.1492836783569236,6,0,0,0,6,2,4,0,0,0,0,0,0.0,0.0,0,2,4,1.5746418391784618,3.1492836783569236,6,0,0,0.0,0.0,0
19616722,Lobsang Thupten,31114699,Ferdinand Jaggi,2,4,1.5746418391784618,3.1492836783569236,6,0,0,0,6,2,4,0,0,0,0,0,0.0,0.0,0,2,4,1.5746418391784618,3.1492836783569236,6,0,0,0.0,0.0,0
31114699,Ferdinand Jaggi,43127857,Manabu Sekiguchi,1,5,0.7873209195892309,3.9366045979461544,6,0,0,0,6,1,5,0,0,0,0,0,0.0,0.0,0,1,5,0.7873209195892309,3.9366045979461544,6,0,0,0.0,0.0,0
12627679,Tor Ivar Bjørseth,1510340,Andris Viksnins,5,1,3.9366045979461544,0.7873209195892309,6,0,0,0,6,5,1,0,0,0,0,0,0.0,0.0,0,5,1,3.9366045979461544,0.7873209195892309,6,0,0,0.0,0.0,0
1006186,Christian Wikeby,12627679,Tor Ivar Bjørseth,6,0,4.723925517535386,0.0,6,0,0,0,6,6,0,0,0,0,0,0,0.0,0.0,0,6,0,4.723925517535386,0.0,6,0,0,0.0,0.0,0
7153377,Henning Ingvorsen,8383376,Hans Petter Ilstad,5,1,3.919257802533975,0.7838515605067949,6,0,0,0,6,5,1,0,0,0,5,1,3.919257802533975,0.7838515605067949,6,0,0,0.0,0.0,0,0,0,0.0,0.0,0
1024799,Stig Nesvik,52645105,Tommy Bratseth,3,3,2.3411420726828247,2.3411420726828247,6,0,0,0,6,3,3,0,0,0,0,0,0.0,0.0,0,3,3,2.3411420726828247,2.3411420726828247,6,0,0,0.0,0.0,0
12622333,Silje Engström-Øvretveit,44184394,Per Arne Grotthing,1,5,0.7803806908942749,3.901903454471374,6,0,0,0,6,1,5,0,0,0,0,0,0.0,0.0,0,1,5,0.7803806908942749,3.901903454471374,6,0,0,0.0,0.0,0
57799534,Iris Marie Evdahl,8383376,Hans Petter Ilstad,2,4,1.553865397749974,3.107730795499948,6,0,0,0,6,2,4,0,0,0,0,0,0.0,0.0,0,2,4,1.553865397749974,3.107730795499948,6,0,0,0.0,0.0,0
20361406,Amir Khan,25484464,Joaquin K. Yovine,5,1,3.8675082013466406,0.7735016402693281,6,0,0,0,6,5,1,0,0,0,0,0,0.0,0.0,0,5,1,3.8675082013466406,0.7735016402693281,6,0,0,0.0,0.0,0
1006281,Jan Atle Kofoed,19030543,Martin Olsson,5,1,3.732883323295356,0.7465766646590712,6,0,0,0,6,5,1,0,0,0,0,0,0.0,0.0,0,5,1,3.732883323295356,0.7465766646590712,6,0,0,0.0,0.0,0
13720633,Håkon Haukebøe,2194859,Eivind Yoo Yong Jae Johansen,4,2,2.986306658636285,1.4931533293181425,6,0,0,0,6,4,2,0,0,0,0,0,0.0,0.0,0,4,2,2.986306658636285,1.4931533293181425,6,0,0,0.0,0.0,0
20361406,Amir Khan,58717324,Kjetil Kristensen,5,1,3.732883323295356,0.7465766646590712,6,0,0,0,6,5,1,0,0,0,0,0,0.0,0.0,0,5,1,3.732883323295356,0.7465766646590712,6,0,0,0.0,0.0,0
1006163,Bjørn Bratteberg,1670605,Bernadette Bodó,3,3,1.8700018599639068,2.239729993977214,6,0,0,0,6,3,3,0,0,0,0,0,0.0,0.0,0,3,3,1.8700018599639068,2.239729993977214,6,0,0,0.0,0.0,0
42921529,Joshua Turla Tuppal,49097056,Herman Maraas,4,2,2.973131713466472,1.486565856733236,6,0,0,0,6,4,2,0,0,0,0,0,0.0,0.0,0,4,2,2.973131713466472,1.486565856733236,6,0,0,0.0,0.0,0
1006197,Daniel Salole,13720633,Håkon Haukebøe,5,1,3.71641464183309,0.743282928366618,6,0,0,0,6,5,1,0,0,0,0,0,0.0,0.0,0,5,1,3.71641464183309,0.743282928366618,6,0,0,0.0,0.0,0
1006298,Jarek (Barracuda) Kapuściński,19616722,Lobsang Thupten,2,4,1.4669450800364443,2.9338901600728886,6,0,0,0,6,2,4,0,0,0,0,0,0.0,0.0,0,2,4,1.4669450800364443,2.9338901600728886,6,0,0,0.0,0.0,0
42921529,Joshua Turla Tuppal,44478316,Rune Stensvold,3,3,2.1713701395069607,2.1713701395069607,6,0,0,0,6,3,3,0,0,0,3,3,2.1713701395069607,2.1713701395069607,6,0,0,0.0,0.0,0,0,0,0.0,0.0,0
1006399,Nedzat Cimilji,6545064,Kim-Olaf Sørensen,5,1,2.7869692816849634,0.5573938563369927,6,0,0,0,6,5,1,0,0,0,0,0,0.0,0.0,0,5,1,2.7869692816849634,0.5573938563369927,6,0,0,0.0,0.0,0
1024799,Stig Nesvik,1024805,Audun Bjerve,1,5,0.5403825627596999,2.7019128137984993,6,0,0,0,6,1,5,0,0,0,0,0,0.0,0.0,0,0,0,0.0,0.0,0,1,5,0.5403825627596999,2.7019128137984993,6
2051511,Mats Calixto Engan,21281635,Morten Sjø,1,5,0.521571130809478,2.6078556540473903,6,0,0,0,6,1,5,0,0,0,0,0,0.0,0.0,0,1,5,0.521571130809478,2.6078556540473903,6,0,0,0.0,0.0,0
20809939,Gary Zacaria,33336508,Paweł Chołodowski,1,5,0.5011803822930151,2.5059019114650756,6,0,0,0,6,1,5,0,0,0,0,0,0.0,0.0,0,0,0,0.0,0.0,0,1,5,0.5011803822930151,2.5059019114650756,6
1014552,Baard Onsum,16144084,Truls Bakken,2,4,0.9929075695658673,1.9858151391317347,6,0,0,0,6,2,4,0,0,0,0,0,0.0,0.0,0,2,4,0.9929075695658673,1.9858151391317347,6,0,0,0.0,0.0,0
10774063,Axel Mikhail Dalberg,1670605,Bernadette Bodó,4,2,1.9858151391317347,0.9929075695658673,6,0,0,0,6,4,2,0,0,0,0,0,0.0,0.0,0,4,2,1.9858151391317347,0.9929075695658673,6,0,0,0.0,0.0,0
1014552,Baard Onsum,10774063,Axel Mikhail Dalberg,2,4,0.9929075695658673,1.9858151391317347,6,0,0,0,6,2,4,0,0,0,0,0,0.0,0.0,0,2,4,0.9929075695658673,1.9858151391317347,6,0,0,0.0,0.0,0
20124274,Paolo Speciale,2298416,Terje Kristoffersen,1,5,0.45466472093944527,2.2733236046972265,6,0,0,0,6,1,5,0,0,0,0,0,0.0,0.0,0,0,0,0.0,0.0,0,1,5,0.45466472093944527,2.2733236046972265,6
1298131,Jack Nordby,2298416,Terje Kristoffersen,5,1,2.1652875657011825,0.4330575131402365,6,0,0,0,6,5,1,0,0,0,0,0,0.0,0.0,0,5,1,2.1652875657011825,0.4330575131402365,6,0,0,0.0,0.0,0
1123060,"Paweł ""Mumrikken"" Zalewski",20124274,Paolo Speciale,1,5,0.4273400157368041,2.1367000786840205,6,0,0,0,6,1,5,0,0,0,0,0,0.0,0.0,0,1,5,0.4273400157368041,2.1367000786840205,6,0,0,0.0,0.0,0
1006197,Daniel Salole,6181993,Kim Bjørnstad,5,1,2.0714839388030124,0.41429678776060247,6,0,0,0,6,5,1,0,0,0,5,1,2.0714839388030124,0.41429678776060247,6,0,0,0.0,0.0,0,0,0,0.0,0.0,0
17978686,Ibra Alkhader,8206764,Grzegorz Tabor,1,5,0.40342371934745314,2.017118596737266,6,0,0,0,6,1,5,0,0,0,0,0,0.0,0.0,0,1,5,0.40342371934745314,2.017118596737266,6,0,0,0.0,0.0,0
1006186,Christian Wikeby,10585213,Veejay Adriano,1,5,0.38086113545987504,1.9043056772993752,6,0,0,0,6,1,5,0,0,0,0,0,0.0,0.0,0,1,5,0.38086113545987504,1.9043056772993752,6,0,0,0.0,0.0,0
1417853,Robin Hauge Pettersen,9017413,Terje Mo Hanssen,5,1,1.8865949197164515,0.37779002454920996,6,0,0,0,6,5,1,0,0,0,0,0,0.0,0.0,0,0,1,0.0,0.37779002454920996,1,5,0,1.8865949197164515,0.0,5
1006163,Bjørn Bratteberg,5140422,Tomas Gryczon,5,1,1.8865949197164515,0.37731898394329033,6,0,0,0,6,5,1,0,0,0,0,0,0.0,0.0,0,0,0,0.0,0.0,0,5,1,1.8865949197164515,0.37731898394329033,6
1006465,Ronny Oldervik,1123060,"Paweł ""Mumrikken"" Zalewski",5,1,1.8865949197164515,0.37731898394329033,6,0,0,0,6,5,1,0,0,0,0,0,0.0,0.0,0,0,0,0.0,0.0,0,5,1,1.8865949197164515,0.37731898394329033,6
1006209,Eirik Tonning Hatløy,1014767,Astrid Eiken Flage,5,1,1.8865949197164515,0.37731898394329033,6,0,0,0,6,5,1,0,0,0,0,0,0.0,0.0,0,0,0,0.0,0.0,0,5,1,1.8865949197164515,0.37731898394329033,6
1006465,Ronny Oldervik,1067228,Roy Steffensen,5,1,1.8865949197164515,0.37731898394329033,6,0,0,0,6,5,1,0,0,0,0,0,0.0,0.0,0,0,0,0.0,0.0,0,5,1,1.8865949197164515,0.37731898394329033,6
1006244,Gard Eiken Flage,1006270,Henrik Flatås,5,1,1.8865949197164515,0.37731898394329033,6,0,0,0,6,5,1,0,0,0,0,0,0.0,0.0,0,0,0,0.0,0.0,0,5,1,1.8865949197164515,0.37731898394329033,6
2194859,Eivind Yoo Yong Jae Johansen,6600268,Kim Soo Garmark,0,6,0.0,1.5952920367441974,6,0,0,0,6,0,6,0,0,0,0,0,0.0,0.0,0,0,6,0.0,1.5952920367441974,6,0,0,0.0,0.0,0
1006360,Lars Harby,1024799,Stig Nesvik,5,1,1.62109407885897,0.31148053313389706,6,0,0,0,6,5,1,0,0,0,0,0,0.0,0.0,0,5,1,1.62109407885897,0.31148053313389706,6,0,0,0.0,0.0,0
1006340,Kjartan Maraas,2053323,Ib Christiansen,3,3,1.078163470039317,0.7564981762428536,6,0,0,0,6,3,3,0,0,0,0,0,0.0,0.0,0,3,3,1.078163470039317,0.7564981762428536,6,0,0,0.0,0.0,0
1006281,Jan Atle Kofoed,12042235,Evert Andersson,1,5,0.3486044896157724,1.7430224480788619,6,0,0,0,6,1,5,0,0,0,0,0,0.0,0.0,0,0,0,0.0,0.0,0,1,5,0.3486044896157724,1.7430224480788619,6
1006328,Lioness Princess,7153377,Henning Ingvorsen,2,4,0.6229610662677941,1.2459221325355883,6,0,0,0,6,2,4,0,0,0,0,0,0.0,0.0,0,2,4,0.6229610662677941,1.2459221325355883,6,0,0,0.0,0.0,0
1011619,Jan Terje Øyen,8383387,Michael Stark,4,2,1.0182304494914398,0.5091152247457199,6,0,0,0,6,4,2,0,0,0,0,0,0.0,0.0,0,4,2,1.0182304494914398,0.5091152247457199,6,0,0,0.0,0.0,0
1025949,Kristian Lund Olås,2043792,Vaios Evangelou,2,4,0.5091152247457199,1.0182304494914398,6,0,0,0,6,2,4,0,0,0,0,0,0.0,0.0,0,2,4,0.5091152247457199,1.0182304494914398,6,0,0,0.0,0.0,0
3185355,Ivar Lexi,8383387,Michael Stark,4,2,1.0182304494914398,0.5091152247457199,6,0,0,0,6,4,2,0,0,0,0,0,0.0,0.0,0,4,2,1.0182304494914398,0.5091152247457199,6,0,0,0.0,0.0,0
1011619,Jan Terje Øyen,2660053,Morten Bjellås,4,2,1.0182304494914398,0.5091152247457199,6,0,0,0,6,4,2,0,0,0,0,0,0.0,0.0,0,4,2,1.0182304494914398,0.5091152247457199,6,0,0,0.0,0.0,0
1006163,Bjørn Bratteberg,1024799,Stig Nesvik,5,1,1.2199860340858364,0.24399720681716727,6,0,0,0,6,5,1,0,0,0,0,0,0.0,0.0,0,5,1,1.2199860340858364,0.24399720681716727,6,0,0,0.0,0.0,0
2827292,Simen Jøndal,6600268,Kim Soo Garmark,1,5,0.24368870121968658,1.2184435060984329,6,0,0,0,6,1,5,0,0,0,0,0,0.0,0.0,0,1,5,0.24368870121968658,1.2184435060984329,6,0,0,0.0,0.0,0
1006515,Thorbjørn Vildar Dahl Eriksen,2827292,Simen Jøndal,5,1,1.2184435060984329,0.24368870121968658,6,0,0,0,6,5,1,0,0,0,0,0,0.0,0.0,0,5,1,1.2184435060984329,0.24368870121968658,6,0,0,0.0,0.0,0
1006186,Christian Wikeby,5689902,Roger Andresen,6,0,1.155496152275316,0.0,6,0,0,0,6,6,0,0,0,0,0,0,0.0,0.0,0,6,0,1.155496152275316,0.0,6,0,0,0.0,0.0,0
1393613,Vegar Hammer Olsen,2043792,Vaios Evangelou,5,1,0.8030570732419338,0.16061141464838674,6,0,0,0,6,5,1,0,0,0,5,1,0.8030570732419338,0.16061141464838674,6,0,0,0.0,0.0,0,0,0,0.0,0.0,0
1006197,Daniel Salole,3299855,Thomas Wiik,5,1,0.8030570732419338,0.16061141464838674,6,0,0,0,6,5,1,0,0,0,5,1,0.8030570732419338,0.16061141464838674,6,0,0,0.0,0.0,0,0,0,0.0,0.0,0
2043792,Vaios Evangelou,2945676,Christoffer Hansen,0,6,0.0,0.9301035259681215,6,0,0,0,6,0,6,0,0,0,0,0,0.0,0.0,0,0,0,0.0,0.0,0,0,6,0.0,0.9301035259681215,6
1343995,Jarle Steinhovden,2043792,Vaios Evangelou,4,2,0.5932144804581335,0.29660724022906676,6,0,0,0,6,4,2,0,0,0,4,2,0.5932144804581335,0.29660724022906676,6,0,0,0.0,0.0,0,0,0,0.0,0.0,0
1006340,Kjartan Maraas,1399018,Kristoffer Mørk,1,5,0.1446107841030851,0.7230539205154254,6,0,0,0,6,1,5,0,0,0,0,0,0.0,0.0,0,1,5,0.1446107841030851,0.7230539205154254,6,0,0,0.0,0.0,0
1174563,Jan Kringstad,3185355,Ivar Lexi,5,1,0.7157143067629003,0.14314286135258006,6,0,0,0,6,5,1,0,0,0,5,1,0.7157143067629003,0.14314286135258006,6,0,0,0.0,0.0,0,0,0,0.0,0.0,0
1006399,Nedzat Cimilji,1663605,Mona Sunde,6,0,0.7756947041185337,0.0,6,0,0,0,6,6,0,0,0,0,0,0,0.0,0.0,0,6,0,0.7756947041185337,0.0,6,0,0,0.0,0.0,0
53204752,Julianne Myhren-heyerdahl,58861579,Elēns Zommers,1,4,0.9955816538523823,3.982326615409529,5,0,0,0,5,1,4,0,0,0,0,0,0.0,0.0,0,1,4,0.9955816538523823,3.982326615409529,5,0,0,0.0,0.0,0
69888928,T M.H,78617272,Harald Fjeldberg,3,2,2.9735484884623338,1.9823656589748893,5,0,0,0,5,3,2,0,0,0,3,2,2.9735484884623338,1.9823656589748893,5,0,0,0.0,0.0,0,0,0,0.0,0.0,0
1024799,Stig Nesvik,2660053,Morten Bjellås,4,1,3.9647313179497785,0.9911828294874446,5,0,0,0,5,4,1,0,0,0,4,1,3.9647313179497785,0.9911828294874446,5,0,0,0.0,0.0,0,0,0,0.0,0.0,0
2660053,Morten Bjellås,79002523,luis Cardenas rosas,3,2,2.9735484884623338,1.9823656589748893,5,0,0,0,5,3,2,0,0,0,3,2,2.9735484884623338,1.9823656589748893,5,0,0,0.0,0.0,0,0,0,0.0,0.0,0
1006340,Kjartan Maraas,69888928,T M.H,2,3,1.9823656589748893,2.9735484884623338,5,0,0,0,5,2,3,0,0,0,2,3,1.9823656589748893,2.9735484884623338,5,0,0,0.0,0.0,0,0,0,0.0,0.0,0
1006292,Jan Thomassen,80088046,Kim Rui,5,0,4.93401720325597,0.0,5,0,0,0,5,5,0,0,0,0,0,0,0.0,0.0,0,5,0,4.93401720325597,0.0,5,0,0,0.0,0.0,0
1006469,Roy Karlsen,51736666,Yakup Aliz,0,5,0.0,4.912217007353684,5,0,0,0,5,0,5,0,0,0,0,0,0.0,0.0,0,0,5,0.0,4.912217007353684,5,0,0,0.0,0.0,0
1277043,Alexander Hagen,58672273,Santo Angel Maican Lara,1,4,0.9781026264525962,3.9124105058103846,5,0,0,0,5,1,4,0,0,0,0,0,0.0,0.0,0,1,4,0.9781026264525962,3.9124105058103846,5,0,0,0.0,0.0,0
52645105,Tommy Bratseth,7711820,Marie Hoff Petersen,1,4,0.9737810304810345,3.895124121924138,5,0,0,0,5,1,4,0,0,0,0,0,0.0,0.0,0,1,4,0.9737810304810345,3.895124121924138,5,0,0,0.0,0.0,0
13720633,Håkon Haukebøe,3185355,Ivar Lexi,1,4,0.96093047131955,3.8437218852782,5,0,0,0,5,1,4,0,0,0,1,4,0.96093047131955,3.8437218852782,5,0,0,0.0,0.0,0,0,0,0.0,0.0,0
57799534,Iris Marie Evdahl,80088046,Kim Rui,3,2,2.88279141395865,1.9218609426391,5,0,0,0,5,3,2,0,0,0,3,2,2.88279141395865,1.9218609426391,5,0,0,0.0,0.0,0,0,0,0.0,0.0,0
13720633,Håkon Haukebøe,44184394,Per Arne Grotthing,1,4,0.96093047131955,3.8437218852782,5,0,0,0,5,1,4,0,0,0,1,4,0.96093047131955,3.8437218852782,5,0,0,0.0,0.0,0,0,0,0.0,0.0,0
1006239,Frank Hjeldnes,83477917,Fabian Andersen,4,1,3.8437218852782,0.96093047131955,5,0,0,0,5,4,1,0,0,0,4,1,3.8437218852782,0.96093047131955,5,0,0,0.0,0.0,0,0,0,0.0,0.0,0
44184394,Per Arne Grotthing,57799534,Iris Marie Evdahl,5,0,4.80465235659775,0.0,5,0,0,0,5,5,0,0,0,0,5,0,4.80465235659775,0.0,5,0,0,0.0,0.0,0,0,0,0.0,0.0,0
2194859,Eivind Yoo Yong Jae Johansen,54197755,Tom erik Lysenstøen,2,3,1.9133694957469336,2.8700542436204004,5,0,0,0,5,2,3,0,0,0,0,0,0.0,0.0,0,2,3,1.9133694957469336,2.8700542436204004,5,0,0,0.0,0.0,0
54197755,Tom erik Lysenstøen,7711820,Marie Hoff Petersen,3,2,2.8196720468994494,1.8797813645996329,5,0,0,0,5,3,2,0,0,0,0,0,0.0,0.0,0,3,2,2.8196720468994494,1.8797813645996329,5,0,0,0.0,0.0,0
16144084,Truls Bakken,20361406,Amir Khan,2,3,1.8632029192594264,2.7948043788891397,5,0,0,0,5,2,3,0,0,0,2,3,1.8632029192594264,2.7948043788891397,5,0,0,0.0,0.0,0,0,0,0.0,0.0,0
19030543,Martin Olsson,66009190,Steven Tica,3,2,2.7948043788891397,1.8632029192594264,5,0,0,0,5,3,2,0,0,0,3,2,2.7948043788891397,1.8632029192594264,5,0,0,0.0,0.0,0,0,0,0.0,0.0,0
42921529,Joshua Turla Tuppal,9017413,Terje Mo Hanssen,3,2,2.7948043788891397,1.8632029192594264,5,0,0,0,5,3,2,0,0,0,3,2,2.7948043788891397,1.8632029192594264,5,0,0,0.0,0.0,0,0,0,0.0,0.0,0
54197755,Tom erik Lysenstøen,7153377,Henning Ingvorsen,0,5,0.0,4.658007298148566,5,0,0,0,5,0,5,0,0,0,0,5,0.0,4.658007298148566,5,0,0,0.0,0.0,0,0,0,0.0,0.0,0
51736666,Yakup Aliz,66009190,Steven Tica,5,0,4.658007298148566,0.0,5,0,0,0,5,5,0,0,0,0,5,0,4.658007298148566,0.0,5,0,0,0.0,0.0,0,0,0,0.0,0.0,0
1047363,Vinko Smolic,54197755,Tom erik Lysenstøen,4,1,3.7264058385188528,0.9316014596297132,5,0,0,0,5,4,1,0,0,0,4,1,3.7264058385188528,0.9316014596297132,5,0,0,0.0,0.0,0,0,0,0.0,0.0,0
1006292,Jan Thomassen,19030543,Martin Olsson,5,0,4.658007298148566,0.0,5,0,0,0,5,5,0,0,0,0,5,0,4.658007298148566,0.0,5,0,0,0.0,0.0,0,0,0,0.0,0.0,0
19616722,Lobsang Thupten,82601110,zoran krogstad,2,3,1.8549706438188864,2.78245596572833,5,0,0,0,5,2,3,0,0,0,0,0,0.0,0.0,0,2,3,1.8549706438188864,2.78245596572833,5,0,0,0.0,0.0,0
44478316,Rune Stensvold,82601110,zoran krogstad,4,1,3.709941287637773,0.9274853219094432,5,0,0,0,5,4,1,0,0,0,0,0,0.0,0.0,0,4,1,3.709941287637773,0.9274853219094432,5,0,0,0.0,0.0,0
1006359,Larry Skogheim,1022496,Jozef Kwit,5,0,4.576258689170617,0.0,5,0,0,0,5,5,0,0,0,0,0,0,0.0,0.0,0,5,0,4.576258689170617,0.0,5,0,0,0.0,0.0,0
19616722,Lobsang Thupten,57799534,Iris Marie Evdahl,4,1,3.661006951336493,0.9152517378341233,5,0,0,0,5,4,1,0,0,0,0,0,0.0,0.0,0,4,1,3.661006951336493,0.9152517378341233,5,0,0,0.0,0.0,0
3073760,Ronny Jakobsen,7711820,Marie Hoff Petersen,5,0,4.556009172354473,0.0,5,0,0,0,5,5,0,0,0,0,5,0,4.556009172354473,0.0,5,0,0,0.0,0.0,0,0,0,0.0,0.0,0
1510340,Andris Viksnins,2660053,Morten Bjellås,4,1,3.6448073378835786,0.9112018344708946,5,0,0,0,5,4,1,0,0,0,4,1,3.6448073378835786,0.9112018344708946,5,0,0,0.0,0.0,0,0,0,0.0,0.0,0
1047363,Vinko Smolic,3073760,Ronny Jakobsen,4,1,3.6448073378835786,0.9112018344708946,5,0,0,0,5,4,1,0,0,0,4,1,3.6448073378835786,0.9112018344708946,5,0,0,0.0,0.0,0,0,0,0.0,0.0,0
1047363,Vinko Smolic,19354018,Mariann Pinczesi,5,0,4.51584798165608,0.0,5,0,0,0,5,5,0,0,0,0,0,0,0.0,0.0,0,5,0,4.51584798165608,0.0,5,0,0,0.0,0.0,0
80088046,Kim Rui,8498578,Riaz Ali,0,5,0.0,4.51584798165608,5,0,0,0,5,0,5,0,0,0,0,0,0.0,0.0,0,0,5,0.0,4.51584798165608,5,0,0,0.0,0.0,0
53649337,Erlend Helgesen,80088046,Kim Rui,2,3,1.798354210767117,2.6975313161506755,5,0,0,0,5,2,3,0,0,0,0,0,0.0,0.0,0,2,3,1.798354210767117,2.6975313161506755,5,0,0,0.0,0.0,0
49839568,Navid Elyasi,7711820,Marie Hoff Petersen,5,0,4.495885526917792,0.0,5,0,0,0,5,5,0,0,0,0,0,0,0.0,0.0,0,5,0,4.495885526917792,0.0,5,0,0,0.0,0.0,0
1093760,Mindaugas Jomantas,20361406,Amir Khan,1,4,0.8952081623175739,3.5808326492702958,5,0,0,0,5,1,4,0,0,0,0,0,0.0,0.0,0,1,4,0.8952081623175739,3.5808326492702958,5,0,0,0.0,0.0,0
26143903,Katrine Sætereng,7711820,Marie Hoff Petersen,4,1,3.5493533896770413,0.8873383474192603,5,0,0,0,5,4,1,0,0,0,0,0,0.0,0.0,0,4,1,3.5493533896770413,0.8873383474192603,5,0,0,0.0,0.0,0
1277043,Alexander Hagen,24833275,Marte Stulen Aamodt,1,4,0.8873383474192603,3.5493533896770413,5,0,0,0,5,1,4,0,0,0,0,0,0.0,0.0,0,1,4,0.8873383474192603,3.5493533896770413,5,0,0,0.0,0.0,0
1006186,Christian Wikeby,26143903,Katrine Sætereng,1,4,0.8873383474192603,3.5493533896770413,5,0,0,0,5,1,4,0,0,0,0,0,0.0,0.0,0,1,4,0.8873383474192603,3.5493533896770413,5,0,0,0.0,0.0,0
53204752,Julianne Myhren-heyerdahl,54197755,Tom erik Lysenstøen,3,2,2.638532010647864,1.7590213404319093,5,0,0,0,5,3,2,0,0,0,0,0,0.0,0.0,0,3,2,2.638532010647864,1.7590213404319093,5,0,0,0.0,0.0,0
19030543,Martin Olsson,49839568,Navid Elyasi,0,5,0.0,4.3975533510797735,5,0,0,0,5,0,5,0,0,0,0,0,0.0,0.0,0,0,5,0.0,4.3975533510797735,5,0,0,0.0,0.0,0
2194859,Eivind Yoo Yong Jae Johansen,7904326,Silja Vepsä,1,4,0.8795106702159546,3.5180426808638185,5,0,0,0,5,1,4,0,0,0,0,0,0.0,0.0,0,1,4,0.8795106702159546,3.5180426808638185,5,0,0,0.0,0.0,0
1006239,Frank Hjeldnes,4849639,Petter Rognlien,5,0,4.37815228785867,0.0,5,0,0,0,5,5,0,0,0,0,5,0,4.37815228785867,0.0,5,0,0,0.0,0.0,0,0,0,0.0,0.0,0
1006197,Daniel Salole,5689902,Roger Andresen,5,0,4.37815228785867,0.0,5,0,0,0,5,5,0,0,0,0,5,0,4.37815228785867,0.0,5,0,0,0.0,0.0,0,0,0,0.0,0.0,0
43127857,Manabu Sekiguchi,75512620,Trond Evjen,2,3,1.7512609151434682,2.6268913727152023,5,0,0,0,5,2,3,0,0,0,2,3,1.7512609151434682,2.6268913727152023,5,0,0,0.0,0.0,0,0,0,0.0,0.0,0
1006197,Daniel Salole,75512620,Trond Evjen,4,1,3.5025218302869363,0.8756304575717341,5,0,0,0,5,4,1,0,0,0,4,1,3.5025218302869363,0.8756304575717341,5,0,0,0.0,0.0,0,0,0,0.0,0.0,0
33336508,Paweł Chołodowski,42527356,rafal wisniewski,2,3,1.7205109512367742,2.5807664268551616,5,0,0,0,5,2,3,0,0,0,2,3,1.7205109512367742,2.5807664268551616,5,0,0,0.0,0.0,0,0,0,0.0,0.0,0
42527356,rafal wisniewski,53649337,Erlend Helgesen,1,4,0.8602554756183871,3.4410219024735484,5,0,0,0,5,1,4,0,0,0,1,4,0.8602554756183871,3.4410219024735484,5,0,0,0.0,0.0,0,0,0,0.0,0.0,0
48159925,Ole-Jakob Rosenvold,54197755,Tom erik Lysenstøen,4,1,3.4258032270478305,0.8564508067619576,5,0,0,0,5,4,1,0,0,0,0,0,0.0,0.0,0,4,1,3.4258032270478305,0.8564508067619576,5,0,0,0.0,0.0,0
1670605,Bernadette Bodó,52645105,Tommy Bratseth,1,4,0.8377354243623719,3.3509416974494877,5,0,0,0,5,1,4,0,0,0,0,0,0.0,0.0,0,1,4,0.8377354243623719,3.3509416974494877,5,0,0,0.0,0.0,0
20361406,Amir Khan,8970047,Ante Petricevic,4,1,3.3359821966598897,0.8339955491649724,5,0,0,0,5,4,1,0,0,0,0,0,0.0,0.0,0,4,1,3.3359821966598897,0.8339955491649724,5,0,0,0.0,0.0,0
19030543,Martin Olsson,44184394,Per Arne Grotthing,1,4,0.830310668143189,3.321242672572756,5,0,0,0,5,1,4,0,0,0,1,4,0.830310668143189,3.321242672572756,5,0,0,0.0,0.0,0,0,0,0.0,0.0,0
1006399,Nedzat Cimilji,48159925,Ole-Jakob Rosenvold,2,3,1.660621336286378,2.490932004429567,5,0,0,0,5,2,3,0,0,0,2,3,1.660621336286378,2.490932004429567,5,0,0,0.0,0.0,0,0,0,0.0,0.0,0
57799534,Iris Marie Evdahl,8970047,Ante Petricevic,1,4,0.8229896774037768,3.2919587096151073,5,0,0,0,5,1,4,0,0,0,0,0,0.0,0.0,0,1,4,0.8229896774037768,3.2919587096151073,5,0,0,0.0,0.0,0
3012666,Eirik Sandaaker,52645105,Tommy Bratseth,1,4,0.8229896774037768,3.2919587096151073,5,0,0,0,5,1,4,0,0,0,0,0,0.0,0.0,0,1,4,0.8229896774037768,3.2919587096151073,5,0,0,0.0,0.0,0
19616722,Lobsang Thupten,42921529,Joshua Turla Tuppal,2,3,1.6314664741760696,2.4471997112641044,5,0,0,0,5,2,3,0,0,0,0,0,0.0,0.0,0,2,3,1.6314664741760696,2.4471997112641044,5,0,0,0.0,0.0,0
6552856,Sigve Nedrebø,7153377,Henning Ingvorsen,0,5,0.0,4.060645226412316,5,0,0,0,5,0,5,0,0,0,0,5,0.0,4.060645226412316,5,0,0,0.0,0.0,0,0,0,0.0,0.0,0
2660053,Morten Bjellås,57799534,Iris Marie Evdahl,3,2,2.436387135847389,1.6242580905649262,5,0,0,0,5,3,2,0,0,0,3,2,2.436387135847389,1.6242580905649262,5,0,0,0.0,0.0,0,0,0,0.0,0.0,0
1022496,Jozef Kwit,57799534,Iris Marie Evdahl,5,0,4.060645226412316,0.0,5,0,0,0,5,5,0,0,0,0,5,0,4.060645226412316,0.0,5,0,0,0.0,0.0,0,0,0,0.0,0.0,0
1510340,Andris Viksnins,54197755,Tom erik Lysenstøen,4,1,3.2485161811298524,0.8121290452824631,5,0,0,0,5,4,1,0,0,0,4,1,3.2485161811298524,0.8121290452824631,5,0,0,0.0,0.0,0,0,0,0.0,0.0,0
26143903,Katrine Sætereng,43127857,Manabu Sekiguchi,3,2,2.436387135847389,1.6242580905649262,5,0,0,0,5,3,2,0,0,0,3,2,2.436387135847389,1.6242580905649262,5,0,0,0.0,0.0,0,0,0,0.0,0.0,0
1006281,Jan Atle Kofoed,44478316,Rune Stensvold,5,0,4.024735739871712,0.0,5,0,0,0,5,5,0,0,0,0,0,0,0.0,0.0,0,5,0,4.024735739871712,0.0,5,0,0,0.0,0.0,0
2194859,Eivind Yoo Yong Jae Johansen,52645105,Tommy Bratseth,1,4,0.801392373097243,3.205569492388972,5,0,0,0,5,1,4,0,0,0,0,0,0.0,0.0,0,1,4,0.801392373097243,3.205569492388972,5,0,0,0.0,0.0,0
4849639,Petter Rognlien,53649337,Erlend Helgesen,4,1,3.205569492388972,0.801392373097243,5,0,0,0,5,4,1,0,0,0,0,0,0.0,0.0,0,4,1,3.205569492388972,0.801392373097243,5,0,0,0.0,0.0,0
52645105,Tommy Bratseth,58861579,Elēns Zommers,1,4,0.801392373097243,3.205569492388972,5,0,0,0,5,1,4,0,0,0,0,0,0.0,0.0,0,1,4,0.801392373097243,3.205569492388972,5,0,0,0.0,0.0,0
1047363,Vinko Smolic,53649337,Erlend Helgesen,3,2,2.393549375151173,1.5956995834341152,5,0,0,0,5,3,2,0,0,0,3,2,2.393549375151173,1.5956995834341152,5,0,0,0.0,0.0,0,0,0,0.0,0.0,0
43127857,Manabu Sekiguchi,44478316,Rune Stensvold,5,0,3.9716230758172344,0.0,5,0,0,0,5,5,0,0,0,0,0,0,0.0,0.0,0,5,0,3.9716230758172344,0.0,5,0,0,0.0,0.0,0
47452480,Morten Torjuul,58672273,Santo Angel Maican Lara,1,4,0.7873209195892309,3.1492836783569236,5,0,0,0,5,1,4,0,0,0,0,0,0.0,0.0,0,1,4,0.7873209195892309,3.1492836783569236,5,0,0,0.0,0.0,0
20361406,Amir Khan,2581136,Mona Søvold Sunde,5,0,3.9366045979461544,0.0,5,0,0,0,5,5,0,0,0,0,0,0,0.0,0.0,0,5,0,3.9366045979461544,0.0,5,0,0,0.0,0.0,0
47452480,Morten Torjuul,5140422,Tomas Gryczon,1,4,0.7873209195892309,3.1492836783569236,5,0,0,0,5,1,4,0,0,0,0,0,0.0,0.0,0,1,4,0.7873209195892309,3.1492836783569236,5,0,0,0.0,0.0,0
54197755,Tom erik Lysenstøen,8270907,Christian Söderström,2,3,1.5677031210135899,2.3515546815203847,5,0,0,0,5,2,3,0,0,0,2,3,1.5677031210135899,2.3515546815203847,5,0,0,0.0,0.0,0,0,0,0.0,0.0,0
1006333,Kent Hansen,1566592,Kim Bengtsson,5,0,3.919257802533975,0.0,5,0,0,0,5,5,0,0,0,0,5,0,3.919257802533975,0.0,5,0,0,0.0,0.0,0,0,0,0.0,0.0,0
1006281,Jan Atle Kofoed,36990883,Anders Valde,4,1,3.1354062420271798,0.7838515605067949,5,0,0,0,5,4,1,0,0,0,4,1,3.1354062420271798,0.7838515605067949,5,0,0,0.0,0.0,0,0,0,0.0,0.0,0
16476664,Øystein Følling,8383376,Hans Petter Ilstad,4,1,3.1354062420271798,0.7838515605067949,5,0,0,0,5,4,1,0,0,0,4,1,3.1354062420271798,0.7838515605067949,5,0,0,0.0,0.0,0,0,0,0.0,0.0,0
1006281,Jan Atle Kofoed,1997987,Sven Høgdahl,4,1,3.1354062420271798,0.7838515605067949,5,0,0,0,5,4,1,0,0,0,4,1,3.1354062420271798,0.7838515605067949,5,0,0,0.0,0.0,0,0,0,0.0,0.0,0
1006281,Jan Atle Kofoed,8270907,Christian Söderström,4,1,3.1354062420271798,0.7838515605067949,5,0,0,0,5,4,1,0,0,0,4,1,3.1354062420271798,0.7838515605067949,5,0,0,0.0,0.0,0,0,0,0.0,0.0,0
2581136,Mona Søvold Sunde,52645105,Tommy Bratseth,2,3,1.5607613817885497,2.3411420726828247,5,0,0,0,5,2,3,0,0,0,0,0,0.0,0.0,0,2,3,1.5607613817885497,2.3411420726828247,5,0,0,0.0,0.0,0
13720633,Håkon Haukebøe,7711820,Marie Hoff Petersen,4,1,3.107730795499948,0.776932698874987,5,0,0,0,5,4,1,0,0,0,0,0,0.0,0.0,0,4,1,3.107730795499948,0.776932698874987,5,0,0,0.0,0.0,0
13720633,Håkon Haukebøe,8383376,Hans Petter Ilstad,4,1,3.107730795499948,0.776932698874987,5,0,0,0,5,4,1,0,0,0,0,0,0.0,0.0,0,4,1,3.107730795499948,0.776932698874987,5,0,0,0.0,0.0,0
19616722,Lobsang Thupten,58717324,Kjetil Kristensen,4,1,2.986306658636285,0.7465766646590712,5,0,0,0,5,4,1,0,0,0,0,0,0.0,0.0,0,4,1,2.986306658636285,0.7465766646590712,5,0,0,0.0,0.0,0
19030543,Martin Olsson,7153377,Henning Ingvorsen,0,5,0.0,3.732883323295356,5,0,0,0,5,0,5,0,0,0,0,0,0.0,0.0,0,0,5,0.0,3.732883323295356,5,0,0,0.0,0.0,0
1670605,Bernadette Bodó,7153377,Henning Ingvorsen,3,2,2.239729993977214,1.4931533293181425,5,0,0,0,5,3,2,0,0,0,0,0,0.0,0.0,0,3,2,2.239729993977214,1.4931533293181425,5,0,0,0.0,0.0,0
48159925,Ole-Jakob Rosenvold,49097056,Herman Maraas,1,4,0.743282928366618,2.973131713466472,5,0,0,0,5,1,4,0,0,0,0,0,0.0,0.0,0,1,4,0.743282928366618,2.973131713466472,5,0,0,0.0,0.0,0
1566758,Tor-Arne Slorafoss,19616722,Lobsang Thupten,1,4,0.7334725400182222,2.9338901600728886,5,0,0,0,5,1,4,0,0,0,0,0,0.0,0.0,0,1,4,0.7334725400182222,2.9338901600728886,5,0,0,0.0,0.0,0
1006333,Kent Hansen,42921529,Joshua Turla Tuppal,2,3,1.4604571931025132,2.1906857896537697,5,0,0,0,5,2,3,0,0,0,0,0,0.0,0.0,0,2,3,1.4604571931025132,2.1906857896537697,5,0,0,0.0,0.0,0
2660053,Morten Bjellås,33336508,Paweł Chołodowski,3,2,1.6355903323350045,1.090393554890003,5,0,0,0,5,3,2,0,0,0,0,0,0.0,0.0,0,3,2,1.6355903323350045,1.090393554890003,5,0,0,0.0,0.0,0
2660053,Morten Bjellås,4849639,Petter Rognlien,2,3,1.090393554890003,1.6355903323350045,5,0,0,0,5,2,3,0,0,0,0,0,0.0,0.0,0,2,3,1.090393554890003,1.6355903323350045,5,0,0,0.0,0.0,0
33336508,Paweł Chołodowski,9221595,Christoffer Sørensen,2,3,1.090393554890003,1.6355903323350045,5,0,0,0,5,2,3,0,0,0,0,0,0.0,0.0,0,2,3,1.090393554890003,1.6355903323350045,5,0,0,0.0,0.0,0
1006186,Christian Wikeby,9221595,Christoffer Sørensen,4,1,2.013390812688682,0.5451967774450015,5,0,0,0,5,4,1,0,0,0,0,0,0.0,0.0,0,3,1,1.6355903323350045,0.5451967774450015,4,1,0,0.3778004803536774,0.0,1
1006186,Christian Wikeby,4849639,Petter Rognlien,2,3,1.090393554890003,1.6355903323350045,5,0,0,0,5,2,3,0,0,0,0,0,0.0,0.0,0,2,3,1.090393554890003,1.6355903323350045,5,0,0,0.0,0.0,0
1014552,Baard Onsum,1024799,Stig Nesvik,1,4,0.49645378478293367,1.9858151391317347,5,0,0,0,5,1,4,0,0,0,0,0,0.0,0.0,0,1,4,0.49645378478293367,1.9858151391317347,5,0,0,0.0,0.0,0
1024799,Stig Nesvik,16144084,Truls Bakken,4,1,1.9858151391317347,0.49645378478293367,5,0,0,0,5,4,1,0,0,0,0,0,0.0,0.0,0,4,1,1.9858151391317347,0.49645378478293367,5,0,0,0.0,0.0,0
1006292,Jan Thomassen,1006373,Mark McGauley,3,2,1.3165550978149652,0.87770339854331,5,0,0,0,5,3,2,0,0,0,3,2,1.3165550978149652,0.87770339854331,5,0,0,0.0,0.0,0,0,0,0.0,0.0,0
1006281,Jan Atle Kofoed,6686119,Levi Pavdeja,0,5,0.0,2.0351201970580437,5,0,0,0,5,0,5,0,0,0,0,5,0.0,2.0351201970580437,5,0,0,0.0,0.0,0,0,0,0.0,0.0,0
1006292,Jan Thomassen,6686119,Levi Pavdeja,5,0,1.9642318257332732,0.0,5,0,0,0,5,5,0,0,0,0,0,0,0.0,0.0,0,5,0,1.9642318257332732,0.0,5,0,0,0.0,0.0,0
1069895,Ragnar Hansen,1417853,Robin Hauge Pettersen,3,2,1.1326433894126589,0.7555685978350706,5,0,0,0,5,3,2,0,0,0,0,1,0.0,0.37777857328586056,1,3,1,1.1326433894126589,0.37779002454920996,4,0,0,0.0,0.0,0
1006288,Jan Kjetil Nordrum,16667896,Eirik lambert Jenssen,3,2,1.1326433894126589,0.7550955929417726,5,0,0,0,5,3,2,0,0,0,0,0,0.0,0.0,0,3,2,1.1326433894126589,0.7550955929417726,5,0,0,0.0,0.0,0
1006323,Jørn Betten,16667893,Stian Fagerli Bergersen,2,3,0.7550955929417726,1.1326433894126589,5,0,0,0,5,2,3,0,0,0,0,0,0.0,0.0,0,2,3,0.7550955929417726,1.1326433894126589,5,0,0,0.0,0.0,0
1006493,Steinar Moe,2546325,Øyvind Grindstein Vinje,3,2,1.1326433894126589,0.7550955929417726,5,0,0,0,5,3,2,0,0,0,0,0,0.0,0.0,0,3,2,1.1326433894126589,0.7550955929417726,5,0,0,0.0,0.0,0
1006214,Emil André Gangfløt,1014767,Astrid Eiken Flage,3,2,1.1326433894126589,0.7550955929417726,5,0,0,0,5,3,2,0,0,0,0,0,0.0,0.0,0,3,2,1.1326433894126589,0.7550955929417726,5,0,0,0.0,0.0,0
1006399,Nedzat Cimilji,6686119,Levi Pavdeja,2,3,0.7550955929417726,1.1326433894126589,5,0,0,0,5,2,3,0,0,0,0,0,0.0,0.0,0,2,3,0.7550955929417726,1.1326433894126589,5,0,0,0.0,0.0,0
1006288,Jan Kjetil Nordrum,1006547,Trond-Michael Borrie Stensrød,3,2,1.1326433894126589,0.7550955929417726,5,0,0,0,5,3,2,0,0,0,0,0,0.0,0.0,0,3,2,1.1326433894126589,0.7550955929417726,5,0,0,0.0,0.0,0
1006183,Christel Hanah Johnsen,16667893,Stian Fagerli Bergersen,2,3,0.7550955929417726,1.1326433894126589,5,0,0,0,5,2,3,0,0,0,0,0,0.0,0.0,0,2,3,0.7550955929417726,1.1326433894126589,5,0,0,0.0,0.0,0
1006323,Jørn Betten,1006547,Trond-Michael Borrie Stensrød,3,2,1.1326433894126589,0.7550955929417726,5,0,0,0,5,3,2,0,0,0,0,0,0.0,0.0,0,3,2,1.1326433894126589,0.7550955929417726,5,0,0,0.0,0.0,0
1006124,Albert-Roman Borrie Stensrød,1006493,Steinar Moe,3,2,1.1326433894126589,0.7550955929417726,5,0,0,0,5,3,2,0,0,0,0,0,0.0,0.0,0,3,2,1.1326433894126589,0.7550955929417726,5,0,0,0.0,0.0,0
1006163,Bjørn Bratteberg,6839980,Daniel Lorentzen-Styr,3,2,1.1326433894126589,0.7550955929417726,5,0,0,0,5,3,2,0,0,0,0,0,0.0,0.0,0,3,2,1.1326433894126589,0.7550955929417726,5,0,0,0.0,0.0,0
1006164,Bjørn Erik Bergh,7711820,Marie Hoff Petersen,3,2,1.1326433894126589,0.7550955929417726,5,0,0,0,5,3,2,0,0,0,0,0,0.0,0.0,0,3,2,1.1326433894126589,0.7550955929417726,5,0,0,0.0,0.0,0
1006323,Jørn Betten,6600268,Kim Soo Garmark,2,3,0.7550955929417726,1.1326433894126589,5,0,0,0,5,2,3,0,0,0,0,0,0.0,0.0,0,2,3,0.7550955929417726,1.1326433894126589,5,0,0,0.0,0.0,0
1006399,Nedzat Cimilji,1014767,Astrid Eiken Flage,3,2,1.1326433894126589,0.7550955929417726,5,0,0,0,5,3,2,0,0,0,0,0,0.0,0.0,0,3,2,1.1326433894126589,0.7550955929417726,5,0,0,0.0,0.0,0
1006164,Bjørn Erik Bergh,1006493,Steinar Moe,2,3,0.7550955929417726,1.1326433894126589,5,0,0,0,5,2,3,0,0,0,0,0,0.0,0.0,0,2,3,0.7550955929417726,1.1326433894126589,5,0,0,0.0,0.0,0
1006406,Nina Torvund,8206764,Grzegorz Tabor,2,3,0.7550955929417726,1.1326433894126589,5,0,0,0,5,2,3,0,0,0,0,0,0.0,0.0,0,2,3,0.7550955929417726,1.1326433894126589,5,0,0,0.0,0.0,0
1006399,Nedzat Cimilji,6839980,Daniel Lorentzen-Styr,2,3,0.7550955929417726,1.1326433894126589,5,0,0,0,5,2,3,0,0,0,0,0,0.0,0.0,0,2,3,0.7550955929417726,1.1326433894126589,5,0,0,0.0,0.0,0
1123060,"Paweł ""Mumrikken"" Zalewski",9017413,Terje Mo Hanssen,3,2,1.1326433894126589,0.7550955929417726,5,0,0,0,5,3,2,0,0,0,0,0,0.0,0.0,0,3,2,1.1326433894126589,0.7550955929417726,5,0,0,0.0,0.0,0
1006270,Henrik Flatås,1014998,Ivan Crenn,2,3,0.7550955929417726,1.1326433894126589,5,0,0,0,5,2,3,0,0,0,0,0,0.0,0.0,0,2,3,0.7550955929417726,1.1326433894126589,5,0,0,0.0,0.0,0
1006124,Albert-Roman Borrie Stensrød,1042070,Henrik Olsson,2,3,0.7550955929417726,1.1326433894126589,5,0,0,0,5,2,3,0,0,0,0,0,0.0,0.0,0,2,3,0.7550955929417726,1.1326433894126589,5,0,0,0.0,0.0,0
1006214,Emil André Gangfløt,2037584,Rune Christoffer Berntsen,3,2,1.1326433894126589,0.7550955929417726,5,0,0,0,5,3,2,0,0,0,0,0,0.0,0.0,0,3,2,1.1326433894126589,0.7550955929417726,5,0,0,0.0,0.0,0
1081697,Giena Tanilon,16667893,Stian Fagerli Bergersen,2,3,0.7550955929417726,1.1326433894126589,5,0,0,0,5,2,3,0,0,0,0,0,0.0,0.0,0,2,3,0.7550955929417726,1.1326433894126589,5,0,0,0.0,0.0,0
1006163,Bjørn Bratteberg,1297624,Steffan Hansen,3,2,1.1326433894126589,0.7550955929417726,5,0,0,0,5,3,2,0,0,0,0,0,0.0,0.0,0,3,2,1.1326433894126589,0.7550955929417726,5,0,0,0.0,0.0,0
1006493,Steinar Moe,8206764,Grzegorz Tabor,2,3,0.7550955929417726,1.1326433894126589,5,0,0,0,5,2,3,0,0,0,0,0,0.0,0.0,0,2,3,0.7550955929417726,1.1326433894126589,5,0,0,0.0,0.0,0
1006124,Albert-Roman Borrie Stensrød,6839980,Daniel Lorentzen-Styr,3,2,1.1326433894126589,0.7550955929417726,5,0,0,0,5,3,2,0,0,0,0,0,0.0,0.0,0,3,2,1.1326433894126589,0.7550955929417726,5,0,0,0.0,0.0,0
1006214,Emil André Gangfløt,1297624,Steffan Hansen,3,2,1.1326433894126589,0.7550955929417726,5,0,0,0,5,3,2,0,0,0,0,0,0.0,0.0,0,3,2,1.1326433894126589,0.7550955929417726,5,0,0,0.0,0.0,0
1006124,Albert-Roman Borrie Stensrød,16667893,Stian Fagerli Bergersen,3,2,1.1326433894126589,0.7550955929417726,5,0,0,0,5,3,2,0,0,0,0,0,0.0,0.0,0,3,2,1.1326433894126589,0.7550955929417726,5,0,0,0.0,0.0,0
1006214,Emil André Gangfløt,1081697,Giena Tanilon,3,2,1.1326433894126589,0.7550955929417726,5,0,0,0,5,3,2,0,0,0,0,0,0.0,0.0,0,3,2,1.1326433894126589,0.7550955929417726,5,0,0,0.0,0.0,0
1006209,Eirik Tonning Hatløy,1006547,Trond-Michael Borrie Stensrød,5,0,1.8865949197164515,0.0,5,0,0,0,5,5,0,0,0,0,0,0,0.0,0.0,0,0,0,0.0,0.0,0,5,0,1.8865949197164515,0.0,5
1006244,Gard Eiken Flage,1006493,Steinar Moe,5,0,1.8865949197164515,0.0,5,0,0,0,5,5,0,0,0,0,0,0,0.0,0.0,0,0,0,0.0,0.0,0,5,0,1.8865949197164515,0.0,5
1006209,Eirik Tonning Hatløy,1042070,Henrik Olsson,0,5,0.0,1.8865949197164515,5,0,0,0,5,0,5,0,0,0,0,0,0.0,0.0,0,0,0,0.0,0.0,0,0,5,0.0,1.8865949197164515,5
1006340,Kjartan Maraas,2581136,Mona Søvold Sunde,2,3,0.7362363539922032,1.078163470039317,5,0,0,0,5,2,3,0,0,0,0,0,0.0,0.0,0,2,3,0.7362363539922032,1.078163470039317,5,0,0,0.0,0.0,0
1006328,Lioness Princess,2581136,Mona Søvold Sunde,4,1,1.4533354163626988,0.359387823346439,5,0,0,0,5,4,1,0,0,0,0,0,0.0,0.0,0,4,1,1.4533354163626988,0.359387823346439,5,0,0,0.0,0.0,0
1597907,Haukur Stefansson,2053323,Ib Christiansen,2,3,0.718775646692878,1.078163470039317,5,0,0,0,5,2,3,0,0,0,0,0,0.0,0.0,0,2,3,0.718775646692878,1.078163470039317,5,0,0,0.0,0.0,0
1006328,Lioness Princess,2888171,Ørjan Storborg,3,2,1.078163470039317,0.718775646692878,5,0,0,0,5,3,2,0,0,0,0,0,0.0,0.0,0,3,2,1.078163470039317,0.718775646692878,5,0,0,0.0,0.0,0
2053323,Ib Christiansen,2581136,Mona Søvold Sunde,2,3,0.718775646692878,1.078163470039317,5,0,0,0,5,2,3,0,0,0,0,0,0.0,0.0,0,2,3,0.718775646692878,1.078163470039317,5,0,0,0.0,0.0,0
2053323,Ib Christiansen,2888171,Ørjan Storborg,2,3,0.718775646692878,1.078163470039317,5,0,0,0,5,2,3,0,0,0,0,0,0.0,0.0,0,2,3,0.718775646692878,1.078163470039317,5,0,0,0.0,0.0,0
1597907,Haukur Stefansson,2194859,Eivind Yoo Yong Jae Johansen,2,3,0.718775646692878,1.078163470039317,5,0,0,0,5,2,3,0,0,0,0,0,0.0,0.0,0,2,3,0.718775646692878,1.078163470039317,5,0,0,0.0,0.0,0
1006340,Kjartan Maraas,2888171,Ørjan Storborg,2,3,0.718775646692878,1.078163470039317,5,0,0,0,5,2,3,0,0,0,0,0,0.0,0.0,0,2,3,0.718775646692878,1.078163470039317,5,0,0,0.0,0.0,0
1006340,Kjartan Maraas,1024799,Stig Nesvik,4,1,1.2459221325355883,0.31148053313389706,5,0,0,0,5,4,1,0,0,0,0,0,0.0,0.0,0,4,1,1.2459221325355883,0.31148053313389706,5,0,0,0.0,0.0,0
1006186,Christian Wikeby,1597907,Haukur Stefansson,4,1,1.2459221325355883,0.31148053313389706,5,0,0,0,5,4,1,0,0,0,0,0,0.0,0.0,0,4,1,1.2459221325355883,0.31148053313389706,5,0,0,0.0,0.0,0
1014993,Tron Vidar Engebakk,1024799,Stig Nesvik,4,1,1.2459221325355883,0.31148053313389706,5,0,0,0,5,4,1,0,0,0,0,0,0.0,0.0,0,4,1,1.2459221325355883,0.31148053313389706,5,0,0,0.0,0.0,0
1006328,Lioness Princess,1014993,Tron Vidar Engebakk,4,1,1.2459221325355883,0.31148053313389706,5,0,0,0,5,4,1,0,0,0,0,0,0.0,0.0,0,4,1,1.2459221325355883,0.31148053313389706,5,0,0,0.0,0.0,0
1597907,Haukur Stefansson,7153377,Henning Ingvorsen,1,4,0.31148053313389706,1.2459221325355883,5,0,0,0,5,1,4,0,0,0,0,0,0.0,0.0,0,1,4,0.31148053313389706,1.2459221325355883,5,0,0,0.0,0.0,0
1011619,Jan Terje Øyen,3185355,Ivar Lexi,1,4,0.25455761237285995,1.0182304494914398,5,0,0,0,5,1,4,0,0,0,0,0,0.0,0.0,0,1,4,0.25455761237285995,1.0182304494914398,5,0,0,0.0,0.0,0
2660053,Morten Bjellås,8383387,Michael Stark,1,4,0.25455761237285995,1.0182304494914398,5,0,0,0,5,1,4,0,0,0,0,0,0.0,0.0,0,1,4,0.25455761237285995,1.0182304494914398,5,0,0,0.0,0.0,0
1277819,Lasse Kåring,1597907,Haukur Stefansson,1,4,0.25167383924715014,1.0066953569886006,5,0,0,0,5,1,4,0,0,0,0,0,0.0,0.0,0,1,4,0.25167383924715014,1.0066953569886006,5,0,0,0.0,0.0,0
1006186,Christian Wikeby,1277819,Lasse Kåring,3,2,0.7329563024265404,0.4886375349510269,5,0,0,0,5,3,2,0,0,0,0,0,0.0,0.0,0,3,2,0.7329563024265404,0.4886375349510269,5,0,0,0.0,0.0,0
1006360,Lars Harby,2085368,Bård Onsum,3,2,0.7329563024265404,0.4886375349510269,5,0,0,0,5,3,2,0,0,0,0,0,0.0,0.0,0,3,2,0.7329563024265404,0.4886375349510269,5,0,0,0.0,0.0,0
1047363,Vinko Smolic,2085368,Bård Onsum,3,2,0.7329563024265404,0.4886375349510269,5,0,0,0,5,3,2,0,0,0,0,0,0.0,0.0,0,3,2,0.7329563024265404,0.4886375349510269,5,0,0,0.0,0.0,0
1006184,Christian Johannessen,7906080,Alessandro Luca,5,0,1.2207580302300562,0.0,5,0,0,0,5,5,0,0,0,0,0,0,0.0,0.0,0,5,0,1.2207580302300562,0.0,5,0,0,0.0,0.0,0
1006186,Christian Wikeby,7906080,Alessandro Luca,5,0,1.2207580302300562,0.0,5,0,0,0,5,5,0,0,0,0,0,0,0.0,0.0,0,5,0,1.2207580302300562,0.0,5,0,0,0.0,0.0,0
1024799,Stig Nesvik,3212629,Rolf G. Sedsbøe Jensen,0,5,0.0,1.2199860340858364,5,0,0,0,5,0,5,0,0,0,0,0,0.0,0.0,0,0,5,0.0,1.2199860340858364,5,0,0,0.0,0.0,0
1006277,Ingolf Höns,1006292,Jan Thomassen,0,5,0.0,1.090044447655391,5,0,0,0,5,0,5,0,0,0,0,5,0.0,1.090044447655391,5,0,0,0.0,0.0,0,0,0,0.0,0.0,0
1006549,Umar Hayat Ali,1011619,Jan Terje Øyen,5,0,1.0110002254292616,0.0,5,0,0,0,5,5,0,0,0,0,5,0,1.0110002254292616,0.0,5,0,0,0.0,0.0,0,0,0,0.0,0.0,0
1006514,Thomas Pedersen,3073760,Ronny Jakobsen,0,5,0.0,0.9010290968263475,5,0,0,0,5,0,5,0,0,0,0,5,0.0,0.9010290968263475,5,0,0,0.0,0.0,0,0,0,0.0,0.0,0
1006333,Kent Hansen,1343995,Jarle Steinhovden,1,4,0.14830362011453338,0.5932144804581335,5,0,0,0,5,1,4,0,0,0,1,4,0.14830362011453338,0.5932144804581335,5,0,0,0.0,0.0,0,0,0,0.0,0.0,0
1095179,Ernesto Antonio Meléndez,4849639,Petter Rognlien,5,0,0.6786891466937912,0.0,5,0,0,0,5,5,0,0,0,0,0,0,0.0,0.0,0,0,0,0.0,0.0,0,5,0,0.6786891466937912,0.0,5
1006514,Thomas Pedersen,1014552,Baard Onsum,5,0,0.6407189186229867,0.0,5,0,0,0,5,5,0,0,0,0,0,0,0.0,0.0,0,0,0,0.0,0.0,0,5,0,0.6407189186229867,0.0,5
1014552,Baard Onsum,3185355,Ivar Lexi,0,5,0.0,0.6407189186229867,5,0,0,0,5,0,5,0,0,0,0,0,0.0,0.0,0,0,0,0.0,0.0,0,0,5,0.0,0.6407189186229867,5
1014552,Baard Onsum,1343995,Jarle Steinhovden,0,5,0.0,0.6407189186229867,5,0,0,0,5,0,5,0,0,0,0,0,0.0,0.0,0,0,0,0.0,0.0,0,0,5,0.0,0.6407189186229867,5
1006360,Lars Harby,1014552,Baard Onsum,5,0,0.6407189186229867,0.0,5,0,0,0,5,5,0,0,0,0,0,0,0.0,0.0,0,0,0,0.0,0.0,0,5,0,0.6407189186229867,0.0,5
16144084,Truls Bakken,7904326,Silja Vepsä,0,4,0.0,3.982326615409529,4,0,0,0,4,0,4,0,0,0,0,0,0.0,0.0,0,0,4,0.0,3.982326615409529,4,0,0,0.0,0.0,0
79002523,luis Cardenas rosas,80088046,Kim Rui,0,4,0.0,3.9647313179497785,4,0,0,0,4,0,4,0,0,0,0,4,0.0,3.9647313179497785,4,0,0,0.0,0.0,0,0,0,0.0,0.0,0
69888928,T M.H,77558374,Khizar Iqbal,3,1,2.9735484884623338,0.9911828294874446,4,0,0,0,4,3,1,0,0,0,3,1,2.9735484884623338,0.9911828294874446,4,0,0,0.0,0.0,0,0,0,0.0,0.0,0
12622333,Silje Engström-Øvretveit,42921529,Joshua Turla Tuppal,0,4,0.0,3.9297736058829473,4,0,0,0,4,0,4,0,0,0,0,0,0.0,0.0,0,0,4,0.0,3.9297736058829473,4,0,0,0.0,0.0,0
42921529,Joshua Turla Tuppal,83477917,Fabian Andersen,3,1,2.88279141395865,0.96093047131955,4,0,0,0,4,3,1,0,0,0,3,1,2.88279141395865,0.96093047131955,4,0,0,0.0,0.0,0,0,0,0.0,0.0,0
36990883,Anders Valde,44119141,Gaute Rogstad,4,0,3.8437218852782,0.0,4,0,0,0,4,4,0,0,0,0,4,0,3.8437218852782,0.0,4,0,0,0.0,0.0,0,0,0,0.0,0.0,0
42921529,Joshua Turla Tuppal,57799534,Iris Marie Evdahl,3,1,2.88279141395865,0.96093047131955,4,0,0,0,4,3,1,0,0,0,3,1,2.88279141395865,0.96093047131955,4,0,0,0.0,0.0,0,0,0,0.0,0.0,0
1123060,"Paweł ""Mumrikken"" Zalewski",42921529,Joshua Turla Tuppal,1,3,0.96093047131955,2.88279141395865,4,0,0,0,4,1,3,0,0,0,1,3,0.96093047131955,2.88279141395865,4,0,0,0.0,0.0,0,0,0,0.0,0.0,0
42921529,Joshua Turla Tuppal,8498578,Riaz Ali,3,1,2.88279141395865,0.96093047131955,4,0,0,0,4,3,1,0,0,0,3,1,2.88279141395865,0.96093047131955,4,0,0,0.0,0.0,0,0,0,0.0,0.0,0
52645105,Tommy Bratseth,66009190,Steven Tica,0,4,0.0,3.7264058385188528,4,0,0,0,4,0,4,0,0,0,0,4,0.0,3.7264058385188528,4,0,0,0.0,0.0,0,0,0,0.0,0.0,0
1006359,Larry Skogheim,19616722,Lobsang Thupten,0,4,0.0,3.661006951336493,4,0,0,0,4,0,4,0,0,0,0,0,0.0,0.0,0,0,4,0.0,3.661006951336493,4,0,0,0.0,0.0,0
3185355,Ivar Lexi,58672273,Santo Angel Maican Lara,1,3,0.9112018344708946,2.733605503412684,4,0,0,0,4,1,3,0,0,0,1,3,0.9112018344708946,2.733605503412684,4,0,0,0.0,0.0,0,0,0,0.0,0.0,0
19616722,Lobsang Thupten,7711820,Marie Hoff Petersen,3,1,2.733605503412684,0.9112018344708946,4,0,0,0,4,3,1,0,0,0,3,1,2.733605503412684,0.9112018344708946,4,0,0,0.0,0.0,0,0,0,0.0,0.0,0
44478316,Rune Stensvold,52645105,Tommy Bratseth,0,4,0.0,3.6126783853248643,4,0,0,0,4,0,4,0,0,0,0,0,0.0,0.0,0,0,4,0.0,3.6126783853248643,4,0,0,0.0,0.0,0
1022496,Jozef Kwit,44478316,Rune Stensvold,0,4,0.0,3.564995630097623,4,0,0,0,4,0,4,0,0,0,0,0,0.0,0.0,0,0,4,0.0,3.564995630097623,4,0,0,0.0,0.0,0
2194859,Eivind Yoo Yong Jae Johansen,57799534,Iris Marie Evdahl,4,0,3.5180426808638185,0.0,4,0,0,0,4,4,0,0,0,0,0,0,0.0,0.0,0,4,0,3.5180426808638185,0.0,4,0,0,0.0,0.0,0
19030543,Martin Olsson,7904326,Silja Vepsä,0,4,0.0,3.5180426808638185,4,0,0,0,4,0,4,0,0,0,0,0,0.0,0.0,0,0,4,0.0,3.5180426808638185,4,0,0,0.0,0.0,0
4849639,Petter Rognlien,75512620,Trond Evjen,1,3,0.8756304575717341,2.6268913727152023,4,0,0,0,4,1,3,0,0,0,1,3,0.8756304575717341,2.6268913727152023,4,0,0,0.0,0.0,0,0,0,0.0,0.0,0
5140422,Tomas Gryczon,75512620,Trond Evjen,1,3,0.8756304575717341,2.6268913727152023,4,0,0,0,4,1,3,0,0,0,1,3,0.8756304575717341,2.6268913727152023,4,0,0,0.0,0.0,0,0,0,0.0,0.0,0
53649337,Erlend Helgesen,75512620,Trond Evjen,0,4,0.0,3.4870234986761948,4,0,0,0,4,0,4,0,0,0,0,0,0.0,0.0,0,0,4,0.0,3.4870234986761948,4,0,0,0.0,0.0,0
13720633,Håkon Haukebøe,54197755,Tom erik Lysenstøen,4,0,3.4562778179070794,0.0,4,0,0,0,4,4,0,0,0,0,0,0,0.0,0.0,0,4,0,3.4562778179070794,0.0,4,0,0,0.0,0.0,0
12622333,Silje Engström-Øvretveit,1510340,Andris Viksnins,0,4,0.0,3.4410219024735484,4,0,0,0,4,0,4,0,0,0,0,4,0.0,3.4410219024735484,4,0,0,0.0,0.0,0,0,0,0.0,0.0,0
3185355,Ivar Lexi,42527356,rafal wisniewski,4,0,3.4410219024735484,0.0,4,0,0,0,4,4,0,0,0,0,4,0,3.4410219024735484,0.0,4,0,0,0.0,0.0,0,0,0,0.0,0.0,0
1277043,Alexander Hagen,48159925,Ole-Jakob Rosenvold,1,3,0.8602554756183871,2.5807664268551616,4,0,0,0,4,1,3,0,0,0,1,3,0.8602554756183871,2.5807664268551616,4,0,0,0.0,0.0,0,0,0,0.0,0.0,0
2660053,Morten Bjellås,55264855,Emil Solskjaer,3,1,2.558005750560995,0.8526685835203317,4,0,0,0,4,3,1,0,0,0,0,0,0.0,0.0,0,3,1,2.558005750560995,0.8526685835203317,4,0,0,0.0,0.0,0
19030543,Martin Olsson,7711820,Marie Hoff Petersen,4,0,3.395597335852487,0.0,4,0,0,0,4,4,0,0,0,0,0,0,0.0,0.0,0,4,0,3.395597335852487,0.0,4,0,0,0.0,0.0,0
1027114,Jeremiah Torres,19616722,Lobsang Thupten,1,3,0.8451523156003548,2.535456946801064,4,0,0,0,4,1,3,0,0,0,1,3,0.8451523156003548,2.535456946801064,4,0,0,0.0,0.0,0,0,0,0.0,0.0,0
33729541,Eivind Yoo Yong Jae Johansen,53204752,Julianne Myhren-heyerdahl,1,3,0.8339955491649724,2.5019866474949173,4,0,0,0,4,1,3,0,0,0,0,0,0.0,0.0,0,1,3,0.8339955491649724,2.5019866474949173,4,0,0,0.0,0.0,0
2660053,Morten Bjellås,48159925,Ole-Jakob Rosenvold,1,3,0.830310668143189,2.490932004429567,4,0,0,0,4,1,3,0,0,0,1,3,0.830310668143189,2.490932004429567,4,0,0,0.0,0.0,0,0,0,0.0,0.0,0
1006399,Nedzat Cimilji,44184394,Per Arne Grotthing,3,1,2.490932004429567,0.830310668143189,4,0,0,0,4,3,1,0,0,0,3,1,2.490932004429567,0.830310668143189,4,0,0,0.0,0.0,0,0,0,0.0,0.0,0
1006186,Christian Wikeby,1006204,Egil Arne Sørensen,2,2,1.6532877678384847,1.6532877678384847,4,0,0,0,4,2,2,0,0,0,0,0,0.0,0.0,0,2,2,1.6532877678384847,1.6532877678384847,4,0,0,0.0,0.0,0
2660053,Morten Bjellås,3012666,Eirik Sandaaker,3,1,2.4689690322113305,0.8229896774037768,4,0,0,0,4,3,1,0,0,0,0,0,0.0,0.0,0,3,1,2.4689690322113305,0.8229896774037768,4,0,0,0.0,0.0,0
7711820,Marie Hoff Petersen,8970047,Ante Petricevic,0,4,0.0,3.2919587096151073,4,0,0,0,4,0,4,0,0,0,0,0,0.0,0.0,0,0,4,0.0,3.2919587096151073,4,0,0,0.0,0.0,0
44478316,Rune Stensvold,48159925,Ole-Jakob Rosenvold,4,0,3.2919587096151073,0.0,4,0,0,0,4,4,0,0,0,0,0,0,0.0,0.0,0,4,0,3.2919587096151073,0.0,4,0,0,0.0,0.0,0
48159925,Ole-Jakob Rosenvold,52645105,Tommy Bratseth,4,0,3.262932948352139,0.0,4,0,0,0,4,4,0,0,0,0,0,0,0.0,0.0,0,4,0,3.262932948352139,0.0,4,0,0,0.0,0.0,0
42527356,rafal wisniewski,54197755,Tom erik Lysenstøen,2,2,1.6242580905649262,1.6242580905649262,4,0,0,0,4,2,2,0,0,0,2,2,1.6242580905649262,1.6242580905649262,4,0,0,0.0,0.0,0,0,0,0.0,0.0,0
1006333,Kent Hansen,8270907,Christian Söderström,0,4,0.0,3.2341773198592083,4,0,0,0,4,0,4,0,0,0,0,0,0.0,0.0,0,0,4,0.0,3.2341773198592083,4,0,0,0.0,0.0,0
1006281,Jan Atle Kofoed,19616722,Lobsang Thupten,4,0,3.205569492388972,0.0,4,0,0,0,4,4,0,0,0,0,0,0,0.0,0.0,0,4,0,3.205569492388972,0.0,4,0,0,0.0,0.0,0
24897019,Robert Hedin,53649337,Erlend Helgesen,2,2,1.5956995834341152,1.5956995834341152,4,0,0,0,4,2,2,0,0,0,2,2,1.5956995834341152,1.5956995834341152,4,0,0,0.0,0.0,0,0,0,0.0,0.0,0
36990883,Anders Valde,42921529,Joshua Turla Tuppal,1,3,0.7978497917170576,2.393549375151173,4,0,0,0,4,1,3,0,0,0,1,3,0.7978497917170576,2.393549375151173,4,0,0,0.0,0.0,0,0,0,0.0,0.0,0
2194859,Eivind Yoo Yong Jae Johansen,5140422,Tomas Gryczon,0,4,0.0,3.1632600562403264,4,0,0,0,4,0,4,0,0,0,0,0,0.0,0.0,0,0,4,0.0,3.1632600562403264,4,0,0,0.0,0.0,0
47452480,Morten Torjuul,9017413,Terje Mo Hanssen,3,1,2.361962758767693,0.7873209195892309,4,0,0,0,4,3,1,0,0,0,0,0,0.0,0.0,0,3,1,2.361962758767693,0.7873209195892309,4,0,0,0.0,0.0,0
31114699,Ferdinand Jaggi,44478316,Rune Stensvold,3,1,2.361962758767693,0.7873209195892309,4,0,0,0,4,3,1,0,0,0,0,0,0.0,0.0,0,3,1,2.361962758767693,0.7873209195892309,4,0,0,0.0,0.0,0
1566592,Kim Bengtsson,2581136,Mona Søvold Sunde,2,2,1.5607613817885497,1.5607613817885497,4,0,0,0,4,2,2,0,0,0,0,0,0.0,0.0,0,2,2,1.5607613817885497,1.5607613817885497,4,0,0,0.0,0.0,0
19616722,Lobsang Thupten,2581136,Mona Søvold Sunde,1,3,0.7803806908942749,2.3411420726828247,4,0,0,0,4,1,3,0,0,0,0,0,0.0,0.0,0,1,3,0.7803806908942749,2.3411420726828247,4,0,0,0.0,0.0,0
2660053,Morten Bjellås,52645105,Tommy Bratseth,4,0,3.0940065610773124,0.0,4,0,0,0,4,4,0,0,0,0,0,0,0.0,0.0,0,4,0,3.0940065610773124,0.0,4,0,0,0.0,0.0,0
48159925,Ole-Jakob Rosenvold,4849639,Petter Rognlien,4,0,2.973131713466472,0.0,4,0,0,0,4,4,0,0,0,0,0,0,0.0,0.0,0,4,0,2.973131713466472,0.0,4,0,0,0.0,0.0,0
4849639,Petter Rognlien,9221595,Christoffer Sørensen,1,3,0.5451967774450015,1.6355903323350045,4,0,0,0,4,1,3,0,0,0,0,0,0.0,0.0,0,1,3,0.5451967774450015,1.6355903323350045,4,0,0,0.0,0.0,0
33336508,Paweł Chołodowski,6545064,Kim-Olaf Sørensen,3,1,1.6355903323350045,0.5451967774450015,4,0,0,0,4,3,1,0,0,0,0,0,0.0,0.0,0,3,1,1.6355903323350045,0.5451967774450015,4,0,0,0.0,0.0,0
20124274,Paolo Speciale,6839980,Daniel Lorentzen-Styr,0,4,0.0,1.810730802199491,4,0,0,0,4,0,4,0,0,0,0,0,0.0,0.0,0,0,4,0.0,1.810730802199491,4,0,0,0.0,0.0,0
1042070,Henrik Olsson,7959797,Pergantis Zalachas,3,1,1.1326433894126589,0.3775477964708863,4,0,0,0,4,3,1,0,0,0,0,0,0.0,0.0,0,3,1,1.1326433894126589,0.3775477964708863,4,0,0,0.0,0.0,0
1006270,Henrik Flatås,8206764,Grzegorz Tabor,1,3,0.3775477964708863,1.1326433894126589,4,0,0,0,4,1,3,0,0,0,0,0,0.0,0.0,0,1,3,0.3775477964708863,1.1326433894126589,4,0,0,0.0,0.0,0
1006164,Bjørn Erik Bergh,1123060,"Paweł ""Mumrikken"" Zalewski",1,3,0.3775477964708863,1.1326433894126589,4,0,0,0,4,1,3,0,0,0,0,0,0.0,0.0,0,1,3,0.3775477964708863,1.1326433894126589,4,0,0,0.0,0.0,0
1081697,Giena Tanilon,7711820,Marie Hoff Petersen,3,1,1.1326433894126589,0.3775477964708863,4,0,0,0,4,3,1,0,0,0,0,0,0.0,0.0,0,3,1,1.1326433894126589,0.3775477964708863,4,0,0,0.0,0.0,0
1006351,Knut Inge Røstvold,7959797,Pergantis Zalachas,3,1,1.1326433894126589,0.3775477964708863,4,0,0,0,4,3,1,0,0,0,0,0,0.0,0.0,0,3,1,1.1326433894126589,0.3775477964708863,4,0,0,0.0,0.0,0
1006183,Christel Hanah Johnsen,16667896,Eirik lambert Jenssen,3,1,1.1326433894126589,0.3775477964708863,4,0,0,0,4,3,1,0,0,0,0,0,0.0,0.0,0,3,1,1.1326433894126589,0.3775477964708863,4,0,0,0.0,0.0,0
1006186,Christian Wikeby,1006465,Ronny Oldervik,1,3,0.3775477964708863,1.1326433894126589,4,0,0,0,4,1,3,0,0,0,0,0,0.0,0.0,0,1,3,0.3775477964708863,1.1326433894126589,4,0,0,0.0,0.0,0
1042070,Henrik Olsson,8206764,Grzegorz Tabor,3,1,1.1326433894126589,0.3775477964708863,4,0,0,0,4,3,1,0,0,0,0,0,0.0,0.0,0,3,1,1.1326433894126589,0.3775477964708863,4,0,0,0.0,0.0,0
1006214,Emil André Gangfløt,6686119,Levi Pavdeja,3,1,1.1326433894126589,0.3775477964708863,4,0,0,0,4,3,1,0,0,0,0,0,0.0,0.0,0,3,1,1.1326433894126589,0.3775477964708863,4,0,0,0.0,0.0,0
1014998,Ivan Crenn,16667893,Stian Fagerli Bergersen,1,3,0.3775477964708863,1.1326433894126589,4,0,0,0,4,1,3,0,0,0,0,0,0.0,0.0,0,1,3,0.3775477964708863,1.1326433894126589,4,0,0,0.0,0.0,0
1006351,Knut Inge Røstvold,1417853,Robin Hauge Pettersen,3,1,1.1326433894126589,0.3775477964708863,4,0,0,0,4,3,1,0,0,0,0,0,0.0,0.0,0,3,1,1.1326433894126589,0.3775477964708863,4,0,0,0.0,0.0,0
1006340,Kjartan Maraas,10540801,Vasileios Nikolaou,3,1,1.1326433894126589,0.3775477964708863,4,0,0,0,4,3,1,0,0,0,0,0,0.0,0.0,0,3,1,1.1326433894126589,0.3775477964708863,4,0,0,0.0,0.0,0
1006183,Christel Hanah Johnsen,1006406,Nina Torvund,1,3,0.3775477964708863,1.1326433894126589,4,0,0,0,4,1,3,0,0,0,0,0,0.0,0.0,0,1,3,0.3775477964708863,1.1326433894126589,4,0,0,0.0,0.0,0
2546325,Øyvind Grindstein Vinje,9017413,Terje Mo Hanssen,1,3,0.3775477964708863,1.1326433894126589,4,0,0,0,4,1,3,0,0,0,0,0,0.0,0.0,0,1,3,0.3775477964708863,1.1326433894126589,4,0,0,0.0,0.0,0
1069895,Ragnar Hansen,6600268,Kim Soo Garmark,1,3,0.3775477964708863,1.1326433894126589,4,0,0,0,4,1,3,0,0,0,0,0,0.0,0.0,0,1,3,0.3775477964708863,1.1326433894126589,4,0,0,0.0,0.0,0
1006340,Kjartan Maraas,1006351,Knut Inge Røstvold,1,3,0.3775477964708863,1.1326433894126589,4,0,0,0,4,1,3,0,0,0,0,0,0.0,0.0,0,1,3,0.3775477964708863,1.1326433894126589,4,0,0,0.0,0.0,0
6600268,Kim Soo Garmark,6839980,Daniel Lorentzen-Styr,0,4,0.0,1.5094919200584231,4,0,0,0,4,0,4,0,0,0,0,0,0.0,0.0,0,0,4,0.0,1.5094919200584231,4,0,0,0.0,0.0,0
1014998,Ivan Crenn,1123060,"Paweł ""Mumrikken"" Zalewski",1,3,0.3775477964708863,1.1326433894126589,4,0,0,0,4,1,3,0,0,0,0,0,0.0,0.0,0,1,3,0.3775477964708863,1.1326433894126589,4,0,0,0.0,0.0,0
1297624,Steffan Hansen,8206764,Grzegorz Tabor,3,1,1.1326433894126589,0.3775477964708863,4,0,0,0,4,3,1,0,0,0,0,0,0.0,0.0,0,3,1,1.1326433894126589,0.3775477964708863,4,0,0,0.0,0.0,0
1123060,"Paweł ""Mumrikken"" Zalewski",2037584,Rune Christoffer Berntsen,3,1,1.1326433894126589,0.3775477964708863,4,0,0,0,4,3,1,0,0,0,0,0,0.0,0.0,0,3,1,1.1326433894126589,0.3775477964708863,4,0,0,0.0,0.0,0
1006124,Albert-Roman Borrie Stensrød,1123060,"Paweł ""Mumrikken"" Zalewski",1,3,0.3775477964708863,1.1326433894126589,4,0,0,0,4,1,3,0,0,0,0,0,0.0,0.0,0,1,3,0.3775477964708863,1.1326433894126589,4,0,0,0.0,0.0,0
2194859,Eivind Yoo Yong Jae Johansen,2888171,Ørjan Storborg,1,3,0.359387823346439,1.078163470039317,4,0,0,0,4,1,3,0,0,0,0,0,0.0,0.0,0,1,3,0.359387823346439,1.078163470039317,4,0,0,0.0,0.0,0
1006360,Lars Harby,2194859,Eivind Yoo Yong Jae Johansen,3,1,1.078163470039317,0.359387823346439,4,0,0,0,4,3,1,0,0,0,0,0,0.0,0.0,0,3,1,1.078163470039317,0.359387823346439,4,0,0,0.0,0.0,0
1006328,Lioness Princess,2194859,Eivind Yoo Yong Jae Johansen,3,1,1.078163470039317,0.359387823346439,4,0,0,0,4,3,1,0,0,0,0,0,0.0,0.0,0,3,1,1.078163470039317,0.359387823346439,4,0,0,0.0,0.0,0
1006328,Lioness Princess,2053323,Ib Christiansen,1,3,0.359387823346439,1.078163470039317,4,0,0,0,4,1,3,0,0,0,0,0,0.0,0.0,0,1,3,0.359387823346439,1.078163470039317,4,0,0,0.0,0.0,0
1597907,Haukur Stefansson,2581136,Mona Søvold Sunde,1,3,0.359387823346439,1.078163470039317,4,0,0,0,4,1,3,0,0,0,0,0,0.0,0.0,0,1,3,0.359387823346439,1.078163470039317,4,0,0,0.0,0.0,0
2194859,Eivind Yoo Yong Jae Johansen,2581136,Mona Søvold Sunde,1,3,0.359387823346439,1.078163470039317,4,0,0,0,4,1,3,0,0,0,0,0,0.0,0.0,0,1,3,0.359387823346439,1.078163470039317,4,0,0,0.0,0.0,0
1597907,Haukur Stefansson,2888171,Ørjan Storborg,1,3,0.359387823346439,1.078163470039317,4,0,0,0,4,1,3,0,0,0,0,0,0.0,0.0,0,1,3,0.359387823346439,1.078163470039317,4,0,0,0.0,0.0,0
1006515,Thorbjørn Vildar Dahl Eriksen,1597907,Haukur Stefansson,3,1,1.077374207281508,0.3591247357605027,4,0,0,0,4,3,1,0,0,0,0,0,0.0,0.0,0,3,1,1.077374207281508,0.3591247357605027,4,0,0,0.0,0.0,0
1014993,Tron Vidar Engebakk,1025949,Kristian Lund Olås,4,0,1.2459221325355883,0.0,4,0,0,0,4,4,0,0,0,0,0,0,0.0,0.0,0,4,0,1.2459221325355883,0.0,4,0,0,0.0,0.0,0
1006186,Christian Wikeby,1025949,Kristian Lund Olås,4,0,1.2459221325355883,0.0,4,0,0,0,4,4,0,0,0,0,0,0,0.0,0.0,0,4,0,1.2459221325355883,0.0,4,0,0,0.0,0.0,0
1014993,Tron Vidar Engebakk,1597907,Haukur Stefansson,4,0,1.2459221325355883,0.0,4,0,0,0,4,4,0,0,0,0,0,0,0.0,0.0,0,4,0,1.2459221325355883,0.0,4,0,0,0.0,0.0,0
1006186,Christian Wikeby,2085368,Bård Onsum,3,1,0.7329563024265404,0.24431876747551345,4,0,0,0,4,3,1,0,0,0,0,0,0.0,0.0,0,3,1,0.7329563024265404,0.24431876747551345,4,0,0,0.0,0.0,0
1006197,Daniel Salole,1006333,Kent Hansen,0,4,0.0,0.5932144804581335,4,0,0,0,4,0,4,0,0,0,0,4,0.0,0.5932144804581335,4,0,0,0.0,0.0,0,0,0,0.0,0.0,0
2660053,Morten Bjellås,44478316,Rune Stensvold,3,0,2.9735484884623338,0.0,3,0,0,0,3,3,0,0,0,0,3,0,2.9735484884623338,0.0,3,0,0,0.0,0.0,0,0,0,0.0,0.0,0
1670605,Bernadette Bodó,42921529,Joshua Turla Tuppal,0,3,0.0,2.88279141395865,3,0,0,0,3,0,3,0,0,0,0,3,0.0,2.88279141395865,3,0,0,0.0,0.0,0,0,0,0.0,0.0,0
44119141,Gaute Rogstad,83477917,Fabian Andersen,1,2,0.96093047131955,1.9218609426391,3,0,0,0,3,1,2,0,0,0,1,2,0.96093047131955,1.9218609426391,3,0,0,0.0,0.0,0,0,0,0.0,0.0,0
54197755,Tom erik Lysenstøen,57799534,Iris Marie Evdahl,3,0,2.638532010647864,0.0,3,0,0,0,3,3,0,0,0,0,0,0,0.0,0.0,0,3,0,2.638532010647864,0.0,3,0,0,0.0,0.0,0
1006186,Christian Wikeby,7904326,Silja Vepsä,1,2,0.8795106702159546,1.7590213404319093,3,0,0,0,3,1,2,0,0,0,0,0,0.0,0.0,0,1,2,0.8795106702159546,1.7590213404319093,3,0,0,0.0,0.0,0
52645105,Tommy Bratseth,75512620,Trond Evjen,0,3,0.0,2.6268913727152023,3,0,0,0,3,0,3,0,0,0,0,3,0.0,2.6268913727152023,3,0,0,0.0,0.0,0,0,0,0.0,0.0,0
16476664,Øystein Følling,53204752,Julianne Myhren-heyerdahl,3,0,2.5019866474949173,0.0,3,0,0,0,3,3,0,0,0,0,0,0,0.0,0.0,0,3,0,2.5019866474949173,0.0,3,0,0,0.0,0.0,0
42921529,Joshua Turla Tuppal,58672273,Santo Angel Maican Lara,3,0,2.490932004429567,0.0,3,0,0,0,3,3,0,0,0,0,3,0,2.490932004429567,0.0,3,0,0,0.0,0.0,0,0,0,0.0,0.0,0
42921529,Joshua Turla Tuppal,8270907,Christian Söderström,2,1,1.660621336286378,0.830310668143189,3,0,0,0,3,2,1,0,0,0,2,1,1.660621336286378,0.830310668143189,3,0,0,0.0,0.0,0,0,0,0.0,0.0,0
26143903,Katrine Sætereng,54197755,Tom erik Lysenstøen,3,0,2.436387135847389,0.0,3,0,0,0,3,3,0,0,0,0,3,0,2.436387135847389,0.0,3,0,0,0.0,0.0,0,0,0,0.0,0.0,0
26143903,Katrine Sætereng,5140422,Tomas Gryczon,3,0,2.436387135847389,0.0,3,0,0,0,3,3,0,0,0,0,3,0,2.436387135847389,0.0,3,0,0,0.0,0.0,0,0,0,0.0,0.0,0
1095179,Ernesto Antonio Meléndez,19030543,Martin Olsson,1,2,0.7978497917170576,1.5956995834341152,3,0,0,0,3,1,2,0,0,0,1,2,0.7978497917170576,1.5956995834341152,3,0,0,0.0,0.0,0,0,0,0.0,0.0,0
12622333,Silje Engström-Øvretveit,7711820,Marie Hoff Petersen,3,0,2.3829738454903406,0.0,3,0,0,0,3,3,0,0,0,0,0,0,0.0,0.0,0,3,0,2.3829738454903406,0.0,3,0,0,0.0,0.0,0
1006197,Daniel Salole,1006220,Erik Gårdelöf,0,3,0.0,2.3829738454903406,3,0,0,0,3,0,3,0,0,0,0,0,0.0,0.0,0,0,3,0.0,2.3829738454903406,3,0,0,0.0,0.0,0
2581136,Mona Søvold Sunde,44478316,Rune Stensvold,3,0,2.361962758767693,0.0,3,0,0,0,3,3,0,0,0,0,0,0,0.0,0.0,0,3,0,2.361962758767693,0.0,3,0,0,0.0,0.0,0
1006186,Christian Wikeby,31114699,Ferdinand Jaggi,1,2,0.7873209195892309,1.5746418391784618,3,0,0,0,3,1,2,0,0,0,0,0,0.0,0.0,0,1,2,0.7873209195892309,1.5746418391784618,3,0,0,0.0,0.0,0
2581136,Mona Søvold Sunde,7711820,Marie Hoff Petersen,0,3,0.0,2.361962758767693,3,0,0,0,3,0,3,0,0,0,0,0,0.0,0.0,0,0,3,0.0,2.361962758767693,3,0,0,0.0,0.0,0
2660053,Morten Bjellås,53204752,Julianne Myhren-heyerdahl,3,0,2.3515546815203847,0.0,3,0,0,0,3,3,0,0,0,0,3,0,2.3515546815203847,0.0,3,0,0,0.0,0.0,0,0,0,0.0,0.0,0
2581136,Mona Søvold Sunde,4849639,Petter Rognlien,3,0,2.3411420726828247,0.0,3,0,0,0,3,3,0,0,0,0,0,0,0.0,0.0,0,3,0,2.3411420726828247,0.0,3,0,0,0.0,0.0,0
57799534,Iris Marie Evdahl,7711820,Marie Hoff Petersen,0,3,0.0,2.330798096624961,3,0,0,0,3,0,3,0,0,0,0,0,0.0,0.0,0,0,3,0.0,2.330798096624961,3,0,0,0.0,0.0,0
52645105,Tommy Bratseth,57799534,Iris Marie Evdahl,3,0,2.320504920807984,0.0,3,0,0,0,3,3,0,0,0,0,0,0,0.0,0.0,0,3,0,2.320504920807984,0.0,3,0,0,0.0,0.0,0
17978686,Ibra Alkhader,19616722,Lobsang Thupten,1,2,0.7499146453381507,1.4998292906763013,3,0,0,0,3,1,2,0,0,0,0,0,0.0,0.0,0,1,2,0.7499146453381507,1.4998292906763013,3,0,0,0.0,0.0,0
19616722,Lobsang Thupten,9221877,Johnny Wu,2,1,1.4998292906763013,0.7499146453381507,3,0,0,0,3,2,1,0,0,0,0,0,0.0,0.0,0,2,1,1.4998292906763013,0.7499146453381507,3,0,0,0.0,0.0,0
44119141,Gaute Rogstad,7719582,Astrid E. Pedersen,1,2,0.7499146453381507,1.4998292906763013,3,0,0,0,3,1,2,0,0,0,0,0,0.0,0.0,0,1,2,0.7499146453381507,1.4998292906763013,3,0,0,0.0,0.0,0
44478316,Rune Stensvold,58717324,Kjetil Kristensen,0,3,0.0,2.239729993977214,3,0,0,0,3,0,3,0,0,0,0,0,0.0,0.0,0,0,3,0.0,2.239729993977214,3,0,0,0.0,0.0,0
1006399,Nedzat Cimilji,19030543,Martin Olsson,1,2,0.7465766646590712,1.4931533293181425,3,0,0,0,3,1,2,0,0,0,0,0,0.0,0.0,0,1,2,0.7465766646590712,1.4931533293181425,3,0,0,0.0,0.0,0
1006220,Erik Gårdelöf,1441973,Geir Holmqvist,2,1,1.4411841830773453,0.7205920915386727,3,0,0,0,3,2,1,0,0,0,0,0,0.0,0.0,0,2,1,1.4411841830773453,0.7205920915386727,3,0,0,0.0,0.0,0
4849639,Petter Rognlien,6545064,Kim-Olaf Sørensen,0,3,0.0,1.6355903323350045,3,0,0,0,3,0,3,0,0,0,0,0,0.0,0.0,0,0,3,0.0,1.6355903323350045,3,0,0,0.0,0.0,0
1006197,Daniel Salole,33336508,Paweł Chołodowski,0,3,0.0,1.6355903323350045,3,0,0,0,3,0,3,0,0,0,0,0,0.0,0.0,0,0,3,0.0,1.6355903323350045,3,0,0,0.0,0.0,0
2660053,Morten Bjellås,6545064,Kim-Olaf Sørensen,0,3,0.0,1.6355903323350045,3,0,0,0,3,0,3,0,0,0,0,0,0.0,0.0,0,0,3,0.0,1.6355903323350045,3,0,0,0.0,0.0,0
33336508,Paweł Chołodowski,4849639,Petter Rognlien,3,0,1.6355903323350045,0.0,3,0,0,0,3,3,0,0,0,0,0,0,0.0,0.0,0,3,0,1.6355903323350045,0.0,3,0,0,0.0,0.0,0
6545064,Kim-Olaf Sørensen,9221595,Christoffer Sørensen,3,0,1.6355903323350045,0.0,3,0,0,0,3,3,0,0,0,0,0,0,0.0,0.0,0,3,0,1.6355903323350045,0.0,3,0,0,0.0,0.0,0
2660053,Morten Bjellås,9221595,Christoffer Sørensen,0,3,0.0,1.6355903323350045,3,0,0,0,3,0,3,0,0,0,0,0,0.0,0.0,0,0,3,0.0,1.6355903323350045,3,0,0,0.0,0.0,0
1006186,Christian Wikeby,12042235,Evert Andersson,2,1,0.7555790536395379,0.37779002454920996,3,0,0,0,3,2,1,0,0,0,1,0,0.37777857328586056,0.0,1,0,1,0.0,0.37779002454920996,1,1,0,0.3778004803536774,0.0,1
1006186,Christian Wikeby,1006351,Knut Inge Røstvold,0,3,0.0,1.1326433894126589,3,0,0,0,3,0,3,0,0,0,0,0,0.0,0.0,0,0,3,0.0,1.1326433894126589,3,0,0,0.0,0.0,0
1006124,Albert-Roman Borrie Stensrød,9017413,Terje Mo Hanssen,3,0,1.1326433894126589,0.0,3,0,0,0,3,3,0,0,0,0,0,0,0.0,0.0,0,3,0,1.1326433894126589,0.0,3,0,0,0.0,0.0,0
2037584,Rune Christoffer Berntsen,6600268,Kim Soo Garmark,3,0,1.1326433894126589,0.0,3,0,0,0,3,3,0,0,0,0,0,0,0.0,0.0,0,3,0,1.1326433894126589,0.0,3,0,0,0.0,0.0,0
1006406,Nina Torvund,1014998,Ivan Crenn,0,3,0.0,1.1326433894126589,3,0,0,0,3,0,3,0,0,0,0,0,0.0,0.0,0,0,3,0.0,1.1326433894126589,3,0,0,0.0,0.0,0
10540801,Vasileios Nikolaou,6839980,Daniel Lorentzen-Styr,0,3,0.0,1.1326433894126589,3,0,0,0,3,0,3,0,0,0,0,0,0.0,0.0,0,0,3,0.0,1.1326433894126589,3,0,0,0.0,0.0,0
1006351,Knut Inge Røstvold,1297624,Steffan Hansen,0,3,0.0,1.1326433894126589,3,0,0,0,3,0,3,0,0,0,0,0,0.0,0.0,0,0,3,0.0,1.1326433894126589,3,0,0,0.0,0.0,0
1006288,Jan Kjetil Nordrum,2037584,Rune Christoffer Berntsen,0,3,0.0,1.1326433894126589,3,0,0,0,3,0,3,0,0,0,0,0,0.0,0.0,0,0,3,0.0,1.1326433894126589,3,0,0,0.0,0.0,0
1081697,Giena Tanilon,1123060,"Paweł ""Mumrikken"" Zalewski",3,0,1.1326433894126589,0.0,3,0,0,0,3,3,0,0,0,0,0,0,0.0,0.0,0,3,0,1.1326433894126589,0.0,3,0,0,0.0,0.0,0
1069895,Ragnar Hansen,1297624,Steffan Hansen,0,3,0.0,1.1326433894126589,3,0,0,0,3,0,3,0,0,0,0,0,0.0,0.0,0,0,3,0.0,1.1326433894126589,3,0,0,0.0,0.0,0
1006270,Henrik Flatås,1006465,Ronny Oldervik,3,0,1.1326433894126589,0.0,3,0,0,0,3,3,0,0,0,0,0,0,0.0,0.0,0,3,0,1.1326433894126589,0.0,3,0,0,0.0,0.0,0
1006288,Jan Kjetil Nordrum,1006351,Knut Inge Røstvold,0,3,0.0,1.1326433894126589,3,0,0,0,3,0,3,0,0,0,0,0,0.0,0.0,0,0,3,0.0,1.1326433894126589,3,0,0,0.0,0.0,0
1006351,Knut Inge Røstvold,1081697,Giena Tanilon,0,3,0.0,1.1326433894126589,3,0,0,0,3,0,3,0,0,0,0,0,0.0,0.0,0,0,3,0.0,1.1326433894126589,3,0,0,0.0,0.0,0
1042070,Henrik Olsson,1081697,Giena Tanilon,0,3,0.0,1.1326433894126589,3,0,0,0,3,0,3,0,0,0,0,0,0.0,0.0,0,0,3,0.0,1.1326433894126589,3,0,0,0.0,0.0,0
1006360,Lars Harby,2581136,Mona Søvold Sunde,3,0,1.078163470039317,0.0,3,0,0,0,3,3,0,0,0,0,0,0,0.0,0.0,0,3,0,1.078163470039317,0.0,3,0,0,0.0,0.0,0
2053323,Ib Christiansen,2194859,Eivind Yoo Yong Jae Johansen,0,3,0.0,1.078163470039317,3,0,0,0,3,0,3,0,0,0,0,0,0.0,0.0,0,0,3,0.0,1.078163470039317,3,0,0,0.0,0.0,0
1006360,Lars Harby,2888171,Ørjan Storborg,3,0,1.078163470039317,0.0,3,0,0,0,3,3,0,0,0,0,0,0,0.0,0.0,0,3,0,1.078163470039317,0.0,3,0,0,0.0,0.0,0
2581136,Mona Søvold Sunde,2888171,Ørjan Storborg,3,0,1.078163470039317,0.0,3,0,0,0,3,3,0,0,0,0,0,0,0.0,0.0,0,3,0,1.078163470039317,0.0,3,0,0,0.0,0.0,0
1006360,Lars Harby,2053323,Ib Christiansen,3,0,1.078163470039317,0.0,3,0,0,0,3,3,0,0,0,0,0,0,0.0,0.0,0,3,0,1.078163470039317,0.0,3,0,0,0.0,0.0,0
1006515,Thorbjørn Vildar Dahl Eriksen,1025949,Kristian Lund Olås,3,0,1.077374207281508,0.0,3,0,0,0,3,3,0,0,0,0,0,0,0.0,0.0,0,3,0,1.077374207281508,0.0,3,0,0,0.0,0.0,0
1006197,Daniel Salole,1025949,Kristian Lund Olås,3,0,1.077374207281508,0.0,3,0,0,0,3,3,0,0,0,0,0,0,0.0,0.0,0,3,0,1.077374207281508,0.0,3,0,0,0.0,0.0,0
1006340,Kjartan Maraas,1047363,Vinko Smolic,0,3,0.0,0.7329563024265404,3,0,0,0,3,0,3,0,0,0,0,0,0.0,0.0,0,0,3,0.0,0.7329563024265404,3,0,0,0.0,0.0,0
1006360,Lars Harby,1047363,Vinko Smolic,0,3,0.0,0.7329563024265404,3,0,0,0,3,0,3,0,0,0,0,0,0.0,0.0,0,0,3,0.0,0.7329563024265404,3,0,0,0.0,0.0,0
1006340,Kjartan Maraas,1277819,Lasse Kåring,1,2,0.24431876747551345,0.4886375349510269,3,0,0,0,3,1,2,0,0,0,0,0,0.0,0.0,0,1,2,0.24431876747551345,0.4886375349510269,3,0,0,0.0,0.0,0
1006360,Lars Harby,1277819,Lasse Kåring,0,3,0.0,0.7329563024265404,3,0,0,0,3,0,3,0,0,0,0,0,0.0,0.0,0,0,3,0.0,0.7329563024265404,3,0,0,0.0,0.0,0
1047363,Vinko Smolic,1277819,Lasse Kåring,1,2,0.24431876747551345,0.4886375349510269,3,0,0,0,3,1,2,0,0,0,0,0,0.0,0.0,0,1,2,0.24431876747551345,0.4886375349510269,3,0,0,0.0,0.0,0
1006151,Arne Wiese-Hansen,1006186,Christian Wikeby,2,1,0.3971103528964146,0.1985551764482073,3,0,0,0,3,2,1,0,0,0,0,0,0.0,0.0,0,2,1,0.3971103528964146,0.1985551764482073,3,0,0,0.0,0.0,0
1006340,Kjartan Maraas,1944190,Anders Lie,1,2,0.1985551764482073,0.3971103528964146,3,0,0,0,3,1,2,0,0,0,0,0,0.0,0.0,0,1,2,0.1985551764482073,0.3971103528964146,3,0,0,0.0,0.0,0
1006514,Thomas Pedersen,2053323,Ib Christiansen,2,1,0.3971103528964146,0.1985551764482073,3,0,0,0,3,2,1,0,0,0,0,0,0.0,0.0,0,2,1,0.3971103528964146,0.1985551764482073,3,0,0,0.0,0.0,0
1006151,Arne Wiese-Hansen,3185355,Ivar Lexi,2,1,0.3971103528964146,0.1985551764482073,3,0,0,0,3,2,1,0,0,0,0,0,0.0,0.0,0,2,1,0.3971103528964146,0.1985551764482073,3,0,0,0.0,0.0,0
1006514,Thomas Pedersen,1944190,Anders Lie,2,1,0.3971103528964146,0.1985551764482073,3,0,0,0,3,2,1,0,0,0,0,0,0.0,0.0,0,2,1,0.3971103528964146,0.1985551764482073,3,0,0,0.0,0.0,0
1006360,Lars Harby,1944190,Anders Lie,2,1,0.3971103528964146,0.1985551764482073,3,0,0,0,3,2,1,0,0,0,0,0,0.0,0.0,0,2,1,0.3971103528964146,0.1985551764482073,3,0,0,0.0,0.0,0
54197755,Tom erik Lysenstøen,5689902,Roger Andresen,2,0,1.7281389089535397,0.0,2,0,0,0,2,2,0,0,0,0,0,0,0.0,0.0,0,2,0,1.7281389089535397,0.0,2,0,0,0.0,0.0,0
1006197,Daniel Salole,5195892,Atle Bjorland,0,2,0.0,1.6242580905649262,2,0,0,0,2,0,2,0,0,0,0,2,0.0,1.6242580905649262,2,0,0,0.0,0.0,0,0,0,0.0,0.0,0
1670605,Bernadette Bodó,19030543,Martin Olsson,0,2,0.0,1.5956995834341152,2,0,0,0,2,0,2,0,0,0,0,2,0.0,1.5956995834341152,2,0,0,0.0,0.0,0,0,0,0.0,0.0,0
19030543,Martin Olsson,36990883,Anders Valde,2,0,1.5956995834341152,0.0,2,0,0,0,2,2,0,0,0,0,2,0,1.5956995834341152,0.0,2,0,0,0.0,0.0,0,0,0,0.0,0.0,0
1997987,Sven Høgdahl,54197755,Tom erik Lysenstøen,2,0,1.5677031210135899,0.0,2,0,0,0,2,2,0,0,0,0,2,0,1.5677031210135899,0.0,2,0,0,0.0,0.0,0,0,0,0.0,0.0,0
1019843,Matey Ullah,16476664,Øystein Følling,0,2,0.0,1.5677031210135899,2,0,0,0,2,0,2,0,0,0,0,2,0.0,1.5677031210135899,2,0,0,0.0,0.0,0,0,0,0.0,0.0,0
1006197,Daniel Salole,7719582,Astrid E. Pedersen,2,0,1.4998292906763013,0.0,2,0,0,0,2,2,0,0,0,0,0,0,0.0,0.0,0,2,0,1.4998292906763013,0.0,2,0,0,0.0,0.0,0
44119141,Gaute Rogstad,9221877,Johnny Wu,0,2,0.0,1.4998292906763013,2,0,0,0,2,0,2,0,0,0,0,0,0.0,0.0,0,0,2,0.0,1.4998292906763013,2,0,0,0.0,0.0,0
17978686,Ibra Alkhader,9221877,Johnny Wu,2,0,1.4998292906763013,0.0,2,0,0,0,2,2,0,0,0,0,0,0,0.0,0.0,0,2,0,1.4998292906763013,0.0,2,0,0,0.0,0.0,0
7719582,Astrid E. Pedersen,9221877,Johnny Wu,2,0,1.4998292906763013,0.0,2,0,0,0,2,2,0,0,0,0,0,0,0.0,0.0,0,2,0,1.4998292906763013,0.0,2,0,0,0.0,0.0,0
19616722,Lobsang Thupten,7719582,Astrid E. Pedersen,2,0,1.4998292906763013,0.0,2,0,0,0,2,2,0,0,0,0,0,0,0.0,0.0,0,2,0,1.4998292906763013,0.0,2,0,0,0.0,0.0,0
1006197,Daniel Salole,9221877,Johnny Wu,2,0,1.4998292906763013,0.0,2,0,0,0,2,2,0,0,0,0,0,0,0.0,0.0,0,2,0,1.4998292906763013,0.0,2,0,0,0.0,0.0,0
1006186,Christian Wikeby,1006214,Emil André Gangfløt,1,1,0.5699376621546889,0.5699376621546889,2,0,0,0,2,1,1,0,0,0,0,0,0.0,0.0,0,1,1,0.5699376621546889,0.5699376621546889,2,0,0,0.0,0.0,0
1006183,Christel Hanah Johnsen,1006340,Kjartan Maraas,1,1,0.5525787371322803,0.5170404853654882,2,0,0,0,2,1,1,0,0,0,0,0,0.0,0.0,0,1,1,0.5525787371322803,0.5170404853654882,2,0,0,0.0,0.0,0
1006340,Kjartan Maraas,1417853,Robin Hauge Pettersen,0,2,0.0,0.7555790536395379,2,0,0,0,2,0,2,0,0,0,0,1,0.0,0.37777857328586056,1,0,0,0.0,0.0,0,0,1,0.0,0.3778004803536774,1
1006204,Egil Arne Sørensen,2581136,Mona Søvold Sunde,2,0,0.7555790536395379,0.0,2,0,0,0,2,2,0,0,0,0,1,0,0.37777857328586056,0.0,1,0,0,0.0,0.0,0,1,0,0.3778004803536774,0.0,1
1006204,Egil Arne Sørensen,1006216,Emil Bjørkmann,1,1,0.3778004803536774,0.37779002454920996,2,0,0,0,2,1,1,0,0,0,0,0,0.0,0.0,0,0,1,0.0,0.37779002454920996,1,1,0,0.3778004803536774,0.0,1
1006186,Christian Wikeby,9017413,Terje Mo Hanssen,2,0,0.7555790536395379,0.0,2,0,0,0,2,2,0,0,0,0,1,0,0.37777857328586056,0.0,1,0,0,0.0,0.0,0,1,0,0.3778004803536774,0.0,1
1277819,Lasse Kåring,6600268,Kim Soo Garmark,0,2,0.0,0.7555685978350706,2,0,0,0,2,0,2,0,0,0,0,1,0.0,0.37777857328586056,1,0,1,0.0,0.37779002454920996,1,0,0,0.0,0.0,0
6839980,Daniel Lorentzen-Styr,9017413,Terje Mo Hanssen,0,2,0.0,0.7555685978350706,2,0,0,0,2,0,2,0,0,0,0,1,0.0,0.37777857328586056,1,0,1,0.0,0.37779002454920996,1,0,0,0.0,0.0,0
1006328,Lioness Princess,2085368,Bård Onsum,0,2,0.0,0.4886375349510269,2,0,0,0,2,0,2,0,0,0,0,0,0.0,0.0,0,0,2,0.0,0.4886375349510269,2,0,0,0.0,0.0,0
1277819,Lasse Kåring,2085368,Bård Onsum,0,2,0.0,0.4886375349510269,2,0,0,0,2,0,2,0,0,0,0,0,0.0,0.0,0,0,2,0.0,0.4886375349510269,2,0,0,0.0,0.0,0
1006340,Kjartan Maraas,2085368,Bård Onsum,0,2,0.0,0.4886375349510269,2,0,0,0,2,0,2,0,0,0,0,0,0.0,0.0,0,0,2,0.0,0.4886375349510269,2,0,0,0.0,0.0,0
1944190,Anders Lie,2053323,Ib Christiansen,2,0,0.3971103528964146,0.0,2,0,0,0,2,2,0,0,0,0,0,0,0.0,0.0,0,2,0,0.3971103528964146,0.0,2,0,0,0.0,0.0,0
1006151,Arne Wiese-Hansen,1006360,Lars Harby,0,2,0.0,0.3971103528964146,2,0,0,0,2,0,2,0,0,0,0,0,0.0,0.0,0,0,2,0.0,0.3971103528964146,2,0,0,0.0,0.0,0
16476664,Øystein Følling,3185355,Ivar Lexi,0,1,0.0,0.8488993339631218,1,0,0,0,1,0,1,0,0,0,0,0,0.0,0.0,0,0,1,0.0,0.8488993339631218,1,0,0,0.0,0.0,0
1006197,Daniel Salole,16476664,Øystein Følling,1,0,0.8339955491649724,0.0,1,0,0,0,1,1,0,0,0,0,0,0,0.0,0.0,0,1,0,0.8339955491649724,0.0,1,0,0,0.0,0.0,0
5075218,Nevzat Yesil,53649337,Erlend Helgesen,1,0,0.8121290452824631,0.0,1,0,0,0,1,1,0,0,0,0,1,0,0.8121290452824631,0.0,1,0,0,0.0,0.0,0,0,0,0.0,0.0,0
1006333,Kent Hansen,16476664,Øystein Følling,1,0,0.7838515605067949,0.0,1,0,0,0,1,1,0,0,0,0,1,0,0.7838515605067949,0.0,1,0,0,0.0,0.0,0,0,0,0.0,0.0,0
36990883,Anders Valde,7153377,Henning Ingvorsen,0,1,0.0,0.7466357016881895,1,0,0,0,1,0,1,0,0,0,0,0,0.0,0.0,0,0,1,0.0,0.7466357016881895,1,0,0,0.0,0.0,0
1006403,Niklas Engström-Øvretveit,5140422,Tomas Gryczon,1,0,0.7466357016881895,0.0,1,0,0,0,1,1,0,0,0,0,0,0,0.0,0.0,0,1,0,0.7466357016881895,0.0,1,0,0,0.0,0.0,0
1006340,Kjartan Maraas,36990883,Anders Valde,0,1,0.0,0.7466357016881895,1,0,0,0,1,0,1,0,0,0,0,0,0.0,0.0,0,0,1,0.0,0.7466357016881895,1,0,0,0.0,0.0,0
1014993,Tron Vidar Engebakk,4849639,Petter Rognlien,1,0,0.5699376621546889,0.0,1,0,0,0,1,1,0,0,0,0,0,0,0.0,0.0,0,1,0,0.5699376621546889,0.0,1,0,0,0.0,0.0,0
1006197,Daniel Salole,1047734,Ole Kristian Rudshavn,0,1,0.0,0.5699376621546889,1,0,0,0,1,0,1,0,0,0,0,0,0.0,0.0,0,0,1,0.0,0.5699376621546889,1,0,0,0.0,0.0,0
24833275,Marte Stulen Aamodt,7711820,Marie Hoff Petersen,1,0,0.5699376621546889,0.0,1,0,0,0,1,1,0,0,0,0,0,0,0.0,0.0,0,1,0,0.5699376621546889,0.0,1,0,0,0.0,0.0,0
6839980,Daniel Lorentzen-Styr,7711820,Marie Hoff Petersen,1,0,0.5699376621546889,0.0,1,0,0,0,1,1,0,0,0,0,0,0,0.0,0.0,0,1,0,0.5699376621546889,0.0,1,0,0,0.0,0.0,0
1006214,Emil André Gangfløt,4849639,Petter Rognlien,1,0,0.5699376621546889,0.0,1,0,0,0,1,1,0,0,0,0,0,0,0.0,0.0,0,1,0,0.5699376621546889,0.0,1,0,0,0.0,0.0,0
1047734,Ole Kristian Rudshavn,6839980,Daniel Lorentzen-Styr,0,1,0.0,0.5699376621546889,1,0,0,0,1,0,1,0,0,0,0,0,0.0,0.0,0,0,1,0.0,0.5699376621546889,1,0,0,0.0,0.0,0
1006197,Daniel Salole,24833275,Marte Stulen Aamodt,1,0,0.5699376621546889,0.0,1,0,0,0,1,1,0,0,0,0,0,0,0.0,0.0,0,1,0,0.5699376621546889,0.0,1,0,0,0.0,0.0,0
1006197,Daniel Salole,6839980,Daniel Lorentzen-Styr,0,1,0.0,0.5699376621546889,1,0,0,0,1,0,1,0,0,0,0,0,0.0,0.0,0,0,1,0.0,0.5699376621546889,1,0,0,0.0,0.0,0
3428055,Rune Fevang,7153377,Henning Ingvorsen,0,1,0.0,0.5525787371322803,1,0,0,0,1,0,1,0,0,0,0,0,0.0,0.0,0,0,1,0.0,0.5525787371322803,1,0,0,0.0,0.0,0
12622333,Silje Engström-Øvretveit,6545064,Kim-Olaf Sørensen,0,1,0.0,0.5525787371322803,1,0,0,0,1,0,1,0,0,0,0,0,0.0,0.0,0,0,1,0.0,0.5525787371322803,1,0,0,0.0,0.0,0
1006183,Christel Hanah Johnsen,7711820,Marie Hoff Petersen,0,1,0.0,0.5525787371322803,1,0,0,0,1,0,1,0,0,0,0,0,0.0,0.0,0,0,1,0.0,0.5525787371322803,1,0,0,0.0,0.0,0
1006340,Kjartan Maraas,3428055,Rune Fevang,1,0,0.5525787371322803,0.0,1,0,0,0,1,1,0,0,0,0,0,0,0.0,0.0,0,1,0,0.5525787371322803,0.0,1,0,0,0.0,0.0,0
12622333,Silje Engström-Øvretveit,24833275,Marte Stulen Aamodt,1,0,0.5525787371322803,0.0,1,0,0,0,1,1,0,0,0,0,0,0,0.0,0.0,0,1,0,0.5525787371322803,0.0,1,0,0,0.0,0.0,0
1006183,Christel Hanah Johnsen,6545064,Kim-Olaf Sørensen,1,0,0.5525787371322803,0.0,1,0,0,0,1,1,0,0,0,0,0,0,0.0,0.0,0,1,0,0.5525787371322803,0.0,1,0,0,0.0,0.0,0
1006186,Christian Wikeby,1384637,Jesper Slanti,1,0,0.517060927961816,0.0,1,0,0,0,1,1,0,0,0,0,0,0,0.0,0.0,0,1,0,0.517060927961816,0.0,1,0,0,0.0,0.0,0
16259161,Anders Selland,8003270,Sami Kayan,1,0,0.517060927961816,0.0,1,0,0,0,1,1,0,0,0,0,0,0,0.0,0.0,0,1,0,0.517060927961816,0.0,1,0,0,0.0,0.0,0
16259161,Anders Selland,19913527,Wael Handal,1,0,0.517060927961816,0.0,1,0,0,0,1,1,0,0,0,0,0,0,0.0,0.0,0,1,0,0.517060927961816,0.0,1,0,0,0.0,0.0,0
1384637,Jesper Slanti,19913527,Wael Handal,1,0,0.517060927961816,0.0,1,0,0,0,1,1,0,0,0,0,0,0,0.0,0.0,0,1,0,0.517060927961816,0.0,1,0,0,0.0,0.0,0
1006183,Christel Hanah Johnsen,8003270,Sami Kayan,1,0,0.517060927961816,0.0,1,0,0,0,1,1,0,0,0,0,0,0,0.0,0.0,0,1,0,0.517060927961816,0.0,1,0,0,0.0,0.0,0
1006340,Kjartan Maraas,1384637,Jesper Slanti,1,0,0.517060927961816,0.0,1,0,0,0,1,1,0,0,0,0,0,0,0.0,0.0,0,1,0,0.517060927961816,0.0,1,0,0,0.0,0.0,0
1006183,Christel Hanah Johnsen,20361406,Amir Khan,0,1,0.0,0.517060927961816,1,0,0,0,1,0,1,0,0,0,0,0,0.0,0.0,0,0,1,0.0,0.517060927961816,1,0,0,0.0,0.0,0
16259161,Anders Selland,2194859,Eivind Yoo Yong Jae Johansen,1,0,0.517060927961816,0.0,1,0,0,0,1,1,0,0,0,0,0,0,0.0,0.0,0,1,0,0.517060927961816,0.0,1,0,0,0.0,0.0,0
16259161,Anders Selland,20361406,Amir Khan,1,0,0.517060927961816,0.0,1,0,0,0,1,1,0,0,0,0,0,0,0.0,0.0,0,1,0,0.517060927961816,0.0,1,0,0,0.0,0.0,0
1006340,Kjartan Maraas,16259161,Anders Selland,0,1,0.0,0.517060927961816,1,0,0,0,1,0,1,0,0,0,0,0,0.0,0.0,0,0,1,0.0,0.517060927961816,1,0,0,0.0,0.0,0
19913527,Wael Handal,1997987,Sven Høgdahl,0,1,0.0,0.5170404853654882,1,0,0,0,1,0,1,0,0,0,0,0,0.0,0.0,0,0,1,0.0,0.5170404853654882,1,0,0,0.0,0.0,0
1006183,Christel Hanah Johnsen,1384637,Jesper Slanti,1,0,0.5170404853654882,0.0,1,0,0,0,1,1,0,0,0,0,0,0,0.0,0.0,0,1,0,0.5170404853654882,0.0,1,0,0,0.0,0.0,0
1997987,Sven Høgdahl,2194859,Eivind Yoo Yong Jae Johansen,0,1,0.0,0.5170404853654882,1,0,0,0,1,0,1,0,0,0,0,0,0.0,0.0,0,0,1,0.0,0.5170404853654882,1,0,0,0.0,0.0,0
1006186,Christian Wikeby,19913527,Wael Handal,0,1,0.0,0.5170404853654882,1,0,0,0,1,0,1,0,0,0,0,0,0.0,0.0,0,0,1,0.0,0.5170404853654882,1,0,0,0.0,0.0,0
1384637,Jesper Slanti,7711820,Marie Hoff Petersen,0,1,0.0,0.5170404853654882,1,0,0,0,1,0,1,0,0,0,0,0,0.0,0.0,0,0,1,0.0,0.5170404853654882,1,0,0,0.0,0.0,0
1006183,Christel Hanah Johnsen,19913527,Wael Handal,0,1,0.0,0.5170404853654882,1,0,0,0,1,0,1,0,0,0,0,0,0.0,0.0,0,0,1,0.0,0.5170404853654882,1,0,0,0.0,0.0,0
1997987,Sven Høgdahl,7711820,Marie Hoff Petersen,1,0,0.5170404853654882,0.0,1,0,0,0,1,1,0,0,0,0,0,0,0.0,0.0,0,1,0,0.5170404853654882,0.0,1,0,0,0.0,0.0,0
19913527,Wael Handal,2194859,Eivind Yoo Yong Jae Johansen,1,0,0.5170404853654882,0.0,1,0,0,0,1,1,0,0,0,0,0,0,0.0,0.0,0,1,0,0.5170404853654882,0.0,1,0,0,0.0,0.0,0
1006340,Kjartan Maraas,1997987,Sven Høgdahl,1,0,0.5170404853654882,0.0,1,0,0,0,1,1,0,0,0,0,0,0,0.0,0.0,0,1,0,0.5170404853654882,0.0,1,0,0,0.0,0.0,0
1006340,Kjartan Maraas,19913527,Wael Handal,1,0,0.5170404853654882,0.0,1,0,0,0,1,1,0,0,0,0,0,0,0.0,0.0,0,1,0,0.5170404853654882,0.0,1,0,0,0.0,0.0,0
10774063,Axel Mikhail Dalberg,6545064,Kim-Olaf Sørensen,0,1,0.0,0.3778004803536774,1,0,0,0,1,0,1,0,0,0,0,0,0.0,0.0,0,0,0,0.0,0.0,0,0,1,0.0,0.3778004803536774,1
1006216,Emil Bjørkmann,2037584,Rune Christoffer Berntsen,1,0,0.3778004803536774,0.0,1,0,0,0,1,1,0,0,0,0,0,0,0.0,0.0,0,0,0,0.0,0.0,0,1,0,0.3778004803536774,0.0,1
1006275,Ine Helvik,6839980,Daniel Lorentzen-Styr,0,1,0.0,0.3778004803536774,1,0,0,0,1,0,1,0,0,0,0,0,0.0,0.0,0,0,0,0.0,0.0,0,0,1,0.0,0.3778004803536774,1
1006331,Kenneth Rognstad,7711820,Marie Hoff Petersen,1,0,0.3778004803536774,0.0,1,0,0,0,1,1,0,0,0,0,0,0,0.0,0.0,0,0,0,0.0,0.0,0,1,0,0.3778004803536774,0.0,1
11705854,Riaz Ali,9221595,Christoffer Sørensen,0,1,0.0,0.3778004803536774,1,0,0,0,1,0,1,0,0,0,0,0,0.0,0.0,0,0,0,0.0,0.0,0,0,1,0.0,0.3778004803536774,1
1006323,Jørn Betten,10220035,Marius Lamby Solvang,1,0,0.3778004803536774,0.0,1,0,0,0,1,1,0,0,0,0,0,0,0.0,0.0,0,0,0,0.0,0.0,0,1,0,0.3778004803536774,0.0,1
1123060,"Paweł ""Mumrikken"" Zalewski",1552001,Stig Elde Mikkelsen,1,0,0.3778004803536774,0.0,1,0,0,0,1,1,0,0,0,0,0,0,0.0,0.0,0,0,0,0.0,0.0,0,1,0,0.3778004803536774,0.0,1
1006515,Thorbjørn Vildar Dahl Eriksen,11151241,Thomas Fantoft,1,0,0.3778004803536774,0.0,1,0,0,0,1,1,0,0,0,0,0,0,0.0,0.0,0,0,0,0.0,0.0,0,1,0,0.3778004803536774,0.0,1
1298131,Jack Nordby,9017413,Terje Mo Hanssen,0,1,0.0,0.3778004803536774,1,0,0,0,1,0,1,0,0,0,0,0,0.0,0.0,0,0,0,0.0,0.0,0,0,1,0.0,0.3778004803536774,1
1006328,Lioness Princess,1524570,Stig Berntsen,0,1,0.0,0.3778004803536774,1,0,0,0,1,0,1,0,0,0,0,0,0.0,0.0,0,0,0,0.0,0.0,0,0,1,0.0,0.3778004803536774,1
1417853,Robin Hauge Pettersen,6545064,Kim-Olaf Sørensen,0,1,0.0,0.3778004803536774,1,0,0,0,1,0,1,0,0,0,0,0,0.0,0.0,0,0,0,0.0,0.0,0,0,1,0.0,0.3778004803536774,1
1006331,Kenneth Rognstad,6839980,Daniel Lorentzen-Styr,1,0,0.3778004803536774,0.0,1,0,0,0,1,1,0,0,0,0,0,0,0.0,0.0,0,0,0,0.0,0.0,0,1,0,0.3778004803536774,0.0,1
6600268,Kim Soo Garmark,9221595,Christoffer Sørensen,0,1,0.0,0.3778004803536774,1,0,0,0,1,0,1,0,0,0,0,0,0.0,0.0,0,0,0,0.0,0.0,0,0,1,0.0,0.3778004803536774,1
1006323,Jørn Betten,1123060,"Paweł ""Mumrikken"" Zalewski",1,0,0.3778004803536774,0.0,1,0,0,0,1,1,0,0,0,0,0,0,0.0,0.0,0,0,0,0.0,0.0,0,1,0,0.3778004803536774,0.0,1
1006515,Thorbjørn Vildar Dahl Eriksen,9017413,Terje Mo Hanssen,0,1,0.0,0.3778004803536774,1,0,0,0,1,0,1,0,0,0,0,0,0.0,0.0,0,0,0,0.0,0.0,0,0,1,0.0,0.3778004803536774,1
1524570,Stig Berntsen,6545064,Kim-Olaf Sørensen,1,0,0.3778004803536774,0.0,1,0,0,0,1,1,0,0,0,0,0,0,0.0,0.0,0,0,0,0.0,0.0,0,1,0,0.3778004803536774,0.0,1
1006204,Egil Arne Sørensen,1006331,Kenneth Rognstad,0,1,0.0,0.3778004803536774,1,0,0,0,1,0,1,0,0,0,0,0,0.0,0.0,0,0,0,0.0,0.0,0,0,1,0.0,0.3778004803536774,1
1006323,Jørn Betten,9221595,Christoffer Sørensen,0,1,0.0,0.3778004803536774,1,0,0,0,1,0,1,0,0,0,0,0,0.0,0.0,0,0,0,0.0,0.0,0,0,1,0.0,0.3778004803536774,1
1006331,Kenneth Rognstad,1524570,Stig Berntsen,1,0,0.3778004803536774,0.0,1,0,0,0,1,1,0,0,0,0,0,0,0.0,0.0,0,0,0,0.0,0.0,0,1,0,0.3778004803536774,0.0,1
2581136,Mona Søvold Sunde,9221595,Christoffer Sørensen,0,1,0.0,0.37779002454920996,1,0,0,0,1,0,1,0,0,0,0,0,0.0,0.0,0,0,1,0.0,0.37779002454920996,1,0,0,0.0,0.0,0
1006214,Emil André Gangfløt,1123060,"Paweł ""Mumrikken"" Zalewski",1,0,0.37779002454920996,0.0,1,0,0,0,1,1,0,0,0,0,0,0,0.0,0.0,0,1,0,0.37779002454920996,0.0,1,0,0,0.0,0.0,0
1297624,Steffan Hansen,6839980,Daniel Lorentzen-Styr,0,1,0.0,0.37779002454920996,1,0,0,0,1,0,1,0,0,0,0,0,0.0,0.0,0,0,1,0.0,0.37779002454920996,1,0,0,0.0,0.0,0
11151241,Thomas Fantoft,1510340,Andris Viksnins,0,1,0.0,0.37779002454920996,1,0,0,0,1,0,1,0,0,0,0,0,0.0,0.0,0,0,1,0.0,0.37779002454920996,1,0,0,0.0,0.0,0
1006515,Thorbjørn Vildar Dahl Eriksen,1524570,Stig Berntsen,0,1,0.0,0.37779002454920996,1,0,0,0,1,0,1,0,0,0,0,0,0.0,0.0,0,0,1,0.0,0.37779002454920996,1,0,0,0.0,0.0,0
10220035,Marius Lamby Solvang,10774063,Axel Mikhail Dalberg,0,1,0.0,0.37779002454920996,1,0,0,0,1,0,1,0,0,0,0,0,0.0,0.0,0,0,1,0.0,0.37779002454920996,1,0,0,0.0,0.0,0
1006331,Kenneth Rognstad,12042235,Evert Andersson,0,1,0.0,0.37779002454920996,1,0,0,0,1,0,1,0,0,0,0,0,0.0,0.0,0,0,1,0.0,0.37779002454920996,1,0,0,0.0,0.0,0
1552001,Stig Elde Mikkelsen,7711820,Marie Hoff Petersen,1,0,0.37779002454920996,0.0,1,0,0,0,1,1,0,0,0,0,0,0,0.0,0.0,0,1,0,0.37779002454920996,0.0,1,0,0,0.0,0.0,0
1006340,Kjartan Maraas,2037584,Rune Christoffer Berntsen,1,0,0.37779002454920996,0.0,1,0,0,0,1,1,0,0,0,0,0,0,0.0,0.0,0,1,0,0.37779002454920996,0.0,1,0,0,0.0,0.0,0
1006124,Albert-Roman Borrie Stensrød,1006323,Jørn Betten,0,1,0.0,0.37779002454920996,1,0,0,0,1,0,1,0,0,0,0,0,0.0,0.0,0,0,1,0.0,0.37779002454920996,1,0,0,0.0,0.0,0
9017413,Terje Mo Hanssen,9221595,Christoffer Sørensen,1,0,0.37779002454920996,0.0,1,0,0,0,1,1,0,0,0,0,0,0,0.0,0.0,0,1,0,0.37779002454920996,0.0,1,0,0,0.0,0.0,0
1006214,Emil André Gangfløt,6839980,Daniel Lorentzen-Styr,0,1,0.0,0.37779002454920996,1,0,0,0,1,0,1,0,0,0,0,0,0.0,0.0,0,0,1,0.0,0.37779002454920996,1,0,0,0.0,0.0,0
1524570,Stig Berntsen,8498578,Riaz Ali,0,1,0.0,0.37779002454920996,1,0,0,0,1,0,1,0,0,0,0,0,0.0,0.0,0,0,1,0.0,0.37779002454920996,1,0,0,0.0,0.0,0
10774063,Axel Mikhail Dalberg,6600268,Kim Soo Garmark,0,1,0.0,0.37779002454920996,1,0,0,0,1,0,1,0,0,0,0,0,0.0,0.0,0,0,1,0.0,0.37779002454920996,1,0,0,0.0,0.0,0
1006216,Emil Bjørkmann,1552001,Stig Elde Mikkelsen,0,1,0.0,0.37779002454920996,1,0,0,0,1,0,1,0,0,0,0,0,0.0,0.0,0,0,1,0.0,0.37779002454920996,1,0,0,0.0,0.0,0
1006323,Jørn Betten,1006340,Kjartan Maraas,0,1,0.0,0.37779002454920996,1,0,0,0,1,0,1,0,0,0,0,0,0.0,0.0,0,0,1,0.0,0.37779002454920996,1,0,0,0.0,0.0,0
1510340,Andris Viksnins,8498578,Riaz Ali,0,1,0.0,0.37779002454920996,1,0,0,0,1,0,1,0,0,0,0,0,0.0,0.0,0,0,1,0.0,0.37779002454920996,1,0,0,0.0,0.0,0
12042235,Evert Andersson,6600268,Kim Soo Garmark,1,0,0.37779002454920996,0.0,1,0,0,0,1,1,0,0,0,0,0,0,0.0,0.0,0,1,0,0.37779002454920996,0.0,1,0,0,0.0,0.0,0
1006340,Kjartan Maraas,1552001,Stig Elde Mikkelsen,0,1,0.0,0.37779002454920996,1,0,0,0,1,0,1,0,0,0,0,0,0.0,0.0,0,0,1,0.0,0.37779002454920996,1,0,0,0.0,0.0,0
8498578,Riaz Ali,9017413,Terje Mo Hanssen,0,1,0.0,0.37779002454920996,1,0,0,0,1,0,1,0,0,0,0,0,0.0,0.0,0,0,1,0.0,0.37779002454920996,1,0,0,0.0,0.0,0
12042235,Evert Andersson,1552001,Stig Elde Mikkelsen,1,0,0.37779002454920996,0.0,1,0,0,0,1,1,0,0,0,0,0,0,0.0,0.0,0,1,0,0.37779002454920996,0.0,1,0,0,0.0,0.0,0
16672027,Michael Brandt,5140422,Tomas Gryczon,1,0,0.37777857328586056,0.0,1,0,0,0,1,1,0,0,0,0,1,0,0.37777857328586056,0.0,1,0,0,0.0,0.0,0,0,0,0.0,0.0,0
10774063,Axel Mikhail Dalberg,1123060,"Paweł ""Mumrikken"" Zalewski",0,1,0.0,0.37777857328586056,1,0,0,0,1,0,1,0,0,0,0,1,0.0,0.37777857328586056,1,0,0,0.0,0.0,0,0,0,0.0,0.0,0
1006216,Emil Bjørkmann,1006323,Jørn Betten,1,0,0.37777857328586056,0.0,1,0,0,0,1,1,0,0,0,0,1,0,0.37777857328586056,0.0,1,0,0,0.0,0.0,0,0,0,0.0,0.0,0
1298131,Jack Nordby,1552001,Stig Elde Mikkelsen,1,0,0.37777857328586056,0.0,1,0,0,0,1,1,0,0,0,0,1,0,0.37777857328586056,0.0,1,0,0,0.0,0.0,0,0,0,0.0,0.0,0
1006515,Thorbjørn Vildar Dahl Eriksen,1670605,Bernadette Bodó,1,0,0.37777857328586056,0.0,1,0,0,0,1,1,0,0,0,0,1,0,0.37777857328586056,0.0,1,0,0,0.0,0.0,0,0,0,0.0,0.0,0
1297624,Steffan Hansen,9017413,Terje Mo Hanssen,0,1,0.0,0.37777857328586056,1,0,0,0,1,0,1,0,0,0,0,1,0.0,0.37777857328586056,1,0,0,0.0,0.0,0,0,0,0.0,0.0,0
16672135,Eivind Tunstad,9221595,Christoffer Sørensen,0,1,0.0,0.37777857328586056,1,0,0,0,1,0,1,0,0,0,0,1,0.0,0.37777857328586056,1,0,0,0.0,0.0,0,0,0,0.0,0.0,0
11151241,Thomas Fantoft,1524570,Stig Berntsen,0,1,0.0,0.37777857328586056,1,0,0,0,1,0,1,0,0,0,0,1,0.0,0.37777857328586056,1,0,0,0.0,0.0,0,0,0,0.0,0.0,0
1006186,Christian Wikeby,2037584,Rune Christoffer Berntsen,1,0,0.37777857328586056,0.0,1,0,0,0,1,1,0,0,0,0,1,0,0.37777857328586056,0.0,1,0,0,0.0,0.0,0,0,0,0.0,0.0,0
16670470,Brede Rullut,7711820,Marie Hoff Petersen,1,0,0.37777857328586056,0.0,1,0,0,0,1,1,0,0,0,0,1,0,0.37777857328586056,0.0,1,0,0,0.0,0.0,0,0,0,0.0,0.0,0
10220035,Marius Lamby Solvang,12042235,Evert Andersson,0,1,0.0,0.37777857328586056,1,0,0,0,1,0,1,0,0,0,0,1,0.0,0.37777857328586056,1,0,0,0.0,0.0,0,0,0,0.0,0.0,0
1069895,Ragnar Hansen,16672027,Michael Brandt,1,0,0.37777857328586056,0.0,1,0,0,0,1,1,0,0,0,0,1,0,0.37777857328586056,0.0,1,0,0,0.0,0.0,0,0,0,0.0,0.0,0
1123060,"Paweł ""Mumrikken"" Zalewski",1417853,Robin Hauge Pettersen,0,1,0.0,0.37777857328586056,1,0,0,0,1,0,1,0,0,0,0,1,0.0,0.37777857328586056,1,0,0,0.0,0.0,0,0,0,0.0,0.0,0
1006216,Emil Bjørkmann,1298131,Jack Nordby,1,0,0.37777857328586056,0.0,1,0,0,0,1,1,0,0,0,0,1,0,0.37777857328586056,0.0,1,0,0,0.0,0.0,0,0,0,0.0,0.0,0
1006204,Egil Arne Sørensen,9017413,Terje Mo Hanssen,0,1,0.0,0.37777857328586056,1,0,0,0,1,0,1,0,0,0,0,1,0.0,0.37777857328586056,1,0,0,0.0,0.0,0,0,0,0.0,0.0,0
6839980,Daniel Lorentzen-Styr,9221595,Christoffer Sørensen,1,0,0.37777857328586056,0.0,1,0,0,0,1,1,0,0,0,0,1,0,0.37777857328586056,0.0,1,0,0,0.0,0.0,0,0,0,0.0,0.0,0
1006186,Christian Wikeby,1524570,Stig Berntsen,1,0,0.37777857328586056,0.0,1,0,0,0,1,1,0,0,0,0,1,0,0.37777857328586056,0.0,1,0,0,0.0,0.0,0,0,0,0.0,0.0,0
12042235,Evert Andersson,16670470,Brede Rullut,1,0,0.37777857328586056,0.0,1,0,0,0,1,1,0,0,0,0,1,0,0.37777857328586056,0.0,1,0,0,0.0,0.0,0,0,0,0.0,0.0,0
1006216,Emil Bjørkmann,6600268,Kim Soo Garmark,0,1,0.0,0.37777857328586056,1,0,0,0,1,0,1,0,0,0,0,1,0.0,0.37777857328586056,1,0,0,0.0,0.0,0,0,0,0.0,0.0,0
1417853,Robin Hauge Pettersen,6600268,Kim Soo Garmark,1,0,0.37777857328586056,0.0,1,0,0,0,1,1,0,0,0,0,1,0,0.37777857328586056,0.0,1,0,0,0.0,0.0,0,0,0,0.0,0.0,0
1006373,Mark McGauley,6137239,Rudi Mathisen,0,1,0.0,0.3768485306457643,1,0,0,0,1,0,1,0,0,0,0,0,0.0,0.0,0,0,1,0.0,0.3768485306457643,1,0,0,0.0,0.0,0
1006252,Gjermund Flage,1024799,Stig Nesvik,0,1,0.0,0.3768485306457643,1,0,0,0,1,0,1,0,0,0,0,0,0.0,0.0,0,0,1,0.0,0.3768485306457643,1,0,0,0.0,0.0,0
1006351,Knut Inge Røstvold,1014767,Astrid Eiken Flage,0,1,0.0,0.3768485306457643,1,0,0,0,1,0,1,0,0,0,0,0,0.0,0.0,0,0,1,0.0,0.3768485306457643,1,0,0,0.0,0.0,0
1006271,Henrik Hagen,10540801,Vasileios Nikolaou,1,0,0.3768485306457643,0.0,1,0,0,0,1,1,0,0,0,0,0,0,0.0,0.0,0,1,0,0.3768485306457643,0.0,1,0,0,0.0,0.0,0
1006163,Bjørn Bratteberg,1006388,Mats Brujordet Schjetne,1,0,0.3768485306457643,0.0,1,0,0,0,1,1,0,0,0,0,0,0,0.0,0.0,0,1,0,0.3768485306457643,0.0,1,0,0,0.0,0.0,0
1006214,Emil André Gangfløt,9221595,Christoffer Sørensen,1,0,0.3768485306457643,0.0,1,0,0,0,1,1,0,0,0,0,0,0,0.0,0.0,0,1,0,0.3768485306457643,0.0,1,0,0,0.0,0.0,0
1006161,Bernt Even Nilsen,8383377,Tina Lindvall,1,0,0.3768485306457643,0.0,1,0,0,0,1,1,0,0,0,0,0,0,0.0,0.0,0,1,0,0.3768485306457643,0.0,1,0,0,0.0,0.0,0
1006204,Egil Arne Sørensen,1079105,Didrik Vatne,0,1,0.0,0.3768485306457643,1,0,0,0,1,0,1,0,0,0,0,0,0.0,0.0,0,0,1,0.0,0.3768485306457643,1,0,0,0.0,0.0,0
6137239,Rudi Mathisen,8383376,Hans Petter Ilstad,1,0,0.3768485306457643,0.0,1,0,0,0,1,1,0,0,0,0,0,0,0.0,0.0,0,1,0,0.3768485306457643,0.0,1,0,0,0.0,0.0,0
1006244,Gard Eiken Flage,1085688,Odd Martin Asp,0,1,0.0,0.3768485306457643,1,0,0,0,1,0,1,0,0,0,0,0,0.0,0.0,0,0,1,0.0,0.3768485306457643,1,0,0,0.0,0.0,0
1024799,Stig Nesvik,5105380,Alexander Høva,0,1,0.0,0.3768485306457643,1,0,0,0,1,0,1,0,0,0,0,0,0.0,0.0,0,0,1,0.0,0.3768485306457643,1,0,0,0.0,0.0,0
1014767,Astrid Eiken Flage,16630669,Marios Zalachas,1,0,0.3768485306457643,0.0,1,0,0,0,1,1,0,0,0,0,0,0,0.0,0.0,0,1,0,0.3768485306457643,0.0,1,0,0,0.0,0.0,0
1006271,Henrik Hagen,6691281,Andreas Wahr-Hansen,1,0,0.3768485306457643,0.0,1,0,0,0,1,1,0,0,0,0,0,0,0.0,0.0,0,1,0,0.3768485306457643,0.0,1,0,0,0.0,0.0,0
1006399,Nedzat Cimilji,1272012,Erol Dane Mula,1,0,0.3768485306457643,0.0,1,0,0,0,1,1,0,0,0,0,0,0,0.0,0.0,0,1,0,0.3768485306457643,0.0,1,0,0,0.0,0.0,0
1268827,Bastian Andreassen,1298131,Jack Nordby,1,0,0.3768485306457643,0.0,1,0,0,0,1,1,0,0,0,0,0,0,0.0,0.0,0,1,0,0.3768485306457643,0.0,1,0,0,0.0,0.0,0
1006209,Eirik Tonning Hatløy,1006340,Kjartan Maraas,1,0,0.3768485306457643,0.0,1,0,0,0,1,1,0,0,0,0,0,0,0.0,0.0,0,1,0,0.3768485306457643,0.0,1,0,0,0.0,0.0,0
16631866,Matteo Melera,4849639,Petter Rognlien,0,1,0.0,0.3768485306457643,1,0,0,0,1,0,1,0,0,0,0,0,0.0,0.0,0,0,1,0.0,0.3768485306457643,1,0,0,0.0,0.0,0
1006214,Emil André Gangfløt,1006360,Lars Harby,1,0,0.3768485306457643,0.0,1,0,0,0,1,1,0,0,0,0,0,0,0.0,0.0,0,1,0,0.3768485306457643,0.0,1,0,0,0.0,0.0,0
1006328,Lioness Princess,1006493,Steinar Moe,1,0,0.3768485306457643,0.0,1,0,0,0,1,1,0,0,0,0,0,0,0.0,0.0,0,1,0,0.3768485306457643,0.0,1,0,0,0.0,0.0,0
1006161,Bernt Even Nilsen,7959797,Pergantis Zalachas,1,0,0.3768485306457643,0.0,1,0,0,0,1,1,0,0,0,0,0,0,0.0,0.0,0,1,0,0.3768485306457643,0.0,1,0,0,0.0,0.0,0
16501348,Øyvind Dale,3428055,Rune Fevang,0,1,0.0,0.3768485306457643,1,0,0,0,1,0,1,0,0,0,0,0,0.0,0.0,0,0,1,0.0,0.3768485306457643,1,0,0,0.0,0.0,0
1079105,Didrik Vatne,8206764,Grzegorz Tabor,0,1,0.0,0.3768485306457643,1,0,0,0,1,0,1,0,0,0,0,0,0.0,0.0,0,0,1,0.0,0.3768485306457643,1,0,0,0.0,0.0,0
1006373,Mark McGauley,1079105,Didrik Vatne,0,1,0.0,0.3768485306457643,1,0,0,0,1,0,1,0,0,0,0,0,0.0,0.0,0,0,1,0.0,0.3768485306457643,1,0,0,0.0,0.0,0
1006252,Gjermund Flage,7959797,Pergantis Zalachas,1,0,0.3768485306457643,0.0,1,0,0,0,1,1,0,0,0,0,0,0,0.0,0.0,0,1,0,0.3768485306457643,0.0,1,0,0,0.0,0.0,0
1006351,Knut Inge Røstvold,1006493,Steinar Moe,1,0,0.3768485306457643,0.0,1,0,0,0,1,1,0,0,0,0,0,0,0.0,0.0,0,1,0,0.3768485306457643,0.0,1,0,0,0.0,0.0,0
1006360,Lars Harby,10540801,Vasileios Nikolaou,0,1,0.0,0.3768485306457643,1,0,0,0,1,0,1,0,0,0,0,0,0.0,0.0,0,0,1,0.0,0.3768485306457643,1,0,0,0.0,0.0,0
2581136,Mona Søvold Sunde,6600268,Kim Soo Garmark,0,1,0.0,0.3768485306457643,1,0,0,0,1,0,1,0,0,0,0,0,0.0,0.0,0,0,1,0.0,0.3768485306457643,1,0,0,0.0,0.0,0
1006388,Mats Brujordet Schjetne,1272012,Erol Dane Mula,1,0,0.3768485306457643,0.0,1,0,0,0,1,1,0,0,0,0,0,0,0.0,0.0,0,1,0,0.3768485306457643,0.0,1,0,0,0.0,0.0,0
6691281,Andreas Wahr-Hansen,9221595,Christoffer Sørensen,0,1,0.0,0.3768485306457643,1,0,0,0,1,0,1,0,0,0,0,0,0.0,0.0,0,0,1,0.0,0.3768485306457643,1,0,0,0.0,0.0,0
1024799,Stig Nesvik,8383377,Tina Lindvall,1,0,0.3768485306457643,0.0,1,0,0,0,1,1,0,0,0,0,0,0,0.0,0.0,0,1,0,0.3768485306457643,0.0,1,0,0,0.0,0.0,0
1006204,Egil Arne Sørensen,8383376,Hans Petter Ilstad,1,0,0.3768485306457643,0.0,1,0,0,0,1,1,0,0,0,0,0,0,0.0,0.0,0,1,0,0.3768485306457643,0.0,1,0,0,0.0,0.0,0
1085688,Odd Martin Asp,6137239,Rudi Mathisen,0,1,0.0,0.3768485306457643,1,0,0,0,1,0,1,0,0,0,0,0,0.0,0.0,0,0,1,0.0,0.3768485306457643,1,0,0,0.0,0.0,0
1014767,Astrid Eiken Flage,5105380,Alexander Høva,1,0,0.3768485306457643,0.0,1,0,0,0,1,1,0,0,0,0,0,0,0.0,0.0,0,1,0,0.3768485306457643,0.0,1,0,0,0.0,0.0,0
1006271,Henrik Hagen,1006399,Nedzat Cimilji,0,1,0.0,0.3768485306457643,1,0,0,0,1,0,1,0,0,0,0,0,0.0,0.0,0,0,1,0.0,0.3768485306457643,1,0,0,0.0,0.0,0
1268827,Bastian Andreassen,6839980,Daniel Lorentzen-Styr,1,0,0.3768485306457643,0.0,1,0,0,0,1,1,0,0,0,0,0,0,0.0,0.0,0,1,0,0.3768485306457643,0.0,1,0,0,0.0,0.0,0
1006209,Eirik Tonning Hatløy,4849639,Petter Rognlien,0,1,0.0,0.3768485306457643,1,0,0,0,1,0,1,0,0,0,0,0,0.0,0.0,0,0,1,0.0,0.3768485306457643,1,0,0,0.0,0.0,0
1006163,Bjørn Bratteberg,1006214,Emil André Gangfløt,1,0,0.3768485306457643,0.0,1,0,0,0,1,1,0,0,0,0,0,0,0.0,0.0,0,1,0,0.3768485306457643,0.0,1,0,0,0.0,0.0,0
1006161,Bernt Even Nilsen,1006328,Lioness Princess,1,0,0.3768485306457643,0.0,1,0,0,0,1,1,0,0,0,0,0,0,0.0,0.0,0,1,0,0.3768485306457643,0.0,1,0,0,0.0,0.0,0
3428055,Rune Fevang,8206764,Grzegorz Tabor,0,1,0.0,0.3768485306457643,1,0,0,0,1,0,1,0,0,0,0,0,0.0,0.0,0,0,1,0.0,0.3768485306457643,1,0,0,0.0,0.0,0
1079105,Didrik Vatne,16501348,Øyvind Dale,1,0,0.3768485306457643,0.0,1,0,0,0,1,1,0,0,0,0,0,0,0.0,0.0,0,1,0,0.3768485306457643,0.0,1,0,0,0.0,0.0,0
10540801,Vasileios Nikolaou,1670605,Bernadette Bodó,0,1,0.0,0.3768485306457643,1,0,0,0,1,0,1,0,0,0,0,0,0.0,0.0,0,0,1,0.0,0.3768485306457643,1,0,0,0.0,0.0,0
1006340,Kjartan Maraas,16631866,Matteo Melera,0,1,0.0,0.3768485306457643,1,0,0,0,1,0,1,0,0,0,0,0,0.0,0.0,0,0,1,0.0,0.3768485306457643,1,0,0,0.0,0.0,0
1298131,Jack Nordby,6600268,Kim Soo Garmark,0,1,0.0,0.3768485306457643,1,0,0,0,1,0,1,0,0,0,0,0,0.0,0.0,0,0,1,0.0,0.3768485306457643,1,0,0,0.0,0.0,0
1006388,Mats Brujordet Schjetne,9221595,Christoffer Sørensen,0,1,0.0,0.3768485306457643,1,0,0,0,1,0,1,0,0,0,0,0,0.0,0.0,0,0,1,0.0,0.3768485306457643,1,0,0,0.0,0.0,0
1024799,Stig Nesvik,16630669,Marios Zalachas,1,0,0.3768485306457643,0.0,1,0,0,0,1,1,0,0,0,0,0,0,0.0,0.0,0,1,0,0.3768485306457643,0.0,1,0,0,0.0,0.0,0
1006204,Egil Arne Sørensen,1006244,Gard Eiken Flage,1,0,0.3768485306457643,0.0,1,0,0,0,1,1,0,0,0,0,0,0,0.0,0.0,0,1,0,0.3768485306457643,0.0,1,0,0,0.0,0.0,0
1079105,Didrik Vatne,6839980,Daniel Lorentzen-Styr,0,1,0.0,0.3768485306457643,1,0,0,0,1,0,1,0,0,0,0,0,0.0,0.0,0,0,1,0.0,0.3768485306457643,1,0,0,0.0,0.0,0
1006271,Henrik Hagen,1006351,Knut Inge Røstvold,0,1,0.0,0.3768485306457643,1,0,0,0,1,0,1,0,0,0,0,0,0.0,0.0,0,0,1,0.0,0.3768485306457643,1,0,0,0.0,0.0,0
1085688,Odd Martin Asp,16631866,Matteo Melera,1,0,0.3768485306457643,0.0,1,0,0,0,1,1,0,0,0,0,0,0,0.0,0.0,0,1,0,0.3768485306457643,0.0,1,0,0,0.0,0.0,0
3428055,Rune Fevang,6600268,Kim Soo Garmark,0,1,0.0,0.3768485306457643,1,0,0,0,1,0,1,0,0,0,0,0,0.0,0.0,0,0,1,0.0,0.3768485306457643,1,0,0,0.0,0.0,0
1006328,Lioness Princess,9221595,Christoffer Sørensen,1,0,0.3768485306457643,0.0,1,0,0,0,1,1,0,0,0,0,0,0,0.0,0.0,0,1,0,0.3768485306457643,0.0,1,0,0,0.0,0.0,0
1006214,Emil André Gangfløt,1024799,Stig Nesvik,0,1,0.0,0.3768485306457643,1,0,0,0,1,0,1,0,0,0,0,0,0.0,0.0,0,0,1,0.0,0.3768485306457643,1,0,0,0.0,0.0,0
1006204,Egil Arne Sørensen,1006209,Eirik Tonning Hatløy,0,1,0.0,0.3768485306457643,1,0,0,0,1,0,1,0,0,0,0,0,0.0,0.0,0,0,1,0.0,0.3768485306457643,1,0,0,0.0,0.0,0
1014767,Astrid Eiken Flage,6137239,Rudi Mathisen,1,0,0.3768485306457643,0.0,1,0,0,0,1,1,0,0,0,0,0,0,0.0,0.0,0,1,0,0.3768485306457643,0.0,1,0,0,0.0,0.0,0
1006399,Nedzat Cimilji,1268827,Bastian Andreassen,0,1,0.0,0.3768485306457643,1,0,0,0,1,0,1,0,0,0,0,0,0.0,0.0,0,0,1,0.0,0.3768485306457643,1,0,0,0.0,0.0,0
1006163,Bjørn Bratteberg,4849639,Petter Rognlien,1,0,0.3768485306457643,0.0,1,0,0,0,1,1,0,0,0,0,0,0,0.0,0.0,0,1,0,0.3768485306457643,0.0,1,0,0,0.0,0.0,0
1006161,Bernt Even Nilsen,8206764,Grzegorz Tabor,0,1,0.0,0.3768485306457643,1,0,0,0,1,0,1,0,0,0,0,0,0.0,0.0,0,0,1,0.0,0.3768485306457643,1,0,0,0.0,0.0,0
1006351,Knut Inge Røstvold,6839980,Daniel Lorentzen-Styr,0,1,0.0,0.3768485306457643,1,0,0,0,1,0,1,0,0,0,0,0,0.0,0.0,0,0,1,0.0,0.3768485306457643,1,0,0,0.0,0.0,0
1085688,Odd Martin Asp,1670605,Bernadette Bodó,0,1,0.0,0.3768485306457643,1,0,0,0,1,0,1,0,0,0,0,0,0.0,0.0,0,0,1,0.0,0.3768485306457643,1,0,0,0.0,0.0,0
1006328,Lioness Princess,6600268,Kim Soo Garmark,0,1,0.0,0.3768485306457643,1,0,0,0,1,0,1,0,0,0,0,0,0.0,0.0,0,0,1,0.0,0.3768485306457643,1,0,0,0.0,0.0,0
1006209,Eirik Tonning Hatløy,1024799,Stig Nesvik,1,0,0.3768485306457643,0.0,1,0,0,0,1,1,0,0,0,0,0,0,0.0,0.0,0,1,0,0.3768485306457643,0.0,1,0,0,0.0,0.0,0
4849639,Petter Rognlien,6839980,Daniel Lorentzen-Styr,1,0,0.3768485306457643,0.0,1,0,0,0,1,1,0,0,0,0,0,0,0.0,0.0,0,1,0,0.3768485306457643,0.0,1,0,0,0.0,0.0,0
1006161,Bernt Even Nilsen,1670605,Bernadette Bodó,0,1,0.0,0.3768485306457643,1,0,0,0,1,0,1,0,0,0,0,0,0.0,0.0,0,0,1,0.0,0.3768485306457643,1,0,0,0.0,0.0,0
6137239,Rudi Mathisen,6600268,Kim Soo Garmark,0,1,0.0,0.3768485306457643,1,0,0,0,1,0,1,0,0,0,0,0,0.0,0.0,0,0,1,0.0,0.3768485306457643,1,0,0,0.0,0.0,0
1006209,Eirik Tonning Hatløy,1006399,Nedzat Cimilji,1,0,0.3768485306457643,0.0,1,0,0,0,1,1,0,0,0,0,0,0,0.0,0.0,0,1,0,0.3768485306457643,0.0,1,0,0,0.0,0.0,0
16543003,Courtney Daniells,6686119,Levi Pavdeja,1,0,0.37517194632338197,0.0,1,0,0,0,1,1,0,0,0,0,0,0,0.0,0.0,0,1,0,0.37517194632338197,0.0,1,0,0,0.0,0.0,0
7980809,Jan Petter Svendsen,8383376,Hans Petter Ilstad,1,0,0.37517194632338197,0.0,1,0,0,0,1,1,0,0,0,0,0,0,0.0,0.0,0,1,0,0.37517194632338197,0.0,1,0,0,0.0,0.0,0
1006373,Mark McGauley,1061547,Henning Svensson,1,0,0.37517194632338197,0.0,1,0,0,0,1,1,0,0,0,0,0,0,0.0,0.0,0,1,0,0.37517194632338197,0.0,1,0,0,0.0,0.0,0
1006183,Christel Hanah Johnsen,8270907,Christian Söderström,0,1,0.0,0.37517194632338197,1,0,0,0,1,0,1,0,0,0,0,0,0.0,0.0,0,0,1,0.0,0.37517194632338197,1,0,0,0.0,0.0,0
1006197,Daniel Salole,16543003,Courtney Daniells,1,0,0.37517194632338197,0.0,1,0,0,0,1,1,0,0,0,0,0,0,0.0,0.0,0,1,0,0.37517194632338197,0.0,1,0,0,0.0,0.0,0
1006371,Marius Fredriksen,1030563,Alexander Baranji,1,0,0.37517194632338197,0.0,1,0,0,0,1,1,0,0,0,0,0,0,0.0,0.0,0,1,0,0.37517194632338197,0.0,1,0,0,0.0,0.0,0
1670605,Bernadette Bodó,6060601,Nomen Nescio,0,1,0.0,0.37517194632338197,1,0,0,0,1,0,1,0,0,0,0,0,0.0,0.0,0,0,1,0.0,0.37517194632338197,1,0,0,0.0,0.0,0
1006399,Nedzat Cimilji,16501348,Øyvind Dale,1,0,0.37517194632338197,0.0,1,0,0,0,1,1,0,0,0,0,0,0,0.0,0.0,0,1,0,0.37517194632338197,0.0,1,0,0,0.0,0.0,0
16541845,Georgina Askeland,7980809,Jan Petter Svendsen,0,1,0.0,0.37517194632338197,1,0,0,0,1,0,1,0,0,0,0,0,0.0,0.0,0,0,1,0.0,0.37517194632338197,1,0,0,0.0,0.0,0
10774063,Axel Mikhail Dalberg,1708121,Petter Olsen,0,1,0.0,0.37517194632338197,1,0,0,0,1,0,1,0,0,0,0,0,0.0,0.0,0,0,1,0.0,0.37517194632338197,1,0,0,0.0,0.0,0
2194859,Eivind Yoo Yong Jae Johansen,9836020,Francis Hughes,0,1,0.0,0.37517194632338197,1,0,0,0,1,0,1,0,0,0,0,0,0.0,0.0,0,0,1,0.0,0.37517194632338197,1,0,0,0.0,0.0,0
1006215,Emil Andreassen,1006373,Mark McGauley,0,1,0.0,0.37517194632338197,1,0,0,0,1,0,1,0,0,0,0,0,0.0,0.0,0,0,1,0.0,0.37517194632338197,1,0,0,0.0,0.0,0
1006161,Bernt Even Nilsen,1006340,Kjartan Maraas,1,0,0.37517194632338197,0.0,1,0,0,0,1,1,0,0,0,0,0,0,0.0,0.0,0,1,0,0.37517194632338197,0.0,1,0,0,0.0,0.0,0
1006281,Jan Atle Kofoed,9293059,Daniel Michalsen,0,1,0.0,0.37517194632338197,1,0,0,0,1,0,1,0,0,0,0,0,0.0,0.0,0,0,1,0.0,0.37517194632338197,1,0,0,0.0,0.0,0
1006360,Lars Harby,9221595,Christoffer Sørensen,1,0,0.37517194632338197,0.0,1,0,0,0,1,1,0,0,0,0,0,0,0.0,0.0,0,1,0,0.37517194632338197,0.0,1,0,0,0.0,0.0,0
1024799,Stig Nesvik,15015007,Nikola Tadijanović,1,0,0.37517194632338197,0.0,1,0,0,0,1,1,0,0,0,0,0,0,0.0,0.0,0,1,0,0.37517194632338197,0.0,1,0,0,0.0,0.0,0
1038588,Lucas Baranji,8270875,Ole Jørgen Egeland,1,0,0.37517194632338197,0.0,1,0,0,0,1,1,0,0,0,0,0,0,0.0,0.0,0,1,0,0.37517194632338197,0.0,1,0,0,0.0,0.0,0
1127825,Jeremy Caston,3309293,OC. Hansen,0,1,0.0,0.37517194632338197,1,0,0,0,1,0,1,0,0,0,0,0,0.0,0.0,0,0,1,0.0,0.37517194632338197,1,0,0,0.0,0.0,0
15769831,Thea Nordnes,2581136,Mona Søvold Sunde,1,0,0.37517194632338197,0.0,1,0,0,0,1,1,0,0,0,0,0,0,0.0,0.0,0,1,0,0.37517194632338197,0.0,1,0,0,0.0,0.0,0
1006328,Lioness Princess,8270907,Christian Söderström,0,1,0.0,0.37517194632338197,1,0,0,0,1,0,1,0,0,0,0,0,0.0,0.0,0,0,1,0.0,0.37517194632338197,1,0,0,0.0,0.0,0
15015007,Nikola Tadijanović,8383376,Hans Petter Ilstad,0,1,0.0,0.37517194632338197,1,0,0,0,1,0,1,0,0,0,0,0,0.0,0.0,0,0,1,0.0,0.37517194632338197,1,0,0,0.0,0.0,0
1006340,Kjartan Maraas,1061547,Henning Svensson,1,0,0.37517194632338197,0.0,1,0,0,0,1,1,0,0,0,0,0,0,0.0,0.0,0,1,0,0.37517194632338197,0.0,1,0,0,0.0,0.0,0
1006215,Emil Andreassen,6545064,Kim-Olaf Sørensen,1,0,0.37517194632338197,0.0,1,0,0,0,1,1,0,0,0,0,0,0,0.0,0.0,0,1,0,0.37517194632338197,0.0,1,0,0,0.0,0.0,0
1006183,Christel Hanah Johnsen,16543003,Courtney Daniells,1,0,0.37517194632338197,0.0,1,0,0,0,1,1,0,0,0,0,0,0,0.0,0.0,0,1,0,0.37517194632338197,0.0,1,0,0,0.0,0.0,0
1006197,Daniel Salole,1006371,Marius Fredriksen,1,0,0.37517194632338197,0.0,1,0,0,0,1,1,0,0,0,0,0,0,0.0,0.0,0,1,0,0.37517194632338197,0.0,1,0,0,0.0,0.0,0
1006399,Nedzat Cimilji,6060601,Nomen Nescio,0,1,0.0,0.37517194632338197,1,0,0,0,1,0,1,0,0,0,0,0,0.0,0.0,0,0,1,0.0,0.37517194632338197,1,0,0,0.0,0.0,0
1708121,Petter Olsen,7980809,Jan Petter Svendsen,1,0,0.37517194632338197,0.0,1,0,0,0,1,1,0,0,0,0,0,0,0.0,0.0,0,1,0,0.37517194632338197,0.0,1,0,0,0.0,0.0,0
1006373,Mark McGauley,9836020,Francis Hughes,0,1,0.0,0.37517194632338197,1,0,0,0,1,0,1,0,0,0,0,0,0.0,0.0,0,0,1,0.0,0.37517194632338197,1,0,0,0.0,0.0,0
1006161,Bernt Even Nilsen,9293059,Daniel Michalsen,0,1,0.0,0.37517194632338197,1,0,0,0,1,0,1,0,0,0,0,0,0.0,0.0,0,0,1,0.0,0.37517194632338197,1,0,0,0.0,0.0,0
1038588,Lucas Baranji,3309293,OC. Hansen,1,0,0.37517194632338197,0.0,1,0,0,0,1,1,0,0,0,0,0,0,0.0,0.0,0,1,0,0.37517194632338197,0.0,1,0,0,0.0,0.0,0
15769831,Thea Nordnes,8270907,Christian Söderström,0,1,0.0,0.37517194632338197,1,0,0,0,1,0,1,0,0,0,0,0,0.0,0.0,0,0,1,0.0,0.37517194632338197,1,0,0,0.0,0.0,0
1127825,Jeremy Caston,8270875,Ole Jørgen Egeland,1,0,0.37517194632338197,0.0,1,0,0,0,1,1,0,0,0,0,0,0,0.0,0.0,0,1,0,0.37517194632338197,0.0,1,0,0,0.0,0.0,0
8383376,Hans Petter Ilstad,9221595,Christoffer Sørensen,1,0,0.37517194632338197,0.0,1,0,0,0,1,1,0,0,0,0,0,0,0.0,0.0,0,1,0,0.37517194632338197,0.0,1,0,0,0.0,0.0,0
1006215,Emil Andreassen,2194859,Eivind Yoo Yong Jae Johansen,1,0,0.37517194632338197,0.0,1,0,0,0,1,1,0,0,0,0,0,0,0.0,0.0,0,1,0,0.37517194632338197,0.0,1,0,0,0.0,0.0,0
10774063,Axel Mikhail Dalberg,16541845,Georgina Askeland,1,0,0.37517194632338197,0.0,1,0,0,0,1,1,0,0,0,0,0,0,0.0,0.0,0,1,0,0.37517194632338197,0.0,1,0,0,0.0,0.0,0
16501348,Øyvind Dale,1670605,Bernadette Bodó,0,1,0.0,0.37517194632338197,1,0,0,0,1,0,1,0,0,0,0,0,0.0,0.0,0,0,1,0.0,0.37517194632338197,1,0,0,0.0,0.0,0
1006183,Christel Hanah Johnsen,1030563,Alexander Baranji,0,1,0.0,0.37517194632338197,1,0,0,0,1,0,1,0,0,0,0,0,0.0,0.0,0,0,1,0.0,0.37517194632338197,1,0,0,0.0,0.0,0
1127825,Jeremy Caston,7980809,Jan Petter Svendsen,0,1,0.0,0.37517194632338197,1,0,0,0,1,0,1,0,0,0,0,0,0.0,0.0,0,0,1,0.0,0.37517194632338197,1,0,0,0.0,0.0,0
1006399,Nedzat Cimilji,8383376,Hans Petter Ilstad,0,1,0.0,0.37517194632338197,1,0,0,0,1,0,1,0,0,0,0,0,0.0,0.0,0,0,1,0.0,0.37517194632338197,1,0,0,0.0,0.0,0
1006340,Kjartan Maraas,1006371,Marius Fredriksen,0,1,0.0,0.37517194632338197,1,0,0,0,1,0,1,0,0,0,0,0,0.0,0.0,0,0,1,0.0,0.37517194632338197,1,0,0,0.0,0.0,0
1006215,Emil Andreassen,15769831,Thea Nordnes,1,0,0.37517194632338197,0.0,1,0,0,0,1,1,0,0,0,0,0,0,0.0,0.0,0,1,0,0.37517194632338197,0.0,1,0,0,0.0,0.0,0
1006161,Bernt Even Nilsen,1030563,Alexander Baranji,0,1,0.0,0.37517194632338197,1,0,0,0,1,0,1,0,0,0,0,0,0.0,0.0,0,0,1,0.0,0.37517194632338197,1,0,0,0.0,0.0,0
1006197,Daniel Salole,6060601,Nomen Nescio,1,0,0.37517194632338197,0.0,1,0,0,0,1,1,0,0,0,0,0,0,0.0,0.0,0,1,0,0.37517194632338197,0.0,1,0,0,0.0,0.0,0
1708121,Petter Olsen,9836020,Francis Hughes,0,1,0.0,0.37517194632338197,1,0,0,0,1,0,1,0,0,0,0,0,0.0,0.0,0,0,1,0.0,0.37517194632338197,1,0,0,0.0,0.0,0
1006360,Lars Harby,9293059,Daniel Michalsen,0,1,0.0,0.37517194632338197,1,0,0,0,1,0,1,0,0,0,0,0,0.0,0.0,0,0,1,0.0,0.37517194632338197,1,0,0,0.0,0.0,0
1038588,Lucas Baranji,8270907,Christian Söderström,1,0,0.37517194632338197,0.0,1,0,0,0,1,1,0,0,0,0,0,0,0.0,0.0,0,1,0,0.37517194632338197,0.0,1,0,0,0.0,0.0,0
1006328,Lioness Princess,7980809,Jan Petter Svendsen,1,0,0.37517194632338197,0.0,1,0,0,0,1,1,0,0,0,0,0,0,0.0,0.0,0,1,0,0.37517194632338197,0.0,1,0,0,0.0,0.0,0
1006371,Marius Fredriksen,8383376,Hans Petter Ilstad,0,1,0.0,0.37517194632338197,1,0,0,0,1,0,1,0,0,0,0,0,0.0,0.0,0,0,1,0.0,0.37517194632338197,1,0,0,0.0,0.0,0
1006215,Emil Andreassen,10774063,Axel Mikhail Dalberg,1,0,0.37517194632338197,0.0,1,0,0,0,1,1,0,0,0,0,0,0,0.0,0.0,0,1,0,0.37517194632338197,0.0,1,0,0,0.0,0.0,0
1024799,Stig Nesvik,1030563,Alexander Baranji,0,1,0.0,0.37517194632338197,1,0,0,0,1,0,1,0,0,0,0,0,0.0,0.0,0,0,1,0.0,0.37517194632338197,1,0,0,0.0,0.0,0
8270907,Christian Söderström,8383376,Hans Petter Ilstad,0,1,0.0,0.37517194632338197,1,0,0,0,1,0,1,0,0,0,0,0,0.0,0.0,0,0,1,0.0,0.37517194632338197,1,0,0,0.0,0.0,0
1006215,Emil Andreassen,6060601,Nomen Nescio,1,0,0.37517194632338197,0.0,1,0,0,0,1,1,0,0,0,0,0,0,0.0,0.0,0,1,0,0.37517194632338197,0.0,1,0,0,0.0,0.0,0
1030563,Alexander Baranji,1708121,Petter Olsen,1,0,0.37517194632338197,0.0,1,0,0,0,1,1,0,0,0,0,0,0,0.0,0.0,0,1,0,0.37517194632338197,0.0,1,0,0,0.0,0.0,0
1030563,Alexander Baranji,9836020,Francis Hughes,1,0,0.37517194632338197,0.0,1,0,0,0,1,1,0,0,0,0,0,0,0.0,0.0,0,1,0,0.37517194632338197,0.0,1,0,0,0.0,0.0,0
1006215,Emil Andreassen,9293059,Daniel Michalsen,0,1,0.0,0.37517194632338197,1,0,0,0,1,0,1,0,0,0,0,0,0.0,0.0,0,0,1,0.0,0.37517194632338197,1,0,0,0.0,0.0,0
1038588,Lucas Baranji,8383376,Hans Petter Ilstad,0,1,0.0,0.37517194632338197,1,0,0,0,1,0,1,0,0,0,0,0,0.0,0.0,0,0,1,0.0,0.37517194632338197,1,0,0,0.0,0.0,0
8383376,Hans Petter Ilstad,9293059,Daniel Michalsen,0,1,0.0,0.37517194632338197,1,0,0,0,1,0,1,0,0,0,0,0,0.0,0.0,0,0,1,0.0,0.37517194632338197,1,0,0,0.0,0.0,0
1030563,Alexander Baranji,9293059,Daniel Michalsen,0,1,0.0,0.37517194632338197,1,0,0,0,1,0,1,0,0,0,0,0,0.0,0.0,0,0,1,0.0,0.37517194632338197,1,0,0,0.0,0.0,0
