player_id,player_name,image,countryImage,fargo_rating,previous_rating,latest_tournament,latest_tournament_source,in_latest_tournament,rating_status,latest_handicap,handicap_starttime,handicap_tournament_id,games,wins,losses,prior_games_overall,component,games_obk,wins_obk,losses_obk,games_ostkanten,wins_ostkanten,losses_ostkanten,games_both,wins_both,losses_both,overall_performance_residual,performance_games_overall,performance_weighted_games_overall,discipline_performance_8_ball,performance_games_8_ball,performance_weighted_games_8_ball,wins_8_ball,losses_8_ball,discipline_performance_9_ball,performance_games_9_ball,performance_weighted_games_9_ball,wins_9_ball,losses_9_ball,discipline_performance_10_ball,performance_games_10_ball,performance_weighted_games_10_ball,wins_10_ball,losses_10_ball,best_discipline,best_discipline_performance
6600268,Kim Soo Garmark,https://img.cuescore.com/image/2/4/201635ccb58face4f82ce896ddd377c5.png?t=1787502564,https://cuescore.com/img/flags/png-country-4x2-none/res-640x480/no.png,751.19,750.13,2026-05-10,ostkanten,False,anchored,,,,181,105,76,0,1,0,0,0,181,105,76,0,0,0,-0.223943,181,90.999469,0.115255,4,1.504438,3,1,-0.010451,165,81.959726,94,71,0.090667,12,7.535305,8,4,8-Ball,0.115255
1006184,Christian Johannessen,https://img.cuescore.com/image/5/4/59f058846aed9c9a08dbfff3d9b6bf16.png?t=1747123976,https://cuescore.com/img/flags/png-country-4x2-none/res-640x480/no.png,672.92,672.85,2022-08-07,ostkanten,False,anchored,,,,74,52,22,0,1,0,0,0,74,52,22,0,0,0,1.4e-05,74,18.003367,,0,0.0,0,0,0.0,74,18.003367,52,22,,0,0.0,0,0,9-Ball,0.0
1042070,Henrik Olsson,https://img.cuescore.com/image/f/4/f8748e76acc44f5ac8a99710e9e61762.png?t=1571386328,https://cuescore.com/img/flags/png-country-4x2-none/res-640x480/se.png,647.32,648.15,2026-02-22,ostkanten,False,anchored,,,,164,116,48,0,1,0,0,0,164,116,48,0,0,0,1e-05,164,93.813248,0.165051,30,25.693637,28,2,-0.029777,88,47.938328,60,28,-0.139401,46,20.181283,28,18,8-Ball,0.165051
1006220,Erik Gårdelöf,https://img.cuescore.com/image/e/4/e1266df8dfc9edb21a9816bb8c812135.png?t=1569668287,https://cuescore.com/img/flags/png-country-4x2-none/res-640x480/se.png,638.81,639.87,2026-09-27,ostkanten,False,anchored,,,,747,517,230,0,1,0,0,0,747,517,230,0,0,0,-0.036157,747,563.504688,-0.025814,56,43.218771,37,19,0.004123,676,511.069786,472,204,-0.107567,15,9.21613,8,7,9-Ball,0.004123
17978686,Ibra Alkhader,https://img.cuescore.com/image/e/4/eaf3ffcf4ae92f068c6e20ca069a3cfb.png?t=1692828855,https://cuescore.com/img/flags/png-country-4x2-none/res-640x480/sy.png,622.76,623.44,2026-06-28,ostkanten,False,anchored,,,,919,660,259,0,1,0,0,0,919,660,259,0,0,0,6e-06,919,746.833657,0.141261,144,107.199885,123,21,-0.023629,753,630.822057,523,230,-0.026972,22,8.811715,14,8,8-Ball,0.141261
1006420,Ole Tobias Tanilon Gangfløt,https://img.cuescore.com/image/f/4/f1926bc40d05863530d616af04169f4b.png?t=1514720572,https://cuescore.com/img/flags/png-country-4x2-none/res-640x480/no.png,618.34,617.92,2026-05-10,ostkanten,False,anchored,,,,89,60,29,0,1,0,0,0,89,60,29,0,0,0,-2.6e-05,89,78.087719,,0,0.0,0,0,0.0,89,78.087719,60,29,,0,0.0,0,0,9-Ball,0.0
3430505,Ben Tanner,https://img.cuescore.com/image/1/4/1a27ea57d57f6eefe3b9514bc38fc91d.png?t=1726497475,https://cuescore.com/img/flags/png-country-4x2-none/res-640x480/gb-eng.png,600.05,601.6,2026-08-30,ostkanten,False,anchored,,,,100,68,32,0,1,0,0,0,100,68,32,0,0,0,-6e-06,100,97.507751,,0,0.0,0,0,0.0,100,97.507751,68,32,,0,0.0,0,0,9-Ball,0.0
1006255,Håkon Walland,https://img.cuescore.com/image/3/4/3c9df88fec5120b505d32ab5786ac202.png?t=1546852114,https://cuescore.com/img/flags/png-country-4x2-none/res-640x480/no.png,599.62,600.4,2019-02-03,ostkanten,False,anchored,,,,62,42,20,0,1,0,0,0,62,42,20,0,0,0,-0.000156,62,9.039625,,0,0.0,0,0,-0.023428,38,4.956515,24,14,0.028439,24,4.083109,18,6,10-Ball,0.028439
1441973,Geir Holmqvist,https://img.cuescore.com/image/9/4/9e617dfff0c4c411fdad5791561e3986.png?t=1581519216,https://cuescore.com/img/flags/png-country-4x2-none/res-640x480/no.png,595.61,596.96,2026-08-23,ostkanten,False,anchored,,,,166,98,68,0,1,0,0,0,166,98,68,0,0,0,-6e-06,166,119.647062,-0.175507,12,8.163599,5,7,-0.007557,143,104.449994,85,58,0.315938,11,7.033468,8,3,10-Ball,0.315938
6839980,Daniel Lorentzen-Styr,https://img.cuescore.com/image/8/4/86fde4223f4b4cd7cd6a9f62e01922c5.png?t=1740319921,https://cuescore.com/img/flags/png-country-4x2-none/res-640x480/no.png,574.66,575.53,2026-07-19,ostkanten,False,anchored,,,,164,105,59,0,1,0,0,0,164,105,59,0,0,0,2.8e-05,164,108.313299,-0.079193,12,8.27725,8,4,0.035077,131,88.606027,90,41,-0.214572,21,11.430022,7,14,9-Ball,0.035077
1006271,Henrik Hagen,https://img.cuescore.com/image/e/4/e5ab795b615cb12579bf5296b45b25fc.png?t=1515999880,https://cuescore.com/img/flags/png-country-4x2-none/res-640x480/no.png,570.95,571.53,2022-07-07,ostkanten,False,anchored,,,,70,44,26,0,1,0,0,0,70,44,26,0,0,0,-1.7e-05,70,22.728862,,0,0.0,0,0,0.0,70,22.728862,44,26,,0,0.0,0,0,9-Ball,0.0
1006549,Umar Hayat Ali,https://img.cuescore.com/image/5/4/57348eddfe0304988fda97ec1e9cfed5.png?t=1537580099,https://cuescore.com/img/flags/png-country-4x2-none/res-640x480/no.png,570.26,570.84,2023-05-07,ostkanten,False,anchored,,,,91,59,32,0,1,0,0,0,91,59,32,0,0,0,-3e-05,91,16.63409,0.202634,12,2.41568,10,2,-0.042613,71,12.60081,44,27,0.02934,8,1.6176,5,3,8-Ball,0.202634
1006562,Yousef Austrheim,https://img.cuescore.com/image/8/4/862c792ba8eb7f97e626fbe6cbcc59f6.png,https://cuescore.com/img/flags/png-country-4x2-none/res-640x480/no.png,552.81,553.91,2026-08-30,ostkanten,False,anchored,,,,153,92,61,0,1,0,0,0,153,92,61,0,0,0,-1.6e-05,153,137.076463,,0,0.0,0,0,0.0,153,137.076463,92,61,,0,0.0,0,0,9-Ball,0.0
1006148,Arild Moilanen,https://img.cuescore.com/image/b/4/b708e87a6a061b0c5c4ff370d8aa270d.png?t=1631091225,https://cuescore.com/img/flags/png-country-4x2-none/res-640x480/no.png,551.29,552.77,2026-09-20,ostkanten,False,anchored,,,,46,28,18,4,1,0,0,0,46,28,18,0,0,0,0.021077,46,45.59441,,0,0.0,0,0,0.0,46,45.59441,28,18,,0,0.0,0,0,9-Ball,0.0
7284524,Daniel Hult,https://img.cuescore.com/image/6/4/6a0c03fb23b9ce44b6c520d3333bc4e2.png?t=1724841371,https://cuescore.com/img/flags/png-country-4x2-none/res-640x480/se.png,548.28,548.87,2025-11-30,ostkanten,False,anchored,,,,44,26,18,6,1,0,0,0,44,26,18,0,0,0,0.039226,44,36.211625,,0,0.0,0,0,0.0,44,36.211625,26,18,,0,0.0,0,0,9-Ball,0.0
25743094,Mohamed Salkiny,https://img.cuescore.com/image/2/4/2eb0efddf8b8f86551a61600f62cd9d9.png?t=1693824907,https://cuescore.com/img/flags/png-country-4x2-none/res-640x480/sy.png,547.76,548.97,2026-09-13,ostkanten,False,anchored,,,,274,161,113,0,1,0,0,0,274,161,113,0,0,0,7e-06,274,225.380235,0.020379,51,41.653554,30,21,0.003014,206,176.031531,123,83,-0.179264,17,7.69515,8,9,8-Ball,0.020379
1006453,Robin Nathan,https://img.cuescore.com/image/8/4/862c792ba8eb7f97e626fbe6cbcc59f6.png,https://cuescore.com/img/flags/png-country-4x2-none/res-640x480/no.png,543.99,545.36,2026-09-20,ostkanten,False,anchored,,,,434,253,181,0,1,0,0,0,434,253,181,0,0,0,-1.3e-05,434,272.354416,0.081578,68,36.285325,41,27,-0.010887,322,229.271238,185,137,-0.068251,44,6.797853,27,17,8-Ball,0.081578
1014993,Tron Vidar Engebakk,https://img.cuescore.com/image/5/4/5feb60003354010600e14e8d9294a896.png?t=1496737384,https://cuescore.com/img/flags/png-country-4x2-none/res-640x480/no.png,541.8,542.72,2025-11-16,ostkanten,False,anchored,,,,311,171,140,0,1,0,0,0,311,171,140,0,0,0,-8e-06,311,171.009169,-0.088793,36,22.691644,12,24,0.003211,249,130.52623,144,105,0.089692,26,17.791295,15,11,10-Ball,0.089692
1006216,Emil Bjørkmann,https://img.cuescore.com/image/c/4/c9975a4ae32a7fca6dd029089516ec07.png?t=1659863453,https://cuescore.com/img/flags/png-country-4x2-none/res-640x480/no.png,541.28,542.16,2026-01-11,ostkanten,False,anchored,,,,260,155,105,0,1,0,0,0,260,155,105,0,0,0,4e-06,260,206.984398,0.201928,3,1.128328,2,1,-0.000618,255,205.103808,152,103,-0.13447,2,0.752262,1,1,8-Ball,0.201928
1006360,Lars Harby,https://img.cuescore.com/image/4/4/4898d95a0d1786ec55d00f002137119c.png?t=1441974664,https://cuescore.com/img/flags/png-country-4x2-none/res-640x480/no.png,539.59,540.4,2025-09-07,ostkanten,False,anchored,,,,470,278,192,0,1,0,0,0,470,278,192,0,0,0,0.0,470,143.659128,0.015986,72,31.188036,44,28,-0.008507,364,106.822675,214,150,0.072613,34,5.648417,20,14,10-Ball,0.072613
1006292,Jan Thomassen,https://img.cuescore.com/image/0/4/03344da4b02a82722cd5f8d8c270c281.png?t=1630849658,https://cuescore.com/img/flags/png-country-4x2-none/res-640x480/no.png,538.74,539.78,2026-09-06,ostkanten,False,anchored,,,,1112,636,476,0,1,0,0,0,1112,636,476,0,0,0,1e-05,1112,677.317588,0.130917,101,53.604321,70,31,-0.010193,960,614.800704,539,421,-0.084261,51,8.912563,27,24,8-Ball,0.130917
10585213,Veejay Adriano,https://img.cuescore.com/image/e/4/e268690a958b4a979dc23aabddd13dac.png?t=1776426571,https://cuescore.com/img/flags/png-country-4x2-none/res-640x480/ph.png,537.46,538.96,2025-05-25,ostkanten,False,anchored,,,,67,44,23,0,1,0,0,0,67,44,23,0,0,0,9e-06,67,44.188609,,0,0.0,0,0,0.0,67,44.188609,44,23,,0,0.0,0,0,9-Ball,0.0
1006515,Thorbjørn Vildar Dahl Eriksen,https://img.cuescore.com/image/8/4/868df813ad6f5cffd252777db1935fbf.png?t=1497261618,https://cuescore.com/img/flags/png-country-4x2-none/res-640x480/no.png,536.14,536.85,2025-09-21,ostkanten,False,anchored,,,,375,207,168,0,1,0,0,0,375,207,168,0,0,0,5e-06,375,106.419882,0.041361,10,2.391451,6,4,0.013569,303,94.941319,169,134,-0.152649,62,9.087112,32,30,8-Ball,0.041361
1123060,"Paweł ""Mumrikken"" Zalewski",https://img.cuescore.com/image/9/4/90259d41e4d1c75a71a1737cde77cbe7.png?t=1690283137,https://cuescore.com/img/flags/png-country-4x2-none/res-640x480/no.png,532.01,532.76,2026-09-27,ostkanten,False,anchored,,,,1388,793,595,0,1,0,0,0,1388,793,595,0,0,0,1e-05,1388,1151.620968,0.032261,195,171.899801,127,68,-0.007318,1144,949.998679,646,498,0.047304,49,29.722488,20,29,10-Ball,0.047304
51736666,Yakup Aliz,https://img.cuescore.com/image/9/4/95ad0351251512cab1fa15040a914b26.png?t=1771328097,https://cuescore.com/img/flags/png-country-4x2-none/res-640x480/tr.png,524.66,527.61,2026-10-04,ostkanten,True,anchored,,,,1425,824,601,0,1,0,0,0,1425,824,601,0,0,0,2.6e-05,1425,1225.362297,0.023086,289,240.626114,172,117,-0.005641,1136,984.736183,652,484,,0,0.0,0,0,8-Ball,0.023086
20124274,Paolo Speciale,https://img.cuescore.com/image/9/4/9a5ff1e940f4f6029d545ce7295675ac.png?t=1707903294,https://cuescore.com/img/flags/png-country-4x2-none/res-640x480/it.png,524.58,525.71,2025-05-04,ostkanten,False,anchored,,,,100,53,47,0,1,0,0,0,100,53,47,0,0,0,-1.3e-05,100,51.898317,0.089818,47,27.326322,29,18,-0.088414,39,18.376156,18,21,-0.133913,14,6.195839,6,8,8-Ball,0.089818
1006372,Marius Nørsterud,https://img.cuescore.com/image/f/4/f349b875c195f5af718dd4c7501d325d.png?t=1480002630,https://cuescore.com/img/flags/png-country-4x2-none/res-640x480/no.png,524.22,524.65,2021-11-06,ostkanten,False,anchored,,,,56,29,27,0,1,0,0,0,56,29,27,0,0,0,-3.3e-05,56,13.947522,,0,0.0,0,0,0.0,56,13.947522,29,27,,0,0.0,0,0,9-Ball,0.0
1006373,Mark McGauley,https://img.cuescore.com/image/e/4/e9ebd785252499c54858a2385a4b92f8.png?t=1627826388,https://cuescore.com/img/flags/png-country-4x2-none/res-640x480/no.png,522.59,523.11,2023-05-07,ostkanten,False,anchored,,,,109,60,49,0,1,0,0,0,109,60,49,0,0,0,5e-06,109,36.435664,-0.072048,5,2.184564,2,3,0.026149,95,30.870234,54,41,-0.192204,9,3.380867,4,5,9-Ball,0.026149
3212629,Rolf G. Sedsbøe Jensen,https://img.cuescore.com/image/2/4/25c07dff394b54d88f9848f6de522519.png?t=1542614358,https://cuescore.com/img/flags/png-country-4x2-none/res-640x480/no.png,517.24,517.55,2025-03-30,ostkanten,False,anchored,,,,93,44,49,0,1,0,0,0,93,44,49,0,0,0,-3.2e-05,93,25.663147,,0,0.0,0,0,0.000339,86,23.033584,42,44,-0.002966,7,2.629563,2,5,9-Ball,0.000339
8206764,Grzegorz Tabor,https://img.cuescore.com/image/2/4/2e3d07c1b46a78cdc7aaaa76cb95f7fe.png?t=1644406413,https://cuescore.com/img/flags/png-country-4x2-none/res-640x480/pl.png,516.3,516.64,2023-02-05,ostkanten,False,anchored,,,,91,51,40,0,1,0,0,0,91,51,40,0,0,0,-8e-06,91,34.488953,-0.217054,8,3.241805,3,5,0.030366,50,18.850636,29,21,0.010586,33,12.396511,19,14,9-Ball,0.030366
1006514,Thomas Pedersen,https://img.cuescore.com/image/b/4/bbfba97afb24d0205e2c96ce54c0fa3c.png?t=1575984272,https://cuescore.com/img/flags/png-country-4x2-none/res-640x480/no.png,514.35,515.08,2022-04-03,ostkanten,False,anchored,,,,352,186,166,0,1,0,0,0,352,186,166,0,0,0,-3.2e-05,352,62.23637,0.008934,36,7.597292,19,17,0.005209,226,41.50844,118,108,-0.021637,90,13.130637,49,41,8-Ball,0.008934
1006197,Daniel Salole,https://img.cuescore.com/image/d/4/d773ff3c105a615161665f4ca769be49.png?t=1484131929,https://cuescore.com/img/flags/png-country-4x2-none/res-640x480/no.png,513.74,514.59,2026-09-13,ostkanten,False,anchored,,,,1326,735,591,0,1,0,0,0,1326,735,591,0,0,0,2e-06,1326,668.812239,-0.018048,327,177.992623,184,143,0.005728,919,475.855541,504,415,0.032524,80,14.964075,47,33,10-Ball,0.032524
24897019,Robert Hedin,https://img.cuescore.com/image/8/4/882db237b94f993a3f3405200d9d2064.png?t=1700218507,https://cuescore.com/img/flags/png-country-4x2-none/res-640x480/se.png,513.33,514.45,2026-04-12,ostkanten,False,anchored,,,,122,64,58,0,1,0,0,0,122,64,58,0,0,0,1e-06,122,98.107676,-0.060219,4,3.177298,2,2,0.002016,118,94.930378,62,56,,0,0.0,0,0,9-Ball,0.002016
1022496,Jozef Kwit,https://img.cuescore.com/image/0/4/01637b27248df68f0ea6d0f70a494d47.png?t=1764258850,https://cuescore.com/img/flags/png-country-4x2-none/res-640x480/pl.png,512.81,513.74,2026-05-10,ostkanten,False,anchored,,,,285,147,138,0,1,0,0,0,285,147,138,0,0,0,-6e-06,285,235.3023,-0.132493,19,15.362275,8,11,0.009254,266,219.940025,139,127,,0,0.0,0,0,9-Ball,0.009254
1006163,Bjørn Bratteberg,https://img.cuescore.com/image/6/4/603786a85ccb7240ca913c188eaf8f76.png?t=1591603396,https://cuescore.com/img/flags/png-country-4x2-none/res-640x480/no.png,512.03,510.62,2026-10-04,ostkanten,True,anchored,,,,1056,584,472,0,1,0,0,0,1056,584,472,0,0,0,-6e-06,1056,774.692935,-0.002347,89,74.197593,47,42,0.002166,916,682.536572,512,404,-0.072624,51,17.95877,25,26,9-Ball,0.002166
7153377,Henning Ingvorsen,https://img.cuescore.com/image/e/4/e3a4127c65f59302c36bda2ecb06e9ee.png?t=1636120016,https://cuescore.com/img/flags/png-country-4x2-none/res-640x480/no.png,508.8,510.43,2026-10-04,ostkanten,True,anchored,,,,1317,743,574,0,1,0,0,0,1317,743,574,0,0,0,-3e-06,1317,1084.347739,0.000292,203,162.714799,114,89,-5.2e-05,1114,921.63294,629,485,,0,0.0,0,0,8-Ball,0.000292
1277043,Alexander Hagen,https://img.cuescore.com/image/0/4/0bb3f29a6d41e5f98d383c8f3f0d34b1.png?t=1728761584,https://cuescore.com/img/flags/png-country-4x2-none/res-640x480/no.png,506.08,506.46,2026-09-13,ostkanten,False,anchored,,,,201,111,90,0,1,0,0,0,201,111,90,0,0,0,-1.2e-05,201,180.261519,0.051427,46,43.828772,27,19,-0.016521,155,136.432748,84,71,,0,0.0,0,0,8-Ball,0.051427
36225232,Adrian Winther,https://img.cuescore.com/image/8/4/81cb50b2c575f161fd697cd82244b485.png?t=1741602346,https://cuescore.com/img/flags/png-country-4x2-none/res-640x480/no.png,505.81,506.94,2025-06-15,ostkanten,False,anchored,,,,146,74,72,0,1,0,0,0,146,74,72,0,0,0,1e-06,146,105.489239,-0.094089,24,17.29421,10,14,0.01845,122,88.195028,64,58,,0,0.0,0,0,9-Ball,0.01845
6181993,Kim Bjørnstad,https://img.cuescore.com/image/b/4/be0fe2693f2b774566e640fa7748c382.png?t=1748805797,https://cuescore.com/img/flags/png-country-4x2-none/res-640x480/no.png,503.69,504.61,2025-05-25,ostkanten,False,anchored,,,,109,60,49,0,1,0,0,0,109,60,49,0,0,0,2e-05,109,71.744033,-0.106156,37,24.813153,20,17,0.056126,72,46.93088,40,32,,0,0.0,0,0,9-Ball,0.056126
1006204,Egil Arne Sørensen,https://img.cuescore.com/image/8/4/8951860177a57721e14d225b8cf045de.png?t=1698284000,https://cuescore.com/img/flags/png-country-4x2-none/res-640x480/no.png,503.03,503.77,2026-03-22,ostkanten,False,anchored,,,,58,31,27,0,1,0,0,0,58,31,27,0,0,0,3e-06,58,44.348732,-0.176559,2,0.752219,1,1,0.00134,53,42.468119,28,25,0.067277,3,1.128394,2,1,10-Ball,0.067277
6686119,Levi Pavdeja,https://img.cuescore.com/image/e/4/e9ef4fbb6d905f61d3f241336004ebff.png?t=1708890061,https://cuescore.com/img/flags/png-country-4x2-none/res-640x480/al.png,499.99,500.96,2026-04-26,ostkanten,False,anchored,,,,146,74,72,0,1,0,0,0,146,74,72,0,0,0,-2e-06,146,85.69458,0.088474,55,36.51205,34,21,-0.062536,79,44.290833,36,43,-0.094157,12,4.891698,4,8,8-Ball,0.088474
1006403,Niklas Engström-Øvretveit,https://img.cuescore.com/image/f/4/fea0a6e1ecee3ff96a10bfb99281a7da.png?t=1696062510,https://cuescore.com/img/flags/png-country-4x2-none/res-640x480/no.png,499.71,500.85,2026-08-30,ostkanten,False,anchored,,,,527,279,248,0,1,0,0,0,527,279,248,0,0,0,-4e-06,527,433.069065,-0.179236,20,17.129091,9,11,0.008135,499,412.460069,267,232,-0.082006,8,3.479904,3,5,9-Ball,0.008135
1393613,Vegar Hammer Olsen,https://img.cuescore.com/image/0/4/09b6dffe84e9dc5928b0baa845da3938.png?t=1708343756,https://cuescore.com/img/flags/png-country-4x2-none/res-640x480/no.png,498.32,498.92,2022-03-13,ostkanten,False,anchored,,,,210,111,99,0,1,0,0,0,210,111,99,0,0,0,-0.0,210,35.50942,-0.032937,34,5.779524,19,15,-0.00226,150,24.877677,76,74,0.050817,26,4.852219,16,10,10-Ball,0.050817
1006323,Jørn Betten,https://img.cuescore.com/image/5/4/5718a418c53a5970eae57c6fbe865f6b.png?t=1443016788,https://cuescore.com/img/flags/png-country-4x2-none/res-640x480/no.png,497.82,495.9,2026-09-20,ostkanten,False,anchored,,,,70,38,32,0,1,0,0,0,70,38,32,0,0,0,-1.7e-05,70,48.850768,-0.425237,1,0.376109,0,1,0.000194,59,44.716702,34,25,0.040252,10,3.757957,4,6,10-Ball,0.040252
43127857,Manabu Sekiguchi,https://img.cuescore.com/image/5/4/51fbf144207077a68108d1b56175d0a6.png?t=1766441780,https://cuescore.com/img/flags/png-country-4x2-none/res-640x480/jp.png,495.98,496.66,2026-08-30,ostkanten,False,anchored,,,,1117,607,510,0,1,0,0,0,1117,607,510,0,0,0,-1.3e-05,1117,971.972364,0.011622,172,145.947893,99,73,-0.002054,945,826.024471,508,437,,0,0.0,0,0,8-Ball,0.011622
56993080,Timo Mäkelä,https://img.cuescore.com/image/b/4/b9d49d9b748e19d7b714b83f81ced5c8.png?t=1742539919,https://cuescore.com/img/flags/png-country-4x2-none/res-640x480/no.png,494.7,496.01,2025-05-25,ostkanten,False,anchored,,,,38,25,13,12,1,0,0,0,38,25,13,0,0,0,0.06852,38,27.748809,,0,0.0,0,0,0.0,38,27.748809,25,13,,0,0.0,0,0,9-Ball,0.0
1343995,Jarle Steinhovden,https://img.cuescore.com/image/2/4/253ade10decedcb8795508ad71302ef6.png?t=1505595191,https://cuescore.com/img/flags/png-country-4x2-none/res-640x480/no.png,493.63,494.3,2020-02-16,ostkanten,False,anchored,,,,96,53,43,0,1,0,0,0,96,53,43,0,0,0,-2.8e-05,96,13.65429,0.011143,43,6.34888,26,17,-0.041151,22,3.350505,10,12,0.016975,31,3.954906,17,14,10-Ball,0.016975
1006406,Nina Torvund,https://img.cuescore.com/image/e/4/ec37bf27b912833da5b472f7701397df.png?t=1687292181,https://cuescore.com/img/flags/png-country-4x2-none/res-640x480/no.png,492.87,493.51,2025-02-02,ostkanten,False,anchored,,,,34,17,17,16,1,0,0,0,34,17,17,0,0,0,0.12781,34,19.477155,0.08309,22,14.966599,12,10,-0.275703,12,4.510556,5,7,,0,0.0,0,0,8-Ball,0.08309
44184394,Per Arne Grotthing,https://img.cuescore.com/image/4/4/46494dfa72bb67f431886cdb4eb155f3.png?t=1725269101,https://cuescore.com/img/flags/png-country-4x2-none/res-640x480/no.png,492.3,493.16,2026-08-23,ostkanten,False,anchored,,,,975,522,453,0,1,0,0,0,975,522,453,0,0,0,-6e-06,975,831.96312,0.022468,182,156.419688,106,76,-0.005202,793,675.543432,416,377,,0,0.0,0,0,8-Ball,0.022468
1006186,Christian Wikeby,https://img.cuescore.com/image/0/4/06ee8ad98564e6f6d56dd422aa6af0c8.png?t=1483460945,https://cuescore.com/img/flags/png-country-4x2-none/res-640x480/no.png,487.47,487.7,2026-10-04,ostkanten,True,anchored,,,,2154,1095,1059,0,1,0,0,0,2154,1095,1059,0,0,0,-1.1e-05,2154,1188.943873,-0.065627,236,108.862738,108,128,0.006473,1762,1050.60383,909,853,0.01168,156,29.477305,78,78,10-Ball,0.01168
1006209,Eirik Tonning Hatløy,https://img.cuescore.com/image/4/4/40b6e00a966978535b087084c4e45049.png?t=1768848454,https://cuescore.com/img/flags/png-country-4x2-none/res-640x480/no.png,483.06,483.39,2022-07-09,ostkanten,False,anchored,,,,37,24,13,13,1,0,0,0,37,24,13,0,0,0,0.130982,37,13.896777,,0,0.0,0,0,0.092559,5,1.875917,4,1,-0.014444,32,12.020859,20,12,9-Ball,0.092559
25875517,Christian Hedin,https://img.cuescore.com/image/e/4/e335ce16cffa7556a64250dfae4f8e77.png?t=1681205262,https://cuescore.com/img/flags/png-country-4x2-none/res-640x480/se.png,480.96,481.06,2026-09-27,ostkanten,False,anchored,,,,283,154,129,0,1,0,0,0,283,154,129,0,0,0,7e-06,283,232.684681,0.068117,44,35.661267,29,15,-0.012329,239,197.023414,125,114,,0,0.0,0,0,8-Ball,0.068117
1047363,Vinko Smolic,https://img.cuescore.com/image/9/4/91a5645698fe5816864ae2f2a28f7f9d.png?t=1737469114,https://cuescore.com/img/flags/png-country-4x2-none/res-640x480/no.png,480.87,481.51,2026-06-07,ostkanten,False,anchored,,,,214,116,98,0,1,0,0,0,214,116,98,0,0,0,-1e-06,214,134.903258,-0.002166,79,69.743824,43,36,0.001839,126,63.508566,68,58,0.020731,9,1.650868,5,4,10-Ball,0.020731
2298416,Terje Kristoffersen,https://img.cuescore.com/image/9/4/908ddf9d7b9b6bddb637436225924df2.png?t=1759692859,https://cuescore.com/img/flags/png-country-4x2-none/res-640x480/no.png,479.63,480.28,2024-08-18,ostkanten,False,anchored,,,,108,53,55,0,1,0,0,0,108,53,55,0,0,0,2e-06,108,37.311503,-0.173911,9,4.091929,4,5,-0.061161,77,23.261146,34,43,0.214323,22,9.958429,15,7,10-Ball,0.214323
53649337,Erlend Helgesen,https://img.cuescore.com/image/8/4/8e36b4e5c1b3b60935fab95c7efae87d.png?t=1736502915,https://cuescore.com/img/flags/png-country-4x2-none/res-640x480/no.png,478.41,479.11,2026-09-27,ostkanten,False,anchored,,,,645,310,335,0,1,0,0,0,645,310,335,0,0,0,-0.0,645,551.803955,-0.032239,143,115.514614,64,79,0.008536,502,436.289341,246,256,,0,0.0,0,0,9-Ball,0.008536
1006239,Frank Hjeldnes,https://img.cuescore.com/image/d/4/d0c6c02918708134a763e2e2a0ca08af.png?t=1523131167,https://cuescore.com/img/flags/png-country-4x2-none/res-640x480/no.png,478.4,477.35,2026-10-04,ostkanten,True,anchored,,,,566,289,277,0,1,0,0,0,566,289,277,0,0,0,-8e-06,566,525.392012,0.022842,74,70.276271,40,34,-0.003527,492,455.115742,249,243,,0,0.0,0,0,8-Ball,0.022842
1006399,Nedzat Cimilji,https://img.cuescore.com/image/d/4/d602c147f7181f4b66b54813f6bd2336.png?t=1655535403,https://cuescore.com/img/flags/png-country-4x2-none/res-640x480/al.png,476.75,477.08,2026-04-19,ostkanten,False,anchored,,,,124,61,63,0,1,0,0,0,124,61,63,0,0,0,1.1e-05,124,74.345754,0.070529,42,34.718967,22,20,-0.061794,82,39.626787,39,43,,0,0.0,0,0,8-Ball,0.070529
33336508,Paweł Chołodowski,https://img.cuescore.com/image/f/4/ff22107077c2def4ee2567b889e710b6.png?t=1760538352,https://cuescore.com/img/flags/png-country-4x2-none/res-640x480/pl.png,476.74,477.47,2026-06-07,ostkanten,False,anchored,,,,353,181,172,0,1,0,0,0,353,181,172,0,0,0,-5e-06,353,286.830801,-0.002143,67,55.848217,37,30,-0.003144,272,223.99706,134,138,0.117961,14,6.985524,10,4,10-Ball,0.117961
8498578,Riaz Ali,https://img.cuescore.com/image/f/4/fb5b79044dab0faef6b2c1e2ceb7b313.png?t=1786194576,https://cuescore.com/img/flags/png-country-4x2-none/res-640x480/no.png,469.28,470.01,2026-07-26,ostkanten,False,anchored,,,,276,135,141,0,1,0,0,0,276,135,141,0,0,0,-1e-05,276,243.202941,0.009813,62,56.893856,30,32,-0.002997,214,186.309085,105,109,,0,0.0,0,0,8-Ball,0.009813
20361406,Amir Khan,https://img.cuescore.com/image/8/4/862c792ba8eb7f97e626fbe6cbcc59f6.png,https://cuescore.com/img/flags/png-country-4x2-none/res-640x480/no.png,468.57,469.22,2026-09-06,ostkanten,False,anchored,,,,640,319,321,0,1,0,0,0,640,319,321,0,0,0,8e-06,640,535.409029,-0.000979,64,60.41024,34,30,0.000124,576,474.998789,285,291,,0,0.0,0,0,9-Ball,0.000124
20637220,Sindre Aarhus Narvestad,https://img.cuescore.com/image/8/4/862c792ba8eb7f97e626fbe6cbcc59f6.png,https://cuescore.com/img/flags/png-country-4x2-none/res-640x480/no.png,467.77,468.1,2026-04-26,ostkanten,False,anchored,,,,34,17,17,16,1,0,0,0,34,17,17,0,0,0,0.060071,34,30.707699,,0,0.0,0,0,0.0,34,30.707699,17,17,,0,0.0,0,0,9-Ball,0.0
1006465,Ronny Oldervik,https://img.cuescore.com/image/d/4/d0caacc80c252936d0ca083487d72a10.png?t=1445364661,https://cuescore.com/img/flags/png-country-4x2-none/res-640x480/no.png,466.16,466.54,2022-07-10,ostkanten,False,anchored,,,,32,18,14,18,1,0,0,0,32,18,14,0,0,0,0.168751,32,12.023593,,0,0.0,0,0,-0.14883,12,4.510556,5,7,0.089352,20,7.513037,13,7,10-Ball,0.089352
1272012,Erol Dane Mula,https://img.cuescore.com/image/2/4/23dbb46c4c1f9222447abbf8c7fce7fe.png?t=1630444419,https://cuescore.com/img/flags/png-country-4x2-none/res-640x480/ph.png,464.92,396.11,2026-10-04,ostkanten,True,anchored,,,,25,15,10,25,1,0,0,0,25,15,10,0,0,0,0.116446,25,23.750367,,0,0.0,0,0,0.0,25,23.750367,15,10,,0,0.0,0,0,9-Ball,0.0
1093760,Mindaugas Jomantas,https://img.cuescore.com/image/3/4/38cc01841357bcd91155075345ffce4b.png?t=1790084841,https://cuescore.com/img/flags/png-country-4x2-none/res-640x480/lt.png,464.84,465.69,2026-04-05,ostkanten,False,anchored,,,,48,20,28,2,1,0,0,0,48,20,28,0,0,0,0.007555,48,29.257703,,0,0.0,0,0,0.0,48,29.257703,20,28,,0,0.0,0,0,9-Ball,0.0
1298131,Jack Nordby,https://img.cuescore.com/image/7/4/7307cbe88824c9194b927b4b40b81fa8.png?t=1657102337,https://cuescore.com/img/flags/png-country-4x2-none/res-640x480/no.png,464.36,465.2,2026-08-30,ostkanten,False,anchored,,,,346,161,185,0,1,0,0,0,346,161,185,0,0,0,9e-06,346,268.797508,0.003401,43,35.023142,22,21,4.9e-05,293,230.017368,135,158,-0.034724,10,3.756998,4,6,8-Ball,0.003401
3682319,Lasse Rognlien,https://img.cuescore.com/image/c/4/cbd35a5519cb486b5c8f550b72023a6a.png?t=1729677207,https://cuescore.com/img/flags/png-country-4x2-none/res-640x480/no.png,463.85,464.75,2026-09-27,ostkanten,False,anchored,,,,195,95,100,0,1,0,0,0,195,95,100,0,0,0,0.0,195,138.075034,-0.024901,17,2.879425,9,8,0.00053,178,135.195609,86,92,,0,0.0,0,0,9-Ball,0.00053
5075218,Nevzat Yesil,https://img.cuescore.com/image/0/4/0145306f7c988f5d518d6ac1f41f1c37.png?t=1772113104,https://cuescore.com/img/flags/png-country-4x2-none/res-640x480/no.png,463.47,464.1,2025-11-02,ostkanten,False,anchored,,,,19,14,5,31,1,0,0,0,19,14,5,0,0,0,0.218397,19,15.362275,0.0,19,15.362275,14,5,,0,0.0,0,0,,0,0.0,0,0,8-Ball,0.0
1011619,Jan Terje Øyen,https://img.cuescore.com/image/a/4/aed9c4b847a1c63a3ae3004f0e19ed0f.png?t=1528318381,https://cuescore.com/img/flags/png-country-4x2-none/res-640x480/no.png,462.6,463.13,2020-10-25,ostkanten,False,anchored,,,,69,36,33,0,1,0,0,0,69,36,33,0,0,0,-5e-06,69,15.435966,-0.132621,21,4.418294,6,15,0.053183,48,11.017672,30,18,,0,0.0,0,0,9-Ball,0.053183
1006281,Jan Atle Kofoed,https://img.cuescore.com/image/8/4/82d5d809600aecc46b7d3756b4ea78a7.png?t=1442044357,https://cuescore.com/img/flags/png-country-4x2-none/res-640x480/no.png,462.56,463.56,2025-10-19,ostkanten,False,anchored,,,,434,211,223,0,1,0,0,0,434,211,223,0,0,0,1.2e-05,434,230.36338,-0.004334,117,60.124947,54,63,0.014678,276,151.447164,140,136,-0.104429,41,18.791268,17,24,9-Ball,0.014678
1024805,Audun Bjerve,https://img.cuescore.com/image/a/4/a073ffcb17681daa679221db852044bf.png?t=1489310440,https://cuescore.com/img/flags/png-country-4x2-none/res-640x480/no.png,462.1,462.22,2026-03-22,ostkanten,False,anchored,,,,36,19,17,14,1,0,0,0,36,19,17,0,0,0,0.049893,36,29.730503,,0,0.0,0,0,-0.029448,30,26.502533,14,16,0.241775,6,3.22797,5,1,10-Ball,0.241775
1006156,Asle Geir Skogen,https://img.cuescore.com/image/3/4/36f65cf6e23fbed66e9de4e9d35af4da.png?t=1573643581,https://cuescore.com/img/flags/png-country-4x2-none/res-640x480/no.png,460.74,461.22,2022-10-02,ostkanten,False,anchored,,,,143,74,69,0,1,0,0,0,143,74,69,0,0,0,2.4e-05,143,22.900882,0.045502,36,5.587123,20,16,-0.021095,55,9.482014,29,26,-0.006921,52,7.831746,25,27,8-Ball,0.045502
12042235,Evert Andersson,https://img.cuescore.com/image/4/4/44c626da57307bdf01fb14d0ecb7f565.png?t=1654608437,https://cuescore.com/img/flags/png-country-4x2-none/res-640x480/se.png,460.6,461.02,2023-11-05,ostkanten,False,anchored,,,,33,23,10,17,1,0,0,0,33,23,10,0,0,0,0.152395,33,11.546443,-0.061044,3,1.128328,2,1,-0.010937,23,7.959598,16,7,0.063426,7,2.458517,5,2,10-Ball,0.063426
1019843,Matey Ullah,https://img.cuescore.com/image/5/4/5945cfef407ea3e46049eb356ee0e725.png?t=1603960189,https://cuescore.com/img/flags/png-country-4x2-none/res-640x480/no.png,459.24,459.69,2025-09-07,ostkanten,False,anchored,,,,17,14,3,33,1,0,0,0,17,14,3,0,0,0,0.25177,17,13.2666,0.0,17,13.2666,14,3,,0,0.0,0,0,,0,0.0,0,0,8-Ball,0.0
26143903,Katrine Sætereng,https://img.cuescore.com/image/2/4/212cbd6eb399cf603dc07d800defc260.png?t=1780381479,https://cuescore.com/img/flags/png-country-4x2-none/res-640x480/no.png,457.91,458.94,2026-03-22,ostkanten,False,anchored,,,,47,22,25,3,1,0,0,0,47,22,25,0,0,0,0.007456,47,39.873342,-0.036044,22,17.787897,9,13,0.02903,25,22.085444,13,12,,0,0.0,0,0,9-Ball,0.02903
1059469,Hans Westad,https://img.cuescore.com/image/8/4/84ada8848feb4b828cdee8ac7f415948.png?t=1706538002,https://cuescore.com/img/flags/png-country-4x2-none/res-640x480/no.png,457.61,458.1,2026-01-18,ostkanten,False,anchored,,,,33,19,14,17,1,0,0,0,33,19,14,0,0,0,0.059814,33,28.01374,,0,0.0,0,0,0.0,33,28.01374,19,14,,0,0.0,0,0,9-Ball,0.0
1006450,Robert Farinetti,https://img.cuescore.com/image/2/4/2f4e6263b067924062af03733f9dff52.png?t=1496531120,https://cuescore.com/img/flags/png-country-4x2-none/res-640x480/it.png,456.95,457.58,2021-11-06,ostkanten,False,anchored,,,,43,21,22,7,1,0,0,0,43,21,22,0,0,0,0.049341,43,13.830447,,0,0.0,0,0,0.0,43,13.830447,21,22,,0,0.0,0,0,9-Ball,0.0
20264908,Bartosz Oldakowski,https://img.cuescore.com/image/0/4/0e23b02b462bb9cac48c34a5666b93d2.png?t=1668638071,https://cuescore.com/img/flags/png-country-4x2-none/res-640x480/pl.png,456.43,457.63,2026-03-29,ostkanten,False,anchored,,,,111,47,64,0,1,0,0,0,111,47,64,0,0,0,-6e-06,111,79.610158,-0.020519,38,25.971656,16,22,0.009935,73,53.638502,31,42,,0,0.0,0,0,9-Ball,0.009935
75512620,Trond Evjen,https://img.cuescore.com/image/8/4/862c792ba8eb7f97e626fbe6cbcc59f6.png,https://cuescore.com/img/flags/png-country-4x2-none/res-640x480/no.png,456.22,456.63,2026-08-16,ostkanten,False,anchored,,,,112,51,61,0,1,0,0,0,112,51,61,0,0,0,-2e-06,112,99.408384,0.075994,21,18.306994,13,8,-0.017154,91,81.10139,38,53,,0,0.0,0,0,8-Ball,0.075994
3185355,Ivar Lexi,https://img.cuescore.com/image/e/4/ec32dcbf8d23e79723a618d5146475df.png?t=1768498721,https://cuescore.com/img/flags/png-country-4x2-none/res-640x480/no.png,455.57,457.02,2026-07-26,ostkanten,False,anchored,,,,664,330,334,0,1,0,0,0,664,330,334,0,0,0,-2e-06,664,327.059313,-0.019644,110,75.088621,54,56,-0.000677,415,219.159111,195,220,0.049475,139,32.811581,81,58,10-Ball,0.049475
1006340,Kjartan Maraas,https://img.cuescore.com/image/8/4/80cd0b7c3c0eda0f178367486ebed239.png?t=1652428795,https://cuescore.com/img/flags/png-country-4x2-none/res-640x480/no.png,454.1,455.06,2026-09-27,ostkanten,False,anchored,,,,1157,534,623,0,1,0,0,0,1157,534,623,0,0,0,1e-06,1157,593.779431,0.005944,249,153.707441,121,128,0.001097,818,423.980014,380,438,-0.085669,90,16.091977,33,57,8-Ball,0.005944
3073760,Ronny Jakobsen,https://img.cuescore.com/image/7/4/751868ed038a8bdafb328be735714260.png?t=1711203037,https://cuescore.com/img/flags/png-country-4x2-none/res-640x480/no.png,451.24,451.68,2026-05-03,ostkanten,False,anchored,,,,24,16,8,26,1,0,0,0,24,16,8,0,0,0,0.125978,24,18.133389,0.0,24,18.133389,16,8,,0,0.0,0,0,,0,0.0,0,0,8-Ball,0.0
49097056,Herman Maraas,https://img.cuescore.com/image/9/4/9cb01c63ff307e612a66168e5d63c220.png?t=1726357714,https://cuescore.com/img/flags/png-country-4x2-none/res-640x480/no.png,449.33,451.22,2025-06-22,ostkanten,False,anchored,,,,64,31,33,0,1,0,0,0,64,31,33,0,0,0,-1e-06,64,46.99555,0.061194,23,16.573618,12,11,-0.033338,41,30.421932,19,22,,0,0.0,0,0,8-Ball,0.061194
27194773,Torstein Brustugun,https://img.cuescore.com/image/6/4/6acaab3086ea7d73fe4a894d2b44e4cb.png?t=1727369399,https://cuescore.com/img/flags/png-country-4x2-none/res-640x480/no.png,449.23,464.76,2026-10-04,ostkanten,True,anchored,,,,47,24,23,3,1,0,0,0,47,24,23,0,0,0,0.00639,47,39.629059,,0,0.0,0,0,0.0,47,39.629059,24,23,,0,0.0,0,0,9-Ball,0.0
31114699,Ferdinand Jaggi,https://img.cuescore.com/image/9/4/9e0636ce594a896c5f91a72107ace66a.png?t=1728905358,https://cuescore.com/img/flags/png-country-4x2-none/res-640x480/no.png,448.8,449.1,2025-09-14,ostkanten,False,anchored,,,,31,18,13,19,1,0,0,0,31,18,13,0,0,0,0.065495,31,24.29911,,0,0.0,0,0,0.0,31,24.29911,18,13,,0,0.0,0,0,9-Ball,0.0
1006328,Lioness Princess,https://img.cuescore.com/image/c/4/c7c0b5ee022a9f2b3ef03b301b2ee1d3.png?t=1552833511,https://cuescore.com/img/flags/png-country-4x2-none/res-640x480/no.png,448.44,449.02,2024-09-15,ostkanten,False,anchored,,,,396,178,218,0,1,0,0,0,396,178,218,0,0,0,-1e-06,396,92.432933,0.158782,16,4.0434,10,6,-0.010093,338,79.809353,148,190,0.019053,42,8.58018,20,22,8-Ball,0.158782
1006214,Emil André Gangfløt,https://img.cuescore.com/image/9/4/963ffedb0da7bc8fa83237386abda13b.png?t=1771601925,https://cuescore.com/img/flags/png-country-4x2-none/res-640x480/no.png,447.54,447.77,2024-04-21,ostkanten,False,anchored,,,,33,20,13,17,1,0,0,0,33,20,13,0,0,0,0.106977,33,12.976346,,0,0.0,0,0,0.0,33,12.976346,20,13,,0,0.0,0,0,9-Ball,0.0
6545064,Kim-Olaf Sørensen,https://img.cuescore.com/image/9/4/9437a09ca9ddbc446e2a40572302f3c6.png?t=1686311792,https://cuescore.com/img/flags/png-country-4x2-none/res-640x480/no.png,445.85,446.7,2026-04-05,ostkanten,False,anchored,,,,115,54,61,0,1,0,0,0,115,54,61,0,0,0,7e-06,115,76.823287,0.051041,28,18.641582,14,14,-0.01889,84,57.053311,38,46,0.111866,3,1.128394,2,1,10-Ball,0.111866
1006244,Gard Eiken Flage,https://img.cuescore.com/image/4/4/4c502638f64ae802f3e85d42f21721f8.png?t=1698520363,https://cuescore.com/img/flags/png-country-4x2-none/res-640x480/no.png,445.74,445.97,2022-07-09,ostkanten,False,anchored,,,,29,18,11,21,1,0,0,0,29,18,11,0,0,0,0.151601,29,10.892967,,0,0.0,0,0,-0.641654,2,0.750367,0,2,0.047471,27,10.1426,18,9,10-Ball,0.047471
1030433,Bill Vrodos,https://img.cuescore.com/image/4/4/4d3425f7ae243203142cac1fbe294965.png?t=1502920900,https://cuescore.com/img/flags/png-country-4x2-none/res-640x480/gr.png,445.57,445.92,2018-11-18,ostkanten,False,anchored,,,,41,22,19,9,1,0,0,0,41,22,19,0,0,0,0.111036,41,6.341462,,0,0.0,0,0,0.11154,19,3.078803,12,7,-0.105255,22,3.262658,10,12,9-Ball,0.11154
25484464,Joaquin K. Yovine,https://img.cuescore.com/image/4/4/439ff949812ca26dfb670b2fcddea663.png?t=1762679224,https://cuescore.com/img/flags/png-country-4x2-none/res-640x480/ar.png,442.76,443.93,2025-08-17,ostkanten,False,anchored,,,,69,33,36,0,1,0,0,0,69,33,36,0,0,0,-3e-06,69,51.081444,,0,0.0,0,0,0.0,69,51.081444,33,36,,0,0.0,0,0,9-Ball,0.0
1417853,Robin Hauge Pettersen,https://img.cuescore.com/image/8/4/8d73e872302ae047187778b2500eae33.png?t=1732796719,https://cuescore.com/img/flags/png-country-4x2-none/res-640x480/no.png,441.68,441.92,2022-07-11,ostkanten,False,anchored,,,,36,19,17,14,1,0,0,0,36,19,17,0,0,0,0.074108,36,13.528788,0.551586,4,1.504438,4,0,-0.392882,9,3.383399,2,7,0.0578,23,8.640951,13,10,8-Ball,0.551586
1095179,Ernesto Antonio Meléndez,https://img.cuescore.com/image/2/4/26262ff4af43122f00476168f64b5bda.png?t=1522650690,https://cuescore.com/img/flags/png-country-4x2-none/res-640x480/no.png,440.73,441.45,2026-09-20,ostkanten,False,anchored,,,,381,177,204,0,1,0,0,0,381,177,204,0,0,0,-6e-06,381,237.934437,-0.063254,26,11.354478,9,17,-0.004656,270,189.774418,123,147,0.04352,85,36.805541,45,40,10-Ball,0.04352
1081697,Giena Tanilon,https://img.cuescore.com/image/e/4/e4266b6d289840197a5daee639bdca8f.png?t=1633705833,https://cuescore.com/img/flags/png-country-4x2-none/res-640x480/no.png,440.18,440.42,2022-07-10,ostkanten,False,anchored,,,,23,16,7,27,1,0,0,0,23,16,7,0,0,0,0.216066,23,8.645232,,0,0.0,0,0,0.0,23,8.645232,16,7,,0,0.0,0,0,9-Ball,0.0
16476664,Øystein Følling,https://img.cuescore.com/image/8/4/862c792ba8eb7f97e626fbe6cbcc59f6.png,https://cuescore.com/img/flags/png-country-4x2-none/res-640x480/no.png,439.39,439.38,2026-08-30,ostkanten,False,anchored,,,,124,55,69,0,1,0,0,0,124,55,69,0,0,0,-0.0,124,108.11934,0.046834,25,19.509706,11,14,-0.010312,99,88.609634,44,55,,0,0.0,0,0,8-Ball,0.046834
9221595,Christoffer Sørensen,https://img.cuescore.com/image/8/4/862c792ba8eb7f97e626fbe6cbcc59f6.png,https://cuescore.com/img/flags/png-country-4x2-none/res-640x480/no.png,439.01,439.73,2024-12-01,ostkanten,False,anchored,,,,53,24,29,0,1,0,0,0,53,24,29,0,0,0,2.5e-05,53,25.614288,0.074341,2,0.752219,1,1,-0.058642,38,19.283641,16,22,0.192691,13,5.578428,7,6,10-Ball,0.192691
1024799,Stig Nesvik,https://img.cuescore.com/image/1/4/1d7931022cb5cc99a4bfa630a7ff07ed.png?t=1655704835,https://cuescore.com/img/flags/png-country-4x2-none/res-640x480/no.png,438.0,437.07,2026-10-04,ostkanten,True,anchored,,,,587,284,303,0,1,0,0,0,587,284,303,0,0,0,1e-05,587,301.159471,-0.007103,78,46.898502,38,40,0.009763,422,222.355787,206,216,-0.057602,87,31.905182,40,47,9-Ball,0.009763
42921529,Joshua Turla Tuppal,https://img.cuescore.com/image/2/4/26b36c0184734fecd9b0825ed8b79be6.png?t=1790673876,https://cuescore.com/img/flags/png-country-4x2-none/res-640x480/ph.png,437.91,438.66,2026-08-30,ostkanten,False,anchored,,,,243,114,129,0,1,0,0,0,243,114,129,0,0,0,3e-06,243,196.059109,0.039779,105,87.23685,56,49,-0.031889,138,108.822259,58,80,,0,0.0,0,0,8-Ball,0.039779
2106214,Don Hajra,https://img.cuescore.com/image/d/4/dbe904ba44581e81a5e02ab0f9d27c08.png?t=1730554060,https://cuescore.com/img/flags/png-country-4x2-none/res-640x480/xk.png,437.7,437.95,2024-10-13,ostkanten,False,anchored,,,,12,8,4,38,1,0,0,0,12,8,4,0,0,0,0.324512,12,7.605021,,0,0.0,0,0,0.0,12,7.605021,8,4,,0,0.0,0,0,9-Ball,0.0
1006333,Kent Hansen,https://img.cuescore.com/image/e/4/e66e7151e4e19dfe359e86387ba24e14.png?t=1596995062,https://cuescore.com/img/flags/png-country-4x2-none/res-640x480/no.png,437.27,438.38,2025-10-26,ostkanten,False,anchored,,,,192,96,96,0,1,0,0,0,192,96,96,0,0,0,-3e-06,192,100.679309,0.16713,58,22.483882,35,23,-0.061262,121,70.654909,54,67,0.075692,13,7.540518,7,6,8-Ball,0.16713
1006124,Albert-Roman Borrie Stensrød,https://img.cuescore.com/image/a/4/a81a66d70ed4ce1200df00f5e1b41cdd.png?t=1688324478,https://cuescore.com/img/flags/png-country-4x2-none/res-640x480/no.png,437.14,437.36,2022-07-11,ostkanten,False,anchored,,,,28,15,13,22,1,0,0,0,28,15,13,0,0,0,0.133795,28,10.524872,,0,0.0,0,0,0.0,28,10.524872,15,13,,0,0.0,0,0,9-Ball,0.0
1356128,Christian Moberg,https://img.cuescore.com/image/c/4/c060608e7b3ef73e887d220038654551.png?t=1739974000,https://cuescore.com/img/flags/png-country-4x2-none/res-640x480/no.png,436.53,436.81,2026-04-26,ostkanten,False,anchored,,,,24,11,13,26,1,0,0,0,24,11,13,0,0,0,0.075512,24,21.676023,,0,0.0,0,0,0.0,24,21.676023,11,13,,0,0.0,0,0,9-Ball,0.0
54042724,Trond Vidar Engebakk,https://img.cuescore.com/image/8/4/862c792ba8eb7f97e626fbe6cbcc59f6.png,https://cuescore.com/img/flags/png-country-4x2-none/res-640x480/no.png,435.42,435.68,2025-01-19,ostkanten,False,anchored,,,,14,8,6,36,1,0,0,0,14,8,6,0,0,0,0.232822,14,9.440223,,0,0.0,0,0,0.0,14,9.440223,8,6,,0,0.0,0,0,9-Ball,0.0
1030563,Alexander Baranji,https://img.cuescore.com/image/4/4/47b05ae303d3174c04a779e249a19579.png?t=1762883231,https://cuescore.com/img/flags/png-country-4x2-none/res-640x480/no.png,433.96,434.63,2024-08-25,ostkanten,False,anchored,,,,39,20,19,11,1,0,0,0,39,20,19,0,0,0,0.084684,39,7.60593,,0,0.0,0,0,0.0,39,7.60593,20,19,,0,0.0,0,0,9-Ball,0.0
24761314,Dovydas Andriuška,https://img.cuescore.com/image/f/4/fc00275706c5b23ad80f3265c166c1d8.png?t=1692739579,https://cuescore.com/img/flags/png-country-4x2-none/res-640x480/lt.png,433.94,435.11,2025-05-11,ostkanten,False,anchored,,,,69,32,37,0,1,0,0,0,69,32,37,0,0,0,-2e-06,69,49.794605,-0.078679,18,12.970658,5,13,0.027713,51,36.823947,27,24,,0,0.0,0,0,9-Ball,0.027713
48159925,Ole-Jakob Rosenvold,https://img.cuescore.com/image/a/4/ac8138d357b9d12dd00be31639899b4c.png?t=1728812914,https://cuescore.com/img/flags/png-country-4x2-none/res-640x480/no.png,433.53,434.51,2026-09-27,ostkanten,False,anchored,,,,769,318,451,0,1,0,0,0,769,318,451,0,0,0,3e-06,769,655.441971,-0.021424,132,108.406973,52,80,0.004246,637,547.034998,266,371,,0,0.0,0,0,9-Ball,0.004246
8270907,Christian Söderström,https://img.cuescore.com/image/6/4/6a3d709e325db75a3d35a56a683978dc.png?t=1766584752,https://cuescore.com/img/flags/png-country-4x2-none/res-640x480/no.png,433.37,434.63,2026-10-04,ostkanten,True,anchored,,,,649,279,370,0,1,0,0,0,649,279,370,0,0,0,-1e-05,649,553.258798,-0.102341,72,58.477495,25,47,0.012096,577,494.781303,254,323,,0,0.0,0,0,9-Ball,0.012096
1006469,Roy Karlsen,https://img.cuescore.com/image/8/4/862c792ba8eb7f97e626fbe6cbcc59f6.png,https://cuescore.com/img/flags/png-country-4x2-none/res-640x480/no.png,432.89,433.65,2026-08-30,ostkanten,False,anchored,,,,24,11,13,26,1,0,0,0,24,11,13,0,0,0,0.062858,24,23.474463,,0,0.0,0,0,0.0,24,23.474463,11,13,,0,0.0,0,0,9-Ball,0.0
1006351,Knut Inge Røstvold,https://img.cuescore.com/image/3/4/3344d9ee2b61428479953d0e9a385859.png?t=1496048267,https://cuescore.com/img/flags/png-country-4x2-none/res-640x480/no.png,432.67,432.87,2022-07-10,ostkanten,False,anchored,,,,28,17,11,22,1,0,0,0,28,17,11,0,0,0,0.117874,28,10.521846,,0,0.0,0,0,0.0,28,10.521846,17,11,,0,0.0,0,0,9-Ball,0.0
1510340,Andris Viksnins,https://img.cuescore.com/image/a/4/aa8ae696def0c9c88edb24684774e16d.png?t=1581432669,https://cuescore.com/img/flags/png-country-4x2-none/res-640x480/no.png,430.41,431.13,2026-07-26,ostkanten,False,anchored,,,,361,163,198,0,1,0,0,0,361,163,198,0,0,0,9e-06,361,266.630351,0.007471,95,80.51944,45,50,-0.005684,238,173.588375,104,134,0.030749,28,12.522535,14,14,10-Ball,0.030749
1006458,Roger Rasmussen,https://img.cuescore.com/image/1/4/1249ad8941f35c38906657eb2e135399.png?t=1637259817,https://cuescore.com/img/flags/png-country-4x2-none/res-640x480/no.png,430.28,430.55,2018-04-01,ostkanten,False,anchored,,,,32,17,15,18,1,0,0,0,32,17,15,0,0,0,0.210034,32,4.48021,,0,0.0,0,0,0.0,32,4.48021,17,15,,0,0.0,0,0,9-Ball,0.0
1399018,Kristoffer Mørk,https://img.cuescore.com/image/f/4/f3c7243f5ff8a51409f2ac5c74f242b9.png?t=1526438897,https://cuescore.com/img/flags/png-country-4x2-none/res-640x480/no.png,429.98,430.26,2019-04-21,ostkanten,False,anchored,,,,37,20,17,13,1,0,0,0,37,20,17,0,0,0,0.124009,37,5.422236,,0,0.0,0,0,0.144058,15,2.159578,10,5,-0.095353,22,3.262658,10,12,9-Ball,0.144058
1297624,Steffan Hansen,https://img.cuescore.com/image/f/4/f52447290f5e565b19a945ec4ac55270.png?t=1544545574,https://cuescore.com/img/flags/png-country-4x2-none/res-640x480/no.png,427.87,427.94,2022-07-11,ostkanten,False,anchored,,,,22,13,9,28,1,0,0,0,22,13,9,0,0,0,0.163001,22,8.269823,-0.683749,1,0.376109,0,1,0.032578,21,7.893714,13,8,,0,0.0,0,0,9-Ball,0.032578
16259161,Anders Selland,https://img.cuescore.com/image/8/4/862c792ba8eb7f97e626fbe6cbcc59f6.png,https://cuescore.com/img/flags/png-country-4x2-none/res-640x480/no.png,426.97,427.19,2023-11-19,ostkanten,False,anchored,,,,16,10,6,34,1,0,0,0,16,10,6,0,0,0,0.249872,16,6.341142,,0,0.0,0,0,0.0,16,6.341142,10,6,,0,0.0,0,0,9-Ball,0.0
5195892,Atle Bjorland,https://img.cuescore.com/image/1/4/1084d2e04dfa035eed48523dc20bf8e6.png?t=1569589382,https://cuescore.com/img/flags/png-country-4x2-none/res-640x480/no.png,426.79,426.99,2025-11-02,ostkanten,False,anchored,,,,9,7,2,41,1,0,0,0,9,7,2,0,0,0,0.260752,9,7.276867,0.0,9,7.276867,7,2,,0,0.0,0,0,,0,0.0,0,0,8-Ball,0.0
21281635,Morten Sjø,https://img.cuescore.com/image/7/4/7ade1b79a40caa6fcb83395b0ed13335.png?t=1751123902,https://cuescore.com/img/flags/png-country-4x2-none/res-640x480/no.png,426.64,426.8,2024-09-15,ostkanten,False,anchored,,,,13,10,3,37,1,0,0,0,13,10,3,0,0,0,0.252276,13,6.750466,,0,0.0,0,0,0.0,13,6.750466,10,3,,0,0.0,0,0,9-Ball,0.0
18284020,Nomen Nescio,https://img.cuescore.com/image/8/4/862c792ba8eb7f97e626fbe6cbcc59f6.png,https://cuescore.com/img/flags/png-country-4x2-none/res-640x480/no.png,426.61,426.7,2024-06-16,ostkanten,False,anchored,,,,15,10,5,35,1,0,0,0,15,10,5,0,0,0,0.186776,15,8.613256,-0.042049,8,4.498679,5,3,0.045974,7,4.114577,5,2,,0,0.0,0,0,9-Ball,0.045974
28197979,Kalsang Kalsang,https://img.cuescore.com/image/8/4/898112511dfa0280a0dd5592e6dad7ea.png?t=1708242036,https://cuescore.com/img/flags/png-country-4x2-none/res-640x480/no.png,426.55,427.37,2025-05-11,ostkanten,False,anchored,,,,43,21,22,7,1,0,0,0,43,21,22,0,0,0,0.010344,43,31.065409,-0.038295,18,12.970658,10,8,0.02745,25,18.094751,11,14,,0,0.0,0,0,9-Ball,0.02745
1035589,Sebastian Mæhlum,https://img.cuescore.com/image/8/4/862c792ba8eb7f97e626fbe6cbcc59f6.png,https://cuescore.com/img/flags/png-country-4x2-none/res-640x480/no.png,425.69,436.13,2025-05-18,ostkanten,False,anchored,,,,52,27,25,0,1,0,0,0,52,27,25,0,0,0,8e-06,52,37.804114,,0,0.0,0,0,0.0,52,37.804114,27,25,,0,0.0,0,0,9-Ball,0.0
85493143,Christer Andre Nieuwlaat,https://img.cuescore.com/image/c/4/cdab88dacfca3c2f4784a9f3ad2642f5.png?t=1789636481,https://cuescore.com/img/flags/png-country-4x2-none/res-640x480/no.png,425.38,425.38,2026-08-23,ostkanten,False,anchored,,,,16,7,9,34,1,0,0,0,16,7,9,0,0,0,0.095695,16,15.580496,,0,0.0,0,0,0.0,16,15.580496,7,9,,0,0.0,0,0,9-Ball,0.0
2298198,Kenneth Mydland,https://img.cuescore.com/image/d/4/d3954a893621a735a6fa24f06a39de3d.png?t=1535399536,https://cuescore.com/img/flags/png-country-4x2-none/res-640x480/no.png,424.16,424.48,2023-12-29,ostkanten,False,anchored,,,,13,7,6,37,1,0,0,0,13,7,6,0,0,0,0.22529,13,6.862412,,0,0.0,0,0,0.0,13,6.862412,7,6,,0,0.0,0,0,9-Ball,0.0
16144084,Truls Bakken,https://img.cuescore.com/image/c/4/ca1d73d5f732e5e29e22ae72eac5daf0.png?t=1766862688,https://cuescore.com/img/flags/png-country-4x2-none/res-640x480/no.png,423.17,425.0,2026-09-20,ostkanten,False,anchored,,,,116,50,66,0,1,0,0,0,116,50,66,0,0,0,1.1e-05,116,85.661286,0.039527,46,35.836848,20,26,-0.02843,70,49.824438,30,40,,0,0.0,0,0,8-Ball,0.039527
16667893,Stian Fagerli Bergersen,https://img.cuescore.com/image/e/4/ec95844a09751a48994618d828548e1e.png?t=1788620694,https://cuescore.com/img/flags/png-country-4x2-none/res-640x480/no.png,422.71,422.75,2022-07-10,ostkanten,False,anchored,,,,24,14,10,26,1,0,0,0,24,14,10,0,0,0,0.113189,24,9.021112,,0,0.0,0,0,0.0,24,9.021112,14,10,,0,0.0,0,0,9-Ball,0.0
12627679,Tor Ivar Bjørseth,https://img.cuescore.com/image/f/4/fa5258829823ca6b91e0193a811d8fef.png?t=1758200146,https://cuescore.com/img/flags/png-country-4x2-none/res-640x480/no.png,421.73,422.62,2026-04-19,ostkanten,False,anchored,,,,55,27,28,0,1,0,0,0,55,27,28,0,0,0,9e-06,55,44.72604,,0,0.0,0,0,0.0,55,44.72604,27,28,,0,0.0,0,0,9-Ball,0.0
80088046,Kim Rui,https://img.cuescore.com/image/b/4/b115a715a10e46bdf68733400637f8ef.png?t=1780934994,https://cuescore.com/img/flags/png-country-4x2-none/res-640x480/no.png,420.86,410.69,2026-10-04,ostkanten,True,anchored,,,,343,145,198,0,1,0,0,0,343,145,198,0,0,0,3e-06,343,326.369511,-0.066258,43,40.917557,17,26,0.009498,300,285.451955,128,172,,0,0.0,0,0,9-Ball,0.009498
49839568,Navid Elyasi,https://img.cuescore.com/image/1/4/185f29f75f427c3eeca9c35e1be91c32.png?t=1732056330,https://cuescore.com/img/flags/png-country-4x2-none/res-640x480/no.png,420.85,421.64,2026-04-12,ostkanten,False,anchored,,,,124,51,73,0,1,0,0,0,124,51,73,0,0,0,6e-06,124,106.823258,,0,0.0,0,0,0.0,124,106.823258,51,73,,0,0.0,0,0,9-Ball,0.0
7904326,Silja Vepsä,https://img.cuescore.com/image/3/4/3b72e62ce634ef874d5e8d0ebf736a50.png?t=1726508136,https://cuescore.com/img/flags/png-country-4x2-none/res-640x480/no.png,419.75,443.27,2026-10-04,ostkanten,True,anchored,,,,108,46,62,0,1,0,0,0,108,46,62,0,0,0,7e-06,108,96.475525,,0,0.0,0,0,0.0,108,96.475525,46,62,,0,0.0,0,0,9-Ball,0.0
1006205,Egil Sørensen,https://img.cuescore.com/image/b/4/b8e1ee916aea2b4b216375692c774ce0.png?t=1683573922,https://cuescore.com/img/flags/png-country-4x2-none/res-640x480/no.png,418.71,418.96,2024-12-01,ostkanten,False,anchored,,,,18,10,8,32,1,0,0,0,18,10,8,0,0,0,0.112301,18,9.223454,,0,0.0,0,0,0.0,18,9.223454,10,8,,0,0.0,0,0,9-Ball,0.0
5140422,Tomas Gryczon,https://img.cuescore.com/image/4/4/430ec5c9df468db155800427085d7147.png?t=1658087473,https://cuescore.com/img/flags/png-country-4x2-none/res-640x480/no.png,417.87,419.12,2026-07-26,ostkanten,False,anchored,,,,396,165,231,0,1,0,0,0,396,165,231,0,0,0,-4e-06,396,317.874366,-0.096776,84,71.232461,28,56,0.029828,306,244.387994,136,170,-0.175719,6,2.253911,1,5,9-Ball,0.029828
1006359,Larry Skogheim,https://img.cuescore.com/image/1/4/10895ef720bada828fb107dcc39baa47.png?t=1574289124,https://cuescore.com/img/flags/png-country-4x2-none/res-640x480/no.png,417.42,416.05,2026-05-10,ostkanten,False,anchored,,,,17,9,8,33,1,0,0,0,17,9,8,0,0,0,0.064213,17,15.490533,,0,0.0,0,0,0.0,17,15.490533,9,8,,0,0.0,0,0,9-Ball,0.0
2037584,Rune Christoffer Berntsen,https://img.cuescore.com/image/7/4/7b3fb7cdae43734da700b1af46414924.png?t=1734893557,https://cuescore.com/img/flags/png-country-4x2-none/res-640x480/no.png,416.95,417.06,2022-07-11,ostkanten,False,anchored,,,,18,9,9,32,1,0,0,0,18,9,9,0,0,0,0.138729,18,6.766556,-0.518903,1,0.376109,0,1,0.059698,16,6.014316,9,7,-0.435694,1,0.376131,0,1,9-Ball,0.059698
58672273,Santo Angel Maican Lara,https://img.cuescore.com/image/0/4/0fa19026e39c25dedcbccbd170ee2d5d.png?t=1744394979,https://cuescore.com/img/flags/png-country-4x2-none/res-640x480/no.png,415.98,416.76,2026-08-23,ostkanten,False,anchored,,,,249,101,148,0,1,0,0,0,249,101,148,0,0,0,-7e-06,249,212.054568,0.018792,25,21.874058,10,15,-0.002161,224,190.18051,91,133,,0,0.0,0,0,8-Ball,0.018792
9017413,Terje Mo Hanssen,https://img.cuescore.com/image/3/4/35db0fabc62a9659476a2c8b9c2b4145.png?t=1745873644,https://cuescore.com/img/flags/png-country-4x2-none/res-640x480/no.png,415.89,416.28,2026-06-07,ostkanten,False,anchored,,,,77,32,45,0,1,0,0,0,77,32,45,0,0,0,3e-06,77,49.264245,-0.003084,16,12.634262,7,9,0.016511,53,33.623331,23,30,-0.171686,8,3.006653,2,6,9-Ball,0.016511
9293059,Daniel Michalsen,https://img.cuescore.com/image/1/4/1027ed2d60180ee92fbd16e8cf9d3412.png?t=1645889072,https://cuescore.com/img/flags/png-country-4x2-none/res-640x480/no.png,415.84,415.93,2023-02-05,ostkanten,False,anchored,,,,6,6,0,44,1,0,0,0,6,6,0,0,0,0,0.538106,6,2.241086,,0,0.0,0,0,0.0,6,2.241086,6,0,,0,0.0,0,0,9-Ball,0.0
2085368,Bård Onsum,https://img.cuescore.com/image/8/4/862c792ba8eb7f97e626fbe6cbcc59f6.png,https://cuescore.com/img/flags/png-country-4x2-none/res-640x480/no.png,415.45,415.59,2020-08-21,ostkanten,False,anchored,,,,20,11,9,30,1,0,0,0,20,11,9,0,0,0,0.164898,20,4.864786,,0,0.0,0,0,0.0,20,4.864786,11,9,,0,0.0,0,0,9-Ball,0.0
36990883,Anders Valde,https://img.cuescore.com/image/9/4/92645097ded7d58a05f5712bdd468f78.png?t=1705362002,https://cuescore.com/img/flags/png-country-4x2-none/res-640x480/no.png,414.76,415.58,2026-08-16,ostkanten,False,anchored,,,,123,53,70,0,1,0,0,0,123,53,70,0,0,0,9e-06,123,105.803464,0.086113,55,47.319706,27,28,-0.069675,68,58.483758,26,42,,0,0.0,0,0,8-Ball,0.086113
4759047,Geir Anfinsen,https://img.cuescore.com/image/8/4/862c792ba8eb7f97e626fbe6cbcc59f6.png,https://cuescore.com/img/flags/png-country-4x2-none/res-640x480/no.png,413.07,413.18,2019-02-10,ostkanten,False,anchored,,,,21,11,10,29,1,0,0,0,21,11,10,0,0,0,0.182912,21,3.5886,,0,0.0,0,0,0.0,21,3.5886,11,10,,0,0.0,0,0,9-Ball,0.0
1277819,Lasse Kåring,https://img.cuescore.com/image/3/4/309803d12287ba0686b1aeee3ee7f798.png?t=1663711147,https://cuescore.com/img/flags/png-country-4x2-none/res-640x480/no.png,412.79,413.33,2024-05-26,ostkanten,False,anchored,,,,49,22,27,1,1,0,0,0,49,22,27,0,0,0,0.001891,49,11.656905,-0.007055,9,1.655324,3,6,0.001168,40,10.001582,19,21,,0,0.0,0,0,9-Ball,0.001168
2639057,Ivan Blomqvist,https://img.cuescore.com/image/d/4/db1243711fa6ef91a311d07f9aaf632f.png?t=1625398277,https://cuescore.com/img/flags/png-country-4x2-none/res-640x480/se.png,412.58,412.7,2022-12-04,ostkanten,False,anchored,,,,19,12,7,31,1,0,0,0,19,12,7,0,0,0,0.243875,19,2.768298,,0,0.0,0,0,,0,0.0,0,0,0.0,19,2.768298,12,7,10-Ball,0.0
1035192,Kjell Martin Andersen,https://img.cuescore.com/image/f/4/f0b986b7aace3e37295bfe59f072f90e.png?t=1714042633,https://cuescore.com/img/flags/png-country-4x2-none/res-640x480/no.png,412.21,412.17,2022-07-31,ostkanten,False,anchored,,,,8,5,3,42,1,0,0,0,8,5,3,0,0,0,0.291389,8,3.046849,,0,0.0,0,0,0.0,8,3.046849,5,3,,0,0.0,0,0,9-Ball,0.0
2241168,Trond L,https://img.cuescore.com/image/8/4/862c792ba8eb7f97e626fbe6cbcc59f6.png,https://cuescore.com/img/flags/png-country-4x2-none/res-640x480/no.png,411.53,411.65,2018-07-08,ostkanten,False,anchored,,,,22,11,11,28,1,0,0,0,22,11,11,0,0,0,0.170529,22,3.277159,,0,0.0,0,0,0.0,22,3.277159,11,11,,0,0.0,0,0,9-Ball,0.0
1014998,Ivan Crenn,https://img.cuescore.com/image/2/4/23bb42a4d955678512c8aa3541a126b8.png?t=1639134744,https://cuescore.com/img/flags/png-country-4x2-none/res-640x480/fr.png,411.06,411.19,2022-07-10,ostkanten,False,anchored,,,,25,11,14,25,1,0,0,0,25,11,14,0,0,0,0.066266,25,7.230317,,0,0.0,0,0,0.01238,16,6.014075,8,8,-0.061217,9,1.216243,3,6,9-Ball,0.01238
16253185,Frank Svorkmo,https://img.cuescore.com/image/8/4/862c792ba8eb7f97e626fbe6cbcc59f6.png,https://cuescore.com/img/flags/png-country-4x2-none/res-640x480/no.png,410.01,410.12,2023-05-07,ostkanten,False,anchored,,,,9,5,4,41,1,0,0,0,9,5,4,0,0,0,0.17391,9,4.091929,0.0,9,4.091929,5,4,,0,0.0,0,0,,0,0.0,0,0,8-Ball,0.0
1006277,Ingolf Höns,https://img.cuescore.com/image/5/4/54f9c53fb7da88518fa45cd73dd20f03.png?t=1790231421,https://cuescore.com/img/flags/png-country-4x2-none/res-640x480/no.png,410.0,410.22,2024-09-22,ostkanten,False,anchored,,,,34,16,18,16,1,0,0,0,34,16,18,0,0,0,0.050551,34,5.482222,-0.341174,5,1.085228,0,5,0.123558,19,2.695699,12,7,0.021852,10,1.701296,4,6,9-Ball,0.123558
1006183,Christel Hanah Johnsen,https://img.cuescore.com/image/8/4/8925333ae7ecfce570ba9991a5e3ac8b.png?t=1710863176,https://cuescore.com/img/flags/png-country-4x2-none/res-640x480/no.png,409.39,409.82,2024-06-09,ostkanten,False,anchored,,,,79,31,48,0,1,0,0,0,79,31,48,0,0,0,2.3e-05,79,21.422556,-0.082215,7,1.306928,2,5,-0.027208,54,16.476027,20,34,0.15269,18,3.639601,9,9,10-Ball,0.15269
13720633,Håkon Haukebøe,https://img.cuescore.com/image/3/4/319f038cddfee25c3e4aa68d059139e5.png?t=1662394144,https://cuescore.com/img/flags/png-country-4x2-none/res-640x480/no.png,409.14,415.19,2026-10-04,ostkanten,True,anchored,,,,305,120,185,0,1,0,0,0,305,120,185,0,0,0,-1e-05,305,257.25854,-0.189984,10,9.566847,2,8,0.007338,295,247.691692,118,177,,0,0.0,0,0,9-Ball,0.007338
1268827,Bastian Andreassen,https://img.cuescore.com/image/8/4/8ee7a4643989fc7422ee9aa1689b8210.png?t=1566200262,https://cuescore.com/img/flags/png-country-4x2-none/res-640x480/no.png,409.07,409.13,2022-07-07,ostkanten,False,anchored,,,,3,3,0,47,1,0,0,0,3,3,0,0,0,0,0.656312,3,1.12555,,0,0.0,0,0,0.0,3,1.12555,3,0,,0,0.0,0,0,9-Ball,0.0
1006171,Bjørnar Davidsen,https://img.cuescore.com/image/1/4/13ae6d4051653c58f346f9f6478528a5.png?t=1441835857,https://cuescore.com/img/flags/png-country-4x2-none/res-640x480/no.png,409.04,409.27,2019-10-20,ostkanten,False,anchored,,,,41,19,22,9,1,0,0,0,41,19,22,0,0,0,0.023636,41,5.959173,,0,0.0,0,0,0.220485,9,1.803707,6,3,-0.095703,32,4.155466,13,19,9-Ball,0.220485
1006331,Kenneth Rognstad,https://img.cuescore.com/image/7/4/75011e6f288d930238f9b02b6df5ba53.png?t=1630702299,https://cuescore.com/img/flags/png-country-4x2-none/res-640x480/no.png,408.93,408.99,2022-07-11,ostkanten,False,anchored,,,,5,4,1,45,1,0,0,0,5,4,1,0,0,0,0.369941,5,1.880646,,0,0.0,0,0,-0.781349,1,0.376121,0,1,0.195332,4,1.504525,4,0,10-Ball,0.195332
2945676,Christoffer Hansen,https://img.cuescore.com/image/1/4/19be74237a23ce3f5268931c38073953.png?t=1541014232,https://cuescore.com/img/flags/png-country-4x2-none/res-640x480/no.png,408.51,408.6,2021-10-17,ostkanten,False,anchored,,,,15,9,6,35,1,0,0,0,15,9,6,0,0,0,0.223049,15,2.314985,,0,0.0,0,0,,0,0.0,0,0,0.0,15,2.314985,9,6,10-Ball,0.0
6736102,Jóhann Marel Viðarsson,https://img.cuescore.com/image/2/4/224a57fe8f232448d815605bdfa45e24.png?t=1572289483,https://cuescore.com/img/flags/png-country-4x2-none/res-640x480/is.png,408.36,408.41,2022-09-18,ostkanten,False,anchored,,,,16,8,8,34,1,0,0,0,16,8,8,0,0,0,0.078308,16,6.285832,,0,0.0,0,0,0.0,16,6.285832,8,8,,0,0.0,0,0,9-Ball,0.0
1006215,Emil Andreassen,https://img.cuescore.com/image/4/4/49095675f030b08c4fb3f68d35ad9287.png?t=1481128220,https://cuescore.com/img/flags/png-country-4x2-none/res-640x480/no.png,407.91,407.97,2024-08-25,ostkanten,False,anchored,,,,7,5,2,43,1,0,0,0,7,5,2,0,0,0,0.225271,7,2.6146,,0,0.0,0,0,0.0,7,2.6146,5,2,,0,0.0,0,0,9-Ball,0.0
1006270,Henrik Flatås,https://img.cuescore.com/image/3/4/345849b33541265b683ad9709a316301.png?t=1478100993,https://cuescore.com/img/flags/png-country-4x2-none/res-640x480/no.png,407.7,407.8,2022-07-10,ostkanten,False,anchored,,,,25,12,13,25,1,0,0,0,25,12,13,0,0,0,0.035469,25,9.39403,,0,0.0,0,0,0.051869,12,4.510556,6,6,-0.047908,13,4.883474,6,7,9-Ball,0.051869
7719582,Astrid E. Pedersen,https://img.cuescore.com/image/e/4/e219e9c2df259c77f1de2743034ebeae.png?t=1627285842,https://cuescore.com/img/flags/png-country-4x2-none/res-640x480/no.png,407.13,407.24,2025-06-29,ostkanten,False,anchored,,,,18,7,11,32,1,0,0,0,18,7,11,0,0,0,0.029384,18,13.438823,,0,0.0,0,0,0.0,18,13.438823,7,11,,0,0.0,0,0,9-Ball,0.0
2020618,zian azam,https://img.cuescore.com/image/8/4/862c792ba8eb7f97e626fbe6cbcc59f6.png,https://cuescore.com/img/flags/png-country-4x2-none/res-640x480/no.png,406.98,407.03,2017-12-17,ostkanten,False,anchored,,,,7,6,1,43,1,0,0,0,7,6,1,0,0,0,0.567119,7,0.9171,,0,0.0,0,0,0.0,7,0.9171,6,1,,0,0.0,0,0,9-Ball,0.0
1612715,Kunta Kinte,https://img.cuescore.com/image/8/4/862c792ba8eb7f97e626fbe6cbcc59f6.png,https://cuescore.com/img/flags/png-country-4x2-none/res-640x480/pl.png,406.39,406.44,2018-02-11,ostkanten,False,anchored,,,,12,5,7,38,1,0,0,0,12,5,7,0,0,0,0.258242,12,1.628843,,0,0.0,0,0,0.0,12,1.628843,5,7,,0,0.0,0,0,9-Ball,0.0
1944513,Harald Helberg,https://img.cuescore.com/image/8/4/862c792ba8eb7f97e626fbe6cbcc59f6.png,https://cuescore.com/img/flags/png-country-4x2-none/res-640x480/no.png,406.14,406.22,2017-11-05,ostkanten,False,anchored,,,,25,11,14,25,1,0,0,0,25,11,14,0,0,0,0.083256,25,3.18944,,0,0.0,0,0,,0,0.0,0,0,0.0,25,3.18944,11,14,10-Ball,0.0
1079105,Didrik Vatne,https://img.cuescore.com/image/b/4/b645bac51f603fd26b302f7a8f763004.png?t=1626124556,https://cuescore.com/img/flags/png-country-4x2-none/res-640x480/no.png,406.13,406.17,2022-07-07,ostkanten,False,anchored,,,,5,3,2,45,1,0,0,0,5,3,2,0,0,0,0.254577,5,1.875917,,0,0.0,0,0,0.0,5,1.875917,3,2,,0,0.0,0,0,9-Ball,0.0
3716933,Amirhosein Hoseinzadeh,https://img.cuescore.com/image/a/4/ae53f224c6baa9d21522138b378a7d5d.png?t=1570533786,https://cuescore.com/img/flags/png-country-4x2-none/res-640x480/no.png,405.97,406.03,2021-11-07,ostkanten,False,anchored,,,,9,5,4,41,1,0,0,0,9,5,4,0,0,0,0.278012,9,1.524401,0.0,9,1.524401,5,4,,0,0.0,0,0,,0,0.0,0,0,8-Ball,0.0
1014767,Astrid Eiken Flage,https://img.cuescore.com/image/c/4/c00f554b927f20000cf6eab042d79a75.png?t=1692221190,https://cuescore.com/img/flags/png-country-4x2-none/res-640x480/no.png,405.57,405.64,2022-07-10,ostkanten,False,anchored,,,,20,9,11,30,1,0,0,0,20,9,11,0,0,0,0.038508,20,7.513442,,0,0.0,0,0,0.103149,14,5.259531,8,6,-0.240699,6,2.253911,1,5,9-Ball,0.103149
1524570,Stig Berntsen,https://img.cuescore.com/image/9/4/98b60aa7a6c82686689f5627e01a1ea2.png?t=1721518251,https://cuescore.com/img/flags/png-country-4x2-none/res-640x480/no.png,405.5,405.55,2022-07-11,ostkanten,False,anchored,,,,7,4,3,43,1,0,0,0,7,4,3,0,0,0,0.155631,7,2.632854,-0.095987,2,0.752219,1,1,0.004789,2,0.752242,1,1,0.060795,3,1.128394,2,1,10-Ball,0.060795
1944190,Anders Lie,https://img.cuescore.com/image/8/4/862c792ba8eb7f97e626fbe6cbcc59f6.png,https://cuescore.com/img/flags/png-country-4x2-none/res-640x480/no.png,405.38,405.45,2019-09-28,ostkanten,False,anchored,,,,11,6,5,39,1,0,0,0,11,6,5,0,0,0,0.167155,11,2.174457,,0,0.0,0,0,0.0,11,2.174457,6,5,,0,0.0,0,0,9-Ball,0.0
1006536,Tormod Rygge,https://img.cuescore.com/image/2/4/2053792328b78e00e7caf0ef33d55776.png?t=1557667159,https://cuescore.com/img/flags/png-country-4x2-none/res-640x480/no.png,405.37,405.49,2019-05-12,ostkanten,False,anchored,,,,19,10,9,31,1,0,0,0,19,10,9,0,0,0,0.089264,19,3.230143,,0,0.0,0,0,-0.128295,10,1.810056,4,6,0.163525,9,1.420087,6,3,10-Ball,0.163525
1071778,Deleted Account,https://img.cuescore.com/image/8/4/862c792ba8eb7f97e626fbe6cbcc59f6.png,https://cuescore.com/img/flags/png-country-4x2-none/res-640x480/no.png,405.33,405.41,2019-04-14,ostkanten,False,anchored,,,,20,10,10,30,1,0,0,0,20,10,10,0,0,0,0.107656,20,2.574225,,0,0.0,0,0,0.0,20,2.574225,10,10,,0,0.0,0,0,9-Ball,0.0
6137239,Rudi Mathisen,https://img.cuescore.com/image/4/4/47a98faaff7c7badec4f0370e0a4fe9d.png?t=1565557963,https://cuescore.com/img/flags/png-country-4x2-none/res-640x480/no.png,405.16,405.2,2023-12-29,ostkanten,False,anchored,,,,5,3,2,45,1,0,0,0,5,3,2,0,0,0,0.214586,5,1.875917,,0,0.0,0,0,0.0,5,1.875917,3,2,,0,0.0,0,0,9-Ball,0.0
9836020,Francis Hughes,https://img.cuescore.com/image/9/4/96ba16408073d1cccec456e9f274b3f0.png?t=1652694027,https://cuescore.com/img/flags/png-country-4x2-none/res-640x480/gb.png,405.15,405.2,2022-06-30,ostkanten,False,anchored,,,,4,3,1,46,1,0,0,0,4,3,1,0,0,0,0.274761,4,1.494057,,0,0.0,0,0,0.0,4,1.494057,3,1,,0,0.0,0,0,9-Ball,0.0
1038588,Lucas Baranji,https://img.cuescore.com/image/4/4/492e28c12d82364add542baf9eb296e7.png?t=1571323976,https://cuescore.com/img/flags/png-country-4x2-none/res-640x480/no.png,404.68,404.72,2022-06-30,ostkanten,False,anchored,,,,4,3,1,46,1,0,0,0,4,3,1,0,0,0,0.249388,4,1.494057,,0,0.0,0,0,0.0,4,1.494057,3,1,,0,0.0,0,0,9-Ball,0.0
2476389,Bjarte Ervall,https://img.cuescore.com/image/8/4/862c792ba8eb7f97e626fbe6cbcc59f6.png,https://cuescore.com/img/flags/png-country-4x2-none/res-640x480/no.png,404.61,404.67,2018-05-06,ostkanten,False,anchored,,,,9,6,3,41,1,0,0,0,9,6,3,0,0,0,0.254067,9,1.288277,,0,0.0,0,0,,0,0.0,0,0,0.0,9,1.288277,6,3,10-Ball,0.0
1967863,Nate Komljenovic,https://img.cuescore.com/image/8/4/862c792ba8eb7f97e626fbe6cbcc59f6.png,https://cuescore.com/img/flags/png-country-4x2-none/res-640x480/si.png,404.24,404.98,2019-11-17,ostkanten,False,anchored,,,,51,24,27,0,1,0,0,0,51,24,27,0,0,0,2.6e-05,51,6.602127,,0,0.0,0,0,-0.06896,18,2.316802,6,12,0.037282,33,4.285324,18,15,10-Ball,0.037282
1006371,Marius Fredriksen,https://img.cuescore.com/image/8/4/862c792ba8eb7f97e626fbe6cbcc59f6.png,https://cuescore.com/img/flags/png-country-4x2-none/res-640x480/no.png,404.19,404.24,2024-10-27,ostkanten,False,anchored,,,,14,8,6,36,1,0,0,0,14,8,6,0,0,0,0.081388,14,3.210487,,0,0.0,0,0,0.0,14,3.210487,8,6,,0,0.0,0,0,9-Ball,0.0
26005654,Jacob Sæther,https://img.cuescore.com/image/0/4/0918d58f366e986146d4643e6685222e.png?t=1784673781,https://cuescore.com/img/flags/png-country-4x2-none/res-640x480/no.png,403.66,403.74,2023-05-07,ostkanten,False,anchored,,,,8,3,5,42,1,0,0,0,8,3,5,0,0,0,0.073076,8,3.63727,0.0,8,3.63727,3,5,,0,0.0,0,0,,0,0.0,0,0,8-Ball,0.0
1069895,Ragnar Hansen,https://img.cuescore.com/image/1/4/132faba9ed832064dafa1571f59a2b10.png?t=1520435915,https://cuescore.com/img/flags/png-country-4x2-none/res-640x480/no.png,403.62,403.64,2022-07-11,ostkanten,False,anchored,,,,13,5,8,37,1,0,0,0,13,5,8,0,0,0,0.047494,13,4.887136,-0.017697,2,0.752219,1,1,0.003219,11,4.134917,4,7,,0,0.0,0,0,9-Ball,0.003219
7038973,James Leahy,https://img.cuescore.com/image/2/4/20dff670fb5324a4bcb0f90dbb22fe94.png?t=1578167150,https://cuescore.com/img/flags/png-country-4x2-none/res-640x480/au.png,403.52,403.66,2023-12-29,ostkanten,False,anchored,,,,22,8,14,28,1,0,0,0,22,8,14,0,0,0,0.024048,22,7.076043,,0,0.0,0,0,0.0,22,7.076043,8,14,,0,0.0,0,0,9-Ball,0.0
6691281,Andreas Wahr-Hansen,https://img.cuescore.com/image/8/4/862c792ba8eb7f97e626fbe6cbcc59f6.png,https://cuescore.com/img/flags/png-country-4x2-none/res-640x480/no.png,403.17,403.7,2026-02-22,ostkanten,False,anchored,,,,74,26,48,0,1,0,0,0,74,26,48,0,0,0,1.6e-05,74,55.186193,,0,0.0,0,0,0.010329,67,52.55663,24,43,-0.206452,7,2.629563,2,5,9-Ball,0.010329
1006151,Arne Wiese-Hansen,https://img.cuescore.com/image/1/4/1e28b24f7a69cedf9d14ac534965b884.png?t=1660209006,https://cuescore.com/img/flags/png-country-4x2-none/res-640x480/no.png,403.09,403.13,2019-09-28,ostkanten,False,anchored,,,,8,4,4,42,1,0,0,0,8,4,4,0,0,0,0.142137,8,1.581423,,0,0.0,0,0,0.0,8,1.581423,4,4,,0,0.0,0,0,9-Ball,0.0
1047734,Ole Kristian Rudshavn,https://img.cuescore.com/image/7/4/7b93300592f2f5386997461ab5962e49.png?t=1548246763,https://cuescore.com/img/flags/png-country-4x2-none/res-640x480/no.png,403.07,403.1,2024-04-21,ostkanten,False,anchored,,,,2,1,1,48,1,0,0,0,2,1,1,0,0,0,0.224762,2,1.134839,,0,0.0,0,0,0.0,2,1.134839,1,1,,0,0.0,0,0,9-Ball,0.0
1552001,Stig Elde Mikkelsen,https://img.cuescore.com/image/f/4/faf1ee1962736e0f6504c12e74ff3fe3.png?t=1501105742,https://cuescore.com/img/flags/png-country-4x2-none/res-640x480/no.png,402.88,402.93,2022-07-11,ostkanten,False,anchored,,,,6,3,3,44,1,0,0,0,6,3,3,0,0,0,0.097376,6,2.256724,-0.492423,1,0.376109,0,1,0.219965,4,1.504483,3,1,-0.387443,1,0.376131,0,1,9-Ball,0.219965
7980809,Jan Petter Svendsen,https://img.cuescore.com/image/8/4/8f0e38beb036675cec186173d4de58ce.png?t=1665154760,https://cuescore.com/img/flags/png-country-4x2-none/res-640x480/no.png,402.54,402.57,2022-06-30,ostkanten,False,anchored,,,,5,3,2,45,1,0,0,0,5,3,2,0,0,0,0.106016,5,1.867572,,0,0.0,0,0,0.0,5,1.867572,3,2,,0,0.0,0,0,9-Ball,0.0
1006161,Bernt Even Nilsen,https://img.cuescore.com/image/5/4/5370e22e88708e7259b245275f036c0c.png?t=1583751561,https://cuescore.com/img/flags/png-country-4x2-none/res-640x480/no.png,401.97,402.0,2022-07-07,ostkanten,False,anchored,,,,8,4,4,42,1,0,0,0,8,4,4,0,0,0,0.047751,8,2.99646,,0,0.0,0,0,0.0,8,2.99646,4,4,,0,0.0,0,0,9-Ball,0.0
2139030,Zian Azam,https://img.cuescore.com/image/b/4/b1df7d9ecb9d78986fb33282dde37261.png?t=1519094834,https://cuescore.com/img/flags/png-country-4x2-none/res-640x480/no.png,401.81,401.85,2022-01-23,ostkanten,False,anchored,,,,18,9,9,32,1,0,0,0,18,9,9,0,0,0,0.040874,18,2.454124,,0,0.0,0,0,0.0,18,2.454124,9,9,,0,0.0,0,0,9-Ball,0.0
6060601,Nomen Nescio,https://img.cuescore.com/image/5/4/5aa6aa48f7d5ffe854d5266ac08db7ef.png,https://cuescore.com/img/flags/png-country-4x2-none/res-640x480/no.png,401.43,401.45,2022-07-03,ostkanten,False,anchored,,,,4,2,2,46,1,0,0,0,4,2,2,0,0,0,0.076035,4,1.494057,,0,0.0,0,0,0.0,4,1.494057,2,2,,0,0.0,0,0,9-Ball,0.0
69888928,T M.H,https://img.cuescore.com/image/7/4/7573bd1ad2155bd6ba6d0830bd161b2e.png?t=1761607499,https://cuescore.com/img/flags/png-country-4x2-none/res-640x480/no.png,400.9,401.24,2026-09-13,ostkanten,False,anchored,,,,29,11,18,21,1,0,0,0,29,11,18,0,0,0,0.00114,29,28.6173,0.0,29,28.6173,11,18,,0,0.0,0,0,,0,0.0,0,0,8-Ball,0.0
8383387,Michael Stark,https://img.cuescore.com/image/d/4/d99d948552a64f44336887fcbdf55c0f.png?t=1603045838,https://cuescore.com/img/flags/png-country-4x2-none/res-640x480/no.png,400.89,400.99,2020-10-25,ostkanten,False,anchored,,,,17,8,9,33,1,0,0,0,17,8,9,0,0,0,0.011747,17,4.308359,,0,0.0,0,0,0.0,17,4.308359,8,9,,0,0.0,0,0,9-Ball,0.0
16585597,Bjørn Sjølli,https://img.cuescore.com/image/8/4/862c792ba8eb7f97e626fbe6cbcc59f6.png,https://cuescore.com/img/flags/png-country-4x2-none/res-640x480/no.png,400.81,400.72,2022-07-31,ostkanten,False,anchored,,,,9,3,6,41,1,0,0,0,9,3,6,0,0,0,0.017053,9,3.367548,,0,0.0,0,0,0.0,9,3.367548,3,6,,0,0.0,0,0,9-Ball,0.0
3402052,Henning Evensen,https://img.cuescore.com/image/8/4/862c792ba8eb7f97e626fbe6cbcc59f6.png,https://cuescore.com/img/flags/png-country-4x2-none/res-640x480/no.png,400.74,400.78,2018-12-02,ostkanten,False,anchored,,,,9,4,5,41,1,0,0,0,9,4,5,0,0,0,0.03587,9,1.464833,0.0,9,1.464833,4,5,,0,0.0,0,0,,0,0.0,0,0,8-Ball,0.0
5105380,Alexander Høva,https://img.cuescore.com/image/8/4/862c792ba8eb7f97e626fbe6cbcc59f6.png,https://cuescore.com/img/flags/png-country-4x2-none/res-640x480/no.png,400.33,400.33,2022-07-07,ostkanten,False,anchored,,,,2,1,1,48,1,0,0,0,2,1,1,0,0,0,0.036994,2,0.750367,,0,0.0,0,0,0.0,2,0.750367,1,1,,0,0.0,0,0,9-Ball,0.0
1085688,Odd Martin Asp,https://img.cuescore.com/image/d/4/d8816bc96ce8fa1917fd6be565c416f8.png?t=1581939802,https://cuescore.com/img/flags/png-country-4x2-none/res-640x480/no.png,400.3,400.31,2022-07-07,ostkanten,False,anchored,,,,4,2,2,46,1,0,0,0,4,2,2,0,0,0,0.015857,4,1.500734,,0,0.0,0,0,0.0,4,1.500734,2,2,,0,0.0,0,0,9-Ball,0.0
1708121,Petter Olsen,https://img.cuescore.com/image/b/4/b442bea202b1222facbc56e62a070416.png?t=1647035273,https://cuescore.com/img/flags/png-country-4x2-none/res-640x480/no.png,400.29,400.3,2022-06-30,ostkanten,False,anchored,,,,4,2,2,46,1,0,0,0,4,2,2,0,0,0,0.015188,4,1.494057,,0,0.0,0,0,0.0,4,1.494057,2,2,,0,0.0,0,0,9-Ball,0.0
1006147,Arild Kråkvik,https://img.cuescore.com/image/2/4/2e1bbf687394242ede8ccb3700a03d07.png?t=1548893988,https://cuescore.com/img/flags/png-country-4x2-none/res-640x480/no.png,400.23,400.3,2023-12-29,ostkanten,False,anchored,,,,17,8,9,33,1,0,0,0,17,8,9,0,0,0,0.005643,17,2.287182,0.0,17,2.287182,8,9,,0,0.0,0,0,,0,0.0,0,0,8-Ball,0.0
2888171,Ørjan Storborg,https://img.cuescore.com/image/8/4/862c792ba8eb7f97e626fbe6cbcc59f6.png,https://cuescore.com/img/flags/png-country-4x2-none/res-640x480/no.png,400.19,400.52,2022-04-23,ostkanten,False,anchored,,,,29,14,15,21,1,0,0,0,29,14,15,0,0,0,0.000643,29,10.376198,,0,0.0,0,0,0.0,29,10.376198,14,15,,0,0.0,0,0,9-Ball,0.0
1006252,Gjermund Flage,https://img.cuescore.com/image/b/4/b7fe181ea5eb57962ba6258756235de4.png?t=1574261470,https://cuescore.com/img/flags/png-country-4x2-none/res-640x480/no.png,400.19,400.19,2022-07-07,ostkanten,False,anchored,,,,2,1,1,48,1,0,0,0,2,1,1,0,0,0,0.021465,2,0.750367,,0,0.0,0,0,0.0,2,0.750367,1,1,,0,0.0,0,0,9-Ball,0.0
16672027,Michael Brandt,https://img.cuescore.com/image/8/4/862c792ba8eb7f97e626fbe6cbcc59f6.png,https://cuescore.com/img/flags/png-country-4x2-none/res-640x480/no.png,400.17,400.18,2022-07-11,ostkanten,False,anchored,,,,2,1,1,48,1,0,0,0,2,1,1,0,0,0,0.018306,2,0.752219,0.0,2,0.752219,1,1,,0,0.0,0,0,,0,0.0,0,0,8-Ball,0.0
3309293,OC. Hansen,https://img.cuescore.com/image/8/4/8b2fbc4be2ca61b5026159819c8960d5.png?t=1652605995,https://cuescore.com/img/flags/png-country-4x2-none/res-640x480/no.png,400.02,400.02,2023-05-07,ostkanten,False,anchored,,,,2,1,1,48,1,0,0,0,2,1,1,0,0,0,0.00207,2,0.747029,,0,0.0,0,0,0.0,2,0.747029,1,1,,0,0.0,0,0,9-Ball,0.0
2138958,Michael Andersson,https://img.cuescore.com/image/8/4/862c792ba8eb7f97e626fbe6cbcc59f6.png,https://cuescore.com/img/flags/png-country-4x2-none/res-640x480/se.png,399.91,399.95,2018-02-11,ostkanten,False,anchored,,,,10,4,6,40,1,0,0,0,10,4,6,0,0,0,-0.004727,10,1.357369,,0,0.0,0,0,0.0,10,1.357369,4,6,,0,0.0,0,0,9-Ball,0.0
16670470,Brede Rullut,https://img.cuescore.com/image/8/4/862c792ba8eb7f97e626fbe6cbcc59f6.png,https://cuescore.com/img/flags/png-country-4x2-none/res-640x480/no.png,399.86,399.87,2022-07-11,ostkanten,False,anchored,,,,2,1,1,48,1,0,0,0,2,1,1,0,0,0,-0.0158,2,0.752219,0.0,2,0.752219,1,1,,0,0.0,0,0,,0,0.0,0,0,8-Ball,0.0
3637421,Henning Evensen,https://img.cuescore.com/image/5/4/58eab07d2013613340772c0d6d622662.png?t=1547562258,https://cuescore.com/img/flags/png-country-4x2-none/res-640x480/no.png,399.71,399.74,2019-09-22,ostkanten,False,anchored,,,,8,3,5,42,1,0,0,0,8,3,5,0,0,0,-0.015649,8,1.355023,0.0,8,1.355023,3,5,,0,0.0,0,0,,0,0.0,0,0,8-Ball,0.0
1174563,Jan Kringstad,https://img.cuescore.com/image/8/4/862c792ba8eb7f97e626fbe6cbcc59f6.png,https://cuescore.com/img/flags/png-country-4x2-none/res-640x480/no.png,399.56,399.62,2018-04-29,ostkanten,False,anchored,,,,18,7,11,32,1,0,0,0,18,7,11,0,0,0,-0.009521,18,2.565187,0.0,18,2.565187,7,11,,0,0.0,0,0,,0,0.0,0,0,8-Ball,0.0
16543003,Courtney Daniells,https://img.cuescore.com/image/5/4/5aa6aa48f7d5ffe854d5266ac08db7ef.png,https://cuescore.com/img/flags/png-country-4x2-none/res-640x480/no.png,399.42,399.43,2022-06-30,ostkanten,False,anchored,,,,3,1,2,47,1,0,0,0,3,1,2,0,0,0,-0.042279,3,1.120543,,0,0.0,0,0,0.0,3,1.120543,1,2,,0,0.0,0,0,9-Ball,0.0
10408627,Kasper Parkstad,https://img.cuescore.com/image/7/4/774dcd54bec46c29bb8e671a134d5bd0.png?t=1635692493,https://cuescore.com/img/flags/png-country-4x2-none/res-640x480/no.png,399.39,399.45,2021-10-31,ostkanten,False,anchored,,,,8,3,5,42,1,0,0,0,8,3,5,0,0,0,-0.017251,8,2.563753,0.0,8,2.563753,3,5,,0,0.0,0,0,,0,0.0,0,0,8-Ball,0.0
1006388,Mats Brujordet Schjetne,https://img.cuescore.com/image/5/4/57e243d3b2c752949a5a144d6905cd53.png?t=1668509803,https://cuescore.com/img/flags/png-country-4x2-none/res-640x480/no.png,399.38,398.85,2024-06-16,ostkanten,False,anchored,,,,3,1,2,47,1,0,0,0,3,1,2,0,0,0,-0.044746,3,1.12555,,0,0.0,0,0,0.0,3,1.12555,1,2,,0,0.0,0,0,9-Ball,0.0
1006275,Ine Helvik,https://img.cuescore.com/image/2/4/298bfe7fd43486727629e7f2aaa2f31b.png?t=1546256713,https://cuescore.com/img/flags/png-country-4x2-none/res-640x480/no.png,398.99,398.99,2022-07-11,ostkanten,False,anchored,,,,1,0,1,49,1,0,0,0,1,0,1,0,0,0,-0.22835,1,0.376131,,0,0.0,0,0,,0,0.0,0,0,0.0,1,0.376131,0,1,10-Ball,0.0
1027114,Jeremiah Torres,https://img.cuescore.com/image/8/4/8e769b6795001aa9fef39d8f9a66c82a.png?t=1761840498,https://cuescore.com/img/flags/png-country-4x2-none/res-640x480/no.png,398.96,399.46,2026-01-04,ostkanten,False,anchored,,,,14,5,9,36,1,0,0,0,14,5,9,0,0,0,-0.005487,14,11.779854,0.0,14,11.779854,5,9,,0,0.0,0,0,,0,0.0,0,0,8-Ball,0.0
5096958,Rune Paris,https://img.cuescore.com/image/8/4/862c792ba8eb7f97e626fbe6cbcc59f6.png,https://cuescore.com/img/flags/png-country-4x2-none/res-640x480/no.png,398.22,398.24,2019-09-01,ostkanten,False,anchored,,,,8,2,6,42,1,0,0,0,8,2,6,0,0,0,-0.083179,8,1.554361,,0,0.0,0,0,,0,0.0,0,0,0.0,8,1.554361,2,6,10-Ball,0.0
3585947,Didrik Voga Berg,https://img.cuescore.com/image/8/4/862c792ba8eb7f97e626fbe6cbcc59f6.png,https://cuescore.com/img/flags/png-country-4x2-none/res-640x480/no.png,398.21,398.22,2022-07-09,ostkanten,False,anchored,,,,8,3,5,42,1,0,0,0,8,3,5,0,0,0,-0.043374,8,3.005215,,0,0.0,0,0,,0,0.0,0,0,0.0,8,3.005215,3,5,10-Ball,0.0
3299855,Thomas Wiik,https://img.cuescore.com/image/8/4/862c792ba8eb7f97e626fbe6cbcc59f6.png,https://cuescore.com/img/flags/png-country-4x2-none/res-640x480/no.png,398.2,398.21,2022-01-16,ostkanten,False,anchored,,,,6,1,5,44,1,0,0,0,6,1,5,0,0,0,-0.143174,6,0.959411,0.0,6,0.959411,1,5,,0,0.0,0,0,,0,0.0,0,0,8-Ball,0.0
11705854,Riaz Ali,https://img.cuescore.com/image/8/4/862c792ba8eb7f97e626fbe6cbcc59f6.png,https://cuescore.com/img/flags/png-country-4x2-none/res-640x480/no.png,398.1,398.1,2022-07-11,ostkanten,False,anchored,,,,1,0,1,49,1,0,0,0,1,0,1,0,0,0,-0.42958,1,0.376131,,0,0.0,0,0,,0,0.0,0,0,0.0,1,0.376131,0,1,10-Ball,0.0
16672135,Eivind Tunstad,https://img.cuescore.com/image/8/4/862c792ba8eb7f97e626fbe6cbcc59f6.png,https://cuescore.com/img/flags/png-country-4x2-none/res-640x480/no.png,398.1,398.1,2022-07-11,ostkanten,False,anchored,,,,1,0,1,49,1,0,0,0,1,0,1,0,0,0,-0.42958,1,0.376109,0.0,1,0.376109,0,1,,0,0.0,0,0,,0,0.0,0,0,8-Ball,0.0
15769831,Thea Nordnes,https://img.cuescore.com/image/0/4/0a71ab0c2790b9a6e4e625bdcafdafb3.png?t=1652179905,https://cuescore.com/img/flags/png-country-4x2-none/res-640x480/no.png,397.9,397.91,2023-03-19,ostkanten,False,anchored,,,,3,1,2,47,1,0,0,0,3,1,2,0,0,0,-0.152972,3,1.120543,,0,0.0,0,0,0.0,3,1.120543,1,2,,0,0.0,0,0,9-Ball,0.0
1663605,Mona Sunde,https://img.cuescore.com/image/5/4/5aa6aa48f7d5ffe854d5266ac08db7ef.png,https://cuescore.com/img/flags/png-country-4x2-none/res-640x480/no.png,397.88,397.9,2018-05-15,ostkanten,False,anchored,,,,16,4,12,34,1,0,0,0,16,4,12,0,0,0,-0.060744,16,2.05938,,0,0.0,0,0,0.0,16,2.05938,4,12,,0,0.0,0,0,9-Ball,0.0
19913527,Wael Handal,https://img.cuescore.com/image/5/4/560089e4ea7003d4b17eb2f1341fad56.png?t=1677498717,https://cuescore.com/img/flags/png-country-4x2-none/res-640x480/no.png,397.83,397.87,2024-04-28,ostkanten,False,anchored,,,,7,3,4,43,1,0,0,0,7,3,4,0,0,0,-0.044901,7,3.603333,,0,0.0,0,0,0.0,7,3.603333,3,4,,0,0.0,0,0,9-Ball,0.0
3253188,Tor Einar Johansen,https://img.cuescore.com/image/9/4/921fcc142992a12fdeb37558b8a20add.png?t=1550137651,https://cuescore.com/img/flags/png-country-4x2-none/res-640x480/no.png,397.8,397.79,2023-03-12,ostkanten,False,anchored,,,,10,4,6,40,1,0,0,0,10,4,6,0,0,0,-0.088929,10,1.71643,,0,0.0,0,0,0.0,10,1.71643,4,6,,0,0.0,0,0,9-Ball,0.0
1127825,Jeremy Caston,https://img.cuescore.com/image/0/4/0b6123b5807939c349b0e376d8983e2f.png?t=1600873002,https://cuescore.com/img/flags/png-country-4x2-none/res-640x480/no.png,397.75,397.74,2024-04-07,ostkanten,False,anchored,,,,3,1,2,47,1,0,0,0,3,1,2,0,0,0,-0.163831,3,1.120543,,0,0.0,0,0,0.0,3,1.120543,1,2,,0,0.0,0,0,9-Ball,0.0
16631866,Matteo Melera,https://img.cuescore.com/image/8/4/862c792ba8eb7f97e626fbe6cbcc59f6.png,https://cuescore.com/img/flags/png-country-4x2-none/res-640x480/no.png,397.43,397.43,2022-07-07,ostkanten,False,anchored,,,,3,1,2,47,1,0,0,0,3,1,2,0,0,0,-0.186006,3,1.12555,,0,0.0,0,0,0.0,3,1.12555,1,2,,0,0.0,0,0,9-Ball,0.0
2165290,Michael Andersson,https://img.cuescore.com/image/8/4/862c792ba8eb7f97e626fbe6cbcc59f6.png,https://cuescore.com/img/flags/png-country-4x2-none/res-640x480/se.png,397.26,397.25,2018-02-18,ostkanten,False,anchored,,,,9,3,6,41,1,0,0,0,9,3,6,0,0,0,-0.158783,9,1.227062,,0,0.0,0,0,0.0,9,1.227062,3,6,,0,0.0,0,0,9-Ball,0.0
1061547,Henning Svensson,https://img.cuescore.com/image/2/4/2586416abf840070fb6cfcd0272cbff3.png?t=1657268815,https://cuescore.com/img/flags/png-country-4x2-none/res-640x480/no.png,396.87,396.87,2022-06-30,ostkanten,False,anchored,,,,2,0,2,48,1,0,0,0,2,0,2,0,0,0,-0.348533,2,0.747029,,0,0.0,0,0,0.0,2,0.747029,0,2,,0,0.0,0,0,9-Ball,0.0
2266694,Michael Andersson,https://img.cuescore.com/image/8/4/862c792ba8eb7f97e626fbe6cbcc59f6.png,https://cuescore.com/img/flags/png-country-4x2-none/res-640x480/se.png,396.8,396.86,2018-04-22,ostkanten,False,anchored,,,,19,7,12,31,1,0,0,0,19,7,12,0,0,0,-0.063796,19,2.695699,,0,0.0,0,0,0.0,19,2.695699,7,12,,0,0.0,0,0,9-Ball,0.0
8217316,Ida Amundsen Holtet,https://img.cuescore.com/image/3/4/3eb9c11140ed451034c9ab35d844aa31.png?t=1768456598,https://cuescore.com/img/flags/png-country-4x2-none/res-640x480/no.png,396.73,396.74,2025-03-16,ostkanten,False,anchored,,,,9,2,7,41,1,0,0,0,9,2,7,0,0,0,-0.080301,9,2.894745,,0,0.0,0,0,0.0,9,2.894745,2,7,,0,0.0,0,0,9-Ball,0.0
2043792,Vaios Evangelou,https://img.cuescore.com/image/7/4/7036968f7bde92e60c5f1fa05435bf33.png?t=1739016923,https://cuescore.com/img/flags/png-country-4x2-none/res-640x480/gr.png,396.53,396.8,2020-10-25,ostkanten,False,anchored,,,,114,45,69,0,1,0,0,0,114,45,69,0,0,0,0.0,114,21.509432,-0.058672,44,6.768095,14,30,0.080251,56,12.602351,29,27,-0.287169,14,2.138986,2,12,9-Ball,0.080251
1997987,Sven Høgdahl,https://img.cuescore.com/image/8/4/8d29195469d3a1b088d829a550e79fac.png?t=1670759545,https://cuescore.com/img/flags/png-country-4x2-none/res-640x480/no.png,396.06,396.28,2025-09-07,ostkanten,False,anchored,,,,18,7,11,32,1,0,0,0,18,7,11,0,0,0,-0.016789,18,12.984459,0.003783,14,10.925435,5,9,-0.020071,4,2.059024,2,2,,0,0.0,0,0,8-Ball,0.003783
16630669,Marios Zalachas,https://img.cuescore.com/image/8/4/862c792ba8eb7f97e626fbe6cbcc59f6.png,https://cuescore.com/img/flags/png-country-4x2-none/res-640x480/no.png,395.89,395.87,2022-07-07,ostkanten,False,anchored,,,,2,0,2,48,1,0,0,0,2,0,2,0,0,0,-0.455387,2,0.750367,,0,0.0,0,0,0.0,2,0.750367,0,2,,0,0.0,0,0,9-Ball,0.0
8383377,Tina Lindvall,https://img.cuescore.com/image/6/4/6ad47a8d509c9b4bbca66e2c4d822070.png?t=1711720002,https://cuescore.com/img/flags/png-country-4x2-none/res-640x480/no.png,395.86,395.84,2022-07-07,ostkanten,False,anchored,,,,2,0,2,48,1,0,0,0,2,0,2,0,0,0,-0.458453,2,0.750367,,0,0.0,0,0,0.0,2,0.750367,0,2,,0,0.0,0,0,9-Ball,0.0
1566758,Tor-Arne Slorafoss,https://img.cuescore.com/image/8/4/862c792ba8eb7f97e626fbe6cbcc59f6.png,https://cuescore.com/img/flags/png-country-4x2-none/res-640x480/no.png,395.85,396.46,2025-09-21,ostkanten,False,anchored,,,,42,16,26,8,1,0,0,0,42,16,26,0,0,0,-0.001849,42,31.380728,0.155774,21,15.132434,11,10,-0.145076,21,16.248294,5,16,,0,0.0,0,0,8-Ball,0.155774
80198077,Nils Vogt,https://img.cuescore.com/image/8/4/862c792ba8eb7f97e626fbe6cbcc59f6.png,https://cuescore.com/img/flags/png-country-4x2-none/res-640x480/no.png,395.8,396.05,2026-05-10,ostkanten,False,anchored,,,,16,5,11,34,1,0,0,0,16,5,11,0,0,0,-0.016982,16,14.579325,,0,0.0,0,0,0.0,16,14.579325,5,11,,0,0.0,0,0,9-Ball,0.0
15015007,Nikola Tadijanović,https://img.cuescore.com/image/2/4/2f1a2daecdffaa6d63b4843c739b07bf.png?t=1650726826,https://cuescore.com/img/flags/png-country-4x2-none/res-640x480/hr.png,395.78,395.76,2025-01-19,ostkanten,False,anchored,,,,2,0,2,48,1,0,0,0,2,0,2,0,0,0,-0.47008,2,0.747029,,0,0.0,0,0,0.0,2,0.747029,0,2,,0,0.0,0,0,9-Ball,0.0
8270875,Ole Jørgen Egeland,https://img.cuescore.com/image/8/4/862c792ba8eb7f97e626fbe6cbcc59f6.png,https://cuescore.com/img/flags/png-country-4x2-none/res-640x480/no.png,395.6,395.58,2022-06-30,ostkanten,False,anchored,,,,2,0,2,48,1,0,0,0,2,0,2,0,0,0,-0.490273,2,0.747029,,0,0.0,0,0,0.0,2,0.747029,0,2,,0,0.0,0,0,9-Ball,0.0
6551707,Daði Már Guðmundsson,https://img.cuescore.com/image/b/4/b30ac7609aa879d7f43fc87b70c9f293.png?t=1569869999,https://cuescore.com/img/flags/png-country-4x2-none/res-640x480/is.png,395.56,395.55,2022-09-18,ostkanten,False,anchored,,,,8,3,5,42,1,0,0,0,8,3,5,0,0,0,-0.102834,8,3.142916,,0,0.0,0,0,0.0,8,3.142916,3,5,,0,0.0,0,0,9-Ball,0.0
16541845,Georgina Askeland,https://img.cuescore.com/image/5/4/5aa6aa48f7d5ffe854d5266ac08db7ef.png,https://cuescore.com/img/flags/png-country-4x2-none/res-640x480/no.png,395.56,395.54,2022-06-30,ostkanten,False,anchored,,,,2,0,2,48,1,0,0,0,2,0,2,0,0,0,-0.494681,2,0.747029,,0,0.0,0,0,0.0,2,0.747029,0,2,,0,0.0,0,0,9-Ball,0.0
3428055,Rune Fevang,https://img.cuescore.com/image/6/4/6682d0164785f00997fdc32f46aa236c.png?t=1598120176,https://cuescore.com/img/flags/png-country-4x2-none/res-640x480/no.png,395.51,395.52,2025-02-16,ostkanten,False,anchored,,,,5,1,4,45,1,0,0,0,5,1,4,0,0,0,-0.157274,5,2.225825,,0,0.0,0,0,0.0,5,2.225825,1,4,,0,0.0,0,0,9-Ball,0.0
3611014,Terje Blegen,https://img.cuescore.com/image/3/4/3d07244e8328f1ab12c7cf6e0118b055.png?t=1547390981,https://cuescore.com/img/flags/png-country-4x2-none/res-640x480/no.png,395.16,395.47,2025-11-23,ostkanten,False,anchored,,,,20,8,12,30,1,0,0,0,20,8,12,0,0,0,-0.015324,20,16.387068,,0,0.0,0,0,0.0,20,16.387068,8,12,,0,0.0,0,0,9-Ball,0.0
1006164,Bjørn Erik Bergh,https://img.cuescore.com/image/e/4/e91eddf0ebffc08dc939bc6afc9c7677.png?t=1757362250,https://cuescore.com/img/flags/png-country-4x2-none/res-640x480/no.png,395.09,395.13,2024-03-17,ostkanten,False,anchored,,,,14,6,8,36,1,0,0,0,14,6,8,0,0,0,-0.058209,14,5.262315,,0,0.0,0,0,0.0,14,5.262315,6,8,,0,0.0,0,0,9-Ball,0.0
1384637,Jesper Slanti,https://img.cuescore.com/image/8/4/8eadc9798eddf1b4acaa0a2769bacb1f.png?t=1779064358,https://cuescore.com/img/flags/png-country-4x2-none/res-640x480/no.png,394.98,395.01,2024-04-07,ostkanten,False,anchored,,,,13,6,7,37,1,0,0,0,13,6,7,0,0,0,-0.086455,13,3.725616,,0,0.0,0,0,0.0,13,3.725616,6,7,,0,0.0,0,0,9-Ball,0.0
10774063,Axel Mikhail Dalberg,https://img.cuescore.com/image/7/4/7184042b06619ed2c04b9912e7dd0d42.png?t=1647203908,https://cuescore.com/img/flags/png-country-4x2-none/res-640x480/no.png,394.72,394.88,2023-10-15,ostkanten,False,anchored,,,,37,17,20,13,1,0,0,0,37,17,20,0,0,0,-0.006804,37,17.452834,-0.271755,1,0.376109,0,1,0.015253,35,16.700593,17,18,-0.40551,1,0.376131,0,1,9-Ball,0.015253
66009190,Steven Tica,https://img.cuescore.com/image/a/4/a55fd6d7ba8ae92efb2cf936bd734bad.png?t=1786097887,https://cuescore.com/img/flags/png-country-4x2-none/res-640x480/ph.png,394.59,395.02,2026-06-07,ostkanten,False,anchored,,,,14,6,8,36,1,0,0,0,14,6,8,0,0,0,-0.026013,14,12.984795,0.0,14,12.984795,6,8,,0,0.0,0,0,,0,0.0,0,0,8-Ball,0.0
11151241,Thomas Fantoft,https://img.cuescore.com/image/3/4/3d879dbb36e8c08901ef364838b8e193.png?t=1705413230,https://cuescore.com/img/flags/png-country-4x2-none/res-640x480/no.png,394.5,394.48,2023-10-01,ostkanten,False,anchored,,,,3,0,3,47,1,0,0,0,3,0,3,0,0,0,-0.397191,3,1.128361,-0.083756,1,0.376109,0,1,-0.040901,1,0.376121,0,1,0.124651,1,0.376131,0,1,10-Ball,0.124651
1996345,Asgeir Elingsgård,https://img.cuescore.com/image/8/4/862c792ba8eb7f97e626fbe6cbcc59f6.png,https://cuescore.com/img/flags/png-country-4x2-none/res-640x480/no.png,394.33,394.33,2017-12-03,ostkanten,False,anchored,,,,33,13,20,17,1,0,0,0,33,13,20,0,0,0,-0.038924,33,4.285324,,0,0.0,0,0,,0,0.0,0,0,0.0,33,4.285324,13,20,10-Ball,0.0
8003270,Sami Kayan,https://img.cuescore.com/image/8/4/862c792ba8eb7f97e626fbe6cbcc59f6.png,https://cuescore.com/img/flags/png-country-4x2-none/res-640x480/no.png,394.32,394.3,2023-11-19,ostkanten,False,anchored,,,,2,0,2,48,1,0,0,0,2,0,2,0,0,0,-0.458786,2,1.029553,,0,0.0,0,0,0.0,2,1.029553,0,2,,0,0.0,0,0,9-Ball,0.0
1067228,Roy Steffensen,https://img.cuescore.com/image/d/4/d8713043f7814554692857a8551f35ac.png?t=1769896756,https://cuescore.com/img/flags/png-country-4x2-none/res-640x480/no.png,393.77,393.77,2023-01-29,ostkanten,False,anchored,,,,6,1,5,44,1,0,0,0,6,1,5,0,0,0,-0.210458,6,2.253911,,0,0.0,0,0,,0,0.0,0,0,0.0,6,2.253911,1,5,10-Ball,0.0
6907086,Elens Zommers,https://img.cuescore.com/image/8/4/862c792ba8eb7f97e626fbe6cbcc59f6.png,https://cuescore.com/img/flags/png-country-4x2-none/res-640x480/no.png,393.25,393.19,2026-04-26,ostkanten,False,anchored,,,,17,5,12,33,1,0,0,0,17,5,12,0,0,0,-0.025108,17,15.353849,,0,0.0,0,0,0.0,17,15.353849,5,12,,0,0.0,0,0,9-Ball,0.0
10540801,Vasileios Nikolaou,https://img.cuescore.com/image/3/4/3f3e02322213a8ac803ddee19babdbca.png?t=1643031157,https://cuescore.com/img/flags/png-country-4x2-none/res-640x480/gr.png,393.24,393.28,2022-07-24,ostkanten,False,anchored,,,,10,2,8,40,1,0,0,0,10,2,8,0,0,0,-0.124708,10,3.756708,,0,0.0,0,0,0.0,10,3.756708,2,8,,0,0.0,0,0,9-Ball,0.0
2546325,Øyvind Grindstein Vinje,https://img.cuescore.com/image/8/4/87669cf46c27eb1eb05cac5cddc0dd2c.png?t=1643188071,https://cuescore.com/img/flags/png-country-4x2-none/res-640x480/no.png,392.7,392.68,2022-07-10,ostkanten,False,anchored,,,,9,3,6,41,1,0,0,0,9,3,6,0,0,0,-0.153263,9,3.382917,,0,0.0,0,0,0.0,9,3.382917,3,6,,0,0.0,0,0,9-Ball,0.0
16667896,Eirik lambert Jenssen,https://img.cuescore.com/image/8/4/862c792ba8eb7f97e626fbe6cbcc59f6.png,https://cuescore.com/img/flags/png-country-4x2-none/res-640x480/no.png,392.55,392.53,2022-07-10,ostkanten,False,anchored,,,,9,3,6,41,1,0,0,0,9,3,6,0,0,0,-0.156484,9,3.382917,,0,0.0,0,0,0.0,9,3.382917,3,6,,0,0.0,0,0,9-Ball,0.0
20809939,Gary Zacaria,https://img.cuescore.com/image/8/4/862c792ba8eb7f97e626fbe6cbcc59f6.png,https://cuescore.com/img/flags/png-country-4x2-none/res-640x480/ph.png,392.48,392.5,2023-10-15,ostkanten,False,anchored,,,,6,1,5,44,1,0,0,0,6,1,5,0,0,0,-0.191336,6,2.993796,,0,0.0,0,0,,0,0.0,0,0,0.0,6,2.993796,1,5,10-Ball,0.0
16501348,Øyvind Dale,https://img.cuescore.com/image/d/4/d12c28db983c45ab572913de15d54c1a.png?t=1663177825,https://cuescore.com/img/flags/png-country-4x2-none/res-640x480/no.png,391.42,391.39,2024-03-24,ostkanten,False,anchored,,,,4,0,4,46,1,0,0,0,4,0,4,0,0,0,-0.456681,4,1.497396,,0,0.0,0,0,0.0,4,1.497396,0,4,,0,0.0,0,0,9-Ball,0.0
2827292,Simen Jøndal,https://img.cuescore.com/image/7/4/7d64592ad673139659a9a603a39a24f2.png?t=1768576519,https://cuescore.com/img/flags/png-country-4x2-none/res-640x480/no.png,390.86,390.95,2022-06-12,ostkanten,False,anchored,,,,20,5,15,30,1,0,0,0,20,5,15,0,0,0,-0.097886,20,4.85224,,0,0.0,0,0,0.0,20,4.85224,5,15,,0,0.0,0,0,9-Ball,0.0
7906080,Alessandro Luca,https://img.cuescore.com/image/d/4/d10cd1e2e6ca3b495d3832fba211a5d6.png?t=1601821820,https://cuescore.com/img/flags/png-country-4x2-none/res-640x480/it.png,390.73,390.71,2024-01-21,ostkanten,False,anchored,,,,18,3,15,32,1,0,0,0,18,3,15,0,0,0,-0.117585,18,4.375311,,0,0.0,0,0,0.0,18,4.375311,3,15,,0,0.0,0,0,9-Ball,0.0
1670605,Bernadette Bodó,https://img.cuescore.com/image/a/4/af24d3de0701bedd6850b44d6d26c813.png?t=1699869479,https://cuescore.com/img/flags/png-country-4x2-none/res-640x480/no.png,389.84,390.46,2026-07-26,ostkanten,False,anchored,,,,296,117,179,0,1,0,0,0,296,117,179,0,0,0,-1e-05,296,214.538292,-0.191703,51,30.097583,13,38,0.031283,245,184.440709,104,141,,0,0.0,0,0,9-Ball,0.031283
1006288,Jan Kjetil Nordrum,https://img.cuescore.com/image/0/4/0fb8abab823abb0932d87b158aed53d8.png?t=1598464421,https://cuescore.com/img/flags/png-country-4x2-none/res-640x480/no.png,389.67,389.63,2022-07-10,ostkanten,False,anchored,,,,16,6,10,34,1,0,0,0,16,6,10,0,0,0,-0.101189,16,6.014075,,0,0.0,0,0,0.0,16,6.014075,6,10,,0,0.0,0,0,9-Ball,0.0
1006547,Trond-Michael Borrie Stensrød,https://img.cuescore.com/image/0/4/090800fd8680003b27466254a58a95ae.png?t=1550011159,https://cuescore.com/img/flags/png-country-4x2-none/res-640x480/no.png,388.83,388.73,2022-07-10,ostkanten,False,anchored,,,,15,4,11,35,1,0,0,0,15,4,11,0,0,0,-0.120107,15,5.637056,,0,0.0,0,0,0.111019,10,3.758797,4,6,-0.222172,5,1.878259,0,5,9-Ball,0.111019
2051511,Mats Calixto Engan,https://img.cuescore.com/image/e/4/ece373e2485e06e81a9241b5858b0549.png?t=1775545929,https://cuescore.com/img/flags/png-country-4x2-none/res-640x480/no.png,388.8,388.85,2024-09-15,ostkanten,False,anchored,,,,15,5,10,35,1,0,0,0,15,5,10,0,0,0,-0.08717,15,7.789,,0,0.0,0,0,0.0,15,7.789,5,10,,0,0.0,0,0,9-Ball,0.0
8383376,Hans Petter Ilstad,https://img.cuescore.com/image/8/4/862c792ba8eb7f97e626fbe6cbcc59f6.png,https://cuescore.com/img/flags/png-country-4x2-none/res-640x480/no.png,388.39,389.61,2025-09-07,ostkanten,False,anchored,,,,50,24,26,0,1,0,0,0,50,24,26,0,0,0,1.7e-05,50,34.781803,-0.079354,15,11.705823,5,10,0.040254,35,23.07598,19,16,,0,0.0,0,0,9-Ball,0.040254
78617272,Harald Fjeldberg,https://img.cuescore.com/image/c/4/c0e2cb07f45d9955efda470c7d670255.png?t=1788242445,https://cuescore.com/img/flags/png-country-4x2-none/res-640x480/no.png,388.37,388.48,2026-09-13,ostkanten,False,anchored,,,,13,4,9,37,1,0,0,0,13,4,9,0,0,0,-0.058093,13,12.828445,0.0,13,12.828445,4,9,,0,0.0,0,0,,0,0.0,0,0,8-Ball,0.0
80088052,Razzle Dazzle,https://img.cuescore.com/image/8/4/862c792ba8eb7f97e626fbe6cbcc59f6.png,https://cuescore.com/img/flags/png-country-4x2-none/res-640x480/ro.png,388.36,388.56,2026-04-12,ostkanten,False,anchored,,,,14,4,10,36,1,0,0,0,14,4,10,0,0,0,-0.057863,14,12.532859,,0,0.0,0,0,0.0,14,12.532859,4,10,,0,0.0,0,0,9-Ball,0.0
1006493,Steinar Moe,https://img.cuescore.com/image/6/4/67ad3957a9f3dae3e7fb06ac0aee70e3.png?t=1643995538,https://cuescore.com/img/flags/png-country-4x2-none/res-640x480/no.png,388.11,388.11,2022-07-10,ostkanten,False,anchored,,,,27,10,17,23,1,0,0,0,27,10,17,0,0,0,-0.04671,27,10.146219,,0,0.0,0,0,0.080585,22,8.26796,10,12,-0.354731,5,1.878259,0,5,9-Ball,0.080585
7959797,Pergantis Zalachas,https://img.cuescore.com/image/6/4/6d23b331d8bf2f4873a4ad3230a17127.png?t=1734529208,https://cuescore.com/img/flags/png-country-4x2-none/res-640x480/gr.png,387.36,387.49,2024-10-27,ostkanten,False,anchored,,,,30,13,17,20,1,0,0,0,30,13,17,0,0,0,-0.032925,30,13.29053,,0,0.0,0,0,0.0,30,13.29053,13,17,,0,0.0,0,0,9-Ball,0.0
8970047,Ante Petricevic,https://img.cuescore.com/image/8/4/8c796448c67168a4d919f058a2300b29.png?t=1770645249,https://cuescore.com/img/flags/png-country-4x2-none/res-640x480/hr.png,387.0,388.25,2026-08-30,ostkanten,False,anchored,,,,62,24,38,0,1,0,0,0,62,24,38,0,0,0,0.0,62,55.36542,,0,0.0,0,0,0.0,62,55.36542,24,38,,0,0.0,0,0,9-Ball,0.0
8969328,Trygve Jensen,https://img.cuescore.com/image/b/4/b803e8adfc8ae3cf7c4e65b92a2446f3.png?t=1635719927,https://cuescore.com/img/flags/png-country-4x2-none/res-640x480/no.png,386.48,386.57,2025-08-24,ostkanten,False,anchored,,,,8,3,5,42,1,0,0,0,8,3,5,0,0,0,-0.158826,8,6.188,,0,0.0,0,0,0.0,8,6.188,3,5,,0,0.0,0,0,9-Ball,0.0
58861579,Elēns Zommers,https://img.cuescore.com/image/0/4/0bb01ad06f3a3c29e04f62c1408b7183.png?t=1789908467,https://cuescore.com/img/flags/png-country-4x2-none/res-640x480/lv.png,385.96,386.2,2026-09-20,ostkanten,False,anchored,,,,46,18,28,4,1,0,0,0,46,18,28,0,0,0,-0.002415,46,40.374465,,0,0.0,0,0,0.0,46,40.374465,18,28,,0,0.0,0,0,9-Ball,0.0
16849165,Trond evjen,https://img.cuescore.com/image/8/4/862c792ba8eb7f97e626fbe6cbcc59f6.png,https://cuescore.com/img/flags/png-country-4x2-none/res-640x480/no.png,385.88,386.23,2026-02-15,ostkanten,False,anchored,,,,25,6,19,25,1,0,0,0,25,6,19,0,0,0,-0.028282,25,21.601736,,0,0.0,0,0,0.0,25,21.601736,6,19,,0,0.0,0,0,9-Ball,0.0
58717324,Kjetil Kristensen,https://img.cuescore.com/image/8/4/862c792ba8eb7f97e626fbe6cbcc59f6.png,https://cuescore.com/img/flags/png-country-4x2-none/res-640x480/no.png,384.73,384.85,2025-06-22,ostkanten,False,anchored,,,,14,5,9,36,1,0,0,0,14,5,9,0,0,0,-0.091433,14,10.405892,,0,0.0,0,0,0.0,14,10.405892,5,9,,0,0.0,0,0,9-Ball,0.0
47452480,Morten Torjuul,https://img.cuescore.com/image/1/4/18972724df81885dbdfdbf820257c868.png?t=1773512583,https://cuescore.com/img/flags/png-country-4x2-none/res-640x480/no.png,384.58,384.73,2025-09-14,ostkanten,False,anchored,,,,14,5,9,36,1,0,0,0,14,5,9,0,0,0,-0.087548,14,10.973792,,0,0.0,0,0,0.0,14,10.973792,5,9,,0,0.0,0,0,9-Ball,0.0
6552856,Sigve Nedrebø,https://img.cuescore.com/image/8/4/862c792ba8eb7f97e626fbe6cbcc59f6.png,https://cuescore.com/img/flags/png-country-4x2-none/res-640x480/no.png,383.96,384.15,2025-11-02,ostkanten,False,anchored,,,,12,4,8,38,1,0,0,0,12,4,8,0,0,0,-0.108694,12,9.702489,0.0,12,9.702489,4,8,,0,0.0,0,0,,0,0.0,0,0,8-Ball,0.0
83477917,Fabian Andersen,https://img.cuescore.com/image/8/4/862c792ba8eb7f97e626fbe6cbcc59f6.png,https://cuescore.com/img/flags/png-country-4x2-none/res-640x480/no.png,383.05,382.9,2026-07-26,ostkanten,False,anchored,,,,12,4,8,38,1,0,0,0,12,4,8,0,0,0,-0.097097,12,11.480217,0.0,12,11.480217,4,8,,0,0.0,0,0,,0,0.0,0,0,8-Ball,0.0
19616722,Lobsang Thupten,https://img.cuescore.com/image/1/4/12db8ac2ac795425bd7b813c8236d9a0.png?t=1669638758,https://cuescore.com/img/flags/png-country-4x2-none/res-640x480/no.png,380.62,381.35,2026-09-20,ostkanten,False,anchored,,,,661,252,409,0,1,0,0,0,661,252,409,0,0,0,-6e-06,661,544.851824,-0.021291,138,119.457703,51,87,0.005979,523,425.394122,201,322,,0,0.0,0,0,9-Ball,0.005979
77558374,Khizar Iqbal,https://img.cuescore.com/image/0/4/026c05e13b3a3888ec75cfc47f101235.png?t=1772304873,https://cuescore.com/img/flags/png-country-4x2-none/res-640x480/no.png,378.02,377.83,2026-09-13,ostkanten,False,anchored,,,,10,2,8,40,1,0,0,0,10,2,8,0,0,0,-0.154064,10,9.868034,0.0,10,9.868034,2,8,,0,0.0,0,0,,0,0.0,0,0,8-Ball,0.0
2581136,Mona Søvold Sunde,https://img.cuescore.com/image/1/4/117c1e840893a671dc3141ac91a7022c.png?t=1694038789,https://cuescore.com/img/flags/png-country-4x2-none/res-640x480/no.png,376.27,377.59,2025-09-14,ostkanten,False,anchored,,,,61,29,32,0,1,0,0,0,61,29,32,0,0,0,7e-06,61,33.339543,-0.293468,1,0.376109,0,1,0.006774,59,32.587302,29,30,-0.293468,1,0.376131,0,1,9-Ball,0.006774
19030543,Martin Olsson,https://img.cuescore.com/image/6/4/6a9f2b1e91ce51337c1a4fdb5a8f71f0.png?t=1786094993,https://cuescore.com/img/flags/png-country-4x2-none/res-640x480/se.png,375.74,377.17,2026-09-27,ostkanten,False,anchored,,,,184,65,119,0,1,0,0,0,184,65,119,0,0,0,-1.4e-05,184,160.760848,0.098829,38,32.799668,18,20,-0.025332,146,127.96118,47,99,,0,0.0,0,0,8-Ball,0.098829
2053323,Ib Christiansen,https://img.cuescore.com/image/2/4/2ec690189b070352f6fd86cbdae76c24.png?t=1532262581,https://cuescore.com/img/flags/png-country-4x2-none/res-640x480/no.png,375.09,376.14,2026-01-25,ostkanten,False,anchored,,,,68,25,43,0,1,0,0,0,68,25,43,0,0,0,-3e-06,68,37.833534,,0,0.0,0,0,0.0,68,37.833534,25,43,,0,0.0,0,0,9-Ball,0.0
1597907,Haukur Stefansson,https://img.cuescore.com/image/8/4/862c792ba8eb7f97e626fbe6cbcc59f6.png,https://cuescore.com/img/flags/png-country-4x2-none/res-640x480/is.png,374.1,374.59,2023-12-29,ostkanten,False,anchored,,,,213,87,126,0,1,0,0,0,213,87,126,0,0,0,-0.0,213,54.777301,0.186651,44,6.496528,24,20,-0.025115,169,48.280773,63,106,,0,0.0,0,0,8-Ball,0.186651
82601110,zoran krogstad,https://img.cuescore.com/image/8/4/862c792ba8eb7f97e626fbe6cbcc59f6.png,https://cuescore.com/img/flags/png-country-4x2-none/res-640x480/no.png,370.46,370.59,2026-05-31,ostkanten,False,anchored,,,,19,6,13,31,1,0,0,0,19,6,13,0,0,0,-0.090084,19,17.54436,,0,0.0,0,0,0.0,19,17.54436,6,13,,0,0.0,0,0,9-Ball,0.0
9221877,Johnny Wu,https://img.cuescore.com/image/8/4/862c792ba8eb7f97e626fbe6cbcc59f6.png,https://cuescore.com/img/flags/png-country-4x2-none/res-640x480/cn.png,369.59,370.18,2026-04-05,ostkanten,False,anchored,,,,27,7,20,23,1,0,0,0,27,7,20,0,0,0,-0.053728,27,22.472659,,0,0.0,0,0,0.0,27,22.472659,7,20,,0,0.0,0,0,9-Ball,0.0
3012666,Eirik Sandaaker,https://img.cuescore.com/image/3/4/361508a21a4d356b9a636c2744dbff2c.png?t=1572096861,https://cuescore.com/img/flags/png-country-4x2-none/res-640x480/no.png,368.85,369.0,2025-11-23,ostkanten,False,anchored,,,,17,5,12,33,1,0,0,0,17,5,12,0,0,0,-0.127322,17,13.929008,,0,0.0,0,0,0.0,17,13.929008,5,12,,0,0.0,0,0,9-Ball,0.0
5689902,Roger Andresen,https://img.cuescore.com/image/8/4/862c792ba8eb7f97e626fbe6cbcc59f6.png,https://cuescore.com/img/flags/png-country-4x2-none/res-640x480/no.png,367.49,368.34,2026-03-01,ostkanten,False,anchored,,,,59,19,40,0,1,0,0,0,59,19,40,0,0,0,1.7e-05,59,41.125669,-0.278633,10,8.717616,0,10,0.074951,49,32.408052,19,30,,0,0.0,0,0,9-Ball,0.074951
79002523,luis Cardenas rosas,https://img.cuescore.com/image/8/4/862c792ba8eb7f97e626fbe6cbcc59f6.png,https://cuescore.com/img/flags/png-country-4x2-none/res-640x480/no.png,367.33,366.47,2026-09-13,ostkanten,False,anchored,,,,9,2,7,41,1,0,0,0,9,2,7,0,0,0,-0.260289,9,8.881231,0.0,9,8.881231,2,7,,0,0.0,0,0,,0,0.0,0,0,8-Ball,0.0
44478316,Rune Stensvold,https://img.cuescore.com/image/5/4/5646369a370cce26c66ac8663a624cea.png?t=1788812353,https://cuescore.com/img/flags/png-country-4x2-none/res-640x480/no.png,366.93,367.98,2026-09-13,ostkanten,False,anchored,,,,463,163,300,0,1,0,0,0,463,163,300,0,0,0,4e-06,463,381.66185,-0.042825,103,86.032445,30,73,0.012463,360,295.629405,133,227,,0,0.0,0,0,9-Ball,0.012463
19354018,Mariann Pinczesi,https://img.cuescore.com/image/6/4/6c4ceba9447ddbbdeabb4bc7dd0b368a.png?t=1725542854,https://cuescore.com/img/flags/png-country-4x2-none/res-640x480/no.png,364.9,364.91,2026-04-19,ostkanten,False,anchored,,,,12,1,11,38,1,0,0,0,12,1,11,0,0,0,-0.213088,12,10.790149,,0,0.0,0,0,0.0,12,10.790149,1,11,,0,0.0,0,0,9-Ball,0.0
55264855,Emil Solskjaer,https://img.cuescore.com/image/8/4/862c792ba8eb7f97e626fbe6cbcc59f6.png,https://cuescore.com/img/flags/png-country-4x2-none/res-640x480/no.png,361.11,361.05,2026-01-18,ostkanten,False,anchored,,,,10,1,9,40,1,0,0,0,10,1,9,0,0,0,-0.315715,10,8.489012,,0,0.0,0,0,0.0,10,8.489012,1,9,,0,0.0,0,0,9-Ball,0.0
75757273,Oliver Milett,https://img.cuescore.com/image/8/4/862c792ba8eb7f97e626fbe6cbcc59f6.png,https://cuescore.com/img/flags/png-country-4x2-none/res-640x480/no.png,360.03,360.11,2026-04-19,ostkanten,False,anchored,,,,13,2,11,37,1,0,0,0,13,2,11,0,0,0,-0.21781,13,11.689328,,0,0.0,0,0,0.0,13,11.689328,2,11,,0,0.0,0,0,9-Ball,0.0
1006298,Jarek (Barracuda) Kapuściński,https://img.cuescore.com/image/5/4/5308cfe182f097062e00cb89ba193eb9.png?t=1443616526,https://cuescore.com/img/flags/png-country-4x2-none/res-640x480/pl.png,359.53,359.98,2026-09-06,ostkanten,False,anchored,,,,107,39,68,0,1,0,0,0,107,39,68,0,0,0,2e-06,107,80.711629,,0,0.0,0,0,0.0,107,80.711629,39,68,,0,0.0,0,0,9-Ball,0.0
10220035,Marius Lamby Solvang,https://img.cuescore.com/image/5/4/5551b89a55c5007133c8bebe6d6a284b.png?t=1712844064,https://cuescore.com/img/flags/png-country-4x2-none/res-640x480/no.png,359.31,360.09,2026-03-22,ostkanten,False,anchored,,,,50,14,36,0,1,0,0,0,50,14,36,0,0,0,3.2e-05,50,39.718975,-0.331381,1,0.376109,0,1,0.005871,48,38.966735,14,34,-0.276894,1,0.376131,0,1,9-Ball,0.005871
52645105,Tommy Bratseth,https://img.cuescore.com/image/8/4/8d880301fd90eac09d80e3a09080fa14.png?t=1747289659,https://cuescore.com/img/flags/png-country-4x2-none/res-640x480/no.png,357.24,358.22,2026-08-16,ostkanten,False,anchored,,,,435,142,293,0,1,0,0,0,435,142,293,0,0,0,2e-06,435,352.563674,-0.240297,45,37.769436,5,40,0.028831,390,314.794237,137,253,,0,0.0,0,0,9-Ball,0.028831
56994721,Rolf-Tommy Østensson,https://img.cuescore.com/image/8/4/862c792ba8eb7f97e626fbe6cbcc59f6.png,https://cuescore.com/img/flags/png-country-4x2-none/res-640x480/se.png,357.08,355.53,2026-08-09,ostkanten,False,anchored,,,,43,14,29,7,1,0,0,0,43,14,29,0,0,0,-0.012437,43,41.503387,,0,0.0,0,0,0.0,43,41.503387,14,29,,0,0.0,0,0,9-Ball,0.0
1566592,Kim Bengtsson,https://img.cuescore.com/image/3/4/3db50292aeb0de732d2f45a054185a92.png?t=1651951301,https://cuescore.com/img/flags/png-country-4x2-none/res-640x480/se.png,351.57,356.97,2026-10-04,ostkanten,True,anchored,,,,184,63,121,0,1,0,0,0,184,63,121,0,0,0,6e-06,184,120.155159,-0.212237,10,7.803882,1,9,0.009254,133,107.027086,44,89,0.125061,41,5.324191,18,23,10-Ball,0.125061
42527356,rafal wisniewski,https://img.cuescore.com/image/8/4/862c792ba8eb7f97e626fbe6cbcc59f6.png,https://cuescore.com/img/flags/png-country-4x2-none/res-640x480/pl.png,350.54,350.86,2026-02-01,ostkanten,False,anchored,,,,33,8,25,17,1,0,0,0,33,8,25,0,0,0,-0.052102,33,27.705646,-0.00971,25,20.884313,6,19,0.029727,8,6.821334,2,6,,0,0.0,0,0,9-Ball,0.029727
24833275,Marte Stulen Aamodt,https://img.cuescore.com/image/9/4/949ff0c82e7a2b280c9b9144ab423fa9.png?t=1677401941,https://cuescore.com/img/flags/png-country-4x2-none/res-640x480/no.png,348.25,349.14,2026-03-22,ostkanten,False,anchored,,,,83,27,56,0,1,0,0,0,83,27,56,0,0,0,-9e-06,83,62.199229,,0,0.0,0,0,0.0,83,62.199229,27,56,,0,0.0,0,0,9-Ball,0.0
33729541,Eivind Yoo Yong Jae Johansen,https://img.cuescore.com/image/9/4/9e9ee73d7605cca6639592549f75768d.png?t=1766744087,https://cuescore.com/img/flags/png-country-4x2-none/res-640x480/kr.png,343.99,343.92,2025-12-14,ostkanten,False,anchored,,,,25,5,20,25,1,0,0,0,25,5,20,0,0,0,-0.115999,25,20.655298,,0,0.0,0,0,0.0,25,20.655298,5,20,,0,0.0,0,0,9-Ball,0.0
2660053,Morten Bjellås,https://img.cuescore.com/image/6/4/61677b113ed0ff9f7747c85295ec0473.png?t=1690105407,https://cuescore.com/img/flags/png-country-4x2-none/res-640x480/no.png,343.1,343.7,2026-09-13,ostkanten,False,anchored,,,,436,136,300,0,1,0,0,0,436,136,300,0,0,0,-5e-06,436,339.968326,-0.072388,98,86.247625,24,74,0.02357,328,252.237675,108,220,0.20099,10,1.483026,4,6,10-Ball,0.20099
2194859,Eivind Yoo Yong Jae Johansen,https://img.cuescore.com/image/c/4/ce38f18080a2824195c0dda72107626a.png?t=1789163047,https://cuescore.com/img/flags/png-country-4x2-none/res-640x480/kr.png,325.1,327.12,2026-07-19,ostkanten,False,anchored,,,,199,59,140,0,1,0,0,0,199,59,140,0,0,0,2e-06,199,127.602199,,0,0.0,0,0,0.0,199,127.602199,59,140,,0,0.0,0,0,9-Ball,0.0
1014552,Baard Onsum,https://img.cuescore.com/image/a/4/a8f46313916ef2e38c55f16039e97450.png?t=1442448508,https://cuescore.com/img/flags/png-country-4x2-none/res-640x480/no.png,321.11,321.42,2023-12-29,ostkanten,False,anchored,,,,44,8,36,6,1,0,0,0,44,8,36,0,0,0,-0.055473,44,14.413799,,0,0.0,0,0,0.036607,24,11.862247,8,16,-0.170185,20,2.551552,0,20,9-Ball,0.036607
7711820,Marie Hoff Petersen,https://img.cuescore.com/image/1/4/16ac7e2cf89c09e1e7e0d99804f49340.png?t=1616599247,https://cuescore.com/img/flags/png-country-4x2-none/res-640x480/no.png,319.77,320.72,2026-08-16,ostkanten,False,anchored,,,,294,91,203,0,1,0,0,0,294,91,203,0,0,0,-1e-06,294,239.81882,0.113333,43,32.320231,17,26,-0.017049,250,207.122458,74,176,-0.350233,1,0.376131,0,1,8-Ball,0.113333
44119141,Gaute Rogstad,https://img.cuescore.com/image/8/4/862c792ba8eb7f97e626fbe6cbcc59f6.png,https://cuescore.com/img/flags/png-country-4x2-none/res-640x480/no.png,316.85,315.84,2026-09-13,ostkanten,False,anchored,,,,141,36,105,0,1,0,0,0,141,36,105,0,0,0,3e-06,141,131.078356,-0.124179,38,35.128693,5,33,0.045464,103,95.949663,31,72,,0,0.0,0,0,9-Ball,0.045464
4849639,Petter Rognlien,https://img.cuescore.com/image/8/4/862c792ba8eb7f97e626fbe6cbcc59f6.png,https://cuescore.com/img/flags/png-country-4x2-none/res-640x480/no.png,301.77,302.75,2026-09-27,ostkanten,False,anchored,,,,205,55,150,0,1,0,0,0,205,55,150,0,0,0,1e-06,205,134.446238,-0.026076,33,29.101269,7,26,0.009314,160,103.723312,47,113,-0.127773,12,1.621657,1,11,9-Ball,0.009314
57799534,Iris Marie Evdahl,https://img.cuescore.com/image/f/4/f55166c463c87aaf1907b184fd111821.png?t=1763125182,https://cuescore.com/img/flags/png-country-4x2-none/res-640x480/no.png,299.61,300.22,2026-07-26,ostkanten,False,anchored,,,,175,47,128,0,1,0,0,0,175,47,128,0,0,0,7e-06,175,147.703675,0.027468,35,29.405507,10,25,-0.006828,140,118.298168,37,103,,0,0.0,0,0,8-Ball,0.027468
1025949,Kristian Lund Olås,https://img.cuescore.com/image/d/4/d88f5d524edc21a821fe9620e373df60.png?t=1575984088,https://cuescore.com/img/flags/png-country-4x2-none/res-640x480/no.png,295.24,295.75,2023-12-29,ostkanten,False,anchored,,,,107,29,78,0,1,0,0,0,107,29,78,0,0,0,2.7e-05,107,29.700872,,0,0.0,0,0,0.00898,101,28.698009,29,72,-0.256973,6,1.002863,0,6,9-Ball,0.00898
53204752,Julianne Myhren-heyerdahl,https://img.cuescore.com/image/8/4/8d09505fbd225c313f1b43fc41084bc6.png?t=1735477538,https://cuescore.com/img/flags/png-country-4x2-none/res-640x480/no.png,291.63,292.03,2026-09-20,ostkanten,False,anchored,,,,140,33,107,0,1,0,0,0,140,33,107,0,0,0,-2e-06,140,123.028623,-0.290362,10,7.803882,0,10,0.019665,130,115.224741,33,97,,0,0.0,0,0,9-Ball,0.019665
54197755,Tom erik Lysenstøen,https://img.cuescore.com/image/4/4/40b64e7913fff82c25db64dca11c5100.png?t=1737635899,https://cuescore.com/img/flags/png-country-4x2-none/res-640x480/no.png,287.77,288.0,2026-09-27,ostkanten,False,anchored,,,,171,42,129,0,1,0,0,0,171,42,129,0,0,0,8e-06,171,152.873849,-0.055406,29,24.44006,6,23,0.010543,142,128.433789,36,106,,0,0.0,0,0,9-Ball,0.010543
12622333,Silje Engström-Øvretveit,https://img.cuescore.com/image/4/4/4c9c42c22b01a45dc35a193a8c55bd4d.png?t=1788102663,https://cuescore.com/img/flags/png-country-4x2-none/res-640x480/no.png,268.97,269.91,2026-08-30,ostkanten,False,anchored,,,,69,16,53,0,1,0,0,0,69,16,53,0,0,0,1.5e-05,69,58.626367,-0.129451,8,6.851637,1,7,0.017131,61,51.77473,15,46,,0,0.0,0,0,9-Ball,0.017131
