component,player_id,player_name,image,countryImage,fargo_rating,previous_rating,latest_tournament,latest_tournament_source,in_latest_tournament,rating_status,latest_handicap,games,wins,losses,games_obk,wins_obk,losses_obk,games_ostkanten,wins_ostkanten,losses_ostkanten,games_both,wins_both,losses_both
1,1006272,Henrik Hauge Pettersen,https://img.cuescore.com/image/9/4/9bbaffd449528efffa0d0da85ad7883f.png?t=1496753789,https://cuescore.com/img/flags/png-country-4x2-none/res-640x480/no.png,,,2021-04-24,obk,False,disconnected,3.0,569,345,224,569,345,224,0,0,0,0,0,0
1,2083869,Cato Corneliussen,https://img.cuescore.com/image/0/4/0d0a15d3c1355821816e857fc79ce22e.png?t=1629045707,https://cuescore.com/img/flags/png-country-4x2-none/res-640x480/no.png,,,2021-04-24,obk,False,disconnected,,608,294,314,608,294,314,0,0,0,0,0,0
1,2129482,Viljar Glavær Akse,https://img.cuescore.com/image/2/4/2e87c1df6de0bc8ca7fe6a730ae2d12a.png?t=1617636586,https://cuescore.com/img/flags/png-country-4x2-none/res-640x480/no.png,,,2021-04-24,obk,False,disconnected,,561,230,331,561,230,331,0,0,0,0,0,0
2,1006214,Emil André Gangfløt,https://img.cuescore.com/image/9/4/963ffedb0da7bc8fa83237386abda13b.png?t=1771601925,https://cuescore.com/img/flags/png-country-4x2-none/res-640x480/no.png,791.19,790.75,2026-08-03,obk,False,anchored,818.0,1033,696,337,1000,676,324,33,20,13,0,0,0
2,1010312,Mikael Øgaard,https://img.cuescore.com/image/8/4/804dda94ce89ff5970b7abd8d67af4e7.png?t=1697106544,https://cuescore.com/img/flags/png-country-4x2-none/res-640x480/no.png,772.88,797.2,2026-10-07,obk,True,anchored,678.0,183,135,48,183,135,48,0,0,0,0,0,0
2,1006318,Jonas Kvalsund Hansen,https://img.cuescore.com/image/7/4/74042a5fb330252a2151c354505f927d.png?t=1686684110,https://cuescore.com/img/flags/png-country-4x2-none/res-640x480/no.png,723.2,723.1,2021-05-02,obk,False,anchored,2.0,377,185,192,377,185,192,0,0,0,0,0,0
2,1047734,Ole Kristian Rudshavn,https://img.cuescore.com/image/7/4/7b93300592f2f5386997461ab5962e49.png?t=1548246763,https://cuescore.com/img/flags/png-country-4x2-none/res-640x480/no.png,710.74,710.8,2024-06-12,obk,False,anchored,710.0,629,409,220,627,408,219,2,1,1,0,0,0
2,1014092,Martin Meintjes,https://img.cuescore.com/image/0/4/0a41d932907ab40e31402f663398a0fc.png?t=1766066493,https://cuescore.com/img/flags/png-country-4x2-none/res-640x480/no.png,698.13,681.55,2026-10-07,obk,True,anchored,530.0,219,144,75,219,144,75,0,0,0,0,0,0
2,2639057,Ivan Blomqvist,https://img.cuescore.com/image/d/4/db1243711fa6ef91a311d07f9aaf632f.png?t=1625398277,https://cuescore.com/img/flags/png-country-4x2-none/res-640x480/se.png,690.78,691.18,2024-07-24,obk,False,anchored,558.0,323,199,124,304,187,117,19,12,7,0,0,0
2,2080111,Casper Cappe Matikainen,https://img.cuescore.com/image/8/4/82e541487d0b01e9944ed349d1e3966b.png?t=1762963580,https://cuescore.com/img/flags/png-country-4x2-none/res-640x480/fi.png,690.62,690.35,2025-07-05,obk,False,anchored,0.0,194,119,75,194,119,75,0,0,0,0,0,0
2,1006124,Albert-Roman Borrie Stensrød,https://img.cuescore.com/image/a/4/a81a66d70ed4ce1200df00f5e1b41cdd.png?t=1688324478,https://cuescore.com/img/flags/png-country-4x2-none/res-640x480/no.png,682.93,683.07,2025-07-02,obk,False,anchored,0.0,568,263,305,540,248,292,28,15,13,0,0,0
2,1006220,Erik Gårdelöf,https://img.cuescore.com/image/e/4/e1266df8dfc9edb21a9816bb8c812135.png?t=1569668287,https://cuescore.com/img/flags/png-country-4x2-none/res-640x480/se.png,681.03,681.52,2026-10-07,obk,True,anchored,848.0,3170,2061,1109,2423,1544,879,747,517,230,0,0,0
2,1006513,Thomas Fjæran,https://img.cuescore.com/image/0/4/042ca8826ef9e0d2fcb0c4ecb08a3397.png?t=1765102020,https://cuescore.com/img/flags/png-country-4x2-none/res-640x480/no.png,676.26,676.37,2026-03-25,obk,False,anchored,630.0,486,300,186,486,300,186,0,0,0,0,0,0
2,1160318,Niels Feijen,https://img.cuescore.com/image/d/4/ddb2699d6a30a8edd2c54d23a773b693.png?t=1680592705,https://cuescore.com/img/flags/png-country-4x2-none/res-640x480/nl.png,671.56,671.2,2019-08-30,obk,False,anchored,0.0,121,73,48,121,73,48,0,0,0,0,0,0
2,1006184,Christian Johannessen,https://img.cuescore.com/image/5/4/59f058846aed9c9a08dbfff3d9b6bf16.png?t=1747123976,https://cuescore.com/img/flags/png-country-4x2-none/res-640x480/no.png,668.61,670.22,2026-10-07,obk,True,anchored,590.0,828,524,304,754,472,282,74,52,22,0,0,0
2,1042070,Henrik Olsson,https://img.cuescore.com/image/f/4/f8748e76acc44f5ac8a99710e9e61762.png?t=1571386328,https://cuescore.com/img/flags/png-country-4x2-none/res-640x480/se.png,667.92,667.63,2026-02-22,ostkanten,False,anchored,708.0,1006,642,364,842,526,316,164,116,48,0,0,0
2,1006288,Jan Kjetil Nordrum,https://img.cuescore.com/image/0/4/0fb8abab823abb0932d87b158aed53d8.png?t=1598464421,https://cuescore.com/img/flags/png-country-4x2-none/res-640x480/no.png,664.59,661.8,2025-07-05,obk,False,anchored,1.0,167,91,76,151,85,66,16,6,10,0,0,0
2,1010308,Emil Braserud,https://img.cuescore.com/image/1/4/191c9fa4a4191a73f484c7f0d222792f.png?t=1478117794,https://cuescore.com/img/flags/png-country-4x2-none/res-640x480/no.png,664.06,664.41,2025-06-04,obk,False,anchored,573.0,47,33,14,47,33,14,0,0,0,0,0,0
2,1006332,Kent Halldin,https://img.cuescore.com/image/5/4/5e520ccfc567a22227fa8e4dcf047a95.png?t=1726389089,https://cuescore.com/img/flags/png-country-4x2-none/res-640x480/no.png,663.71,663.68,2024-12-01,ostkanten,False,anchored,0.0,162,98,64,162,98,64,0,0,0,0,0,0
2,17978686,Ibra Alkhader,https://img.cuescore.com/image/e/4/eaf3ffcf4ae92f068c6e20ca069a3cfb.png?t=1692828855,https://cuescore.com/img/flags/png-country-4x2-none/res-640x480/sy.png,660.66,660.85,2026-07-04,obk,False,anchored,1.0,3659,2495,1164,2740,1835,905,919,660,259,0,0,0
2,6600268,Kim Soo Garmark,https://img.cuescore.com/image/2/4/201635ccb58face4f82ce896ddd377c5.png?t=1787502564,https://cuescore.com/img/flags/png-country-4x2-none/res-640x480/no.png,658.3,658.32,2026-09-30,obk,False,anchored,812.0,2548,1507,1041,2367,1402,965,181,105,76,0,0,0
2,6186620,Wiktor Zieliński,https://img.cuescore.com/image/3/4/39fd2a88f5121fba8bd9ba18ea28351f.png?t=1579198078,https://cuescore.com/img/flags/png-country-4x2-none/res-640x480/pl.png,657.2,656.98,2019-08-30,obk,False,anchored,0.0,104,57,47,104,57,47,0,0,0,0,0,0
2,1006458,Roger Rasmussen,https://img.cuescore.com/image/1/4/1249ad8941f35c38906657eb2e135399.png?t=1637259817,https://cuescore.com/img/flags/png-country-4x2-none/res-640x480/no.png,653.84,651.27,2026-10-07,obk,True,anchored,675.0,644,388,256,612,371,241,32,17,15,0,0,0
2,1006208,Eirik Riisnæs,https://img.cuescore.com/image/6/4/6e052574f2349c6cf093eb7bca229cdb.png?t=1702675354,https://cuescore.com/img/flags/png-country-4x2-none/res-640x480/no.png,652.78,652.74,2022-12-30,obk,False,anchored,120.0,188,111,77,188,111,77,0,0,0,0,0,0
2,1006255,Håkon Walland,https://img.cuescore.com/image/3/4/3c9df88fec5120b505d32ab5786ac202.png?t=1546852114,https://cuescore.com/img/flags/png-country-4x2-none/res-640x480/no.png,652.62,652.82,2019-08-30,obk,False,anchored,3.0,62,42,20,0,0,0,62,42,20,0,0,0
2,1006457,Roger Lysholm,https://img.cuescore.com/image/d/4/dfd36fa7b8799975efb1037d1658a663.png?t=1656764979,https://cuescore.com/img/flags/png-country-4x2-none/res-640x480/no.png,651.76,651.76,2025-07-05,obk,False,anchored,0.0,115,68,47,115,68,47,0,0,0,0,0,0
2,1079105,Didrik Vatne,https://img.cuescore.com/image/b/4/b645bac51f603fd26b302f7a8f763004.png?t=1626124556,https://cuescore.com/img/flags/png-country-4x2-none/res-640x480/no.png,650.31,650.3,2023-04-01,obk,False,anchored,575.0,176,104,72,171,101,70,5,3,2,0,0,0
2,1006549,Umar Hayat Ali,https://img.cuescore.com/image/5/4/57348eddfe0304988fda97ec1e9cfed5.png?t=1537580099,https://cuescore.com/img/flags/png-country-4x2-none/res-640x480/no.png,645.75,647.1,2026-10-07,obk,True,anchored,572.0,1001,631,370,910,572,338,91,59,32,0,0,0
2,1441973,Geir Holmqvist,https://img.cuescore.com/image/9/4/9e617dfff0c4c411fdad5791561e3986.png?t=1581519216,https://cuescore.com/img/flags/png-country-4x2-none/res-640x480/no.png,643.04,643.27,2026-08-23,ostkanten,False,anchored,0.0,258,158,100,92,60,32,166,98,68,0,0,0
2,1006195,Damianos Giallourakis,https://img.cuescore.com/image/2/4/2b3054b8ea8e3ac94512fd303d9b6432.png?t=1761829501,https://cuescore.com/img/flags/png-country-4x2-none/res-640x480/gr.png,642.98,642.88,2025-07-05,obk,False,anchored,0.0,314,196,118,314,196,118,0,0,0,0,0,0
2,1033026,Robin Hagerup Ertesvåg,https://img.cuescore.com/image/b/4/b2186caf579b809ca003c5ca566f62c9.png?t=1671544638,https://cuescore.com/img/flags/png-country-4x2-none/res-640x480/no.png,641.77,641.74,2018-12-16,obk,False,anchored,116.0,344,206,138,344,206,138,0,0,0,0,0,0
2,1268827,Bastian Andreassen,https://img.cuescore.com/image/8/4/8ee7a4643989fc7422ee9aa1689b8210.png?t=1566200262,https://cuescore.com/img/flags/png-country-4x2-none/res-640x480/no.png,638.05,641.41,2022-07-07,ostkanten,False,anchored,1.0,139,72,67,136,69,67,3,3,0,0,0,0
2,7962169,Patryk Statkiewicz,https://img.cuescore.com/image/b/4/b04af8735ffe86888e427c6b64e38be3.png?t=1759269435,https://cuescore.com/img/flags/png-country-4x2-none/res-640x480/pl.png,637.05,637.23,2024-02-25,ostkanten,False,anchored,591.0,181,106,75,181,106,75,0,0,0,0,0,0
2,1006372,Marius Nørsterud,https://img.cuescore.com/image/f/4/f349b875c195f5af718dd4c7501d325d.png?t=1480002630,https://cuescore.com/img/flags/png-country-4x2-none/res-640x480/no.png,633.49,634.04,2026-07-18,obk,False,anchored,525.0,366,200,166,310,171,139,56,29,27,0,0,0
2,1073747,John Erstad,https://img.cuescore.com/image/7/4/7a3d4fd9d2b3c76c8bb3a5c0d65edc06.png?t=1665823558,https://cuescore.com/img/flags/png-country-4x2-none/res-640x480/no.png,630.58,630.38,2026-08-19,obk,False,anchored,527.0,130,83,47,130,83,47,0,0,0,0,0,0
2,3430505,Ben Tanner,https://img.cuescore.com/image/1/4/1a27ea57d57f6eefe3b9514bc38fc91d.png?t=1726497475,https://cuescore.com/img/flags/png-country-4x2-none/res-640x480/gb-eng.png,630.55,630.71,2026-08-30,ostkanten,False,anchored,425.0,108,72,36,8,4,4,100,68,32,0,0,0
2,1015919,Ahmed Abiev,https://img.cuescore.com/image/9/4/9c16423ae27fd2690103bf96ff191361.png?t=1714310262,https://cuescore.com/img/flags/png-country-4x2-none/res-640x480/no.png,627.94,628.31,2025-07-05,obk,False,anchored,1.0,79,46,33,79,46,33,0,0,0,0,0,0
2,1006164,Bjørn Erik Bergh,https://img.cuescore.com/image/e/4/e91eddf0ebffc08dc939bc6afc9c7677.png?t=1757362250,https://cuescore.com/img/flags/png-country-4x2-none/res-640x480/no.png,627.26,627.18,2025-03-15,obk,False,anchored,0.0,64,39,25,50,33,17,14,6,8,0,0,0
2,2311288,David Larsson,https://img.cuescore.com/image/c/4/c6cab805f61818caaa0f9a4e0f63cdda.png?t=1769347464,https://cuescore.com/img/flags/png-country-4x2-none/res-640x480/se.png,622.85,622.35,2025-07-05,obk,False,anchored,0.0,96,58,38,96,58,38,0,0,0,0,0,0
2,1006360,Lars Harby,https://img.cuescore.com/image/4/4/4898d95a0d1786ec55d00f002137119c.png?t=1441974664,https://cuescore.com/img/flags/png-country-4x2-none/res-640x480/no.png,622.47,622.58,2026-07-04,obk,False,anchored,1.0,2140,1220,920,1670,942,728,470,278,192,0,0,0
2,6172489,Alban Richard,https://img.cuescore.com/image/b/4/b41c6bfe8acb97451578c767b2a810c5.png?t=1646037566,https://cuescore.com/img/flags/png-country-4x2-none/res-640x480/fr.png,622.3,621.69,2025-07-05,obk,False,anchored,0.0,135,71,64,135,71,64,0,0,0,0,0,0
2,1006443,Philip Sanchez Gangfløt,https://img.cuescore.com/image/1/4/13ff25ad18aac88c9a98549b78a5d462.png?t=1664957568,https://cuescore.com/img/flags/png-country-4x2-none/res-640x480/no.png,619.56,619.72,2025-12-27,obk,False,anchored,1.0,58,37,21,58,37,21,0,0,0,0,0,0
2,14638297,Joakim Langkås,https://img.cuescore.com/image/6/4/62774ae814e93316bf9e95b3a58c5ef5.png?t=1732797275,https://cuescore.com/img/flags/png-country-4x2-none/res-640x480/no.png,616.78,616.61,2026-07-04,obk,False,anchored,1.0,417,242,175,417,242,175,0,0,0,0,0,0
2,1006271,Henrik Hagen,https://img.cuescore.com/image/e/4/e5ab795b615cb12579bf5296b45b25fc.png?t=1515999880,https://cuescore.com/img/flags/png-country-4x2-none/res-640x480/no.png,615.92,616.32,2025-07-05,obk,False,anchored,1.0,179,104,75,109,60,49,70,44,26,0,0,0
2,1067228,Roy Steffensen,https://img.cuescore.com/image/d/4/d8713043f7814554692857a8551f35ac.png?t=1769896756,https://cuescore.com/img/flags/png-country-4x2-none/res-640x480/no.png,612.23,612.7,2025-06-18,obk,False,anchored,559.0,185,98,87,179,97,82,6,1,5,0,0,0
2,8435377,Geir Anfinsen,https://img.cuescore.com/image/8/4/81a6da212ed323f71cdddd9cbf80d5af.png?t=1727820935,https://cuescore.com/img/flags/png-country-4x2-none/res-640x480/no.png,611.93,612.4,2026-04-20,obk,False,anchored,437.0,284,168,116,284,168,116,0,0,0,0,0,0
2,2207817,Alf Regy Lid,https://img.cuescore.com/image/d/4/d6a36681fc33c66fdae0ca83793a64ec.png?t=1548008205,https://cuescore.com/img/flags/png-country-4x2-none/res-640x480/no.png,611.47,611.56,2020-11-27,obk,False,anchored,3.0,289,139,150,289,139,150,0,0,0,0,0,0
2,23594815,Svein Gjermundsen,https://img.cuescore.com/image/3/4/30f16aaf648a3eb3891a4a211da1870e.png?t=1727078843,https://cuescore.com/img/flags/png-country-4x2-none/res-640x480/no.png,606.59,606.77,2026-01-31,obk,False,anchored,1.0,84,40,44,84,40,44,0,0,0,0,0,0
2,1006148,Arild Moilanen,https://img.cuescore.com/image/b/4/b708e87a6a061b0c5c4ff370d8aa270d.png?t=1631091225,https://cuescore.com/img/flags/png-country-4x2-none/res-640x480/no.png,606.38,606.6,2026-09-20,ostkanten,False,anchored,,46,28,18,0,0,0,46,28,18,0,0,0
2,1006431,Pål Daud Fillipsveen,https://img.cuescore.com/image/5/4/5c671df1a09f356682e74cec0af79bd2.png?t=1515352971,https://cuescore.com/img/flags/png-country-4x2-none/res-640x480/no.png,605.83,605.95,2026-10-07,obk,True,anchored,570.0,1337,767,570,1337,767,570,0,0,0,0,0,0
2,2126333,Senharip Azar,https://img.cuescore.com/image/3/4/32abb71ca14ad556572e91410131271f.png?t=1566459185,https://cuescore.com/img/flags/png-country-4x2-none/res-640x480/se.png,605.07,605.19,2020-01-30,obk,False,anchored,0.0,184,110,74,184,110,74,0,0,0,0,0,0
2,1006345,Kjetil Aasane Fredriksen,https://img.cuescore.com/image/d/4/d04f91696324e54ad3bd22c10bef1deb.png?t=1762176985,https://cuescore.com/img/flags/png-country-4x2-none/res-640x480/no.png,602.42,600.57,2026-01-31,obk,False,anchored,2.0,219,106,113,219,106,113,0,0,0,0,0,0
2,9990106,Jonas Nyman Trollhättans BK,https://img.cuescore.com/image/6/4/6aab59292b90e4eb7476accd8837ef85.png?t=1634050921,https://cuescore.com/img/flags/png-country-4x2-none/res-640x480/se.png,600.84,600.65,2025-07-05,obk,False,anchored,2.0,73,36,37,73,36,37,0,0,0,0,0,0
2,1286181,Petri Makkonen,https://img.cuescore.com/image/8/4/8ee46a2fc91935516ab45c618180d4dc.png?t=1758010003,https://cuescore.com/img/flags/png-country-4x2-none/res-640x480/fi.png,598.38,599.01,2025-07-05,obk,False,anchored,0.0,194,102,92,194,102,92,0,0,0,0,0,0
2,1006373,Mark McGauley,https://img.cuescore.com/image/e/4/e9ebd785252499c54858a2385a4b92f8.png?t=1627826388,https://cuescore.com/img/flags/png-country-4x2-none/res-640x480/no.png,598.35,598.07,2026-08-12,obk,False,anchored,598.0,519,279,240,410,219,191,109,60,49,0,0,0
2,3073760,Ronny Jakobsen,https://img.cuescore.com/image/7/4/751868ed038a8bdafb328be735714260.png?t=1711203037,https://cuescore.com/img/flags/png-country-4x2-none/res-640x480/no.png,597.07,597.3,2026-05-03,ostkanten,False,anchored,425.0,108,73,35,84,57,27,24,16,8,0,0,0
2,25743094,Mohamed Salkiny,https://img.cuescore.com/image/2/4/2eb0efddf8b8f86551a61600f62cd9d9.png?t=1693824907,https://cuescore.com/img/flags/png-country-4x2-none/res-640x480/sy.png,597.04,597.09,2026-09-13,ostkanten,False,anchored,2.0,1077,605,472,803,444,359,274,161,113,0,0,0
2,70090471,Øyvind Risan,https://img.cuescore.com/image/9/4/9a957fd3a5fee2193a9bfa2d6247b695.png?t=1786960937,https://cuescore.com/img/flags/png-country-4x2-none/res-640x480/no.png,596.41,596.42,2026-07-04,obk,False,anchored,2.0,83,44,39,83,44,39,0,0,0,0,0,0
2,1272012,Erol Dane Mula,https://img.cuescore.com/image/2/4/23dbb46c4c1f9222447abbf8c7fce7fe.png?t=1630444419,https://cuescore.com/img/flags/png-country-4x2-none/res-640x480/ph.png,596.31,595.15,2026-10-07,obk,True,anchored,550.0,2345,1301,1044,2320,1286,1034,25,15,10,0,0,0
2,1286245,Kim Laaksonen,https://img.cuescore.com/image/e/4/eca7d5a9183f5fe1a32546336707ed18.png?t=1578300138,https://cuescore.com/img/flags/png-country-4x2-none/res-640x480/fi.png,595.87,595.22,2019-08-30,obk,False,anchored,0.0,89,49,40,89,49,40,0,0,0,0,0,0
2,1006465,Ronny Oldervik,https://img.cuescore.com/image/d/4/d0caacc80c252936d0ca083487d72a10.png?t=1445364661,https://cuescore.com/img/flags/png-country-4x2-none/res-640x480/no.png,595.34,595.51,2025-07-05,obk,False,anchored,0.0,93,48,45,61,30,31,32,18,14,0,0,0
2,6686119,Levi Pavdeja,https://img.cuescore.com/image/e/4/e9ef4fbb6d905f61d3f241336004ebff.png?t=1708890061,https://cuescore.com/img/flags/png-country-4x2-none/res-640x480/al.png,595.32,596.91,2026-10-07,obk,True,anchored,529.0,1502,810,692,1356,736,620,146,74,72,0,0,0
2,1035192,Kjell Martin Andersen,https://img.cuescore.com/image/f/4/f0b986b7aace3e37295bfe59f072f90e.png?t=1714042633,https://cuescore.com/img/flags/png-country-4x2-none/res-640x480/no.png,594.24,594.37,2025-12-27,obk,False,anchored,1.0,48,31,17,40,26,14,8,5,3,0,0,0
2,1006277,Ingolf Höns,https://img.cuescore.com/image/b/4/b5bea3b955fccff5790a4c86ae76016e.png?t=1768202543,https://cuescore.com/img/flags/png-country-4x2-none/res-640x480/no.png,593.84,594.38,2025-12-27,obk,False,anchored,2.0,199,106,93,165,90,75,34,16,18,0,0,0
2,6082347,Pijus Labutis,https://img.cuescore.com/image/7/4/710d99c29d4830a0932f1794eea7d4fc.png?t=1677518094,https://cuescore.com/img/flags/png-country-4x2-none/res-640x480/lt.png,593.64,593.44,2019-08-30,obk,False,anchored,0.0,69,34,35,69,34,35,0,0,0,0,0,0
2,3212629,Rolf G. Sedsbøe Jensen,https://img.cuescore.com/image/2/4/25c07dff394b54d88f9848f6de522519.png?t=1542614358,https://cuescore.com/img/flags/png-country-4x2-none/res-640x480/no.png,592.9,593.27,2026-01-31,obk,False,anchored,1.0,474,256,218,381,212,169,93,44,49,0,0,0
2,1006406,Nina Torvund,https://img.cuescore.com/image/e/4/ec37bf27b912833da5b472f7701397df.png?t=1687292181,https://cuescore.com/img/flags/png-country-4x2-none/res-640x480/no.png,592.3,592.43,2026-01-31,obk,False,anchored,1.0,754,454,300,720,437,283,34,17,17,0,0,0
2,1090712,Ralf Souquet,https://img.cuescore.com/image/3/4/396d7ef2798acb50f30a250a143af2ce.png?t=1664348433,https://cuescore.com/img/flags/png-country-4x2-none/res-640x480/de.png,592.02,591.56,2019-08-30,obk,False,anchored,0.0,81,41,40,81,41,40,0,0,0,0,0,0
2,10585213,Veejay Adriano,https://img.cuescore.com/image/e/4/e268690a958b4a979dc23aabddd13dac.png?t=1776426571,https://cuescore.com/img/flags/png-country-4x2-none/res-640x480/ph.png,591.54,591.94,2026-01-31,obk,False,anchored,1.0,256,156,100,189,112,77,67,44,23,0,0,0
2,1006453,Robin Nathan,https://img.cuescore.com/image/8/4/862c792ba8eb7f97e626fbe6cbcc59f6.png,https://cuescore.com/img/flags/png-country-4x2-none/res-640x480/no.png,591.33,591.62,2026-09-23,obk,False,anchored,495.0,703,410,293,269,157,112,434,253,181,0,0,0
2,1046692,Mario He,https://img.cuescore.com/image/8/4/8752d88a0fa07c56d7eefab470a48d0a.png?t=1555597369,https://cuescore.com/img/flags/png-country-4x2-none/res-640x480/at.png,591.22,590.24,2019-08-30,obk,False,anchored,0.0,88,46,42,88,46,42,0,0,0,0,0,0
2,1006312,Johnny Ellingsen,https://img.cuescore.com/image/a/4/a5df0b4ead265aacbfa89fff9a814c7a.png?t=1772000573,https://cuescore.com/img/flags/png-country-4x2-none/res-640x480/no.png,590.12,590.33,2020-12-17,obk,False,anchored,4.0,165,101,64,165,101,64,0,0,0,0,0,0
2,1960202,Ola Magnus Johnsen,https://img.cuescore.com/image/1/4/1fc59739224adb9a97d849b33454d636.png?t=1749107451,https://cuescore.com/img/flags/png-country-4x2-none/res-640x480/no.png,589.69,591.45,2026-10-07,obk,True,anchored,555.0,1193,667,526,1193,667,526,0,0,0,0,0,0
2,1286241,Francisco Bustamante,https://img.cuescore.com/image/5/4/548d18230ec92e2d8574c556b3e3c6d3.png?t=1555596611,https://cuescore.com/img/flags/png-country-4x2-none/res-640x480/ph.png,589.33,588.16,2020-01-24,obk,False,anchored,,53,32,21,53,32,21,0,0,0,0,0,0
2,1359835,Per Hagen,https://img.cuescore.com/image/6/4/600097d88a4596cf7ef4775830c31cce.png?t=1515422994,https://cuescore.com/img/flags/png-country-4x2-none/res-640x480/no.png,588.47,588.55,2020-10-07,obk,False,anchored,117.0,469,259,210,469,259,210,0,0,0,0,0,0
2,1097814,Mika Immonen,https://img.cuescore.com/image/2/4/24df8192e24d95529ce9fd82af1006e2.png?t=1668506861,https://cuescore.com/img/flags/png-country-4x2-none/res-640x480/fi.png,587.91,586.85,2020-01-24,obk,False,anchored,0.0,103,48,55,103,48,55,0,0,0,0,0,0
2,1006420,Ole Tobias Tanilon Gangfløt,https://img.cuescore.com/image/f/4/f1926bc40d05863530d616af04169f4b.png?t=1514720572,https://cuescore.com/img/flags/png-country-4x2-none/res-640x480/no.png,587.7,587.96,2026-07-13,obk,False,anchored,0.0,201,129,72,112,69,43,89,60,29,0,0,0
2,6839980,Daniel Lorentzen-Styr,https://img.cuescore.com/image/8/4/86fde4223f4b4cd7cd6a9f62e01922c5.png?t=1740319921,https://cuescore.com/img/flags/png-country-4x2-none/res-640x480/no.png,587.67,588.0,2026-09-16,obk,False,anchored,561.0,2215,1293,922,2051,1188,863,164,105,59,0,0,0
2,1035589,Sebastian Mæhlum,https://img.cuescore.com/image/8/4/862c792ba8eb7f97e626fbe6cbcc59f6.png,https://cuescore.com/img/flags/png-country-4x2-none/res-640x480/no.png,587.28,587.53,2026-05-20,obk,False,anchored,534.0,367,213,154,315,186,129,52,27,25,0,0,0
2,1014993,Tron Vidar Engebakk,https://img.cuescore.com/image/5/4/5feb60003354010600e14e8d9294a896.png?t=1496737384,https://cuescore.com/img/flags/png-country-4x2-none/res-640x480/no.png,586.8,586.96,2026-07-08,obk,False,anchored,528.0,330,179,151,19,8,11,311,171,140,0,0,0
2,1081546,Bent Brørs,https://img.cuescore.com/image/9/4/92842a4e723035ec423c9f4f87f0d8cf.png?t=1775585063,https://cuescore.com/img/flags/png-country-4x2-none/res-640x480/no.png,586.77,586.62,2021-07-14,obk,False,anchored,62.0,53,28,25,53,28,25,0,0,0,0,0,0
2,7284524,Daniel Hult,https://img.cuescore.com/image/6/4/6a0c03fb23b9ce44b6c520d3333bc4e2.png?t=1724841371,https://cuescore.com/img/flags/png-country-4x2-none/res-640x480/se.png,586.45,586.62,2025-11-30,ostkanten,False,anchored,1.0,127,65,62,83,39,44,44,26,18,0,0,0
2,2241168,Trond L,https://img.cuescore.com/image/8/4/862c792ba8eb7f97e626fbe6cbcc59f6.png,https://cuescore.com/img/flags/png-country-4x2-none/res-640x480/no.png,585.03,585.2,2018-11-26,obk,False,anchored,22.0,174,114,60,152,103,49,22,11,11,0,0,0
2,24897019,Robert Hedin,https://img.cuescore.com/image/8/4/882db237b94f993a3f3405200d9d2064.png?t=1700218507,https://cuescore.com/img/flags/png-country-4x2-none/res-640x480/se.png,584.89,584.98,2026-05-20,obk,False,anchored,512.0,1280,710,570,1158,646,512,122,64,58,0,0,0
2,1006216,Emil Bjørkmann,https://img.cuescore.com/image/c/4/c9975a4ae32a7fca6dd029089516ec07.png?t=1659863453,https://cuescore.com/img/flags/png-country-4x2-none/res-640x480/no.png,584.86,585.03,2026-01-11,ostkanten,False,anchored,525.0,287,167,120,27,12,15,260,155,105,0,0,0
2,1123060,"Paweł ""Mumrikken"" Zalewski",https://img.cuescore.com/image/9/4/90259d41e4d1c75a71a1737cde77cbe7.png?t=1690283137,https://cuescore.com/img/flags/png-country-4x2-none/res-640x480/no.png,583.57,583.79,2026-09-27,ostkanten,False,anchored,535.0,2486,1402,1084,1098,609,489,1388,793,595,0,0,0
2,11218942,Stein Amundsen,https://img.cuescore.com/image/1/4/14e8266f65bd5c1797aaacf38ce6b72c.png?t=1639677114,https://cuescore.com/img/flags/png-country-4x2-none/res-640x480/no.png,581.99,582.77,2026-10-07,obk,True,anchored,530.0,489,281,208,489,281,208,0,0,0,0,0,0
2,1006515,Thorbjørn Vildar Dahl Eriksen,https://img.cuescore.com/image/8/4/868df813ad6f5cffd252777db1935fbf.png?t=1497261618,https://cuescore.com/img/flags/png-country-4x2-none/res-640x480/no.png,581.96,582.19,2025-10-22,obk,False,anchored,466.0,465,257,208,90,50,40,375,207,168,0,0,0
2,12836296,Kochar Habib Mushir,https://img.cuescore.com/image/5/4/52b68b2add14e01de4fd4d88c0d69182.png?t=1772302809,https://cuescore.com/img/flags/png-country-4x2-none/res-640x480/se.png,580.03,579.46,2025-07-05,obk,False,anchored,2.0,92,48,44,92,48,44,0,0,0,0,0,0
2,1006536,Tormod Rygge,https://img.cuescore.com/image/2/4/2053792328b78e00e7caf0ef33d55776.png?t=1557667159,https://cuescore.com/img/flags/png-country-4x2-none/res-640x480/no.png,577.48,577.58,2026-08-10,obk,False,anchored,428.0,118,71,47,99,61,38,19,10,9,0,0,0
2,1006292,Jan Thomassen,https://img.cuescore.com/image/0/4/03344da4b02a82722cd5f8d8c270c281.png?t=1630849658,https://cuescore.com/img/flags/png-country-4x2-none/res-640x480/no.png,577.44,577.61,2026-09-09,obk,False,anchored,521.0,2012,1108,904,900,472,428,1112,636,476,0,0,0
2,1072290,Fedor Gorst,https://img.cuescore.com/image/f/4/f3e20ad59d024e18de36e33f43ead2dc.png?t=1631601239,https://cuescore.com/img/flags/png-country-4x2-none/res-640x480/ru.png,576.79,576.14,2019-08-30,obk,False,anchored,0.0,96,55,41,96,55,41,0,0,0,0,0,0
2,1176475,Daniel Tesfa Salole,https://img.cuescore.com/image/f/4/f01fc0afc65624ed4b3d0b6b7569f81d.png?t=1483532116,https://cuescore.com/img/flags/png-country-4x2-none/res-640x480/no.png,575.96,576.15,2024-08-04,obk,False,anchored,,54,33,21,54,33,21,0,0,0,0,0,0
2,26005654,Jacob Sæther,https://img.cuescore.com/image/0/4/0918d58f366e986146d4643e6685222e.png?t=1784673781,https://cuescore.com/img/flags/png-country-4x2-none/res-640x480/no.png,575.49,575.4,2026-09-23,obk,False,anchored,524.0,2420,1294,1126,2412,1291,1121,8,3,5,0,0,0
2,1091363,Sanjin Pehlivanovic,https://img.cuescore.com/image/e/4/ecd989e6b8988b96a74643cd5e806777.png?t=1676458373,https://cuescore.com/img/flags/png-country-4x2-none/res-640x480/ba.png,575.45,575.66,2019-08-30,obk,False,anchored,0.0,45,25,20,45,25,20,0,0,0,0,0,0
2,1006388,Mats Brujordet Schjetne,https://img.cuescore.com/image/5/4/57e243d3b2c752949a5a144d6905cd53.png?t=1668509803,https://cuescore.com/img/flags/png-country-4x2-none/res-640x480/no.png,575.22,574.93,2024-06-16,ostkanten,False,anchored,0.0,88,50,38,85,49,36,3,1,2,0,0,0
2,1006514,Thomas Pedersen,https://img.cuescore.com/image/b/4/bbfba97afb24d0205e2c96ce54c0fa3c.png?t=1575984272,https://cuescore.com/img/flags/png-country-4x2-none/res-640x480/no.png,575.2,575.39,2022-04-03,ostkanten,False,anchored,85.0,372,194,178,20,8,12,352,186,166,0,0,0
2,1417853,Robin Hauge Pettersen,https://img.cuescore.com/image/8/4/8d73e872302ae047187778b2500eae33.png?t=1732796719,https://cuescore.com/img/flags/png-country-4x2-none/res-640x480/no.png,574.86,575.09,2026-06-15,obk,False,anchored,538.0,188,103,85,152,84,68,36,19,17,0,0,0
2,1006204,Egil Arne Sørensen,https://img.cuescore.com/image/8/4/8951860177a57721e14d225b8cf045de.png?t=1698284000,https://cuescore.com/img/flags/png-country-4x2-none/res-640x480/no.png,574.08,574.22,2026-07-04,obk,False,anchored,2.0,1224,636,588,1166,605,561,58,31,27,0,0,0
2,20124274,Paolo Speciale,https://img.cuescore.com/image/9/4/9a5ff1e940f4f6029d545ce7295675ac.png?t=1707903294,https://cuescore.com/img/flags/png-country-4x2-none/res-640x480/it.png,574.03,574.14,2026-05-11,obk,False,anchored,466.0,547,294,253,447,241,206,100,53,47,0,0,0
2,1006135,Anas Khan,https://img.cuescore.com/image/8/4/862c792ba8eb7f97e626fbe6cbcc59f6.png,https://cuescore.com/img/flags/png-country-4x2-none/res-640x480/no.png,572.81,572.99,2026-01-31,obk,False,anchored,4.0,205,105,100,205,105,100,0,0,0,0,0,0
2,1967863,Nate Komljenovic,https://img.cuescore.com/image/8/4/862c792ba8eb7f97e626fbe6cbcc59f6.png,https://cuescore.com/img/flags/png-country-4x2-none/res-640x480/si.png,572.34,572.29,2022-06-15,obk,False,anchored,74.0,323,194,129,272,170,102,51,24,27,0,0,0
2,51736666,Yakup Aliz,https://img.cuescore.com/image/9/4/95ad0351251512cab1fa15040a914b26.png?t=1771328097,https://cuescore.com/img/flags/png-country-4x2-none/res-640x480/tr.png,571.45,571.53,2026-10-05,obk,False,anchored,469.0,2777,1553,1224,1352,729,623,1425,824,601,0,0,0
2,30913960,Josef Knutsson,https://img.cuescore.com/image/8/4/842a10f6a642218e7a37d4a54a15204d.png?t=1694241499,https://cuescore.com/img/flags/png-country-4x2-none/res-640x480/se.png,571.08,570.04,2025-12-27,obk,False,anchored,2.0,123,61,62,123,61,62,0,0,0,0,0,0
2,1006450,Robert Farinetti,https://img.cuescore.com/image/2/4/2f4e6263b067924062af03733f9dff52.png?t=1496531120,https://cuescore.com/img/flags/png-country-4x2-none/res-640x480/it.png,569.63,569.29,2026-01-31,obk,False,anchored,1.0,209,107,102,166,86,80,43,21,22,0,0,0
2,1006163,Bjørn Bratteberg,https://img.cuescore.com/image/6/4/603786a85ccb7240ca913c188eaf8f76.png?t=1591603396,https://cuescore.com/img/flags/png-country-4x2-none/res-640x480/no.png,567.94,567.67,2026-10-07,obk,True,anchored,439.0,2548,1412,1136,1492,828,664,1056,584,472,0,0,0
2,1075717,Bjørn Erik Øverland,https://img.cuescore.com/image/7/4/797daf7f0f241df9c9a14c19d7dc4b9b.png?t=1591603842,https://cuescore.com/img/flags/png-country-4x2-none/res-640x480/no.png,567.63,567.64,2020-09-18,obk,False,anchored,2.0,393,209,184,393,209,184,0,0,0,0,0,0
2,3585947,Didrik Voga Berg,https://img.cuescore.com/image/8/4/862c792ba8eb7f97e626fbe6cbcc59f6.png,https://cuescore.com/img/flags/png-country-4x2-none/res-640x480/no.png,566.98,567.37,2022-07-09,ostkanten,False,anchored,80.0,157,83,74,149,80,69,8,3,5,0,0,0
2,1022496,Jozef Kwit,https://img.cuescore.com/image/0/4/01637b27248df68f0ea6d0f70a494d47.png?t=1764258850,https://cuescore.com/img/flags/png-country-4x2-none/res-640x480/pl.png,566.26,565.14,2026-10-07,obk,True,anchored,470.0,1903,989,914,1618,842,776,285,147,138,0,0,0
2,1006197,Daniel Salole,https://img.cuescore.com/image/d/4/d773ff3c105a615161665f4ca769be49.png?t=1484131929,https://cuescore.com/img/flags/png-country-4x2-none/res-640x480/no.png,565.66,565.83,2026-09-13,ostkanten,False,anchored,2.0,1388,769,619,62,34,28,1326,735,591,0,0,0
2,2084051,Arian Kvalsund Hansen,https://img.cuescore.com/image/6/4/647c7e053815150e4d01f0498a8d323e.png?t=1784239177,https://cuescore.com/img/flags/png-country-4x2-none/res-640x480/no.png,563.94,564.09,2026-06-15,obk,False,anchored,,48,28,20,48,28,20,0,0,0,0,0,0
2,20264908,Bartosz Oldakowski,https://img.cuescore.com/image/0/4/0e23b02b462bb9cac48c34a5666b93d2.png?t=1668638071,https://cuescore.com/img/flags/png-country-4x2-none/res-640x480/pl.png,563.48,563.79,2026-03-29,ostkanten,False,anchored,1.0,373,192,181,262,145,117,111,47,64,0,0,0
2,7153377,Henning Ingvorsen,https://img.cuescore.com/image/e/4/e3a4127c65f59302c36bda2ecb06e9ee.png?t=1636120016,https://cuescore.com/img/flags/png-country-4x2-none/res-640x480/no.png,562.69,562.91,2026-10-04,ostkanten,False,anchored,2.0,1901,1063,838,584,320,264,1317,743,574,0,0,0
2,1343995,Jarle Steinhovden,https://img.cuescore.com/image/2/4/253ade10decedcb8795508ad71302ef6.png?t=1505595191,https://cuescore.com/img/flags/png-country-4x2-none/res-640x480/no.png,562.64,562.89,2020-02-16,ostkanten,False,anchored,,96,53,43,0,0,0,96,53,43,0,0,0
2,8206764,Grzegorz Tabor,https://img.cuescore.com/image/2/4/2e3d07c1b46a78cdc7aaaa76cb95f7fe.png?t=1644406413,https://cuescore.com/img/flags/png-country-4x2-none/res-640x480/pl.png,561.41,561.53,2023-02-05,ostkanten,False,anchored,384.0,152,85,67,61,34,27,91,51,40,0,0,0
2,20637220,Sindre Aarhus Narvestad,https://img.cuescore.com/image/8/4/862c792ba8eb7f97e626fbe6cbcc59f6.png,https://cuescore.com/img/flags/png-country-4x2-none/res-640x480/no.png,561.29,561.51,2026-04-26,ostkanten,False,anchored,320.0,125,65,60,91,48,43,34,17,17,0,0,0
2,6181993,Kim Bjørnstad,https://img.cuescore.com/image/b/4/be0fe2693f2b774566e640fa7748c382.png?t=1748805797,https://cuescore.com/img/flags/png-country-4x2-none/res-640x480/no.png,560.71,560.69,2025-07-05,obk,False,anchored,2.0,529,331,198,420,271,149,109,60,49,0,0,0
2,2296091,Jayson Shaw,https://img.cuescore.com/image/b/4/b009816fb95331e16f399394d7524e2e.png?t=1544517590,https://cuescore.com/img/flags/png-country-4x2-none/res-640x480/gb.png,560.41,559.51,2020-01-24,obk,False,anchored,,70,44,26,70,44,26,0,0,0,0,0,0
2,1061867,Stig Ringebo,https://img.cuescore.com/image/2/4/26ed737056bdc2952d81787bc247fd8f.png?t=1695907233,https://cuescore.com/img/flags/png-country-4x2-none/res-640x480/no.png,559.67,554.06,2026-10-07,obk,True,anchored,460.0,741,372,369,741,372,369,0,0,0,0,0,0
2,6137239,Rudi Mathisen,https://img.cuescore.com/image/4/4/47a98faaff7c7badec4f0370e0a4fe9d.png?t=1565557963,https://cuescore.com/img/flags/png-country-4x2-none/res-640x480/no.png,554.86,555.07,2023-12-29,ostkanten,False,anchored,325.0,84,44,40,79,41,38,5,3,2,0,0,0
2,43127857,Manabu Sekiguchi,https://img.cuescore.com/image/5/4/51fbf144207077a68108d1b56175d0a6.png?t=1766441780,https://cuescore.com/img/flags/png-country-4x2-none/res-640x480/jp.png,554.07,554.23,2026-08-31,obk,False,anchored,359.0,2124,1173,951,1007,566,441,1117,607,510,0,0,0
2,15982738,Asgeir Elfar Asgeirsson,https://img.cuescore.com/image/e/4/eff66e3aa251e8da9ad0928588dd2ba7.png?t=1782749427,https://cuescore.com/img/flags/png-country-4x2-none/res-640x480/is.png,554.02,554.13,2025-07-05,obk,False,anchored,3.0,115,60,55,115,60,55,0,0,0,0,0,0
2,1279214,Daniel Axeborg,https://img.cuescore.com/image/7/4/7f1f4b10245095e2573395dfd833b8b7.png?t=1712320427,https://cuescore.com/img/flags/png-country-4x2-none/res-640x480/no.png,553.48,553.64,2024-04-03,obk,False,anchored,3.0,71,42,29,71,42,29,0,0,0,0,0,0
2,1006562,Yousef Austrheim,https://img.cuescore.com/image/8/4/862c792ba8eb7f97e626fbe6cbcc59f6.png,https://cuescore.com/img/flags/png-country-4x2-none/res-640x480/no.png,553.19,556.26,2026-10-07,obk,True,anchored,470.0,423,214,209,270,122,148,153,92,61,0,0,0
2,13874206,Torvald Asplund Trollhättan BK,https://img.cuescore.com/image/5/4/58c19d246f469880eb84942fabc19f1a.png?t=1759396185,https://cuescore.com/img/flags/png-country-4x2-none/res-640x480/se.png,552.87,553.05,2025-07-05,obk,False,anchored,2.0,48,22,26,48,22,26,0,0,0,0,0,0
2,2298416,Terje Kristoffersen,https://img.cuescore.com/image/9/4/908ddf9d7b9b6bddb637436225924df2.png?t=1759692859,https://cuescore.com/img/flags/png-country-4x2-none/res-640x480/no.png,552.36,552.71,2026-01-31,obk,False,anchored,3.0,567,283,284,459,230,229,108,53,55,0,0,0
2,1006399,Nedzat Cimilji,https://img.cuescore.com/image/d/4/d602c147f7181f4b66b54813f6bd2336.png?t=1655535403,https://cuescore.com/img/flags/png-country-4x2-none/res-640x480/al.png,552.32,552.66,2026-07-08,obk,False,anchored,372.0,356,183,173,232,122,110,124,61,63,0,0,0
2,2298198,Kenneth Mydland,https://img.cuescore.com/image/d/4/d3954a893621a735a6fa24f06a39de3d.png?t=1535399536,https://cuescore.com/img/flags/png-country-4x2-none/res-640x480/no.png,552.3,552.5,2024-12-27,obk,False,anchored,1.0,41,27,14,28,20,8,13,7,6,0,0,0
2,1157968,Jesper Gustafsson,https://img.cuescore.com/image/2/4/2bff8eda883261b811994b16a8f67bf6.png?t=1544449902,https://cuescore.com/img/flags/png-country-4x2-none/res-640x480/no.png,552.05,552.32,2026-04-03,obk,False,anchored,3.0,100,57,43,100,57,43,0,0,0,0,0,0
2,1093760,Mindaugas Jomantas,https://img.cuescore.com/image/3/4/38cc01841357bcd91155075345ffce4b.png?t=1790084841,https://cuescore.com/img/flags/png-country-4x2-none/res-640x480/lt.png,550.81,552.02,2026-10-07,obk,True,anchored,420.0,2176,1139,1037,2128,1119,1009,48,20,28,0,0,0
2,1006323,Jørn Betten,https://img.cuescore.com/image/5/4/5718a418c53a5970eae57c6fbe865f6b.png?t=1443016788,https://cuescore.com/img/flags/png-country-4x2-none/res-640x480/no.png,550.3,550.48,2026-09-20,ostkanten,False,anchored,2.0,70,38,32,0,0,0,70,38,32,0,0,0
2,44184394,Per Arne Grotthing,https://img.cuescore.com/image/4/4/46494dfa72bb67f431886cdb4eb155f3.png?t=1725269101,https://cuescore.com/img/flags/png-country-4x2-none/res-640x480/no.png,550.28,551.25,2026-10-07,obk,True,anchored,460.0,2144,1119,1025,1169,597,572,975,522,453,0,0,0
2,1131881,Lars Haakon Lunde,https://img.cuescore.com/image/8/4/862c792ba8eb7f97e626fbe6cbcc59f6.png,https://cuescore.com/img/flags/png-country-4x2-none/res-640x480/no.png,549.56,549.43,2018-06-18,obk,False,anchored,,64,37,27,64,37,27,0,0,0,0,0,0
2,1024805,Audun Bjerve,https://img.cuescore.com/image/a/4/a073ffcb17681daa679221db852044bf.png?t=1489310440,https://cuescore.com/img/flags/png-country-4x2-none/res-640x480/no.png,549.37,549.8,2026-09-30,obk,False,anchored,472.0,918,476,442,882,457,425,36,19,17,0,0,0
2,1290914,Mark Gray,https://img.cuescore.com/image/e/4/e634ac9dfbad14474d5815a98ee63def.png?t=1484339097,https://cuescore.com/img/flags/png-country-4x2-none/res-640x480/gb.png,549.01,548.49,2019-08-30,obk,False,anchored,0.0,59,32,27,59,32,27,0,0,0,0,0,0
2,1006403,Niklas Engström-Øvretveit,https://img.cuescore.com/image/f/4/fea0a6e1ecee3ff96a10bfb99281a7da.png?t=1696062510,https://cuescore.com/img/flags/png-country-4x2-none/res-640x480/no.png,548.89,548.95,2026-09-30,obk,False,anchored,417.0,1046,535,511,519,256,263,527,279,248,0,0,0
2,25875517,Christian Hedin,https://img.cuescore.com/image/e/4/e335ce16cffa7556a64250dfae4f8e77.png?t=1681205262,https://cuescore.com/img/flags/png-country-4x2-none/res-640x480/se.png,548.83,548.97,2026-09-27,ostkanten,False,anchored,457.0,1161,613,548,878,459,419,283,154,129,0,0,0
2,1006145,Aria Senemar,https://img.cuescore.com/image/f/4/fea2ab10fe605fa5b5634672b700b6bd.png?t=1515587716,https://cuescore.com/img/flags/png-country-4x2-none/res-640x480/no.png,545.43,545.63,2025-12-10,obk,False,anchored,502.0,205,105,100,205,105,100,0,0,0,0,0,0
2,13295035,Jan Olav Johnsen,https://img.cuescore.com/image/8/4/836376f69b1d7a9c85b514e924a048d1.png?t=1645189337,https://cuescore.com/img/flags/png-country-4x2-none/res-640x480/no.png,544.15,544.29,2026-07-04,obk,False,anchored,2.0,372,186,186,372,186,186,0,0,0,0,0,0
2,1006290,Jan Ove Kvalsund Hansen,https://img.cuescore.com/image/3/4/305c8ffb751b08dbad140246c266376a.png?t=1779803429,https://cuescore.com/img/flags/png-country-4x2-none/res-640x480/no.png,542.88,543.0,2025-08-02,obk,False,anchored,,40,22,18,40,22,18,0,0,0,0,0,0
2,4935731,Rj Velasquez,https://img.cuescore.com/image/5/4/5cda04852396a658601a709c36798c15.png?t=1551701898,https://cuescore.com/img/flags/png-country-4x2-none/res-640x480/ph.png,542.38,542.49,2019-05-27,obk,False,anchored,,145,96,49,145,96,49,0,0,0,0,0,0
2,1277043,Alexander Hagen,https://img.cuescore.com/image/0/4/0bb3f29a6d41e5f98d383c8f3f0d34b1.png?t=1728761584,https://cuescore.com/img/flags/png-country-4x2-none/res-640x480/no.png,541.36,541.55,2026-09-13,ostkanten,False,anchored,425.0,380,196,184,179,85,94,201,111,90,0,0,0
2,1006186,Christian Wikeby,https://img.cuescore.com/image/0/4/06ee8ad98564e6f6d56dd422aa6af0c8.png?t=1483460945,https://cuescore.com/img/flags/png-country-4x2-none/res-640x480/no.png,540.53,540.77,2026-10-04,ostkanten,False,anchored,1.0,2683,1378,1305,529,283,246,2154,1095,1059,0,0,0
2,2230546,Tor B.,https://img.cuescore.com/image/8/4/862c792ba8eb7f97e626fbe6cbcc59f6.png,https://cuescore.com/img/flags/png-country-4x2-none/res-640x480/no.png,539.62,539.78,2019-01-07,obk,False,anchored,,90,55,35,90,55,35,0,0,0,0,0,0
2,2354012,Arvydas Gitenis,https://img.cuescore.com/image/8/4/862c792ba8eb7f97e626fbe6cbcc59f6.png,https://cuescore.com/img/flags/png-country-4x2-none/res-640x480/lt.png,539.41,539.97,2024-07-27,obk,False,anchored,350.0,51,21,30,51,21,30,0,0,0,0,0,0
2,1006467,Roy Toycowboy Grimsen,https://img.cuescore.com/image/c/4/c14c9da762ce65d6ab8ef72d292a6ba6.png?t=1527691496,https://cuescore.com/img/flags/png-country-4x2-none/res-640x480/no.png,539.31,539.95,2025-09-08,obk,False,anchored,381.0,267,137,130,267,137,130,0,0,0,0,0,0
2,59525161,Wojciech Wajda,https://img.cuescore.com/image/8/4/862c792ba8eb7f97e626fbe6cbcc59f6.png,https://cuescore.com/img/flags/png-country-4x2-none/res-640x480/pl.png,539.16,539.47,2026-01-28,obk,False,anchored,225.0,42,20,22,42,20,22,0,0,0,0,0,0
2,15567079,Pawel Goik,https://img.cuescore.com/image/e/4/e19cd038fdb74d6e90d3f68afdb3ba44.png?t=1704406580,https://cuescore.com/img/flags/png-country-4x2-none/res-640x480/pl.png,538.35,538.51,2026-07-04,obk,False,anchored,3.0,164,71,93,164,71,93,0,0,0,0,0,0
2,1006543,Trond Lid Cappelen,https://img.cuescore.com/image/8/4/862c792ba8eb7f97e626fbe6cbcc59f6.png,https://cuescore.com/img/flags/png-country-4x2-none/res-640x480/no.png,538.31,538.36,2019-11-18,obk,False,anchored,,250,143,107,250,143,107,0,0,0,0,0,0
2,9835810,Navid Eslah,https://img.cuescore.com/image/f/4/fbb9e41a5b3721235ac7c928a5805906.png?t=1717603928,https://cuescore.com/img/flags/png-country-4x2-none/res-640x480/no.png,537.74,537.92,2025-05-14,obk,False,anchored,519.0,40,24,16,40,24,16,0,0,0,0,0,0
2,83723041,Luka Bugarski,https://img.cuescore.com/image/d/4/d4af4bdd4ba3aa4c174aab7ea53a1c62.png?t=1783882505,https://cuescore.com/img/flags/png-country-4x2-none/res-640x480/rs.png,537.14,537.25,2026-06-15,obk,False,anchored,,26,21,5,26,21,5,0,0,0,0,0,0
2,1061500,Jim Fors,https://img.cuescore.com/image/8/4/862c792ba8eb7f97e626fbe6cbcc59f6.png,https://cuescore.com/img/flags/png-country-4x2-none/res-640x480/no.png,536.96,536.9,2022-08-17,obk,False,anchored,76.0,168,84,84,168,84,84,0,0,0,0,0,0
2,26088853,Simeon Ivanov,https://img.cuescore.com/image/2/4/2955fda07146c983ff1e4e06742a9d31.png?t=1771898045,https://cuescore.com/img/flags/png-country-4x2-none/res-640x480/bg.png,536.62,536.54,2026-03-11,obk,False,anchored,350.0,180,93,87,180,93,87,0,0,0,0,0,0
2,6180822,Christian Rundqvist   Trollhättans Bk,https://img.cuescore.com/image/9/4/97282f103414671e2c05465f4d4fbd10.png?t=1736756158,https://cuescore.com/img/flags/png-country-4x2-none/res-640x480/se.png,536.0,536.16,2025-07-05,obk,False,anchored,2.0,70,32,38,70,32,38,0,0,0,0,0,0
2,33336508,Paweł Chołodowski,https://img.cuescore.com/image/f/4/ff22107077c2def4ee2567b889e710b6.png?t=1760538352,https://cuescore.com/img/flags/png-country-4x2-none/res-640x480/pl.png,535.7,535.93,2026-06-07,ostkanten,False,anchored,,353,181,172,0,0,0,353,181,172,0,0,0
2,25946332,Peder Hammer,https://img.cuescore.com/image/e/4/e1d5c405e90817823e7f8057a2d83af6.png?t=1730135953,https://cuescore.com/img/flags/png-country-4x2-none/res-640x480/no.png,535.34,535.45,2024-12-11,obk,False,anchored,231.0,52,31,21,52,31,21,0,0,0,0,0,0
2,56993080,Timo Mäkelä,https://img.cuescore.com/image/b/4/b9d49d9b748e19d7b714b83f81ced5c8.png?t=1742539919,https://cuescore.com/img/flags/png-country-4x2-none/res-640x480/no.png,535.05,535.41,2025-05-25,ostkanten,False,anchored,,38,25,13,0,0,0,38,25,13,0,0,0
2,1016719,Sebastian Meling,https://img.cuescore.com/image/6/4/68cd49c6e61326d18a0f726886c63d3f.png?t=1699971678,https://cuescore.com/img/flags/png-country-4x2-none/res-640x480/no.png,534.29,534.14,2024-04-13,obk,False,anchored,89.0,107,58,49,107,58,49,0,0,0,0,0,0
2,1006333,Kent Hansen,https://img.cuescore.com/image/e/4/e66e7151e4e19dfe359e86387ba24e14.png?t=1596995062,https://cuescore.com/img/flags/png-country-4x2-none/res-640x480/no.png,534.15,534.38,2026-09-23,obk,False,anchored,378.0,2476,1236,1240,2284,1140,1144,192,96,96,0,0,0
2,12042235,Evert Andersson,https://img.cuescore.com/image/4/4/44c626da57307bdf01fb14d0ecb7f565.png?t=1654608437,https://cuescore.com/img/flags/png-country-4x2-none/res-640x480/se.png,533.53,534.07,2026-06-24,obk,False,anchored,400.0,82,46,36,49,23,26,33,23,10,0,0,0
2,7121356,Roger Mølmann,https://img.cuescore.com/image/8/4/862c792ba8eb7f97e626fbe6cbcc59f6.png,https://cuescore.com/img/flags/png-country-4x2-none/res-640x480/no.png,533.1,533.21,2020-09-14,obk,False,anchored,57.0,92,52,40,92,52,40,0,0,0,0,0,0
2,1081697,Giena Tanilon,https://img.cuescore.com/image/e/4/e4266b6d289840197a5daee639bdca8f.png?t=1633705833,https://cuescore.com/img/flags/png-country-4x2-none/res-640x480/no.png,533.07,533.16,2025-07-05,obk,False,anchored,3.0,162,95,67,139,79,60,23,16,7,0,0,0
2,1612715,Kunta Kinte,https://img.cuescore.com/image/8/4/862c792ba8eb7f97e626fbe6cbcc59f6.png,https://cuescore.com/img/flags/png-country-4x2-none/res-640x480/pl.png,532.99,533.01,2020-02-24,obk,False,anchored,,348,195,153,336,190,146,12,5,7,0,0,0
2,2252446,Tor Bugten,https://img.cuescore.com/image/8/4/862c792ba8eb7f97e626fbe6cbcc59f6.png,https://cuescore.com/img/flags/png-country-4x2-none/res-640x480/no.png,532.88,533.04,2024-05-18,obk,False,anchored,320.0,644,375,269,644,375,269,0,0,0,0,0,0
2,1027114,Jeremiah Torres,https://img.cuescore.com/image/8/4/8e769b6795001aa9fef39d8f9a66c82a.png?t=1761840498,https://cuescore.com/img/flags/png-country-4x2-none/res-640x480/no.png,532.87,533.07,2026-01-31,obk,False,anchored,3.0,347,172,175,333,167,166,14,5,9,0,0,0
2,53649337,Erlend Helgesen,https://img.cuescore.com/image/8/4/8e36b4e5c1b3b60935fab95c7efae87d.png?t=1736502915,https://cuescore.com/img/flags/png-country-4x2-none/res-640x480/no.png,532.39,532.55,2026-10-05,obk,False,anchored,419.0,1215,588,627,570,278,292,645,310,335,0,0,0
2,20010922,Tudor Pauliuc,https://img.cuescore.com/image/0/4/02479d5672e38247d5bed60e816766e2.png?t=1785933806,https://cuescore.com/img/flags/png-country-4x2-none/res-640x480/ro.png,531.68,531.69,2025-07-05,obk,False,anchored,4.0,108,51,57,108,51,57,0,0,0,0,0,0
2,16636270,Stian Wium,https://img.cuescore.com/image/b/4/ba5da0655c8902b6b2161e2ff2de4d4b.png?t=1788971528,https://cuescore.com/img/flags/png-country-4x2-none/res-640x480/no.png,531.1,530.94,2026-01-31,obk,False,anchored,4.0,348,173,175,348,173,175,0,0,0,0,0,0
2,1006239,Frank Hjeldnes,https://img.cuescore.com/image/d/4/d0c6c02918708134a763e2e2a0ca08af.png?t=1523131167,https://cuescore.com/img/flags/png-country-4x2-none/res-640x480/no.png,530.93,531.11,2026-10-04,ostkanten,False,anchored,1.0,635,324,311,69,35,34,566,289,277,0,0,0
2,1298131,Jack Nordby,https://img.cuescore.com/image/7/4/7307cbe88824c9194b927b4b40b81fa8.png?t=1657102337,https://cuescore.com/img/flags/png-country-4x2-none/res-640x480/no.png,530.36,530.41,2026-08-30,ostkanten,False,anchored,369.0,1440,715,725,1094,554,540,346,161,185,0,0,0
2,3595353,Knut Holm,https://img.cuescore.com/image/8/4/862c792ba8eb7f97e626fbe6cbcc59f6.png,https://cuescore.com/img/flags/png-country-4x2-none/res-640x480/no.png,530.16,530.3,2020-03-09,obk,False,anchored,34.0,226,145,81,226,145,81,0,0,0,0,0,0
2,1969407,Alexander Reyes Monsen,https://img.cuescore.com/image/9/4/93167011c14780537f064ae90d6eae97.png?t=1708341619,https://cuescore.com/img/flags/png-country-4x2-none/res-640x480/no.png,529.21,529.22,2018-02-19,obk,False,anchored,,65,40,25,65,40,25,0,0,0,0,0,0
2,1014767,Astrid Eiken Flage,https://img.cuescore.com/image/c/4/c00f554b927f20000cf6eab042d79a75.png?t=1692221190,https://cuescore.com/img/flags/png-country-4x2-none/res-640x480/no.png,528.46,528.59,2022-07-10,ostkanten,False,anchored,,476,214,262,456,205,251,20,9,11,0,0,0
2,1393613,Vegar Hammer Olsen,https://img.cuescore.com/image/0/4/09b6dffe84e9dc5928b0baa845da3938.png?t=1708343756,https://cuescore.com/img/flags/png-country-4x2-none/res-640x480/no.png,527.08,527.34,2024-04-13,obk,False,anchored,89.0,216,111,105,6,0,6,210,111,99,0,0,0
2,3532613,Tom Kristiansen,https://img.cuescore.com/image/2/4/2f9815339a69b6180cfe058a8b8db478.png?t=1545505404,https://cuescore.com/img/flags/png-country-4x2-none/res-640x480/no.png,526.6,526.73,2025-12-27,obk,False,anchored,2.0,125,59,66,125,59,66,0,0,0,0,0,0
2,43980262,Ask Benham,https://img.cuescore.com/image/f/4/f7028e3ae9e367f986e367f9b34f25ba.png?t=1731435213,https://cuescore.com/img/flags/png-country-4x2-none/res-640x480/no.png,526.45,526.58,2026-01-31,obk,False,anchored,3.0,82,38,44,82,38,44,0,0,0,0,0,0
2,1047363,Vinko Smolic,https://img.cuescore.com/image/9/4/91a5645698fe5816864ae2f2a28f7f9d.png?t=1737469114,https://cuescore.com/img/flags/png-country-4x2-none/res-640x480/no.png,525.41,525.7,2026-06-07,ostkanten,False,anchored,366.0,250,127,123,36,11,25,214,116,98,0,0,0
2,40844470,Øyvind Løvseth,https://img.cuescore.com/image/d/4/d6863afa12deef5412cc1ae1072d38d5.png?t=1710751246,https://cuescore.com/img/flags/png-country-4x2-none/res-640x480/no.png,525.2,525.49,2026-07-04,obk,False,anchored,3.0,292,133,159,292,133,159,0,0,0,0,0,0
2,12165220,Rune Johnsen,https://img.cuescore.com/image/5/4/5103c198859539cee49e149208f17c86.png?t=1644248300,https://cuescore.com/img/flags/png-country-4x2-none/res-640x480/no.png,524.73,524.87,2024-04-13,obk,False,anchored,,88,55,33,88,55,33,0,0,0,0,0,0
2,1277819,Lasse Kåring,https://img.cuescore.com/image/3/4/309803d12287ba0686b1aeee3ee7f798.png?t=1663711147,https://cuescore.com/img/flags/png-country-4x2-none/res-640x480/no.png,524.29,524.49,2024-12-18,obk,False,anchored,429.0,1378,725,653,1329,703,626,49,22,27,0,0,0
2,4743665,Morten Bakken,https://img.cuescore.com/image/0/4/0464fe0de7cf3ab210cbfdeaaf0dc682.png?t=1718050321,https://cuescore.com/img/flags/png-country-4x2-none/res-640x480/no.png,523.86,523.9,2022-06-29,obk,False,anchored,92.0,49,24,25,49,24,25,0,0,0,0,0,0
2,18284020,Nomen Nescio,https://img.cuescore.com/image/8/4/862c792ba8eb7f97e626fbe6cbcc59f6.png,https://cuescore.com/img/flags/png-country-4x2-none/res-640x480/no.png,523.69,523.86,2025-05-16,obk,False,anchored,0.0,224,119,105,209,109,100,15,10,5,0,0,0
2,1006430,Pak San Li,https://img.cuescore.com/image/5/4/5ea22822eaec144ec84802a6be986978.png?t=1705075166,https://cuescore.com/img/flags/png-country-4x2-none/res-640x480/hk.png,523.47,523.46,2019-11-25,obk,False,anchored,,126,71,55,126,71,55,0,0,0,0,0,0
2,1014093,Espen Tingvoll,https://img.cuescore.com/image/4/4/4afac16290e73d7a46dcf8d7ec4a9708.png?t=1733163651,https://cuescore.com/img/flags/png-country-4x2-none/res-640x480/no.png,522.31,523.04,2025-05-14,obk,False,anchored,347.0,51,23,28,51,23,28,0,0,0,0,0,0
2,20361406,Amir Khan,https://img.cuescore.com/image/8/4/862c792ba8eb7f97e626fbe6cbcc59f6.png,https://cuescore.com/img/flags/png-country-4x2-none/res-640x480/no.png,521.89,522.15,2026-09-06,ostkanten,False,anchored,3.0,1024,501,523,384,182,202,640,319,321,0,0,0
2,76192783,Chris Wells,https://img.cuescore.com/image/4/4/4ddf50f2e874b645d26cc30011565d5c.png?t=1770903779,https://cuescore.com/img/flags/png-country-4x2-none/res-640x480/mt.png,521.58,521.93,2026-04-15,obk,False,anchored,325.0,46,20,26,46,20,26,0,0,0,0,0,0
2,1006209,Eirik Tonning Hatløy,https://img.cuescore.com/image/4/4/40b6e00a966978535b087084c4e45049.png?t=1768848454,https://cuescore.com/img/flags/png-country-4x2-none/res-640x480/no.png,520.76,520.89,2022-07-09,ostkanten,False,anchored,,37,24,13,0,0,0,37,24,13,0,0,0
2,4734030,Ronny,https://img.cuescore.com/image/8/4/862c792ba8eb7f97e626fbe6cbcc59f6.png,https://cuescore.com/img/flags/png-country-4x2-none/res-640x480/no.png,520.66,520.69,2019-02-25,obk,False,anchored,,98,59,39,98,59,39,0,0,0,0,0,0
2,1006281,Jan Atle Kofoed,https://img.cuescore.com/image/8/4/82d5d809600aecc46b7d3756b4ea78a7.png?t=1442044357,https://cuescore.com/img/flags/png-country-4x2-none/res-640x480/no.png,519.42,519.55,2025-10-19,ostkanten,False,anchored,377.0,1105,527,578,671,316,355,434,211,223,0,0,0
2,16144084,Truls Bakken,https://img.cuescore.com/image/c/4/ca1d73d5f732e5e29e22ae72eac5daf0.png?t=1766862688,https://cuescore.com/img/flags/png-country-4x2-none/res-640x480/no.png,519.28,519.28,2026-09-21,obk,False,anchored,320.0,914,440,474,798,390,408,116,50,66,0,0,0
2,1697351,Per Ingvarsson,https://img.cuescore.com/image/8/4/862c792ba8eb7f97e626fbe6cbcc59f6.png,https://cuescore.com/img/flags/png-country-4x2-none/res-640x480/se.png,519.13,518.91,2017-12-11,obk,False,anchored,,80,46,34,80,46,34,0,0,0,0,0,0
2,1006359,Larry Skogheim,https://img.cuescore.com/image/1/4/10895ef720bada828fb107dcc39baa47.png?t=1574289124,https://cuescore.com/img/flags/png-country-4x2-none/res-640x480/no.png,517.96,518.09,2026-05-10,ostkanten,False,anchored,2.0,81,39,42,64,30,34,17,9,8,0,0,0
2,9221595,Christoffer Sørensen,https://img.cuescore.com/image/8/4/862c792ba8eb7f97e626fbe6cbcc59f6.png,https://cuescore.com/img/flags/png-country-4x2-none/res-640x480/no.png,516.82,517.0,2024-12-01,ostkanten,False,anchored,66.0,75,37,38,22,13,9,53,24,29,0,0,0
2,1011619,Jan Terje Øyen,https://img.cuescore.com/image/a/4/aed9c4b847a1c63a3ae3004f0e19ed0f.png?t=1528318381,https://cuescore.com/img/flags/png-country-4x2-none/res-640x480/no.png,516.12,516.37,2020-10-25,ostkanten,False,anchored,,69,36,33,0,0,0,69,36,33,0,0,0
2,7038973,James Leahy,https://img.cuescore.com/image/2/4/20dff670fb5324a4bcb0f90dbb22fe94.png?t=1578167150,https://cuescore.com/img/flags/png-country-4x2-none/res-640x480/au.png,515.96,516.09,2026-09-16,obk,False,anchored,300.0,44,19,25,22,11,11,22,8,14,0,0,0
2,16686499,Herman Aleksander Wium,https://img.cuescore.com/image/4/4/4fd106c70d29e59cc5d65a013b8dbd71.png?t=1789749821,https://cuescore.com/img/flags/png-country-4x2-none/res-640x480/no.png,515.32,515.3,2026-07-04,obk,False,anchored,3.0,479,216,263,479,216,263,0,0,0,0,0,0
2,1934129,Johnny Lotto,https://img.cuescore.com/image/8/4/862c792ba8eb7f97e626fbe6cbcc59f6.png,,514.52,514.42,2018-01-15,obk,False,anchored,,80,43,37,80,43,37,0,0,0,0,0,0
2,21900748,Leoncio Jr Licarte,https://img.cuescore.com/image/9/4/9b144cb010622c9a52090620d768e271.png?t=1760780281,https://cuescore.com/img/flags/png-country-4x2-none/res-640x480/ph.png,513.11,513.28,2025-10-13,obk,False,anchored,297.0,72,42,30,72,42,30,0,0,0,0,0,0
2,71804122,Henning Hagen,https://img.cuescore.com/image/4/4/44603ea7a8624735e759a865c36ce516.png?t=1762346038,https://cuescore.com/img/flags/png-country-4x2-none/res-640x480/no.png,512.91,512.93,2025-12-10,obk,False,anchored,328.0,79,36,43,79,36,43,0,0,0,0,0,0
2,2052753,Morten Falk,https://img.cuescore.com/image/7/4/7d335b5482a61f4a5cdd7ce0e90983b8.png?t=1517871964,https://cuescore.com/img/flags/png-country-4x2-none/res-640x480/no.png,512.87,512.97,2020-02-24,obk,False,anchored,56.0,745,423,322,745,423,322,0,0,0,0,0,0
2,1030563,Alexander Baranji,https://img.cuescore.com/image/4/4/47b05ae303d3174c04a779e249a19579.png?t=1762883231,https://cuescore.com/img/flags/png-country-4x2-none/res-640x480/no.png,512.41,512.43,2026-09-28,obk,False,anchored,419.0,621,298,323,582,278,304,39,20,19,0,0,0
2,1071778,Deleted Account,https://img.cuescore.com/image/8/4/862c792ba8eb7f97e626fbe6cbcc59f6.png,https://cuescore.com/img/flags/png-country-4x2-none/res-640x480/no.png,511.6,511.65,2019-09-02,obk,False,anchored,52.0,297,153,144,277,143,134,20,10,10,0,0,0
2,8498578,Riaz Ali,https://img.cuescore.com/image/f/4/fb5b79044dab0faef6b2c1e2ceb7b313.png?t=1786194576,https://cuescore.com/img/flags/png-country-4x2-none/res-640x480/no.png,511.51,511.82,2026-07-26,ostkanten,False,anchored,3.0,1072,523,549,796,388,408,276,135,141,0,0,0
2,26143903,Katrine Sætereng,https://img.cuescore.com/image/2/4/212cbd6eb399cf603dc07d800defc260.png?t=1780381479,https://cuescore.com/img/flags/png-country-4x2-none/res-640x480/no.png,511.2,511.38,2026-10-07,obk,True,anchored,435.0,1214,582,632,1167,560,607,47,22,25,0,0,0
2,1000003,Thomas Elmgren Stavang,https://img.cuescore.com/image/c/4/c9dae26033c402e972e833d3868acb37.png?t=1787837068,https://cuescore.com/img/flags/png-country-4x2-none/res-640x480/no.png,510.15,509.95,2017-06-17,obk,False,anchored,,65,28,37,65,28,37,0,0,0,0,0,0
2,1006328,Lioness Princess,https://img.cuescore.com/image/c/4/c7c0b5ee022a9f2b3ef03b301b2ee1d3.png?t=1552833511,https://cuescore.com/img/flags/png-country-4x2-none/res-640x480/no.png,509.98,510.21,2024-09-15,ostkanten,False,anchored,328.0,479,217,262,83,39,44,396,178,218,0,0,0
2,36225232,Adrian Winther,https://img.cuescore.com/image/8/4/81cb50b2c575f161fd697cd82244b485.png?t=1741602346,https://cuescore.com/img/flags/png-country-4x2-none/res-640x480/no.png,509.59,509.63,2025-06-15,ostkanten,False,anchored,232.0,269,136,133,123,62,61,146,74,72,0,0,0
2,7131339,Roger Mølmann,https://img.cuescore.com/image/3/4/34be07c6aa5be235fe40a50871001bf3.png?t=1602961257,https://cuescore.com/img/flags/png-country-4x2-none/res-640x480/no.png,509.22,509.39,2025-09-17,obk,False,anchored,313.0,960,527,433,960,527,433,0,0,0,0,0,0
2,3185355,Ivar Lexi,https://img.cuescore.com/image/e/4/ec32dcbf8d23e79723a618d5146475df.png?t=1768498721,https://cuescore.com/img/flags/png-country-4x2-none/res-640x480/no.png,509.05,509.93,2026-10-07,obk,True,anchored,380.0,2230,1027,1203,1566,697,869,664,330,334,0,0,0
2,13988242,Monika Goik,https://img.cuescore.com/image/6/4/69daab49c5890bb397da03a24ca8ca6f.png?t=1651227621,https://cuescore.com/img/flags/png-country-4x2-none/res-640x480/pl.png,508.84,508.76,2025-07-05,obk,False,anchored,4.0,43,19,24,43,19,24,0,0,0,0,0,0
2,1006156,Asle Geir Skogen,https://img.cuescore.com/image/3/4/36f65cf6e23fbed66e9de4e9d35af4da.png?t=1573643581,https://cuescore.com/img/flags/png-country-4x2-none/res-640x480/no.png,508.77,508.92,2022-10-02,ostkanten,False,anchored,,143,74,69,0,0,0,143,74,69,0,0,0
2,42921529,Joshua Turla Tuppal,https://img.cuescore.com/image/2/4/26b36c0184734fecd9b0825ed8b79be6.png?t=1790673876,https://cuescore.com/img/flags/png-country-4x2-none/res-640x480/ph.png,508.54,508.55,2026-09-30,obk,False,anchored,307.0,1311,616,695,1068,502,566,243,114,129,0,0,0
2,1006340,Kjartan Maraas,https://img.cuescore.com/image/8/4/80cd0b7c3c0eda0f178367486ebed239.png?t=1652428795,https://cuescore.com/img/flags/png-country-4x2-none/res-640x480/no.png,508.3,508.61,2026-10-07,obk,True,anchored,420.0,1401,632,769,244,98,146,1157,534,623,0,0,0
2,1290151,Imran Majid,https://img.cuescore.com/image/d/4/d287a022cd86a20655f3fe5a5894a799.png?t=1484339319,https://cuescore.com/img/flags/png-country-4x2-none/res-640x480/gb.png,508.29,508.02,2019-08-30,obk,False,anchored,0.0,41,24,17,41,24,17,0,0,0,0,0,0
2,16476664,Øystein Følling,https://img.cuescore.com/image/8/4/862c792ba8eb7f97e626fbe6cbcc59f6.png,https://cuescore.com/img/flags/png-country-4x2-none/res-640x480/no.png,508.21,508.28,2026-09-30,obk,False,anchored,354.0,1178,551,627,1054,496,558,124,55,69,0,0,0
2,1006183,Christel Hanah Johnsen,https://img.cuescore.com/image/8/4/8925333ae7ecfce570ba9991a5e3ac8b.png?t=1710863176,https://cuescore.com/img/flags/png-country-4x2-none/res-640x480/no.png,507.32,507.45,2024-06-09,ostkanten,False,anchored,325.0,235,117,118,156,86,70,79,31,48,0,0,0
2,2210932,Victoria Hauge Pettersen,https://img.cuescore.com/image/2/4/2044e33e460b5b4cc302d7e8c949c53d.png?t=1618516612,https://cuescore.com/img/flags/png-country-4x2-none/res-640x480/no.png,506.55,506.69,2021-04-25,obk,False,anchored,,387,157,230,387,157,230,0,0,0,0,0,0
2,25484464,Joaquin K. Yovine,https://img.cuescore.com/image/4/4/439ff949812ca26dfb670b2fcddea663.png?t=1762679224,https://cuescore.com/img/flags/png-country-4x2-none/res-640x480/ar.png,506.24,506.49,2025-10-22,obk,False,anchored,381.0,716,318,398,647,285,362,69,33,36,0,0,0
2,1946517,Ivan Tadic,https://img.cuescore.com/image/f/4/f70dafc0141d998b2619c59d23283ffb.png?t=1509996043,https://cuescore.com/img/flags/png-country-4x2-none/res-640x480/no.png,506.12,506.26,2022-04-04,obk,False,anchored,12.0,1145,608,537,1145,608,537,0,0,0,0,0,0
2,2063761,Kurt Anders Lund,https://img.cuescore.com/image/9/4/932491ad8667f8957f24b9df124b79a0.png?t=1729685568,https://cuescore.com/img/flags/png-country-4x2-none/res-640x480/no.png,506.05,506.37,2026-06-24,obk,False,anchored,450.0,50,22,28,50,22,28,0,0,0,0,0,0
2,1356128,Christian Moberg,https://img.cuescore.com/image/c/4/c060608e7b3ef73e887d220038654551.png?t=1739974000,https://cuescore.com/img/flags/png-country-4x2-none/res-640x480/no.png,505.92,506.03,2026-04-26,ostkanten,False,anchored,3.0,160,76,84,136,65,71,24,11,13,0,0,0
2,1095179,Ernesto Antonio Meléndez,https://img.cuescore.com/image/2/4/26262ff4af43122f00476168f64b5bda.png?t=1522650690,https://cuescore.com/img/flags/png-country-4x2-none/res-640x480/no.png,505.74,505.81,2026-10-07,obk,True,anchored,295.0,1069,490,579,688,313,375,381,177,204,0,0,0
2,1014998,Ivan Crenn,https://img.cuescore.com/image/2/4/23bb42a4d955678512c8aa3541a126b8.png?t=1639134744,https://cuescore.com/img/flags/png-country-4x2-none/res-640x480/fr.png,505.73,505.89,2022-07-10,ostkanten,False,anchored,1.0,58,28,30,33,17,16,25,11,14,0,0,0
2,1006174,Børre Kofoed Karaka,https://img.cuescore.com/image/f/4/f5938ce323c3e2ca496567a495dbab64.png?t=1447875824,https://cuescore.com/img/flags/png-country-4x2-none/res-640x480/no.png,504.62,504.72,2018-09-19,obk,False,anchored,38.0,275,143,132,275,143,132,0,0,0,0,0,0
2,1510340,Andris Viksnins,https://img.cuescore.com/image/a/4/aa8ae696def0c9c88edb24684774e16d.png?t=1581432669,https://cuescore.com/img/flags/png-country-4x2-none/res-640x480/no.png,503.99,504.11,2026-08-03,obk,False,anchored,325.0,3088,1599,1489,2727,1436,1291,361,163,198,0,0,0
2,2653482,Adil Lusjani,https://img.cuescore.com/image/8/4/862c792ba8eb7f97e626fbe6cbcc59f6.png,https://cuescore.com/img/flags/png-country-4x2-none/res-640x480/no.png,503.75,503.88,2019-01-21,obk,False,anchored,,208,128,80,208,128,80,0,0,0,0,0,0
2,75512620,Trond Evjen,https://img.cuescore.com/image/8/4/862c792ba8eb7f97e626fbe6cbcc59f6.png,https://cuescore.com/img/flags/png-country-4x2-none/res-640x480/no.png,502.79,503.04,2026-08-16,ostkanten,False,anchored,241.0,177,86,91,65,35,30,112,51,61,0,0,0
2,1015952,Marius Farås,https://img.cuescore.com/image/9/4/966b6ba72e1babc46e394f0e4e028199.png?t=1451653219,https://cuescore.com/img/flags/png-country-4x2-none/res-640x480/no.png,502.15,502.16,2024-12-27,obk,False,anchored,2.0,176,87,89,176,87,89,0,0,0,0,0,0
2,3587297,Didrik V Berg,https://img.cuescore.com/image/8/4/862c792ba8eb7f97e626fbe6cbcc59f6.png,https://cuescore.com/img/flags/png-country-4x2-none/res-640x480/no.png,501.73,501.87,2021-11-24,obk,False,anchored,78.0,45,27,18,45,27,18,0,0,0,0,0,0
2,10220035,Marius Lamby Solvang,https://img.cuescore.com/image/5/4/5551b89a55c5007133c8bebe6d6a284b.png?t=1712844064,https://cuescore.com/img/flags/png-country-4x2-none/res-640x480/no.png,501.5,501.64,2026-08-10,obk,False,anchored,305.0,1298,612,686,1248,598,650,50,14,36,0,0,0
2,1022588,Nikolaos Chatzitheodorou,https://img.cuescore.com/image/9/4/9f111cc7394df3d82ee00a85986c9c3d.png?t=1539274559,https://cuescore.com/img/flags/png-country-4x2-none/res-640x480/gr.png,500.8,500.92,2018-12-15,obk,False,anchored,45.0,265,137,128,265,137,128,0,0,0,0,0,0
2,20809939,Gary Zacaria,https://img.cuescore.com/image/8/4/862c792ba8eb7f97e626fbe6cbcc59f6.png,https://cuescore.com/img/flags/png-country-4x2-none/res-640x480/ph.png,500.69,500.89,2024-10-16,obk,False,anchored,317.0,157,72,85,151,71,80,6,1,5,0,0,0
2,1006171,Bjørnar Davidsen,https://img.cuescore.com/image/1/4/13ae6d4051653c58f346f9f6478528a5.png?t=1441835857,https://cuescore.com/img/flags/png-country-4x2-none/res-640x480/no.png,499.26,499.36,2023-09-18,obk,False,anchored,55.0,484,255,229,443,236,207,41,19,22,0,0,0
2,1018532,Goran Nikolic,https://img.cuescore.com/image/f/4/f407bea43582938521ec2c0024955fae.png?t=1456566394,https://cuescore.com/img/flags/png-country-4x2-none/res-640x480/rs.png,498.62,498.48,2017-06-17,obk,False,anchored,,45,24,21,45,24,21,0,0,0,0,0,0
2,6545064,Kim-Olaf Sørensen,https://img.cuescore.com/image/9/4/9437a09ca9ddbc446e2a40572302f3c6.png?t=1686311792,https://cuescore.com/img/flags/png-country-4x2-none/res-640x480/no.png,496.87,497.12,2026-05-20,obk,False,anchored,304.0,249,118,131,134,64,70,115,54,61,0,0,0
2,69888928,T M.H,https://img.cuescore.com/image/7/4/7573bd1ad2155bd6ba6d0830bd161b2e.png?t=1761607499,https://cuescore.com/img/flags/png-country-4x2-none/res-640x480/no.png,496.67,496.42,2026-09-13,ostkanten,False,anchored,253.0,139,82,57,110,71,39,29,11,18,0,0,0
2,2181146,Mentor Nuredini,https://img.cuescore.com/image/8/4/862c792ba8eb7f97e626fbe6cbcc59f6.png,https://cuescore.com/img/flags/png-country-4x2-none/res-640x480/al.png,496.61,496.81,2018-02-28,obk,False,anchored,,49,29,20,49,29,20,0,0,0,0,0,0
2,1006157,Asle M. Johansen,https://img.cuescore.com/image/c/4/c6fa543957778aaa7d85eeeac094bd56.png?t=1515450638,https://cuescore.com/img/flags/png-country-4x2-none/res-640x480/no.png,495.64,495.69,2020-08-24,obk,False,anchored,,278,146,132,278,146,132,0,0,0,0,0,0
2,1006487,Desak Sri Pustini,https://img.cuescore.com/image/8/4/8a8ce09d8231a8d0e80ee3c8e5c11a4f.png?t=1519162788,https://cuescore.com/img/flags/png-country-4x2-none/res-640x480/no.png,495.22,495.35,2022-02-21,obk,False,anchored,57.0,240,124,116,240,124,116,0,0,0,0,0,0
2,1396429,Øyvind Stordahl,https://img.cuescore.com/image/2/4/2f810371d4a4fbaeb237b4e908bad17c.png?t=1638019950,https://cuescore.com/img/flags/png-country-4x2-none/res-640x480/no.png,495.08,495.15,2022-10-26,obk,False,anchored,275.0,53,28,25,53,28,25,0,0,0,0,0,0
2,1006298,Jarek (Barracuda) Kapuściński,https://img.cuescore.com/image/5/4/5308cfe182f097062e00cb89ba193eb9.png?t=1443616526,https://cuescore.com/img/flags/png-country-4x2-none/res-640x480/pl.png,494.6,494.84,2026-09-07,obk,False,anchored,313.0,722,358,364,615,319,296,107,39,68,0,0,0
2,3120055,Per Christian Slåtta,https://img.cuescore.com/image/8/4/862c792ba8eb7f97e626fbe6cbcc59f6.png,https://cuescore.com/img/flags/png-country-4x2-none/res-640x480/no.png,493.77,493.87,2019-06-03,obk,False,anchored,,323,184,139,323,184,139,0,0,0,0,0,0
2,3036771,Adrian Gawlak,https://img.cuescore.com/image/8/4/862c792ba8eb7f97e626fbe6cbcc59f6.png,https://cuescore.com/img/flags/png-country-4x2-none/res-640x480/pl.png,492.03,492.11,2018-10-08,obk,False,anchored,,126,73,53,126,73,53,0,0,0,0,0,0
2,7222054,Leif Norvald Nilsen,https://img.cuescore.com/image/2/4/269e09c845bf07d0d7ba711b85b29e20.png?t=1582101702,https://cuescore.com/img/flags/png-country-4x2-none/res-640x480/no.png,491.88,492.94,2026-03-04,obk,False,anchored,242.0,138,76,62,138,76,62,0,0,0,0,0,0
2,1498747,Andris Viksnins,https://img.cuescore.com/image/8/4/862c792ba8eb7f97e626fbe6cbcc59f6.png,https://cuescore.com/img/flags/png-country-4x2-none/res-640x480/ge.png,491.55,491.55,2017-10-30,obk,False,anchored,,56,27,29,56,27,29,0,0,0,0,0,0
2,56994721,Rolf-Tommy Østensson,https://img.cuescore.com/image/8/4/862c792ba8eb7f97e626fbe6cbcc59f6.png,https://cuescore.com/img/flags/png-country-4x2-none/res-640x480/se.png,491.46,491.73,2026-08-09,ostkanten,False,anchored,295.0,127,57,70,84,43,41,43,14,29,0,0,0
2,31114699,Ferdinand Jaggi,https://img.cuescore.com/image/9/4/9e0636ce594a896c5f91a72107ace66a.png?t=1728905358,https://cuescore.com/img/flags/png-country-4x2-none/res-640x480/no.png,491.14,491.27,2026-06-08,obk,False,anchored,325.0,165,88,77,134,70,64,31,18,13,0,0,0
2,17693218,Romain Rolland,https://img.cuescore.com/image/4/4/4cf74a44defe52ea6e7893d46649eb0d.png?t=1721485281,https://cuescore.com/img/flags/png-country-4x2-none/res-640x480/no.png,490.64,490.83,2025-05-12,obk,False,anchored,218.0,95,45,50,95,45,50,0,0,0,0,0,0
2,1561935,Øystein Holm Krøvel,https://img.cuescore.com/image/8/4/862c792ba8eb7f97e626fbe6cbcc59f6.png,https://cuescore.com/img/flags/png-country-4x2-none/res-640x480/no.png,490.57,490.69,2020-03-02,obk,False,anchored,,278,134,144,278,134,144,0,0,0,0,0,0
2,6691281,Andreas Wahr-Hansen,https://img.cuescore.com/image/8/4/862c792ba8eb7f97e626fbe6cbcc59f6.png,https://cuescore.com/img/flags/png-country-4x2-none/res-640x480/no.png,489.88,490.04,2026-05-04,obk,False,anchored,318.0,1076,527,549,1002,501,501,74,26,48,0,0,0
2,8270907,Christian Söderström,https://img.cuescore.com/image/6/4/6a3d709e325db75a3d35a56a683978dc.png?t=1766584752,https://cuescore.com/img/flags/png-country-4x2-none/res-640x480/no.png,489.87,490.09,2026-10-04,ostkanten,False,anchored,328.0,778,340,438,129,61,68,649,279,370,0,0,0
2,48159925,Ole-Jakob Rosenvold,https://img.cuescore.com/image/a/4/ac8138d357b9d12dd00be31639899b4c.png?t=1728812914,https://cuescore.com/img/flags/png-country-4x2-none/res-640x480/no.png,489.65,489.95,2026-09-27,ostkanten,False,anchored,319.0,903,388,515,134,70,64,769,318,451,0,0,0
2,1013991,Ahad Rashid,https://img.cuescore.com/image/8/4/862c792ba8eb7f97e626fbe6cbcc59f6.png,https://cuescore.com/img/flags/png-country-4x2-none/res-640x480/no.png,489.65,489.71,2020-02-10,obk,False,anchored,46.0,375,183,192,375,183,192,0,0,0,0,0,0
2,4889312,Hamza Malik,https://img.cuescore.com/image/8/4/862c792ba8eb7f97e626fbe6cbcc59f6.png,https://cuescore.com/img/flags/png-country-4x2-none/res-640x480/no.png,489.53,489.64,2020-09-07,obk,False,anchored,35.0,106,60,46,106,60,46,0,0,0,0,0,0
2,7957612,Guido Thyssen,https://img.cuescore.com/image/b/4/b750fc4c231371fe07c54897b662b9aa.png?t=1736385363,https://cuescore.com/img/flags/png-country-4x2-none/res-640x480/de.png,488.73,488.87,2026-01-31,obk,False,anchored,3.0,70,34,36,70,34,36,0,0,0,0,0,0
2,36990883,Anders Valde,https://img.cuescore.com/image/9/4/92645097ded7d58a05f5712bdd468f78.png?t=1705362002,https://cuescore.com/img/flags/png-country-4x2-none/res-640x480/no.png,487.68,487.9,2026-08-16,ostkanten,False,anchored,3.0,379,160,219,256,107,149,123,53,70,0,0,0
2,49097056,Herman Maraas,https://img.cuescore.com/image/9/4/9cb01c63ff307e612a66168e5d63c220.png?t=1726357714,https://cuescore.com/img/flags/png-country-4x2-none/res-640x480/no.png,487.12,487.33,2025-07-09,obk,False,anchored,240.0,334,146,188,270,115,155,64,31,33,0,0,0
2,1036778,Ronald Natifu,https://img.cuescore.com/image/8/4/862c792ba8eb7f97e626fbe6cbcc59f6.png,,486.25,486.27,2018-02-17,obk,False,anchored,9.0,48,25,23,48,25,23,0,0,0,0,0,0
2,4742719,Adiil Lusjanii,https://img.cuescore.com/image/2/4/2a5217bd0489c5e2990e6327bf7be97f.png?t=1549472165,https://cuescore.com/img/flags/png-country-4x2-none/res-640x480/no.png,486.14,486.27,2020-10-12,obk,False,anchored,31.0,192,100,92,192,100,92,0,0,0,0,0,0
2,2106214,Don Hajra,https://img.cuescore.com/image/d/4/dbe904ba44581e81a5e02ab0f9d27c08.png?t=1730554060,https://cuescore.com/img/flags/png-country-4x2-none/res-640x480/xk.png,485.25,485.38,2024-10-28,obk,False,anchored,550.0,20,14,6,8,6,2,12,8,4,0,0,0
2,58725133,Kjell-egil Woster,https://img.cuescore.com/image/b/4/b9326bca4b60f10303f242e257bab6be.png?t=1753705117,https://cuescore.com/img/flags/png-country-4x2-none/res-640x480/no.png,484.93,485.07,2026-07-04,obk,False,anchored,3.0,102,49,53,102,49,53,0,0,0,0,0,0
2,55415260,Dag Erik Wiig,https://img.cuescore.com/image/7/4/778ff88fa19172cf4bf3e46284690c76.png?t=1741537286,https://cuescore.com/img/flags/png-country-4x2-none/res-640x480/no.png,484.77,484.72,2026-04-15,obk,False,anchored,306.0,436,213,223,436,213,223,0,0,0,0,0,0
2,27194773,Torstein Brustugun,https://img.cuescore.com/image/6/4/6acaab3086ea7d73fe4a894d2b44e4cb.png?t=1727369399,https://cuescore.com/img/flags/png-country-4x2-none/res-640x480/no.png,484.58,484.67,2026-10-04,ostkanten,False,anchored,3.0,57,24,33,10,0,10,47,24,23,0,0,0
2,16553469,Márk Szabo,https://img.cuescore.com/image/6/4/61b9f48c7494d11107954c279778292b.png?t=1789402438,https://cuescore.com/img/flags/png-country-4x2-none/res-640x480/sk.png,484.54,484.72,2026-06-15,obk,False,anchored,,21,15,6,21,15,6,0,0,0,0,0,0
2,13872481,Erik Weiselius,https://img.cuescore.com/image/2/4/22b83c03f8e43e65019e48bc540ab145.png?t=1673206462,https://cuescore.com/img/flags/png-country-4x2-none/res-640x480/se.png,483.92,484.2,2025-07-14,obk,False,anchored,625.0,24,16,8,24,16,8,0,0,0,0,0,0
2,12627679,Tor Ivar Bjørseth,https://img.cuescore.com/image/f/4/fa5258829823ca6b91e0193a811d8fef.png?t=1758200146,https://cuescore.com/img/flags/png-country-4x2-none/res-640x480/no.png,483.38,483.58,2026-04-19,ostkanten,False,anchored,425.0,55,27,28,0,0,0,55,27,28,0,0,0
2,1059469,Hans Westad,https://img.cuescore.com/image/8/4/84ada8848feb4b828cdee8ac7f415948.png?t=1706538002,https://cuescore.com/img/flags/png-country-4x2-none/res-640x480/no.png,482.91,483.03,2026-01-18,ostkanten,False,anchored,,33,19,14,0,0,0,33,19,14,0,0,0
2,1024799,Stig Nesvik,https://img.cuescore.com/image/1/4/1d7931022cb5cc99a4bfa630a7ff07ed.png?t=1655704835,https://cuescore.com/img/flags/png-country-4x2-none/res-640x480/no.png,482.67,482.86,2026-10-04,ostkanten,False,anchored,417.0,5216,2416,2800,4629,2132,2497,587,284,303,0,0,0
2,5174448,Thomas Hilling Amundsen,https://img.cuescore.com/image/b/4/b34d126bf7ab880025a1473f13cffcaa.png?t=1677525102,https://cuescore.com/img/flags/png-country-4x2-none/res-640x480/no.png,482.09,482.18,2019-06-05,obk,False,anchored,39.0,111,63,48,111,63,48,0,0,0,0,0,0
2,80088046,Kim Rui,https://img.cuescore.com/image/b/4/b115a715a10e46bdf68733400637f8ef.png?t=1780934994,https://cuescore.com/img/flags/png-country-4x2-none/res-640x480/no.png,481.56,481.89,2026-10-07,obk,True,anchored,327.0,798,358,440,455,213,242,343,145,198,0,0,0
2,1006250,Geir Tollefsrud,https://img.cuescore.com/image/6/4/6f96ab8151fbcef425b09e01849ab744.png?t=1761033062,https://cuescore.com/img/flags/png-country-4x2-none/res-640x480/no.png,481.54,481.39,2025-12-27,obk,False,anchored,3.0,31,15,16,31,15,16,0,0,0,0,0,0
2,1012750,Frode Myhre Larsen,https://img.cuescore.com/image/2/4/22c5ca59fea69101c56d9f8ce9581270.png?t=1483536851,https://cuescore.com/img/flags/png-country-4x2-none/res-640x480/no.png,480.05,480.19,2020-02-24,obk,False,anchored,,213,124,89,213,124,89,0,0,0,0,0,0
2,3632537,Dennis Nilsen,https://img.cuescore.com/image/0/4/04380520c9456dbdd2ad4e94151583d0.png?t=1548855703,https://cuescore.com/img/flags/png-country-4x2-none/res-640x480/no.png,479.98,480.09,2019-02-17,ostkanten,False,anchored,,81,41,40,81,41,40,0,0,0,0,0,0
2,2947265,Bernjard David C Ruiz,https://img.cuescore.com/image/1/4/12c0e46fcccd8e52650f604aa340158a.png?t=1780495121,https://cuescore.com/img/flags/png-country-4x2-none/res-640x480/ph.png,479.4,479.52,2026-06-15,obk,False,anchored,328.0,687,349,338,687,349,338,0,0,0,0,0,0
2,2690021,Torkel Rønningen,https://img.cuescore.com/image/8/4/862c792ba8eb7f97e626fbe6cbcc59f6.png,https://cuescore.com/img/flags/png-country-4x2-none/res-640x480/no.png,479.22,479.27,2018-11-19,obk,False,anchored,,56,31,25,56,31,25,0,0,0,0,0,0
2,2053323,Ib Christiansen,https://img.cuescore.com/image/2/4/2ec690189b070352f6fd86cbdae76c24.png?t=1532262581,https://cuescore.com/img/flags/png-country-4x2-none/res-640x480/no.png,478.79,478.97,2026-08-31,obk,False,anchored,318.0,702,360,342,634,335,299,68,25,43,0,0,0
2,7904326,Silja Vepsä,https://img.cuescore.com/image/3/4/3b72e62ce634ef874d5e8d0ebf736a50.png?t=1726508136,https://cuescore.com/img/flags/png-country-4x2-none/res-640x480/no.png,478.62,478.8,2026-10-04,ostkanten,False,anchored,4.0,128,52,76,20,6,14,108,46,62,0,0,0
2,2043792,Vaios Evangelou,https://img.cuescore.com/image/7/4/7036968f7bde92e60c5f1fa05435bf33.png?t=1739016923,https://cuescore.com/img/flags/png-country-4x2-none/res-640x480/gr.png,478.21,478.35,2021-06-30,obk,False,anchored,58.0,248,111,137,134,66,68,114,45,69,0,0,0
2,5075218,Nevzat Yesil,https://img.cuescore.com/image/0/4/0145306f7c988f5d518d6ac1f41f1c37.png?t=1772113104,https://cuescore.com/img/flags/png-country-4x2-none/res-640x480/no.png,477.58,477.7,2025-11-02,ostkanten,False,anchored,,19,14,5,0,0,0,19,14,5,0,0,0
2,71956222,Raymond Mælen,https://img.cuescore.com/image/f/4/f0e41aa51ad3d87a64a1b22f3330c4d7.png?t=1772470365,https://cuescore.com/img/flags/png-country-4x2-none/res-640x480/no.png,477.23,477.17,2026-10-05,obk,False,anchored,319.0,565,264,301,565,264,301,0,0,0,0,0,0
2,1006448,Roald Pettersen,https://img.cuescore.com/image/a/4/a5d798e918d8de9ec9c0a89e50060623.png?t=1582609862,https://cuescore.com/img/flags/png-country-4x2-none/res-640x480/no.png,476.94,477.12,2026-05-13,obk,False,anchored,322.0,162,78,84,162,78,84,0,0,0,0,0,0
2,1019843,Matey Ullah,https://img.cuescore.com/image/5/4/5945cfef407ea3e46049eb356ee0e725.png?t=1603960189,https://cuescore.com/img/flags/png-country-4x2-none/res-640x480/no.png,476.87,477.0,2025-09-07,ostkanten,False,anchored,528.0,17,14,3,0,0,0,17,14,3,0,0,0
2,3595359,Øivind Bakken,https://img.cuescore.com/image/1/4/15f459fa7178e8d3fc57a547d81de45c.png?t=1551183592,https://cuescore.com/img/flags/png-country-4x2-none/res-640x480/no.png,476.26,476.38,2020-03-09,obk,False,anchored,34.0,379,200,179,379,200,179,0,0,0,0,0,0
2,11273659,Grzegorz Tabor,https://img.cuescore.com/image/8/4/862c792ba8eb7f97e626fbe6cbcc59f6.png,https://cuescore.com/img/flags/png-country-4x2-none/res-640x480/no.png,474.86,474.97,2022-02-07,obk,False,anchored,,31,22,9,31,22,9,0,0,0,0,0,0
2,19030543,Martin Olsson,https://img.cuescore.com/image/6/4/6a9f2b1e91ce51337c1a4fdb5a8f71f0.png?t=1786094993,https://cuescore.com/img/flags/png-country-4x2-none/res-640x480/se.png,474.78,475.0,2026-09-27,ostkanten,False,anchored,292.0,833,383,450,649,318,331,184,65,119,0,0,0
2,1006215,Emil Andreassen,https://img.cuescore.com/image/4/4/49095675f030b08c4fb3f68d35ad9287.png?t=1481128220,https://cuescore.com/img/flags/png-country-4x2-none/res-640x480/no.png,474.12,474.21,2024-08-25,ostkanten,False,anchored,275.0,646,296,350,639,291,348,7,5,2,0,0,0
2,83723089,Shane Petrick,https://img.cuescore.com/image/3/4/3694f2e3c0b8246c15208da784c034c9.png?t=1781520936,https://cuescore.com/img/flags/png-country-4x2-none/res-640x480/us.png,473.37,473.42,2026-06-15,obk,False,anchored,350.0,26,15,11,26,15,11,0,0,0,0,0,0
2,1024806,Lars Nitteberg,https://img.cuescore.com/image/1/4/18bfc13d56224b3b1a04d52ae0b1f118.png?t=1455480472,https://cuescore.com/img/flags/png-country-4x2-none/res-640x480/no.png,473.16,473.15,2018-05-14,obk,False,anchored,,282,130,152,282,130,152,0,0,0,0,0,0
2,9017413,Terje Mo Hanssen,https://img.cuescore.com/image/3/4/35db0fabc62a9659476a2c8b9c2b4145.png?t=1745873644,https://cuescore.com/img/flags/png-country-4x2-none/res-640x480/no.png,473.16,473.26,2026-06-07,ostkanten,False,anchored,,77,32,45,0,0,0,77,32,45,0,0,0
2,19913527,Wael Handal,https://img.cuescore.com/image/5/4/560089e4ea7003d4b17eb2f1341fad56.png?t=1677498717,https://cuescore.com/img/flags/png-country-4x2-none/res-640x480/no.png,472.93,473.13,2024-08-26,obk,False,anchored,339.0,269,130,139,262,127,135,7,3,4,0,0,0
2,7959797,Pergantis Zalachas,https://img.cuescore.com/image/6/4/6d23b331d8bf2f4873a4ad3230a17127.png?t=1734529208,https://cuescore.com/img/flags/png-country-4x2-none/res-640x480/gr.png,472.16,472.31,2026-06-08,obk,False,anchored,288.0,1462,680,782,1432,667,765,30,13,17,0,0,0
2,1393993,Ronny Sørlie,https://img.cuescore.com/image/2/4/25bf706b3d9ad951c7d185470c891a7b.png?t=1490047759,https://cuescore.com/img/flags/png-country-4x2-none/res-640x480/no.png,471.65,471.88,2020-03-11,obk,False,anchored,54.0,122,56,66,122,56,66,0,0,0,0,0,0
2,1997987,Sven Høgdahl,https://img.cuescore.com/image/8/4/8d29195469d3a1b088d829a550e79fac.png?t=1670759545,https://cuescore.com/img/flags/png-country-4x2-none/res-640x480/no.png,471.01,471.19,2025-09-07,ostkanten,False,anchored,210.0,144,75,69,126,68,58,18,7,11,0,0,0
2,2251359,Gustav Leennatsso,https://img.cuescore.com/image/8/4/862c792ba8eb7f97e626fbe6cbcc59f6.png,,470.97,470.97,2018-04-16,obk,False,anchored,,56,31,25,56,31,25,0,0,0,0,0,0
2,1006473,Rune Antonsen,https://img.cuescore.com/image/2/4/2342c31ef802c8a1e692a25553e1318c.png?t=1454529598,https://cuescore.com/img/flags/png-country-4x2-none/res-640x480/no.png,470.38,470.55,2026-01-31,obk,False,anchored,3.0,42,18,24,42,18,24,0,0,0,0,0,0
2,34735372,Karl Våglund,https://img.cuescore.com/image/5/4/5bdacd9a26a55ff524a58ce548811260.png?t=1751375438,https://cuescore.com/img/flags/png-country-4x2-none/res-640x480/se.png,470.24,470.95,2025-07-05,obk,False,anchored,4.0,69,27,42,69,27,42,0,0,0,0,0,0
2,9924259,Amin Asil,https://img.cuescore.com/image/e/4/e41a9cceba33d609c55920e51930c9df.png?t=1785252669,https://cuescore.com/img/flags/png-country-4x2-none/res-640x480/no.png,469.91,469.99,2026-02-16,obk,False,anchored,301.0,42,19,23,42,19,23,0,0,0,0,0,0
2,3682319,Lasse Rognlien,https://img.cuescore.com/image/c/4/cbd35a5519cb486b5c8f550b72023a6a.png?t=1729677207,https://cuescore.com/img/flags/png-country-4x2-none/res-640x480/no.png,469.85,469.3,2026-10-07,obk,True,anchored,305.0,1802,754,1048,1607,659,948,195,95,100,0,0,0
2,1105041,Alex Pagulayan,https://img.cuescore.com/image/1/4/11c67b8394f3f0d4e226234b8931d8dc.png?t=1553611221,https://cuescore.com/img/flags/png-country-4x2-none/res-640x480/ca.png,469.66,469.23,2020-01-24,obk,False,anchored,,55,31,24,55,31,24,0,0,0,0,0,0
2,5129473,Andreas Bjørnhaug,https://img.cuescore.com/image/8/4/862c792ba8eb7f97e626fbe6cbcc59f6.png,https://cuescore.com/img/flags/png-country-4x2-none/res-640x480/no.png,469.61,469.73,2021-08-23,obk,False,anchored,54.0,133,65,68,133,65,68,0,0,0,0,0,0
2,1105242,Lee Van Corteza,https://img.cuescore.com/image/8/4/862c792ba8eb7f97e626fbe6cbcc59f6.png,https://cuescore.com/img/flags/png-country-4x2-none/res-640x480/ph.png,469.35,468.77,2020-01-24,obk,False,anchored,,74,38,36,74,38,36,0,0,0,0,0,0
2,1597907,Haukur Stefansson,https://img.cuescore.com/image/8/4/862c792ba8eb7f97e626fbe6cbcc59f6.png,https://cuescore.com/img/flags/png-country-4x2-none/res-640x480/is.png,468.99,469.18,2026-01-28,obk,False,anchored,317.0,299,127,172,86,40,46,213,87,126,0,0,0
2,49839568,Navid Elyasi,https://img.cuescore.com/image/1/4/185f29f75f427c3eeca9c35e1be91c32.png?t=1732056330,https://cuescore.com/img/flags/png-country-4x2-none/res-640x480/no.png,468.43,468.65,2026-04-12,ostkanten,False,anchored,,141,56,85,17,5,12,124,51,73,0,0,0
2,3399547,Per Yngvar Hodnebrog,https://img.cuescore.com/image/2/4/2f84caa08f77b23625eceb9f0ca3c80c.png?t=1543097217,https://cuescore.com/img/flags/png-country-4x2-none/res-640x480/no.png,468.43,468.5,2025-12-27,obk,False,anchored,1.0,24,13,11,24,13,11,0,0,0,0,0,0
2,58672273,Santo Angel Maican Lara,https://img.cuescore.com/image/0/4/0fa19026e39c25dedcbccbd170ee2d5d.png?t=1744394979,https://cuescore.com/img/flags/png-country-4x2-none/res-640x480/no.png,468.38,468.6,2026-08-23,ostkanten,False,anchored,4.0,260,103,157,11,2,9,249,101,148,0,0,0
2,1036625,Elias Rytterager Johnsen,https://img.cuescore.com/image/d/4/de345c58a434ed9e688bba7a1c0b1fed.png?t=1785697603,https://cuescore.com/img/flags/png-country-4x2-none/res-640x480/no.png,468.24,468.5,2025-12-27,obk,False,anchored,3.0,33,16,17,33,16,17,0,0,0,0,0,0
2,80198077,Nils Vogt,https://img.cuescore.com/image/8/4/862c792ba8eb7f97e626fbe6cbcc59f6.png,https://cuescore.com/img/flags/png-country-4x2-none/res-640x480/no.png,468.15,468.0,2026-09-21,obk,False,anchored,319.0,182,74,108,166,69,97,16,5,11,0,0,0
2,1969239,Leko Antonijevic,https://img.cuescore.com/image/8/4/862c792ba8eb7f97e626fbe6cbcc59f6.png,https://cuescore.com/img/flags/png-country-4x2-none/res-640x480/rs.png,467.96,468.05,2017-11-20,obk,False,anchored,,39,30,9,39,30,9,0,0,0,0,0,0
2,2888171,Ørjan Storborg,https://img.cuescore.com/image/8/4/862c792ba8eb7f97e626fbe6cbcc59f6.png,https://cuescore.com/img/flags/png-country-4x2-none/res-640x480/no.png,467.64,467.94,2024-05-14,obk,False,anchored,,50,25,25,21,11,10,29,14,15,0,0,0
2,1006244,Gard Eiken Flage,https://img.cuescore.com/image/4/4/4c502638f64ae802f3e85d42f21721f8.png?t=1698520363,https://cuescore.com/img/flags/png-country-4x2-none/res-640x480/no.png,467.41,467.49,2022-07-09,ostkanten,False,anchored,,29,18,11,0,0,0,29,18,11,0,0,0
2,10540801,Vasileios Nikolaou,https://img.cuescore.com/image/3/4/3f3e02322213a8ac803ddee19babdbca.png?t=1643031157,https://cuescore.com/img/flags/png-country-4x2-none/res-640x480/gr.png,466.04,466.2,2022-07-24,ostkanten,False,anchored,60.0,59,28,31,49,26,23,10,2,8,0,0,0
2,1006178,Carl Kolrud,https://img.cuescore.com/image/f/4/f9b1679b362d7a5ecbf897998f074c6e.png?t=1452001050,https://cuescore.com/img/flags/png-country-4x2-none/res-640x480/no.png,466.02,466.14,2023-09-18,obk,False,anchored,40.0,307,136,171,307,136,171,0,0,0,0,0,0
2,5738538,Benjamin Herland Aralden,https://img.cuescore.com/image/c/4/cac79bc3bebb84540c814d1101274348.png?t=1764693725,https://cuescore.com/img/flags/png-country-4x2-none/res-640x480/no.png,465.94,465.99,2026-06-15,obk,False,anchored,,20,13,7,20,13,7,0,0,0,0,0,0
2,1015461,Nils Arild Sabbasen,https://img.cuescore.com/image/1/4/1e7800c680e775f9073bce8437a62a95.png?t=1726685928,https://cuescore.com/img/flags/png-country-4x2-none/res-640x480/no.png,465.87,466.01,2025-07-16,obk,False,anchored,200.0,601,262,339,601,262,339,0,0,0,0,0,0
2,3428055,Rune Fevang,https://img.cuescore.com/image/6/4/6682d0164785f00997fdc32f46aa236c.png?t=1598120176,https://cuescore.com/img/flags/png-country-4x2-none/res-640x480/no.png,465.79,465.87,2025-02-17,obk,False,anchored,267.0,1195,586,609,1190,585,605,5,1,4,0,0,0
2,2167253,Michel Mateos,https://img.cuescore.com/image/1/4/1c36619fc831abafe75cce19b82ae667.png?t=1519059541,,464.92,465.05,2026-06-15,obk,False,anchored,35.0,256,139,117,256,139,117,0,0,0,0,0,0
2,40384564,James Acker,https://img.cuescore.com/image/b/4/b48b067c613abbcd8fc28c9547ec8af7.png?t=1756464458,https://cuescore.com/img/flags/png-country-4x2-none/res-640x480/no.png,464.82,464.96,2025-12-27,obk,False,anchored,4.0,66,24,42,66,24,42,0,0,0,0,0,0
2,1969223,Ole Andreas Sandvik,https://img.cuescore.com/image/6/4/60a0b00a935c6d21347d56b59302f073.png?t=1568885329,https://cuescore.com/img/flags/png-country-4x2-none/res-640x480/no.png,464.36,464.48,2022-10-31,obk,False,anchored,215.0,1043,526,517,1043,526,517,0,0,0,0,0,0
2,1566758,Tor-Arne Slorafoss,https://img.cuescore.com/image/8/4/862c792ba8eb7f97e626fbe6cbcc59f6.png,https://cuescore.com/img/flags/png-country-4x2-none/res-640x480/no.png,463.86,464.04,2026-03-09,obk,False,anchored,234.0,565,244,321,523,228,295,42,16,26,0,0,0
2,16978756,Kevin Jensen,https://img.cuescore.com/image/8/4/862c792ba8eb7f97e626fbe6cbcc59f6.png,https://cuescore.com/img/flags/png-country-4x2-none/res-640x480/no.png,463.79,463.9,2022-10-03,obk,False,anchored,125.0,85,40,45,85,40,45,0,0,0,0,0,0
2,1084127,Simen Ekern Bakken,https://img.cuescore.com/image/1/4/1ea0d5df64fc7e27d2f85cbdaaba1d26.png?t=1567687252,https://cuescore.com/img/flags/png-country-4x2-none/res-640x480/no.png,463.37,463.46,2024-12-28,obk,False,anchored,2.0,17,12,5,17,12,5,0,0,0,0,0,0
2,34778635,Wiktor Kaczmarek,https://img.cuescore.com/image/5/4/502e0fdd373fef4e8141f6798718c482.png?t=1714771039,https://cuescore.com/img/flags/png-country-4x2-none/res-640x480/pl.png,463.32,463.37,2026-06-15,obk,False,anchored,550.0,17,13,4,17,13,4,0,0,0,0,0,0
2,1612717,Mentor Nuredini,https://img.cuescore.com/image/8/4/862c792ba8eb7f97e626fbe6cbcc59f6.png,https://cuescore.com/img/flags/png-country-4x2-none/res-640x480/no.png,463.22,463.6,2018-03-12,obk,False,anchored,,52,24,28,52,24,28,0,0,0,0,0,0
2,1402248,Trond Engebakk,https://img.cuescore.com/image/8/4/862c792ba8eb7f97e626fbe6cbcc59f6.png,https://cuescore.com/img/flags/png-country-4x2-none/res-640x480/no.png,462.09,462.19,2026-04-22,obk,False,anchored,518.0,32,14,18,32,14,18,0,0,0,0,0,0
2,1006351,Knut Inge Røstvold,https://img.cuescore.com/image/3/4/3344d9ee2b61428479953d0e9a385859.png?t=1496048267,https://cuescore.com/img/flags/png-country-4x2-none/res-640x480/no.png,461.99,462.03,2024-12-27,obk,False,anchored,1.0,28,17,11,0,0,0,28,17,11,0,0,0
2,8532632,Eddie Vonderau,https://img.cuescore.com/image/8/4/862c792ba8eb7f97e626fbe6cbcc59f6.png,https://cuescore.com/img/flags/png-country-4x2-none/res-640x480/us.png,461.89,462.11,2026-06-15,obk,False,anchored,,16,13,3,16,13,3,0,0,0,0,0,0
2,1030433,Bill Vrodos,https://img.cuescore.com/image/4/4/4d3425f7ae243203142cac1fbe294965.png?t=1502920900,https://cuescore.com/img/flags/png-country-4x2-none/res-640x480/gr.png,461.75,461.86,2021-08-18,obk,False,anchored,6.0,41,22,19,0,0,0,41,22,19,0,0,0
2,24761314,Dovydas Andriuška,https://img.cuescore.com/image/f/4/fc00275706c5b23ad80f3265c166c1d8.png?t=1692739579,https://cuescore.com/img/flags/png-country-4x2-none/res-640x480/lt.png,461.34,461.2,2025-05-11,ostkanten,False,anchored,,69,32,37,0,0,0,69,32,37,0,0,0
2,16590622,Kjetil Nordal,https://img.cuescore.com/image/8/4/862c792ba8eb7f97e626fbe6cbcc59f6.png,https://cuescore.com/img/flags/png-country-4x2-none/res-640x480/no.png,461.05,461.11,2023-08-14,obk,False,anchored,143.0,94,43,51,94,43,51,0,0,0,0,0,0
2,1750663,Tore Mo,https://img.cuescore.com/image/8/4/868cafde2fe44c2d541c5be3b4330b54.png?t=1550297541,https://cuescore.com/img/flags/png-country-4x2-none/res-640x480/no.png,460.04,460.14,2024-11-13,obk,False,anchored,267.0,1850,861,989,1850,861,989,0,0,0,0,0,0
2,1902521,Tom-Henrik Sandvik,https://img.cuescore.com/image/2/4/2906c48212c1841545c4d2a6b1aef3e6.png?t=1579272043,https://cuescore.com/img/flags/png-country-4x2-none/res-640x480/no.png,459.01,459.15,2024-01-29,obk,False,anchored,225.0,1098,546,552,1098,546,552,0,0,0,0,0,0
2,1006469,Roy Karlsen,https://img.cuescore.com/image/8/4/862c792ba8eb7f97e626fbe6cbcc59f6.png,https://cuescore.com/img/flags/png-country-4x2-none/res-640x480/no.png,458.86,458.97,2026-08-30,ostkanten,False,anchored,225.0,24,11,13,0,0,0,24,11,13,0,0,0
2,13720633,Håkon Haukebøe,https://img.cuescore.com/image/3/4/319f038cddfee25c3e4aa68d059139e5.png?t=1662394144,https://cuescore.com/img/flags/png-country-4x2-none/res-640x480/no.png,457.88,458.18,2026-10-04,ostkanten,False,anchored,207.0,816,330,486,511,210,301,305,120,185,0,0,0
2,7719582,Astrid E. Pedersen,https://img.cuescore.com/image/e/4/e219e9c2df259c77f1de2743034ebeae.png?t=1627285842,https://cuescore.com/img/flags/png-country-4x2-none/res-640x480/no.png,457.87,458.07,2026-07-18,obk,False,anchored,325.0,1476,658,818,1458,651,807,18,7,11,0,0,0
2,1916867,Christian Sparrenlöv Fischer,https://img.cuescore.com/image/e/4/e614186f8ca3178072c0eeb65a285077.png?t=1727785034,https://cuescore.com/img/flags/png-country-4x2-none/res-640x480/se.png,457.85,457.89,2019-08-31,obk,False,anchored,0.0,27,23,4,27,23,4,0,0,0,0,0,0
2,8760495,Emir Pandzic,https://img.cuescore.com/image/a/4/a49ae3f587d5501c68d1e8bb904de4c8.png?t=1748465291,https://cuescore.com/img/flags/png-country-4x2-none/res-640x480/ba.png,456.93,456.99,2026-06-15,obk,False,anchored,350.0,16,10,6,16,10,6,0,0,0,0,0,0
2,1016894,Tommy Andersen,https://img.cuescore.com/image/b/4/b61eb3f32899828304cd7d959ff83099.png?t=1510221156,https://cuescore.com/img/flags/png-country-4x2-none/res-640x480/no.png,456.81,456.86,2019-04-29,obk,False,anchored,,367,161,206,367,161,206,0,0,0,0,0,0
2,75505852,Flavio Wicki,https://img.cuescore.com/image/8/4/8317f5adaef9722187f5ce48953a8a10.png?t=1779385047,https://cuescore.com/img/flags/png-country-4x2-none/res-640x480/ch.png,456.69,448.8,2026-10-07,obk,True,anchored,280.0,225,103,122,225,103,122,0,0,0,0,0,0
2,8383377,Tina Lindvall,https://img.cuescore.com/image/6/4/6ad47a8d509c9b4bbca66e2c4d822070.png?t=1711720002,https://cuescore.com/img/flags/png-country-4x2-none/res-640x480/no.png,456.04,456.11,2022-07-07,ostkanten,False,anchored,,62,34,28,60,34,26,2,0,2,0,0,0
2,7004013,Jone Berntsen Stava,https://img.cuescore.com/image/8/4/81ee268ce80e3f01f9fb086fa81254b4.png?t=1625690742,https://cuescore.com/img/flags/png-country-4x2-none/res-640x480/no.png,455.99,456.28,2024-01-29,obk,False,anchored,231.0,144,68,76,144,68,76,0,0,0,0,0,0
2,9287997,Bengt Bårdsen,https://img.cuescore.com/image/d/4/dd8043c7ce313ce180259a43167a4acb.png?t=1742896439,https://cuescore.com/img/flags/png-country-4x2-none/res-640x480/no.png,455.94,456.0,2024-02-06,obk,False,anchored,,29,19,10,29,19,10,0,0,0,0,0,0
2,5140422,Tomas Gryczon,https://img.cuescore.com/image/4/4/430ec5c9df468db155800427085d7147.png?t=1658087473,https://cuescore.com/img/flags/png-country-4x2-none/res-640x480/no.png,454.05,454.12,2026-09-02,obk,False,anchored,312.0,2856,1167,1689,2460,1002,1458,396,165,231,0,0,0
2,4797871,Johannes Ulsund,https://img.cuescore.com/image/0/4/02f5ca1bdd87e02b91d92a2a40dc614d.png?t=1569571166,https://cuescore.com/img/flags/png-country-4x2-none/res-640x480/no.png,453.63,453.76,2023-06-19,obk,False,anchored,224.0,1004,476,528,1004,476,528,0,0,0,0,0,0
2,2251360,Joakim Elfstrøm,https://img.cuescore.com/image/8/4/862c792ba8eb7f97e626fbe6cbcc59f6.png,,453.19,453.36,2020-03-02,obk,False,anchored,,118,56,62,118,56,62,0,0,0,0,0,0
2,1006194,Dag-jøran Aralden,https://img.cuescore.com/image/c/4/c8c4ed55994518cb68d5da39a08dfb10.png?t=1457105902,https://cuescore.com/img/flags/png-country-4x2-none/res-640x480/no.png,452.25,452.31,2026-06-15,obk,False,anchored,,14,11,3,14,11,3,0,0,0,0,0,0
2,62353570,Hallvard Olaussen,https://img.cuescore.com/image/c/4/c463352554c0fe1c75fb66658424a011.png?t=1788221030,https://cuescore.com/img/flags/png-country-4x2-none/res-640x480/no.png,452.04,452.12,2026-09-23,obk,False,anchored,325.0,612,306,306,612,306,306,0,0,0,0,0,0
2,48151645,Albert Fjeldavli,https://img.cuescore.com/image/8/4/862c792ba8eb7f97e626fbe6cbcc59f6.png,https://cuescore.com/img/flags/png-country-4x2-none/res-640x480/no.png,451.84,452.01,2025-02-24,obk,False,anchored,325.0,32,13,19,32,13,19,0,0,0,0,0,0
2,2950122,Mathias Gjerdrum,https://img.cuescore.com/image/8/4/862c792ba8eb7f97e626fbe6cbcc59f6.png,https://cuescore.com/img/flags/png-country-4x2-none/res-640x480/no.png,451.49,451.56,2019-12-14,obk,False,anchored,,37,25,12,37,25,12,0,0,0,0,0,0
2,8969328,Trygve Jensen,https://img.cuescore.com/image/b/4/b803e8adfc8ae3cf7c4e65b92a2446f3.png?t=1635719927,https://cuescore.com/img/flags/png-country-4x2-none/res-640x480/no.png,451.2,451.38,2025-08-24,ostkanten,False,anchored,3.0,53,24,29,45,21,24,8,3,5,0,0,0
2,1670605,Bernadette Bodó,https://img.cuescore.com/image/a/4/af24d3de0701bedd6850b44d6d26c813.png?t=1699869479,https://cuescore.com/img/flags/png-country-4x2-none/res-640x480/no.png,450.97,451.09,2026-07-26,ostkanten,False,anchored,3.0,763,327,436,467,210,257,296,117,179,0,0,0
2,8383376,Hans Petter Ilstad,https://img.cuescore.com/image/8/4/862c792ba8eb7f97e626fbe6cbcc59f6.png,https://cuescore.com/img/flags/png-country-4x2-none/res-640x480/no.png,450.92,451.09,2025-09-07,ostkanten,False,anchored,175.0,104,52,52,54,28,26,50,24,26,0,0,0
2,2431087,Mads Gjefsen,https://img.cuescore.com/image/8/4/862c792ba8eb7f97e626fbe6cbcc59f6.png,https://cuescore.com/img/flags/png-country-4x2-none/res-640x480/no.png,450.88,451.01,2018-04-30,obk,False,anchored,,40,26,14,40,26,14,0,0,0,0,0,0
2,16667893,Stian Fagerli Bergersen,https://img.cuescore.com/image/e/4/ec95844a09751a48994618d828548e1e.png?t=1788620694,https://cuescore.com/img/flags/png-country-4x2-none/res-640x480/no.png,450.88,450.96,2022-07-10,ostkanten,False,anchored,,24,14,10,0,0,0,24,14,10,0,0,0
2,1006316,Jonas Sanchez Gangfløt,https://img.cuescore.com/image/d/4/d1f69440f57ff666de675e2a0269e0bc.png?t=1444771503,https://cuescore.com/img/flags/png-country-4x2-none/res-640x480/no.png,450.39,450.48,2024-12-28,obk,False,anchored,2.0,13,9,4,13,9,4,0,0,0,0,0,0
2,2140752,Mats Larsen,https://img.cuescore.com/image/8/4/862c792ba8eb7f97e626fbe6cbcc59f6.png,https://cuescore.com/img/flags/png-country-4x2-none/res-640x480/no.png,449.33,449.44,2018-05-21,obk,False,anchored,,227,115,112,227,115,112,0,0,0,0,0,0
2,77931514,Kevin Le Falconelli,https://img.cuescore.com/image/8/4/862c792ba8eb7f97e626fbe6cbcc59f6.png,https://cuescore.com/img/flags/png-country-4x2-none/res-640x480/no.png,449.31,449.36,2026-03-06,obk,False,anchored,,19,10,9,19,10,9,0,0,0,0,0,0
2,27634768,Roger Andresen,https://img.cuescore.com/image/8/4/862c792ba8eb7f97e626fbe6cbcc59f6.png,https://cuescore.com/img/flags/png-country-4x2-none/res-640x480/no.png,448.91,448.84,2026-04-15,obk,False,anchored,260.0,166,76,90,166,76,90,0,0,0,0,0,0
2,5516156,Freddy Jansson,https://img.cuescore.com/image/d/4/dbf2b7474d80f4c232c754c5e7847958.png?t=1597843784,https://cuescore.com/img/flags/png-country-4x2-none/res-640x480/se.png,448.61,448.72,2022-06-29,obk,False,anchored,80.0,26,18,8,26,18,8,0,0,0,0,0,0
2,7401493,Simen Skattum,https://img.cuescore.com/image/8/4/862c792ba8eb7f97e626fbe6cbcc59f6.png,https://cuescore.com/img/flags/png-country-4x2-none/res-640x480/no.png,448.21,448.33,2021-10-10,obk,False,anchored,20.0,85,42,43,85,42,43,0,0,0,0,0,0
2,13507978,Sondre Noraberg,https://img.cuescore.com/image/8/4/862c792ba8eb7f97e626fbe6cbcc59f6.png,https://cuescore.com/img/flags/png-country-4x2-none/res-640x480/no.png,447.1,447.03,2022-02-27,obk,False,anchored,70.0,35,13,22,35,13,22,0,0,0,0,0,0
2,1708121,Petter Olsen,https://img.cuescore.com/image/b/4/b442bea202b1222facbc56e62a070416.png?t=1647035273,https://cuescore.com/img/flags/png-country-4x2-none/res-640x480/no.png,446.92,447.07,2023-11-06,obk,False,anchored,263.0,987,479,508,983,477,506,4,2,2,0,0,0
2,1969238,Audun Brede,https://img.cuescore.com/image/b/4/bbddd48ed50a7d4ee6b713845627eaf1.png?t=1511800739,https://cuescore.com/img/flags/png-country-4x2-none/res-640x480/no.png,446.7,446.83,2020-03-09,obk,False,anchored,,650,340,310,650,340,310,0,0,0,0,0,0
2,1297624,Steffan Hansen,https://img.cuescore.com/image/f/4/f52447290f5e565b19a945ec4ac55270.png?t=1544545574,https://cuescore.com/img/flags/png-country-4x2-none/res-640x480/no.png,446.65,446.68,2022-07-11,ostkanten,False,anchored,6.0,22,13,9,0,0,0,22,13,9,0,0,0
2,1069187,Thomas Erichsen,https://img.cuescore.com/image/8/4/862c792ba8eb7f97e626fbe6cbcc59f6.png,https://cuescore.com/img/flags/png-country-4x2-none/res-640x480/no.png,445.98,446.12,2018-10-08,obk,False,anchored,,91,48,43,91,48,43,0,0,0,0,0,0
2,1006253,Gunder Eriksen,https://img.cuescore.com/image/d/4/d29ba32b21c8cca9b7b83932128d81b2.png?t=1486550121,https://cuescore.com/img/flags/png-country-4x2-none/res-640x480/no.png,445.89,445.64,2026-02-02,obk,False,anchored,,32,14,18,32,14,18,0,0,0,0,0,0
2,73722376,Seva Tkach,https://img.cuescore.com/image/4/4/423dffe0722795cfb0c3ede75c9051fb.png?t=1766008678,https://cuescore.com/img/flags/png-country-4x2-none/res-640x480/no.png,445.85,446.31,2026-06-17,obk,False,anchored,289.0,354,146,208,354,146,208,0,0,0,0,0,0
2,77931460,Daniel Nordhaug,https://img.cuescore.com/image/8/4/862c792ba8eb7f97e626fbe6cbcc59f6.png,https://cuescore.com/img/flags/png-country-4x2-none/res-640x480/no.png,445.77,445.9,2026-03-06,obk,False,anchored,,31,17,14,31,17,14,0,0,0,0,0,0
2,54042724,Trond Vidar Engebakk,https://img.cuescore.com/image/8/4/862c792ba8eb7f97e626fbe6cbcc59f6.png,https://cuescore.com/img/flags/png-country-4x2-none/res-640x480/no.png,444.87,444.97,2025-01-19,ostkanten,False,anchored,,14,8,6,0,0,0,14,8,6,0,0,0
2,44478316,Rune Stensvold,https://img.cuescore.com/image/5/4/5646369a370cce26c66ac8663a624cea.png?t=1788812353,https://cuescore.com/img/flags/png-country-4x2-none/res-640x480/no.png,444.84,445.12,2026-09-13,ostkanten,False,anchored,4.0,535,198,337,72,35,37,463,163,300,0,0,0
2,59180038,Nestori Hovi,https://img.cuescore.com/image/9/4/9d4e111dd1b698e0701d77bd5b551890.png?t=1785856121,https://cuescore.com/img/flags/png-country-4x2-none/res-640x480/fi.png,444.46,444.57,2026-08-12,obk,False,anchored,425.0,16,8,8,16,8,8,0,0,0,0,0,0
2,9350575,Valentin Schmitz,https://img.cuescore.com/image/8/4/862c792ba8eb7f97e626fbe6cbcc59f6.png,https://cuescore.com/img/flags/png-country-4x2-none/res-640x480/de.png,444.06,444.1,2026-06-15,obk,False,anchored,,10,7,3,10,7,3,0,0,0,0,0,0
2,1006147,Arild Kråkvik,https://img.cuescore.com/image/2/4/2e1bbf687394242ede8ccb3700a03d07.png?t=1548893988,https://cuescore.com/img/flags/png-country-4x2-none/res-640x480/no.png,443.05,443.26,2026-04-03,obk,False,anchored,2.0,134,61,73,117,53,64,17,8,9,0,0,0
2,3183489,Knut-Håkon Helgesen,https://img.cuescore.com/image/9/4/9f5027895f2ed0bbb125cb67d3a34c39.png?t=1767906577,https://cuescore.com/img/flags/png-country-4x2-none/res-640x480/no.png,442.27,441.41,2026-10-07,obk,True,anchored,325.0,312,133,179,312,133,179,0,0,0,0,0,0
2,5493128,Per christian Slåtta,https://img.cuescore.com/image/6/4/6d193257b45d8108eda43084f063133e.png?t=1604331063,https://cuescore.com/img/flags/png-country-4x2-none/res-640x480/no.png,441.91,442.09,2024-02-23,obk,False,anchored,2.0,790,345,445,790,345,445,0,0,0,0,0,0
2,1399018,Kristoffer Mørk,https://img.cuescore.com/image/f/4/f3c7243f5ff8a51409f2ac5c74f242b9.png?t=1526438897,https://cuescore.com/img/flags/png-country-4x2-none/res-640x480/no.png,441.48,441.56,2019-04-21,ostkanten,False,anchored,,37,20,17,0,0,0,37,20,17,0,0,0
2,1059772,Magnus Olaussen,https://img.cuescore.com/image/4/4/4fb99aadf4971c3fd491886f0a3f230c.png?t=1486541136,https://cuescore.com/img/flags/png-country-4x2-none/res-640x480/no.png,441.38,441.28,2017-10-23,obk,False,anchored,,71,31,40,71,31,40,0,0,0,0,0,0
2,19616722,Lobsang Thupten,https://img.cuescore.com/image/1/4/12db8ac2ac795425bd7b813c8236d9a0.png?t=1669638758,https://cuescore.com/img/flags/png-country-4x2-none/res-640x480/no.png,441.25,441.49,2026-09-20,ostkanten,False,anchored,230.0,1090,420,670,429,168,261,661,252,409,0,0,0
2,50993632,Kester Hvattum,https://img.cuescore.com/image/8/4/862c792ba8eb7f97e626fbe6cbcc59f6.png,https://cuescore.com/img/flags/png-country-4x2-none/res-640x480/cl.png,441.14,441.27,2026-06-08,obk,False,anchored,228.0,162,75,87,162,75,87,0,0,0,0,0,0
2,16282693,Mikko Virtanen,https://img.cuescore.com/image/f/4/fadf073f7c43822c35050de1bbaf1dbd.png?t=1664286566,https://cuescore.com/img/flags/png-country-4x2-none/res-640x480/no.png,440.94,441.12,2023-09-18,obk,False,anchored,145.0,54,29,25,54,29,25,0,0,0,0,0,0
2,1016581,Medi Asisi,https://img.cuescore.com/image/8/4/862c792ba8eb7f97e626fbe6cbcc59f6.png,https://cuescore.com/img/flags/png-country-4x2-none/res-640x480/no.png,440.81,,2026-10-07,obk,True,anchored,300.0,11,7,4,11,7,4,0,0,0,0,0,0
2,16259161,Anders Selland,https://img.cuescore.com/image/8/4/862c792ba8eb7f97e626fbe6cbcc59f6.png,https://cuescore.com/img/flags/png-country-4x2-none/res-640x480/no.png,440.31,440.41,2026-05-11,obk,False,anchored,319.0,26,12,14,10,2,8,16,10,6,0,0,0
2,7711996,Sami Elmers,https://img.cuescore.com/image/8/4/862c792ba8eb7f97e626fbe6cbcc59f6.png,https://cuescore.com/img/flags/png-country-4x2-none/res-640x480/no.png,440.13,440.2,2020-03-01,obk,False,anchored,,32,20,12,32,20,12,0,0,0,0,0,0
2,1006225,Espen Hauge,https://img.cuescore.com/image/4/4/439e444ed9697da9b51689e7d53506a4.png?t=1442096186,https://cuescore.com/img/flags/png-country-4x2-none/res-640x480/no.png,439.56,439.49,2024-04-13,obk,False,anchored,,48,15,33,48,15,33,0,0,0,0,0,0
2,60502477,Matteo Sevenius,https://img.cuescore.com/image/8/4/862c792ba8eb7f97e626fbe6cbcc59f6.png,https://cuescore.com/img/flags/png-country-4x2-none/res-640x480/no.png,438.99,439.06,2025-05-16,obk,False,anchored,1.0,17,9,8,17,9,8,0,0,0,0,0,0
2,10774063,Axel Mikhail Dalberg,https://img.cuescore.com/image/7/4/7184042b06619ed2c04b9912e7dd0d42.png?t=1647203908,https://cuescore.com/img/flags/png-country-4x2-none/res-640x480/no.png,438.92,439.1,2023-10-15,obk,False,anchored,43.0,56,24,32,19,7,12,37,17,20,0,0,0
2,1429285,Kristoffer Fjellstad,https://img.cuescore.com/image/8/4/862c792ba8eb7f97e626fbe6cbcc59f6.png,,438.34,438.4,2018-02-26,obk,False,anchored,,86,46,40,86,46,40,0,0,0,0,0,0
2,85493143,Christer Andre Nieuwlaat,https://img.cuescore.com/image/c/4/cdab88dacfca3c2f4784a9f3ad2642f5.png?t=1789636481,https://cuescore.com/img/flags/png-country-4x2-none/res-640x480/no.png,438.18,438.27,2026-08-23,ostkanten,False,anchored,,16,7,9,0,0,0,16,7,9,0,0,0
2,2251353,Mentor Nuredini,https://img.cuescore.com/image/e/4/e49824bb8f7622deac2c272313e0e71f.png?t=1521478610,,437.71,437.83,2025-02-17,obk,False,anchored,285.0,570,281,289,570,281,289,0,0,0,0,0,0
2,52390867,Emil Johannesen,https://img.cuescore.com/image/5/4/52a75d48a2bdd8a0c1fb5939915a00e0.png?t=1755506638,https://cuescore.com/img/flags/png-country-4x2-none/res-640x480/no.png,437.69,437.85,2026-07-20,obk,False,anchored,213.0,335,150,185,335,150,185,0,0,0,0,0,0
2,2037584,Rune Christoffer Berntsen,https://img.cuescore.com/image/7/4/7b3fb7cdae43734da700b1af46414924.png?t=1734893557,https://cuescore.com/img/flags/png-country-4x2-none/res-640x480/no.png,437.53,437.52,2022-07-11,ostkanten,False,anchored,2.0,18,9,9,0,0,0,18,9,9,0,0,0
2,30080695,Marek Zagrobelny,https://img.cuescore.com/image/2/4/25adc0a8bf6fdf8a122e9d00c2a5756f.png?t=1789108262,https://cuescore.com/img/flags/png-country-4x2-none/res-640x480/no.png,437.27,437.44,2025-07-19,obk,False,anchored,290.0,186,75,111,186,75,111,0,0,0,0,0,0
2,9264588,Marcin Lewicki,https://img.cuescore.com/image/f/4/f710226240876644cf99c119c0ac7eb6.png?t=1702229683,https://cuescore.com/img/flags/png-country-4x2-none/res-640x480/pl.png,437.18,437.3,2025-06-16,obk,False,anchored,425.0,18,11,7,18,11,7,0,0,0,0,0,0
2,2431085,Shakir,https://img.cuescore.com/image/8/4/862c792ba8eb7f97e626fbe6cbcc59f6.png,https://cuescore.com/img/flags/png-country-4x2-none/res-640x480/no.png,436.44,436.64,2018-05-21,obk,False,anchored,,96,52,44,96,52,44,0,0,0,0,0,0
2,2653483,Shakir Bajrami,https://img.cuescore.com/image/8/4/862c792ba8eb7f97e626fbe6cbcc59f6.png,https://cuescore.com/img/flags/png-country-4x2-none/res-640x480/no.png,436.24,436.37,2019-03-25,obk,False,anchored,,61,30,31,61,30,31,0,0,0,0,0,0
2,1695480,Korab Neziri,https://img.cuescore.com/image/d/4/dc4bd53747ad86393d2c78bd8920ab2f.png?t=1515349346,https://cuescore.com/img/flags/png-country-4x2-none/res-640x480/no.png,436.07,436.18,2023-04-09,ostkanten,False,anchored,251.0,38,17,21,38,17,21,0,0,0,0,0,0
2,2620565,Fadil,https://img.cuescore.com/image/8/4/862c792ba8eb7f97e626fbe6cbcc59f6.png,https://cuescore.com/img/flags/png-country-4x2-none/res-640x480/no.png,435.88,435.97,2019-02-25,obk,False,anchored,12.0,130,68,62,130,68,62,0,0,0,0,0,0
2,1006233,Eystein Gangfløt,https://img.cuescore.com/image/8/4/87424e99243c8e5efc81d0dbc1b80d56.png?t=1479306437,https://cuescore.com/img/flags/png-country-4x2-none/res-640x480/no.png,435.62,435.71,2024-12-28,obk,False,anchored,4.0,24,11,13,24,11,13,0,0,0,0,0,0
2,5195892,Atle Bjorland,https://img.cuescore.com/image/1/4/1084d2e04dfa035eed48523dc20bf8e6.png?t=1569589382,https://cuescore.com/img/flags/png-country-4x2-none/res-640x480/no.png,435.51,435.57,2025-11-02,ostkanten,False,anchored,,9,7,2,0,0,0,9,7,2,0,0,0
2,1031037,Sverre Kringler,https://img.cuescore.com/image/8/4/8e9ff4571fca48b3177926eed53cfab6.png?t=1744288534,https://cuescore.com/img/flags/png-country-4x2-none/res-640x480/no.png,435.26,435.77,2025-05-21,obk,False,anchored,372.0,35,14,21,35,14,21,0,0,0,0,0,0
2,3611862,Minh Cong Bui,https://img.cuescore.com/image/7/4/7c9208409708328f1778fbaaa4054f0a.png?t=1546946724,,435.19,435.29,2020-01-13,obk,False,anchored,,117,55,62,117,55,62,0,0,0,0,0,0
2,1006160,Audun Risan Heimsjø,https://img.cuescore.com/image/3/4/3ff58b19f52dfb1dbcde932fcf78b2be.png?t=1496737367,https://cuescore.com/img/flags/png-country-4x2-none/res-640x480/no.png,434.75,434.8,2024-09-11,obk,False,anchored,475.0,18,11,7,18,11,7,0,0,0,0,0,0
2,2827292,Simen Jøndal,https://img.cuescore.com/image/7/4/7d64592ad673139659a9a603a39a24f2.png?t=1768576519,https://cuescore.com/img/flags/png-country-4x2-none/res-640x480/no.png,434.12,434.25,2024-12-02,obk,False,anchored,200.0,1682,711,971,1662,706,956,20,5,15,0,0,0
2,12309862,Aleksander Gill,https://img.cuescore.com/image/e/4/ed76cc6e402e499af566548d336b831b.png?t=1676356905,https://cuescore.com/img/flags/png-country-4x2-none/res-640x480/no.png,433.94,434.01,2024-02-06,obk,False,anchored,,24,11,13,24,11,13,0,0,0,0,0,0
2,26698165,Jeff Hagen,https://img.cuescore.com/image/6/4/604b5b644e80e61bab39e5630066838d.png?t=1681852265,https://cuescore.com/img/flags/png-country-4x2-none/res-640x480/no.png,433.79,433.87,2025-04-14,obk,False,anchored,224.0,16,10,6,16,10,6,0,0,0,0,0,0
2,85089859,Stian Rekdal,https://img.cuescore.com/image/e/4/e6698add950ed5222f83224b6c2c6f09.png?t=1784585696,https://cuescore.com/img/flags/png-country-4x2-none/res-640x480/no.png,433.53,433.4,2026-09-30,obk,False,anchored,307.0,78,32,46,78,32,46,0,0,0,0,0,0
2,7194559,Corry Duel,https://img.cuescore.com/image/8/4/862c792ba8eb7f97e626fbe6cbcc59f6.png,https://cuescore.com/img/flags/png-country-4x2-none/res-640x480/us.png,433.39,433.21,2020-01-24,obk,False,anchored,,34,18,16,34,18,16,0,0,0,0,0,0
2,7980809,Jan Petter Svendsen,https://img.cuescore.com/image/8/4/8f0e38beb036675cec186173d4de58ce.png?t=1665154760,https://cuescore.com/img/flags/png-country-4x2-none/res-640x480/no.png,432.99,433.12,2024-12-04,obk,False,anchored,374.0,27,12,15,22,9,13,5,3,2,0,0,0
2,82125409,Ralfs Savielis,https://img.cuescore.com/image/9/4/960e417c3d38c2ed3b745266bf2f51ee.png?t=1789544638,https://cuescore.com/img/flags/png-country-4x2-none/res-640x480/lv.png,432.96,432.59,2026-10-05,obk,False,anchored,245.0,64,34,30,64,34,30,0,0,0,0,0,0
2,6550335,Usama Javed,https://img.cuescore.com/image/8/4/862c792ba8eb7f97e626fbe6cbcc59f6.png,https://cuescore.com/img/flags/png-country-4x2-none/res-640x480/no.png,432.89,432.96,2019-09-30,obk,False,anchored,,26,20,6,26,20,6,0,0,0,0,0,0
2,15015523,Vijay Jadhav,https://img.cuescore.com/image/e/4/e25c82ae33b057f692b5419d2d252c2d.png?t=1669719097,https://cuescore.com/img/flags/png-country-4x2-none/res-640x480/no.png,432.59,432.82,2023-04-17,obk,False,anchored,237.0,148,56,92,148,56,92,0,0,0,0,0,0
2,1006361,Lars-Harald Riiber,https://img.cuescore.com/image/8/4/871d2421fb7943ea0a3b27cf1f779042.png?t=1517485408,https://cuescore.com/img/flags/png-country-4x2-none/res-640x480/no.png,432.56,432.59,2024-04-13,obk,False,anchored,,19,12,7,19,12,7,0,0,0,0,0,0
2,21281635,Morten Sjø,https://img.cuescore.com/image/7/4/7ade1b79a40caa6fcb83395b0ed13335.png?t=1751123902,https://cuescore.com/img/flags/png-country-4x2-none/res-640x480/no.png,432.41,432.45,2024-09-15,ostkanten,False,anchored,,13,10,3,0,0,0,13,10,3,0,0,0
2,5493801,Rune Greaker,https://img.cuescore.com/image/8/4/862c792ba8eb7f97e626fbe6cbcc59f6.png,https://cuescore.com/img/flags/png-country-4x2-none/res-640x480/no.png,432.23,432.24,2019-06-04,obk,False,anchored,,31,16,15,31,16,15,0,0,0,0,0,0
2,59496361,Wojciech Wajda,https://img.cuescore.com/image/8/4/862c792ba8eb7f97e626fbe6cbcc59f6.png,https://cuescore.com/img/flags/png-country-4x2-none/res-640x480/no.png,432.19,432.49,2025-04-30,obk,False,anchored,225.0,25,12,13,25,12,13,0,0,0,0,0,0
2,31380109,Fabrizio Inga,https://img.cuescore.com/image/8/4/862c792ba8eb7f97e626fbe6cbcc59f6.png,https://cuescore.com/img/flags/png-country-4x2-none/res-640x480/it.png,432.16,432.17,2024-12-09,obk,False,anchored,,11,6,5,11,6,5,0,0,0,0,0,0
2,6100647,Konrad Juszczyszyn,https://img.cuescore.com/image/5/4/5d3ba91ada52036ad9ee70787250c694.png?t=1581325286,https://cuescore.com/img/flags/png-country-4x2-none/res-640x480/pl.png,431.99,431.46,2020-01-24,obk,False,anchored,0.0,47,16,31,47,16,31,0,0,0,0,0,0
2,2947251,Maria Torjussen,https://img.cuescore.com/image/2/4/25700506d70ae33852488e0707d9c8ea.png?t=1664988973,https://cuescore.com/img/flags/png-country-4x2-none/res-640x480/no.png,431.97,432.12,2019-01-07,obk,False,anchored,20.0,51,27,24,51,27,24,0,0,0,0,0,0
2,1006205,Egil Sørensen,https://img.cuescore.com/image/b/4/b8e1ee916aea2b4b216375692c774ce0.png?t=1683573922,https://cuescore.com/img/flags/png-country-4x2-none/res-640x480/no.png,431.95,432.01,2024-12-01,ostkanten,False,anchored,247.0,18,10,8,0,0,0,18,10,8,0,0,0
2,1006375,Maron Pettersen,https://img.cuescore.com/image/a/4/a5265b5827de36fe529be13b82677706.png?t=1732797096,https://cuescore.com/img/flags/png-country-4x2-none/res-640x480/no.png,431.56,431.66,2025-07-02,obk,False,anchored,325.0,25,8,17,25,8,17,0,0,0,0,0,0
2,1006415,Olav Skrudland,https://img.cuescore.com/image/f/4/ff6dafcbb081d49b36b68299d12e71a8.png?t=1471353653,https://cuescore.com/img/flags/png-country-4x2-none/res-640x480/no.png,431.13,431.1,2022-04-06,obk,False,anchored,88.0,29,14,15,29,14,15,0,0,0,0,0,0
2,3119948,Huan Bao Ngo,https://img.cuescore.com/image/d/4/d16efb250f548683c0ab94cc4ac2d001.png?t=1537802739,,431.11,431.27,2025-10-13,obk,False,anchored,159.0,455,242,213,455,242,213,0,0,0,0,0,0
2,58861579,Elēns Zommers,https://img.cuescore.com/image/0/4/0bb01ad06f3a3c29e04f62c1408b7183.png?t=1789908467,https://cuescore.com/img/flags/png-country-4x2-none/res-640x480/lv.png,431.01,431.1,2026-09-20,ostkanten,False,anchored,,46,18,28,0,0,0,46,18,28,0,0,0
2,4759047,Geir Anfinsen,https://img.cuescore.com/image/8/4/862c792ba8eb7f97e626fbe6cbcc59f6.png,https://cuescore.com/img/flags/png-country-4x2-none/res-640x480/no.png,430.95,431.06,2019-08-14,obk,False,anchored,,25,15,10,4,4,0,21,11,10,0,0,0
2,77931466,Aksel Nergaard,https://img.cuescore.com/image/8/4/862c792ba8eb7f97e626fbe6cbcc59f6.png,https://cuescore.com/img/flags/png-country-4x2-none/res-640x480/no.png,430.95,431.03,2026-03-06,obk,False,anchored,,26,14,12,26,14,12,0,0,0,0,0,0
2,1022965,Tommy Bakke,https://img.cuescore.com/image/3/4/3a932451afdf4d29cbb8d41a41fc1597.png?t=1507121479,https://cuescore.com/img/flags/png-country-4x2-none/res-640x480/no.png,430.8,430.86,2020-09-28,obk,False,anchored,38.0,271,109,162,271,109,162,0,0,0,0,0,0
2,9588856,Michel Mateos,https://img.cuescore.com/image/3/4/34b47ba4007296d7976cda0c6c46d9b6.png?t=1632317079,https://cuescore.com/img/flags/png-country-4x2-none/res-640x480/no.png,430.57,430.63,2026-07-06,obk,False,anchored,250.0,12,9,3,12,9,3,0,0,0,0,0,0
2,7114931,Håkon Haukebøe,https://img.cuescore.com/image/8/4/862c792ba8eb7f97e626fbe6cbcc59f6.png,https://cuescore.com/img/flags/png-country-4x2-none/res-640x480/no.png,430.32,430.36,2021-10-03,ostkanten,False,anchored,14.0,14,13,1,14,13,1,0,0,0,0,0,0
2,8976389,April Gonzales,https://img.cuescore.com/image/5/4/5aa6aa48f7d5ffe854d5266ac08db7ef.png,https://cuescore.com/img/flags/png-country-4x2-none/res-640x480/us.png,430.15,430.19,2026-06-15,obk,False,anchored,300.0,23,11,12,23,11,12,0,0,0,0,0,0
2,5769900,Joshua Filler,https://img.cuescore.com/image/7/4/727a969aac4916285acbbe864a35ddd6.png?t=1565270714,https://cuescore.com/img/flags/png-country-4x2-none/res-640x480/de.png,430.03,429.78,2020-01-24,obk,False,anchored,,36,20,16,36,20,16,0,0,0,0,0,0
2,5076344,Hamad Malik,https://img.cuescore.com/image/9/4/9ddf026a6a88add06763765c963d4325.png?t=1774097154,https://cuescore.com/img/flags/png-country-4x2-none/res-640x480/no.png,429.27,429.35,2024-12-18,obk,False,anchored,225.0,35,17,18,35,17,18,0,0,0,0,0,0
2,8306234,Frode Ellingsen,https://img.cuescore.com/image/8/4/862c792ba8eb7f97e626fbe6cbcc59f6.png,https://cuescore.com/img/flags/png-country-4x2-none/res-640x480/no.png,429.25,429.41,2022-04-04,obk,False,anchored,,100,45,55,100,45,55,0,0,0,0,0,0
2,1006371,Marius Fredriksen,https://img.cuescore.com/image/8/4/862c792ba8eb7f97e626fbe6cbcc59f6.png,https://cuescore.com/img/flags/png-country-4x2-none/res-640x480/no.png,429.1,429.14,2024-10-27,ostkanten,False,anchored,62.0,35,17,18,21,9,12,14,8,6,0,0,0
2,36694312,David Slacek,https://img.cuescore.com/image/4/4/4633eaec932cf53d307eabe602b3e5e5.png?t=1779136650,https://cuescore.com/img/flags/png-country-4x2-none/res-640x480/si.png,429.1,429.14,2026-06-15,obk,False,anchored,,8,6,2,8,6,2,0,0,0,0,0,0
2,2576372,Fadil Mustafa,https://img.cuescore.com/image/8/4/862c792ba8eb7f97e626fbe6cbcc59f6.png,https://cuescore.com/img/flags/png-country-4x2-none/res-640x480/no.png,428.83,428.93,2019-02-04,obk,False,anchored,,112,57,55,112,57,55,0,0,0,0,0,0
2,7287018,John Morra,https://img.cuescore.com/image/e/4/e4e020d6153d4052d34c4b72a24fe8d4.png?t=1664348311,https://cuescore.com/img/flags/png-country-4x2-none/res-640x480/ca.png,428.73,428.54,2020-01-24,obk,False,anchored,,39,19,20,39,19,20,0,0,0,0,0,0
2,18119206,Julia Babica,https://img.cuescore.com/image/3/4/3033210e2d6faf1e9a0c528e5ad90e47.png?t=1717433446,https://cuescore.com/img/flags/png-country-4x2-none/res-640x480/pl.png,427.7,427.73,2026-06-15,obk,False,anchored,450.0,8,5,3,8,5,3,0,0,0,0,0,0
2,1014095,Odd Sebastian Bobby Fischer,https://img.cuescore.com/image/b/4/b100d0bfe07f44b3d6b29348ff51e66e.png?t=1464035018,https://cuescore.com/img/flags/png-country-4x2-none/res-640x480/no.png,427.08,427.2,2023-01-30,obk,False,anchored,149.0,100,45,55,100,45,55,0,0,0,0,0,0
2,1038588,Lucas Baranji,https://img.cuescore.com/image/4/4/492e28c12d82364add542baf9eb296e7.png?t=1571323976,https://cuescore.com/img/flags/png-country-4x2-none/res-640x480/no.png,427.03,427.02,2026-06-08,obk,False,anchored,311.0,23,11,12,19,8,11,4,3,1,0,0,0
2,1006479,Sigurd Mølmann,https://img.cuescore.com/image/8/4/862c792ba8eb7f97e626fbe6cbcc59f6.png,https://cuescore.com/img/flags/png-country-4x2-none/res-640x480/no.png,426.79,426.84,2022-01-24,obk,False,anchored,45.0,20,13,7,20,13,7,0,0,0,0,0,0
2,4889376,Tayab Malik,https://img.cuescore.com/image/8/4/862c792ba8eb7f97e626fbe6cbcc59f6.png,https://cuescore.com/img/flags/png-country-4x2-none/res-640x480/no.png,426.75,426.86,2020-09-07,obk,False,anchored,20.0,87,41,46,87,41,46,0,0,0,0,0,0
2,4989992,Ronny Andresen,https://img.cuescore.com/image/8/4/862c792ba8eb7f97e626fbe6cbcc59f6.png,https://cuescore.com/img/flags/png-country-4x2-none/res-640x480/no.png,426.6,426.65,2019-03-18,obk,False,anchored,28.0,27,17,10,27,17,10,0,0,0,0,0,0
2,34163575,Brahim Sandli,https://img.cuescore.com/image/d/4/d85bf34caa687e73bcc66223bf021a3d.png?t=1718494782,https://cuescore.com/img/flags/png-country-4x2-none/res-640x480/no.png,426.41,426.53,2026-03-30,obk,False,anchored,217.0,97,49,48,97,49,48,0,0,0,0,0,0
2,53060527,Mazen AlAli,https://img.cuescore.com/image/5/4/5a34023dbc577ba79795ead1e76ce139.png?t=1767610532,https://cuescore.com/img/flags/png-country-4x2-none/res-640x480/jo.png,426.24,426.41,2026-10-05,obk,False,anchored,232.0,304,138,166,304,138,166,0,0,0,0,0,0
2,1006270,Henrik Flatås,https://img.cuescore.com/image/3/4/345849b33541265b683ad9709a316301.png?t=1478100993,https://cuescore.com/img/flags/png-country-4x2-none/res-640x480/no.png,426.24,426.29,2022-07-10,ostkanten,False,anchored,3.0,25,12,13,0,0,0,25,12,13,0,0,0
2,1095734,William Viitanen,https://img.cuescore.com/image/1/4/1a54a71ae6c394ef081948f784f4e5d2.png?t=1764757451,https://cuescore.com/img/flags/png-country-4x2-none/res-640x480/se.png,426.22,426.27,2020-01-30,obk,False,anchored,0.0,32,11,21,32,11,21,0,0,0,0,0,0
2,1042164,Lars-Gøran Engerdahl,https://img.cuescore.com/image/e/4/e7a6394056269a71ca2b9ef2f87b98c7.png?t=1458164127,https://cuescore.com/img/flags/png-country-4x2-none/res-640x480/no.png,426.05,426.02,2024-04-13,obk,False,anchored,,14,6,8,14,6,8,0,0,0,0,0,0
2,48190969,Rune Vestøl,https://img.cuescore.com/image/2/4/20307d80110242ac84057819d2032d76.png?t=1786342004,https://cuescore.com/img/flags/png-country-4x2-none/res-640x480/no.png,425.79,425.04,2025-07-03,obk,False,anchored,275.0,28,8,20,28,8,20,0,0,0,0,0,0
2,2085431,Andreas Gerwen,https://img.cuescore.com/image/8/4/862c792ba8eb7f97e626fbe6cbcc59f6.png,https://cuescore.com/img/flags/png-country-4x2-none/res-640x480/se.png,425.44,425.46,2018-02-01,obk,False,anchored,0.0,30,12,18,30,12,18,0,0,0,0,0,0
2,3256681,Alex Hoang Hai Nguyen,https://img.cuescore.com/image/2/4/2eaf6f032dec3b757ed8638af957f017.png?t=1673600265,https://cuescore.com/img/flags/png-country-4x2-none/res-640x480/no.png,425.2,425.3,2020-02-03,obk,False,anchored,,253,126,127,253,126,127,0,0,0,0,0,0
2,2057268,Øyvind Stenhaug,https://img.cuescore.com/image/8/4/862c792ba8eb7f97e626fbe6cbcc59f6.png,https://cuescore.com/img/flags/png-country-4x2-none/res-640x480/no.png,425.15,425.26,2020-01-06,obk,False,anchored,,157,71,86,157,71,86,0,0,0,0,0,0
2,3543748,Thong Trong Ho,https://img.cuescore.com/image/5/4/51feb0eff159a7e27af163612fabba7e.png?t=1545065304,,424.59,424.66,2020-02-03,obk,False,anchored,,224,104,120,224,104,120,0,0,0,0,0,0
2,54046015,Cvetko Vega,https://img.cuescore.com/image/3/4/34604240a143f85f0680703edbd4d003.png?t=1737301629,https://cuescore.com/img/flags/png-country-4x2-none/res-640x480/si.png,424.53,424.55,2026-06-15,obk,False,anchored,350.0,18,10,8,18,10,8,0,0,0,0,0,0
2,81875407,Sa-Lee Suwannachuen,https://img.cuescore.com/image/c/4/c9b43da7930ad91609c54ea96ca0b8a7.png?t=1787433055,https://cuescore.com/img/flags/png-country-4x2-none/res-640x480/th.png,424.37,424.57,2026-06-03,obk,False,anchored,278.0,58,20,38,58,20,38,0,0,0,0,0,0
2,2357139,Aaron Rossel,https://img.cuescore.com/image/8/4/862c792ba8eb7f97e626fbe6cbcc59f6.png,https://cuescore.com/img/flags/png-country-4x2-none/res-640x480/no.png,424.28,424.35,2018-04-23,obk,False,anchored,,40,20,20,40,20,20,0,0,0,0,0,0
2,3545840,Ben Litvak,https://img.cuescore.com/image/4/4/4482a4f9a73c7871fb28e28b8a2b5c13.png?t=1545295580,https://cuescore.com/img/flags/png-country-4x2-none/res-640x480/us.png,424.08,424.12,2018-03-12,obk,False,anchored,,24,17,7,24,17,7,0,0,0,0,0,0
2,1105066,Shane Van Boening,https://img.cuescore.com/image/a/4/a65585e2b6368e8c4d20934f24027faa.png?t=1631722547,https://cuescore.com/img/flags/png-country-4x2-none/res-640x480/us.png,423.76,423.66,2020-01-24,obk,False,anchored,,36,20,16,36,20,16,0,0,0,0,0,0
2,2314015,Morgan Palmborg,https://img.cuescore.com/image/e/4/e90086d984eef5dddcb03a2fdfc525d3.png?t=1626005937,https://cuescore.com/img/flags/png-country-4x2-none/res-640x480/se.png,423.61,423.64,2021-07-24,obk,False,anchored,,21,13,8,21,13,8,0,0,0,0,0,0
2,2431086,Adil,https://img.cuescore.com/image/8/4/862c792ba8eb7f97e626fbe6cbcc59f6.png,https://cuescore.com/img/flags/png-country-4x2-none/res-640x480/no.png,423.58,423.74,2018-12-10,obk,False,anchored,,88,42,46,88,42,46,0,0,0,0,0,0
2,2085368,Bård Onsum,https://img.cuescore.com/image/8/4/862c792ba8eb7f97e626fbe6cbcc59f6.png,https://cuescore.com/img/flags/png-country-4x2-none/res-640x480/no.png,423.52,423.57,2020-08-21,ostkanten,False,anchored,,20,11,9,0,0,0,20,11,9,0,0,0
2,1034683,Matias Nilsen,https://img.cuescore.com/image/8/4/862c792ba8eb7f97e626fbe6cbcc59f6.png,,423.05,423.14,2020-03-02,obk,False,anchored,,24,16,8,24,16,8,0,0,0,0,0,0
2,20183539,Casper Herland Aralden,https://img.cuescore.com/image/d/4/d22ef02969d25f8070373e1312c4804e.png?t=1773679112,https://cuescore.com/img/flags/png-country-4x2-none/res-640x480/no.png,423.04,423.07,2026-06-15,obk,False,anchored,,15,8,7,15,8,7,0,0,0,0,0,0
2,1161937,Ivo Aarts,https://img.cuescore.com/image/d/4/dc936c1a36d05be9bb8dacb7f22a7ecc.png?t=1709642783,https://cuescore.com/img/flags/png-country-4x2-none/res-640x480/nl.png,423.03,422.93,2019-06-19,obk,False,anchored,121.0,16,10,6,16,10,6,0,0,0,0,0,0
2,19663153,Katrine Salomonsen,https://img.cuescore.com/image/5/4/5aa6aa48f7d5ffe854d5266ac08db7ef.png,https://cuescore.com/img/flags/png-country-4x2-none/res-640x480/no.png,423.01,423.05,2022-10-22,obk,False,anchored,,15,11,4,15,11,4,0,0,0,0,0,0
2,7711995,Jan P Elmers,https://img.cuescore.com/image/8/4/862c792ba8eb7f97e626fbe6cbcc59f6.png,https://cuescore.com/img/flags/png-country-4x2-none/res-640x480/no.png,422.84,422.9,2020-03-01,obk,False,anchored,,35,18,17,35,18,17,0,0,0,0,0,0
2,2021922,Matej Brajkovič,https://img.cuescore.com/image/b/4/b95d43ec06db0e1b8d06a7a4a8b1e89d.png?t=1524081986,https://cuescore.com/img/flags/png-country-4x2-none/res-640x480/si.png,422.76,422.78,2026-06-15,obk,False,anchored,,8,5,3,8,5,3,0,0,0,0,0,0
2,52796236,Maija Uleberg,https://img.cuescore.com/image/5/4/5aa6aa48f7d5ffe854d5266ac08db7ef.png,https://cuescore.com/img/flags/png-country-4x2-none/res-640x480/no.png,422.02,422.06,2024-12-12,obk,False,anchored,,13,9,4,13,9,4,0,0,0,0,0,0
2,78617272,Harald Fjeldberg,https://img.cuescore.com/image/c/4/c0e2cb07f45d9955efda470c7d670255.png?t=1788242445,https://cuescore.com/img/flags/png-country-4x2-none/res-640x480/no.png,421.43,420.73,2026-09-13,ostkanten,False,anchored,225.0,29,13,16,16,9,7,13,4,9,0,0,0
2,6085717,Jyri Halttu,https://img.cuescore.com/image/4/4/429112dcc15a018c19d89a175191c56e.png?t=1732098099,https://cuescore.com/img/flags/png-country-4x2-none/res-640x480/se.png,421.03,421.06,2020-01-30,obk,False,anchored,0.0,31,10,21,31,10,21,0,0,0,0,0,0
2,3012666,Eirik Sandaaker,https://img.cuescore.com/image/3/4/361508a21a4d356b9a636c2744dbff2c.png?t=1572096861,https://cuescore.com/img/flags/png-country-4x2-none/res-640x480/no.png,420.69,420.86,2025-11-23,ostkanten,False,anchored,213.0,488,221,267,471,216,255,17,5,12,0,0,0
2,3613617,Vito Antonio Palmisano,https://img.cuescore.com/image/8/4/862c792ba8eb7f97e626fbe6cbcc59f6.png,https://cuescore.com/img/flags/png-country-4x2-none/res-640x480/it.png,420.52,420.54,2020-03-02,obk,False,anchored,,20,15,5,20,15,5,0,0,0,0,0,0
2,1006320,Jørgen Nilsen,https://img.cuescore.com/image/8/4/88516303c0e5775351cc2a7ca41bb761.png?t=1516173669,https://cuescore.com/img/flags/png-country-4x2-none/res-640x480/no.png,420.42,420.5,2025-03-15,obk,False,anchored,0.0,23,13,10,23,13,10,0,0,0,0,0,0
2,2947262,Christian Lothar Ruiz,https://img.cuescore.com/image/c/4/ce6981da8508a5d3d8922c214d2bb391.png?t=1664138195,https://cuescore.com/img/flags/png-country-4x2-none/res-640x480/ph.png,420.12,420.13,2026-05-04,obk,False,anchored,213.0,228,104,124,228,104,124,0,0,0,0,0,0
2,2080241,Michel Mateos,https://img.cuescore.com/image/8/4/862c792ba8eb7f97e626fbe6cbcc59f6.png,https://cuescore.com/img/flags/png-country-4x2-none/res-640x480/no.png,420.07,420.14,2020-02-17,obk,False,anchored,,26,17,9,26,17,9,0,0,0,0,0,0
2,8970047,Ante Petricevic,https://img.cuescore.com/image/8/4/8c796448c67168a4d919f058a2300b29.png?t=1770645249,https://cuescore.com/img/flags/png-country-4x2-none/res-640x480/hr.png,419.48,419.4,2026-09-30,obk,False,anchored,219.0,274,90,184,212,66,146,62,24,38,0,0,0
2,1006386,Matias Sætre,https://img.cuescore.com/image/8/4/89bb305c4b9e9c632112f8f8d48f580f.png?t=1547705914,https://cuescore.com/img/flags/png-country-4x2-none/res-640x480/no.png,419.41,419.24,2019-08-30,obk,False,anchored,0.0,34,12,22,34,12,22,0,0,0,0,0,0
2,34802578,Anders Valde,https://img.cuescore.com/image/8/4/862c792ba8eb7f97e626fbe6cbcc59f6.png,https://cuescore.com/img/flags/png-country-4x2-none/res-640x480/no.png,419.39,419.43,2023-12-04,obk,False,anchored,225.0,23,11,12,23,11,12,0,0,0,0,0,0
2,58087078,Bias Hagen,https://img.cuescore.com/image/a/4/a8c9efd37c0856ef290ef9d8b121ed1d.png?t=1769242077,https://cuescore.com/img/flags/png-country-4x2-none/res-640x480/no.png,419.02,419.09,2026-01-28,obk,False,anchored,272.0,23,9,14,23,9,14,0,0,0,0,0,0
2,2923223,Christian Lothar Ruiz,https://img.cuescore.com/image/8/4/862c792ba8eb7f97e626fbe6cbcc59f6.png,https://cuescore.com/img/flags/png-country-4x2-none/res-640x480/no.png,419.0,419.15,2019-11-25,obk,False,anchored,,80,37,43,80,37,43,0,0,0,0,0,0
2,1006246,Gavin Powell,https://img.cuescore.com/image/e/4/e45257193ca34ce64b93fdbfd60dbee3.png?t=1515498618,https://cuescore.com/img/flags/png-country-4x2-none/res-640x480/gb-wls.png,418.87,418.9,2021-08-07,obk,False,anchored,0.0,20,6,14,20,6,14,0,0,0,0,0,0
2,1384637,Jesper Slanti,https://img.cuescore.com/image/8/4/8eadc9798eddf1b4acaa0a2769bacb1f.png?t=1779064358,https://cuescore.com/img/flags/png-country-4x2-none/res-640x480/no.png,418.79,418.87,2024-05-14,obk,False,anchored,20.0,27,14,13,14,8,6,13,6,7,0,0,0
2,1014552,Baard Onsum,https://img.cuescore.com/image/a/4/a8f46313916ef2e38c55f16039e97450.png?t=1442448508,https://cuescore.com/img/flags/png-country-4x2-none/res-640x480/no.png,418.71,418.86,2023-12-29,ostkanten,False,anchored,1.0,135,51,84,91,43,48,44,8,36,0,0,0
2,9293059,Daniel Michalsen,https://img.cuescore.com/image/1/4/1027ed2d60180ee92fbd16e8cf9d3412.png?t=1645889072,https://cuescore.com/img/flags/png-country-4x2-none/res-640x480/no.png,418.41,418.44,2023-02-05,ostkanten,False,anchored,,6,6,0,0,0,0,6,6,0,0,0,0
2,1006302,Jo Bjørnstad,https://img.cuescore.com/image/b/4/be02e2a0818d00d7c02cd37ef62e28eb.png?t=1643559237,https://cuescore.com/img/flags/png-country-4x2-none/res-640x480/no.png,418.33,418.24,2024-04-13,obk,False,anchored,,16,8,8,16,8,8,0,0,0,0,0,0
2,2167690,Iselin Masternes,https://img.cuescore.com/image/e/4/e6bc2ecc2fd23a48d7ddf400ca5b2a85.png?t=1700074270,https://cuescore.com/img/flags/png-country-4x2-none/res-640x480/no.png,418.29,418.42,2025-03-26,obk,False,anchored,179.0,820,382,438,820,382,438,0,0,0,0,0,0
2,4765825,Knut Holm,https://img.cuescore.com/image/8/4/862c792ba8eb7f97e626fbe6cbcc59f6.png,https://cuescore.com/img/flags/png-country-4x2-none/res-640x480/no.png,418.15,418.2,2020-02-03,obk,False,anchored,,23,13,10,23,13,10,0,0,0,0,0,0
2,2828304,Robin Nordbøen,https://img.cuescore.com/image/0/4/03eec035966868636af49ea5563752f5.png?t=1687895124,https://cuescore.com/img/flags/png-country-4x2-none/res-640x480/no.png,418.1,418.14,2025-04-13,ostkanten,False,anchored,60.0,30,15,15,30,15,15,0,0,0,0,0,0
2,10651267,Marcin Góra,https://img.cuescore.com/image/a/4/a8dc68e40105eb6e5fddc4fc7acf6436.png?t=1711224948,https://cuescore.com/img/flags/png-country-4x2-none/res-640x480/no.png,418.1,418.13,2026-06-15,obk,False,anchored,,16,7,9,16,7,9,0,0,0,0,0,0
2,2084043,Mahmut Mutto,https://img.cuescore.com/image/a/4/aca65f40e1adc3286188e4cb430c07bc.png?t=1741411165,https://cuescore.com/img/flags/png-country-4x2-none/res-640x480/se.png,418.06,418.08,2020-01-30,obk,False,anchored,0.0,28,10,18,28,10,18,0,0,0,0,0,0
2,1097384,Raymond Hauge,https://img.cuescore.com/image/e/4/e3595fd0b4106f80ead6c38d51c219dc.png?t=1778178582,https://cuescore.com/img/flags/png-country-4x2-none/res-640x480/no.png,418.06,418.07,2025-03-03,obk,False,anchored,,8,4,4,8,4,4,0,0,0,0,0,0
2,12348598,Runar Leiren,https://img.cuescore.com/image/8/4/862c792ba8eb7f97e626fbe6cbcc59f6.png,https://cuescore.com/img/flags/png-country-4x2-none/res-640x480/no.png,418.04,418.08,2022-01-31,obk,False,anchored,,22,13,9,22,13,9,0,0,0,0,0,0
2,1081624,Jan SuperMario Johansen,https://img.cuescore.com/image/f/4/f53f13111b19543cd96b91003631d65e.png?t=1646213481,https://cuescore.com/img/flags/png-country-4x2-none/res-640x480/no.png,417.54,417.57,2022-03-16,obk,False,anchored,,9,5,4,9,5,4,0,0,0,0,0,0
2,21247174,Iris Eijmberts,https://img.cuescore.com/image/8/4/860c958e81ab89f3126206831816b542.png?t=1761472843,https://cuescore.com/img/flags/png-country-4x2-none/res-640x480/nl.png,417.37,417.41,2026-06-15,obk,False,anchored,,13,7,6,13,7,6,0,0,0,0,0,0
2,8329325,Frode Ellingsen,https://img.cuescore.com/image/b/4/b824a9445cc26ad115a8c325d41f0dd9.png?t=1651306825,https://cuescore.com/img/flags/png-country-4x2-none/res-640x480/no.png,416.21,416.25,2022-10-31,obk,False,anchored,175.0,23,12,11,23,12,11,0,0,0,0,0,0
2,6907086,Elens Zommers,https://img.cuescore.com/image/8/4/862c792ba8eb7f97e626fbe6cbcc59f6.png,https://cuescore.com/img/flags/png-country-4x2-none/res-640x480/no.png,415.94,415.97,2026-04-26,ostkanten,False,anchored,1.0,31,11,20,14,6,8,17,5,12,0,0,0
2,3375253,Elvis Miglans,https://img.cuescore.com/image/0/4/02db2ff0e81064d8489a026214fd2d88.png?t=1663498762,https://cuescore.com/img/flags/png-country-4x2-none/res-640x480/se.png,415.91,415.93,2021-07-24,obk,False,anchored,,16,11,5,16,11,5,0,0,0,0,0,0
2,16253185,Frank Svorkmo,https://img.cuescore.com/image/8/4/862c792ba8eb7f97e626fbe6cbcc59f6.png,https://cuescore.com/img/flags/png-country-4x2-none/res-640x480/no.png,415.87,415.92,2023-05-07,ostkanten,False,anchored,3.0,9,5,4,0,0,0,9,5,4,0,0,0
2,67010161,Valtteri Vaherto,https://img.cuescore.com/image/2/4/24d23e3d45b5df4600cdbaf9eb3f3ff7.png?t=1761576522,https://cuescore.com/img/flags/png-country-4x2-none/res-640x480/fi.png,415.82,415.86,2026-06-15,obk,False,anchored,,10,5,5,10,5,5,0,0,0,0,0,0
2,1006203,Edwin Ingebrigtsen,https://img.cuescore.com/image/4/4/4311efb130d377e75e15b5b6c689c2fb.png?t=1603618955,https://cuescore.com/img/flags/png-country-4x2-none/res-640x480/no.png,415.76,415.8,2024-04-13,obk,False,anchored,60.0,10,4,6,10,4,6,0,0,0,0,0,0
2,3611014,Terje Blegen,https://img.cuescore.com/image/3/4/3d07244e8328f1ab12c7cf6e0118b055.png?t=1547390981,https://cuescore.com/img/flags/png-country-4x2-none/res-640x480/no.png,415.74,415.85,2025-11-23,ostkanten,False,anchored,,20,8,12,0,0,0,20,8,12,0,0,0
2,3439621,Qani Rahimi,https://img.cuescore.com/image/8/4/862c792ba8eb7f97e626fbe6cbcc59f6.png,https://cuescore.com/img/flags/png-country-4x2-none/res-640x480/no.png,415.64,415.86,2019-02-25,obk,False,anchored,,52,27,25,52,27,25,0,0,0,0,0,0
2,1006493,Steinar Moe,https://img.cuescore.com/image/6/4/67ad3957a9f3dae3e7fb06ac0aee70e3.png?t=1643995538,https://cuescore.com/img/flags/png-country-4x2-none/res-640x480/no.png,414.96,414.99,2022-07-10,ostkanten,False,anchored,5.0,27,10,17,0,0,0,27,10,17,0,0,0
2,2140722,Mats Larsen,https://img.cuescore.com/image/8/4/862c792ba8eb7f97e626fbe6cbcc59f6.png,https://cuescore.com/img/flags/png-country-4x2-none/res-640x480/no.png,414.94,415.04,2018-12-10,obk,False,anchored,,173,85,88,173,85,88,0,0,0,0,0,0
2,1957536,Sebastian Yet,https://img.cuescore.com/image/c/4/c67d8fc5203e9222da435c18983e72fe.png?t=1510592641,,414.74,414.79,2018-03-12,obk,False,anchored,,59,26,33,59,26,33,0,0,0,0,0,0
2,11386969,Magnus Saltnessand,https://img.cuescore.com/image/8/4/862c792ba8eb7f97e626fbe6cbcc59f6.png,https://cuescore.com/img/flags/png-country-4x2-none/res-640x480/no.png,414.59,414.61,2026-03-21,obk,False,anchored,,5,3,2,5,3,2,0,0,0,0,0,0
2,4762948,Drilon Disha,https://img.cuescore.com/image/5/4/5ba95bf50f144f7e62bfa9744f546f27.png?t=1549903644,,414.45,414.47,2019-02-11,obk,False,anchored,,33,15,18,33,15,18,0,0,0,0,0,0
2,42294214,Marius Mikk,https://img.cuescore.com/image/8/4/862c792ba8eb7f97e626fbe6cbcc59f6.png,https://cuescore.com/img/flags/png-country-4x2-none/res-640x480/no.png,414.29,414.31,2024-04-27,obk,False,anchored,,4,4,0,4,4,0,0,0,0,0,0,0
2,49471744,Nikola Ljusic,https://img.cuescore.com/image/8/4/862c792ba8eb7f97e626fbe6cbcc59f6.png,https://cuescore.com/img/flags/png-country-4x2-none/res-640x480/no.png,413.73,413.94,2025-06-30,obk,False,anchored,204.0,16,6,10,16,6,10,0,0,0,0,0,0
2,2049369,Mickey Krause,https://img.cuescore.com/image/3/4/39758b4ef4170280206fa2dd84185a2c.png?t=1522751763,https://cuescore.com/img/flags/png-country-4x2-none/res-640x480/dk.png,413.47,413.47,2022-12-30,obk,False,anchored,1.0,18,7,11,18,7,11,0,0,0,0,0,0
2,1013249,Jan Verner Bjørklund,https://img.cuescore.com/image/e/4/e46eeccaa24caaf1350bb8219f83d268.png?t=1441950120,https://cuescore.com/img/flags/png-country-4x2-none/res-640x480/no.png,413.29,413.33,2020-06-06,obk,False,anchored,3.0,27,13,14,27,13,14,0,0,0,0,0,0
2,13294528,Carsten Westberg,https://img.cuescore.com/image/b/4/baf55504824a0b57f8f9e179dc10a201.png?t=1645187883,https://cuescore.com/img/flags/png-country-4x2-none/res-640x480/no.png,413.15,413.18,2024-02-06,obk,False,anchored,,22,11,11,22,11,11,0,0,0,0,0,0
2,7100105,Filip,https://img.cuescore.com/image/8/4/862c792ba8eb7f97e626fbe6cbcc59f6.png,https://cuescore.com/img/flags/png-country-4x2-none/res-640x480/no.png,413.14,413.18,2020-03-09,obk,False,anchored,,39,19,20,39,19,20,0,0,0,0,0,0
2,1295268,Line Kjørsvik,https://img.cuescore.com/image/e/4/e57b8883b2bac653a12b10efad714aae.png?t=1572094810,https://cuescore.com/img/flags/png-country-4x2-none/res-640x480/no.png,413.04,413.07,2022-05-28,obk,False,anchored,,12,8,4,12,8,4,0,0,0,0,0,0
2,28669342,EM Thai,https://img.cuescore.com/image/8/4/862c792ba8eb7f97e626fbe6cbcc59f6.png,https://cuescore.com/img/flags/png-country-4x2-none/res-640x480/th.png,412.96,412.99,2026-06-15,obk,False,anchored,,12,6,6,12,6,6,0,0,0,0,0,0
2,5145209,Frode Lystad,https://img.cuescore.com/image/3/4/3211b5a9e406c00f7f207fb76980e0f5.png?t=1729016700,https://cuescore.com/img/flags/png-country-4x2-none/res-640x480/no.png,412.58,412.63,2024-07-06,obk,False,anchored,,25,10,15,25,10,15,0,0,0,0,0,0
2,5528057,Stelios,https://img.cuescore.com/image/8/4/862c792ba8eb7f97e626fbe6cbcc59f6.png,https://cuescore.com/img/flags/png-country-4x2-none/res-640x480/no.png,412.58,412.61,2020-02-17,obk,False,anchored,,31,17,14,31,17,14,0,0,0,0,0,0
2,1944604,Antonio De La Garza,https://img.cuescore.com/image/8/4/862c792ba8eb7f97e626fbe6cbcc59f6.png,https://cuescore.com/img/flags/png-country-4x2-none/res-640x480/no.png,412.49,412.47,2018-03-05,obk,False,anchored,,31,13,18,31,13,18,0,0,0,0,0,0
2,67477936,Theodor Brekke-Hongset,https://img.cuescore.com/image/8/4/862c792ba8eb7f97e626fbe6cbcc59f6.png,https://cuescore.com/img/flags/png-country-4x2-none/res-640x480/no.png,412.23,412.15,2025-09-24,obk,False,anchored,175.0,36,15,21,36,15,21,0,0,0,0,0,0
2,1281902,Bjørn Edvardsen,https://img.cuescore.com/image/8/4/862c792ba8eb7f97e626fbe6cbcc59f6.png,https://cuescore.com/img/flags/png-country-4x2-none/res-640x480/no.png,412.15,412.17,2017-01-04,obk,False,anchored,,22,12,10,22,12,10,0,0,0,0,0,0
2,2945676,Christoffer Hansen,https://img.cuescore.com/image/1/4/19be74237a23ce3f5268931c38073953.png?t=1541014232,https://cuescore.com/img/flags/png-country-4x2-none/res-640x480/no.png,411.86,411.88,2021-10-17,ostkanten,False,anchored,,15,9,6,0,0,0,15,9,6,0,0,0
2,19663147,Elin Evensen,https://img.cuescore.com/image/5/4/5aa6aa48f7d5ffe854d5266ac08db7ef.png,https://cuescore.com/img/flags/png-country-4x2-none/res-640x480/no.png,411.86,411.9,2022-10-22,obk,False,anchored,,21,12,9,21,12,9,0,0,0,0,0,0
2,72868804,Sander Naas-Mælen,https://img.cuescore.com/image/8/4/862c792ba8eb7f97e626fbe6cbcc59f6.png,https://cuescore.com/img/flags/png-country-4x2-none/res-640x480/no.png,411.79,411.97,2026-10-05,obk,False,anchored,244.0,557,224,333,557,224,333,0,0,0,0,0,0
2,26613781,Patrick Kilman,https://img.cuescore.com/image/f/4/f81a347da33f5ce48b5b4b1fb2380718.png?t=1681463828,https://cuescore.com/img/flags/png-country-4x2-none/res-640x480/se.png,411.71,411.73,2025-01-27,obk,False,anchored,,9,4,5,9,4,5,0,0,0,0,0,0
2,7654573,Sam Musallam Burnieh,https://img.cuescore.com/image/8/4/862c792ba8eb7f97e626fbe6cbcc59f6.png,https://cuescore.com/img/flags/png-country-4x2-none/res-640x480/no.png,411.61,411.62,2020-03-02,obk,False,anchored,,21,13,8,21,13,8,0,0,0,0,0,0
2,1537965,Lukas Andersson,https://img.cuescore.com/image/2/4/2312c1d26620e1bc0f2972cb83a20fe5.png?t=1700153031,https://cuescore.com/img/flags/png-country-4x2-none/res-640x480/se.png,411.53,411.54,2018-02-01,obk,False,anchored,0.0,27,9,18,27,9,18,0,0,0,0,0,0
2,6736102,Jóhann Marel Viðarsson,https://img.cuescore.com/image/2/4/224a57fe8f232448d815605bdfa45e24.png?t=1572289483,https://cuescore.com/img/flags/png-country-4x2-none/res-640x480/is.png,411.3,411.31,2022-09-18,ostkanten,False,anchored,525.0,16,8,8,0,0,0,16,8,8,0,0,0
2,3635527,Per Ståle,https://img.cuescore.com/image/8/4/862c792ba8eb7f97e626fbe6cbcc59f6.png,https://cuescore.com/img/flags/png-country-4x2-none/res-640x480/no.png,411.26,411.28,2019-01-14,obk,False,anchored,,29,15,14,29,15,14,0,0,0,0,0,0
2,12348586,Runar Leiren,https://img.cuescore.com/image/e/4/ea34dfe9a3584f25612c048954a56661.png?t=1663603227,https://cuescore.com/img/flags/png-country-4x2-none/res-640x480/no.png,411.18,411.08,2026-10-05,obk,False,anchored,193.0,285,143,142,285,143,142,0,0,0,0,0,0
2,1996345,Asgeir Elingsgård,https://img.cuescore.com/image/8/4/862c792ba8eb7f97e626fbe6cbcc59f6.png,https://cuescore.com/img/flags/png-country-4x2-none/res-640x480/no.png,411.08,411.1,2017-12-03,ostkanten,False,anchored,,33,13,20,0,0,0,33,13,20,0,0,0
2,15015007,Nikola Tadijanović,https://img.cuescore.com/image/2/4/2f1a2daecdffaa6d63b4843c739b07bf.png?t=1650726826,https://cuescore.com/img/flags/png-country-4x2-none/res-640x480/hr.png,410.92,410.95,2025-01-19,ostkanten,False,anchored,225.0,27,13,14,25,13,12,2,0,2,0,0,0
2,16820812,Remi Johnsen,https://img.cuescore.com/image/0/4/0b01457fa7ee5b82666a17eda498918a.png?t=1730975709,https://cuescore.com/img/flags/png-country-4x2-none/res-640x480/no.png,410.88,410.89,2026-06-15,obk,False,anchored,,7,4,3,7,4,3,0,0,0,0,0,0
2,1944588,Drilon Disha,https://img.cuescore.com/image/8/4/862c792ba8eb7f97e626fbe6cbcc59f6.png,https://cuescore.com/img/flags/png-country-4x2-none/res-640x480/no.png,410.85,410.96,2018-03-19,obk,False,anchored,,46,21,25,46,21,25,0,0,0,0,0,0
2,1944513,Harald Helberg,https://img.cuescore.com/image/8/4/862c792ba8eb7f97e626fbe6cbcc59f6.png,https://cuescore.com/img/flags/png-country-4x2-none/res-640x480/no.png,410.85,410.89,2017-11-05,ostkanten,False,anchored,,25,11,14,0,0,0,25,11,14,0,0,0
2,69871786,Tito Hansen,https://img.cuescore.com/image/8/4/862c792ba8eb7f97e626fbe6cbcc59f6.png,https://cuescore.com/img/flags/png-country-4x2-none/res-640x480/no.png,410.79,410.83,2025-10-06,obk,False,anchored,175.0,15,8,7,15,8,7,0,0,0,0,0,0
2,19571821,Erik Sørensen,https://img.cuescore.com/image/8/4/862c792ba8eb7f97e626fbe6cbcc59f6.png,https://cuescore.com/img/flags/png-country-4x2-none/res-640x480/no.png,410.77,410.8,2023-12-11,obk,False,anchored,151.0,17,8,9,17,8,9,0,0,0,0,0,0
2,1751833,Carlton Ford,https://img.cuescore.com/image/8/4/862c792ba8eb7f97e626fbe6cbcc59f6.png,https://cuescore.com/img/flags/png-country-4x2-none/res-640x480/us.png,410.73,410.88,2019-10-28,obk,False,anchored,,70,34,36,70,34,36,0,0,0,0,0,0
2,2890761,Yanan,https://img.cuescore.com/image/5/4/5aa6aa48f7d5ffe854d5266ac08db7ef.png,https://cuescore.com/img/flags/png-country-4x2-none/res-640x480/no.png,410.7,410.71,2018-08-20,obk,False,anchored,,15,12,3,15,12,3,0,0,0,0,0,0
2,1006331,Kenneth Rognstad,https://img.cuescore.com/image/7/4/75011e6f288d930238f9b02b6df5ba53.png?t=1630702299,https://cuescore.com/img/flags/png-country-4x2-none/res-640x480/no.png,410.6,410.62,2022-07-11,ostkanten,False,anchored,2.0,5,4,1,0,0,0,5,4,1,0,0,0
2,43019719,Martin Mellemstrand,https://img.cuescore.com/image/8/4/862c792ba8eb7f97e626fbe6cbcc59f6.png,https://cuescore.com/img/flags/png-country-4x2-none/res-640x480/no.png,410.55,410.57,2024-05-21,obk,False,anchored,,7,5,2,7,5,2,0,0,0,0,0,0
2,2660053,Morten Bjellås,https://img.cuescore.com/image/6/4/61677b113ed0ff9f7747c85295ec0473.png?t=1690105407,https://cuescore.com/img/flags/png-country-4x2-none/res-640x480/no.png,410.43,410.62,2026-09-13,ostkanten,False,anchored,3.0,837,325,512,401,189,212,436,136,300,0,0,0
2,3485006,Cyril Vella,https://img.cuescore.com/image/2/4/28f0877d2dc7216baa53c6da8c25ff0c.png?t=1543951140,https://cuescore.com/img/flags/png-country-4x2-none/res-640x480/fr.png,410.43,410.46,2020-03-02,obk,False,anchored,,30,16,14,30,16,14,0,0,0,0,0,0
2,1006374,Markus Kotvojs,https://img.cuescore.com/image/4/4/459349959f5e9edf2fa68f0688d9da54.png?t=1446584388,https://cuescore.com/img/flags/png-country-4x2-none/res-640x480/no.png,410.34,410.38,2018-06-11,obk,False,anchored,,27,13,14,27,13,14,0,0,0,0,0,0
2,34894609,Matias Holen Dale,https://img.cuescore.com/image/8/4/862c792ba8eb7f97e626fbe6cbcc59f6.png,https://cuescore.com/img/flags/png-country-4x2-none/res-640x480/no.png,410.17,410.19,2026-03-21,obk,False,anchored,,4,2,2,4,2,2,0,0,0,0,0,0
2,5670467,Tasos Mertzanis,https://img.cuescore.com/image/8/4/862c792ba8eb7f97e626fbe6cbcc59f6.png,https://cuescore.com/img/flags/png-country-4x2-none/res-640x480/gr.png,409.77,409.74,2019-09-04,obk,False,anchored,88.0,18,8,10,18,8,10,0,0,0,0,0,0
2,1472755,Georgina Askeland,https://img.cuescore.com/image/5/4/5aa6aa48f7d5ffe854d5266ac08db7ef.png,https://cuescore.com/img/flags/png-country-4x2-none/res-640x480/no.png,409.59,409.84,2018-03-12,obk,False,anchored,,45,17,28,45,17,28,0,0,0,0,0,0
2,7779625,Løkky Loke,https://img.cuescore.com/image/8/4/862c792ba8eb7f97e626fbe6cbcc59f6.png,https://cuescore.com/img/flags/png-country-4x2-none/res-640x480/no.png,409.5,409.52,2020-03-09,obk,False,anchored,,16,10,6,16,10,6,0,0,0,0,0,0
2,66009190,Steven Tica,https://img.cuescore.com/image/a/4/a55fd6d7ba8ae92efb2cf936bd734bad.png?t=1786097887,https://cuescore.com/img/flags/png-country-4x2-none/res-640x480/ph.png,409.43,409.46,2026-06-07,ostkanten,False,anchored,,14,6,8,0,0,0,14,6,8,0,0,0
2,6088513,Christopher Koba,https://img.cuescore.com/image/5/4/5e25d7a0c728fa1613fde51f1e4b8650.png?t=1711275410,https://cuescore.com/img/flags/png-country-4x2-none/res-640x480/se.png,409.37,409.38,2019-08-31,obk,False,anchored,0.0,10,5,5,10,5,5,0,0,0,0,0,0
2,7654643,Raymond Alstad,https://img.cuescore.com/image/8/4/862c792ba8eb7f97e626fbe6cbcc59f6.png,https://cuescore.com/img/flags/png-country-4x2-none/res-640x480/no.png,409.32,409.33,2020-03-09,obk,False,anchored,,36,18,18,36,18,18,0,0,0,0,0,0
2,20396602,Erik Sørensen,https://img.cuescore.com/image/8/4/862c792ba8eb7f97e626fbe6cbcc59f6.png,https://cuescore.com/img/flags/png-country-4x2-none/res-640x480/no.png,409.25,409.33,2026-10-05,obk,False,anchored,226.0,181,97,84,181,97,84,0,0,0,0,0,0
2,2166616,Philippe Béal,https://img.cuescore.com/image/6/4/600f1bbaeb2efc9ba2bac0cd76b99000.png?t=1519076753,https://cuescore.com/img/flags/png-country-4x2-none/res-640x480/no.png,409.19,409.25,2025-12-08,obk,False,anchored,162.0,453,208,245,453,208,245,0,0,0,0,0,0
2,1552001,Stig Elde Mikkelsen,https://img.cuescore.com/image/f/4/faf1ee1962736e0f6504c12e74ff3fe3.png?t=1501105742,https://cuescore.com/img/flags/png-country-4x2-none/res-640x480/no.png,409.09,409.12,2022-07-11,ostkanten,False,anchored,6.0,9,5,4,3,2,1,6,3,3,0,0,0
2,2053862,Patrik Enbom,https://img.cuescore.com/image/1/4/176e7888ccc21afaf12720d5f6edafbd.png?t=1568055392,https://cuescore.com/img/flags/png-country-4x2-none/res-640x480/se.png,409.02,409.02,2024-02-23,obk,False,anchored,0.0,5,2,3,5,2,3,0,0,0,0,0,0
2,1496697,Sabahudin Comor,https://img.cuescore.com/image/8/4/862c792ba8eb7f97e626fbe6cbcc59f6.png,https://cuescore.com/img/flags/png-country-4x2-none/res-640x480/ba.png,408.95,408.97,2022-12-30,obk,False,anchored,2.0,5,3,2,5,3,2,0,0,0,0,0,0
2,2792002,Shaq Bajrami,https://img.cuescore.com/image/9/4/91a29293797ec4825e64dc6a81bff17a.png?t=1531840692,,408.73,408.85,2023-02-06,obk,False,anchored,225.0,128,54,74,128,54,74,0,0,0,0,0,0
2,1934104,Milad Safa,https://img.cuescore.com/image/8/4/862c792ba8eb7f97e626fbe6cbcc59f6.png,,408.72,408.74,2017-10-30,obk,False,anchored,,22,15,7,22,15,7,0,0,0,0,0,0
2,1934110,Ivan Tadic,https://img.cuescore.com/image/8/4/862c792ba8eb7f97e626fbe6cbcc59f6.png,,408.69,408.71,2017-10-30,obk,False,anchored,,22,14,8,22,14,8,0,0,0,0,0,0
2,2684489,Bjørn,https://img.cuescore.com/image/8/4/862c792ba8eb7f97e626fbe6cbcc59f6.png,https://cuescore.com/img/flags/png-country-4x2-none/res-640x480/no.png,408.67,408.68,2018-06-16,obk,False,anchored,,15,10,5,15,10,5,0,0,0,0,0,0
2,7285241,Linda,https://img.cuescore.com/image/5/4/5aa6aa48f7d5ffe854d5266ac08db7ef.png,https://cuescore.com/img/flags/png-country-4x2-none/res-640x480/no.png,408.66,408.68,2020-02-03,obk,False,anchored,,10,8,2,10,8,2,0,0,0,0,0,0
2,1944190,Anders Lie,https://img.cuescore.com/image/8/4/862c792ba8eb7f97e626fbe6cbcc59f6.png,https://cuescore.com/img/flags/png-country-4x2-none/res-640x480/no.png,408.65,408.67,2019-09-28,ostkanten,False,anchored,,11,6,5,0,0,0,11,6,5,0,0,0
2,30584953,Mattias Beckman,https://img.cuescore.com/image/8/4/862c792ba8eb7f97e626fbe6cbcc59f6.png,https://cuescore.com/img/flags/png-country-4x2-none/res-640x480/se.png,408.51,408.58,2024-09-02,obk,False,anchored,201.0,63,23,40,63,23,40,0,0,0,0,0,0
2,1069895,Ragnar Hansen,https://img.cuescore.com/image/1/4/132faba9ed832064dafa1571f59a2b10.png?t=1520435915,https://cuescore.com/img/flags/png-country-4x2-none/res-640x480/no.png,408.13,408.15,2022-07-11,ostkanten,False,anchored,5.0,13,5,8,0,0,0,13,5,8,0,0,0
2,1010309,Tom-Kristoffer Lindblad,https://img.cuescore.com/image/5/4/55fad9dc41b7a28e5c5db4271b13f9e8.png?t=1627474001,https://cuescore.com/img/flags/png-country-4x2-none/res-640x480/no.png,408.0,408.06,2024-04-07,ostkanten,False,anchored,,25,10,15,25,10,15,0,0,0,0,0,0
2,36079675,Merethe Holtet,https://img.cuescore.com/image/0/4/0c7ef2b8be6edfef5588acf121f44662.png?t=1714224556,https://cuescore.com/img/flags/png-country-4x2-none/res-640x480/no.png,407.76,407.78,2024-01-09,obk,False,anchored,,7,5,2,7,5,2,0,0,0,0,0,0
2,2020618,zian azam,https://img.cuescore.com/image/8/4/862c792ba8eb7f97e626fbe6cbcc59f6.png,https://cuescore.com/img/flags/png-country-4x2-none/res-640x480/no.png,407.7,407.72,2017-12-17,ostkanten,False,anchored,,7,6,1,0,0,0,7,6,1,0,0,0
2,1922791,Ole Sandvik,https://img.cuescore.com/image/8/4/862c792ba8eb7f97e626fbe6cbcc59f6.png,,407.52,407.54,2018-05-14,obk,False,anchored,,20,13,7,20,13,7,0,0,0,0,0,0
2,29331970,Arne Pedersen,https://img.cuescore.com/image/0/4/00d785c37378c3d8679710b70e122d97.png?t=1697449339,https://cuescore.com/img/flags/png-country-4x2-none/res-640x480/no.png,407.5,407.49,2023-11-13,obk,False,anchored,217.0,29,10,19,29,10,19,0,0,0,0,0,0
2,2950065,Billy Hipolito,https://img.cuescore.com/image/8/4/862c792ba8eb7f97e626fbe6cbcc59f6.png,https://cuescore.com/img/flags/png-country-4x2-none/res-640x480/no.png,407.48,407.49,2018-09-03,obk,False,anchored,,19,12,7,19,12,7,0,0,0,0,0,0
2,52796242,Hanne-Therése Runestad,https://img.cuescore.com/image/5/4/5aa6aa48f7d5ffe854d5266ac08db7ef.png,https://cuescore.com/img/flags/png-country-4x2-none/res-640x480/no.png,407.44,407.47,2024-12-12,obk,False,anchored,,13,7,6,13,7,6,0,0,0,0,0,0
2,1524570,Stig Berntsen,https://img.cuescore.com/image/9/4/98b60aa7a6c82686689f5627e01a1ea2.png?t=1721518251,https://cuescore.com/img/flags/png-country-4x2-none/res-640x480/no.png,407.38,407.4,2022-07-11,ostkanten,False,anchored,2.0,7,4,3,0,0,0,7,4,3,0,0,0
2,6773261,Thomas Andreassen,https://img.cuescore.com/image/8/4/862c792ba8eb7f97e626fbe6cbcc59f6.png,https://cuescore.com/img/flags/png-country-4x2-none/res-640x480/no.png,407.33,407.44,2020-10-12,obk,False,anchored,,44,20,24,44,20,24,0,0,0,0,0,0
2,16849165,Trond evjen,https://img.cuescore.com/image/8/4/862c792ba8eb7f97e626fbe6cbcc59f6.png,https://cuescore.com/img/flags/png-country-4x2-none/res-640x480/no.png,407.3,407.35,2026-02-15,ostkanten,False,anchored,,25,6,19,0,0,0,25,6,19,0,0,0
2,3716933,Amirhosein Hoseinzadeh,https://img.cuescore.com/image/a/4/ae53f224c6baa9d21522138b378a7d5d.png?t=1570533786,https://cuescore.com/img/flags/png-country-4x2-none/res-640x480/no.png,407.22,407.24,2021-11-07,ostkanten,False,anchored,,9,5,4,0,0,0,9,5,4,0,0,0
2,8383387,Michael Stark,https://img.cuescore.com/image/d/4/d99d948552a64f44336887fcbdf55c0f.png?t=1603045838,https://cuescore.com/img/flags/png-country-4x2-none/res-640x480/no.png,407.2,407.26,2020-11-01,obk,False,anchored,3.0,17,8,9,0,0,0,17,8,9,0,0,0
2,16050145,Linda Dedekam,https://img.cuescore.com/image/5/4/5aa6aa48f7d5ffe854d5266ac08db7ef.png,https://cuescore.com/img/flags/png-country-4x2-none/res-640x480/no.png,407.11,407.13,2022-05-28,obk,False,anchored,,8,5,3,8,5,3,0,0,0,0,0,0
2,1006150,BArild Sørum,https://img.cuescore.com/image/7/4/7b565ded15222bab0a8b9e20f7e194df.png?t=1764668770,https://cuescore.com/img/flags/png-country-4x2-none/res-640x480/no.png,407.08,407.1,2018-08-22,obk,False,anchored,78.0,12,9,3,12,9,3,0,0,0,0,0,0
2,6179045,Georgios,https://img.cuescore.com/image/8/4/862c792ba8eb7f97e626fbe6cbcc59f6.png,https://cuescore.com/img/flags/png-country-4x2-none/res-640x480/no.png,407.07,407.1,2020-02-17,obk,False,anchored,,21,11,10,21,11,10,0,0,0,0,0,0
2,9981040,Thomas Andre,https://img.cuescore.com/image/8/4/862c792ba8eb7f97e626fbe6cbcc59f6.png,https://cuescore.com/img/flags/png-country-4x2-none/res-640x480/no.png,407.06,407.08,2021-10-11,obk,False,anchored,,8,6,2,8,6,2,0,0,0,0,0,0
2,9981874,vibeke oslo bk,https://img.cuescore.com/image/5/4/5aa6aa48f7d5ffe854d5266ac08db7ef.png,https://cuescore.com/img/flags/png-country-4x2-none/res-640x480/no.png,407.06,407.08,2021-10-11,obk,False,anchored,,8,6,2,8,6,2,0,0,0,0,0,0
2,9836020,Francis Hughes,https://img.cuescore.com/image/9/4/96ba16408073d1cccec456e9f274b3f0.png?t=1652694027,https://cuescore.com/img/flags/png-country-4x2-none/res-640x480/gb.png,407.06,407.08,2022-06-30,ostkanten,False,anchored,,4,3,1,0,0,0,4,3,1,0,0,0
2,1006261,Hasan Emre Vural,https://img.cuescore.com/image/8/4/862c792ba8eb7f97e626fbe6cbcc59f6.png,https://cuescore.com/img/flags/png-country-4x2-none/res-640x480/no.png,406.87,406.82,2019-06-27,obk,False,anchored,113.0,9,4,5,9,4,5,0,0,0,0,0,0
2,3081704,Sundar K,https://img.cuescore.com/image/d/4/d3d0762c1282b563ee78a7bee42a6557.png?t=1554841037,https://cuescore.com/img/flags/png-country-4x2-none/res-640x480/in.png,406.59,406.7,2019-06-12,obk,False,anchored,11.0,386,171,215,386,171,215,0,0,0,0,0,0
2,1006391,Michelle Sandman,https://img.cuescore.com/image/0/4/04b2bf499819c13555590ca27503d862.png?t=1728042827,https://cuescore.com/img/flags/png-country-4x2-none/res-640x480/no.png,406.54,406.55,2025-03-15,obk,False,anchored,2.0,7,3,4,7,3,4,0,0,0,0,0,0
2,1141525,Øystein Krøvel,https://img.cuescore.com/image/8/4/862c792ba8eb7f97e626fbe6cbcc59f6.png,https://cuescore.com/img/flags/png-country-4x2-none/res-640x480/no.png,406.35,406.36,2018-05-28,obk,False,anchored,,15,8,7,15,8,7,0,0,0,0,0,0
2,16996054,Elise Bygjordet,https://img.cuescore.com/image/5/4/5aa6aa48f7d5ffe854d5266ac08db7ef.png,https://cuescore.com/img/flags/png-country-4x2-none/res-640x480/no.png,406.35,406.36,2022-08-03,obk,False,anchored,,6,4,2,6,4,2,0,0,0,0,0,0
2,39034855,Jonas Nilsson,https://img.cuescore.com/image/4/4/45bc3e7c0e6589be1e58fb58c89e15d0.png?t=1773517526,https://cuescore.com/img/flags/png-country-4x2-none/res-640x480/no.png,406.27,406.29,2026-03-21,obk,False,anchored,,4,2,2,4,2,2,0,0,0,0,0,0
2,2206237,Eihab Sray aldeen,https://img.cuescore.com/image/8/4/862c792ba8eb7f97e626fbe6cbcc59f6.png,https://cuescore.com/img/flags/png-country-4x2-none/res-640x480/sy.png,406.25,406.26,2018-03-05,obk,False,anchored,,11,8,3,11,8,3,0,0,0,0,0,0
2,6060601,Nomen Nescio,https://img.cuescore.com/image/5/4/5aa6aa48f7d5ffe854d5266ac08db7ef.png,https://cuescore.com/img/flags/png-country-4x2-none/res-640x480/no.png,406.23,406.26,2022-07-03,ostkanten,False,anchored,30.0,15,8,7,11,6,5,4,2,2,0,0,0
2,1006303,Joakim Haugen,https://img.cuescore.com/image/8/4/862c792ba8eb7f97e626fbe6cbcc59f6.png,https://cuescore.com/img/flags/png-country-4x2-none/res-640x480/no.png,406.13,406.12,2024-12-27,obk,False,anchored,0.0,14,5,9,14,5,9,0,0,0,0,0,0
2,2476389,Bjarte Ervall,https://img.cuescore.com/image/8/4/862c792ba8eb7f97e626fbe6cbcc59f6.png,https://cuescore.com/img/flags/png-country-4x2-none/res-640x480/no.png,406.11,406.15,2018-05-06,ostkanten,False,anchored,,9,6,3,0,0,0,9,6,3,0,0,0
2,1047611,Tam,https://img.cuescore.com/image/8/4/862c792ba8eb7f97e626fbe6cbcc59f6.png,,406.08,406.09,2019-12-09,obk,False,anchored,,13,7,6,13,7,6,0,0,0,0,0,0
2,1969296,Alexander Reyes Monsen,https://img.cuescore.com/image/8/4/862c792ba8eb7f97e626fbe6cbcc59f6.png,https://cuescore.com/img/flags/png-country-4x2-none/res-640x480/no.png,406.04,406.04,2017-12-11,obk,False,anchored,,20,9,11,20,9,11,0,0,0,0,0,0
2,10570834,Alexander Kjos Hartz,https://img.cuescore.com/image/3/4/3653053c5ba70e3107547a8d8fbc8b89.png?t=1637761528,https://cuescore.com/img/flags/png-country-4x2-none/res-640x480/no.png,406.01,406.03,2021-11-08,obk,False,anchored,,17,7,10,17,7,10,0,0,0,0,0,0
2,2084760,Adam Rydström,https://img.cuescore.com/image/8/4/86bc4d30888950ccf969718ced4efaff.png?t=1727864686,https://cuescore.com/img/flags/png-country-4x2-none/res-640x480/se.png,406.0,405.99,2018-02-01,obk,False,anchored,0.0,26,8,18,26,8,18,0,0,0,0,0,0
2,52324939,Saga Hedin,https://img.cuescore.com/image/7/4/71a53944f404b15eba3b31cb97f86f42.png?t=1733346809,https://cuescore.com/img/flags/png-country-4x2-none/res-640x480/se.png,405.82,405.89,2025-05-28,obk,False,anchored,110.0,33,13,20,33,13,20,0,0,0,0,0,0
2,1944569,Philippe Beal,https://img.cuescore.com/image/8/4/862c792ba8eb7f97e626fbe6cbcc59f6.png,https://cuescore.com/img/flags/png-country-4x2-none/res-640x480/no.png,405.77,405.79,2018-04-09,obk,False,anchored,,30,15,15,30,15,15,0,0,0,0,0,0
2,43051717,Ulrik Enstad,https://img.cuescore.com/image/8/4/862c792ba8eb7f97e626fbe6cbcc59f6.png,https://cuescore.com/img/flags/png-country-4x2-none/res-640x480/no.png,405.58,405.6,2024-05-21,obk,False,anchored,,8,5,3,8,5,3,0,0,0,0,0,0
2,1006161,Bernt Even Nilsen,https://img.cuescore.com/image/5/4/5370e22e88708e7259b245275f036c0c.png?t=1583751561,https://cuescore.com/img/flags/png-country-4x2-none/res-640x480/no.png,405.5,405.52,2023-07-26,obk,False,anchored,375.0,8,4,4,0,0,0,8,4,4,0,0,0
2,2140751,Jamal Malik,https://img.cuescore.com/image/8/4/862c792ba8eb7f97e626fbe6cbcc59f6.png,https://cuescore.com/img/flags/png-country-4x2-none/res-640x480/no.png,405.31,405.57,2018-05-14,obk,False,anchored,,194,91,103,194,91,103,0,0,0,0,0,0
2,1183878,Petter Olsen,https://img.cuescore.com/image/8/4/862c792ba8eb7f97e626fbe6cbcc59f6.png,https://cuescore.com/img/flags/png-country-4x2-none/res-640x480/no.png,405.25,405.27,2017-10-30,obk,False,anchored,,27,15,12,27,15,12,0,0,0,0,0,0
2,5063328,Josh Young,https://img.cuescore.com/image/8/4/862c792ba8eb7f97e626fbe6cbcc59f6.png,https://cuescore.com/img/flags/png-country-4x2-none/res-640x480/no.png,405.24,405.25,2019-03-18,obk,False,anchored,,7,5,2,7,5,2,0,0,0,0,0,0
2,1027209,Thang Vu Ngoc,https://img.cuescore.com/image/8/4/862c792ba8eb7f97e626fbe6cbcc59f6.png,,405.14,405.15,2019-12-09,obk,False,anchored,,20,11,9,20,11,9,0,0,0,0,0,0
2,16667896,Eirik lambert Jenssen,https://img.cuescore.com/image/8/4/862c792ba8eb7f97e626fbe6cbcc59f6.png,https://cuescore.com/img/flags/png-country-4x2-none/res-640x480/no.png,405.12,405.08,2022-07-10,ostkanten,False,anchored,,9,3,6,0,0,0,9,3,6,0,0,0
2,1006273,Hermund Årdalen,https://img.cuescore.com/image/d/4/d984da65190714eac16c8728ada15434.png?t=1674215618,https://cuescore.com/img/flags/png-country-4x2-none/res-640x480/no.png,405.05,405.07,2024-04-13,obk,False,anchored,,8,2,6,8,2,6,0,0,0,0,0,0
2,1566592,Kim Bengtsson,https://img.cuescore.com/image/3/4/3db50292aeb0de732d2f45a054185a92.png?t=1651951301,https://cuescore.com/img/flags/png-country-4x2-none/res-640x480/se.png,405.0,405.21,2026-10-04,ostkanten,False,anchored,2.0,195,67,128,11,4,7,184,63,121,0,0,0
2,1006151,Arne Wiese-Hansen,https://img.cuescore.com/image/1/4/1e28b24f7a69cedf9d14ac534965b884.png?t=1660209006,https://cuescore.com/img/flags/png-country-4x2-none/res-640x480/no.png,404.92,404.94,2019-09-28,ostkanten,False,anchored,,8,4,4,0,0,0,8,4,4,0,0,0
2,2574158,Tommy Andersen,https://img.cuescore.com/image/8/4/862c792ba8eb7f97e626fbe6cbcc59f6.png,https://cuescore.com/img/flags/png-country-4x2-none/res-640x480/no.png,404.9,404.91,2018-05-14,obk,False,anchored,,16,8,8,16,8,8,0,0,0,0,0,0
2,6425441,Gustav Karlman,https://img.cuescore.com/image/2/4/23aa9cbf9a61c01390199b87a6eb72dc.png?t=1764753853,https://cuescore.com/img/flags/png-country-4x2-none/res-640x480/se.png,404.88,404.88,2021-07-24,obk,False,anchored,,5,2,3,5,2,3,0,0,0,0,0,0
2,2307209,Ed Liu,https://img.cuescore.com/image/9/4/971c8a9692d2b1681eadcc04456631ac.png?t=1753338873,https://cuescore.com/img/flags/png-country-4x2-none/res-640x480/us.png,404.82,404.38,2026-08-05,obk,False,anchored,225.0,29,12,17,29,12,17,0,0,0,0,0,0
2,36847480,Maren Hermansen,https://img.cuescore.com/image/f/4/f540c3a8e3f405ed0960ff090f3a84d9.png?t=1709981971,https://cuescore.com/img/flags/png-country-4x2-none/res-640x480/no.png,404.6,404.64,2024-03-09,obk,False,anchored,,14,6,8,14,6,8,0,0,0,0,0,0
2,13381909,Kjartan Madsen,https://img.cuescore.com/image/8/4/862c792ba8eb7f97e626fbe6cbcc59f6.png,https://cuescore.com/img/flags/png-country-4x2-none/res-640x480/no.png,404.57,404.59,2022-02-21,obk,False,anchored,,16,8,8,16,8,8,0,0,0,0,0,0
2,7131380,Remik kwit,https://img.cuescore.com/image/3/4/3d74498be03a7fe83bcecbd611d7ee45.png?t=1769872433,https://cuescore.com/img/flags/png-country-4x2-none/res-640x480/pl.png,404.56,404.57,2025-04-02,obk,False,anchored,175.0,8,5,3,8,5,3,0,0,0,0,0,0
2,2266694,Michael Andersson,https://img.cuescore.com/image/8/4/862c792ba8eb7f97e626fbe6cbcc59f6.png,https://cuescore.com/img/flags/png-country-4x2-none/res-640x480/se.png,404.52,404.57,2018-04-22,ostkanten,False,anchored,,19,7,12,0,0,0,19,7,12,0,0,0
2,1561576,Antonio Hagen,https://img.cuescore.com/image/f/4/f243fd7940952f5815831a51894a204a.png?t=1501859553,https://cuescore.com/img/flags/png-country-4x2-none/res-640x480/no.png,404.36,404.26,2018-01-15,obk,False,anchored,20.0,146,48,98,146,48,98,0,0,0,0,0,0
2,1006327,Ken Simon Røed,https://img.cuescore.com/image/6/4/60193ca21b3ab41ba31da0686a6183a2.png?t=1462136976,https://cuescore.com/img/flags/png-country-4x2-none/res-640x480/no.png,404.36,404.37,2017-09-06,obk,False,anchored,,14,5,9,14,5,9,0,0,0,0,0,0
2,16585597,Bjørn Sjølli,https://img.cuescore.com/image/8/4/862c792ba8eb7f97e626fbe6cbcc59f6.png,https://cuescore.com/img/flags/png-country-4x2-none/res-640x480/no.png,404.26,404.25,2022-07-31,ostkanten,False,anchored,,9,3,6,0,0,0,9,3,6,0,0,0
2,1027208,Anders Sandholtet,https://img.cuescore.com/image/8/4/862c792ba8eb7f97e626fbe6cbcc59f6.png,,404.24,404.26,2018-03-05,obk,False,anchored,,24,12,12,24,12,12,0,0,0,0,0,0
2,2213742,Sebastian Trolle,https://img.cuescore.com/image/1/4/13914f616c90317603ac8fe263b3c821.png?t=1701607084,https://cuescore.com/img/flags/png-country-4x2-none/res-640x480/dk.png,404.21,404.21,2024-02-03,obk,False,anchored,,2,1,1,2,1,1,0,0,0,0,0,0
2,8280788,Anita Håland,https://img.cuescore.com/image/5/4/5aa6aa48f7d5ffe854d5266ac08db7ef.png,https://cuescore.com/img/flags/png-country-4x2-none/res-640x480/no.png,404.18,404.19,2020-11-02,obk,False,anchored,,16,8,8,16,8,8,0,0,0,0,0,0
2,1714804,Chris B Råthen,https://img.cuescore.com/image/4/4/4d5b779c4be0e8d65f26b672d6192aa9.png?t=1601232336,,404.11,404.11,2017-09-25,obk,False,anchored,,14,9,5,14,9,5,0,0,0,0,0,0
2,42294223,Cato Eliassen,https://img.cuescore.com/image/8/4/862c792ba8eb7f97e626fbe6cbcc59f6.png,https://cuescore.com/img/flags/png-country-4x2-none/res-640x480/no.png,404.0,404.01,2024-04-27,obk,False,anchored,,3,2,1,3,2,1,0,0,0,0,0,0
2,82895710,Rolf Woods,https://img.cuescore.com/image/8/4/862c792ba8eb7f97e626fbe6cbcc59f6.png,https://cuescore.com/img/flags/png-country-4x2-none/res-640x480/no.png,403.95,403.82,2026-06-03,obk,False,anchored,175.0,17,5,12,17,5,12,0,0,0,0,0,0
2,1022360,Morten Nystuen,https://img.cuescore.com/image/a/4/a192704adfcca7c13b89d76aff36a23e.png?t=1446291069,https://cuescore.com/img/flags/png-country-4x2-none/res-640x480/no.png,403.93,403.94,2017-01-02,obk,False,anchored,,8,6,2,8,6,2,0,0,0,0,0,0
2,1957538,Mathias macdonald,https://img.cuescore.com/image/8/4/862c792ba8eb7f97e626fbe6cbcc59f6.png,https://cuescore.com/img/flags/png-country-4x2-none/res-640x480/no.png,403.9,403.91,2017-11-13,obk,False,anchored,,19,11,8,19,11,8,0,0,0,0,0,0
2,10604059,Ole Kvalsvik,https://img.cuescore.com/image/2/4/2c2c32a0dd7c4783432aa6f5a53e9046.png?t=1644434537,https://cuescore.com/img/flags/png-country-4x2-none/res-640x480/no.png,403.89,403.9,2025-07-28,obk,False,anchored,275.0,8,3,5,8,3,5,0,0,0,0,0,0
2,2890737,Mirosław Zduńczuk,https://img.cuescore.com/image/2/4/2e927c504538bc2cd0321e95d5e01cf4.png?t=1534779352,,403.79,403.8,2018-08-20,obk,False,anchored,,13,8,5,13,8,5,0,0,0,0,0,0
2,1957539,Johny Lotto,https://img.cuescore.com/image/8/4/862c792ba8eb7f97e626fbe6cbcc59f6.png,,403.78,403.79,2017-11-13,obk,False,anchored,,12,6,6,12,6,6,0,0,0,0,0,0
2,1944633,Abdul Al Rahman Malik,https://img.cuescore.com/image/8/4/862c792ba8eb7f97e626fbe6cbcc59f6.png,https://cuescore.com/img/flags/png-country-4x2-none/res-640x480/no.png,403.73,403.74,2019-12-09,obk,False,anchored,,6,4,2,6,4,2,0,0,0,0,0,0
2,1934105,Nader Fallah,https://img.cuescore.com/image/8/4/862c792ba8eb7f97e626fbe6cbcc59f6.png,,403.71,403.71,2017-10-30,obk,False,anchored,,15,9,6,15,9,6,0,0,0,0,0,0
2,2139030,Zian Azam,https://img.cuescore.com/image/b/4/b1df7d9ecb9d78986fb33282dde37261.png?t=1519094834,https://cuescore.com/img/flags/png-country-4x2-none/res-640x480/no.png,403.61,403.62,2022-01-23,ostkanten,False,anchored,,18,9,9,0,0,0,18,9,9,0,0,0
2,54686500,Danylo Yavorskyi,https://img.cuescore.com/image/9/4/9595b0061eb22e6b9b48cce4e2e19213.png?t=1754495329,https://cuescore.com/img/flags/png-country-4x2-none/res-640x480/no.png,403.61,403.62,2026-03-21,obk,False,anchored,,4,2,2,4,2,2,0,0,0,0,0,0
2,1008226,John Ove Løvdal,https://img.cuescore.com/image/8/4/862c792ba8eb7f97e626fbe6cbcc59f6.png,https://cuescore.com/img/flags/png-country-4x2-none/res-640x480/no.png,403.6,403.64,2022-11-16,obk,False,anchored,275.0,24,10,14,24,10,14,0,0,0,0,0,0
2,16996057,Kristy Wang,https://img.cuescore.com/image/5/4/5aa6aa48f7d5ffe854d5266ac08db7ef.png,https://cuescore.com/img/flags/png-country-4x2-none/res-640x480/no.png,403.52,403.53,2022-08-03,obk,False,anchored,,7,4,3,7,4,3,0,0,0,0,0,0
2,42294328,Lars Nilsen,https://img.cuescore.com/image/8/4/862c792ba8eb7f97e626fbe6cbcc59f6.png,https://cuescore.com/img/flags/png-country-4x2-none/res-640x480/no.png,403.5,403.51,2024-04-27,obk,False,anchored,,3,2,1,3,2,1,0,0,0,0,0,0
2,3635602,Rune Fevang,https://img.cuescore.com/image/8/4/862c792ba8eb7f97e626fbe6cbcc59f6.png,https://cuescore.com/img/flags/png-country-4x2-none/res-640x480/no.png,403.43,403.45,2020-01-13,obk,False,anchored,,17,7,10,17,7,10,0,0,0,0,0,0
2,1345906,Ahad Rashid,https://img.cuescore.com/image/8/4/862c792ba8eb7f97e626fbe6cbcc59f6.png,https://cuescore.com/img/flags/png-country-4x2-none/res-640x480/no.png,403.39,403.39,2017-11-13,obk,False,anchored,,14,7,7,14,7,7,0,0,0,0,0,0
2,16049032,Lene Finsveen,https://img.cuescore.com/image/8/4/8a009718d25288433e490a4c1aee9a10.png?t=1787123670,https://cuescore.com/img/flags/png-country-4x2-none/res-640x480/no.png,403.31,403.32,2022-11-21,obk,False,anchored,137.0,14,8,6,14,8,6,0,0,0,0,0,0
2,21261571,Alexander Lindbäck,https://img.cuescore.com/image/5/4/55aefc2f6c1dceb232bbd215bdafdfa0.png?t=1771064099,https://cuescore.com/img/flags/png-country-4x2-none/res-640x480/no.png,403.25,403.27,2024-12-27,obk,False,anchored,4.0,13,5,8,13,5,8,0,0,0,0,0,0
2,30143524,Paulina Statkiewicz,https://img.cuescore.com/image/4/4/401c303a87a53c3e8ca46d6a6f1eec5a.png?t=1782817363,https://cuescore.com/img/flags/png-country-4x2-none/res-640x480/pl.png,403.06,403.06,2023-12-13,obk,False,anchored,202.0,32,12,20,32,12,20,0,0,0,0,0,0
2,21092911,Per Ditlef Faye,https://img.cuescore.com/image/8/4/862c792ba8eb7f97e626fbe6cbcc59f6.png,https://cuescore.com/img/flags/png-country-4x2-none/res-640x480/no.png,403.01,403.03,2023-04-03,obk,False,anchored,147.0,9,5,4,9,5,4,0,0,0,0,0,0
2,1174563,Jan Kringstad,https://img.cuescore.com/image/8/4/862c792ba8eb7f97e626fbe6cbcc59f6.png,https://cuescore.com/img/flags/png-country-4x2-none/res-640x480/no.png,402.99,403.02,2018-04-29,ostkanten,False,anchored,,18,7,11,0,0,0,18,7,11,0,0,0
2,1006547,Trond-Michael Borrie Stensrød,https://img.cuescore.com/image/0/4/090800fd8680003b27466254a58a95ae.png?t=1550011159,https://cuescore.com/img/flags/png-country-4x2-none/res-640x480/no.png,402.78,402.73,2025-03-15,obk,False,anchored,2.0,15,4,11,0,0,0,15,4,11,0,0,0
2,8362155,Nicolai,https://img.cuescore.com/image/8/4/862c792ba8eb7f97e626fbe6cbcc59f6.png,https://cuescore.com/img/flags/png-country-4x2-none/res-640x480/no.png,402.69,402.71,2020-10-12,obk,False,anchored,,11,5,6,11,5,6,0,0,0,0,0,0
2,17431444,Kathrine Eikeseth,https://img.cuescore.com/image/7/4/75407df5102f828bcaf73d8ab9eff05f.png?t=1714472972,https://cuescore.com/img/flags/png-country-4x2-none/res-640x480/no.png,402.68,402.79,2022-08-29,obk,False,anchored,,28,11,17,28,11,17,0,0,0,0,0,0
2,1431228,remi kwit,https://img.cuescore.com/image/8/4/862c792ba8eb7f97e626fbe6cbcc59f6.png,,402.68,402.68,2017-11-13,obk,False,anchored,,17,9,8,17,9,8,0,0,0,0,0,0
2,3402052,Henning Evensen,https://img.cuescore.com/image/8/4/862c792ba8eb7f97e626fbe6cbcc59f6.png,https://cuescore.com/img/flags/png-country-4x2-none/res-640x480/no.png,402.47,402.48,2018-12-02,ostkanten,False,anchored,,9,4,5,0,0,0,9,4,5,0,0,0
2,10408627,Kasper Parkstad,https://img.cuescore.com/image/7/4/774dcd54bec46c29bb8e671a134d5bd0.png?t=1635692493,https://cuescore.com/img/flags/png-country-4x2-none/res-640x480/no.png,402.37,402.38,2021-10-31,ostkanten,False,anchored,,8,3,5,0,0,0,8,3,5,0,0,0
2,24833275,Marte Stulen Aamodt,https://img.cuescore.com/image/9/4/949ff0c82e7a2b280c9b9144ab423fa9.png?t=1677401941,https://cuescore.com/img/flags/png-country-4x2-none/res-640x480/no.png,402.22,402.58,2026-03-22,ostkanten,False,anchored,196.0,251,89,162,168,62,106,83,27,56,0,0,0
2,57800878,Lukasz Majewski,https://img.cuescore.com/image/5/4/588a800ff739d8ffbd3e24a327e10cb7.png?t=1756759411,https://cuescore.com/img/flags/png-country-4x2-none/res-640x480/pl.png,402.18,402.2,2025-09-01,obk,False,anchored,175.0,12,6,6,12,6,6,0,0,0,0,0,0
2,8984217,Philip Smith,https://img.cuescore.com/image/8/4/862c792ba8eb7f97e626fbe6cbcc59f6.png,https://cuescore.com/img/flags/png-country-4x2-none/res-640x480/no.png,402.15,402.16,2021-06-28,obk,False,anchored,,8,4,4,8,4,4,0,0,0,0,0,0
2,1085688,Odd Martin Asp,https://img.cuescore.com/image/d/4/d8816bc96ce8fa1917fd6be565c416f8.png?t=1581939802,https://cuescore.com/img/flags/png-country-4x2-none/res-640x480/no.png,402.03,402.04,2022-07-07,ostkanten,False,anchored,,4,2,2,0,0,0,4,2,2,0,0,0
2,73236004,Dragan Ceranic,https://img.cuescore.com/image/4/4/433f4c52eca74e8965ef92ee2c02efee.png?t=1764751023,https://cuescore.com/img/flags/png-country-4x2-none/res-640x480/hr.png,401.96,401.98,2025-12-27,obk,False,anchored,4.0,16,3,13,16,3,13,0,0,0,0,0,0
2,21425374,Richard Persson,https://img.cuescore.com/image/2/4/2d0d731061f8db1207bcc19ffd06342e.png?t=1766246032,https://cuescore.com/img/flags/png-country-4x2-none/res-640x480/se.png,401.92,401.94,2024-12-27,obk,False,anchored,3.0,13,5,8,13,5,8,0,0,0,0,0,0
2,2620563,Shakir,https://img.cuescore.com/image/8/4/862c792ba8eb7f97e626fbe6cbcc59f6.png,https://cuescore.com/img/flags/png-country-4x2-none/res-640x480/no.png,401.89,401.9,2018-06-04,obk,False,anchored,12.0,8,5,3,8,5,3,0,0,0,0,0,0
2,5185785,Benjamin Memeti,https://img.cuescore.com/image/8/4/862c792ba8eb7f97e626fbe6cbcc59f6.png,https://cuescore.com/img/flags/png-country-4x2-none/res-640x480/mk.png,401.84,401.85,2019-10-21,obk,False,anchored,40.0,17,6,11,17,6,11,0,0,0,0,0,0
2,2251358,Davut Demir,https://img.cuescore.com/image/8/4/862c792ba8eb7f97e626fbe6cbcc59f6.png,,401.81,401.82,2018-03-19,obk,False,anchored,,9,5,4,9,5,4,0,0,0,0,0,0
2,5339081,Daniel,https://img.cuescore.com/image/8/4/862c792ba8eb7f97e626fbe6cbcc59f6.png,https://cuescore.com/img/flags/png-country-4x2-none/res-640x480/no.png,401.6,401.62,2019-09-09,obk,False,anchored,,9,5,4,9,5,4,0,0,0,0,0,0
2,5105380,Alexander Høva,https://img.cuescore.com/image/8/4/862c792ba8eb7f97e626fbe6cbcc59f6.png,https://cuescore.com/img/flags/png-country-4x2-none/res-640x480/no.png,401.55,401.55,2025-03-24,obk,False,anchored,275.0,2,1,1,0,0,0,2,1,1,0,0,0
2,2138958,Michael Andersson,https://img.cuescore.com/image/8/4/862c792ba8eb7f97e626fbe6cbcc59f6.png,https://cuescore.com/img/flags/png-country-4x2-none/res-640x480/se.png,401.52,401.55,2018-02-11,ostkanten,False,anchored,,10,4,6,0,0,0,10,4,6,0,0,0
2,1285998,Haakon Røstad,https://img.cuescore.com/image/3/4/36e69289f28f700594d4d267b0609dd0.png?t=1736158534,https://cuescore.com/img/flags/png-country-4x2-none/res-640x480/no.png,401.52,401.51,2024-04-13,obk,False,anchored,,14,6,8,14,6,8,0,0,0,0,0,0
2,1256298,Andreas Bjerke,https://img.cuescore.com/image/e/4/e6832a281bf31df6fd0f45024016cd8e.png?t=1579116811,https://cuescore.com/img/flags/png-country-4x2-none/res-640x480/no.png,401.5,401.51,2019-02-20,obk,False,anchored,28.0,7,4,3,7,4,3,0,0,0,0,0,0
2,2251356,Saban Tepeli,https://img.cuescore.com/image/8/4/862c792ba8eb7f97e626fbe6cbcc59f6.png,,401.46,401.47,2018-03-19,obk,False,anchored,,11,6,5,11,6,5,0,0,0,0,0,0
2,5476975,Toan Truong,https://img.cuescore.com/image/6/4/6349399674ea3696bafa9ceb8596d609.png?t=1559249294,https://cuescore.com/img/flags/png-country-4x2-none/res-640x480/vn.png,401.44,401.44,2019-06-03,obk,False,anchored,,18,8,10,18,8,10,0,0,0,0,0,0
2,40876063,Ali Hazem,https://img.cuescore.com/image/8/4/862c792ba8eb7f97e626fbe6cbcc59f6.png,https://cuescore.com/img/flags/png-country-4x2-none/res-640x480/no.png,401.39,401.39,2024-03-16,obk,False,anchored,,2,1,1,2,1,1,0,0,0,0,0,0
2,4797931,Geir Perez,https://img.cuescore.com/image/8/4/862c792ba8eb7f97e626fbe6cbcc59f6.png,https://cuescore.com/img/flags/png-country-4x2-none/res-640x480/no.png,401.24,401.24,2019-02-18,obk,False,anchored,,10,5,5,10,5,5,0,0,0,0,0,0
2,5063316,Asgeir H,https://img.cuescore.com/image/8/4/862c792ba8eb7f97e626fbe6cbcc59f6.png,https://cuescore.com/img/flags/png-country-4x2-none/res-640x480/no.png,401.21,401.22,2019-03-18,obk,False,anchored,,8,4,4,8,4,4,0,0,0,0,0,0
2,1006252,Gjermund Flage,https://img.cuescore.com/image/b/4/b7fe181ea5eb57962ba6258756235de4.png?t=1574261470,https://cuescore.com/img/flags/png-country-4x2-none/res-640x480/no.png,401.17,401.17,2022-07-07,ostkanten,False,anchored,,2,1,1,0,0,0,2,1,1,0,0,0
2,1006339,Kim Ronny Nygård,https://img.cuescore.com/image/0/4/050ec025b1e31e0ac5eea74c4c82b3ac.png?t=1478380445,https://cuescore.com/img/flags/png-country-4x2-none/res-640x480/no.png,401.15,401.15,2026-06-15,obk,False,anchored,,22,11,11,22,11,11,0,0,0,0,0,0
2,16543003,Courtney Daniells,https://img.cuescore.com/image/5/4/5aa6aa48f7d5ffe854d5266ac08db7ef.png,https://cuescore.com/img/flags/png-country-4x2-none/res-640x480/no.png,401.05,401.06,2022-06-30,ostkanten,False,anchored,,3,1,2,0,0,0,3,1,2,0,0,0
2,2684364,Huan,https://img.cuescore.com/image/8/4/862c792ba8eb7f97e626fbe6cbcc59f6.png,https://cuescore.com/img/flags/png-country-4x2-none/res-640x480/no.png,400.98,401.08,2018-09-17,obk,False,anchored,,59,27,32,59,27,32,0,0,0,0,0,0
2,16670470,Brede Rullut,https://img.cuescore.com/image/8/4/862c792ba8eb7f97e626fbe6cbcc59f6.png,https://cuescore.com/img/flags/png-country-4x2-none/res-640x480/no.png,400.93,400.94,2022-07-11,ostkanten,False,anchored,,2,1,1,0,0,0,2,1,1,0,0,0
2,2021209,Johnny Lotto,https://img.cuescore.com/image/8/4/862c792ba8eb7f97e626fbe6cbcc59f6.png,https://cuescore.com/img/flags/png-country-4x2-none/res-640x480/no.png,400.92,400.93,2017-12-18,obk,False,anchored,,13,5,8,13,5,8,0,0,0,0,0,0
2,3647948,Janna Braseth,https://img.cuescore.com/image/5/4/5aa6aa48f7d5ffe854d5266ac08db7ef.png,https://cuescore.com/img/flags/png-country-4x2-none/res-640x480/no.png,400.88,400.9,2021-07-04,obk,False,anchored,3.0,22,8,14,22,8,14,0,0,0,0,0,0
2,5689902,Roger Andresen,https://img.cuescore.com/image/8/4/862c792ba8eb7f97e626fbe6cbcc59f6.png,https://cuescore.com/img/flags/png-country-4x2-none/res-640x480/no.png,400.73,400.83,2026-04-03,obk,False,anchored,3.0,169,61,108,110,42,68,59,19,40,0,0,0
2,26507311,nicolai sundt,https://img.cuescore.com/image/8/4/862c792ba8eb7f97e626fbe6cbcc59f6.png,https://cuescore.com/img/flags/png-country-4x2-none/res-640x480/no.png,400.68,400.7,2023-04-09,ostkanten,False,anchored,,15,5,10,15,5,10,0,0,0,0,0,0
2,6863666,Silje Vareide,https://img.cuescore.com/image/5/4/5aa6aa48f7d5ffe854d5266ac08db7ef.png,https://cuescore.com/img/flags/png-country-4x2-none/res-640x480/no.png,400.63,400.64,2019-11-18,obk,False,anchored,,8,4,4,8,4,4,0,0,0,0,0,0
2,3508778,Naser lusnjani,https://img.cuescore.com/image/8/4/862c792ba8eb7f97e626fbe6cbcc59f6.png,https://cuescore.com/img/flags/png-country-4x2-none/res-640x480/no.png,400.63,400.64,2018-12-17,obk,False,anchored,,12,6,6,12,6,6,0,0,0,0,0,0
2,42294211,Gaute Andersen,https://img.cuescore.com/image/8/4/862c792ba8eb7f97e626fbe6cbcc59f6.png,https://cuescore.com/img/flags/png-country-4x2-none/res-640x480/no.png,400.63,400.63,2024-04-27,obk,False,anchored,,2,1,1,2,1,1,0,0,0,0,0,0
2,1663605,Mona Sunde,https://img.cuescore.com/image/5/4/5aa6aa48f7d5ffe854d5266ac08db7ef.png,https://cuescore.com/img/flags/png-country-4x2-none/res-640x480/no.png,400.52,400.53,2018-05-15,ostkanten,False,anchored,,16,4,12,0,0,0,16,4,12,0,0,0
2,50522596,Olav Finnerud,https://img.cuescore.com/image/8/4/862c792ba8eb7f97e626fbe6cbcc59f6.png,https://cuescore.com/img/flags/png-country-4x2-none/res-640x480/no.png,400.51,400.53,2026-01-26,obk,False,anchored,165.0,5,2,3,5,2,3,0,0,0,0,0,0
2,1071680,Michael,https://img.cuescore.com/image/8/4/862c792ba8eb7f97e626fbe6cbcc59f6.png,,400.48,400.48,2019-05-27,obk,False,anchored,,8,3,5,8,3,5,0,0,0,0,0,0
2,16672027,Michael Brandt,https://img.cuescore.com/image/8/4/862c792ba8eb7f97e626fbe6cbcc59f6.png,https://cuescore.com/img/flags/png-country-4x2-none/res-640x480/no.png,400.48,400.48,2022-07-11,ostkanten,False,anchored,,2,1,1,0,0,0,2,1,1,0,0,0
2,1914701,James Aranas,https://img.cuescore.com/image/8/4/862c792ba8eb7f97e626fbe6cbcc59f6.png,https://cuescore.com/img/flags/png-country-4x2-none/res-640x480/ph.png,400.44,400.36,2020-01-24,obk,False,anchored,,18,7,11,18,7,11,0,0,0,0,0,0
2,3543768,Dennis,https://img.cuescore.com/image/8/4/862c792ba8eb7f97e626fbe6cbcc59f6.png,https://cuescore.com/img/flags/png-country-4x2-none/res-640x480/us.png,400.44,400.45,2018-12-17,obk,False,anchored,,7,3,4,7,3,4,0,0,0,0,0,0
2,3036773,Mathias Stav,https://img.cuescore.com/image/8/4/862c792ba8eb7f97e626fbe6cbcc59f6.png,https://cuescore.com/img/flags/png-country-4x2-none/res-640x480/no.png,400.39,400.4,2018-09-10,obk,False,anchored,,10,5,5,10,5,5,0,0,0,0,0,0
2,8362037,Gunn Hellen,https://img.cuescore.com/image/5/4/5aa6aa48f7d5ffe854d5266ac08db7ef.png,https://cuescore.com/img/flags/png-country-4x2-none/res-640x480/no.png,400.39,400.4,2020-10-12,obk,False,anchored,,4,2,2,4,2,2,0,0,0,0,0,0
2,12339043,Magnus Groseth,https://img.cuescore.com/image/5/4/58ebae7e492bbafb077ff0f5c97974c1.png?t=1674052498,https://cuescore.com/img/flags/png-country-4x2-none/res-640x480/no.png,400.28,400.4,2023-01-18,obk,False,anchored,225.0,58,23,35,58,23,35,0,0,0,0,0,0
2,3309293,OC. Hansen,https://img.cuescore.com/image/8/4/8b2fbc4be2ca61b5026159819c8960d5.png?t=1652605995,https://cuescore.com/img/flags/png-country-4x2-none/res-640x480/no.png,400.2,400.19,2023-06-03,obk,False,anchored,275.0,2,1,1,0,0,0,2,1,1,0,0,0
2,3508777,Outi,https://img.cuescore.com/image/5/4/5aa6aa48f7d5ffe854d5266ac08db7ef.png,https://cuescore.com/img/flags/png-country-4x2-none/res-640x480/no.png,400.13,400.13,2018-12-10,obk,False,anchored,,8,4,4,8,4,4,0,0,0,0,0,0
2,42294346,Sigurd Ibsen,https://img.cuescore.com/image/8/4/862c792ba8eb7f97e626fbe6cbcc59f6.png,https://cuescore.com/img/flags/png-country-4x2-none/res-640x480/no.png,400.13,400.13,2024-04-27,obk,False,anchored,,2,1,1,2,1,1,0,0,0,0,0,0
2,60309976,Samuel Feste,https://img.cuescore.com/image/8/4/862c792ba8eb7f97e626fbe6cbcc59f6.png,https://cuescore.com/img/flags/png-country-4x2-none/res-640x480/no.png,400.08,400.12,2026-02-23,obk,False,anchored,180.0,15,8,7,15,8,7,0,0,0,0,0,0
2,4762955,Benjamin,https://img.cuescore.com/image/8/4/862c792ba8eb7f97e626fbe6cbcc59f6.png,https://cuescore.com/img/flags/png-country-4x2-none/res-640x480/no.png,400.07,400.09,2019-02-18,obk,False,anchored,,23,10,13,23,10,13,0,0,0,0,0,0
2,1006283,Jan Erik Gundersen,https://img.cuescore.com/image/0/4/0c24bbf2b386a7084424cd3aadb80dd8.png?t=1537810552,https://cuescore.com/img/flags/png-country-4x2-none/res-640x480/no.png,400.07,400.07,2018-10-10,obk,False,anchored,97.0,3,1,2,3,1,2,0,0,0,0,0,0
2,5063317,Eirik N,https://img.cuescore.com/image/8/4/862c792ba8eb7f97e626fbe6cbcc59f6.png,https://cuescore.com/img/flags/png-country-4x2-none/res-640x480/no.png,400.01,400.01,2019-03-18,obk,False,anchored,,9,4,5,9,4,5,0,0,0,0,0,0
2,42294226,Kristoffer Myhre,https://img.cuescore.com/image/8/4/862c792ba8eb7f97e626fbe6cbcc59f6.png,https://cuescore.com/img/flags/png-country-4x2-none/res-640x480/no.png,400.01,400.01,2024-04-27,obk,False,anchored,,2,1,1,2,1,1,0,0,0,0,0,0
2,42280075,Eivind Jørgensen,https://img.cuescore.com/image/8/4/862c792ba8eb7f97e626fbe6cbcc59f6.png,https://cuescore.com/img/flags/png-country-4x2-none/res-640x480/no.png,400.01,400.0,2024-04-27,obk,False,anchored,,2,1,1,2,1,1,0,0,0,0,0,0
2,1286272,Chris Melling,https://img.cuescore.com/image/3/4/356fefcf263ca65fab4970105f37ab60.png?t=1730878839,https://cuescore.com/img/flags/png-country-4x2-none/res-640x480/gb.png,399.99,399.95,2020-01-24,obk,False,anchored,,20,9,11,20,9,11,0,0,0,0,0,0
2,43190422,Sang Luong,https://img.cuescore.com/image/d/4/dc13e3a34dd216ec238a852216b3d368.png?t=1716297885,https://cuescore.com/img/flags/png-country-4x2-none/res-640x480/vn.png,399.98,399.99,2024-05-21,obk,False,anchored,,4,2,2,4,2,2,0,0,0,0,0,0
2,34719502,Jonathan Storvik,https://img.cuescore.com/image/8/4/862c792ba8eb7f97e626fbe6cbcc59f6.png,https://cuescore.com/img/flags/png-country-4x2-none/res-640x480/no.png,399.96,399.99,2024-07-15,obk,False,anchored,175.0,24,12,12,24,12,12,0,0,0,0,0,0
2,9209866,Johannes Sandström,https://img.cuescore.com/image/8/4/862c792ba8eb7f97e626fbe6cbcc59f6.png,https://cuescore.com/img/flags/png-country-4x2-none/res-640x480/se.png,399.94,399.99,2022-02-21,obk,False,anchored,,33,14,19,33,14,19,0,0,0,0,0,0
2,18283951,Gabriel Salvesen,https://img.cuescore.com/image/6/4/617beda9646d1770816a08319adaa7e3.png?t=1664293865,https://cuescore.com/img/flags/png-country-4x2-none/res-640x480/no.png,399.93,399.93,2023-10-15,obk,False,anchored,,3,1,2,3,1,2,0,0,0,0,0,0
2,3637421,Henning Evensen,https://img.cuescore.com/image/5/4/58eab07d2013613340772c0d6d622662.png?t=1547562258,https://cuescore.com/img/flags/png-country-4x2-none/res-640x480/no.png,399.89,399.87,2019-09-22,ostkanten,False,anchored,,8,3,5,0,0,0,8,3,5,0,0,0
2,80088052,Razzle Dazzle,https://img.cuescore.com/image/8/4/862c792ba8eb7f97e626fbe6cbcc59f6.png,https://cuescore.com/img/flags/png-country-4x2-none/res-640x480/ro.png,399.83,399.88,2026-04-12,ostkanten,False,anchored,,14,4,10,0,0,0,14,4,10,0,0,0
2,1075531,Thang Vu Ngoc,https://img.cuescore.com/image/8/4/862c792ba8eb7f97e626fbe6cbcc59f6.png,https://cuescore.com/img/flags/png-country-4x2-none/res-640x480/no.png,399.8,399.8,2017-09-25,obk,False,anchored,,10,5,5,10,5,5,0,0,0,0,0,0
2,5140382,Jørgen Johansen,https://img.cuescore.com/image/8/4/862c792ba8eb7f97e626fbe6cbcc59f6.png,https://cuescore.com/img/flags/png-country-4x2-none/res-640x480/no.png,399.78,399.78,2019-04-01,obk,False,anchored,,7,3,4,7,3,4,0,0,0,0,0,0
2,1006454,Robin Svedin,https://img.cuescore.com/image/9/4/95022528569ec3f0e42fd735817a9a85.png?t=1762575167,https://cuescore.com/img/flags/png-country-4x2-none/res-640x480/no.png,399.78,399.78,2019-08-31,obk,False,anchored,4.0,1,0,1,1,0,1,0,0,0,0,0,0
2,2166644,Nicolai Sætra,https://img.cuescore.com/image/f/4/f0ecab4af4dd1d68f5d037f0acea4f65.png?t=1519837466,https://cuescore.com/img/flags/png-country-4x2-none/res-640x480/no.png,399.7,399.69,2019-08-31,obk,False,anchored,6.0,1,0,1,1,0,1,0,0,0,0,0,0
2,2167251,Tor Bugten,https://img.cuescore.com/image/8/4/862c792ba8eb7f97e626fbe6cbcc59f6.png,https://cuescore.com/img/flags/png-country-4x2-none/res-640x480/no.png,399.65,399.65,2018-02-19,obk,False,anchored,,8,3,5,8,3,5,0,0,0,0,0,0
2,7027028,Wael,https://img.cuescore.com/image/8/4/862c792ba8eb7f97e626fbe6cbcc59f6.png,https://cuescore.com/img/flags/png-country-4x2-none/res-640x480/no.png,399.63,399.63,2022-10-24,obk,False,anchored,225.0,11,4,7,11,4,7,0,0,0,0,0,0
2,1006419,Ole Kristian Elnæs,https://img.cuescore.com/image/b/4/b130d080a36488e0a86e683be5b16db3.png?t=1516825670,https://cuescore.com/img/flags/png-country-4x2-none/res-640x480/no.png,399.52,399.51,2023-04-23,ostkanten,False,anchored,,10,3,7,10,3,7,0,0,0,0,0,0
2,3305265,Fredrik Nyberg,https://img.cuescore.com/image/8/4/862c792ba8eb7f97e626fbe6cbcc59f6.png,https://cuescore.com/img/flags/png-country-4x2-none/res-640x480/se.png,399.51,399.53,2024-10-07,obk,False,anchored,266.0,27,9,18,27,9,18,0,0,0,0,0,0
2,1006516,Timo Mäkelä,https://img.cuescore.com/image/8/4/862c792ba8eb7f97e626fbe6cbcc59f6.png,https://cuescore.com/img/flags/png-country-4x2-none/res-640x480/no.png,399.28,399.28,2018-04-18,obk,False,anchored,,1,0,1,1,0,1,0,0,0,0,0,0
2,3439599,Even Nguyen,https://img.cuescore.com/image/8/4/862c792ba8eb7f97e626fbe6cbcc59f6.png,https://cuescore.com/img/flags/png-country-4x2-none/res-640x480/no.png,399.26,399.27,2018-12-03,obk,False,anchored,,5,2,3,5,2,3,0,0,0,0,0,0
2,1714798,Efka Jega,https://img.cuescore.com/image/5/4/5b939af9399cb941afb5fece6c8a5e0f.png?t=1506354695,,399.25,399.25,2017-10-09,obk,False,anchored,,26,13,13,26,13,13,0,0,0,0,0,0
2,2357030,Jens Gundersen,https://img.cuescore.com/image/8/4/862c792ba8eb7f97e626fbe6cbcc59f6.png,https://cuescore.com/img/flags/png-country-4x2-none/res-640x480/no.png,399.25,399.24,2018-04-16,obk,False,anchored,,1,0,1,1,0,1,0,0,0,0,0,0
2,77926909,Fredrik August Svendsen,https://img.cuescore.com/image/8/4/862c792ba8eb7f97e626fbe6cbcc59f6.png,https://cuescore.com/img/flags/png-country-4x2-none/res-640x480/no.png,399.21,399.23,2026-03-06,obk,False,anchored,,14,6,8,14,6,8,0,0,0,0,0,0
2,6550337,Mats Rognås,https://img.cuescore.com/image/8/4/862c792ba8eb7f97e626fbe6cbcc59f6.png,https://cuescore.com/img/flags/png-country-4x2-none/res-640x480/no.png,399.19,399.19,2019-09-30,obk,False,anchored,,19,8,11,19,8,11,0,0,0,0,0,0
2,1024684,Christian Laland,https://img.cuescore.com/image/b/4/b289a8b84ffba4e8d816a4011720062d.png?t=1536997209,https://cuescore.com/img/flags/png-country-4x2-none/res-640x480/no.png,399.16,399.15,2018-06-18,obk,False,anchored,,3,1,2,3,1,2,0,0,0,0,0,0
2,1511260,Lars Haakon Lunde,https://img.cuescore.com/image/8/4/862c792ba8eb7f97e626fbe6cbcc59f6.png,https://cuescore.com/img/flags/png-country-4x2-none/res-640x480/no.png,399.13,399.13,2017-11-13,obk,False,anchored,,11,4,7,11,4,7,0,0,0,0,0,0
2,1183879,Alexander Juliussen,https://img.cuescore.com/image/8/4/862c792ba8eb7f97e626fbe6cbcc59f6.png,https://cuescore.com/img/flags/png-country-4x2-none/res-640x480/no.png,399.12,399.12,2019-12-02,obk,False,anchored,,5,1,4,5,1,4,0,0,0,0,0,0
2,5096958,Rune Paris,https://img.cuescore.com/image/8/4/862c792ba8eb7f97e626fbe6cbcc59f6.png,https://cuescore.com/img/flags/png-country-4x2-none/res-640x480/no.png,399.11,399.12,2019-09-01,ostkanten,False,anchored,,8,2,6,0,0,0,8,2,6,0,0,0
2,6550338,Isak Karlsen,https://img.cuescore.com/image/8/4/862c792ba8eb7f97e626fbe6cbcc59f6.png,https://cuescore.com/img/flags/png-country-4x2-none/res-640x480/no.png,399.09,399.1,2019-09-30,obk,False,anchored,,14,6,8,14,6,8,0,0,0,0,0,0
2,3299855,Thomas Wiik,https://img.cuescore.com/image/8/4/862c792ba8eb7f97e626fbe6cbcc59f6.png,https://cuescore.com/img/flags/png-country-4x2-none/res-640x480/no.png,399.09,399.09,2022-01-16,ostkanten,False,anchored,,6,1,5,0,0,0,6,1,5,0,0,0
2,1006275,Ine Helvik,https://img.cuescore.com/image/2/4/298bfe7fd43486727629e7f2aaa2f31b.png?t=1546256713,https://cuescore.com/img/flags/png-country-4x2-none/res-640x480/no.png,399.06,399.06,2022-07-11,ostkanten,False,anchored,,1,0,1,0,0,0,1,0,1,0,0,0
2,6863635,Jan olav Nordskog,https://img.cuescore.com/image/8/4/862c792ba8eb7f97e626fbe6cbcc59f6.png,https://cuescore.com/img/flags/png-country-4x2-none/res-640x480/no.png,399.04,399.05,2019-11-18,obk,False,anchored,,7,3,4,7,3,4,0,0,0,0,0,0
2,6680803,Jake Hill,https://img.cuescore.com/image/8/4/862c792ba8eb7f97e626fbe6cbcc59f6.png,https://cuescore.com/img/flags/png-country-4x2-none/res-640x480/gb-eng.png,399.03,399.04,2019-10-21,obk,False,anchored,,15,7,8,15,7,8,0,0,0,0,0,0
2,5159274,Nahom Legesse Tafesse,https://img.cuescore.com/image/8/4/862c792ba8eb7f97e626fbe6cbcc59f6.png,https://cuescore.com/img/flags/png-country-4x2-none/res-640x480/et.png,398.99,398.99,2019-11-11,obk,False,anchored,,7,3,4,7,3,4,0,0,0,0,0,0
2,2431088,Chalak,https://img.cuescore.com/image/8/4/862c792ba8eb7f97e626fbe6cbcc59f6.png,https://cuescore.com/img/flags/png-country-4x2-none/res-640x480/no.png,398.97,398.99,2018-04-30,obk,False,anchored,,23,9,14,23,9,14,0,0,0,0,0,0
2,7458715,Kristoforos,https://img.cuescore.com/image/8/4/862c792ba8eb7f97e626fbe6cbcc59f6.png,https://cuescore.com/img/flags/png-country-4x2-none/res-640x480/no.png,398.97,398.98,2020-02-17,obk,False,anchored,,7,3,4,7,3,4,0,0,0,0,0,0
2,1472752,Aneta Johnsen,https://img.cuescore.com/image/5/4/5aa6aa48f7d5ffe854d5266ac08db7ef.png,https://cuescore.com/img/flags/png-country-4x2-none/res-640x480/no.png,398.96,398.96,2017-10-30,obk,False,anchored,,13,6,7,13,6,7,0,0,0,0,0,0
2,7027022,Marie,https://img.cuescore.com/image/8/4/862c792ba8eb7f97e626fbe6cbcc59f6.png,https://cuescore.com/img/flags/png-country-4x2-none/res-640x480/no.png,398.94,398.94,2019-12-14,obk,False,anchored,,2,0,2,2,0,2,0,0,0,0,0,0
2,15769831,Thea Nordnes,https://img.cuescore.com/image/0/4/0a71ab0c2790b9a6e4e625bdcafdafb3.png?t=1652179905,https://cuescore.com/img/flags/png-country-4x2-none/res-640x480/no.png,398.92,398.92,2023-03-19,ostkanten,False,anchored,,3,1,2,0,0,0,3,1,2,0,0,0
2,6082345,Virginijus Sipavičius,https://img.cuescore.com/image/0/4/0786d6223eba29ad0f875f374dc8eb15.png?t=1633953904,https://cuescore.com/img/flags/png-country-4x2-none/res-640x480/lt.png,398.92,398.92,2019-08-31,obk,False,anchored,3.0,1,0,1,1,0,1,0,0,0,0,0,0
2,2243631,Jens Gundersen,https://img.cuescore.com/image/8/4/862c792ba8eb7f97e626fbe6cbcc59f6.png,https://cuescore.com/img/flags/png-country-4x2-none/res-640x480/no.png,398.92,398.92,2018-06-18,obk,False,anchored,,2,0,2,2,0,2,0,0,0,0,0,0
2,17073727,Svein Roger Hansen,https://img.cuescore.com/image/8/4/84c5d6bcba4d0473eba66d138dad94df.png?t=1659867020,https://cuescore.com/img/flags/png-country-4x2-none/res-640x480/no.png,398.69,398.65,2024-06-02,ostkanten,False,anchored,1.0,24,6,18,24,6,18,0,0,0,0,0,0
2,1949271,Olaus C Hansen,https://img.cuescore.com/image/8/4/862c792ba8eb7f97e626fbe6cbcc59f6.png,https://cuescore.com/img/flags/png-country-4x2-none/res-640x480/no.png,398.66,398.67,2024-03-09,obk,False,anchored,,4,1,3,4,1,3,0,0,0,0,0,0
2,1079170,Rune Løe,https://img.cuescore.com/image/b/4/b4949314266e20f25811f361e43de15a.png?t=1556688554,https://cuescore.com/img/flags/png-country-4x2-none/res-640x480/no.png,398.65,398.65,2019-12-14,obk,False,anchored,61.0,2,0,2,2,0,2,0,0,0,0,0,0
2,11705854,Riaz Ali,https://img.cuescore.com/image/8/4/862c792ba8eb7f97e626fbe6cbcc59f6.png,https://cuescore.com/img/flags/png-country-4x2-none/res-640x480/no.png,398.65,398.65,2022-07-11,ostkanten,False,anchored,,1,0,1,0,0,0,1,0,1,0,0,0
2,16672135,Eivind Tunstad,https://img.cuescore.com/image/8/4/862c792ba8eb7f97e626fbe6cbcc59f6.png,https://cuescore.com/img/flags/png-country-4x2-none/res-640x480/no.png,398.65,398.65,2022-07-11,ostkanten,False,anchored,,1,0,1,0,0,0,1,0,1,0,0,0
2,1018075,Jo Erlend,https://img.cuescore.com/image/8/4/862c792ba8eb7f97e626fbe6cbcc59f6.png,,398.63,398.62,2017-01-02,obk,False,anchored,,5,1,4,5,1,4,0,0,0,0,0,0
2,1384599,Hamid Alizadeh,https://img.cuescore.com/image/5/4/53e8bebe1d09f3439bd3753861854423.png?t=1643310610,https://cuescore.com/img/flags/png-country-4x2-none/res-640x480/no.png,398.52,398.52,2019-07-24,obk,False,anchored,2.0,8,3,5,8,3,5,0,0,0,0,0,0
2,1411042,Skyler Woodward,https://img.cuescore.com/image/f/4/fc457760315328968094d9e7fa83e716.png?t=1553693365,https://cuescore.com/img/flags/png-country-4x2-none/res-640x480/us.png,398.51,398.45,2020-01-24,obk,False,anchored,,14,3,11,14,3,11,0,0,0,0,0,0
2,40875670,Jan Kjetil Alfstad,https://img.cuescore.com/image/8/4/862c792ba8eb7f97e626fbe6cbcc59f6.png,https://cuescore.com/img/flags/png-country-4x2-none/res-640x480/no.png,398.48,398.47,2024-03-16,obk,False,anchored,,1,0,1,1,0,1,0,0,0,0,0,0
2,73998136,Andreas Langkås,https://img.cuescore.com/image/8/4/862c792ba8eb7f97e626fbe6cbcc59f6.png,https://cuescore.com/img/flags/png-country-4x2-none/res-640x480/no.png,398.45,398.58,2025-12-27,obk,False,anchored,5.0,13,4,9,13,4,9,0,0,0,0,0,0
2,1006193,Dag Johnsen,https://img.cuescore.com/image/8/4/846da8f03bebb58d781746edb0335956.png?t=1489061635,https://cuescore.com/img/flags/png-country-4x2-none/res-640x480/no.png,398.44,398.44,2018-08-15,obk,False,anchored,54.0,17,5,12,17,5,12,0,0,0,0,0,0
2,2052755,Erling Betten,https://img.cuescore.com/image/6/4/63f5f5ed13357a80981a19ce09468cc7.png?t=1515326914,,398.41,398.42,2018-01-15,obk,False,anchored,,9,3,6,9,3,6,0,0,0,0,0,0
2,2400653,Cathleen,https://img.cuescore.com/image/5/4/5aa6aa48f7d5ffe854d5266ac08db7ef.png,https://cuescore.com/img/flags/png-country-4x2-none/res-640x480/no.png,398.38,398.39,2018-04-23,obk,False,anchored,,9,4,5,9,4,5,0,0,0,0,0,0
2,2013157,Fredrik Hovda,https://img.cuescore.com/image/8/4/862c792ba8eb7f97e626fbe6cbcc59f6.png,https://cuescore.com/img/flags/png-country-4x2-none/res-640x480/no.png,398.34,398.34,2017-12-11,obk,False,anchored,,5,1,4,5,1,4,0,0,0,0,0,0
2,6962355,Dennis,https://img.cuescore.com/image/8/4/862c792ba8eb7f97e626fbe6cbcc59f6.png,https://cuescore.com/img/flags/png-country-4x2-none/res-640x480/no.png,398.33,398.34,2019-12-02,obk,False,anchored,,9,3,6,9,3,6,0,0,0,0,0,0
2,1006451,Robert Gelin Rysjedal,https://img.cuescore.com/image/7/4/775a8c69cbad1ba33b3766b608acc2d9.png?t=1710020783,https://cuescore.com/img/flags/png-country-4x2-none/res-640x480/no.png,398.32,398.3,2019-06-07,obk,False,anchored,,10,2,8,10,2,8,0,0,0,0,0,0
2,16996051,Ylva Mathisen,https://img.cuescore.com/image/5/4/5aa6aa48f7d5ffe854d5266ac08db7ef.png,https://cuescore.com/img/flags/png-country-4x2-none/res-640x480/no.png,398.31,398.31,2022-08-03,obk,False,anchored,,5,2,3,5,2,3,0,0,0,0,0,0
2,25508719,Magnus Maprang Dahlø,https://img.cuescore.com/image/5/4/535e65630064412bdba604db24b2b636.png?t=1784791853,https://cuescore.com/img/flags/png-country-4x2-none/res-640x480/no.png,398.3,398.3,2026-03-21,obk,False,anchored,,3,1,2,3,1,2,0,0,0,0,0,0
2,2267856,Jimmy Andersson,https://img.cuescore.com/image/8/4/862c792ba8eb7f97e626fbe6cbcc59f6.png,https://cuescore.com/img/flags/png-country-4x2-none/res-640x480/se.png,398.25,398.32,2018-03-26,obk,False,anchored,,54,21,33,54,21,33,0,0,0,0,0,0
2,6909215,Thomas Andreassen,https://img.cuescore.com/image/8/4/862c792ba8eb7f97e626fbe6cbcc59f6.png,https://cuescore.com/img/flags/png-country-4x2-none/res-640x480/no.png,398.23,398.23,2020-01-20,obk,False,anchored,,6,2,4,6,2,4,0,0,0,0,0,0
2,16631866,Matteo Melera,https://img.cuescore.com/image/8/4/862c792ba8eb7f97e626fbe6cbcc59f6.png,https://cuescore.com/img/flags/png-country-4x2-none/res-640x480/no.png,398.22,398.22,2022-07-07,ostkanten,False,anchored,,3,1,2,0,0,0,3,1,2,0,0,0
2,5475535,Sandro Hasecic,https://img.cuescore.com/image/c/4/c0fa701330e893d119b851a929db0de8.png?t=1610458338,https://cuescore.com/img/flags/png-country-4x2-none/res-640x480/no.png,398.07,398.09,2022-12-30,obk,False,anchored,,21,8,13,21,8,13,0,0,0,0,0,0
2,8296078,Mathias Hæreid,https://img.cuescore.com/image/8/4/862c792ba8eb7f97e626fbe6cbcc59f6.png,https://cuescore.com/img/flags/png-country-4x2-none/res-640x480/no.png,398.07,398.06,2020-09-28,obk,False,anchored,,3,0,3,3,0,3,0,0,0,0,0,0
2,4936012,Halvor,https://img.cuescore.com/image/8/4/862c792ba8eb7f97e626fbe6cbcc59f6.png,https://cuescore.com/img/flags/png-country-4x2-none/res-640x480/no.png,397.99,397.98,2019-03-04,obk,False,anchored,,2,0,2,2,0,2,0,0,0,0,0,0
2,1127825,Jeremy Caston,https://img.cuescore.com/image/0/4/0b6123b5807939c349b0e376d8983e2f.png?t=1600873002,https://cuescore.com/img/flags/png-country-4x2-none/res-640x480/no.png,397.99,397.99,2025-04-09,obk,False,anchored,372.0,3,1,2,0,0,0,3,1,2,0,0,0
2,4734031,Simon,https://img.cuescore.com/image/8/4/862c792ba8eb7f97e626fbe6cbcc59f6.png,https://cuescore.com/img/flags/png-country-4x2-none/res-640x480/no.png,397.91,397.91,2019-02-04,obk,False,anchored,,5,1,4,5,1,4,0,0,0,0,0,0
2,5076660,Fredrik Nymark,https://img.cuescore.com/image/8/4/862c792ba8eb7f97e626fbe6cbcc59f6.png,https://cuescore.com/img/flags/png-country-4x2-none/res-640x480/no.png,397.87,397.88,2020-02-24,obk,False,anchored,,11,4,7,11,4,7,0,0,0,0,0,0
2,8340868,Enrique (El Zagal) Ruzafa,https://img.cuescore.com/image/8/4/862c792ba8eb7f97e626fbe6cbcc59f6.png,https://cuescore.com/img/flags/png-country-4x2-none/res-640x480/no.png,397.82,397.83,2020-10-07,obk,False,anchored,,14,3,11,14,3,11,0,0,0,0,0,0
2,5558769,walk over 18,https://img.cuescore.com/image/8/4/862c792ba8eb7f97e626fbe6cbcc59f6.png,https://cuescore.com/img/flags/png-country-4x2-none/res-640x480/it.png,397.78,397.78,2019-06-27,obk,False,anchored,,6,1,5,6,1,5,0,0,0,0,0,0
2,6461417,Per Holm,https://img.cuescore.com/image/8/4/862c792ba8eb7f97e626fbe6cbcc59f6.png,https://cuescore.com/img/flags/png-country-4x2-none/res-640x480/no.png,397.75,397.76,2019-09-16,obk,False,anchored,,8,2,6,8,2,6,0,0,0,0,0,0
2,1061547,Henning Svensson,https://img.cuescore.com/image/2/4/2586416abf840070fb6cfcd0272cbff3.png?t=1657268815,https://cuescore.com/img/flags/png-country-4x2-none/res-640x480/no.png,397.69,397.69,2022-06-30,ostkanten,False,anchored,5.0,2,0,2,0,0,0,2,0,2,0,0,0
2,1006166,Bjørn Johan Lorange,https://img.cuescore.com/image/8/4/862c792ba8eb7f97e626fbe6cbcc59f6.png,https://cuescore.com/img/flags/png-country-4x2-none/res-640x480/no.png,397.68,397.67,2024-04-13,obk,False,anchored,,5,2,3,5,2,3,0,0,0,0,0,0
2,26005630,Cathrine Fjermerås,https://img.cuescore.com/image/5/4/5aa6aa48f7d5ffe854d5266ac08db7ef.png,https://cuescore.com/img/flags/png-country-4x2-none/res-640x480/no.png,397.62,397.62,2023-06-19,obk,False,anchored,110.0,6,2,4,6,2,4,0,0,0,0,0,0
2,6461421,Ole,https://img.cuescore.com/image/8/4/862c792ba8eb7f97e626fbe6cbcc59f6.png,https://cuescore.com/img/flags/png-country-4x2-none/res-640x480/no.png,397.59,397.59,2019-09-16,obk,False,anchored,,12,5,7,12,5,7,0,0,0,0,0,0
2,57799534,Iris Marie Evdahl,https://img.cuescore.com/image/f/4/f55166c463c87aaf1907b184fd111821.png?t=1763125182,https://cuescore.com/img/flags/png-country-4x2-none/res-640x480/no.png,397.54,397.74,2026-07-26,ostkanten,False,anchored,225.0,413,138,275,238,91,147,175,47,128,0,0,0
2,19059169,Ilyas Amri,https://img.cuescore.com/image/4/4/47ded01f939e677e2aa69a2e4a4e92d1.png?t=1747178216,https://cuescore.com/img/flags/png-country-4x2-none/res-640x480/no.png,397.49,397.53,2025-06-02,obk,False,anchored,198.0,16,7,9,16,7,9,0,0,0,0,0,0
2,1756915,Jo Erlend Schinstad,https://img.cuescore.com/image/8/4/862c792ba8eb7f97e626fbe6cbcc59f6.png,https://cuescore.com/img/flags/png-country-4x2-none/res-640x480/no.png,397.4,397.4,2018-09-10,obk,False,anchored,,5,1,4,5,1,4,0,0,0,0,0,0
2,2251357,Abdullah Demir,https://img.cuescore.com/image/8/4/862c792ba8eb7f97e626fbe6cbcc59f6.png,,397.4,397.4,2018-03-19,obk,False,anchored,,5,1,4,5,1,4,0,0,0,0,0,0
2,8112358,Marcus Andre Trondsen,https://img.cuescore.com/image/d/4/d228d351e8223ea083bf531cc4042fb7.png?t=1599492841,https://cuescore.com/img/flags/png-country-4x2-none/res-640x480/no.png,397.39,397.4,2020-09-07,obk,False,anchored,,12,4,8,12,4,8,0,0,0,0,0,0
2,1429235,Martin Andersson,https://img.cuescore.com/image/8/4/862c792ba8eb7f97e626fbe6cbcc59f6.png,https://cuescore.com/img/flags/png-country-4x2-none/res-640x480/se.png,397.39,397.39,2018-10-22,obk,False,anchored,,6,1,5,6,1,5,0,0,0,0,0,0
2,42294208,Øyvind OL,https://img.cuescore.com/image/8/4/862c792ba8eb7f97e626fbe6cbcc59f6.png,https://cuescore.com/img/flags/png-country-4x2-none/res-640x480/no.png,397.35,397.35,2024-04-27,obk,False,anchored,,1,0,1,1,0,1,0,0,0,0,0,0
2,2890757,Maria,https://img.cuescore.com/image/5/4/5aa6aa48f7d5ffe854d5266ac08db7ef.png,https://cuescore.com/img/flags/png-country-4x2-none/res-640x480/no.png,397.34,397.34,2018-10-08,obk,False,anchored,,15,6,9,15,6,9,0,0,0,0,0,0
2,6914065,Bokai Wen,https://img.cuescore.com/image/8/4/862c792ba8eb7f97e626fbe6cbcc59f6.png,https://cuescore.com/img/flags/png-country-4x2-none/res-640x480/no.png,397.33,397.33,2019-12-09,obk,False,anchored,,5,1,4,5,1,4,0,0,0,0,0,0
2,2165290,Michael Andersson,https://img.cuescore.com/image/8/4/862c792ba8eb7f97e626fbe6cbcc59f6.png,https://cuescore.com/img/flags/png-country-4x2-none/res-640x480/se.png,397.32,397.31,2018-02-18,ostkanten,False,anchored,,9,3,6,0,0,0,9,3,6,0,0,0
2,3543771,Jonas Laskemoen,https://img.cuescore.com/image/8/4/862c792ba8eb7f97e626fbe6cbcc59f6.png,https://cuescore.com/img/flags/png-country-4x2-none/res-640x480/no.png,397.27,397.27,2018-12-17,obk,False,anchored,,5,1,4,5,1,4,0,0,0,0,0,0
2,40875667,Terje Larsen Larsen,https://img.cuescore.com/image/8/4/862c792ba8eb7f97e626fbe6cbcc59f6.png,https://cuescore.com/img/flags/png-country-4x2-none/res-640x480/no.png,397.26,397.25,2024-03-16,obk,False,anchored,,1,0,1,1,0,1,0,0,0,0,0,0
2,2140523,Ola Mo,https://img.cuescore.com/image/8/4/862c792ba8eb7f97e626fbe6cbcc59f6.png,https://cuescore.com/img/flags/png-country-4x2-none/res-640x480/no.png,397.25,397.26,2018-02-12,obk,False,anchored,,30,12,18,30,12,18,0,0,0,0,0,0
2,1006228,Espen M. Andersen,https://img.cuescore.com/image/7/4/7b077f3e3fb166e1912735cbc25237ee.png?t=1484669440,https://cuescore.com/img/flags/png-country-4x2-none/res-640x480/no.png,397.16,397.14,2021-09-01,obk,False,anchored,110.0,10,1,9,10,1,9,0,0,0,0,0,0
2,16630669,Marios Zalachas,https://img.cuescore.com/image/8/4/862c792ba8eb7f97e626fbe6cbcc59f6.png,https://cuescore.com/img/flags/png-country-4x2-none/res-640x480/no.png,397.11,397.11,2022-07-07,ostkanten,False,anchored,,2,0,2,0,0,0,2,0,2,0,0,0
2,44119141,Gaute Rogstad,https://img.cuescore.com/image/8/4/862c792ba8eb7f97e626fbe6cbcc59f6.png,https://cuescore.com/img/flags/png-country-4x2-none/res-640x480/no.png,397.08,397.32,2026-09-13,ostkanten,False,anchored,166.0,350,134,216,209,98,111,141,36,105,0,0,0
2,1423374,Geir André Nilsen,https://img.cuescore.com/image/a/4/acb00369802aee8a1bf1d0b23f22f112.png?t=1554112361,https://cuescore.com/img/flags/png-country-4x2-none/res-640x480/no.png,397.0,397.01,2021-09-08,obk,False,anchored,61.0,16,5,11,16,5,11,0,0,0,0,0,0
2,34217209,Kenneth Eknes,https://img.cuescore.com/image/8/4/862c792ba8eb7f97e626fbe6cbcc59f6.png,https://cuescore.com/img/flags/png-country-4x2-none/res-640x480/no.png,396.9,396.9,2023-10-23,obk,False,anchored,,7,3,4,7,3,4,0,0,0,0,0,0
2,2525464,Oc Hansen,https://img.cuescore.com/image/8/4/862c792ba8eb7f97e626fbe6cbcc59f6.png,https://cuescore.com/img/flags/png-country-4x2-none/res-640x480/no.png,396.86,396.86,2018-05-07,obk,False,anchored,,14,5,9,14,5,9,0,0,0,0,0,0
2,42280069,Geir M Nilsen,https://img.cuescore.com/image/8/4/862c792ba8eb7f97e626fbe6cbcc59f6.png,https://cuescore.com/img/flags/png-country-4x2-none/res-640x480/no.png,396.86,396.85,2024-04-27,obk,False,anchored,,1,0,1,1,0,1,0,0,0,0,0,0
2,2684409,Roland,https://img.cuescore.com/image/8/4/862c792ba8eb7f97e626fbe6cbcc59f6.png,https://cuescore.com/img/flags/png-country-4x2-none/res-640x480/no.png,396.83,396.83,2018-06-16,obk,False,anchored,,5,1,4,5,1,4,0,0,0,0,0,0
2,2110679,Eskil Skogen,https://img.cuescore.com/image/8/4/862c792ba8eb7f97e626fbe6cbcc59f6.png,https://cuescore.com/img/flags/png-country-4x2-none/res-640x480/no.png,396.81,396.81,2018-03-05,obk,False,anchored,,8,2,6,8,2,6,0,0,0,0,0,0
2,20969761,Ahmed Allawi,https://img.cuescore.com/image/8/4/862c792ba8eb7f97e626fbe6cbcc59f6.png,https://cuescore.com/img/flags/png-country-4x2-none/res-640x480/no.png,396.8,396.79,2024-03-16,obk,False,anchored,,1,0,1,1,0,1,0,0,0,0,0,0
2,11381914,Håvard Dyvesveen,https://img.cuescore.com/image/8/4/862c792ba8eb7f97e626fbe6cbcc59f6.png,https://cuescore.com/img/flags/png-country-4x2-none/res-640x480/no.png,396.78,396.79,2025-01-06,obk,False,anchored,175.0,15,5,10,15,5,10,0,0,0,0,0,0
2,2577877,Britt Sølvi Hauge Pettersen,https://img.cuescore.com/image/1/4/109aeba109c23887012b75a85eaa62a6.png?t=1732796970,https://cuescore.com/img/flags/png-country-4x2-none/res-640x480/no.png,396.74,396.87,2025-07-02,obk,False,anchored,225.0,13,4,9,13,4,9,0,0,0,0,0,0
2,42294352,Thomas Riis,https://img.cuescore.com/image/8/4/862c792ba8eb7f97e626fbe6cbcc59f6.png,https://cuescore.com/img/flags/png-country-4x2-none/res-640x480/no.png,396.74,396.73,2024-04-27,obk,False,anchored,,1,0,1,1,0,1,0,0,0,0,0,0
2,42294337,Øyvind Håheim,https://img.cuescore.com/image/8/4/862c792ba8eb7f97e626fbe6cbcc59f6.png,https://cuescore.com/img/flags/png-country-4x2-none/res-640x480/no.png,396.74,396.73,2024-04-27,obk,False,anchored,,1,0,1,1,0,1,0,0,0,0,0,0
2,6461422,Fredrik,https://img.cuescore.com/image/8/4/862c792ba8eb7f97e626fbe6cbcc59f6.png,https://cuescore.com/img/flags/png-country-4x2-none/res-640x480/no.png,396.71,396.71,2019-09-16,obk,False,anchored,,7,2,5,7,2,5,0,0,0,0,0,0
2,42294334,Jon Olav Birkeland,https://img.cuescore.com/image/8/4/862c792ba8eb7f97e626fbe6cbcc59f6.png,https://cuescore.com/img/flags/png-country-4x2-none/res-640x480/no.png,396.7,396.69,2024-04-27,obk,False,anchored,,1,0,1,1,0,1,0,0,0,0,0,0
2,42294325,Knut Gunnar Andersen,https://img.cuescore.com/image/8/4/862c792ba8eb7f97e626fbe6cbcc59f6.png,https://cuescore.com/img/flags/png-country-4x2-none/res-640x480/no.png,396.7,396.7,2024-04-27,obk,False,anchored,,1,0,1,1,0,1,0,0,0,0,0,0
2,42294331,Stig Korshavn,https://img.cuescore.com/image/8/4/862c792ba8eb7f97e626fbe6cbcc59f6.png,https://cuescore.com/img/flags/png-country-4x2-none/res-640x480/no.png,396.7,396.69,2024-04-27,obk,False,anchored,,1,0,1,1,0,1,0,0,0,0,0,0
2,42294322,Geir Langeland,https://img.cuescore.com/image/8/4/862c792ba8eb7f97e626fbe6cbcc59f6.png,https://cuescore.com/img/flags/png-country-4x2-none/res-640x480/no.png,396.7,396.69,2024-04-27,obk,False,anchored,,1,0,1,1,0,1,0,0,0,0,0,0
2,1043841,Elisabeth Synnøve Roaas,https://img.cuescore.com/image/5/4/5aa6aa48f7d5ffe854d5266ac08db7ef.png,https://cuescore.com/img/flags/png-country-4x2-none/res-640x480/no.png,396.68,396.67,2017-10-09,obk,False,anchored,,27,9,18,27,9,18,0,0,0,0,0,0
2,2923221,Kristina Westad,https://img.cuescore.com/image/5/4/5aa6aa48f7d5ffe854d5266ac08db7ef.png,https://cuescore.com/img/flags/png-country-4x2-none/res-640x480/no.png,396.63,396.62,2018-08-27,obk,False,anchored,,4,0,4,4,0,4,0,0,0,0,0,0
2,6909381,Thomas Erdmann,https://img.cuescore.com/image/8/4/862c792ba8eb7f97e626fbe6cbcc59f6.png,https://cuescore.com/img/flags/png-country-4x2-none/res-640x480/no.png,396.44,396.43,2019-11-25,obk,False,anchored,,5,1,4,5,1,4,0,0,0,0,0,0
2,1006523,Tommy Myhre,https://img.cuescore.com/image/5/4/5c5b187ef5b7949a899232957b981489.png?t=1707428602,https://cuescore.com/img/flags/png-country-4x2-none/res-640x480/no.png,396.42,396.35,2022-02-26,obk,False,anchored,3.0,11,1,10,11,1,10,0,0,0,0,0,0
2,2923222,Ronja Omar,https://img.cuescore.com/image/5/4/5aa6aa48f7d5ffe854d5266ac08db7ef.png,https://cuescore.com/img/flags/png-country-4x2-none/res-640x480/no.png,396.38,396.37,2018-08-27,obk,False,anchored,,4,0,4,4,0,4,0,0,0,0,0,0
2,21092905,Adam Tumidajewicz,https://img.cuescore.com/image/b/4/bd7267db3aa78c3d0256b04a72cc4eab.png?t=1673861077,https://cuescore.com/img/flags/png-country-4x2-none/res-640x480/no.png,396.33,396.32,2025-01-13,obk,False,anchored,129.0,7,2,5,7,2,5,0,0,0,0,0,0
2,7784582,Mathias Kolloen Nilsen,https://img.cuescore.com/image/8/4/862c792ba8eb7f97e626fbe6cbcc59f6.png,https://cuescore.com/img/flags/png-country-4x2-none/res-640x480/no.png,396.32,396.57,2020-05-27,obk,False,anchored,30.0,68,26,42,68,26,42,0,0,0,0,0,0
2,7173754,Thomas erdmann,https://img.cuescore.com/image/8/4/862c792ba8eb7f97e626fbe6cbcc59f6.png,https://cuescore.com/img/flags/png-country-4x2-none/res-640x480/no.png,396.2,396.2,2020-03-02,obk,False,anchored,,5,1,4,5,1,4,0,0,0,0,0,0
2,16541845,Georgina Askeland,https://img.cuescore.com/image/5/4/5aa6aa48f7d5ffe854d5266ac08db7ef.png,https://cuescore.com/img/flags/png-country-4x2-none/res-640x480/no.png,396.14,396.13,2022-06-30,ostkanten,False,anchored,,2,0,2,0,0,0,2,0,2,0,0,0
2,7711820,Marie Hoff Petersen,https://img.cuescore.com/image/1/4/16ac7e2cf89c09e1e7e0d99804f49340.png?t=1616599247,https://cuescore.com/img/flags/png-country-4x2-none/res-640x480/no.png,396.09,396.25,2026-08-16,ostkanten,False,anchored,4.0,631,211,420,337,120,217,294,91,203,0,0,0
2,7224649,Kenneth,https://img.cuescore.com/image/8/4/862c792ba8eb7f97e626fbe6cbcc59f6.png,https://cuescore.com/img/flags/png-country-4x2-none/res-640x480/no.png,396.01,396.02,2020-01-27,obk,False,anchored,,8,2,6,8,2,6,0,0,0,0,0,0
2,18474781,Darijus Seresevskij,https://img.cuescore.com/image/f/4/f28bf5aa13afddda08ad88cf8b56460f.png?t=1673358198,https://cuescore.com/img/flags/png-country-4x2-none/res-640x480/lt.png,395.98,396.12,2025-07-28,obk,False,anchored,425.0,11,3,8,11,3,8,0,0,0,0,0,0
2,7401491,Morten Bjellås,https://img.cuescore.com/image/8/4/862c792ba8eb7f97e626fbe6cbcc59f6.png,https://cuescore.com/img/flags/png-country-4x2-none/res-640x480/no.png,395.92,395.92,2021-11-21,ostkanten,False,anchored,45.0,20,7,13,20,7,13,0,0,0,0,0,0
2,1566815,Daniel Rødskog,https://img.cuescore.com/image/6/4/6d047cddcd99fc32a0369b4b314082bc.png?t=1508785789,https://cuescore.com/img/flags/png-country-4x2-none/res-640x480/no.png,395.9,395.89,2017-11-13,obk,False,anchored,,7,1,6,7,1,6,0,0,0,0,0,0
2,2051511,Mats Calixto Engan,https://img.cuescore.com/image/e/4/ece373e2485e06e81a9241b5858b0549.png?t=1775545929,https://cuescore.com/img/flags/png-country-4x2-none/res-640x480/no.png,395.85,395.85,2024-09-15,ostkanten,False,anchored,,15,5,10,0,0,0,15,5,10,0,0,0
2,5527972,Amir Albania,https://img.cuescore.com/image/4/4/4b4c66cae7fdf4062230c229b4ab54b0.png?t=1560182561,,395.84,395.83,2019-06-10,obk,False,anchored,,4,0,4,4,0,4,0,0,0,0,0,0
2,7224647,Gustav Lennartsson,https://img.cuescore.com/image/8/4/862c792ba8eb7f97e626fbe6cbcc59f6.png,https://cuescore.com/img/flags/png-country-4x2-none/res-640x480/no.png,395.83,395.83,2020-01-27,obk,False,anchored,,8,2,6,8,2,6,0,0,0,0,0,0
2,6551707,Daði Már Guðmundsson,https://img.cuescore.com/image/b/4/b30ac7609aa879d7f43fc87b70c9f293.png?t=1569869999,https://cuescore.com/img/flags/png-country-4x2-none/res-640x480/is.png,395.79,395.78,2022-09-18,ostkanten,False,anchored,525.0,8,3,5,0,0,0,8,3,5,0,0,0
2,8270875,Ole Jørgen Egeland,https://img.cuescore.com/image/8/4/862c792ba8eb7f97e626fbe6cbcc59f6.png,https://cuescore.com/img/flags/png-country-4x2-none/res-640x480/no.png,395.78,395.77,2022-06-30,ostkanten,False,anchored,,2,0,2,0,0,0,2,0,2,0,0,0
2,8362036,Anita,https://img.cuescore.com/image/5/4/5aa6aa48f7d5ffe854d5266ac08db7ef.png,https://cuescore.com/img/flags/png-country-4x2-none/res-640x480/no.png,395.75,395.74,2020-10-12,obk,False,anchored,,5,1,4,5,1,4,0,0,0,0,0,0
2,2546325,Øyvind Grindstein Vinje,https://img.cuescore.com/image/8/4/87669cf46c27eb1eb05cac5cddc0dd2c.png?t=1643188071,https://cuescore.com/img/flags/png-country-4x2-none/res-640x480/no.png,395.74,395.73,2022-07-10,ostkanten,False,anchored,,9,3,6,0,0,0,9,3,6,0,0,0
2,6219637,Henning Olsen,https://img.cuescore.com/image/8/4/862c792ba8eb7f97e626fbe6cbcc59f6.png,https://cuescore.com/img/flags/png-country-4x2-none/res-640x480/no.png,395.56,395.55,2019-09-16,obk,False,anchored,,6,1,5,6,1,5,0,0,0,0,0,0
2,47452480,Morten Torjuul,https://img.cuescore.com/image/1/4/18972724df81885dbdfdbf820257c868.png?t=1773512583,https://cuescore.com/img/flags/png-country-4x2-none/res-640x480/no.png,395.54,395.56,2025-09-14,ostkanten,False,anchored,,14,5,9,0,0,0,14,5,9,0,0,0
2,8003270,Sami Kayan,https://img.cuescore.com/image/8/4/862c792ba8eb7f97e626fbe6cbcc59f6.png,https://cuescore.com/img/flags/png-country-4x2-none/res-640x480/no.png,395.44,395.44,2023-11-19,ostkanten,False,anchored,,2,0,2,0,0,0,2,0,2,0,0,0
2,19663813,Aneta Bananarama,https://img.cuescore.com/image/5/4/5aa6aa48f7d5ffe854d5266ac08db7ef.png,https://cuescore.com/img/flags/png-country-4x2-none/res-640x480/no.png,395.43,395.43,2022-10-22,obk,False,anchored,,11,4,7,11,4,7,0,0,0,0,0,0
2,1697350,Philippe Beal,https://img.cuescore.com/image/8/4/862c792ba8eb7f97e626fbe6cbcc59f6.png,https://cuescore.com/img/flags/png-country-4x2-none/res-640x480/no.png,395.41,395.47,2018-02-05,obk,False,anchored,,97,42,55,97,42,55,0,0,0,0,0,0
2,8362041,Monika,https://img.cuescore.com/image/8/4/862c792ba8eb7f97e626fbe6cbcc59f6.png,https://cuescore.com/img/flags/png-country-4x2-none/res-640x480/no.png,395.34,395.33,2020-10-12,obk,False,anchored,,5,1,4,5,1,4,0,0,0,0,0,0
2,11151241,Thomas Fantoft,https://img.cuescore.com/image/3/4/3d879dbb36e8c08901ef364838b8e193.png?t=1705413230,https://cuescore.com/img/flags/png-country-4x2-none/res-640x480/no.png,395.33,395.32,2023-12-13,obk,False,anchored,228.0,3,0,3,0,0,0,3,0,3,0,0,0
2,6347824,Simen,https://img.cuescore.com/image/8/4/862c792ba8eb7f97e626fbe6cbcc59f6.png,https://cuescore.com/img/flags/png-country-4x2-none/res-640x480/no.png,395.3,395.29,2019-09-09,obk,False,anchored,,4,0,4,4,0,4,0,0,0,0,0,0
2,38467387,Misha Novikov,https://img.cuescore.com/image/5/4/50488de4431981e4fa058240ed778845.png?t=1753913971,https://cuescore.com/img/flags/png-country-4x2-none/res-640x480/ua.png,395.27,395.27,2026-03-21,obk,False,anchored,,2,0,2,2,0,2,0,0,0,0,0,0
2,7086107,Ajsa Comor,https://img.cuescore.com/image/5/4/5aa6aa48f7d5ffe854d5266ac08db7ef.png,https://cuescore.com/img/flags/png-country-4x2-none/res-640x480/ba.png,395.25,395.24,2022-12-30,obk,False,anchored,,2,0,2,2,0,2,0,0,0,0,0,0
2,8125349,Simen Haugland,https://img.cuescore.com/image/8/4/862c792ba8eb7f97e626fbe6cbcc59f6.png,https://cuescore.com/img/flags/png-country-4x2-none/res-640x480/no.png,395.23,395.23,2020-08-31,obk,False,anchored,,8,2,6,8,2,6,0,0,0,0,0,0
2,6863665,Vladimir Petsch,https://img.cuescore.com/image/8/4/862c792ba8eb7f97e626fbe6cbcc59f6.png,https://cuescore.com/img/flags/png-country-4x2-none/res-640x480/no.png,395.09,395.08,2019-11-18,obk,False,anchored,,4,0,4,4,0,4,0,0,0,0,0,0
2,9014911,Erik Forsberg,https://img.cuescore.com/image/8/4/862c792ba8eb7f97e626fbe6cbcc59f6.png,https://cuescore.com/img/flags/png-country-4x2-none/res-640x480/se.png,395.03,395.04,2021-07-12,obk,False,anchored,,22,6,16,22,6,16,0,0,0,0,0,0
2,7163741,Staffan,https://img.cuescore.com/image/8/4/862c792ba8eb7f97e626fbe6cbcc59f6.png,https://cuescore.com/img/flags/png-country-4x2-none/res-640x480/no.png,394.99,394.99,2020-01-20,obk,False,anchored,,4,0,4,4,0,4,0,0,0,0,0,0
2,6475205,Yorkey Ronald,https://img.cuescore.com/image/8/4/862c792ba8eb7f97e626fbe6cbcc59f6.png,https://cuescore.com/img/flags/png-country-4x2-none/res-640x480/ng.png,394.95,394.97,2019-11-18,obk,False,anchored,45.0,34,11,23,34,11,23,0,0,0,0,0,0
2,3428057,Kenneth Eknes,https://img.cuescore.com/image/8/4/862c792ba8eb7f97e626fbe6cbcc59f6.png,https://cuescore.com/img/flags/png-country-4x2-none/res-640x480/no.png,394.94,394.94,2020-02-17,obk,False,anchored,,4,0,4,4,0,4,0,0,0,0,0,0
2,1043840,Elisabeth Synnøve Roaas,https://img.cuescore.com/image/5/4/5aa6aa48f7d5ffe854d5266ac08db7ef.png,https://cuescore.com/img/flags/png-country-4x2-none/res-640x480/no.png,394.84,394.84,2017-11-13,obk,False,anchored,,21,7,14,21,7,14,0,0,0,0,0,0
2,83739619,Aalok Jain,https://img.cuescore.com/image/5/4/587347b28f346cf005356cc043616bd5.png?t=1781541231,https://cuescore.com/img/flags/png-country-4x2-none/res-640x480/in.png,394.76,394.82,2026-06-17,obk,False,anchored,776.0,22,6,16,22,6,16,0,0,0,0,0,0
2,1714802,Darius Žilinskas,https://img.cuescore.com/image/d/4/d301f2555271bafaa1afaa7fe61bc921.png?t=1506354709,,394.74,394.74,2018-04-09,obk,False,anchored,,26,10,16,26,10,16,0,0,0,0,0,0
2,86091817,André Henriksen,https://img.cuescore.com/image/8/4/862c792ba8eb7f97e626fbe6cbcc59f6.png,https://cuescore.com/img/flags/png-country-4x2-none/res-640x480/no.png,394.74,394.76,2026-08-10,obk,False,anchored,167.0,10,2,8,10,2,8,0,0,0,0,0,0
2,2620562,Adil,https://img.cuescore.com/image/8/4/862c792ba8eb7f97e626fbe6cbcc59f6.png,https://cuescore.com/img/flags/png-country-4x2-none/res-640x480/no.png,394.54,394.57,2019-01-28,obk,False,anchored,12.0,40,16,24,40,16,24,0,0,0,0,0,0
2,16501348,Øyvind Dale,https://img.cuescore.com/image/d/4/d12c28db983c45ab572913de15d54c1a.png?t=1663177825,https://cuescore.com/img/flags/png-country-4x2-none/res-640x480/no.png,394.48,394.48,2024-03-24,ostkanten,False,anchored,40.0,4,0,4,0,0,0,4,0,4,0,0,0
2,18356173,Ulrika Eriksson,https://img.cuescore.com/image/5/4/53f5e1058df95c19de2b9719808da351.png?t=1663787545,https://cuescore.com/img/flags/png-country-4x2-none/res-640x480/se.png,394.46,394.46,2023-01-09,obk,False,anchored,133.0,10,4,6,10,4,6,0,0,0,0,0,0
2,1286188,Billy Thorpe,https://img.cuescore.com/image/c/4/cb672f0c938a7b928faef35a363ee344.png?t=1555596352,https://cuescore.com/img/flags/png-country-4x2-none/res-640x480/us.png,394.44,394.39,2020-01-24,obk,False,anchored,,15,4,11,15,4,11,0,0,0,0,0,0
2,6636579,Naser Bajrami,https://img.cuescore.com/image/8/4/862c792ba8eb7f97e626fbe6cbcc59f6.png,https://cuescore.com/img/flags/png-country-4x2-none/res-640x480/no.png,394.2,394.2,2019-10-14,obk,False,anchored,,7,1,6,7,1,6,0,0,0,0,0,0
2,16017055,Gitte Kristiansen,https://img.cuescore.com/image/d/4/d8a0a0044ecf1887a56da738f595e4d8.png?t=1653649590,https://cuescore.com/img/flags/png-country-4x2-none/res-640x480/no.png,394.19,394.18,2022-05-28,obk,False,anchored,,5,1,4,5,1,4,0,0,0,0,0,0
2,10440895,Pål Erik Omnes,https://img.cuescore.com/image/f/4/fb6ba13c087d42188d978dd37266c13b.png?t=1771236437,https://cuescore.com/img/flags/png-country-4x2-none/res-640x480/no.png,394.11,394.1,2023-10-15,obk,False,anchored,,2,0,2,2,0,2,0,0,0,0,0,0
2,77931454,Knut Røte,https://img.cuescore.com/image/8/4/862c792ba8eb7f97e626fbe6cbcc59f6.png,https://cuescore.com/img/flags/png-country-4x2-none/res-640x480/no.png,394.0,394.06,2026-03-06,obk,False,anchored,,13,5,8,13,5,8,0,0,0,0,0,0
2,2140742,Jamal Malik,https://img.cuescore.com/image/8/4/862c792ba8eb7f97e626fbe6cbcc59f6.png,https://cuescore.com/img/flags/png-country-4x2-none/res-640x480/no.png,393.85,393.97,2018-10-01,obk,False,anchored,,178,73,105,178,73,105,0,0,0,0,0,0
2,4797934,Thomas Berg,https://img.cuescore.com/image/8/4/862c792ba8eb7f97e626fbe6cbcc59f6.png,https://cuescore.com/img/flags/png-country-4x2-none/res-640x480/no.png,393.84,393.83,2019-02-18,obk,False,anchored,,6,0,6,6,0,6,0,0,0,0,0,0
2,1435682,Ane Carlsen,https://img.cuescore.com/image/5/4/5aa6aa48f7d5ffe854d5266ac08db7ef.png,https://cuescore.com/img/flags/png-country-4x2-none/res-640x480/no.png,393.82,393.82,2017-09-25,obk,False,anchored,,8,0,8,8,0,8,0,0,0,0,0,0
2,71402752,Enrique Mohamed ”Saleh“ Saleh Ruzafa,https://img.cuescore.com/image/e/4/e8a2719b85121aebb65ffe4f61bda1c9.png?t=1778896862,https://cuescore.com/img/flags/png-country-4x2-none/res-640x480/no.png,393.77,393.82,2026-01-12,obk,False,anchored,196.0,48,20,28,48,20,28,0,0,0,0,0,0
2,33749638,Noah Justin Pano Gangfløt,https://img.cuescore.com/image/7/4/7244d9d7079ea22950f2c856257d882d.png?t=1717768685,https://cuescore.com/img/flags/png-country-4x2-none/res-640x480/no.png,393.73,393.75,2024-12-28,obk,False,anchored,5.0,8,2,6,8,2,6,0,0,0,0,0,0
2,24452485,Mahran Alhadad,https://img.cuescore.com/image/8/4/8b1c3a78232e969ba00d99e1522b235c.png?t=1737627850,https://cuescore.com/img/flags/png-country-4x2-none/res-640x480/no.png,393.7,393.59,2025-02-24,obk,False,anchored,216.0,31,9,22,31,9,22,0,0,0,0,0,0
2,12637336,Alexander Bjørseth,https://img.cuescore.com/image/2/4/2268c5ab63b4cc381c5662332f9faa20.png?t=1787761157,https://cuescore.com/img/flags/png-country-4x2-none/res-640x480/no.png,393.66,393.65,2026-03-21,obk,False,anchored,,2,0,2,2,0,2,0,0,0,0,0,0
2,2525591,Erlend Lid,https://img.cuescore.com/image/8/4/862c792ba8eb7f97e626fbe6cbcc59f6.png,https://cuescore.com/img/flags/png-country-4x2-none/res-640x480/no.png,393.41,393.4,2018-05-07,obk,False,anchored,,11,2,9,11,2,9,0,0,0,0,0,0
2,36950884,Kristina Mile,https://img.cuescore.com/image/5/4/5aa6aa48f7d5ffe854d5266ac08db7ef.png,https://cuescore.com/img/flags/png-country-4x2-none/res-640x480/no.png,393.32,393.33,2024-03-09,obk,False,anchored,,8,2,6,8,2,6,0,0,0,0,0,0
2,1105029,Dennis Orcollo,https://img.cuescore.com/image/1/4/11f27bea680cd5420c63acb0f56259b2.png?t=1555596490,https://cuescore.com/img/flags/png-country-4x2-none/res-640x480/ph.png,393.18,393.15,2020-01-24,obk,False,anchored,,16,5,11,16,5,11,0,0,0,0,0,0
2,13252696,Brede Arnøy,https://img.cuescore.com/image/6/4/65f05126ac44bec2ce40e66b35172726.png?t=1788877346,https://cuescore.com/img/flags/png-country-4x2-none/res-640x480/no.png,392.95,392.93,2026-06-15,obk,False,anchored,,12,5,7,12,5,7,0,0,0,0,0,0
2,16854487,Hans Røbergshagen,https://img.cuescore.com/image/3/4/3f783359ff3368726a68e7bcf0c1dd1e.png?t=1662579078,https://cuescore.com/img/flags/png-country-4x2-none/res-640x480/no.png,392.79,392.79,2024-07-08,obk,False,anchored,,7,1,6,7,1,6,0,0,0,0,0,0
2,60020002,Yousef Hjelde Elmofty,https://img.cuescore.com/image/8/4/862c792ba8eb7f97e626fbe6cbcc59f6.png,https://cuescore.com/img/flags/png-country-4x2-none/res-640x480/no.png,392.57,392.59,2025-05-05,obk,False,anchored,175.0,23,11,12,23,11,12,0,0,0,0,0,0
2,3543769,Besar Kurti,https://img.cuescore.com/image/8/4/862c792ba8eb7f97e626fbe6cbcc59f6.png,https://cuescore.com/img/flags/png-country-4x2-none/res-640x480/no.png,392.47,392.47,2019-03-25,obk,False,anchored,,13,3,10,13,3,10,0,0,0,0,0,0
2,25346131,Daniel Fosnes Hansen,https://img.cuescore.com/image/8/4/862c792ba8eb7f97e626fbe6cbcc59f6.png,https://cuescore.com/img/flags/png-country-4x2-none/res-640x480/no.png,392.46,392.46,2023-03-27,obk,False,anchored,137.0,11,4,7,11,4,7,0,0,0,0,0,0
2,46509994,Petter Ronglien,https://img.cuescore.com/image/8/4/82bc7b1fc90329e04b7d6ca51ba8c4a2.png?t=1722586486,https://cuescore.com/img/flags/png-country-4x2-none/res-640x480/gi.png,392.41,392.41,2026-05-06,obk,False,anchored,221.0,7,3,4,7,3,4,0,0,0,0,0,0
2,9981877,kristina Cleaverley,https://img.cuescore.com/image/5/4/5aa6aa48f7d5ffe854d5266ac08db7ef.png,https://cuescore.com/img/flags/png-country-4x2-none/res-640x480/no.png,392.33,392.32,2021-10-11,obk,False,anchored,,7,2,5,7,2,5,0,0,0,0,0,0
2,18194104,Roberto Gomez,https://img.cuescore.com/image/3/4/3e880f971a24cb996690b527aa81f78a.png?t=1676653345,https://cuescore.com/img/flags/png-country-4x2-none/res-640x480/nl.png,392.31,392.29,2020-01-24,obk,False,anchored,,16,5,11,16,5,11,0,0,0,0,0,0
2,2194859,Eivind Yoo Yong Jae Johansen,https://img.cuescore.com/image/c/4/ce38f18080a2824195c0dda72107626a.png?t=1789163047,https://cuescore.com/img/flags/png-country-4x2-none/res-640x480/kr.png,392.23,393.89,2026-10-07,obk,True,anchored,175.0,1412,510,902,1213,451,762,199,59,140,0,0,0
2,5698300,Don Caram,https://img.cuescore.com/image/8/4/862c792ba8eb7f97e626fbe6cbcc59f6.png,https://cuescore.com/img/flags/png-country-4x2-none/res-640x480/no.png,391.97,391.97,2019-06-27,obk,False,anchored,,13,3,10,13,3,10,0,0,0,0,0,0
2,2625188,Christian Garmann Schjelderup,https://img.cuescore.com/image/8/4/862c792ba8eb7f97e626fbe6cbcc59f6.png,https://cuescore.com/img/flags/png-country-4x2-none/res-640x480/no.png,391.88,391.96,2018-10-01,obk,False,anchored,28.0,137,61,76,137,61,76,0,0,0,0,0,0
2,1423958,Ørjan Saxrud,https://img.cuescore.com/image/2/4/248740f38c57ad4c2c960061b3383b03.png?t=1622729507,https://cuescore.com/img/flags/png-country-4x2-none/res-640x480/no.png,391.75,391.74,2020-10-19,obk,False,anchored,,7,0,7,7,0,7,0,0,0,0,0,0
2,7131160,leif Nilsen,https://img.cuescore.com/image/8/4/862c792ba8eb7f97e626fbe6cbcc59f6.png,https://cuescore.com/img/flags/png-country-4x2-none/res-640x480/no.png,391.71,391.72,2022-07-03,ostkanten,False,anchored,,10,2,8,10,2,8,0,0,0,0,0,0
2,82601110,zoran krogstad,https://img.cuescore.com/image/8/4/862c792ba8eb7f97e626fbe6cbcc59f6.png,https://cuescore.com/img/flags/png-country-4x2-none/res-640x480/no.png,391.69,391.76,2026-05-31,ostkanten,False,anchored,,19,6,13,0,0,0,19,6,13,0,0,0
2,6863670,Jone Saba,https://img.cuescore.com/image/8/4/862c792ba8eb7f97e626fbe6cbcc59f6.png,https://cuescore.com/img/flags/png-country-4x2-none/res-640x480/no.png,391.58,391.57,2019-12-02,obk,False,anchored,,16,5,11,16,5,11,0,0,0,0,0,0
2,8217316,Ida Amundsen Holtet,https://img.cuescore.com/image/3/4/3eb9c11140ed451034c9ab35d844aa31.png?t=1768456598,https://cuescore.com/img/flags/png-country-4x2-none/res-640x480/no.png,391.46,391.67,2026-04-01,obk,False,anchored,210.0,492,169,323,483,167,316,9,2,7,0,0,0
2,33729541,Eivind Yoo Yong Jae Johansen,https://img.cuescore.com/image/9/4/9e9ee73d7605cca6639592549f75768d.png?t=1766744087,https://cuescore.com/img/flags/png-country-4x2-none/res-640x480/kr.png,391.37,391.56,2026-06-20,obk,False,anchored,184.0,342,123,219,317,118,199,25,5,20,0,0,0
2,1006218,Emma Therese Gangfløt,https://img.cuescore.com/image/5/4/5aa6aa48f7d5ffe854d5266ac08db7ef.png,https://cuescore.com/img/flags/png-country-4x2-none/res-640x480/no.png,391.23,391.22,2020-09-14,obk,False,anchored,,8,0,8,8,0,8,0,0,0,0,0,0
2,16144324,George Malekkides,https://img.cuescore.com/image/8/4/862c792ba8eb7f97e626fbe6cbcc59f6.png,https://cuescore.com/img/flags/png-country-4x2-none/res-640x480/cy.png,391.03,391.02,2026-06-15,obk,False,anchored,,4,1,3,4,1,3,0,0,0,0,0,0
2,79780879,Kim Alexander Foss,https://img.cuescore.com/image/8/4/862c792ba8eb7f97e626fbe6cbcc59f6.png,https://cuescore.com/img/flags/png-country-4x2-none/res-640x480/no.png,390.94,391.01,2026-04-06,obk,False,anchored,152.0,19,8,11,19,8,11,0,0,0,0,0,0
2,6552856,Sigve Nedrebø,https://img.cuescore.com/image/8/4/862c792ba8eb7f97e626fbe6cbcc59f6.png,https://cuescore.com/img/flags/png-country-4x2-none/res-640x480/no.png,390.51,390.51,2025-11-02,ostkanten,False,anchored,,12,4,8,0,0,0,12,4,8,0,0,0
2,8563408,Marcus Bjørseth,https://img.cuescore.com/image/b/4/bac343e038de7269c3c6bf3bc63c23ce.png?t=1732054726,https://cuescore.com/img/flags/png-country-4x2-none/res-640x480/no.png,390.1,390.09,2026-03-21,obk,False,anchored,,2,0,2,2,0,2,0,0,0,0,0,0
2,3253188,Tor Einar Johansen,https://img.cuescore.com/image/9/4/921fcc142992a12fdeb37558b8a20add.png?t=1550137651,https://cuescore.com/img/flags/png-country-4x2-none/res-640x480/no.png,389.91,389.94,2023-03-12,ostkanten,False,anchored,38.0,35,13,22,25,9,16,10,4,6,0,0,0
2,12698008,Mathias Hæreid,https://img.cuescore.com/image/8/4/862c792ba8eb7f97e626fbe6cbcc59f6.png,https://cuescore.com/img/flags/png-country-4x2-none/res-640x480/no.png,389.89,389.87,2022-02-07,obk,False,anchored,,5,0,5,5,0,5,0,0,0,0,0,0
2,8227535,Martin Elgsæter,https://img.cuescore.com/image/8/4/862c792ba8eb7f97e626fbe6cbcc59f6.png,https://cuescore.com/img/flags/png-country-4x2-none/res-640x480/no.png,389.47,389.51,2020-10-12,obk,False,anchored,,34,11,23,34,11,23,0,0,0,0,0,0
2,7906080,Alessandro Luca,https://img.cuescore.com/image/d/4/d10cd1e2e6ca3b495d3832fba211a5d6.png?t=1601821820,https://cuescore.com/img/flags/png-country-4x2-none/res-640x480/it.png,389.46,389.63,2026-03-23,obk,False,anchored,197.0,157,62,95,139,59,80,18,3,15,0,0,0
2,26899522,Brian Stensland,https://img.cuescore.com/image/f/4/f4870eaabd796ee4e5c23d1893c137b9.png?t=1683207856,https://cuescore.com/img/flags/png-country-4x2-none/res-640x480/no.png,389.46,388.8,2026-08-31,obk,False,anchored,275.0,9,3,6,9,3,6,0,0,0,0,0,0
2,75049945,Ahmed zakaria Hamdoun,https://img.cuescore.com/image/8/4/862c792ba8eb7f97e626fbe6cbcc59f6.png,https://cuescore.com/img/flags/png-country-4x2-none/res-640x480/es.png,389.31,389.31,2026-01-19,obk,False,anchored,180.0,4,1,3,4,1,3,0,0,0,0,0,0
2,15113617,Fatlum Krasniqi,https://img.cuescore.com/image/d/4/d6dd8fd25ae2b536d81628ef8b8709e4.png?t=1678573718,https://cuescore.com/img/flags/png-country-4x2-none/res-640x480/al.png,389.04,389.04,2024-02-06,obk,False,anchored,,20,8,12,20,8,12,0,0,0,0,0,0
2,61176751,Santina Lafjell Crolla,https://img.cuescore.com/image/5/4/5aa6aa48f7d5ffe854d5266ac08db7ef.png,https://cuescore.com/img/flags/png-country-4x2-none/res-640x480/no.png,388.79,388.89,2025-06-02,obk,False,anchored,175.0,28,13,15,28,13,15,0,0,0,0,0,0
2,1987327,Stian Stian,https://img.cuescore.com/image/d/4/d072f6449452cf7f3dc5b687e2d438d0.png?t=1511801538,,388.74,388.75,2018-02-19,obk,False,anchored,,23,5,18,23,5,18,0,0,0,0,0,0
2,2581136,Mona Søvold Sunde,https://img.cuescore.com/image/1/4/117c1e840893a671dc3141ac91a7022c.png?t=1694038789,https://cuescore.com/img/flags/png-country-4x2-none/res-640x480/no.png,388.56,388.77,2026-07-29,obk,False,anchored,9.0,948,340,608,887,311,576,61,29,32,0,0,0
2,1021381,spiller 1,https://img.cuescore.com/image/8/4/862c792ba8eb7f97e626fbe6cbcc59f6.png,,388.23,388.23,2019-10-28,obk,False,anchored,,16,3,13,16,3,13,0,0,0,0,0,0
2,28065760,Line Marie H. Steffensen,https://img.cuescore.com/image/b/4/b47d0c70c86175b119197bc068571532.png?t=1788885756,https://cuescore.com/img/flags/png-country-4x2-none/res-640x480/no.png,388.11,388.12,2025-04-15,obk,False,anchored,125.0,14,5,9,14,5,9,0,0,0,0,0,0
2,9211722,Thomas Herbert-Andersen,https://img.cuescore.com/image/c/4/cf5adc23d04b492540847c0f19bf92f5.png?t=1636013168,https://cuescore.com/img/flags/png-country-4x2-none/res-640x480/no.png,388.02,388.02,2023-03-04,obk,False,anchored,275.0,9,1,8,9,1,8,0,0,0,0,0,0
2,1714800,Karolis Vo,https://img.cuescore.com/image/f/4/f6ecc418edc6d2df1f464e80fa8b3426.png?t=1506354698,,387.67,387.67,2018-04-09,obk,False,anchored,,26,8,18,26,8,18,0,0,0,0,0,0
2,5490988,Ole Berg,https://img.cuescore.com/image/8/4/862c792ba8eb7f97e626fbe6cbcc59f6.png,https://cuescore.com/img/flags/png-country-4x2-none/res-640x480/no.png,387.3,387.29,2019-06-10,obk,False,anchored,,18,4,14,18,4,14,0,0,0,0,0,0
2,1006507,Terje Mathisen,https://img.cuescore.com/image/b/4/b06e2451db212e24319e92126f731d25.png?t=1445890238,https://cuescore.com/img/flags/png-country-4x2-none/res-640x480/no.png,387.28,387.26,2024-04-13,obk,False,anchored,,8,2,6,8,2,6,0,0,0,0,0,0
2,7466532,Øyvind Rørslett,https://img.cuescore.com/image/8/4/862c792ba8eb7f97e626fbe6cbcc59f6.png,https://cuescore.com/img/flags/png-country-4x2-none/res-640x480/no.png,387.13,387.11,2020-03-02,obk,False,anchored,,16,4,12,16,4,12,0,0,0,0,0,0
2,1006392,Moises Farfan,https://img.cuescore.com/image/c/4/ca56bb26b754e0385ef460e447a7fe57.png?t=1771667845,https://cuescore.com/img/flags/png-country-4x2-none/res-640x480/no.png,387.09,387.03,2024-04-13,obk,False,anchored,,6,0,6,6,0,6,0,0,0,0,0,0
2,1006260,Hans-Gunnar Bernhardsen,https://img.cuescore.com/image/8/4/86f566c626980cb4605e7c87e4a09953.png?t=1766928475,https://cuescore.com/img/flags/png-country-4x2-none/res-640x480/no.png,387.0,386.99,2024-04-13,obk,False,anchored,,7,1,6,7,1,6,0,0,0,0,0,0
2,1472748,Tommy Martinsen,https://img.cuescore.com/image/8/4/862c792ba8eb7f97e626fbe6cbcc59f6.png,https://cuescore.com/img/flags/png-country-4x2-none/res-640x480/no.png,386.95,387.05,2019-05-27,obk,False,anchored,,116,55,61,116,55,61,0,0,0,0,0,0
2,17691844,Ketil Blix,https://img.cuescore.com/image/8/4/862c792ba8eb7f97e626fbe6cbcc59f6.png,https://cuescore.com/img/flags/png-country-4x2-none/res-640x480/no.png,386.15,386.14,2025-05-03,obk,False,anchored,107.0,28,12,16,28,12,16,0,0,0,0,0,0
2,52011748,Joakim Aamo,https://img.cuescore.com/image/6/4/64e6a3cc33b01a8f8f4fc7ab98848e0d.png?t=1731668064,https://cuescore.com/img/flags/png-country-4x2-none/res-640x480/no.png,386.04,386.04,2024-11-15,obk,False,anchored,,7,1,6,7,1,6,0,0,0,0,0,0
2,58717324,Kjetil Kristensen,https://img.cuescore.com/image/8/4/862c792ba8eb7f97e626fbe6cbcc59f6.png,https://cuescore.com/img/flags/png-country-4x2-none/res-640x480/no.png,385.33,385.53,2025-11-24,obk,False,anchored,187.0,201,72,129,187,67,120,14,5,9,0,0,0
2,1341947,Angelos Kyriakou,https://img.cuescore.com/image/b/4/bb1f0b2651db091c74cb488b7636429d.png?t=1779280379,https://cuescore.com/img/flags/png-country-4x2-none/res-640x480/cy.png,385.25,385.36,2026-06-15,obk,False,anchored,,9,3,6,9,3,6,0,0,0,0,0,0
2,5105730,Kevin,https://img.cuescore.com/image/8/4/862c792ba8eb7f97e626fbe6cbcc59f6.png,https://cuescore.com/img/flags/png-country-4x2-none/res-640x480/no.png,384.87,384.86,2019-03-25,obk,False,anchored,,19,3,16,19,3,16,0,0,0,0,0,0
2,6835940,Christiane .,https://img.cuescore.com/image/8/4/862c792ba8eb7f97e626fbe6cbcc59f6.png,https://cuescore.com/img/flags/png-country-4x2-none/res-640x480/no.png,384.83,384.82,2019-12-02,obk,False,anchored,,13,1,12,13,1,12,0,0,0,0,0,0
2,65039485,Nico Gulfan,https://img.cuescore.com/image/8/4/862c792ba8eb7f97e626fbe6cbcc59f6.png,https://cuescore.com/img/flags/png-country-4x2-none/res-640x480/ph.png,384.62,384.62,2025-08-04,obk,False,anchored,175.0,8,1,7,8,1,7,0,0,0,0,0,0
2,1156277,Mathias Hæreid,https://img.cuescore.com/image/8/4/862c792ba8eb7f97e626fbe6cbcc59f6.png,https://cuescore.com/img/flags/png-country-4x2-none/res-640x480/no.png,384.0,384.01,2020-08-31,obk,False,anchored,,28,9,19,28,9,19,0,0,0,0,0,0
2,8280867,Gunn - Ellen Hansen,https://img.cuescore.com/image/5/4/5aa6aa48f7d5ffe854d5266ac08db7ef.png,https://cuescore.com/img/flags/png-country-4x2-none/res-640x480/no.png,383.84,383.84,2020-11-02,obk,False,anchored,,14,2,12,14,2,12,0,0,0,0,0,0
2,65039377,Eva Marie Sommerfelt jacobsen,https://img.cuescore.com/image/5/4/5aa6aa48f7d5ffe854d5266ac08db7ef.png,https://cuescore.com/img/flags/png-country-4x2-none/res-640x480/no.png,383.4,383.38,2025-08-04,obk,False,anchored,125.0,6,0,6,6,0,6,0,0,0,0,0,0
2,63113578,Håkon Kristiansen,https://img.cuescore.com/image/8/4/862c792ba8eb7f97e626fbe6cbcc59f6.png,https://cuescore.com/img/flags/png-country-4x2-none/res-640x480/no.png,382.78,382.78,2026-10-05,obk,False,anchored,233.0,792,292,500,792,292,500,0,0,0,0,0,0
2,2145734,Thong Trong Ho,https://img.cuescore.com/image/8/4/862c792ba8eb7f97e626fbe6cbcc59f6.png,https://cuescore.com/img/flags/png-country-4x2-none/res-640x480/no.png,382.36,382.36,2018-12-03,obk,False,anchored,,27,9,18,27,9,18,0,0,0,0,0,0
2,42270385,Kamal Jr,https://img.cuescore.com/image/e/4/ecc2f429f928a402d7beb6e9da638978.png?t=1772642194,https://cuescore.com/img/flags/png-country-4x2-none/res-640x480/no.png,382.11,382.29,2026-06-08,obk,False,anchored,209.0,32,10,22,32,10,22,0,0,0,0,0,0
2,3719239,Odin,https://img.cuescore.com/image/8/4/862c792ba8eb7f97e626fbe6cbcc59f6.png,https://cuescore.com/img/flags/png-country-4x2-none/res-640x480/no.png,381.77,381.76,2019-02-04,obk,False,anchored,,33,10,23,33,10,23,0,0,0,0,0,0
2,52645105,Tommy Bratseth,https://img.cuescore.com/image/8/4/8d880301fd90eac09d80e3a09080fa14.png?t=1747289659,https://cuescore.com/img/flags/png-country-4x2-none/res-640x480/no.png,381.3,381.33,2026-09-09,obk,False,anchored,263.0,677,212,465,242,70,172,435,142,293,0,0,0
2,1084882,Remi Kwit,https://img.cuescore.com/image/8/4/862c792ba8eb7f97e626fbe6cbcc59f6.png,,381.21,381.36,2020-03-02,obk,False,anchored,,91,39,52,91,39,52,0,0,0,0,0,0
2,18904714,Janna Flottorp,https://img.cuescore.com/image/8/4/862c792ba8eb7f97e626fbe6cbcc59f6.png,https://cuescore.com/img/flags/png-country-4x2-none/res-640x480/no.png,380.66,380.64,2024-12-27,obk,False,anchored,4.0,16,5,11,16,5,11,0,0,0,0,0,0
2,77275558,Matilde Bjørnstad,https://img.cuescore.com/image/5/4/5aa6aa48f7d5ffe854d5266ac08db7ef.png,https://cuescore.com/img/flags/png-country-4x2-none/res-640x480/no.png,379.74,379.72,2026-02-23,obk,False,anchored,168.0,5,1,4,5,1,4,0,0,0,0,0,0
2,10625680,Mariann Zalahas,https://img.cuescore.com/image/2/4/2b544acdf693a26010332ae9f4be4933.png?t=1677658936,https://cuescore.com/img/flags/png-country-4x2-none/res-640x480/no.png,379.72,379.71,2024-05-21,obk,False,anchored,,13,3,10,13,3,10,0,0,0,0,0,0
2,79002523,luis Cardenas rosas,https://img.cuescore.com/image/8/4/862c792ba8eb7f97e626fbe6cbcc59f6.png,https://cuescore.com/img/flags/png-country-4x2-none/res-640x480/no.png,379.68,379.73,2026-09-13,ostkanten,False,anchored,175.0,18,6,12,9,4,5,9,2,7,0,0,0
2,2947260,Jasper Nicolaysen,https://img.cuescore.com/image/3/4/3b1245a108069de94f409a8dedd4d249.png?t=1559602522,,379.51,379.65,2019-11-25,obk,False,anchored,,150,62,88,150,62,88,0,0,0,0,0,0
2,34220254,Malin Myra,https://img.cuescore.com/image/e/4/ec3dd97053796683bfeb4d19d478c101.png?t=1711452409,https://cuescore.com/img/flags/png-country-4x2-none/res-640x480/no.png,379.47,379.45,2023-10-23,obk,False,anchored,,13,4,9,13,4,9,0,0,0,0,0,0
2,1751232,Øyvind Stenhaug,https://img.cuescore.com/image/2/4/2101e23f9055a7301562f72b0a4b9813.png?t=1507544706,https://cuescore.com/img/flags/png-country-4x2-none/res-640x480/no.png,379.32,379.45,2020-02-24,obk,False,anchored,15.0,1078,425,653,1078,425,653,0,0,0,0,0,0
2,1736336,Sander Evjen Sanna,https://img.cuescore.com/image/0/4/04e16137a4729a2fdc654066da1d73e1.png?t=1758574245,https://cuescore.com/img/flags/png-country-4x2-none/res-640x480/no.png,379.31,379.37,2025-09-29,obk,False,anchored,225.0,26,11,15,26,11,15,0,0,0,0,0,0
2,12239083,Christoffer karlik,https://img.cuescore.com/image/8/4/862c792ba8eb7f97e626fbe6cbcc59f6.png,https://cuescore.com/img/flags/png-country-4x2-none/res-640x480/no.png,379.26,379.25,2022-01-24,obk,False,anchored,,13,1,12,13,1,12,0,0,0,0,0,0
2,24871531,Eystein Sæther,https://img.cuescore.com/image/8/4/862c792ba8eb7f97e626fbe6cbcc59f6.png,https://cuescore.com/img/flags/png-country-4x2-none/res-640x480/no.png,378.89,378.86,2026-10-05,obk,False,anchored,146.0,19,8,11,19,8,11,0,0,0,0,0,0
2,2400654,Lukas Mørk,https://img.cuescore.com/image/8/4/862c792ba8eb7f97e626fbe6cbcc59f6.png,https://cuescore.com/img/flags/png-country-4x2-none/res-640x480/no.png,378.78,378.79,2018-05-14,obk,False,anchored,,26,5,21,26,5,21,0,0,0,0,0,0
2,28197979,Kalsang Kalsang,https://img.cuescore.com/image/8/4/898112511dfa0280a0dd5592e6dad7ea.png?t=1708242036,https://cuescore.com/img/flags/png-country-4x2-none/res-640x480/no.png,377.81,377.84,2026-04-03,obk,False,anchored,4.0,76,26,50,33,5,28,43,21,22,0,0,0
2,70455445,Henry Gaudiano,https://img.cuescore.com/image/8/4/862c792ba8eb7f97e626fbe6cbcc59f6.png,https://cuescore.com/img/flags/png-country-4x2-none/res-640x480/ph.png,377.8,377.78,2026-08-03,obk,False,anchored,142.0,16,3,13,16,3,13,0,0,0,0,0,0
2,36476392,Anniina Kettunen,https://img.cuescore.com/image/7/4/7328add0c82fcc0e4ca7ebec12476fde.png?t=1704309719,https://cuescore.com/img/flags/png-country-4x2-none/res-640x480/fi.png,377.72,377.69,2026-06-15,obk,False,anchored,,7,1,6,7,1,6,0,0,0,0,0,0
2,1466420,Helene Fossum,https://img.cuescore.com/image/8/4/862c792ba8eb7f97e626fbe6cbcc59f6.png,https://cuescore.com/img/flags/png-country-4x2-none/res-640x480/no.png,377.01,376.95,2017-10-30,obk,False,anchored,,30,7,23,30,7,23,0,0,0,0,0,0
2,67477954,Jake Cope,https://img.cuescore.com/image/8/4/862c792ba8eb7f97e626fbe6cbcc59f6.png,https://cuescore.com/img/flags/png-country-4x2-none/res-640x480/gb.png,376.54,376.55,2025-09-08,obk,False,anchored,175.0,13,4,9,13,4,9,0,0,0,0,0,0
2,42527356,rafal wisniewski,https://img.cuescore.com/image/8/4/862c792ba8eb7f97e626fbe6cbcc59f6.png,https://cuescore.com/img/flags/png-country-4x2-none/res-640x480/pl.png,376.47,376.85,2026-02-23,obk,False,anchored,172.0,46,14,32,13,6,7,33,8,25,0,0,0
2,47936833,Merle Schmitz,https://img.cuescore.com/image/5/4/5aa6aa48f7d5ffe854d5266ac08db7ef.png,https://cuescore.com/img/flags/png-country-4x2-none/res-640x480/de.png,376.39,376.35,2026-06-15,obk,False,anchored,250.0,7,0,7,7,0,7,0,0,0,0,0,0
2,1183869,Matias Myhrhaug,https://img.cuescore.com/image/3/4/3ce692a5256888ef15404d8281977a29.png?t=1479744907,https://cuescore.com/img/flags/png-country-4x2-none/res-640x480/no.png,374.95,375.04,2019-04-29,obk,False,anchored,,131,54,77,131,54,77,0,0,0,0,0,0
2,9221877,Johnny Wu,https://img.cuescore.com/image/8/4/862c792ba8eb7f97e626fbe6cbcc59f6.png,https://cuescore.com/img/flags/png-country-4x2-none/res-640x480/cn.png,374.79,374.97,2026-06-01,obk,False,anchored,211.0,106,38,68,79,31,48,27,7,20,0,0,0
2,19354018,Mariann Pinczesi,https://img.cuescore.com/image/6/4/6c4ceba9447ddbbdeabb4bc7dd0b368a.png?t=1725542854,https://cuescore.com/img/flags/png-country-4x2-none/res-640x480/no.png,374.52,374.52,2026-04-19,ostkanten,False,anchored,,12,1,11,0,0,0,12,1,11,0,0,0
2,9225027,Wei Liu,https://img.cuescore.com/image/8/4/862c792ba8eb7f97e626fbe6cbcc59f6.png,https://cuescore.com/img/flags/png-country-4x2-none/res-640x480/cn.png,374.11,374.21,2021-09-20,obk,False,anchored,,28,7,21,28,7,21,0,0,0,0,0,0
2,1084883,Pål Nilsson,https://img.cuescore.com/image/8/4/862c792ba8eb7f97e626fbe6cbcc59f6.png,,373.99,374.01,2019-02-18,obk,False,anchored,,39,13,26,39,13,26,0,0,0,0,0,0
2,79780918,Viktorija Kraft,https://img.cuescore.com/image/7/4/7047a5152587b7d668dac0a333916361.png?t=1776286052,https://cuescore.com/img/flags/png-country-4x2-none/res-640x480/no.png,373.9,373.94,2026-04-06,obk,False,anchored,145.0,14,5,9,14,5,9,0,0,0,0,0,0
2,83475292,Trym Lurås,https://img.cuescore.com/image/8/4/862c792ba8eb7f97e626fbe6cbcc59f6.png,https://cuescore.com/img/flags/png-country-4x2-none/res-640x480/no.png,372.32,372.31,2026-06-08,obk,False,anchored,172.0,14,2,12,14,2,12,0,0,0,0,0,0
2,45883531,Nico Garibaldi,https://img.cuescore.com/image/f/4/f9f8ca47dc3aff4776d888f084274408.png?t=1729711081,https://cuescore.com/img/flags/png-country-4x2-none/res-640x480/it.png,371.44,371.58,2024-11-27,obk,False,anchored,182.0,43,11,32,43,11,32,0,0,0,0,0,0
2,36291190,Mary Xeline Santoyo,https://img.cuescore.com/image/4/4/4551b11b3b6cc3ea18b76235d83c612f.png?t=1704838399,https://cuescore.com/img/flags/png-country-4x2-none/res-640x480/ph.png,371.37,371.41,2025-12-01,obk,False,anchored,175.0,33,13,20,33,13,20,0,0,0,0,0,0
2,25741009,Heidi Tobiassen,https://img.cuescore.com/image/7/4/7b71c8394a20fb6c1c3f0d26e952e359.png?t=1697885475,https://cuescore.com/img/flags/png-country-4x2-none/res-640x480/no.png,370.9,370.94,2025-08-25,obk,False,anchored,156.0,35,14,21,35,14,21,0,0,0,0,0,0
2,36997234,Robin Valde,https://img.cuescore.com/image/8/4/862c792ba8eb7f97e626fbe6cbcc59f6.png,https://cuescore.com/img/flags/png-country-4x2-none/res-640x480/no.png,370.73,370.69,2024-01-15,obk,False,anchored,,10,1,9,10,1,9,0,0,0,0,0,0
2,83477917,Fabian Andersen,https://img.cuescore.com/image/4/4/40ed37261b8ee15dfbd04a3340a5cdb6.png?t=1791175478,https://cuescore.com/img/flags/png-country-4x2-none/res-640x480/no.png,370.25,370.46,2026-10-05,obk,False,anchored,176.0,77,30,47,65,26,39,12,4,8,0,0,0
2,71407519,Celia Dyremyhr,https://img.cuescore.com/image/5/4/5aa6aa48f7d5ffe854d5266ac08db7ef.png,https://cuescore.com/img/flags/png-country-4x2-none/res-640x480/no.png,369.96,369.93,2025-10-27,obk,False,anchored,175.0,8,1,7,8,1,7,0,0,0,0,0,0
2,79717822,Julian Gheorghiu-Foss,https://img.cuescore.com/image/0/4/09cecd0f1194e528b893585eb38a5d76.png?t=1775512874,https://cuescore.com/img/flags/png-country-4x2-none/res-640x480/no.png,369.45,369.69,2026-04-08,obk,False,anchored,142.0,24,8,16,24,8,16,0,0,0,0,0,0
2,67015048,jo-inge holen,https://img.cuescore.com/image/8/4/862c792ba8eb7f97e626fbe6cbcc59f6.png,https://cuescore.com/img/flags/png-country-4x2-none/res-640x480/no.png,369.28,369.26,2025-09-01,obk,False,anchored,175.0,13,3,10,13,3,10,0,0,0,0,0,0
2,53204752,Julianne Myhren-heyerdahl,https://img.cuescore.com/image/8/4/8d09505fbd225c313f1b43fc41084bc6.png?t=1735477538,https://cuescore.com/img/flags/png-country-4x2-none/res-640x480/no.png,369.19,369.41,2026-10-05,obk,False,anchored,160.0,1267,394,873,1127,361,766,140,33,107,0,0,0
2,1016897,Hannes Ragnar Leifsson,https://img.cuescore.com/image/1/4/197b214d267b152616d3a629b349e981.png?t=1477738623,https://cuescore.com/img/flags/png-country-4x2-none/res-640x480/is.png,369.15,369.28,2019-10-21,obk,False,anchored,,44,19,25,44,19,25,0,0,0,0,0,0
2,21530185,Ayet Rahimi,https://img.cuescore.com/image/8/4/862c792ba8eb7f97e626fbe6cbcc59f6.png,https://cuescore.com/img/flags/png-country-4x2-none/res-640x480/no.png,369.0,369.13,2024-08-12,obk,False,anchored,201.0,53,18,35,53,18,35,0,0,0,0,0,0
2,59841508,Bjørn Inge Sørensen,https://img.cuescore.com/image/8/4/862c792ba8eb7f97e626fbe6cbcc59f6.png,https://cuescore.com/img/flags/png-country-4x2-none/res-640x480/no.png,368.99,369.01,2025-05-05,obk,False,anchored,150.0,42,17,25,42,17,25,0,0,0,0,0,0
2,7705975,Nikolai kwit,https://img.cuescore.com/image/a/4/a6af6fda30a91d2a3d2b79e484afd294.png?t=1582914765,https://cuescore.com/img/flags/png-country-4x2-none/res-640x480/no.png,368.97,368.95,2025-10-20,obk,False,anchored,125.0,14,3,11,14,3,11,0,0,0,0,0,0
2,55264855,Emil Solskjaer,https://img.cuescore.com/image/8/4/862c792ba8eb7f97e626fbe6cbcc59f6.png,https://cuescore.com/img/flags/png-country-4x2-none/res-640x480/no.png,368.36,368.34,2026-01-18,ostkanten,False,anchored,175.0,10,1,9,0,0,0,10,1,9,0,0,0
2,5916966,Per Christian Slåtta,https://img.cuescore.com/image/9/4/94f0961688ab7220c30bdb92a4843aa3.png?t=1562800981,,366.14,366.23,2019-12-02,obk,False,anchored,31.0,80,31,49,80,31,49,0,0,0,0,0,0
2,77558374,Khizar Iqbal,https://img.cuescore.com/image/0/4/026c05e13b3a3888ec75cfc47f101235.png?t=1772304873,https://cuescore.com/img/flags/png-country-4x2-none/res-640x480/no.png,366.08,366.01,2026-09-13,ostkanten,False,anchored,225.0,17,3,14,7,1,6,10,2,8,0,0,0
2,1025949,Kristian Lund Olås,https://img.cuescore.com/image/d/4/d88f5d524edc21a821fe9620e373df60.png?t=1575984088,https://cuescore.com/img/flags/png-country-4x2-none/res-640x480/no.png,365.71,365.92,2023-12-29,ostkanten,False,anchored,3.0,107,29,78,0,0,0,107,29,78,0,0,0
2,68817391,Stian Espelid,https://img.cuescore.com/image/8/4/862c792ba8eb7f97e626fbe6cbcc59f6.png,https://cuescore.com/img/flags/png-country-4x2-none/res-640x480/hk.png,360.66,360.73,2025-11-03,obk,False,anchored,215.0,32,10,22,32,10,22,0,0,0,0,0,0
2,36216313,Bjørn-Kowalski Hansen,https://img.cuescore.com/image/1/4/1679f2186b15751344a58039c04ff726.png?t=1717444166,https://cuescore.com/img/flags/png-country-4x2-none/res-640x480/no.png,360.57,360.72,2025-12-27,obk,False,anchored,4.0,62,14,48,62,14,48,0,0,0,0,0,0
2,2085426,Minh Bui Cong,https://img.cuescore.com/image/8/4/862c792ba8eb7f97e626fbe6cbcc59f6.png,https://cuescore.com/img/flags/png-country-4x2-none/res-640x480/no.png,358.67,358.75,2020-02-03,obk,False,anchored,,68,27,41,68,27,41,0,0,0,0,0,0
2,80766817,Tobias Bratseth,https://img.cuescore.com/image/7/4/7ea4a90d3c1f0719f8ecbf61304134cc.png?t=1778484724,https://cuescore.com/img/flags/png-country-4x2-none/res-640x480/no.png,356.37,356.27,2026-05-11,obk,False,anchored,144.0,26,7,19,26,7,19,0,0,0,0,0,0
2,4849639,Petter Rognlien,https://img.cuescore.com/image/8/4/862c792ba8eb7f97e626fbe6cbcc59f6.png,https://cuescore.com/img/flags/png-country-4x2-none/res-640x480/no.png,353.61,353.8,2026-09-27,ostkanten,False,anchored,209.0,430,125,305,225,70,155,205,55,150,0,0,0
2,54197755,Tom erik Lysenstøen,https://img.cuescore.com/image/4/4/40b64e7913fff82c25db64dca11c5100.png?t=1737635899,https://cuescore.com/img/flags/png-country-4x2-none/res-640x480/no.png,350.26,350.65,2026-10-07,obk,True,anchored,200.0,1655,468,1187,1484,426,1058,171,42,129,0,0,0
2,88271758,Aleksander Edseth Kristiansen,https://img.cuescore.com/image/8/4/862c792ba8eb7f97e626fbe6cbcc59f6.png,https://cuescore.com/img/flags/png-country-4x2-none/res-640x480/no.png,349.3,349.22,2026-09-23,obk,False,anchored,175.0,19,4,15,19,4,15,0,0,0,0,0,0
2,2576333,Besar Avdi,https://img.cuescore.com/image/8/4/862c792ba8eb7f97e626fbe6cbcc59f6.png,https://cuescore.com/img/flags/png-country-4x2-none/res-640x480/no.png,347.7,347.69,2019-01-28,obk,False,anchored,,46,14,32,46,14,32,0,0,0,0,0,0
2,71803366,Jakob Corcoran-Øien,https://img.cuescore.com/image/8/4/862c792ba8eb7f97e626fbe6cbcc59f6.png,https://cuescore.com/img/flags/png-country-4x2-none/res-640x480/no.png,346.99,347.16,2026-04-20,obk,False,anchored,151.0,88,37,51,88,37,51,0,0,0,0,0,0
2,1944804,Tommy Martinsen,https://img.cuescore.com/image/8/4/862c792ba8eb7f97e626fbe6cbcc59f6.png,https://cuescore.com/img/flags/png-country-4x2-none/res-640x480/no.png,342.44,342.54,2019-06-03,obk,False,anchored,,72,27,45,72,27,45,0,0,0,0,0,0
2,75757273,Oliver Milett,https://img.cuescore.com/image/8/4/862c792ba8eb7f97e626fbe6cbcc59f6.png,https://cuescore.com/img/flags/png-country-4x2-none/res-640x480/no.png,339.68,339.68,2026-04-19,ostkanten,False,anchored,175.0,59,16,43,46,14,32,13,2,11,0,0,0
2,2576334,Ridvan Avdi,https://img.cuescore.com/image/8/4/862c792ba8eb7f97e626fbe6cbcc59f6.png,https://cuescore.com/img/flags/png-country-4x2-none/res-640x480/no.png,335.16,335.22,2019-01-28,obk,False,anchored,,69,22,47,69,22,47,0,0,0,0,0,0
2,12622333,Silje Engström-Øvretveit,https://img.cuescore.com/image/4/4/4c9c42c22b01a45dc35a193a8c55bd4d.png?t=1788102663,https://cuescore.com/img/flags/png-country-4x2-none/res-640x480/no.png,330.48,330.7,2026-08-30,ostkanten,False,anchored,,69,16,53,0,0,0,69,16,53,0,0,0
2,78855460,Raymund Perez,https://img.cuescore.com/image/8/4/862c792ba8eb7f97e626fbe6cbcc59f6.png,https://cuescore.com/img/flags/png-country-4x2-none/res-640x480/ph.png,329.26,328.92,2026-04-27,obk,False,anchored,169.0,47,11,36,47,11,36,0,0,0,0,0,0
2,1944631,Lars Haakon Lunde,https://img.cuescore.com/image/8/4/862c792ba8eb7f97e626fbe6cbcc59f6.png,https://cuescore.com/img/flags/png-country-4x2-none/res-640x480/no.png,326.66,326.73,2021-06-28,obk,False,anchored,,53,16,37,53,16,37,0,0,0,0,0,0
2,11193832,Susann Lamby Solvang,https://img.cuescore.com/image/2/4/213fe4b7fc4da90f37e2907ede08242c.png?t=1647129741,https://cuescore.com/img/flags/png-country-4x2-none/res-640x480/no.png,320.09,320.27,2022-04-04,obk,False,anchored,,66,19,47,66,19,47,0,0,0,0,0,0
2,63511876,Ingebrigt Magne Dale,https://img.cuescore.com/image/8/4/862c792ba8eb7f97e626fbe6cbcc59f6.png,https://cuescore.com/img/flags/png-country-4x2-none/res-640x480/no.png,318.61,318.64,2026-04-06,obk,False,anchored,159.0,27,3,24,27,3,24,0,0,0,0,0,0
2,17419783,Ketil Blix,https://img.cuescore.com/image/4/4/4afafb802c9f4d2ecad04cc1ae0f6f0c.png?t=1696926173,https://cuescore.com/img/flags/png-country-4x2-none/res-640x480/no.png,317.74,317.74,2026-10-05,obk,False,anchored,100.0,625,187,438,625,187,438,0,0,0,0,0,0
2,81177493,Bjørn Wildhagen,https://img.cuescore.com/image/8/4/862c792ba8eb7f97e626fbe6cbcc59f6.png,https://cuescore.com/img/flags/png-country-4x2-none/res-640x480/no.png,313.94,314.14,2026-09-28,obk,False,anchored,141.0,135,36,99,135,36,99,0,0,0,0,0,0
2,2620564,Ridvan,https://img.cuescore.com/image/8/4/862c792ba8eb7f97e626fbe6cbcc59f6.png,https://cuescore.com/img/flags/png-country-4x2-none/res-640x480/no.png,313.21,313.53,2018-10-15,obk,False,anchored,12.0,50,19,31,50,19,31,0,0,0,0,0,0
2,8274311,Jenny Carine Borrmann,https://img.cuescore.com/image/a/4/a37b21112662883c7b786d1046f2e0aa.png?t=1600699448,https://cuescore.com/img/flags/png-country-4x2-none/res-640x480/no.png,311.2,311.18,2022-11-28,obk,False,anchored,125.0,40,7,33,40,7,33,0,0,0,0,0,0
2,3080986,Qazim Redzepi,https://img.cuescore.com/image/8/4/862c792ba8eb7f97e626fbe6cbcc59f6.png,https://cuescore.com/img/flags/png-country-4x2-none/res-640x480/no.png,305.49,305.58,2019-02-25,obk,False,anchored,,59,19,40,59,19,40,0,0,0,0,0,0
2,74738734,Frode Johansen,https://img.cuescore.com/image/d/4/dd7a0826b7ca8ae4c7aa8393ec6196b9.png?t=1768412707,https://cuescore.com/img/flags/png-country-4x2-none/res-640x480/no.png,302.78,303.0,2026-06-01,obk,False,anchored,126.0,187,60,127,187,60,127,0,0,0,0,0,0
2,1018030,Thomas Bestorp,https://img.cuescore.com/image/8/4/862c792ba8eb7f97e626fbe6cbcc59f6.png,,302.67,302.84,2019-09-23,obk,False,anchored,,100,30,70,100,30,70,0,0,0,0,0,0
2,77274373,Elin Demoniere,https://img.cuescore.com/image/2/4/277e89a18ad63fb7c3bdb2887170b175.png?t=1772469683,https://cuescore.com/img/flags/png-country-4x2-none/res-640x480/no.png,297.03,296.74,2026-09-28,obk,False,anchored,101.0,285,79,206,285,79,206,0,0,0,0,0,0
2,3218903,Amir Bajrami,https://img.cuescore.com/image/8/4/862c792ba8eb7f97e626fbe6cbcc59f6.png,,278.43,278.75,2019-11-25,obk,False,anchored,,53,15,38,53,15,38,0,0,0,0,0,0
2,1968343,Silje Jacobsen,https://img.cuescore.com/image/5/4/5aa6aa48f7d5ffe854d5266ac08db7ef.png,https://cuescore.com/img/flags/png-country-4x2-none/res-640x480/no.png,277.26,277.32,2019-01-28,obk,False,anchored,,82,21,61,82,21,61,0,0,0,0,0,0
2,1091521,Silje Jacobsen,https://img.cuescore.com/image/5/4/5aa6aa48f7d5ffe854d5266ac08db7ef.png,https://cuescore.com/img/flags/png-country-4x2-none/res-640x480/no.png,218.16,218.28,2019-02-11,obk,False,anchored,,61,12,49,61,12,49,0,0,0,0,0,0
3,3405178,Lag 5,https://img.cuescore.com/image/8/4/862c792ba8eb7f97e626fbe6cbcc59f6.png,https://cuescore.com/img/flags/png-country-4x2-none/res-640x480/no.png,,,2019-12-15,obk,False,disconnected,,32,14,18,32,14,18,0,0,0,0,0,0
3,3405185,lag 12,https://img.cuescore.com/image/8/4/862c792ba8eb7f97e626fbe6cbcc59f6.png,https://cuescore.com/img/flags/png-country-4x2-none/res-640x480/no.png,,,2019-12-15,obk,False,disconnected,,28,11,17,28,11,17,0,0,0,0,0,0
3,3405179,Lag 6,https://img.cuescore.com/image/8/4/862c792ba8eb7f97e626fbe6cbcc59f6.png,https://cuescore.com/img/flags/png-country-4x2-none/res-640x480/no.png,,,2019-12-15,obk,False,disconnected,,55,30,25,55,30,25,0,0,0,0,0,0
3,3405183,Lag 10,https://img.cuescore.com/image/8/4/862c792ba8eb7f97e626fbe6cbcc59f6.png,https://cuescore.com/img/flags/png-country-4x2-none/res-640x480/no.png,,,2019-12-15,obk,False,disconnected,,32,17,15,32,17,15,0,0,0,0,0,0
3,3405176,Lag 3,https://img.cuescore.com/image/8/4/862c792ba8eb7f97e626fbe6cbcc59f6.png,https://cuescore.com/img/flags/png-country-4x2-none/res-640x480/no.png,,,2019-12-15,obk,False,disconnected,,30,11,19,30,11,19,0,0,0,0,0,0
3,3405180,Lag 7,https://img.cuescore.com/image/8/4/862c792ba8eb7f97e626fbe6cbcc59f6.png,https://cuescore.com/img/flags/png-country-4x2-none/res-640x480/no.png,,,2019-12-15,obk,False,disconnected,,45,27,18,45,27,18,0,0,0,0,0,0
3,3405184,Lag 11,https://img.cuescore.com/image/8/4/862c792ba8eb7f97e626fbe6cbcc59f6.png,https://cuescore.com/img/flags/png-country-4x2-none/res-640x480/no.png,,,2019-12-15,obk,False,disconnected,,50,33,17,50,33,17,0,0,0,0,0,0
3,3405181,Lag 8,https://img.cuescore.com/image/8/4/862c792ba8eb7f97e626fbe6cbcc59f6.png,https://cuescore.com/img/flags/png-country-4x2-none/res-640x480/no.png,,,2019-12-15,obk,False,disconnected,,19,4,15,19,4,15,0,0,0,0,0,0
3,3405175,Lag 2,https://img.cuescore.com/image/8/4/862c792ba8eb7f97e626fbe6cbcc59f6.png,https://cuescore.com/img/flags/png-country-4x2-none/res-640x480/no.png,,,2019-12-15,obk,False,disconnected,,42,24,18,42,24,18,0,0,0,0,0,0
3,3405177,Lag 4,https://img.cuescore.com/image/8/4/862c792ba8eb7f97e626fbe6cbcc59f6.png,https://cuescore.com/img/flags/png-country-4x2-none/res-640x480/no.png,,,2019-12-15,obk,False,disconnected,,37,19,18,37,19,18,0,0,0,0,0,0
3,3405182,Lag 9,https://img.cuescore.com/image/8/4/862c792ba8eb7f97e626fbe6cbcc59f6.png,https://cuescore.com/img/flags/png-country-4x2-none/res-640x480/no.png,,,2019-12-15,obk,False,disconnected,,33,13,20,33,13,20,0,0,0,0,0,0
3,3405174,Lag 1,https://img.cuescore.com/image/8/4/862c792ba8eb7f97e626fbe6cbcc59f6.png,https://cuescore.com/img/flags/png-country-4x2-none/res-640x480/no.png,,,2019-12-15,obk,False,disconnected,,31,14,17,31,14,17,0,0,0,0,0,0
4,8339160,Anita,https://img.cuescore.com/image/8/4/862c792ba8eb7f97e626fbe6cbcc59f6.png,https://cuescore.com/img/flags/png-country-4x2-none/res-640x480/no.png,,,2020-10-05,obk,False,disconnected,,9,7,2,9,7,2,0,0,0,0,0,0
4,8339346,Gunn Ellen,https://img.cuescore.com/image/5/4/5aa6aa48f7d5ffe854d5266ac08db7ef.png,https://cuescore.com/img/flags/png-country-4x2-none/res-640x480/no.png,,,2020-10-05,obk,False,disconnected,,9,6,3,9,6,3,0,0,0,0,0,0
4,8339161,Silje,https://img.cuescore.com/image/8/4/862c792ba8eb7f97e626fbe6cbcc59f6.png,https://cuescore.com/img/flags/png-country-4x2-none/res-640x480/no.png,,,2020-10-05,obk,False,disconnected,,6,0,6,6,0,6,0,0,0,0,0,0
4,8338866,Frode,https://img.cuescore.com/image/8/4/862c792ba8eb7f97e626fbe6cbcc59f6.png,https://cuescore.com/img/flags/png-country-4x2-none/res-640x480/no.png,,,2020-10-05,obk,False,disconnected,,6,2,4,6,2,4,0,0,0,0,0,0
5,57625429,Yngve Aurum,https://img.cuescore.com/image/8/4/862c792ba8eb7f97e626fbe6cbcc59f6.png,https://cuescore.com/img/flags/png-country-4x2-none/res-640x480/no.png,,,2025-03-19,obk,False,disconnected,,8,7,1,8,7,1,0,0,0,0,0,0
5,57625435,Ståle Aurum,https://img.cuescore.com/image/8/4/862c792ba8eb7f97e626fbe6cbcc59f6.png,https://cuescore.com/img/flags/png-country-4x2-none/res-640x480/no.png,,,2025-03-19,obk,False,disconnected,,9,5,4,9,5,4,0,0,0,0,0,0
5,57625432,Stian Aurum,https://img.cuescore.com/image/8/4/862c792ba8eb7f97e626fbe6cbcc59f6.png,https://cuescore.com/img/flags/png-country-4x2-none/res-640x480/no.png,,,2025-03-19,obk,False,disconnected,,3,1,2,3,1,2,0,0,0,0,0,0
5,57625354,Aanund Aurum,https://img.cuescore.com/image/8/4/862c792ba8eb7f97e626fbe6cbcc59f6.png,https://cuescore.com/img/flags/png-country-4x2-none/res-640x480/no.png,,,2025-03-19,obk,False,disconnected,,2,0,2,2,0,2,0,0,0,0,0,0
5,57625423,Anders Aurum,https://img.cuescore.com/image/8/4/862c792ba8eb7f97e626fbe6cbcc59f6.png,https://cuescore.com/img/flags/png-country-4x2-none/res-640x480/no.png,,,2025-03-19,obk,False,disconnected,,4,2,2,4,2,2,0,0,0,0,0,0
5,57625420,Arve Aurum,https://img.cuescore.com/image/8/4/862c792ba8eb7f97e626fbe6cbcc59f6.png,https://cuescore.com/img/flags/png-country-4x2-none/res-640x480/no.png,,,2025-03-19,obk,False,disconnected,,2,0,2,2,0,2,0,0,0,0,0,0
5,57625438,Espen Aurum,https://img.cuescore.com/image/8/4/862c792ba8eb7f97e626fbe6cbcc59f6.png,https://cuescore.com/img/flags/png-country-4x2-none/res-640x480/no.png,,,2025-03-19,obk,False,disconnected,,4,2,2,4,2,2,0,0,0,0,0,0
5,57625426,Bergen Aurum,https://img.cuescore.com/image/8/4/862c792ba8eb7f97e626fbe6cbcc59f6.png,https://cuescore.com/img/flags/png-country-4x2-none/res-640x480/no.png,,,2025-03-19,obk,False,disconnected,,2,0,2,2,0,2,0,0,0,0,0,0
6,1751816,Georgios Fragkias,https://img.cuescore.com/image/8/4/862c792ba8eb7f97e626fbe6cbcc59f6.png,https://cuescore.com/img/flags/png-country-4x2-none/res-640x480/gr.png,,,2017-10-09,obk,False,disconnected,,4,1,3,4,1,3,0,0,0,0,0,0
6,1751817,Panagiotis Konstantinidis,https://img.cuescore.com/image/8/4/862c792ba8eb7f97e626fbe6cbcc59f6.png,https://cuescore.com/img/flags/png-country-4x2-none/res-640x480/gr.png,,,2017-10-09,obk,False,disconnected,,4,3,1,4,3,1,0,0,0,0,0,0
7,58582747,Kari Mo,https://img.cuescore.com/image/5/4/5aa6aa48f7d5ffe854d5266ac08db7ef.png,https://cuescore.com/img/flags/png-country-4x2-none/res-640x480/no.png,,,2025-04-09,obk,False,disconnected,,6,3,3,6,3,3,0,0,0,0,0,0
7,58582762,Olav Melve,https://img.cuescore.com/image/8/4/862c792ba8eb7f97e626fbe6cbcc59f6.png,https://cuescore.com/img/flags/png-country-4x2-none/res-640x480/no.png,,,2025-04-09,obk,False,disconnected,,8,5,3,8,5,3,0,0,0,0,0,0
7,58582753,Herleik Holtan,https://img.cuescore.com/image/8/4/862c792ba8eb7f97e626fbe6cbcc59f6.png,https://cuescore.com/img/flags/png-country-4x2-none/res-640x480/no.png,,,2025-04-09,obk,False,disconnected,,7,6,1,7,6,1,0,0,0,0,0,0
7,58582768,Maximilian Rimmel,https://img.cuescore.com/image/8/4/862c792ba8eb7f97e626fbe6cbcc59f6.png,https://cuescore.com/img/flags/png-country-4x2-none/res-640x480/no.png,,,2025-04-09,obk,False,disconnected,,7,3,4,7,3,4,0,0,0,0,0,0
7,58582774,Sindri Ingolfsson,https://img.cuescore.com/image/8/4/862c792ba8eb7f97e626fbe6cbcc59f6.png,https://cuescore.com/img/flags/png-country-4x2-none/res-640x480/no.png,,,2025-04-09,obk,False,disconnected,,6,2,4,6,2,4,0,0,0,0,0,0
7,58582759,Sinara Vijayan,https://img.cuescore.com/image/5/4/5aa6aa48f7d5ffe854d5266ac08db7ef.png,https://cuescore.com/img/flags/png-country-4x2-none/res-640x480/no.png,,,2025-04-09,obk,False,disconnected,,4,0,4,4,0,4,0,0,0,0,0,0
8,25651783,Fabian & Ivar,https://img.cuescore.com/image/8/4/862c792ba8eb7f97e626fbe6cbcc59f6.png,https://cuescore.com/img/flags/png-country-4x2-none/res-640x480/no.png,,,2023-03-07,obk,False,disconnected,,3,1,2,3,1,2,0,0,0,0,0,0
8,25651789,Peter & Ronny,https://img.cuescore.com/image/8/4/862c792ba8eb7f97e626fbe6cbcc59f6.png,https://cuescore.com/img/flags/png-country-4x2-none/res-640x480/no.png,,,2023-03-07,obk,False,disconnected,,7,5,2,7,5,2,0,0,0,0,0,0
8,25651198,Cecilie & Dagfinn,https://img.cuescore.com/image/8/4/862c792ba8eb7f97e626fbe6cbcc59f6.png,https://cuescore.com/img/flags/png-country-4x2-none/res-640x480/no.png,,,2023-03-07,obk,False,disconnected,,3,1,2,3,1,2,0,0,0,0,0,0
8,25651231,Christian Andre & Daniel,https://img.cuescore.com/image/8/4/862c792ba8eb7f97e626fbe6cbcc59f6.png,https://cuescore.com/img/flags/png-country-4x2-none/res-640x480/no.png,,,2023-03-07,obk,False,disconnected,,6,4,2,6,4,2,0,0,0,0,0,0
8,25651222,Kenneth & Tore,https://img.cuescore.com/image/8/4/862c792ba8eb7f97e626fbe6cbcc59f6.png,https://cuescore.com/img/flags/png-country-4x2-none/res-640x480/no.png,,,2023-03-07,obk,False,disconnected,,5,3,2,5,3,2,0,0,0,0,0,0
8,25651163,Martine & Merhawi,https://img.cuescore.com/image/8/4/862c792ba8eb7f97e626fbe6cbcc59f6.png,https://cuescore.com/img/flags/png-country-4x2-none/res-640x480/no.png,,,2023-03-07,obk,False,disconnected,,2,0,2,2,0,2,0,0,0,0,0,0
8,25651813,Hans Otto & Per Åge & Espen,https://img.cuescore.com/image/8/4/862c792ba8eb7f97e626fbe6cbcc59f6.png,https://cuescore.com/img/flags/png-country-4x2-none/res-640x480/no.png,,,2023-03-07,obk,False,disconnected,,4,2,2,4,2,2,0,0,0,0,0,0
8,25651180,Mathias & Vincent,https://img.cuescore.com/image/8/4/862c792ba8eb7f97e626fbe6cbcc59f6.png,https://cuescore.com/img/flags/png-country-4x2-none/res-640x480/no.png,,,2023-03-07,obk,False,disconnected,,2,0,2,2,0,2,0,0,0,0,0,0
8,25651801,Tomas & Geir,https://img.cuescore.com/image/8/4/862c792ba8eb7f97e626fbe6cbcc59f6.png,https://cuescore.com/img/flags/png-country-4x2-none/res-640x480/no.png,,,2023-03-07,obk,False,disconnected,,4,2,2,4,2,2,0,0,0,0,0,0
9,8096866,Marius,https://img.cuescore.com/image/8/4/862c792ba8eb7f97e626fbe6cbcc59f6.png,https://cuescore.com/img/flags/png-country-4x2-none/res-640x480/no.png,,,2020-08-22,obk,False,disconnected,,6,3,3,6,3,3,0,0,0,0,0,0
9,8096870,Seb,https://img.cuescore.com/image/8/4/862c792ba8eb7f97e626fbe6cbcc59f6.png,https://cuescore.com/img/flags/png-country-4x2-none/res-640x480/no.png,,,2020-08-22,obk,False,disconnected,,3,1,2,3,1,2,0,0,0,0,0,0
9,8096868,Alex Holm,https://img.cuescore.com/image/8/4/862c792ba8eb7f97e626fbe6cbcc59f6.png,https://cuescore.com/img/flags/png-country-4x2-none/res-640x480/no.png,,,2020-08-22,obk,False,disconnected,,3,1,2,3,1,2,0,0,0,0,0,0
9,8096876,Miika,https://img.cuescore.com/image/8/4/862c792ba8eb7f97e626fbe6cbcc59f6.png,https://cuescore.com/img/flags/png-country-4x2-none/res-640x480/no.png,,,2020-08-22,obk,False,disconnected,,11,7,4,11,7,4,0,0,0,0,0,0
9,8096869,Daniel,https://img.cuescore.com/image/8/4/862c792ba8eb7f97e626fbe6cbcc59f6.png,https://cuescore.com/img/flags/png-country-4x2-none/res-640x480/no.png,,,2020-08-22,obk,False,disconnected,,8,5,3,8,5,3,0,0,0,0,0,0
9,8096875,Siri,https://img.cuescore.com/image/5/4/5aa6aa48f7d5ffe854d5266ac08db7ef.png,https://cuescore.com/img/flags/png-country-4x2-none/res-640x480/no.png,,,2020-08-22,obk,False,disconnected,,5,3,2,5,3,2,0,0,0,0,0,0
9,8096810,Joachim,https://img.cuescore.com/image/8/4/862c792ba8eb7f97e626fbe6cbcc59f6.png,https://cuescore.com/img/flags/png-country-4x2-none/res-640x480/no.png,,,2020-08-22,obk,False,disconnected,,5,2,3,5,2,3,0,0,0,0,0,0
9,8096872,Bjørn,https://img.cuescore.com/image/8/4/862c792ba8eb7f97e626fbe6cbcc59f6.png,https://cuescore.com/img/flags/png-country-4x2-none/res-640x480/no.png,,,2020-08-22,obk,False,disconnected,,9,8,1,9,8,1,0,0,0,0,0,0
9,8096879,Jokke,https://img.cuescore.com/image/8/4/862c792ba8eb7f97e626fbe6cbcc59f6.png,https://cuescore.com/img/flags/png-country-4x2-none/res-640x480/no.png,,,2020-08-22,obk,False,disconnected,,2,0,2,2,0,2,0,0,0,0,0,0
9,8096867,josias,https://img.cuescore.com/image/8/4/862c792ba8eb7f97e626fbe6cbcc59f6.png,https://cuescore.com/img/flags/png-country-4x2-none/res-640x480/no.png,,,2020-08-22,obk,False,disconnected,,2,0,2,2,0,2,0,0,0,0,0,0
9,8096874,Evy,https://img.cuescore.com/image/5/4/5aa6aa48f7d5ffe854d5266ac08db7ef.png,https://cuescore.com/img/flags/png-country-4x2-none/res-640x480/no.png,,,2020-08-22,obk,False,disconnected,,2,0,2,2,0,2,0,0,0,0,0,0
9,8096871,Tina,https://img.cuescore.com/image/5/4/5aa6aa48f7d5ffe854d5266ac08db7ef.png,https://cuescore.com/img/flags/png-country-4x2-none/res-640x480/no.png,,,2020-08-22,obk,False,disconnected,,2,0,2,2,0,2,0,0,0,0,0,0
9,8096873,Heidi,https://img.cuescore.com/image/5/4/5aa6aa48f7d5ffe854d5266ac08db7ef.png,https://cuescore.com/img/flags/png-country-4x2-none/res-640x480/no.png,,,2020-08-22,obk,False,disconnected,,2,0,2,2,0,2,0,0,0,0,0,0
10,7704519,Ester Mathilde Sve,https://img.cuescore.com/image/8/4/862c792ba8eb7f97e626fbe6cbcc59f6.png,https://cuescore.com/img/flags/png-country-4x2-none/res-640x480/no.png,,,2020-02-28,obk,False,disconnected,,3,1,2,3,1,2,0,0,0,0,0,0
10,7704545,Stian Svea,https://img.cuescore.com/image/8/4/862c792ba8eb7f97e626fbe6cbcc59f6.png,https://cuescore.com/img/flags/png-country-4x2-none/res-640x480/no.png,,,2020-02-28,obk,False,disconnected,,6,3,3,6,3,3,0,0,0,0,0,0
10,7704525,Andre Svea,https://img.cuescore.com/image/8/4/862c792ba8eb7f97e626fbe6cbcc59f6.png,https://cuescore.com/img/flags/png-country-4x2-none/res-640x480/no.png,,,2020-02-28,obk,False,disconnected,,3,1,2,3,1,2,0,0,0,0,0,0
10,7704528,Jostein Svea,https://img.cuescore.com/image/8/4/862c792ba8eb7f97e626fbe6cbcc59f6.png,https://cuescore.com/img/flags/png-country-4x2-none/res-640x480/no.png,,,2020-02-28,obk,False,disconnected,,6,3,3,6,3,3,0,0,0,0,0,0
10,7704523,Anne Sofie svea,https://img.cuescore.com/image/8/4/862c792ba8eb7f97e626fbe6cbcc59f6.png,https://cuescore.com/img/flags/png-country-4x2-none/res-640x480/no.png,,,2020-02-28,obk,False,disconnected,,3,1,2,3,1,2,0,0,0,0,0,0
10,7704526,Sindre Svea,https://img.cuescore.com/image/8/4/862c792ba8eb7f97e626fbe6cbcc59f6.png,https://cuescore.com/img/flags/png-country-4x2-none/res-640x480/no.png,,,2020-02-28,obk,False,disconnected,,10,7,3,10,7,3,0,0,0,0,0,0
10,7704520,Christine Svea,https://img.cuescore.com/image/8/4/862c792ba8eb7f97e626fbe6cbcc59f6.png,https://cuescore.com/img/flags/png-country-4x2-none/res-640x480/no.png,,,2020-02-28,obk,False,disconnected,,7,4,3,7,4,3,0,0,0,0,0,0
10,7704529,Magnus Svea,https://img.cuescore.com/image/8/4/862c792ba8eb7f97e626fbe6cbcc59f6.png,https://cuescore.com/img/flags/png-country-4x2-none/res-640x480/no.png,,,2020-02-28,obk,False,disconnected,,11,8,3,11,8,3,0,0,0,0,0,0
10,7704530,Chip Svea,https://img.cuescore.com/image/8/4/862c792ba8eb7f97e626fbe6cbcc59f6.png,https://cuescore.com/img/flags/png-country-4x2-none/res-640x480/no.png,,,2020-02-28,obk,False,disconnected,,7,5,2,7,5,2,0,0,0,0,0,0
10,7704532,Aurora Svea,https://img.cuescore.com/image/8/4/862c792ba8eb7f97e626fbe6cbcc59f6.png,https://cuescore.com/img/flags/png-country-4x2-none/res-640x480/no.png,,,2020-02-28,obk,False,disconnected,,2,0,2,2,0,2,0,0,0,0,0,0
10,7704516,Mathiesen thoresen Svea,https://img.cuescore.com/image/5/4/5aa6aa48f7d5ffe854d5266ac08db7ef.png,https://cuescore.com/img/flags/png-country-4x2-none/res-640x480/no.png,,,2020-02-28,obk,False,disconnected,,2,0,2,2,0,2,0,0,0,0,0,0
10,7704524,Victor Svea,https://img.cuescore.com/image/8/4/862c792ba8eb7f97e626fbe6cbcc59f6.png,https://cuescore.com/img/flags/png-country-4x2-none/res-640x480/no.png,,,2020-02-28,obk,False,disconnected,,2,0,2,2,0,2,0,0,0,0,0,0
10,7704536,Aisha Svea,https://img.cuescore.com/image/8/4/862c792ba8eb7f97e626fbe6cbcc59f6.png,https://cuescore.com/img/flags/png-country-4x2-none/res-640x480/no.png,,,2020-02-28,obk,False,disconnected,,2,0,2,2,0,2,0,0,0,0,0,0
10,7704542,Martin Svea,https://img.cuescore.com/image/8/4/862c792ba8eb7f97e626fbe6cbcc59f6.png,https://cuescore.com/img/flags/png-country-4x2-none/res-640x480/no.png,,,2020-02-28,obk,False,disconnected,,2,0,2,2,0,2,0,0,0,0,0,0
11,58625332,Vegard Kristian,https://img.cuescore.com/image/8/4/862c792ba8eb7f97e626fbe6cbcc59f6.png,https://cuescore.com/img/flags/png-country-4x2-none/res-640x480/no.png,,,2025-04-10,obk,False,disconnected,,3,2,1,3,2,1,0,0,0,0,0,0
11,58625335,Silje Ylva,https://img.cuescore.com/image/8/4/862c792ba8eb7f97e626fbe6cbcc59f6.png,https://cuescore.com/img/flags/png-country-4x2-none/res-640x480/no.png,,,2025-04-10,obk,False,disconnected,,5,3,2,5,3,2,0,0,0,0,0,0
11,58625338,Simon Ida,https://img.cuescore.com/image/8/4/862c792ba8eb7f97e626fbe6cbcc59f6.png,https://cuescore.com/img/flags/png-country-4x2-none/res-640x480/no.png,,,2025-04-10,obk,False,disconnected,,4,2,2,4,2,2,0,0,0,0,0,0
11,58625356,Simen Fredrik,https://img.cuescore.com/image/8/4/862c792ba8eb7f97e626fbe6cbcc59f6.png,https://cuescore.com/img/flags/png-country-4x2-none/res-640x480/no.png,,,2025-04-10,obk,False,disconnected,,3,1,2,3,1,2,0,0,0,0,0,0
11,58625257,Josef Karl,https://img.cuescore.com/image/8/4/862c792ba8eb7f97e626fbe6cbcc59f6.png,https://cuescore.com/img/flags/png-country-4x2-none/res-640x480/no.png,,,2025-04-10,obk,False,disconnected,,2,0,2,2,0,2,0,0,0,0,0,0
11,58625341,Andreas Sondre,https://img.cuescore.com/image/8/4/862c792ba8eb7f97e626fbe6cbcc59f6.png,https://cuescore.com/img/flags/png-country-4x2-none/res-640x480/no.png,,,2025-04-10,obk,False,disconnected,,4,4,0,4,4,0,0,0,0,0,0,0
11,58625347,Michelle Thea,https://img.cuescore.com/image/8/4/862c792ba8eb7f97e626fbe6cbcc59f6.png,https://cuescore.com/img/flags/png-country-4x2-none/res-640x480/no.png,,,2025-04-10,obk,False,disconnected,,2,0,2,2,0,2,0,0,0,0,0,0
11,58625374,Andreas pia Aleks,https://img.cuescore.com/image/8/4/862c792ba8eb7f97e626fbe6cbcc59f6.png,https://cuescore.com/img/flags/png-country-4x2-none/res-640x480/no.png,,,2025-04-10,obk,False,disconnected,,3,1,2,3,1,2,0,0,0,0,0,0
12,14668741,Alan Tomczak,https://img.cuescore.com/image/8/4/862c792ba8eb7f97e626fbe6cbcc59f6.png,https://cuescore.com/img/flags/png-country-4x2-none/res-640x480/no.png,,,2022-03-24,obk,False,disconnected,,5,3,2,5,3,2,0,0,0,0,0,0
12,14668945,Ove Graneng,https://img.cuescore.com/image/8/4/862c792ba8eb7f97e626fbe6cbcc59f6.png,https://cuescore.com/img/flags/png-country-4x2-none/res-640x480/no.png,,,2022-03-24,obk,False,disconnected,,3,3,0,3,3,0,0,0,0,0,0,0
12,14668681,Gry Winther,https://img.cuescore.com/image/5/4/5aa6aa48f7d5ffe854d5266ac08db7ef.png,https://cuescore.com/img/flags/png-country-4x2-none/res-640x480/no.png,,,2022-03-24,obk,False,disconnected,,2,0,2,2,0,2,0,0,0,0,0,0
12,14668708,Tommy Larsen,https://img.cuescore.com/image/8/4/862c792ba8eb7f97e626fbe6cbcc59f6.png,https://cuescore.com/img/flags/png-country-4x2-none/res-640x480/no.png,,,2022-03-24,obk,False,disconnected,,6,4,2,6,4,2,0,0,0,0,0,0
12,14668696,Damian Buchla,https://img.cuescore.com/image/8/4/862c792ba8eb7f97e626fbe6cbcc59f6.png,https://cuescore.com/img/flags/png-country-4x2-none/res-640x480/no.png,,,2022-03-24,obk,False,disconnected,,2,0,2,2,0,2,0,0,0,0,0,0
12,14668783,Niklas Olausson,https://img.cuescore.com/image/8/4/862c792ba8eb7f97e626fbe6cbcc59f6.png,https://cuescore.com/img/flags/png-country-4x2-none/res-640x480/no.png,,,2022-03-24,obk,False,disconnected,,4,2,2,4,2,2,0,0,0,0,0,0
12,14668687,Petter Brenne,https://img.cuescore.com/image/8/4/862c792ba8eb7f97e626fbe6cbcc59f6.png,https://cuescore.com/img/flags/png-country-4x2-none/res-640x480/no.png,,,2022-03-24,obk,False,disconnected,,4,2,2,4,2,2,0,0,0,0,0,0
12,14668744,Josef Mahnin,https://img.cuescore.com/image/8/4/862c792ba8eb7f97e626fbe6cbcc59f6.png,https://cuescore.com/img/flags/png-country-4x2-none/res-640x480/no.png,,,2022-03-24,obk,False,disconnected,,2,0,2,2,0,2,0,0,0,0,0,0
12,14668786,Christoffer Edvardsen,https://img.cuescore.com/image/8/4/862c792ba8eb7f97e626fbe6cbcc59f6.png,https://cuescore.com/img/flags/png-country-4x2-none/res-640x480/no.png,,,2022-03-24,obk,False,disconnected,,3,1,2,3,1,2,0,0,0,0,0,0
12,14668684,Frank Taug,https://img.cuescore.com/image/8/4/862c792ba8eb7f97e626fbe6cbcc59f6.png,https://cuescore.com/img/flags/png-country-4x2-none/res-640x480/no.png,,,2022-03-24,obk,False,disconnected,,5,3,2,5,3,2,0,0,0,0,0,0
12,14668753,Arnor Vegardsson,https://img.cuescore.com/image/8/4/862c792ba8eb7f97e626fbe6cbcc59f6.png,https://cuescore.com/img/flags/png-country-4x2-none/res-640x480/no.png,,,2022-03-24,obk,False,disconnected,,2,0,2,2,0,2,0,0,0,0,0,0
12,14668933,Andreas Ulseth,https://img.cuescore.com/image/8/4/862c792ba8eb7f97e626fbe6cbcc59f6.png,https://cuescore.com/img/flags/png-country-4x2-none/res-640x480/no.png,,,2022-03-24,obk,False,disconnected,,3,1,2,3,1,2,0,0,0,0,0,0
12,14668723,Fredrik Ruud,https://img.cuescore.com/image/8/4/862c792ba8eb7f97e626fbe6cbcc59f6.png,https://cuescore.com/img/flags/png-country-4x2-none/res-640x480/no.png,,,2022-03-24,obk,False,disconnected,,3,3,0,3,3,0,0,0,0,0,0,0
13,9081066,Martin,https://img.cuescore.com/image/8/4/862c792ba8eb7f97e626fbe6cbcc59f6.png,https://cuescore.com/img/flags/png-country-4x2-none/res-640x480/no.png,,,2021-08-07,obk,False,disconnected,,2,1,1,2,1,1,0,0,0,0,0,0
13,9081070,Jardar,https://img.cuescore.com/image/8/4/862c792ba8eb7f97e626fbe6cbcc59f6.png,https://cuescore.com/img/flags/png-country-4x2-none/res-640x480/no.png,,,2021-08-07,obk,False,disconnected,,1,0,1,1,0,1,0,0,0,0,0,0
13,9081069,Lodve,https://img.cuescore.com/image/8/4/862c792ba8eb7f97e626fbe6cbcc59f6.png,https://cuescore.com/img/flags/png-country-4x2-none/res-640x480/no.png,,,2021-08-07,obk,False,disconnected,,3,3,0,3,3,0,0,0,0,0,0,0
13,9081071,Njaal,https://img.cuescore.com/image/8/4/862c792ba8eb7f97e626fbe6cbcc59f6.png,https://cuescore.com/img/flags/png-country-4x2-none/res-640x480/no.png,,,2021-08-07,obk,False,disconnected,,1,0,1,1,0,1,0,0,0,0,0,0
13,9081073,Geir Einar,https://img.cuescore.com/image/8/4/862c792ba8eb7f97e626fbe6cbcc59f6.png,https://cuescore.com/img/flags/png-country-4x2-none/res-640x480/no.png,,,2021-08-07,obk,False,disconnected,,2,1,1,2,1,1,0,0,0,0,0,0
13,9081065,Sturla,https://img.cuescore.com/image/8/4/862c792ba8eb7f97e626fbe6cbcc59f6.png,https://cuescore.com/img/flags/png-country-4x2-none/res-640x480/no.png,,,2021-08-07,obk,False,disconnected,,2,1,1,2,1,1,0,0,0,0,0,0
13,9081072,Kristian,https://img.cuescore.com/image/8/4/862c792ba8eb7f97e626fbe6cbcc59f6.png,https://cuescore.com/img/flags/png-country-4x2-none/res-640x480/no.png,,,2021-08-07,obk,False,disconnected,,1,0,1,1,0,1,0,0,0,0,0,0
13,9081067,Kris,https://img.cuescore.com/image/8/4/862c792ba8eb7f97e626fbe6cbcc59f6.png,https://cuescore.com/img/flags/png-country-4x2-none/res-640x480/no.png,,,2021-08-07,obk,False,disconnected,,1,0,1,1,0,1,0,0,0,0,0,0
13,9081068,Ole,https://img.cuescore.com/image/8/4/862c792ba8eb7f97e626fbe6cbcc59f6.png,https://cuescore.com/img/flags/png-country-4x2-none/res-640x480/no.png,,,2021-08-07,obk,False,disconnected,,3,2,1,3,2,1,0,0,0,0,0,0
14,6672223,Veronica,https://img.cuescore.com/image/5/4/5aa6aa48f7d5ffe854d5266ac08db7ef.png,https://cuescore.com/img/flags/png-country-4x2-none/res-640x480/no.png,,,2019-10-19,obk,False,disconnected,,2,1,1,2,1,1,0,0,0,0,0,0
14,6672291,Carina,https://img.cuescore.com/image/8/4/862c792ba8eb7f97e626fbe6cbcc59f6.png,https://cuescore.com/img/flags/png-country-4x2-none/res-640x480/no.png,,,2019-10-19,obk,False,disconnected,,1,0,1,1,0,1,0,0,0,0,0,0
14,6672292,Charlotte,https://img.cuescore.com/image/5/4/5aa6aa48f7d5ffe854d5266ac08db7ef.png,https://cuescore.com/img/flags/png-country-4x2-none/res-640x480/no.png,,,2019-10-19,obk,False,disconnected,,1,0,1,1,0,1,0,0,0,0,0,0
14,6672304,Iselin,https://img.cuescore.com/image/5/4/5aa6aa48f7d5ffe854d5266ac08db7ef.png,https://cuescore.com/img/flags/png-country-4x2-none/res-640x480/no.png,,,2019-10-19,obk,False,disconnected,,2,1,1,2,1,1,0,0,0,0,0,0
14,6672221,Erlend,https://img.cuescore.com/image/8/4/862c792ba8eb7f97e626fbe6cbcc59f6.png,https://cuescore.com/img/flags/png-country-4x2-none/res-640x480/no.png,,,2019-10-19,obk,False,disconnected,,4,3,1,4,3,1,0,0,0,0,0,0
14,6672225,Jens,https://img.cuescore.com/image/8/4/862c792ba8eb7f97e626fbe6cbcc59f6.png,https://cuescore.com/img/flags/png-country-4x2-none/res-640x480/no.png,,,2019-10-19,obk,False,disconnected,,1,0,1,1,0,1,0,0,0,0,0,0
14,6672297,Eivind,https://img.cuescore.com/image/8/4/862c792ba8eb7f97e626fbe6cbcc59f6.png,https://cuescore.com/img/flags/png-country-4x2-none/res-640x480/no.png,,,2019-10-19,obk,False,disconnected,,1,0,1,1,0,1,0,0,0,0,0,0
14,6672300,Rubicca,https://img.cuescore.com/image/5/4/5aa6aa48f7d5ffe854d5266ac08db7ef.png,https://cuescore.com/img/flags/png-country-4x2-none/res-640x480/no.png,,,2019-10-19,obk,False,disconnected,,2,1,1,2,1,1,0,0,0,0,0,0
14,6672226,Valton,https://img.cuescore.com/image/8/4/862c792ba8eb7f97e626fbe6cbcc59f6.png,https://cuescore.com/img/flags/png-country-4x2-none/res-640x480/no.png,,,2019-10-19,obk,False,disconnected,,4,3,1,4,3,1,0,0,0,0,0,0
14,6672290,Marte,https://img.cuescore.com/image/5/4/5aa6aa48f7d5ffe854d5266ac08db7ef.png,https://cuescore.com/img/flags/png-country-4x2-none/res-640x480/no.png,,,2019-10-19,obk,False,disconnected,,1,0,1,1,0,1,0,0,0,0,0,0
14,6672293,Tim,https://img.cuescore.com/image/8/4/862c792ba8eb7f97e626fbe6cbcc59f6.png,https://cuescore.com/img/flags/png-country-4x2-none/res-640x480/no.png,,,2019-10-19,obk,False,disconnected,,4,4,0,4,4,0,0,0,0,0,0,0
14,6672289,Ane,https://img.cuescore.com/image/5/4/5aa6aa48f7d5ffe854d5266ac08db7ef.png,https://cuescore.com/img/flags/png-country-4x2-none/res-640x480/no.png,,,2019-10-19,obk,False,disconnected,,1,0,1,1,0,1,0,0,0,0,0,0
14,6672296,Ove,https://img.cuescore.com/image/8/4/862c792ba8eb7f97e626fbe6cbcc59f6.png,https://cuescore.com/img/flags/png-country-4x2-none/res-640x480/no.png,,,2019-10-19,obk,False,disconnected,,2,1,1,2,1,1,0,0,0,0,0,0
14,6672295,Sondre,https://img.cuescore.com/image/8/4/862c792ba8eb7f97e626fbe6cbcc59f6.png,https://cuescore.com/img/flags/png-country-4x2-none/res-640x480/no.png,,,2019-10-19,obk,False,disconnected,,2,1,1,2,1,1,0,0,0,0,0,0
14,6672298,Håkon,https://img.cuescore.com/image/8/4/862c792ba8eb7f97e626fbe6cbcc59f6.png,https://cuescore.com/img/flags/png-country-4x2-none/res-640x480/no.png,,,2019-10-19,obk,False,disconnected,,1,0,1,1,0,1,0,0,0,0,0,0
14,6672301,Petter Olsen,https://img.cuescore.com/image/8/4/862c792ba8eb7f97e626fbe6cbcc59f6.png,https://cuescore.com/img/flags/png-country-4x2-none/res-640x480/no.png,,,2019-10-19,obk,False,disconnected,,4,3,1,4,3,1,0,0,0,0,0,0
14,6672294,Christoffer,https://img.cuescore.com/image/8/4/862c792ba8eb7f97e626fbe6cbcc59f6.png,https://cuescore.com/img/flags/png-country-4x2-none/res-640x480/no.png,,,2019-10-19,obk,False,disconnected,,2,1,1,2,1,1,0,0,0,0,0,0
14,6672299,Neda,https://img.cuescore.com/image/5/4/5aa6aa48f7d5ffe854d5266ac08db7ef.png,https://cuescore.com/img/flags/png-country-4x2-none/res-640x480/no.png,,,2019-10-19,obk,False,disconnected,,1,0,1,1,0,1,0,0,0,0,0,0
14,6672222,Rune,https://img.cuescore.com/image/8/4/862c792ba8eb7f97e626fbe6cbcc59f6.png,https://cuescore.com/img/flags/png-country-4x2-none/res-640x480/no.png,,,2019-10-19,obk,False,disconnected,,2,1,1,2,1,1,0,0,0,0,0,0
14,6672302,Jannicke,https://img.cuescore.com/image/5/4/5aa6aa48f7d5ffe854d5266ac08db7ef.png,https://cuescore.com/img/flags/png-country-4x2-none/res-640x480/no.png,,,2019-10-19,obk,False,disconnected,,1,0,1,1,0,1,0,0,0,0,0,0
14,2243719,Camilla Kroan,https://img.cuescore.com/image/5/4/5aa6aa48f7d5ffe854d5266ac08db7ef.png,https://cuescore.com/img/flags/png-country-4x2-none/res-640x480/no.png,,,2019-10-19,obk,False,disconnected,,1,0,1,1,0,1,0,0,0,0,0,0
