player_id,player_name,image,countryImage,fargo_rating,previous_rating,latest_tournament,latest_tournament_source,in_latest_tournament,rating_status,latest_handicap,handicap_starttime,handicap_tournament_id,games,wins,losses,prior_games_overall,component,games_obk,wins_obk,losses_obk,games_ostkanten,wins_ostkanten,losses_ostkanten,games_both,wins_both,losses_both,overall_performance_residual,performance_games_overall,performance_weighted_games_overall,discipline_performance_8_ball,performance_games_8_ball,performance_weighted_games_8_ball,wins_8_ball,losses_8_ball,discipline_performance_9_ball,performance_games_9_ball,performance_weighted_games_9_ball,wins_9_ball,losses_9_ball,discipline_performance_10_ball,performance_games_10_ball,performance_weighted_games_10_ball,wins_10_ball,losses_10_ball,best_discipline,best_discipline_performance
1006272,Henrik Hauge Pettersen,https://img.cuescore.com/image/9/4/9bbaffd449528efffa0d0da85ad7883f.png?t=1496753789,https://cuescore.com/img/flags/png-country-4x2-none/res-640x480/no.png,,,2021-04-24,obk,False,disconnected,3.0,2019-08-30T14:00:00Z,5976158,569,345,224,0,1,569,345,224,0,0,0,0,0,0,,0,0.0,,0,0.0,136,86,,0,0.0,100,58,,0,0.0,109,80,,
2083869,Cato Corneliussen,https://img.cuescore.com/image/0/4/0d0a15d3c1355821816e857fc79ce22e.png?t=1629045707,https://cuescore.com/img/flags/png-country-4x2-none/res-640x480/no.png,,,2021-04-24,obk,False,disconnected,,,,608,294,314,0,1,608,294,314,0,0,0,0,0,0,,0,0.0,,0,0.0,115,111,,0,0.0,103,104,,0,0.0,76,99,,
2129482,Viljar Glavær Akse,https://img.cuescore.com/image/2/4/2e87c1df6de0bc8ca7fe6a730ae2d12a.png?t=1617636586,https://cuescore.com/img/flags/png-country-4x2-none/res-640x480/no.png,,,2021-04-24,obk,False,disconnected,,,,561,230,331,0,1,561,230,331,0,0,0,0,0,0,,0,0.0,,0,0.0,82,136,,0,0.0,67,108,,0,0.0,81,87,,
1010312,Mikael Øgaard,https://img.cuescore.com/image/8/4/804dda94ce89ff5970b7abd8d67af4e7.png?t=1697106544,https://cuescore.com/img/flags/png-country-4x2-none/res-640x480/no.png,797.14,797.03,2026-03-04,obk,False,anchored,678.0,2026-03-04T17:00:00Z,77583133,145,109,36,0,2,145,109,36,0,0,0,0,0,0,-1.1e-05,145,96.086292,,0,0.0,0,0,-0.076651,100,60.60558,67,33,0.13093,45,35.480711,42,3,10-Ball,0.13093
1006214,Emil André Gangfløt,https://img.cuescore.com/image/9/4/963ffedb0da7bc8fa83237386abda13b.png?t=1771601925,https://cuescore.com/img/flags/png-country-4x2-none/res-640x480/no.png,790.99,791.31,2026-08-03,obk,False,anchored,818.0,2026-08-03T16:00:00Z,85939042,1033,696,337,0,2,1000,676,324,33,20,13,0,0,0,-0.076448,1033,598.888514,0.320566,10,6.427011,10,0,-0.01264,430,294.800541,301,129,0.005597,593,297.660963,385,208,8-Ball,0.320566
1006318,Jonas Kvalsund Hansen,https://img.cuescore.com/image/7/4/74042a5fb330252a2151c354505f927d.png?t=1686684110,https://cuescore.com/img/flags/png-country-4x2-none/res-640x480/no.png,723.21,723.4,2021-05-02,obk,False,anchored,2.0,2019-08-30T14:00:00Z,5976158,377,185,192,0,2,377,185,192,0,0,0,0,0,0,1e-05,377,107.488477,,0,0.0,0,0,0.11487,2,0.388413,2,0,-0.000417,375,107.100063,183,192,9-Ball,0.11487
1047734,Ole Kristian Rudshavn,https://img.cuescore.com/image/7/4/7b93300592f2f5386997461ab5962e49.png?t=1548246763,https://cuescore.com/img/flags/png-country-4x2-none/res-640x480/no.png,710.73,710.57,2024-06-12,obk,False,anchored,710.0,2024-06-12T16:00:00Z,44183785,629,409,220,0,2,627,408,219,2,1,1,0,0,0,-1.3e-05,629,193.101472,-0.000334,27,4.450071,20,7,0.023044,480,157.526362,322,158,-0.116581,122,31.12504,67,55,9-Ball,0.023044
2639057,Ivan Blomqvist,https://img.cuescore.com/image/d/4/db1243711fa6ef91a311d07f9aaf632f.png?t=1625398277,https://cuescore.com/img/flags/png-country-4x2-none/res-640x480/se.png,691.06,690.91,2024-07-24,obk,False,anchored,558.0,2024-07-24T16:00:00Z,45923086,323,199,124,0,2,304,187,117,19,12,7,0,0,0,9e-06,323,96.382821,0.103258,17,8.963049,15,2,-0.020248,240,72.125325,145,95,0.034974,66,15.294447,39,27,8-Ball,0.103258
2080111,Casper Cappe Matikainen,https://img.cuescore.com/image/8/4/82e541487d0b01e9944ed349d1e3966b.png?t=1762963580,https://cuescore.com/img/flags/png-country-4x2-none/res-640x480/fi.png,690.16,689.99,2025-07-05,obk,False,anchored,0.0,2025-07-05T08:00:00Z,59079793,194,119,75,0,2,194,119,75,0,0,0,0,0,0,-8e-06,194,119.236644,,0,0.0,0,0,-0.016834,45,22.579848,27,18,0.003933,149,96.656797,92,57,10-Ball,0.003933
1006124,Albert-Roman Borrie Stensrød,https://img.cuescore.com/image/a/4/a81a66d70ed4ce1200df00f5e1b41cdd.png?t=1688324478,https://cuescore.com/img/flags/png-country-4x2-none/res-640x480/no.png,683.11,683.2,2025-07-02,obk,False,anchored,0.0,2025-03-15T09:00:00Z,55383781,568,263,305,0,2,540,248,292,28,15,13,0,0,0,2e-06,568,174.467289,,0,0.0,0,0,-0.072634,154,54.003145,85,69,0.032561,414,120.464144,178,236,10-Ball,0.032561
1006220,Erik Gårdelöf,https://img.cuescore.com/image/e/4/e1266df8dfc9edb21a9816bb8c812135.png?t=1569668287,https://cuescore.com/img/flags/png-country-4x2-none/res-640x480/se.png,681.41,681.36,2026-09-30,obk,False,anchored,845.0,2026-09-30T16:00:00Z,90053185,3153,2052,1101,0,2,2406,1535,871,747,517,230,0,0,0,-0.01996,3153,2294.743337,0.0423,193,142.50606,138,55,0.009101,2208,1564.912195,1471,737,-0.034512,752,587.325082,443,309,8-Ball,0.0423
1014092,Martin Meintjes,https://img.cuescore.com/image/0/4/0a41d932907ab40e31402f663398a0fc.png?t=1766066493,https://cuescore.com/img/flags/png-country-4x2-none/res-640x480/no.png,681.36,681.29,2026-03-18,obk,False,anchored,530.0,2026-03-18T17:00:00Z,77585350,181,117,64,0,2,181,117,64,0,0,0,0,0,0,2.8e-05,181,145.600213,-0.052033,14,10.946925,9,5,0.034822,95,80.804936,71,24,-0.041676,72,53.848353,37,35,9-Ball,0.034822
1006513,Thomas Fjæran,https://img.cuescore.com/image/0/4/042ca8826ef9e0d2fcb0c4ecb08a3397.png?t=1765102020,https://cuescore.com/img/flags/png-country-4x2-none/res-640x480/no.png,676.2,676.06,2026-03-25,obk,False,anchored,630.0,2026-03-25T17:00:00Z,77587555,486,300,186,0,2,486,300,186,0,0,0,0,0,0,9e-06,486,332.574555,,0,0.0,0,0,0.032405,379,250.007419,240,139,-0.098119,107,82.567137,60,47,9-Ball,0.032405
1160318,Niels Feijen,https://img.cuescore.com/image/d/4/ddb2699d6a30a8edd2c54d23a773b693.png?t=1680592705,https://cuescore.com/img/flags/png-country-4x2-none/res-640x480/nl.png,671.04,670.93,2019-08-30,obk,False,anchored,0.0,2019-08-30T14:00:00Z,5976158,121,73,48,0,2,121,73,48,0,0,0,0,0,0,2.9e-05,121,23.478847,,0,0.0,0,0,0.020549,78,15.133458,47,31,-0.037263,43,8.345389,26,17,9-Ball,0.020549
1006184,Christian Johannessen,https://img.cuescore.com/image/5/4/59f058846aed9c9a08dbfff3d9b6bf16.png?t=1747123976,https://cuescore.com/img/flags/png-country-4x2-none/res-640x480/no.png,670.0,669.75,2026-09-16,obk,False,anchored,589.0,2026-09-16T16:00:00Z,88468552,815,519,296,0,2,741,467,274,74,52,22,0,0,0,9e-06,815,419.559182,-0.031951,54,49.495097,36,18,-0.012933,570,256.626304,358,212,0.043199,191,113.437782,125,66,10-Ball,0.043199
1042070,Henrik Olsson,https://img.cuescore.com/image/f/4/f8748e76acc44f5ac8a99710e9e61762.png?t=1571386328,https://cuescore.com/img/flags/png-country-4x2-none/res-640x480/se.png,667.54,667.36,2026-02-22,ostkanten,False,anchored,708.0,2025-11-05T17:00:00Z,71509747,1006,642,364,0,2,842,526,316,164,116,48,0,0,0,-0.0,1006,611.651955,0.084791,55,45.086936,43,12,0.010072,643,370.077506,418,225,-0.038427,308,196.487513,181,127,8-Ball,0.084791
1010308,Emil Braserud,https://img.cuescore.com/image/1/4/191c9fa4a4191a73f484c7f0d222792f.png?t=1478117794,https://cuescore.com/img/flags/png-country-4x2-none/res-640x480/no.png,664.38,664.14,2025-06-04,obk,False,anchored,573.0,2025-06-04T16:05:00Z,61791286,47,33,14,3,2,47,33,14,0,0,0,0,0,0,0.033566,47,32.339899,,0,0.0,0,0,0.0,47,32.339899,33,14,,0,0.0,0,0,9-Ball,0.0
1006332,Kent Halldin,https://img.cuescore.com/image/5/4/5e520ccfc567a22227fa8e4dcf047a95.png?t=1726389089,https://cuescore.com/img/flags/png-country-4x2-none/res-640x480/no.png,663.49,663.27,2024-12-01,ostkanten,False,anchored,0.0,2021-11-20T14:20:00Z,10891954,162,98,64,0,2,162,98,64,0,0,0,0,0,0,-1.9e-05,162,32.262452,-0.013084,35,4.58224,23,12,0.016431,121,26.475401,73,48,-0.311301,6,1.204811,2,4,9-Ball,0.016431
1006288,Jan Kjetil Nordrum,https://img.cuescore.com/image/0/4/0fb8abab823abb0932d87b158aed53d8.png?t=1598464421,https://cuescore.com/img/flags/png-country-4x2-none/res-640x480/no.png,661.64,661.52,2025-07-05,obk,False,anchored,1.0,2025-07-05T08:00:00Z,59079793,167,91,76,0,2,151,85,66,16,6,10,0,0,0,-1.6e-05,167,118.577401,,0,0.0,0,0,-0.062614,49,30.158,25,24,0.021356,118,88.419401,66,52,10-Ball,0.021356
17978686,Ibra Alkhader,https://img.cuescore.com/image/e/4/eaf3ffcf4ae92f068c6e20ca069a3cfb.png?t=1692828855,https://cuescore.com/img/flags/png-country-4x2-none/res-640x480/sy.png,660.57,660.37,2026-07-04,obk,False,anchored,1.0,2026-07-04T08:00:00Z,79932562,3659,2495,1164,0,2,2740,1835,905,919,660,259,0,0,0,1e-06,3659,2962.979335,0.134888,279,213.412467,232,47,-0.004416,2674,2192.508629,1833,841,-0.034295,706,557.058239,430,276,8-Ball,0.134888
6600268,Kim Soo Garmark,https://img.cuescore.com/image/2/4/201635ccb58face4f82ce896ddd377c5.png?t=1787502564,https://cuescore.com/img/flags/png-country-4x2-none/res-640x480/no.png,658.3,658.22,2026-09-30,obk,False,anchored,812.0,2026-09-30T16:00:00Z,90053185,2548,1507,1041,0,2,2367,1402,965,181,105,76,0,0,0,-0.027983,2548,1637.44774,0.095307,132,77.120789,92,40,0.006444,1621,1004.471389,980,641,-0.024868,795,555.855562,435,360,8-Ball,0.095307
6186620,Wiktor Zieliński,https://img.cuescore.com/image/3/4/39fd2a88f5121fba8bd9ba18ea28351f.png?t=1579198078,https://cuescore.com/img/flags/png-country-4x2-none/res-640x480/pl.png,656.85,656.82,2019-08-30,obk,False,anchored,0.0,2019-08-30T14:00:00Z,5976158,104,57,47,0,2,104,57,47,0,0,0,0,0,0,1.7e-05,104,20.181005,,0,0.0,0,0,0.0,104,20.181005,57,47,,0,0.0,0,0,9-Ball,0.0
1006255,Håkon Walland,https://img.cuescore.com/image/3/4/3c9df88fec5120b505d32ab5786ac202.png?t=1546852114,https://cuescore.com/img/flags/png-country-4x2-none/res-640x480/no.png,652.87,652.61,2019-08-30,obk,False,anchored,3.0,2019-08-30T20:00:00Z,6096626,62,42,20,0,2,0,0,0,62,42,20,0,0,0,0.000301,62,9.039625,,0,0.0,0,0,-0.026959,38,4.956515,24,14,0.032726,24,4.083109,18,6,10-Ball,0.032726
1006208,Eirik Riisnæs,https://img.cuescore.com/image/6/4/6e052574f2349c6cf093eb7bca229cdb.png?t=1702675354,https://cuescore.com/img/flags/png-country-4x2-none/res-640x480/no.png,652.45,652.23,2022-12-30,obk,False,anchored,120.0,2018-09-19T16:00:00Z,3079945,188,111,77,0,2,188,111,77,0,0,0,0,0,0,-8e-06,188,28.684498,0.085258,28,4.614888,19,9,-0.013766,128,18.794617,71,57,-0.02554,32,5.274992,21,11,8-Ball,0.085258
1006457,Roger Lysholm,https://img.cuescore.com/image/d/4/dfd36fa7b8799975efb1037d1658a663.png?t=1656764979,https://cuescore.com/img/flags/png-country-4x2-none/res-640x480/no.png,651.64,651.53,2025-07-05,obk,False,anchored,0.0,2025-07-05T08:00:00Z,59079793,115,68,47,0,2,115,68,47,0,0,0,0,0,0,-1e-06,115,86.137411,,0,0.0,0,0,0.045978,25,18.698885,16,9,-0.012748,90,67.438526,52,38,9-Ball,0.045978
1006458,Roger Rasmussen,https://img.cuescore.com/image/1/4/1249ad8941f35c38906657eb2e135399.png?t=1637259817,https://cuescore.com/img/flags/png-country-4x2-none/res-640x480/no.png,650.65,650.5,2026-09-23,obk,False,anchored,675.0,2026-09-23T16:00:00Z,89905801,624,376,248,0,2,592,359,233,32,17,15,0,0,0,4e-06,624,289.482955,0.045806,81,28.619147,51,30,0.001018,462,236.061101,287,175,-0.06254,81,24.802707,38,43,8-Ball,0.045806
1079105,Didrik Vatne,https://img.cuescore.com/image/b/4/b645bac51f603fd26b302f7a8f763004.png?t=1626124556,https://cuescore.com/img/flags/png-country-4x2-none/res-640x480/no.png,650.16,650.01,2023-04-01,obk,False,anchored,575.0,2023-02-15T17:00:00Z,21241663,176,104,72,0,2,171,101,70,5,3,2,0,0,0,1.3e-05,176,63.778178,,0,0.0,0,0,-0.068797,134,50.126238,73,61,0.252603,42,13.651939,31,11,10-Ball,0.252603
1006549,Umar Hayat Ali,https://img.cuescore.com/image/5/4/57348eddfe0304988fda97ec1e9cfed5.png?t=1537580099,https://cuescore.com/img/flags/png-country-4x2-none/res-640x480/no.png,646.73,646.53,2026-09-30,obk,False,anchored,572.0,2026-09-30T16:00:00Z,90053185,974,615,359,0,2,883,556,327,91,59,32,0,0,0,2e-06,974,646.391461,0.088534,112,81.838291,81,31,-0.020522,598,383.275076,372,226,0.00342,264,181.278095,162,102,8-Ball,0.088534
1441973,Geir Holmqvist,https://img.cuescore.com/image/9/4/9e617dfff0c4c411fdad5791561e3986.png?t=1581519216,https://cuescore.com/img/flags/png-country-4x2-none/res-640x480/no.png,643.15,642.92,2026-08-23,ostkanten,False,anchored,0.0,2025-03-15T09:00:00Z,55383781,258,158,100,0,2,92,60,32,166,98,68,0,0,0,7e-06,258,175.14222,-0.179948,12,8.163599,5,7,-0.002663,235,159.945152,145,90,0.26943,11,7.033468,8,3,10-Ball,0.26943
1006195,Damianos Giallourakis,https://img.cuescore.com/image/2/4/2b3054b8ea8e3ac94512fd303d9b6432.png?t=1761829501,https://cuescore.com/img/flags/png-country-4x2-none/res-640x480/gr.png,642.71,642.58,2025-07-05,obk,False,anchored,0.0,2025-07-05T08:00:00Z,59079793,314,196,118,0,2,314,196,118,0,0,0,0,0,0,-0.0,314,99.235873,0.030981,38,3.997522,26,12,0.08044,97,36.417553,62,35,-0.051908,179,58.820798,108,71,9-Ball,0.08044
1033026,Robin Hagerup Ertesvåg,https://img.cuescore.com/image/b/4/b2186caf579b809ca003c5ca566f62c9.png?t=1671544638,https://cuescore.com/img/flags/png-country-4x2-none/res-640x480/no.png,641.5,641.29,2018-12-16,obk,False,anchored,116.0,2018-06-20T16:30:00Z,2689575,344,206,138,0,2,344,206,138,0,0,0,0,0,0,-4e-06,344,44.722167,-0.000148,92,10.707139,57,35,0.02306,235,31.680808,144,91,-0.312304,17,2.33422,5,12,9-Ball,0.02306
1268827,Bastian Andreassen,https://img.cuescore.com/image/8/4/8ee7a4643989fc7422ee9aa1689b8210.png?t=1566200262,https://cuescore.com/img/flags/png-country-4x2-none/res-640x480/no.png,641.29,641.17,2022-07-07,ostkanten,False,anchored,1.0,2021-06-26T10:00:00Z,8885262,139,72,67,0,2,136,69,67,3,3,0,0,0,0,3.3e-05,139,42.602073,,0,0.0,0,0,0.0,139,42.602073,72,67,,0,0.0,0,0,9-Ball,0.0
7962169,Patryk Statkiewicz,https://img.cuescore.com/image/b/4/b04af8735ffe86888e427c6b64e38be3.png?t=1759269435,https://cuescore.com/img/flags/png-country-4x2-none/res-640x480/pl.png,637.11,636.9,2024-02-25,ostkanten,False,anchored,591.0,2024-02-21T17:00:00Z,36515500,181,106,75,0,2,181,106,75,0,0,0,0,0,0,1.4e-05,181,87.999696,,0,0.0,0,0,-0.077812,125,59.847486,65,60,0.165418,56,28.15221,41,15,10-Ball,0.165418
1006372,Marius Nørsterud,https://img.cuescore.com/image/f/4/f349b875c195f5af718dd4c7501d325d.png?t=1480002630,https://cuescore.com/img/flags/png-country-4x2-none/res-640x480/no.png,633.73,633.61,2026-07-18,obk,False,anchored,525.0,2025-07-30T16:00:00Z,64053565,366,200,166,0,2,310,171,139,56,29,27,0,0,0,1.3e-05,366,173.203511,-0.064766,16,12.182752,9,7,0.005017,320,152.324572,177,143,0.002862,30,8.696187,14,16,9-Ball,0.005017
3430505,Ben Tanner,https://img.cuescore.com/image/1/4/1a27ea57d57f6eefe3b9514bc38fc91d.png?t=1726497475,https://cuescore.com/img/flags/png-country-4x2-none/res-640x480/gb-eng.png,630.55,630.51,2026-08-30,ostkanten,False,anchored,425.0,2026-08-12T15:45:00Z,86204368,108,72,36,0,2,8,4,4,100,68,32,0,0,0,-2.2e-05,108,105.24454,,0,0.0,0,0,0.0,108,105.24454,72,36,,0,0.0,0,0,9-Ball,0.0
1073747,John Erstad,https://img.cuescore.com/image/7/4/7a3d4fd9d2b3c76c8bb3a5c0d65edc06.png?t=1665823558,https://cuescore.com/img/flags/png-country-4x2-none/res-640x480/no.png,629.85,629.28,2026-08-19,obk,False,anchored,527.0,2026-08-19T16:00:00Z,86380657,130,83,47,0,2,130,83,47,0,0,0,0,0,0,1e-05,130,116.978183,0.11125,32,26.450082,21,11,-0.032505,98,90.5281,62,36,,0,0.0,0,0,8-Ball,0.11125
1015919,Ahmed Abiev,https://img.cuescore.com/image/9/4/9c16423ae27fd2690103bf96ff191361.png?t=1714310262,https://cuescore.com/img/flags/png-country-4x2-none/res-640x480/no.png,628.11,627.91,2025-07-05,obk,False,anchored,1.0,2025-07-05T08:00:00Z,59079793,79,46,33,0,2,79,46,33,0,0,0,0,0,0,-1.2e-05,79,55.803403,,0,0.0,0,0,0.0,79,55.803403,46,33,,0,0.0,0,0,9-Ball,0.0
1006164,Bjørn Erik Bergh,https://img.cuescore.com/image/e/4/e91eddf0ebffc08dc939bc6afc9c7677.png?t=1757362250,https://cuescore.com/img/flags/png-country-4x2-none/res-640x480/no.png,627.08,626.93,2025-03-15,obk,False,anchored,0.0,2025-03-15T09:00:00Z,55383781,64,39,25,0,2,50,33,17,14,6,8,0,0,0,3.2e-05,64,22.526109,,0,0.0,0,0,0.0,64,22.526109,39,25,,0,0.0,0,0,9-Ball,0.0
1006360,Lars Harby,https://img.cuescore.com/image/4/4/4898d95a0d1786ec55d00f002137119c.png?t=1441974664,https://cuescore.com/img/flags/png-country-4x2-none/res-640x480/no.png,622.52,622.39,2026-07-04,obk,False,anchored,1.0,2026-07-04T08:00:00Z,79932562,2140,1220,920,0,2,1670,942,728,470,278,192,0,0,0,-0.0,2140,1081.770065,0.013555,251,119.478929,157,94,0.000348,1200,615.718672,700,500,-0.005291,689,346.572464,363,326,8-Ball,0.013555
2311288,David Larsson,https://img.cuescore.com/image/c/4/c6cab805f61818caaa0f9a4e0f63cdda.png?t=1769347464,https://cuescore.com/img/flags/png-country-4x2-none/res-640x480/se.png,622.46,622.34,2025-07-05,obk,False,anchored,0.0,2025-07-05T08:00:00Z,59079793,96,58,38,0,2,96,58,38,0,0,0,0,0,0,3.9e-05,96,57.459424,,0,0.0,0,0,0.034226,45,19.244259,32,13,-0.017235,51,38.215165,26,25,9-Ball,0.034226
6172489,Alban Richard,https://img.cuescore.com/image/b/4/b41c6bfe8acb97451578c767b2a810c5.png?t=1646037566,https://cuescore.com/img/flags/png-country-4x2-none/res-640x480/fr.png,621.55,621.39,2025-07-05,obk,False,anchored,0.0,2025-07-05T08:00:00Z,59079793,135,71,64,0,2,135,71,64,0,0,0,0,0,0,-2.8e-05,135,101.157789,,0,0.0,0,0,,0,0.0,0,0,0.0,135,101.157789,71,64,10-Ball,0.0
1006443,Philip Sanchez Gangfløt,https://img.cuescore.com/image/1/4/13ff25ad18aac88c9a98549b78a5d462.png?t=1664957568,https://cuescore.com/img/flags/png-country-4x2-none/res-640x480/no.png,619.59,619.42,2025-12-27,obk,False,anchored,1.0,2025-12-27T11:00:00Z,71848093,58,37,21,0,2,58,37,21,0,0,0,0,0,0,7e-06,58,30.369191,,0,0.0,0,0,0.0,58,30.369191,37,21,,0,0.0,0,0,9-Ball,0.0
14638297,Joakim Langkås,https://img.cuescore.com/image/6/4/62774ae814e93316bf9e95b3a58c5ef5.png?t=1732797275,https://cuescore.com/img/flags/png-country-4x2-none/res-640x480/no.png,616.47,616.31,2026-07-04,obk,False,anchored,1.0,2026-07-04T08:00:00Z,79932562,417,242,175,0,2,417,242,175,0,0,0,0,0,0,1e-06,417,352.280502,,0,0.0,0,0,0.064654,98,82.076505,68,30,-0.019639,319,270.203997,174,145,9-Ball,0.064654
1006271,Henrik Hagen,https://img.cuescore.com/image/e/4/e5ab795b615cb12579bf5296b45b25fc.png?t=1515999880,https://cuescore.com/img/flags/png-country-4x2-none/res-640x480/no.png,616.16,615.94,2025-07-05,obk,False,anchored,1.0,2025-07-05T08:00:00Z,59079793,179,104,75,0,2,109,60,49,70,44,26,0,0,0,-1e-06,179,104.40441,,0,0.0,0,0,0.031816,70,22.728862,44,26,-0.008854,109,81.675548,60,49,9-Ball,0.031816
1067228,Roy Steffensen,https://img.cuescore.com/image/d/4/d8713043f7814554692857a8551f35ac.png?t=1769896756,https://cuescore.com/img/flags/png-country-4x2-none/res-640x480/no.png,612.82,612.67,2025-06-18,obk,False,anchored,559.0,2025-06-18T16:00:00Z,62222692,185,98,87,0,2,179,97,82,6,1,5,0,0,0,1e-06,185,115.116213,0.099976,23,11.898829,17,6,-0.042215,124,79.189566,60,64,0.08962,38,24.027819,21,17,8-Ball,0.099976
8435377,Geir Anfinsen,https://img.cuescore.com/image/8/4/81a6da212ed323f71cdddd9cbf80d5af.png?t=1727820935,https://cuescore.com/img/flags/png-country-4x2-none/res-640x480/no.png,612.26,612.11,2026-04-20,obk,False,anchored,437.0,2026-04-15T16:00:00Z,78942265,284,168,116,0,2,284,168,116,0,0,0,0,0,0,3e-06,284,208.353541,0.026345,25,17.062727,15,10,-0.001698,184,132.314238,110,74,-0.003813,75,58.976576,43,32,8-Ball,0.026345
2207817,Alf Regy Lid,https://img.cuescore.com/image/d/4/d6a36681fc33c66fdae0ca83793a64ec.png?t=1548008205,https://cuescore.com/img/flags/png-country-4x2-none/res-640x480/no.png,611.52,611.4,2020-11-27,obk,False,anchored,3.0,2019-08-30T20:00:00Z,6096626,289,139,150,0,2,289,139,150,0,0,0,0,0,0,2.1e-05,289,74.79404,,0,0.0,0,0,,0,0.0,0,0,0.0,289,74.79404,139,150,10-Ball,0.0
1006148,Arild Moilanen,https://img.cuescore.com/image/b/4/b708e87a6a061b0c5c4ff370d8aa270d.png?t=1631091225,https://cuescore.com/img/flags/png-country-4x2-none/res-640x480/no.png,606.61,606.71,2026-09-20,ostkanten,False,anchored,,,,46,28,18,4,2,0,0,0,46,28,18,0,0,0,0.026957,46,45.59441,,0,0.0,0,0,0.0,46,45.59441,28,18,,0,0.0,0,0,9-Ball,0.0
23594815,Svein Gjermundsen,https://img.cuescore.com/image/3/4/30f16aaf648a3eb3891a4a211da1870e.png?t=1727078843,https://cuescore.com/img/flags/png-country-4x2-none/res-640x480/no.png,606.6,606.45,2026-01-31,obk,False,anchored,1.0,2026-01-31T10:00:00Z,72236716,84,40,44,0,2,84,40,44,0,0,0,0,0,0,1.1e-05,84,71.888793,,0,0.0,0,0,,0,0.0,0,0,0.0,84,71.888793,40,44,10-Ball,0.0
1006431,Pål Daud Fillipsveen,https://img.cuescore.com/image/5/4/5c671df1a09f356682e74cec0af79bd2.png?t=1515352971,https://cuescore.com/img/flags/png-country-4x2-none/res-640x480/no.png,605.81,605.6,2026-09-30,obk,False,anchored,573.0,2026-09-30T16:00:00Z,90053185,1317,757,560,0,2,1317,757,560,0,0,0,0,0,0,0.0,1317,1020.733413,0.080246,208,166.336216,142,66,-0.01277,789,588.490466,443,346,-0.021935,320,265.90673,172,148,8-Ball,0.080246
2126333,Senharip Azar,https://img.cuescore.com/image/3/4/32abb71ca14ad556572e91410131271f.png?t=1566459185,https://cuescore.com/img/flags/png-country-4x2-none/res-640x480/se.png,605.1,605.08,2020-01-30,obk,False,anchored,0.0,2020-01-30T19:15:00Z,7224607,184,110,74,0,2,184,110,74,0,0,0,0,0,0,2.1e-05,184,32.394746,,0,0.0,0,0,0.0,184,32.394746,110,74,,0,0.0,0,0,9-Ball,0.0
9990106,Jonas Nyman Trollhättans BK,https://img.cuescore.com/image/6/4/6aab59292b90e4eb7476accd8837ef85.png?t=1634050921,https://cuescore.com/img/flags/png-country-4x2-none/res-640x480/se.png,600.5,600.34,2025-07-05,obk,False,anchored,2.0,2025-07-05T08:00:00Z,59079793,73,36,37,0,2,73,36,37,0,0,0,0,0,0,-3e-05,73,54.700138,,0,0.0,0,0,,0,0.0,0,0,0.0,73,54.700138,36,37,10-Ball,0.0
1006345,Kjetil Aasane Fredriksen,https://img.cuescore.com/image/d/4/d04f91696324e54ad3bd22c10bef1deb.png?t=1762176985,https://cuescore.com/img/flags/png-country-4x2-none/res-640x480/no.png,600.44,600.31,2026-01-31,obk,False,anchored,2.0,2026-01-31T10:00:00Z,72236716,219,106,113,0,2,219,106,113,0,0,0,0,0,0,4e-06,219,180.904503,,0,0.0,0,0,-0.082157,24,20.09042,12,12,0.010264,195,160.814083,94,101,10-Ball,0.010264
1286181,Petri Makkonen,https://img.cuescore.com/image/8/4/8ee46a2fc91935516ab45c618180d4dc.png?t=1758010003,https://cuescore.com/img/flags/png-country-4x2-none/res-640x480/fi.png,598.76,598.58,2025-07-05,obk,False,anchored,0.0,2025-07-05T08:00:00Z,59079793,194,102,92,0,2,194,102,92,0,0,0,0,0,0,-4e-06,194,112.540774,,0,0.0,0,0,0.105073,64,22.902904,32,32,-0.026847,130,89.63787,70,60,9-Ball,0.105073
1006373,Mark McGauley,https://img.cuescore.com/image/e/4/e9ebd785252499c54858a2385a4b92f8.png?t=1627826388,https://cuescore.com/img/flags/png-country-4x2-none/res-640x480/no.png,597.81,597.61,2026-08-12,obk,False,anchored,598.0,2026-08-12T15:45:00Z,86204368,519,279,240,0,2,410,219,191,109,60,49,0,0,0,-3e-06,519,161.61258,-0.019714,142,26.578372,80,62,-0.002338,302,106.1179,154,148,0.026699,75,28.916308,45,30,10-Ball,0.026699
3073760,Ronny Jakobsen,https://img.cuescore.com/image/7/4/751868ed038a8bdafb328be735714260.png?t=1711203037,https://cuescore.com/img/flags/png-country-4x2-none/res-640x480/no.png,597.13,596.91,2026-05-03,ostkanten,False,anchored,425.0,2025-07-28T16:00:00Z,64053550,108,73,35,0,2,84,57,27,24,16,8,0,0,0,-5e-06,108,52.876144,-0.018312,24,18.133389,16,8,0.009558,84,34.742755,57,27,,0,0.0,0,0,9-Ball,0.009558
25743094,Mohamed Salkiny,https://img.cuescore.com/image/2/4/2eb0efddf8b8f86551a61600f62cd9d9.png?t=1693824907,https://cuescore.com/img/flags/png-country-4x2-none/res-640x480/sy.png,596.95,596.82,2026-09-13,ostkanten,False,anchored,2.0,2026-07-04T08:00:00Z,79932562,1077,605,472,0,2,803,444,359,274,161,113,0,0,0,-1e-06,1077,879.95034,0.035443,82,66.213468,48,34,0.016969,564,458.852222,326,238,-0.028554,431,354.88465,231,200,8-Ball,0.035443
6686119,Levi Pavdeja,https://img.cuescore.com/image/e/4/e9ef4fbb6d905f61d3f241336004ebff.png?t=1708890061,https://cuescore.com/img/flags/png-country-4x2-none/res-640x480/al.png,596.74,596.54,2026-07-20,obk,False,anchored,529.0,2026-07-20T15:45:00Z,85126495,1478,798,680,0,2,1332,724,608,146,74,72,0,0,0,-2e-06,1478,1059.762272,-0.044036,120,69.905235,65,55,-0.018708,866,610.671305,471,395,0.038247,492,379.185732,262,230,10-Ball,0.038247
70090471,Øyvind Risan,https://img.cuescore.com/image/9/4/9a957fd3a5fee2193a9bfa2d6247b695.png?t=1786960937,https://cuescore.com/img/flags/png-country-4x2-none/res-640x480/no.png,596.29,596.13,2026-07-04,obk,False,anchored,2.0,2026-07-04T08:00:00Z,79932562,83,44,39,0,2,83,44,39,0,0,0,0,0,0,4e-06,83,78.297092,,0,0.0,0,0,,0,0.0,0,0,0.0,83,78.297092,44,39,10-Ball,0.0
1006465,Ronny Oldervik,https://img.cuescore.com/image/d/4/d0caacc80c252936d0ca083487d72a10.png?t=1445364661,https://cuescore.com/img/flags/png-country-4x2-none/res-640x480/no.png,595.35,595.18,2025-07-05,obk,False,anchored,0.0,2025-07-05T08:00:00Z,59079793,93,48,45,0,2,61,30,31,32,18,14,0,0,0,5.6e-05,93,57.731927,,0,0.0,0,0,-0.129434,12,4.510556,5,7,0.01097,81,53.221371,43,38,10-Ball,0.01097
1286245,Kim Laaksonen,https://img.cuescore.com/image/e/4/eca7d5a9183f5fe1a32546336707ed18.png?t=1578300138,https://cuescore.com/img/flags/png-country-4x2-none/res-640x480/fi.png,595.09,595.0,2019-08-30,obk,False,anchored,0.0,2019-08-30T14:00:00Z,5976158,89,49,40,0,2,89,49,40,0,0,0,0,0,0,1.1e-05,89,17.27194,,0,0.0,0,0,-0.195848,35,6.791684,13,22,0.126919,54,10.480256,36,18,10-Ball,0.126919
1272012,Erol Dane Mula,https://img.cuescore.com/image/2/4/23dbb46c4c1f9222447abbf8c7fce7fe.png?t=1630444419,https://cuescore.com/img/flags/png-country-4x2-none/res-640x480/ph.png,595.08,594.74,2026-10-04,ostkanten,True,anchored,543.0,2026-09-23T16:00:00Z,89905801,2302,1275,1027,0,2,2277,1260,1017,25,15,10,0,0,0,5e-06,2302,1415.169634,0.002379,231,134.690809,133,98,-0.006344,1482,888.520435,817,665,0.013563,589,391.958389,325,264,10-Ball,0.013563
1006277,Ingolf Höns,https://img.cuescore.com/image/b/4/b5bea3b955fccff5790a4c86ae76016e.png?t=1768202543,https://cuescore.com/img/flags/png-country-4x2-none/res-640x480/no.png,594.35,594.13,2025-12-27,obk,False,anchored,2.0,2025-12-27T11:00:00Z,71848093,199,106,93,0,2,165,90,75,34,16,18,0,0,0,-2.8e-05,199,141.481588,-0.529034,5,1.085228,0,5,0.005973,184,138.695064,102,82,-0.14949,10,1.701296,4,6,9-Ball,0.005973
1035192,Kjell Martin Andersen,https://img.cuescore.com/image/f/4/f0b986b7aace3e37295bfe59f072f90e.png?t=1714042633,https://cuescore.com/img/flags/png-country-4x2-none/res-640x480/no.png,594.25,593.97,2025-12-27,obk,False,anchored,1.0,2025-12-27T11:00:00Z,71848093,48,31,17,2,2,40,26,14,8,5,3,0,0,0,0.01808,48,32.450056,,0,0.0,0,0,0.0,48,32.450056,31,17,,0,0.0,0,0,9-Ball,0.0
6082347,Pijus Labutis,https://img.cuescore.com/image/7/4/710d99c29d4830a0932f1794eea7d4fc.png?t=1677518094,https://cuescore.com/img/flags/png-country-4x2-none/res-640x480/lt.png,593.25,593.13,2019-08-30,obk,False,anchored,0.0,2019-08-30T14:00:00Z,5976158,69,34,35,0,2,69,34,35,0,0,0,0,0,0,-9e-05,69,13.388482,,0,0.0,0,0,0.0,69,13.388482,34,35,,0,0.0,0,0,9-Ball,0.0
3212629,Rolf G. Sedsbøe Jensen,https://img.cuescore.com/image/2/4/25c07dff394b54d88f9848f6de522519.png?t=1542614358,https://cuescore.com/img/flags/png-country-4x2-none/res-640x480/no.png,593.05,592.87,2026-01-31,obk,False,anchored,1.0,2026-01-31T10:00:00Z,72236716,474,256,218,0,2,381,212,169,93,44,49,0,0,0,1.1e-05,474,296.345502,,0,0.0,0,0,0.055765,326,179.009578,186,140,-0.085076,148,117.335924,70,78,9-Ball,0.055765
1006406,Nina Torvund,https://img.cuescore.com/image/e/4/ec37bf27b912833da5b472f7701397df.png?t=1687292181,https://cuescore.com/img/flags/png-country-4x2-none/res-640x480/no.png,592.29,592.16,2026-01-31,obk,False,anchored,1.0,2026-01-31T10:00:00Z,72236716,754,454,300,0,2,720,437,283,34,17,17,0,0,0,5e-06,754,321.085734,0.049056,215,77.208132,135,80,0.024301,308,135.347993,187,121,-0.065204,231,108.52961,132,99,8-Ball,0.049056
10585213,Veejay Adriano,https://img.cuescore.com/image/e/4/e268690a958b4a979dc23aabddd13dac.png?t=1776426571,https://cuescore.com/img/flags/png-country-4x2-none/res-640x480/ph.png,591.76,591.61,2026-01-31,obk,False,anchored,1.0,2026-01-31T10:00:00Z,72236716,256,156,100,0,2,189,112,77,67,44,23,0,0,0,-8e-06,256,198.894696,,0,0.0,0,0,0.013089,153,110.745343,102,51,-0.016444,103,88.149353,54,49,9-Ball,0.013089
1006453,Robin Nathan,https://img.cuescore.com/image/8/4/862c792ba8eb7f97e626fbe6cbcc59f6.png,https://cuescore.com/img/flags/png-country-4x2-none/res-640x480/no.png,591.41,591.42,2026-09-23,obk,False,anchored,495.0,2026-09-23T16:00:00Z,89905801,703,410,293,0,2,269,157,112,434,253,181,0,0,0,-8e-06,703,455.840368,0.121463,87,51.609988,53,34,0.007994,444,306.979259,261,183,-0.089692,172,97.251121,96,76,8-Ball,0.121463
1090712,Ralf Souquet,https://img.cuescore.com/image/3/4/396d7ef2798acb50f30a250a143af2ce.png?t=1664348433,https://cuescore.com/img/flags/png-country-4x2-none/res-640x480/de.png,591.41,591.32,2019-08-30,obk,False,anchored,0.0,2019-08-30T14:00:00Z,5976158,81,41,40,0,2,81,41,40,0,0,0,0,0,0,2.6e-05,81,15.719862,,0,0.0,0,0,-0.059114,17,3.298818,6,11,0.0157,64,12.421044,35,29,10-Ball,0.0157
1960202,Ola Magnus Johnsen,https://img.cuescore.com/image/1/4/1fc59739224adb9a97d849b33454d636.png?t=1749107451,https://cuescore.com/img/flags/png-country-4x2-none/res-640x480/no.png,591.35,591.18,2026-09-30,obk,False,anchored,562.0,2026-09-30T16:00:00Z,90053185,1181,662,519,0,2,1181,662,519,0,0,0,0,0,0,8e-06,1181,931.975959,0.056143,123,104.640573,76,47,-0.009713,841,640.74213,463,378,0.00187,217,186.593256,123,94,8-Ball,0.056143
1006312,Johnny Ellingsen,https://img.cuescore.com/image/a/4/a5df0b4ead265aacbfa89fff9a814c7a.png?t=1772000573,https://cuescore.com/img/flags/png-country-4x2-none/res-640x480/no.png,590.14,589.87,2020-12-17,obk,False,anchored,4.0,2019-08-30T14:00:00Z,5976158,165,101,64,0,2,165,101,64,0,0,0,0,0,0,2e-06,165,43.245036,0.0,165,43.245036,101,64,,0,0.0,0,0,,0,0.0,0,0,8-Ball,0.0
1046692,Mario He,https://img.cuescore.com/image/8/4/8752d88a0fa07c56d7eefab470a48d0a.png?t=1555597369,https://cuescore.com/img/flags/png-country-4x2-none/res-640x480/at.png,590.01,589.9,2019-08-30,obk,False,anchored,0.0,2019-08-30T14:00:00Z,5976158,88,46,42,0,2,88,46,42,0,0,0,0,0,0,-5.1e-05,88,17.077155,,0,0.0,0,0,0.022348,58,11.254791,32,26,-0.0432,30,5.822364,14,16,9-Ball,0.022348
1359835,Per Hagen,https://img.cuescore.com/image/6/4/600097d88a4596cf7ef4775830c31cce.png?t=1515422994,https://cuescore.com/img/flags/png-country-4x2-none/res-640x480/no.png,588.36,588.14,2020-10-07,obk,False,anchored,117.0,2020-08-19T16:00:00Z,8089125,469,259,210,0,2,469,259,210,0,0,0,0,0,0,9e-06,469,79.213938,0.248157,11,2.660304,8,3,-0.013074,343,59.4856,188,155,0.006886,115,17.068034,63,52,8-Ball,0.248157
1286241,Francisco Bustamante,https://img.cuescore.com/image/5/4/548d18230ec92e2d8574c556b3e3c6d3.png?t=1555596611,https://cuescore.com/img/flags/png-country-4x2-none/res-640x480/ph.png,588.29,588.23,2020-01-24,obk,False,anchored,,,,53,32,21,0,2,53,32,21,0,0,0,0,0,0,0.000122,53,11.28468,,0,0.0,0,0,,0,0.0,0,0,0.0,53,11.28468,32,21,10-Ball,0.0
1006420,Ole Tobias Tanilon Gangfløt,https://img.cuescore.com/image/f/4/f1926bc40d05863530d616af04169f4b.png?t=1514720572,https://cuescore.com/img/flags/png-country-4x2-none/res-640x480/no.png,587.75,587.87,2026-07-13,obk,False,anchored,0.0,2026-07-13T15:45:00Z,84819610,201,129,72,0,2,112,69,43,89,60,29,0,0,0,-3e-06,201,178.793235,,0,0.0,0,0,0.008219,195,173.133204,127,68,-0.251424,6,5.660031,2,4,9-Ball,0.008219
6839980,Daniel Lorentzen-Styr,https://img.cuescore.com/image/8/4/86fde4223f4b4cd7cd6a9f62e01922c5.png?t=1740319921,https://cuescore.com/img/flags/png-country-4x2-none/res-640x480/no.png,587.73,587.5,2026-09-16,obk,False,anchored,561.0,2026-09-16T16:00:00Z,88468552,2215,1293,922,0,2,2051,1188,863,164,105,59,0,0,0,2e-06,2215,1077.999572,0.028159,402,156.310236,259,143,0.012149,1195,638.023934,702,493,-0.042844,618,283.665402,332,286,8-Ball,0.028159
1035589,Sebastian Mæhlum,https://img.cuescore.com/image/8/4/862c792ba8eb7f97e626fbe6cbcc59f6.png,https://cuescore.com/img/flags/png-country-4x2-none/res-640x480/no.png,587.48,587.83,2026-05-20,obk,False,anchored,534.0,2026-05-20T16:00:00Z,81474325,367,213,154,0,2,315,186,129,52,27,25,0,0,0,2e-06,367,264.825277,0.020704,35,29.798648,22,13,-0.024167,300,210.257064,167,133,0.180235,32,24.769565,24,8,10-Ball,0.180235
1097814,Mika Immonen,https://img.cuescore.com/image/2/4/24df8192e24d95529ce9fd82af1006e2.png?t=1668506861,https://cuescore.com/img/flags/png-country-4x2-none/res-640x480/fi.png,586.72,586.61,2020-01-24,obk,False,anchored,0.0,2019-08-30T14:00:00Z,5976158,103,48,55,0,2,103,48,55,0,0,0,0,0,0,3.3e-05,103,20.251571,,0,0.0,0,0,0.088094,75,14.553609,40,35,-0.225007,28,5.697962,8,20,9-Ball,0.088094
1014993,Tron Vidar Engebakk,https://img.cuescore.com/image/5/4/5feb60003354010600e14e8d9294a896.png?t=1496737384,https://cuescore.com/img/flags/png-country-4x2-none/res-640x480/no.png,586.69,586.54,2026-07-08,obk,False,anchored,528.0,2026-07-08T16:00:00Z,84684754,330,179,151,0,2,19,8,11,311,171,140,0,0,0,-4e-06,330,186.035479,-0.055445,36,22.691644,12,24,-0.001795,258,139.039581,147,111,0.062035,36,24.304254,20,16,10-Ball,0.062035
11218942,Stein Amundsen,https://img.cuescore.com/image/1/4/14e8266f65bd5c1797aaacf38ce6b72c.png?t=1639677114,https://cuescore.com/img/flags/png-country-4x2-none/res-640x480/no.png,586.66,586.42,2026-09-30,obk,False,anchored,528.0,2026-09-30T16:00:00Z,90053185,444,260,184,0,2,444,260,184,0,0,0,0,0,0,-4e-06,444,419.273107,0.072331,54,51.819356,34,20,-0.018353,266,248.714392,153,113,0.006876,124,118.739359,73,51,8-Ball,0.072331
1081546,Bent Brørs,https://img.cuescore.com/image/9/4/92842a4e723035ec423c9f4f87f0d8cf.png?t=1775585063,https://cuescore.com/img/flags/png-country-4x2-none/res-640x480/no.png,586.57,586.35,2021-07-14,obk,False,anchored,62.0,2021-07-14T16:00:00Z,9016341,53,28,25,0,2,53,28,25,0,0,0,0,0,0,-0.000103,53,8.392957,-0.072549,19,3.131531,9,10,0.04318,34,5.261425,19,15,,0,0.0,0,0,9-Ball,0.04318
7284524,Daniel Hult,https://img.cuescore.com/image/6/4/6a0c03fb23b9ce44b6c520d3333bc4e2.png?t=1724841371,https://cuescore.com/img/flags/png-country-4x2-none/res-640x480/se.png,586.49,586.1,2025-11-30,ostkanten,False,anchored,1.0,2025-07-05T08:00:00Z,59079793,127,65,62,0,2,83,39,44,44,26,18,0,0,0,-2e-06,127,98.404933,,0,0.0,0,0,0.073522,44,36.211625,26,18,-0.042808,83,62.193307,39,44,9-Ball,0.073522
2241168,Trond L,https://img.cuescore.com/image/8/4/862c792ba8eb7f97e626fbe6cbcc59f6.png,https://cuescore.com/img/flags/png-country-4x2-none/res-640x480/no.png,585.03,584.85,2018-11-26,obk,False,anchored,22.0,2018-03-14T17:15:00Z,2238455,174,114,60,0,2,152,103,49,22,11,11,0,0,0,-1.9e-05,174,25.309029,0.097451,45,6.693975,35,10,-0.035043,129,18.615054,79,50,,0,0.0,0,0,8-Ball,0.097451
24897019,Robert Hedin,https://img.cuescore.com/image/8/4/882db237b94f993a3f3405200d9d2064.png?t=1700218507,https://cuescore.com/img/flags/png-country-4x2-none/res-640x480/se.png,584.84,584.67,2026-05-20,obk,False,anchored,512.0,2026-05-20T16:00:00Z,81474325,1280,710,570,0,2,1158,646,512,122,64,58,0,0,0,-7e-06,1280,973.138782,0.074943,71,49.479371,45,26,-0.015268,904,712.169512,498,406,0.03388,305,211.4899,167,138,8-Ball,0.074943
1006216,Emil Bjørkmann,https://img.cuescore.com/image/c/4/c9975a4ae32a7fca6dd029089516ec07.png?t=1659863453,https://cuescore.com/img/flags/png-country-4x2-none/res-640x480/no.png,584.81,584.58,2026-01-11,ostkanten,False,anchored,525.0,2025-10-08T16:00:00Z,69799330,287,167,120,0,2,27,12,15,260,155,105,0,0,0,2.3e-05,287,228.347286,0.157163,3,1.128328,2,1,-0.000362,282,226.466695,164,118,-0.126836,2,0.752262,1,1,8-Ball,0.157163
1123060,"Paweł ""Mumrikken"" Zalewski",https://img.cuescore.com/image/9/4/90259d41e4d1c75a71a1737cde77cbe7.png?t=1690283137,https://cuescore.com/img/flags/png-country-4x2-none/res-640x480/no.png,583.64,583.4,2026-09-27,ostkanten,False,anchored,535.0,2026-08-19T16:00:00Z,86380657,2486,1402,1084,0,2,1098,609,489,1388,793,595,0,0,0,0.0,2486,2006.547977,0.051607,281,241.268202,178,103,0.001964,1957,1571.879399,1114,843,-0.08034,248,193.400375,110,138,8-Ball,0.051607
1006515,Thorbjørn Vildar Dahl Eriksen,https://img.cuescore.com/image/8/4/868df813ad6f5cffd252777db1935fbf.png?t=1497261618,https://cuescore.com/img/flags/png-country-4x2-none/res-640x480/no.png,582.04,581.81,2025-10-22,obk,False,anchored,466.0,2025-10-22T16:00:00Z,70292821,465,257,208,0,2,90,50,40,375,207,168,0,0,0,5e-06,465,139.630101,0.037404,78,17.93619,44,34,0.015446,303,94.941319,169,134,-0.079892,84,26.752593,44,40,8-Ball,0.037404
12836296,Kochar Habib Mushir,https://img.cuescore.com/image/5/4/52b68b2add14e01de4fd4d88c0d69182.png?t=1772302809,https://cuescore.com/img/flags/png-country-4x2-none/res-640x480/se.png,579.29,579.1,2025-07-05,obk,False,anchored,2.0,2025-07-05T08:00:00Z,59079793,92,48,44,0,2,92,48,44,0,0,0,0,0,0,2.7e-05,92,68.93716,,0,0.0,0,0,,0,0.0,0,0,0.0,92,68.93716,48,44,10-Ball,0.0
1006292,Jan Thomassen,https://img.cuescore.com/image/0/4/03344da4b02a82722cd5f8d8c270c281.png?t=1630849658,https://cuescore.com/img/flags/png-country-4x2-none/res-640x480/no.png,577.56,577.41,2026-09-09,obk,False,anchored,521.0,2026-09-09T16:00:00Z,87717052,2012,1108,904,0,2,900,472,428,1112,636,476,0,0,0,-5e-06,2012,1358.900756,0.089658,158,96.799596,100,58,8.1e-05,1600,1096.770643,880,720,-0.053034,254,165.330518,128,126,8-Ball,0.089658
1006536,Tormod Rygge,https://img.cuescore.com/image/2/4/2053792328b78e00e7caf0ef33d55776.png?t=1557667159,https://cuescore.com/img/flags/png-country-4x2-none/res-640x480/no.png,577.41,577.17,2026-08-10,obk,False,anchored,428.0,2026-08-10T16:00:00Z,86164780,118,71,47,0,2,99,61,38,19,10,9,0,0,0,1.1e-05,118,76.639676,,0,0.0,0,0,-0.024866,84,51.072534,46,38,0.049671,34,25.567142,25,9,10-Ball,0.049671
1072290,Fedor Gorst,https://img.cuescore.com/image/f/4/f3e20ad59d024e18de36e33f43ead2dc.png?t=1631601239,https://cuescore.com/img/flags/png-country-4x2-none/res-640x480/ru.png,576.06,575.97,2019-08-30,obk,False,anchored,0.0,2019-08-30T14:00:00Z,5976158,96,55,41,0,2,96,55,41,0,0,0,0,0,0,-5e-06,96,18.62852,,0,0.0,0,0,-0.025519,66,12.806156,39,27,0.056128,30,5.822364,16,14,10-Ball,0.056128
1176475,Daniel Tesfa Salole,https://img.cuescore.com/image/f/4/f01fc0afc65624ed4b3d0b6b7569f81d.png?t=1483532116,https://cuescore.com/img/flags/png-country-4x2-none/res-640x480/no.png,576.06,575.74,2024-08-04,obk,False,anchored,,,,54,33,21,0,2,54,33,21,0,0,0,0,0,0,-2.2e-05,54,32.741096,,0,0.0,0,0,0.0,54,32.741096,33,21,,0,0.0,0,0,9-Ball,0.0
1091363,Sanjin Pehlivanovic,https://img.cuescore.com/image/e/4/ecd989e6b8988b96a74643cd5e806777.png?t=1676458373,https://cuescore.com/img/flags/png-country-4x2-none/res-640x480/ba.png,575.52,575.6,2019-08-30,obk,False,anchored,0.0,2019-08-30T14:00:00Z,5976158,45,25,20,5,2,45,25,20,0,0,0,0,0,0,0.155507,45,8.733025,,0,0.0,0,0,0.128868,17,3.298818,11,6,-0.078229,28,5.434207,14,14,9-Ball,0.128868
26005654,Jacob Sæther,https://img.cuescore.com/image/0/4/0918d58f366e986146d4643e6685222e.png?t=1784673781,https://cuescore.com/img/flags/png-country-4x2-none/res-640x480/no.png,575.3,575.11,2026-09-23,obk,False,anchored,524.0,2026-09-23T16:00:00Z,89905801,2420,1294,1126,0,2,2412,1291,1121,8,3,5,0,0,0,-0.023641,2420,1938.489462,-0.005129,278,202.511938,150,128,-0.008766,1469,1182.501542,791,678,0.020605,673,553.475982,353,320,10-Ball,0.020605
1006514,Thomas Pedersen,https://img.cuescore.com/image/b/4/bbfba97afb24d0205e2c96ce54c0fa3c.png?t=1575984272,https://cuescore.com/img/flags/png-country-4x2-none/res-640x480/no.png,575.25,575.07,2022-04-03,ostkanten,False,anchored,85.0,2019-03-20T17:15:00Z,5065455,372,194,178,0,2,20,8,12,352,186,166,0,0,0,-1e-06,372,65.274752,0.046374,36,7.597292,19,17,-0.001976,246,44.546823,126,120,-0.020127,90,13.130637,49,41,8-Ball,0.046374
1417853,Robin Hauge Pettersen,https://img.cuescore.com/image/8/4/8d73e872302ae047187778b2500eae33.png?t=1732796719,https://cuescore.com/img/flags/png-country-4x2-none/res-640x480/no.png,574.95,574.77,2026-06-15,obk,False,anchored,538.0,2026-06-15T16:00:00Z,83685481,188,103,85,0,2,152,84,68,36,19,17,0,0,0,-8e-06,188,128.952609,0.445449,4,1.504438,4,0,0.047107,69,49.87006,41,28,-0.03892,115,77.578111,58,57,8-Ball,0.445449
1006388,Mats Brujordet Schjetne,https://img.cuescore.com/image/5/4/57e243d3b2c752949a5a144d6905cd53.png?t=1668509803,https://cuescore.com/img/flags/png-country-4x2-none/res-640x480/no.png,574.82,574.71,2024-06-16,ostkanten,False,anchored,0.0,2019-08-30T14:00:00Z,5976158,88,50,38,0,2,85,49,36,3,1,2,0,0,0,1.6e-05,88,15.207393,,0,0.0,0,0,0.009293,72,12.102132,43,29,-0.036218,16,3.105261,7,9,9-Ball,0.009293
1006204,Egil Arne Sørensen,https://img.cuescore.com/image/8/4/8951860177a57721e14d225b8cf045de.png?t=1698284000,https://cuescore.com/img/flags/png-country-4x2-none/res-640x480/no.png,574.13,573.98,2026-07-04,obk,False,anchored,2.0,2026-07-04T08:00:00Z,79932562,1224,636,588,0,2,1166,605,561,58,31,27,0,0,0,-4e-06,1224,839.305855,-0.064885,76,21.561601,37,39,0.017026,848,599.277661,458,390,-0.040299,300,218.466592,141,159,9-Ball,0.017026
20124274,Paolo Speciale,https://img.cuescore.com/image/9/4/9a5ff1e940f4f6029d545ce7295675ac.png?t=1707903294,https://cuescore.com/img/flags/png-country-4x2-none/res-640x480/it.png,574.04,573.87,2026-05-11,obk,False,anchored,466.0,2026-05-11T16:00:00Z,81171145,547,294,253,0,2,447,241,206,100,53,47,0,0,0,5e-06,547,338.245982,-0.001386,101,66.577394,57,44,-0.00345,356,214.237745,188,168,0.014477,90,57.430843,49,41,10-Ball,0.014477
1006135,Anas Khan,https://img.cuescore.com/image/8/4/862c792ba8eb7f97e626fbe6cbcc59f6.png,https://cuescore.com/img/flags/png-country-4x2-none/res-640x480/no.png,572.75,572.67,2026-01-31,obk,False,anchored,4.0,2026-01-31T10:00:00Z,72236716,205,105,100,0,2,205,105,100,0,0,0,0,0,0,3e-06,205,152.13011,,0,0.0,0,0,-0.044128,18,2.103153,10,8,0.000619,187,150.026957,95,92,10-Ball,0.000619
1967863,Nate Komljenovic,https://img.cuescore.com/image/8/4/862c792ba8eb7f97e626fbe6cbcc59f6.png,https://cuescore.com/img/flags/png-country-4x2-none/res-640x480/si.png,572.07,571.89,2022-06-15,obk,False,anchored,74.0,2022-06-15T16:00:00Z,16266742,323,194,129,0,2,272,170,102,51,24,27,0,0,0,1.3e-05,323,57.883647,0.035165,84,19.745396,54,30,-0.003355,155,25.45586,93,62,-0.048016,84,12.682391,47,37,8-Ball,0.035165
51736666,Yakup Aliz,https://img.cuescore.com/image/9/4/95ad0351251512cab1fa15040a914b26.png?t=1771328097,https://cuescore.com/img/flags/png-country-4x2-none/res-640x480/tr.png,571.85,572.63,2026-10-04,ostkanten,True,anchored,469.0,2026-09-16T16:00:00Z,88468552,2721,1522,1199,0,2,1296,698,598,1425,824,601,0,0,0,-3e-06,2721,2316.863558,0.019826,540,452.914728,313,227,-0.001778,1904,1622.198317,1058,846,-0.025213,277,241.750514,151,126,8-Ball,0.019826
30913960,Josef Knutsson,https://img.cuescore.com/image/8/4/842a10f6a642218e7a37d4a54a15204d.png?t=1694241499,https://cuescore.com/img/flags/png-country-4x2-none/res-640x480/se.png,569.93,570.42,2025-12-27,obk,False,anchored,2.0,2025-12-27T11:00:00Z,71848093,123,61,62,0,2,123,61,62,0,0,0,0,0,0,-1.7e-05,123,102.910465,,0,0.0,0,0,0.0,123,102.910465,61,62,,0,0.0,0,0,9-Ball,0.0
1006450,Robert Farinetti,https://img.cuescore.com/image/2/4/2f4e6263b067924062af03733f9dff52.png?t=1496531120,https://cuescore.com/img/flags/png-country-4x2-none/res-640x480/it.png,568.81,568.65,2026-01-31,obk,False,anchored,1.0,2026-01-31T10:00:00Z,72236716,209,107,102,0,2,166,86,80,43,21,22,0,0,0,3e-06,209,140.229175,,0,0.0,0,0,0.053652,60,22.084327,31,29,-0.010029,149,118.144849,76,73,9-Ball,0.053652
1006163,Bjørn Bratteberg,https://img.cuescore.com/image/6/4/603786a85ccb7240ca913c188eaf8f76.png?t=1591603396,https://cuescore.com/img/flags/png-country-4x2-none/res-640x480/no.png,567.86,566.35,2026-10-04,ostkanten,True,anchored,439.0,2026-09-23T16:00:00Z,89905801,2517,1398,1119,0,2,1461,814,647,1056,584,472,0,0,0,3e-06,2517,1720.093621,0.033816,400,238.028435,234,166,0.00092,1597,1218.639224,866,731,-0.034814,520,263.425961,298,222,8-Ball,0.033816
1075717,Bjørn Erik Øverland,https://img.cuescore.com/image/7/4/797daf7f0f241df9c9a14c19d7dc4b9b.png?t=1591603842,https://cuescore.com/img/flags/png-country-4x2-none/res-640x480/no.png,567.44,567.12,2020-09-18,obk,False,anchored,2.0,2020-06-06T11:00:00Z,7911168,393,209,184,0,2,393,209,184,0,0,0,0,0,0,1.2e-05,393,74.735915,0.0157,234,44.613648,138,96,-0.040381,101,22.867137,34,67,0.030732,58,7.25513,37,21,10-Ball,0.030732
3585947,Didrik Voga Berg,https://img.cuescore.com/image/8/4/862c792ba8eb7f97e626fbe6cbcc59f6.png,https://cuescore.com/img/flags/png-country-4x2-none/res-640x480/no.png,567.21,567.02,2022-07-09,ostkanten,False,anchored,80.0,2022-02-23T17:10:00Z,13488412,157,83,74,0,2,149,80,69,8,3,5,0,0,0,-1.5e-05,157,50.782251,-0.098272,17,2.972091,10,7,0.04995,111,37.925123,61,50,-0.162091,29,9.885036,12,17,9-Ball,0.04995
1006197,Daniel Salole,https://img.cuescore.com/image/d/4/d773ff3c105a615161665f4ca769be49.png?t=1484131929,https://cuescore.com/img/flags/png-country-4x2-none/res-640x480/no.png,565.68,565.5,2026-09-13,ostkanten,False,anchored,2.0,2025-12-27T11:00:00Z,71848093,1388,769,619,0,2,62,34,28,1326,735,591,0,0,0,1e-06,1388,690.274879,-0.016191,366,182.095343,203,163,0.00315,942,493.215461,519,423,0.093199,80,14.964075,47,33,10-Ball,0.093199
2084051,Arian Kvalsund Hansen,https://img.cuescore.com/image/6/4/647c7e053815150e4d01f0498a8d323e.png?t=1784239177,https://cuescore.com/img/flags/png-country-4x2-none/res-640x480/no.png,563.95,563.87,2026-06-15,obk,False,anchored,,,,48,28,20,2,2,48,28,20,0,0,0,0,0,0,0.013479,48,38.160569,,0,0.0,0,0,-0.246437,10,9.174628,5,5,0.078002,38,28.985941,23,15,10-Ball,0.078002
20264908,Bartosz Oldakowski,https://img.cuescore.com/image/0/4/0e23b02b462bb9cac48c34a5666b93d2.png?t=1668638071,https://cuescore.com/img/flags/png-country-4x2-none/res-640x480/pl.png,563.65,563.58,2026-03-29,ostkanten,False,anchored,1.0,2025-07-05T08:00:00Z,59079793,373,192,181,0,2,262,145,117,111,47,64,0,0,0,1.1e-05,373,247.291501,0.018234,79,50.593921,44,35,-0.016438,244,163.930972,118,126,0.054086,50,32.766608,30,20,10-Ball,0.054086
1022496,Jozef Kwit,https://img.cuescore.com/image/0/4/01637b27248df68f0ea6d0f70a494d47.png?t=1764258850,https://cuescore.com/img/flags/png-country-4x2-none/res-640x480/pl.png,563.24,563.01,2026-09-30,obk,False,anchored,464.0,2026-09-30T16:00:00Z,90053185,1836,948,888,0,2,1551,801,750,285,147,138,0,0,0,-3e-06,1836,1233.692146,-0.053793,226,67.6345,115,111,-0.000434,1130,811.513669,597,533,0.011255,480,354.543977,236,244,10-Ball,0.011255
1343995,Jarle Steinhovden,https://img.cuescore.com/image/2/4/253ade10decedcb8795508ad71302ef6.png?t=1505595191,https://cuescore.com/img/flags/png-country-4x2-none/res-640x480/no.png,562.83,562.67,2020-02-16,ostkanten,False,anchored,,,,96,53,43,0,2,0,0,0,96,53,43,0,0,0,8.6e-05,96,13.65429,0.014532,43,6.34888,26,17,-0.04842,22,3.350505,10,12,0.017691,31,3.954906,17,14,10-Ball,0.017691
7153377,Henning Ingvorsen,https://img.cuescore.com/image/e/4/e3a4127c65f59302c36bda2ecb06e9ee.png?t=1636120016,https://cuescore.com/img/flags/png-country-4x2-none/res-640x480/no.png,562.75,563.3,2026-10-04,ostkanten,True,anchored,2.0,2026-07-04T08:00:00Z,79932562,1901,1063,838,0,2,584,320,264,1317,743,574,0,0,0,-2e-06,1901,1554.293074,0.007203,223,178.353263,125,98,0.001364,1388,1127.185448,794,594,-0.011347,290,248.754363,144,146,8-Ball,0.007203
20637220,Sindre Aarhus Narvestad,https://img.cuescore.com/image/8/4/862c792ba8eb7f97e626fbe6cbcc59f6.png,https://cuescore.com/img/flags/png-country-4x2-none/res-640x480/no.png,561.42,561.12,2026-04-26,ostkanten,False,anchored,320.0,2024-07-08T16:00:00Z,44280010,125,65,60,0,2,91,48,43,34,17,17,0,0,0,9e-06,125,75.925429,,0,0.0,0,0,0.027441,89,55.150408,47,42,-0.072845,36,20.775021,18,18,9-Ball,0.027441
8206764,Grzegorz Tabor,https://img.cuescore.com/image/2/4/2e3d07c1b46a78cdc7aaaa76cb95f7fe.png?t=1644406413,https://cuescore.com/img/flags/png-country-4x2-none/res-640x480/pl.png,561.39,561.12,2023-02-05,ostkanten,False,anchored,384.0,2023-02-04T12:30:00Z,22638577,152,85,67,0,2,61,34,27,91,51,40,0,0,0,-4e-06,152,55.519431,-0.197148,8,3.241805,3,5,8e-06,81,29.554188,43,38,0.028115,63,22.723437,39,24,10-Ball,0.028115
6181993,Kim Bjørnstad,https://img.cuescore.com/image/b/4/be0fe2693f2b774566e640fa7748c382.png?t=1748805797,https://cuescore.com/img/flags/png-country-4x2-none/res-640x480/no.png,560.63,560.38,2025-07-05,obk,False,anchored,2.0,2025-07-05T08:00:00Z,59079793,529,331,198,0,2,420,271,149,109,60,49,0,0,0,3e-06,529,193.433945,0.016612,139,50.158239,90,49,-0.010628,299,114.900979,181,118,0.013672,91,28.374727,60,31,8-Ball,0.016612
2296091,Jayson Shaw,https://img.cuescore.com/image/b/4/b009816fb95331e16f399394d7524e2e.png?t=1544517590,https://cuescore.com/img/flags/png-country-4x2-none/res-640x480/gb.png,559.7,559.68,2020-01-24,obk,False,anchored,,,,70,44,26,0,2,70,44,26,0,0,0,0,0,0,0.000121,70,14.904295,,0,0.0,0,0,,0,0.0,0,0,0.0,70,14.904295,44,26,10-Ball,0.0
1061867,Stig Ringebo,https://img.cuescore.com/image/2/4/26ed737056bdc2952d81787bc247fd8f.png?t=1695907233,https://cuescore.com/img/flags/png-country-4x2-none/res-640x480/no.png,556.87,556.6,2026-09-30,obk,False,anchored,457.0,2026-09-30T16:00:00Z,90053185,696,352,344,0,2,696,352,344,0,0,0,0,0,0,-6e-06,696,532.464774,0.05288,55,40.951236,33,22,-0.012356,463,365.950392,226,237,0.018765,178,125.563146,93,85,8-Ball,0.05288
1006562,Yousef Austrheim,https://img.cuescore.com/image/8/4/862c792ba8eb7f97e626fbe6cbcc59f6.png,https://cuescore.com/img/flags/png-country-4x2-none/res-640x480/no.png,555.94,555.76,2026-08-30,ostkanten,False,anchored,2.0,2026-07-04T08:00:00Z,79932562,405,208,197,0,2,252,116,136,153,92,61,0,0,0,8e-06,405,358.165686,-0.094349,22,18.23992,9,13,0.033274,256,224.395549,142,114,-0.049734,127,115.530217,57,70,9-Ball,0.033274
6137239,Rudi Mathisen,https://img.cuescore.com/image/4/4/47a98faaff7c7badec4f0370e0a4fe9d.png?t=1565557963,https://cuescore.com/img/flags/png-country-4x2-none/res-640x480/no.png,554.96,554.79,2023-12-29,ostkanten,False,anchored,325.0,2023-12-20T17:00:00Z,36216613,84,44,40,0,2,79,41,38,5,3,2,0,0,0,5e-06,84,37.122546,-0.154977,16,8.435811,6,10,0.082015,37,12.352687,20,17,0.018014,31,16.334048,18,13,9-Ball,0.082015
43127857,Manabu Sekiguchi,https://img.cuescore.com/image/5/4/51fbf144207077a68108d1b56175d0a6.png?t=1766441780,https://cuescore.com/img/flags/png-country-4x2-none/res-640x480/jp.png,554.17,553.92,2026-08-31,obk,False,anchored,359.0,2026-08-03T16:00:00Z,85939042,2124,1173,951,0,2,1007,566,441,1117,607,510,0,0,0,-7e-06,2124,1868.623404,0.029121,275,232.857988,166,109,-0.008141,1574,1393.377409,858,716,0.018823,275,242.388007,149,126,8-Ball,0.029121
15982738,Asgeir Elfar Asgeirsson,https://img.cuescore.com/image/e/4/eff66e3aa251e8da9ad0928588dd2ba7.png?t=1782749427,https://cuescore.com/img/flags/png-country-4x2-none/res-640x480/is.png,554.0,553.77,2025-07-05,obk,False,anchored,3.0,2025-07-05T08:00:00Z,59079793,115,60,55,0,2,115,60,55,0,0,0,0,0,0,2e-05,115,86.141496,,0,0.0,0,0,-0.043528,22,16.455019,10,12,0.010278,93,69.686477,50,43,10-Ball,0.010278
1279214,Daniel Axeborg,https://img.cuescore.com/image/7/4/7f1f4b10245095e2573395dfd833b8b7.png?t=1712320427,https://cuescore.com/img/flags/png-country-4x2-none/res-640x480/no.png,553.31,553.05,2024-04-03,obk,False,anchored,3.0,2021-07-17T10:00:00Z,8996878,71,42,29,0,2,71,42,29,0,0,0,0,0,0,-6e-06,71,10.443532,0.12012,38,6.033588,28,10,-0.122588,21,2.877963,10,11,-0.24279,12,1.531981,4,8,8-Ball,0.12012
13874206,Torvald Asplund Trollhättan BK,https://img.cuescore.com/image/5/4/58c19d246f469880eb84942fabc19f1a.png?t=1759396185,https://cuescore.com/img/flags/png-country-4x2-none/res-640x480/se.png,552.9,552.79,2025-07-05,obk,False,anchored,2.0,2025-07-05T08:00:00Z,59079793,48,22,26,2,2,48,22,26,0,0,0,0,0,0,0.013477,48,35.967214,,0,0.0,0,0,,0,0.0,0,0,0.0,48,35.967214,22,26,10-Ball,0.0
1006399,Nedzat Cimilji,https://img.cuescore.com/image/d/4/d602c147f7181f4b66b54813f6bd2336.png?t=1655535403,https://cuescore.com/img/flags/png-country-4x2-none/res-640x480/al.png,552.67,552.51,2026-07-08,obk,False,anchored,372.0,2026-07-08T16:00:00Z,84684754,356,183,173,0,2,232,122,110,124,61,63,0,0,0,1e-06,356,258.721175,0.013822,82,70.563284,42,40,-0.03307,225,145.644376,112,113,0.090352,49,42.513515,29,20,10-Ball,0.090352
2298416,Terje Kristoffersen,https://img.cuescore.com/image/9/4/908ddf9d7b9b6bddb637436225924df2.png?t=1759692859,https://cuescore.com/img/flags/png-country-4x2-none/res-640x480/no.png,552.47,552.35,2026-01-31,obk,False,anchored,3.0,2026-01-31T10:00:00Z,72236716,567,283,284,0,2,459,230,229,108,53,55,0,0,0,-1e-06,567,318.368395,-0.077764,31,17.303876,16,15,-0.045919,236,91.906644,109,127,0.026611,300,209.157875,158,142,10-Ball,0.026611
2298198,Kenneth Mydland,https://img.cuescore.com/image/d/4/d3954a893621a735a6fa24f06a39de3d.png?t=1535399536,https://cuescore.com/img/flags/png-country-4x2-none/res-640x480/no.png,552.47,552.53,2024-12-27,obk,False,anchored,1.0,2024-12-27T11:00:00Z,52314610,41,27,14,9,2,28,20,8,13,7,6,0,0,0,0.098994,41,22.012978,,0,0.0,0,0,0.007134,13,6.862412,7,6,-0.003231,28,15.150566,20,8,9-Ball,0.007134
1157968,Jesper Gustafsson,https://img.cuescore.com/image/2/4/2bff8eda883261b811994b16a8f67bf6.png?t=1544449902,https://cuescore.com/img/flags/png-country-4x2-none/res-640x480/no.png,552.11,551.88,2026-04-03,obk,False,anchored,3.0,2026-04-03T13:00:00Z,79209838,100,57,43,0,2,100,57,43,0,0,0,0,0,0,-1e-06,100,44.15665,-0.203312,15,2.430167,7,8,0.011841,85,41.726483,50,35,,0,0.0,0,0,9-Ball,0.011841
1093760,Mindaugas Jomantas,https://img.cuescore.com/image/3/4/38cc01841357bcd91155075345ffce4b.png?t=1790084841,https://cuescore.com/img/flags/png-country-4x2-none/res-640x480/lt.png,551.51,551.31,2026-09-30,obk,False,anchored,425.0,2026-09-30T16:00:00Z,90053185,2164,1135,1029,0,2,2116,1115,1001,48,20,28,0,0,0,-6e-06,2164,1355.202905,0.026513,261,106.240778,148,113,-0.008507,1376,950.84693,699,677,0.017685,527,298.115198,288,239,8-Ball,0.026513
44184394,Per Arne Grotthing,https://img.cuescore.com/image/4/4/46494dfa72bb67f431886cdb4eb155f3.png?t=1725269101,https://cuescore.com/img/flags/png-country-4x2-none/res-640x480/no.png,551.05,550.82,2026-09-23,obk,False,anchored,467.0,2026-09-23T16:00:00Z,89905801,2106,1101,1005,0,2,1131,579,552,975,522,453,0,0,0,-7e-06,2106,1786.351823,0.045036,372,319.08905,214,158,-0.006114,1541,1301.413086,800,741,-0.038668,193,165.849687,87,106,8-Ball,0.045036
1006323,Jørn Betten,https://img.cuescore.com/image/5/4/5718a418c53a5970eae57c6fbe865f6b.png?t=1443016788,https://cuescore.com/img/flags/png-country-4x2-none/res-640x480/no.png,550.15,548.69,2026-09-20,ostkanten,False,anchored,2.0,2025-07-05T08:00:00Z,59079793,70,38,32,0,2,0,0,0,70,38,32,0,0,0,3e-06,70,48.850768,-0.440229,1,0.376109,0,1,0.00146,59,44.716702,34,25,0.026683,10,3.757957,4,6,10-Ball,0.026683
1024805,Audun Bjerve,https://img.cuescore.com/image/a/4/a073ffcb17681daa679221db852044bf.png?t=1489310440,https://cuescore.com/img/flags/png-country-4x2-none/res-640x480/no.png,549.61,549.36,2026-09-30,obk,False,anchored,472.0,2026-09-30T16:00:00Z,90053185,918,476,442,0,2,882,457,425,36,19,17,0,0,0,7e-06,918,779.675714,0.053729,95,85.365731,54,41,-0.005853,559,470.455075,288,271,-0.008188,264,223.854908,134,130,8-Ball,0.053729
1131881,Lars Haakon Lunde,https://img.cuescore.com/image/8/4/862c792ba8eb7f97e626fbe6cbcc59f6.png,https://cuescore.com/img/flags/png-country-4x2-none/res-640x480/no.png,549.11,548.87,2018-06-18,obk,False,anchored,,,,64,37,27,0,2,64,37,27,0,0,0,0,0,0,0.000214,64,8.559584,0.084133,18,2.647724,12,6,,0,0.0,0,0,-0.03768,46,5.91186,25,21,8-Ball,0.084133
25875517,Christian Hedin,https://img.cuescore.com/image/e/4/e335ce16cffa7556a64250dfae4f8e77.png?t=1681205262,https://cuescore.com/img/flags/png-country-4x2-none/res-640x480/se.png,548.84,548.53,2026-09-27,ostkanten,False,anchored,457.0,2026-08-19T16:00:00Z,86380657,1161,613,548,0,2,878,459,419,283,154,129,0,0,0,3e-06,1161,943.766263,-0.002632,97,80.558398,54,43,-0.007386,806,649.418715,423,383,0.023427,258,213.789151,136,122,10-Ball,0.023427
1006403,Niklas Engström-Øvretveit,https://img.cuescore.com/image/f/4/fea0a6e1ecee3ff96a10bfb99281a7da.png?t=1696062510,https://cuescore.com/img/flags/png-country-4x2-none/res-640x480/no.png,548.81,548.74,2026-09-30,obk,False,anchored,417.0,2026-09-30T16:00:00Z,90053185,1046,535,511,0,2,519,256,263,527,279,248,0,0,0,-2e-06,1046,793.288165,-0.09949,65,57.8743,26,39,0.005484,806,613.829133,428,378,0.019672,175,121.584731,81,94,10-Ball,0.019672
1290914,Mark Gray,https://img.cuescore.com/image/e/4/e634ac9dfbad14474d5815a98ee63def.png?t=1484339097,https://cuescore.com/img/flags/png-country-4x2-none/res-640x480/gb.png,548.43,548.36,2019-08-30,obk,False,anchored,0.0,2019-08-30T14:00:00Z,5976158,59,32,27,0,2,59,32,27,0,0,0,0,0,0,-0.000117,59,11.446349,,0,0.0,0,0,0.0,59,11.446349,32,27,,0,0.0,0,0,9-Ball,0.0
1006145,Aria Senemar,https://img.cuescore.com/image/f/4/fea2ab10fe605fa5b5634672b700b6bd.png?t=1515587716,https://cuescore.com/img/flags/png-country-4x2-none/res-640x480/no.png,545.43,545.12,2025-12-10,obk,False,anchored,502.0,2025-12-10T17:00:00Z,73440613,205,105,100,0,2,205,105,100,0,0,0,0,0,0,-2e-06,205,67.972422,0.028056,26,3.40395,14,12,-0.020583,82,26.894978,35,47,0.012159,97,37.673495,56,41,8-Ball,0.028056
13295035,Jan Olav Johnsen,https://img.cuescore.com/image/8/4/836376f69b1d7a9c85b514e924a048d1.png?t=1645189337,https://cuescore.com/img/flags/png-country-4x2-none/res-640x480/no.png,544.13,544.01,2026-07-04,obk,False,anchored,2.0,2026-07-04T08:00:00Z,79932562,372,186,186,0,2,372,186,186,0,0,0,0,0,0,8e-06,372,298.27177,,0,0.0,0,0,0.0389,162,118.105995,86,76,-0.0255,210,180.165775,100,110,9-Ball,0.0389
1006290,Jan Ove Kvalsund Hansen,https://img.cuescore.com/image/3/4/305c8ffb751b08dbad140246c266376a.png?t=1779803429,https://cuescore.com/img/flags/png-country-4x2-none/res-640x480/no.png,542.93,542.91,2025-08-02,obk,False,anchored,,,,40,22,18,10,2,40,22,18,0,0,0,0,0,0,0.075129,40,30.511517,,0,0.0,0,0,,0,0.0,0,0,0.0,40,30.511517,22,18,10-Ball,0.0
4935731,Rj Velasquez,https://img.cuescore.com/image/5/4/5cda04852396a658601a709c36798c15.png?t=1551701898,https://cuescore.com/img/flags/png-country-4x2-none/res-640x480/ph.png,542.41,542.24,2019-05-27,obk,False,anchored,,,,145,96,49,0,2,145,96,49,0,0,0,0,0,0,-3e-06,145,25.545971,-0.017939,50,8.861447,33,17,0.031334,83,14.501336,57,26,-0.135311,12,2.183188,6,6,9-Ball,0.031334
1277043,Alexander Hagen,https://img.cuescore.com/image/0/4/0bb3f29a6d41e5f98d383c8f3f0d34b1.png?t=1728761584,https://cuescore.com/img/flags/png-country-4x2-none/res-640x480/no.png,541.46,541.04,2026-09-13,ostkanten,False,anchored,425.0,2026-03-18T17:00:00Z,77585350,380,196,184,0,2,179,85,94,201,111,90,0,0,0,1.5e-05,380,299.672164,0.061543,71,56.762282,39,32,-0.010451,305,240.373071,157,148,-0.38678,4,2.536812,0,4,8-Ball,0.061543
1006186,Christian Wikeby,https://img.cuescore.com/image/0/4/06ee8ad98564e6f6d56dd422aa6af0c8.png?t=1483460945,https://cuescore.com/img/flags/png-country-4x2-none/res-640x480/no.png,540.64,540.1,2026-10-04,ostkanten,True,anchored,1.0,2026-04-03T13:00:00Z,79209838,2683,1378,1305,0,2,529,283,246,2154,1095,1059,0,0,0,-4e-06,2683,1437.728512,-0.061049,354,144.552438,168,186,0.00695,2134,1255.196871,1108,1026,0.002667,195,37.979203,102,93,9-Ball,0.00695
1006467,Roy Toycowboy Grimsen,https://img.cuescore.com/image/c/4/c14c9da762ce65d6ab8ef72d292a6ba6.png?t=1527691496,https://cuescore.com/img/flags/png-country-4x2-none/res-640x480/no.png,539.88,539.74,2025-09-08,obk,False,anchored,381.0,2025-06-04T16:05:00Z,61791286,267,137,130,0,2,267,137,130,0,0,0,0,0,0,-7e-06,267,136.362785,-0.141654,14,8.407603,5,9,-0.00995,193,85.675232,102,91,0.048332,60,42.27995,30,30,10-Ball,0.048332
2354012,Arvydas Gitenis,https://img.cuescore.com/image/8/4/862c792ba8eb7f97e626fbe6cbcc59f6.png,https://cuescore.com/img/flags/png-country-4x2-none/res-640x480/lt.png,539.72,539.5,2024-07-27,obk,False,anchored,350.0,2024-07-24T16:00:00Z,45923086,51,21,30,0,2,51,21,30,0,0,0,0,0,0,-2.5e-05,51,30.76362,,0,0.0,0,0,0.0,51,30.76362,21,30,,0,0.0,0,0,9-Ball,0.0
2230546,Tor B.,https://img.cuescore.com/image/8/4/862c792ba8eb7f97e626fbe6cbcc59f6.png,https://cuescore.com/img/flags/png-country-4x2-none/res-640x480/no.png,539.58,539.44,2019-01-07,obk,False,anchored,,,,90,55,35,0,2,90,55,35,0,0,0,0,0,0,0.000103,90,13.001499,-0.067884,12,1.666451,7,5,0.00998,78,11.335048,48,30,,0,0.0,0,0,9-Ball,0.00998
59525161,Wojciech Wajda,https://img.cuescore.com/image/8/4/862c792ba8eb7f97e626fbe6cbcc59f6.png,https://cuescore.com/img/flags/png-country-4x2-none/res-640x480/pl.png,539.4,539.39,2026-01-28,obk,False,anchored,225.0,2026-01-28T17:00:00Z,74911768,42,20,22,8,2,42,20,22,0,0,0,0,0,0,0.055012,42,32.639337,,0,0.0,0,0,0.0,42,32.639337,20,22,,0,0.0,0,0,9-Ball,0.0
15567079,Pawel Goik,https://img.cuescore.com/image/e/4/e19cd038fdb74d6e90d3f68afdb3ba44.png?t=1704406580,https://cuescore.com/img/flags/png-country-4x2-none/res-640x480/pl.png,538.36,538.23,2026-07-04,obk,False,anchored,3.0,2026-07-04T08:00:00Z,79932562,164,71,93,0,2,164,71,93,0,0,0,0,0,0,9e-06,164,132.644368,,0,0.0,0,0,,0,0.0,0,0,0.0,164,132.644368,71,93,10-Ball,0.0
1006543,Trond Lid Cappelen,https://img.cuescore.com/image/8/4/862c792ba8eb7f97e626fbe6cbcc59f6.png,https://cuescore.com/img/flags/png-country-4x2-none/res-640x480/no.png,538.09,537.86,2019-11-18,obk,False,anchored,,,,250,143,107,0,2,250,143,107,0,0,0,0,0,0,7e-06,250,38.193645,0.035495,84,12.416584,52,32,-0.01024,137,21.156426,77,60,-0.048497,29,4.620636,14,15,8-Ball,0.035495
9835810,Navid Eslah,https://img.cuescore.com/image/f/4/fbb9e41a5b3721235ac7c928a5805906.png?t=1717603928,https://cuescore.com/img/flags/png-country-4x2-none/res-640x480/no.png,537.74,537.68,2025-05-14,obk,False,anchored,519.0,2025-05-14T16:00:00Z,53309998,40,24,16,10,2,40,24,16,0,0,0,0,0,0,0.082647,40,26.870492,,0,0.0,0,0,-0.074941,24,17.405335,14,10,0.137808,16,9.465157,10,6,10-Ball,0.137808
83723041,Luka Bugarski,https://img.cuescore.com/image/d/4/d4af4bdd4ba3aa4c174aab7ea53a1c62.png?t=1783882505,https://cuescore.com/img/flags/png-country-4x2-none/res-640x480/rs.png,537.13,537.31,2026-06-15,obk,False,anchored,,,,26,21,5,24,2,26,21,5,0,0,0,0,0,0,0.219032,26,24.238882,,0,0.0,0,0,0.0,26,24.238882,21,5,,0,0.0,0,0,9-Ball,0.0
26088853,Simeon Ivanov,https://img.cuescore.com/image/2/4/2955fda07146c983ff1e4e06742a9d31.png?t=1771898045,https://cuescore.com/img/flags/png-country-4x2-none/res-640x480/bg.png,536.47,536.14,2026-03-11,obk,False,anchored,350.0,2026-03-11T17:00:00Z,77584183,180,93,87,0,2,180,93,87,0,0,0,0,0,0,-1.4e-05,180,143.813451,-0.00308,57,48.503617,30,27,0.001568,123,95.309834,63,60,,0,0.0,0,0,9-Ball,0.001568
1061500,Jim Fors,https://img.cuescore.com/image/8/4/862c792ba8eb7f97e626fbe6cbcc59f6.png,https://cuescore.com/img/flags/png-country-4x2-none/res-640x480/no.png,536.33,536.03,2022-08-17,obk,False,anchored,76.0,2022-08-17T16:00:00Z,17101861,168,84,84,0,2,168,84,84,0,0,0,0,0,0,-1.5e-05,168,24.345643,-0.128547,27,2.839129,11,16,0.007271,108,17.471038,57,51,0.058959,33,4.035476,16,17,10-Ball,0.058959
6180822,Christian Rundqvist   Trollhättans Bk,https://img.cuescore.com/image/9/4/97282f103414671e2c05465f4d4fbd10.png?t=1736756158,https://cuescore.com/img/flags/png-country-4x2-none/res-640x480/se.png,536.02,535.83,2025-07-05,obk,False,anchored,2.0,2025-07-05T08:00:00Z,59079793,70,32,38,0,2,70,32,38,0,0,0,0,0,0,-0.0,70,52.452187,,0,0.0,0,0,,0,0.0,0,0,0.0,70,52.452187,32,38,10-Ball,0.0
33336508,Paweł Chołodowski,https://img.cuescore.com/image/f/4/ff22107077c2def4ee2567b889e710b6.png?t=1760538352,https://cuescore.com/img/flags/png-country-4x2-none/res-640x480/pl.png,535.84,535.5,2026-06-07,ostkanten,False,anchored,,,,353,181,172,0,2,0,0,0,353,181,172,0,0,0,0.0,353,286.830801,0.008824,67,55.848217,37,30,-0.007144,272,223.99706,134,138,0.158541,14,6.985524,10,4,10-Ball,0.158541
25946332,Peder Hammer,https://img.cuescore.com/image/e/4/e1d5c405e90817823e7f8057a2d83af6.png?t=1730135953,https://cuescore.com/img/flags/png-country-4x2-none/res-640x480/no.png,535.79,535.59,2024-12-11,obk,False,anchored,231.0,2024-12-11T17:00:00Z,52107403,52,31,21,0,2,52,31,21,0,0,0,0,0,0,-1.8e-05,52,26.340881,-0.015155,31,14.693828,20,11,0.019119,21,11.647053,11,10,,0,0.0,0,0,9-Ball,0.019119
56993080,Timo Mäkelä,https://img.cuescore.com/image/b/4/b9d49d9b748e19d7b714b83f81ced5c8.png?t=1742539919,https://cuescore.com/img/flags/png-country-4x2-none/res-640x480/no.png,535.35,535.5,2025-05-25,ostkanten,False,anchored,,,,38,25,13,12,2,0,0,0,38,25,13,0,0,0,0.094626,38,27.748809,,0,0.0,0,0,0.0,38,27.748809,25,13,,0,0.0,0,0,9-Ball,0.0
1006333,Kent Hansen,https://img.cuescore.com/image/e/4/e66e7151e4e19dfe359e86387ba24e14.png?t=1596995062,https://cuescore.com/img/flags/png-country-4x2-none/res-640x480/no.png,534.27,534.06,2026-09-23,obk,False,anchored,378.0,2026-09-23T16:00:00Z,89905801,2476,1236,1240,0,2,2284,1140,1144,192,96,96,0,0,0,-6e-06,2476,1472.029521,-0.01242,252,138.546343,122,130,0.007544,1450,891.729812,730,720,-0.011334,774,441.753366,384,390,9-Ball,0.007544
12042235,Evert Andersson,https://img.cuescore.com/image/4/4/44c626da57307bdf01fb14d0ecb7f565.png?t=1654608437,https://cuescore.com/img/flags/png-country-4x2-none/res-640x480/se.png,533.93,533.75,2026-06-24,obk,False,anchored,400.0,2026-06-24T16:00:00Z,83950600,82,46,36,0,2,49,23,26,33,23,10,0,0,0,1.1e-05,82,43.684326,0.079856,3,1.128328,2,1,-0.025058,54,26.367298,28,26,0.035247,25,16.188699,16,9,8-Ball,0.079856
1016719,Sebastian Meling,https://img.cuescore.com/image/6/4/68cd49c6e61326d18a0f726886c63d3f.png?t=1699971678,https://cuescore.com/img/flags/png-country-4x2-none/res-640x480/no.png,533.91,533.75,2024-04-13,obk,False,anchored,89.0,2021-11-17T17:00:00Z,10651603,107,58,49,0,2,107,58,49,0,0,0,0,0,0,-1.1e-05,107,25.300534,,0,0.0,0,0,0.010831,60,19.553037,36,24,-0.036846,47,5.747496,22,25,9-Ball,0.010831
7121356,Roger Mølmann,https://img.cuescore.com/image/8/4/862c792ba8eb7f97e626fbe6cbcc59f6.png,https://cuescore.com/img/flags/png-country-4x2-none/res-640x480/no.png,533.1,532.88,2020-09-14,obk,False,anchored,57.0,2020-02-12T17:00:00Z,7443104,92,52,40,0,2,92,52,40,0,0,0,0,0,0,7.5e-05,92,20.360549,-0.02904,15,3.214902,8,7,0.039796,45,10.307015,28,17,-0.046328,32,6.838632,16,16,9-Ball,0.039796
1081697,Giena Tanilon,https://img.cuescore.com/image/e/4/e4266b6d289840197a5daee639bdca8f.png?t=1633705833,https://cuescore.com/img/flags/png-country-4x2-none/res-640x480/no.png,533.06,532.89,2025-07-05,obk,False,anchored,3.0,2025-07-05T08:00:00Z,59079793,162,95,67,0,2,139,79,60,23,16,7,0,0,0,-3e-06,162,35.043649,,0,0.0,0,0,0.0,162,35.043649,95,67,,0,0.0,0,0,9-Ball,0.0
1027114,Jeremiah Torres,https://img.cuescore.com/image/8/4/8e769b6795001aa9fef39d8f9a66c82a.png?t=1761840498,https://cuescore.com/img/flags/png-country-4x2-none/res-640x480/no.png,532.96,532.81,2026-01-31,obk,False,anchored,3.0,2026-01-31T10:00:00Z,72236716,347,172,175,0,2,333,167,166,14,5,9,0,0,0,2e-06,347,165.866954,-0.110579,78,23.738135,39,39,-0.031332,111,43.374214,53,58,0.040342,158,98.754605,80,78,10-Ball,0.040342
2252446,Tor Bugten,https://img.cuescore.com/image/8/4/862c792ba8eb7f97e626fbe6cbcc59f6.png,https://cuescore.com/img/flags/png-country-4x2-none/res-640x480/no.png,532.89,532.64,2024-05-18,obk,False,anchored,320.0,2023-10-25T16:00:00Z,34219687,644,375,269,0,2,644,375,269,0,0,0,0,0,0,-4e-06,644,195.938332,-0.034073,93,27.880532,50,43,0.006122,425,117.869001,251,174,0.00455,126,50.188799,74,52,9-Ball,0.006122
1612715,Kunta Kinte,https://img.cuescore.com/image/8/4/862c792ba8eb7f97e626fbe6cbcc59f6.png,https://cuescore.com/img/flags/png-country-4x2-none/res-640x480/pl.png,532.75,532.49,2020-02-24,obk,False,anchored,,,,348,195,153,0,2,336,190,146,12,5,7,0,0,0,1e-06,348,47.559028,0.001717,82,10.547589,47,35,0.010552,125,17.141476,69,56,-0.010014,141,19.869963,79,62,9-Ball,0.010552
53649337,Erlend Helgesen,https://img.cuescore.com/image/8/4/8e36b4e5c1b3b60935fab95c7efae87d.png?t=1736502915,https://cuescore.com/img/flags/png-country-4x2-none/res-640x480/no.png,531.7,531.43,2026-09-30,obk,False,anchored,419.0,2026-09-30T16:00:00Z,90053185,1191,576,615,0,2,546,266,280,645,310,335,0,0,0,-2e-06,1191,1019.755298,-0.039693,209,170.145229,90,119,0.013727,886,771.589304,439,447,-0.049189,96,78.020764,47,49,9-Ball,0.013727
20010922,Tudor Pauliuc,https://img.cuescore.com/image/0/4/02479d5672e38247d5bed60e816766e2.png?t=1785933806,https://cuescore.com/img/flags/png-country-4x2-none/res-640x480/ro.png,531.45,531.27,2025-07-05,obk,False,anchored,4.0,2025-07-05T08:00:00Z,59079793,108,51,57,0,2,108,51,57,0,0,0,0,0,0,-1.8e-05,108,80.882335,,0,0.0,0,0,-0.051152,33,24.683564,13,20,0.022467,75,56.198772,38,37,10-Ball,0.022467
1006239,Frank Hjeldnes,https://img.cuescore.com/image/d/4/d0c6c02918708134a763e2e2a0ca08af.png?t=1523131167,https://cuescore.com/img/flags/png-country-4x2-none/res-640x480/no.png,530.82,528.52,2026-10-04,ostkanten,True,anchored,1.0,2025-12-28T15:00:00Z,74033515,635,324,311,0,2,69,35,34,566,289,277,0,0,0,-2e-06,635,557.434844,-0.022666,87,81.166616,45,42,0.003355,527,473.700198,269,258,0.097583,21,2.56803,10,11,10-Ball,0.097583
16636270,Stian Wium,https://img.cuescore.com/image/b/4/ba5da0655c8902b6b2161e2ff2de4d4b.png?t=1788971528,https://cuescore.com/img/flags/png-country-4x2-none/res-640x480/no.png,530.71,530.59,2026-01-31,obk,False,anchored,4.0,2026-01-31T10:00:00Z,72236716,348,173,175,0,2,348,173,175,0,0,0,0,0,0,8e-06,348,254.240496,0.096578,24,12.653717,16,8,-0.065952,120,79.886454,49,71,0.025025,204,161.700325,108,96,8-Ball,0.096578
1298131,Jack Nordby,https://img.cuescore.com/image/7/4/7307cbe88824c9194b927b4b40b81fa8.png?t=1657102337,https://cuescore.com/img/flags/png-country-4x2-none/res-640x480/no.png,530.31,530.09,2026-08-30,ostkanten,False,anchored,369.0,2026-06-01T16:00:00Z,82585786,1440,715,725,0,2,1094,554,540,346,161,185,0,0,0,1e-06,1440,956.412821,-0.048529,149,86.429018,69,80,0.007692,1021,677.619957,516,505,-0.005292,270,192.363846,130,140,9-Ball,0.007692
3595353,Knut Holm,https://img.cuescore.com/image/8/4/862c792ba8eb7f97e626fbe6cbcc59f6.png,https://cuescore.com/img/flags/png-country-4x2-none/res-640x480/no.png,530.17,529.98,2020-03-09,obk,False,anchored,34.0,2019-02-27T17:00:00Z,4883743,226,145,81,0,2,226,145,81,0,0,0,0,0,0,1e-05,226,39.655767,0.165354,34,5.806585,28,6,-0.029628,146,25.212993,90,56,-0.024678,46,8.636188,27,19,8-Ball,0.165354
1969407,Alexander Reyes Monsen,https://img.cuescore.com/image/9/4/93167011c14780537f064ae90d6eae97.png?t=1708341619,https://cuescore.com/img/flags/png-country-4x2-none/res-640x480/no.png,529.14,528.99,2018-02-19,obk,False,anchored,,,,65,40,25,0,2,65,40,25,0,0,0,0,0,0,3.7e-05,65,8.547584,,0,0.0,0,0,0.0,65,8.547584,40,25,,0,0.0,0,0,9-Ball,0.0
1014767,Astrid Eiken Flage,https://img.cuescore.com/image/c/4/c00f554b927f20000cf6eab042d79a75.png?t=1692221190,https://cuescore.com/img/flags/png-country-4x2-none/res-640x480/no.png,528.46,528.34,2022-07-10,ostkanten,False,anchored,,,,476,214,262,0,2,456,205,251,20,9,11,0,0,0,3e-06,476,136.062027,0.055772,157,43.531437,80,77,-0.024916,179,52.175348,73,106,-0.027947,140,40.355242,61,79,8-Ball,0.055772
1393613,Vegar Hammer Olsen,https://img.cuescore.com/image/0/4/09b6dffe84e9dc5928b0baa845da3938.png?t=1708343756,https://cuescore.com/img/flags/png-country-4x2-none/res-640x480/no.png,527.26,527.0,2024-04-13,obk,False,anchored,89.0,2019-02-20T17:00:00Z,4797252,216,111,105,0,2,6,0,6,210,111,99,0,0,0,2.2e-05,216,38.896349,0.039746,34,5.779524,19,15,-0.019804,156,28.264606,76,80,0.068022,26,4.852219,16,10,10-Ball,0.068022
3532613,Tom Kristiansen,https://img.cuescore.com/image/2/4/2f9815339a69b6180cfe058a8b8db478.png?t=1545505404,https://cuescore.com/img/flags/png-country-4x2-none/res-640x480/no.png,526.56,526.39,2025-12-27,obk,False,anchored,2.0,2025-12-27T11:00:00Z,71848093,125,59,66,0,2,125,59,66,0,0,0,0,0,0,3e-06,125,78.10376,,0,0.0,0,0,0.051761,58,27.899524,28,30,-0.028764,67,50.204236,31,36,9-Ball,0.051761
43980262,Ask Benham,https://img.cuescore.com/image/f/4/f7028e3ae9e367f986e367f9b34f25ba.png?t=1731435213,https://cuescore.com/img/flags/png-country-4x2-none/res-640x480/no.png,526.4,526.24,2026-01-31,obk,False,anchored,3.0,2026-01-31T10:00:00Z,72236716,82,38,44,0,2,82,38,44,0,0,0,0,0,0,5e-06,82,70.177155,,0,0.0,0,0,,0,0.0,0,0,0.0,82,70.177155,38,44,10-Ball,0.0
1047363,Vinko Smolic,https://img.cuescore.com/image/9/4/91a5645698fe5816864ae2f2a28f7f9d.png?t=1737469114,https://cuescore.com/img/flags/png-country-4x2-none/res-640x480/no.png,525.62,525.46,2026-06-07,ostkanten,False,anchored,366.0,2026-05-20T16:00:00Z,81474325,250,127,123,0,2,36,11,25,214,116,98,0,0,0,-2e-06,250,164.110792,-0.00383,89,78.914392,45,44,0.037316,139,71.884848,74,65,-0.178808,22,13.311552,8,14,9-Ball,0.037316
40844470,Øyvind Løvseth,https://img.cuescore.com/image/d/4/d6863afa12deef5412cc1ae1072d38d5.png?t=1710751246,https://cuescore.com/img/flags/png-country-4x2-none/res-640x480/no.png,525.32,525.13,2026-07-04,obk,False,anchored,3.0,2026-07-04T08:00:00Z,79932562,292,133,159,0,2,292,133,159,0,0,0,0,0,0,1e-06,292,247.581179,,0,0.0,0,0,0.014434,86,67.937118,40,46,-0.005459,206,179.64406,93,113,9-Ball,0.014434
12165220,Rune Johnsen,https://img.cuescore.com/image/5/4/5103c198859539cee49e149208f17c86.png?t=1644248300,https://cuescore.com/img/flags/png-country-4x2-none/res-640x480/no.png,525.31,525.09,2024-04-13,obk,False,anchored,,,,88,55,33,0,2,88,55,33,0,0,0,0,0,0,1e-05,88,31.889387,0.118967,21,7.133452,17,4,-0.03428,67,24.755935,38,29,,0,0.0,0,0,8-Ball,0.118967
1277819,Lasse Kåring,https://img.cuescore.com/image/3/4/309803d12287ba0686b1aeee3ee7f798.png?t=1663711147,https://cuescore.com/img/flags/png-country-4x2-none/res-640x480/no.png,524.32,524.04,2024-12-18,obk,False,anchored,429.0,2024-12-18T17:00:00Z,52107430,1378,725,653,0,2,1329,703,626,49,22,27,0,0,0,1e-06,1378,465.229042,0.038876,583,174.223129,301,282,-0.011267,576,213.84075,311,265,-0.056548,219,77.165163,113,106,8-Ball,0.038876
18284020,Nomen Nescio,https://img.cuescore.com/image/8/4/862c792ba8eb7f97e626fbe6cbcc59f6.png,https://cuescore.com/img/flags/png-country-4x2-none/res-640x480/no.png,523.76,523.51,2025-05-16,obk,False,anchored,0.0,2025-05-16T16:00:00Z,59841952,224,119,105,0,2,209,109,100,15,10,5,0,0,0,-9e-06,224,112.859152,0.048242,60,30.681785,33,27,0.016317,119,59.369624,66,53,-0.107371,45,22.807743,20,25,8-Ball,0.048242
4743665,Morten Bakken,https://img.cuescore.com/image/0/4/0464fe0de7cf3ab210cbfdeaaf0dc682.png?t=1718050321,https://cuescore.com/img/flags/png-country-4x2-none/res-640x480/no.png,523.71,523.54,2022-06-29,obk,False,anchored,92.0,2022-06-29T16:00:00Z,16490590,49,24,25,1,2,49,24,25,0,0,0,0,0,0,0.018145,49,11.102893,,0,0.0,0,0,0.0,49,11.102893,24,25,,0,0.0,0,0,9-Ball,0.0
1006430,Pak San Li,https://img.cuescore.com/image/5/4/5ea22822eaec144ec84802a6be986978.png?t=1705075166,https://cuescore.com/img/flags/png-country-4x2-none/res-640x480/hk.png,523.18,522.94,2019-11-25,obk,False,anchored,,,,126,71,55,0,2,126,71,55,0,0,0,0,0,0,6e-05,126,18.112073,-0.18948,32,4.598533,15,17,0.022815,67,9.878467,37,30,0.177701,27,3.635074,19,8,10-Ball,0.177701
1014093,Espen Tingvoll,https://img.cuescore.com/image/4/4/4afac16290e73d7a46dcf8d7ec4a9708.png?t=1733163651,https://cuescore.com/img/flags/png-country-4x2-none/res-640x480/no.png,522.76,522.57,2025-05-14,obk,False,anchored,347.0,2025-05-14T16:00:00Z,53309998,51,23,28,0,2,51,23,28,0,0,0,0,0,0,-2e-06,51,20.24568,0.097251,27,2.840345,13,14,-0.01587,24,17.405335,10,14,,0,0.0,0,0,8-Ball,0.097251
20361406,Amir Khan,https://img.cuescore.com/image/8/4/862c792ba8eb7f97e626fbe6cbcc59f6.png,https://cuescore.com/img/flags/png-country-4x2-none/res-640x480/no.png,521.99,521.76,2026-09-06,ostkanten,False,anchored,3.0,2025-12-27T11:00:00Z,71848093,1024,501,523,0,2,384,182,202,640,319,321,0,0,0,-2e-06,1024,774.462881,-0.010015,136,103.129884,65,71,-0.0014,836,635.058978,409,427,0.052977,52,36.274019,27,25,10-Ball,0.052977
76192783,Chris Wells,https://img.cuescore.com/image/4/4/4ddf50f2e874b645d26cc30011565d5c.png?t=1770903779,https://cuescore.com/img/flags/png-country-4x2-none/res-640x480/mt.png,521.85,521.51,2026-04-15,obk,False,anchored,325.0,2026-04-15T16:00:00Z,78942265,46,20,26,4,2,46,20,26,0,0,0,0,0,0,0.01943,46,41.047343,,0,0.0,0,0,0.027348,27,24.004806,12,15,-0.038521,19,17.042538,8,11,9-Ball,0.027348
1006209,Eirik Tonning Hatløy,https://img.cuescore.com/image/4/4/40b6e00a966978535b087084c4e45049.png?t=1768848454,https://cuescore.com/img/flags/png-country-4x2-none/res-640x480/no.png,520.87,520.92,2022-07-09,ostkanten,False,anchored,,,,37,24,13,13,2,0,0,0,37,24,13,0,0,0,0.185235,37,13.896777,,0,0.0,0,0,0.074296,5,1.875917,4,1,-0.011594,32,12.020859,20,12,9-Ball,0.074296
4734030,Ronny,https://img.cuescore.com/image/8/4/862c792ba8eb7f97e626fbe6cbcc59f6.png,https://cuescore.com/img/flags/png-country-4x2-none/res-640x480/no.png,520.63,520.42,2019-02-25,obk,False,anchored,,,,98,59,39,0,2,98,59,39,0,0,0,0,0,0,-9.8e-05,98,16.802189,-0.022243,26,4.452117,15,11,0.008018,72,12.350072,44,28,,0,0.0,0,0,9-Ball,0.008018
1006281,Jan Atle Kofoed,https://img.cuescore.com/image/8/4/82d5d809600aecc46b7d3756b4ea78a7.png?t=1442044357,https://cuescore.com/img/flags/png-country-4x2-none/res-640x480/no.png,519.46,519.25,2025-10-19,ostkanten,False,anchored,377.0,2025-10-15T16:00:00Z,70086943,1105,527,578,0,2,671,316,355,434,211,223,0,0,0,5e-06,1105,500.936495,-0.003198,298,122.105793,144,154,0.012494,563,282.479638,276,287,-0.032577,244,96.351064,107,137,9-Ball,0.012494
16144084,Truls Bakken,https://img.cuescore.com/image/c/4/ca1d73d5f732e5e29e22ae72eac5daf0.png?t=1766862688,https://cuescore.com/img/flags/png-country-4x2-none/res-640x480/no.png,519.08,518.93,2026-09-21,obk,False,anchored,320.0,2026-04-08T16:00:00Z,78942220,914,440,474,0,2,798,390,408,116,50,66,0,0,0,-4e-06,914,668.805231,0.025009,220,143.872152,106,114,-0.009993,494,375.916537,239,255,0.001064,200,149.016542,95,105,8-Ball,0.025009
1697351,Per Ingvarsson,https://img.cuescore.com/image/8/4/862c792ba8eb7f97e626fbe6cbcc59f6.png,https://cuescore.com/img/flags/png-country-4x2-none/res-640x480/se.png,518.7,518.54,2017-12-11,obk,False,anchored,,,,80,46,34,0,2,80,46,34,0,0,0,0,0,0,0.000115,80,10.211054,0.017896,45,5.682757,29,16,-0.084435,21,2.740987,9,12,0.072588,14,1.787311,8,6,10-Ball,0.072588
1006359,Larry Skogheim,https://img.cuescore.com/image/1/4/10895ef720bada828fb107dcc39baa47.png?t=1574289124,https://cuescore.com/img/flags/png-country-4x2-none/res-640x480/no.png,517.73,516.96,2026-05-10,ostkanten,False,anchored,2.0,2026-04-03T13:00:00Z,79209838,81,39,42,0,2,64,30,34,17,9,8,0,0,0,0.0,81,55.360909,,0,0.0,0,0,-0.005453,58,51.569508,28,30,0.074168,23,3.791401,11,12,10-Ball,0.074168
9221595,Christoffer Sørensen,https://img.cuescore.com/image/8/4/862c792ba8eb7f97e626fbe6cbcc59f6.png,https://cuescore.com/img/flags/png-country-4x2-none/res-640x480/no.png,516.85,516.66,2024-12-01,ostkanten,False,anchored,66.0,2021-11-10T17:10:00Z,10580725,75,37,38,0,2,22,13,9,53,24,29,0,0,0,3.6e-05,75,37.73816,-0.036881,2,0.752219,1,1,-0.023012,60,31.407514,29,31,0.134537,13,5.578428,7,6,10-Ball,0.134537
1011619,Jan Terje Øyen,https://img.cuescore.com/image/a/4/aed9c4b847a1c63a3ae3004f0e19ed0f.png?t=1528318381,https://cuescore.com/img/flags/png-country-4x2-none/res-640x480/no.png,516.33,516.07,2020-10-25,ostkanten,False,anchored,,,,69,36,33,0,2,0,0,0,69,36,33,0,0,0,-0.000101,69,15.435966,-0.132681,21,4.418294,6,15,0.053208,48,11.017672,30,18,,0,0.0,0,0,9-Ball,0.053208
16686499,Herman Aleksander Wium,https://img.cuescore.com/image/4/4/4fd106c70d29e59cc5d65a013b8dbd71.png?t=1789749821,https://cuescore.com/img/flags/png-country-4x2-none/res-640x480/no.png,515.13,514.95,2026-07-04,obk,False,anchored,3.0,2026-07-04T08:00:00Z,79932562,479,216,263,0,2,479,216,263,0,0,0,0,0,0,1e-05,479,379.074875,-0.190305,13,6.854096,4,9,-0.003915,252,192.657527,111,141,0.011465,214,179.563251,101,113,10-Ball,0.011465
1934129,Johnny Lotto,https://img.cuescore.com/image/8/4/862c792ba8eb7f97e626fbe6cbcc59f6.png,,514.1,513.9,2018-01-15,obk,False,anchored,,,,80,43,37,0,2,80,43,37,0,0,0,0,0,0,0.000109,80,10.370847,0.099423,26,3.43109,16,10,-0.040824,34,4.386455,18,16,-0.063469,20,2.553301,9,11,8-Ball,0.099423
21900748,Leoncio Jr Licarte,https://img.cuescore.com/image/9/4/9b144cb010622c9a52090620d768e271.png?t=1760780281,https://cuescore.com/img/flags/png-country-4x2-none/res-640x480/ph.png,513.11,512.97,2025-10-13,obk,False,anchored,297.0,2025-10-13T16:00:00Z,70078510,72,42,30,0,2,72,42,30,0,0,0,0,0,0,-2.4e-05,72,55.716169,0.129427,19,13.640461,15,4,-0.171424,20,15.943142,8,12,0.037027,33,26.132565,19,14,8-Ball,0.129427
2052753,Morten Falk,https://img.cuescore.com/image/7/4/7d335b5482a61f4a5cdd7ce0e90983b8.png?t=1517871964,https://cuescore.com/img/flags/png-country-4x2-none/res-640x480/no.png,512.78,512.58,2020-02-24,obk,False,anchored,56.0,2019-02-06T17:00:00Z,4721264,745,423,322,0,2,745,423,322,0,0,0,0,0,0,3e-06,745,117.695343,-0.007088,192,31.37574,107,85,0.009209,489,73.509943,287,202,-0.035486,64,12.80966,29,35,9-Ball,0.009209
71804122,Henning Hagen,https://img.cuescore.com/image/4/4/44603ea7a8624735e759a865c36ce516.png?t=1762346038,https://cuescore.com/img/flags/png-country-4x2-none/res-640x480/no.png,512.57,512.35,2025-12-10,obk,False,anchored,328.0,2025-12-10T17:00:00Z,73440613,79,36,43,0,2,79,36,43,0,0,0,0,0,0,3.5e-05,79,64.681481,,0,0.0,0,0,0.005223,60,49.020716,27,33,-0.01635,19,15.660766,9,10,9-Ball,0.005223
8498578,Riaz Ali,https://img.cuescore.com/image/f/4/fb5b79044dab0faef6b2c1e2ceb7b313.png?t=1786194576,https://cuescore.com/img/flags/png-country-4x2-none/res-640x480/no.png,511.63,511.39,2026-07-26,ostkanten,False,anchored,3.0,2026-07-04T08:00:00Z,79932562,1072,523,549,0,2,796,388,408,276,135,141,0,0,0,-5e-06,1072,745.321895,0.045637,146,107.164792,79,67,-0.01463,738,500.833631,347,391,0.017742,188,137.323471,97,91,8-Ball,0.045637
1030563,Alexander Baranji,https://img.cuescore.com/image/4/4/47b05ae303d3174c04a779e249a19579.png?t=1762883231,https://cuescore.com/img/flags/png-country-4x2-none/res-640x480/no.png,511.57,511.44,2026-09-28,obk,False,anchored,419.0,2026-09-02T16:00:00Z,86425378,621,298,323,0,2,582,278,304,39,20,19,0,0,0,-3e-06,621,445.847827,0.035394,65,58.900808,31,34,-0.010276,482,349.145749,232,250,0.039766,74,37.801269,35,39,10-Ball,0.039766
1071778,Deleted Account,https://img.cuescore.com/image/8/4/862c792ba8eb7f97e626fbe6cbcc59f6.png,https://cuescore.com/img/flags/png-country-4x2-none/res-640x480/no.png,511.44,511.2,2019-09-02,obk,False,anchored,52.0,2018-03-07T17:15:00Z,2205279,297,153,144,0,2,277,143,134,20,10,10,0,0,0,-5e-06,297,42.712688,0.000234,99,14.439728,52,47,-0.003851,97,14.08844,49,48,0.003587,101,14.184521,52,49,10-Ball,0.003587
26143903,Katrine Sætereng,https://img.cuescore.com/image/2/4/212cbd6eb399cf603dc07d800defc260.png?t=1780381479,https://cuescore.com/img/flags/png-country-4x2-none/res-640x480/no.png,511.33,511.1,2026-09-07,obk,False,anchored,430.0,2026-09-02T16:00:00Z,86425378,1200,573,627,0,2,1153,551,602,47,22,25,0,0,0,0.0,1200,965.992857,-0.03024,163,114.084273,82,81,0.012067,764,628.646956,374,390,-0.018526,273,223.261628,117,156,9-Ball,0.012067
3185355,Ivar Lexi,https://img.cuescore.com/image/e/4/ec32dcbf8d23e79723a618d5146475df.png?t=1768498721,https://cuescore.com/img/flags/png-country-4x2-none/res-640x480/no.png,510.69,510.49,2026-09-30,obk,False,anchored,380.0,2026-09-30T16:00:00Z,90053185,2177,1005,1172,0,2,1513,675,838,664,330,334,0,0,0,5e-06,2177,1583.023789,-0.006484,263,205.801863,124,139,0.005047,1391,1021.199958,634,757,-0.010728,523,356.021969,247,276,9-Ball,0.005047
1006328,Lioness Princess,https://img.cuescore.com/image/c/4/c7c0b5ee022a9f2b3ef03b301b2ee1d3.png?t=1552833511,https://cuescore.com/img/flags/png-country-4x2-none/res-640x480/no.png,510.11,509.81,2024-09-15,ostkanten,False,anchored,328.0,2023-02-22T17:00:00Z,21241669,479,217,262,0,2,83,39,44,396,178,218,0,0,0,-2e-06,479,112.648876,0.091406,65,17.179894,37,28,-0.017947,351,84.29794,151,200,-0.005146,63,11.171043,29,34,8-Ball,0.091406
36225232,Adrian Winther,https://img.cuescore.com/image/8/4/81cb50b2c575f161fd697cd82244b485.png?t=1741602346,https://cuescore.com/img/flags/png-country-4x2-none/res-640x480/no.png,509.96,509.85,2025-06-15,ostkanten,False,anchored,232.0,2025-05-05T16:00:00Z,59906125,269,136,133,0,2,123,62,61,146,74,72,0,0,0,-1.3e-05,269,193.709748,-0.03194,40,28.780914,19,21,0.015573,203,146.239309,105,98,-0.07267,26,18.689525,12,14,9-Ball,0.015573
1000003,Thomas Elmgren Stavang,https://img.cuescore.com/image/c/4/c9dae26033c402e972e833d3868acb37.png?t=1787837068,https://cuescore.com/img/flags/png-country-4x2-none/res-640x480/no.png,509.65,509.56,2017-06-17,obk,False,anchored,,,,65,28,37,0,2,65,28,37,0,0,0,0,0,0,-3.6e-05,65,7.262314,0.113596,28,2.945543,13,15,-0.077512,37,4.316771,15,22,,0,0.0,0,0,8-Ball,0.113596
7131339,Roger Mølmann,https://img.cuescore.com/image/3/4/34be07c6aa5be235fe40a50871001bf3.png?t=1602961257,https://cuescore.com/img/flags/png-country-4x2-none/res-640x480/no.png,509.27,509.05,2025-09-17,obk,False,anchored,313.0,2025-09-17T16:00:00Z,67973878,960,527,433,0,2,960,527,433,0,0,0,0,0,0,7e-06,960,340.13316,0.03396,188,65.22085,111,77,-0.008962,456,170.159716,247,209,-0.006587,316,104.752594,169,147,8-Ball,0.03396
7038973,James Leahy,https://img.cuescore.com/image/2/4/20dff670fb5324a4bcb0f90dbb22fe94.png?t=1578167150,https://cuescore.com/img/flags/png-country-4x2-none/res-640x480/au.png,508.95,508.81,2026-09-16,obk,False,anchored,300.0,2026-09-16T16:00:00Z,88468552,44,19,25,6,2,22,11,11,22,8,14,0,0,0,0.037493,44,28.828678,0.027938,22,21.752635,11,11,-0.085885,22,7.076043,8,14,,0,0.0,0,0,8-Ball,0.027938
1006156,Asle Geir Skogen,https://img.cuescore.com/image/3/4/36f65cf6e23fbed66e9de4e9d35af4da.png?t=1573643581,https://cuescore.com/img/flags/png-country-4x2-none/res-640x480/no.png,508.8,508.53,2022-10-02,ostkanten,False,anchored,,,,143,74,69,0,2,0,0,0,143,74,69,0,0,0,-1e-06,143,22.900882,0.006925,36,5.587123,20,16,0.002878,55,9.482014,29,26,-0.008425,52,7.831746,25,27,8-Ball,0.006925
13988242,Monika Goik,https://img.cuescore.com/image/6/4/69daab49c5890bb397da03a24ca8ca6f.png?t=1651227621,https://cuescore.com/img/flags/png-country-4x2-none/res-640x480/pl.png,508.65,508.58,2025-07-05,obk,False,anchored,4.0,2025-07-05T08:00:00Z,59079793,43,19,24,7,2,43,19,24,0,0,0,0,0,0,0.03903,43,32.220629,,0,0.0,0,0,,0,0.0,0,0,0.0,43,32.220629,19,24,10-Ball,0.0
1006340,Kjartan Maraas,https://img.cuescore.com/image/8/4/80cd0b7c3c0eda0f178367486ebed239.png?t=1652428795,https://cuescore.com/img/flags/png-country-4x2-none/res-640x480/no.png,508.48,508.32,2026-09-27,ostkanten,False,anchored,423.0,2025-09-24T16:00:00Z,68791057,1388,627,761,0,2,231,93,138,1157,534,623,0,0,0,-1e-06,1388,760.676959,0.010144,249,153.707441,121,128,-0.014629,973,536.358464,440,533,0.089039,166,70.611054,66,100,10-Ball,0.089039
42921529,Joshua Turla Tuppal,https://img.cuescore.com/image/2/4/26b36c0184734fecd9b0825ed8b79be6.png?t=1790673876,https://cuescore.com/img/flags/png-country-4x2-none/res-640x480/ph.png,508.3,508.11,2026-09-30,obk,False,anchored,307.0,2026-09-30T16:00:00Z,90053185,1311,616,695,0,2,1068,502,566,243,114,129,0,0,0,-3e-06,1311,1052.066268,0.01483,262,212.777752,139,123,-0.013332,775,619.569519,357,418,0.023234,274,219.718997,120,154,10-Ball,0.023234
16476664,Øystein Følling,https://img.cuescore.com/image/8/4/862c792ba8eb7f97e626fbe6cbcc59f6.png,https://cuescore.com/img/flags/png-country-4x2-none/res-640x480/no.png,508.1,507.81,2026-09-30,obk,False,anchored,354.0,2026-09-30T16:00:00Z,90053185,1178,551,627,0,2,1054,496,558,124,55,69,0,0,0,-9e-06,1178,719.275034,0.002853,195,94.311403,92,103,0.001207,672,430.077881,319,353,-0.004044,311,194.88575,140,171,8-Ball,0.002853
1290151,Imran Majid,https://img.cuescore.com/image/d/4/d287a022cd86a20655f3fe5a5894a799.png?t=1484339319,https://cuescore.com/img/flags/png-country-4x2-none/res-640x480/gb.png,508.05,508.15,2019-08-30,obk,False,anchored,0.0,2019-08-30T14:00:00Z,5976158,41,24,17,9,2,41,24,17,0,0,0,0,0,0,0.202552,41,7.955134,,0,0.0,0,0,0.0,41,7.955134,24,17,,0,0.0,0,0,9-Ball,0.0
1006183,Christel Hanah Johnsen,https://img.cuescore.com/image/8/4/8925333ae7ecfce570ba9991a5e3ac8b.png?t=1710863176,https://cuescore.com/img/flags/png-country-4x2-none/res-640x480/no.png,507.36,507.14,2024-06-09,ostkanten,False,anchored,325.0,2023-11-29T17:00:00Z,35172058,235,117,118,0,2,156,86,70,79,31,48,0,0,0,-4e-06,235,76.164107,-0.053934,15,4.232848,7,8,-0.000844,202,68.291658,101,101,0.078565,18,3.639601,9,9,10-Ball,0.078565
2210932,Victoria Hauge Pettersen,https://img.cuescore.com/image/2/4/2044e33e460b5b4cc302d7e8c949c53d.png?t=1618516612,https://cuescore.com/img/flags/png-country-4x2-none/res-640x480/no.png,506.55,506.43,2021-04-25,obk,False,anchored,,,,387,157,230,0,2,387,157,230,0,0,0,0,0,0,-1e-06,387,109.028195,-0.062868,143,39.649653,49,94,0.079288,124,35.257948,60,64,-0.008876,120,34.120595,48,72,9-Ball,0.079288
25484464,Joaquin K. Yovine,https://img.cuescore.com/image/4/4/439ff949812ca26dfb670b2fcddea663.png?t=1762679224,https://cuescore.com/img/flags/png-country-4x2-none/res-640x480/ar.png,506.35,506.13,2025-10-22,obk,False,anchored,381.0,2025-10-22T16:00:00Z,70292821,716,318,398,0,2,647,285,362,69,33,36,0,0,0,-8e-06,716,516.052487,-0.056287,61,42.54353,22,39,-0.004142,543,393.359337,243,300,0.050204,112,80.14962,53,59,10-Ball,0.050204
1946517,Ivan Tadic,https://img.cuescore.com/image/f/4/f70dafc0141d998b2619c59d23283ffb.png?t=1509996043,https://cuescore.com/img/flags/png-country-4x2-none/res-640x480/no.png,506.07,505.8,2022-04-04,obk,False,anchored,12.0,2020-01-30T19:15:00Z,7224607,1145,608,537,0,2,1145,608,537,0,0,0,0,0,0,-1.2e-05,1145,196.62265,-0.018454,368,60.943643,205,163,0.008264,633,108.23164,329,304,0.008389,144,27.447367,74,70,10-Ball,0.008389
1356128,Christian Moberg,https://img.cuescore.com/image/c/4/c060608e7b3ef73e887d220038654551.png?t=1739974000,https://cuescore.com/img/flags/png-country-4x2-none/res-640x480/no.png,505.91,505.75,2026-04-26,ostkanten,False,anchored,3.0,2025-12-27T11:00:00Z,71848093,160,76,84,0,2,136,65,71,24,11,13,0,0,0,2.8e-05,160,74.323948,-0.135668,13,3.296843,6,7,0.006297,147,71.027106,70,77,,0,0.0,0,0,9-Ball,0.006297
2063761,Kurt Anders Lund,https://img.cuescore.com/image/9/4/932491ad8667f8957f24b9df124b79a0.png?t=1729685568,https://cuescore.com/img/flags/png-country-4x2-none/res-640x480/no.png,505.74,505.07,2026-06-24,obk,False,anchored,450.0,2026-06-24T16:00:00Z,83950600,50,22,28,0,2,50,22,28,0,0,0,0,0,0,-9e-06,50,46.856851,,0,0.0,0,0,0.0,50,46.856851,22,28,,0,0.0,0,0,9-Ball,0.0
1014998,Ivan Crenn,https://img.cuescore.com/image/2/4/23bb42a4d955678512c8aa3541a126b8.png?t=1639134744,https://cuescore.com/img/flags/png-country-4x2-none/res-640x480/fr.png,505.72,505.67,2022-07-10,ostkanten,False,anchored,1.0,2019-07-24T16:00:00Z,6015793,58,28,30,0,2,33,17,16,25,11,14,0,0,0,0.000114,58,11.08041,,0,0.0,0,0,0.005989,49,9.864167,25,24,-0.048574,9,1.216243,3,6,9-Ball,0.005989
1095179,Ernesto Antonio Meléndez,https://img.cuescore.com/image/2/4/26262ff4af43122f00476168f64b5bda.png?t=1522650690,https://cuescore.com/img/flags/png-country-4x2-none/res-640x480/no.png,505.63,505.38,2026-09-23,obk,False,anchored,302.0,2026-09-23T16:00:00Z,89905801,1057,488,569,0,2,676,311,365,381,177,204,0,0,0,0.0,1057,755.38808,-0.03405,151,93.76283,61,90,-0.000944,713,537.24799,334,379,0.029747,193,124.37726,93,100,10-Ball,0.029747
1006174,Børre Kofoed Karaka,https://img.cuescore.com/image/f/4/f5938ce323c3e2ca496567a495dbab64.png?t=1447875824,https://cuescore.com/img/flags/png-country-4x2-none/res-640x480/no.png,504.54,504.29,2018-09-19,obk,False,anchored,38.0,2018-09-19T16:00:00Z,3079945,275,143,132,0,2,275,143,132,0,0,0,0,0,0,-7e-06,275,36.132362,0.062962,134,16.532788,77,57,-0.017692,112,15.933759,56,56,-0.207055,29,3.665815,10,19,8-Ball,0.062962
1510340,Andris Viksnins,https://img.cuescore.com/image/a/4/aa8ae696def0c9c88edb24684774e16d.png?t=1581432669,https://cuescore.com/img/flags/png-country-4x2-none/res-640x480/no.png,503.94,503.69,2026-08-03,obk,False,anchored,325.0,2026-08-03T16:00:00Z,85939042,3088,1599,1489,0,2,2727,1436,1291,361,163,198,0,0,0,-5e-06,3088,1333.453202,0.007932,738,296.814513,383,355,-0.009038,1681,833.611596,841,840,0.025511,669,203.027093,375,294,10-Ball,0.025511
2653482,Adil Lusjani,https://img.cuescore.com/image/8/4/862c792ba8eb7f97e626fbe6cbcc59f6.png,https://cuescore.com/img/flags/png-country-4x2-none/res-640x480/no.png,503.78,503.6,2019-01-21,obk,False,anchored,,,,208,128,80,0,2,208,128,80,0,0,0,0,0,0,9e-06,208,32.625481,0.090339,15,2.53116,10,5,-0.007598,193,30.094321,118,75,,0,0.0,0,0,8-Ball,0.090339
75512620,Trond Evjen,https://img.cuescore.com/image/8/4/862c792ba8eb7f97e626fbe6cbcc59f6.png,https://cuescore.com/img/flags/png-country-4x2-none/res-640x480/no.png,502.85,502.41,2026-08-16,ostkanten,False,anchored,241.0,2026-03-04T17:00:00Z,77583133,177,86,91,0,2,65,35,30,112,51,61,0,0,0,4e-06,177,155.800963,0.071792,55,47.73719,38,17,-0.046613,107,95.019449,40,67,0.076813,15,13.044323,8,7,10-Ball,0.076813
1015952,Marius Farås,https://img.cuescore.com/image/9/4/966b6ba72e1babc46e394f0e4e028199.png?t=1451653219,https://cuescore.com/img/flags/png-country-4x2-none/res-640x480/no.png,501.85,501.65,2024-12-27,obk,False,anchored,2.0,2024-12-27T11:00:00Z,52314610,176,87,89,0,2,176,87,89,0,0,0,0,0,0,-5.1e-05,176,24.146756,0.021018,66,8.828864,34,32,-0.022133,80,11.436722,38,42,0.017408,30,3.88117,15,15,8-Ball,0.021018
3587297,Didrik V Berg,https://img.cuescore.com/image/8/4/862c792ba8eb7f97e626fbe6cbcc59f6.png,https://cuescore.com/img/flags/png-country-4x2-none/res-640x480/no.png,501.79,501.67,2021-11-24,obk,False,anchored,78.0,2021-11-24T17:05:00Z,10951717,45,27,18,5,2,45,27,18,0,0,0,0,0,0,0.059674,45,14.206533,,0,0.0,0,0,-0.020933,24,7.561174,14,10,0.023817,21,6.645359,13,8,10-Ball,0.023817
10220035,Marius Lamby Solvang,https://img.cuescore.com/image/5/4/5551b89a55c5007133c8bebe6d6a284b.png?t=1712844064,https://cuescore.com/img/flags/png-country-4x2-none/res-640x480/no.png,501.12,500.85,2026-08-10,obk,False,anchored,305.0,2026-08-10T16:00:00Z,86164780,1298,612,686,0,2,1248,598,650,50,14,36,0,0,0,2e-06,1298,836.030915,-0.005045,179,73.817205,99,80,-0.030486,764,506.61046,341,423,0.061881,355,255.603249,172,183,10-Ball,0.061881
20809939,Gary Zacaria,https://img.cuescore.com/image/8/4/862c792ba8eb7f97e626fbe6cbcc59f6.png,https://cuescore.com/img/flags/png-country-4x2-none/res-640x480/ph.png,500.74,500.47,2024-10-16,obk,False,anchored,317.0,2024-10-16T16:00:00Z,48275275,157,72,85,0,2,151,71,80,6,1,5,0,0,0,3.2e-05,157,78.291441,,0,0.0,0,0,0.010848,151,75.297645,71,80,-0.27284,6,2.993796,1,5,9-Ball,0.010848
1022588,Nikolaos Chatzitheodorou,https://img.cuescore.com/image/9/4/9f111cc7394df3d82ee00a85986c9c3d.png?t=1539274559,https://cuescore.com/img/flags/png-country-4x2-none/res-640x480/gr.png,500.73,500.5,2018-12-15,obk,False,anchored,45.0,2018-10-31T17:00:00Z,3305333,265,137,128,0,2,265,137,128,0,0,0,0,0,0,-0.0,265,41.06525,0.042668,94,14.884729,51,43,-0.028169,158,24.044366,79,79,0.019757,13,2.136156,7,6,8-Ball,0.042668
1006171,Bjørnar Davidsen,https://img.cuescore.com/image/1/4/13ae6d4051653c58f346f9f6478528a5.png?t=1441835857,https://cuescore.com/img/flags/png-country-4x2-none/res-640x480/no.png,499.19,498.96,2023-09-18,obk,False,anchored,55.0,2018-11-07T17:00:00Z,3341207,484,255,229,0,2,443,236,207,41,19,22,0,0,0,-1.4e-05,484,82.584504,0.011928,170,30.780302,94,76,-0.014691,167,31.731901,85,82,0.004933,147,20.072301,76,71,8-Ball,0.011928
1018532,Goran Nikolic,https://img.cuescore.com/image/f/4/f407bea43582938521ec2c0024955fae.png?t=1456566394,https://cuescore.com/img/flags/png-country-4x2-none/res-640x480/rs.png,498.37,498.42,2017-06-17,obk,False,anchored,,,,45,24,21,5,2,45,24,21,0,0,0,0,0,0,0.156409,45,5.250127,,0,0.0,0,0,0.0,45,5.250127,24,21,,0,0.0,0,0,9-Ball,0.0
6545064,Kim-Olaf Sørensen,https://img.cuescore.com/image/9/4/9437a09ca9ddbc446e2a40572302f3c6.png?t=1686311792,https://cuescore.com/img/flags/png-country-4x2-none/res-640x480/no.png,496.96,496.78,2026-05-20,obk,False,anchored,304.0,2026-05-20T16:00:00Z,81474325,249,118,131,0,2,134,64,70,115,54,61,0,0,0,9e-06,249,154.998067,0.069165,86,54.788334,51,35,-0.039697,160,99.081339,65,95,0.127439,3,1.128394,2,1,10-Ball,0.127439
2181146,Mentor Nuredini,https://img.cuescore.com/image/8/4/862c792ba8eb7f97e626fbe6cbcc59f6.png,https://cuescore.com/img/flags/png-country-4x2-none/res-640x480/al.png,496.72,496.64,2018-02-28,obk,False,anchored,,,,49,29,20,1,2,49,29,20,0,0,0,0,0,0,0.024106,49,6.714876,,0,0.0,0,0,0.0,49,6.714876,29,20,,0,0.0,0,0,9-Ball,0.0
1006157,Asle M. Johansen,https://img.cuescore.com/image/c/4/c6fa543957778aaa7d85eeeac094bd56.png?t=1515450638,https://cuescore.com/img/flags/png-country-4x2-none/res-640x480/no.png,495.42,495.15,2020-08-24,obk,False,anchored,,,,278,146,132,0,2,278,146,132,0,0,0,0,0,0,-4e-06,278,38.458289,-0.044019,89,12.299209,45,44,0.029924,66,8.646361,36,30,0.016141,123,17.512719,65,58,9-Ball,0.029924
69888928,T M.H,https://img.cuescore.com/image/7/4/7573bd1ad2155bd6ba6d0830bd161b2e.png?t=1761607499,https://cuescore.com/img/flags/png-country-4x2-none/res-640x480/no.png,495.41,495.15,2026-09-13,ostkanten,False,anchored,253.0,2026-08-31T16:00:00Z,86423461,139,82,57,0,2,110,71,39,29,11,18,0,0,0,-1e-06,139,122.808199,0.0,139,122.808199,82,57,,0,0.0,0,0,,0,0.0,0,0,8-Ball,0.0
1006487,Desak Sri Pustini,https://img.cuescore.com/image/8/4/8a8ce09d8231a8d0e80ee3c8e5c11a4f.png?t=1519162788,https://cuescore.com/img/flags/png-country-4x2-none/res-640x480/no.png,495.19,494.96,2022-02-21,obk,False,anchored,57.0,2020-09-09T16:00:00Z,8181731,240,124,116,0,2,240,124,116,0,0,0,0,0,0,-1.3e-05,240,47.98159,-0.028987,62,12.692471,30,32,-0.002088,75,12.852879,39,36,0.017594,103,22.436239,55,48,10-Ball,0.017594
1396429,Øyvind Stordahl,https://img.cuescore.com/image/2/4/2f810371d4a4fbaeb237b4e908bad17c.png?t=1638019950,https://cuescore.com/img/flags/png-country-4x2-none/res-640x480/no.png,495.0,494.79,2022-10-26,obk,False,anchored,275.0,2022-10-26T16:00:00Z,17824420,53,28,25,0,2,53,28,25,0,0,0,0,0,0,-7.9e-05,53,15.488721,-0.103473,23,6.871119,10,13,-0.326085,3,0.622644,1,2,0.114323,27,7.994959,17,10,10-Ball,0.114323
1006298,Jarek (Barracuda) Kapuściński,https://img.cuescore.com/image/5/4/5308cfe182f097062e00cb89ba193eb9.png?t=1443616526,https://cuescore.com/img/flags/png-country-4x2-none/res-640x480/pl.png,494.72,494.52,2026-09-07,obk,False,anchored,313.0,2026-09-02T16:00:00Z,86425378,722,358,364,0,2,615,319,296,107,39,68,0,0,0,-0.0,722,483.545481,-0.067093,76,50.501959,35,41,0.005728,548,370.384733,276,272,0.020218,98,62.658789,47,51,10-Ball,0.020218
3120055,Per Christian Slåtta,https://img.cuescore.com/image/8/4/862c792ba8eb7f97e626fbe6cbcc59f6.png,https://cuescore.com/img/flags/png-country-4x2-none/res-640x480/no.png,493.8,493.61,2019-06-03,obk,False,anchored,,,,323,184,139,0,2,323,184,139,0,0,0,0,0,0,-1.3e-05,323,55.316195,-0.006061,57,9.161157,34,23,0.005965,264,45.78791,150,114,-0.592679,2,0.367128,0,2,9-Ball,0.005965
7222054,Leif Norvald Nilsen,https://img.cuescore.com/image/2/4/269e09c845bf07d0d7ba711b85b29e20.png?t=1582101702,https://cuescore.com/img/flags/png-country-4x2-none/res-640x480/no.png,492.81,492.53,2026-03-04,obk,False,anchored,242.0,2026-03-04T17:00:00Z,77583133,138,76,62,0,2,138,76,62,0,0,0,0,0,0,-1.7e-05,138,52.203695,0.038525,68,26.031996,40,28,-0.031372,58,23.542198,30,28,-0.100522,12,2.629501,6,6,8-Ball,0.038525
3036771,Adrian Gawlak,https://img.cuescore.com/image/8/4/862c792ba8eb7f97e626fbe6cbcc59f6.png,https://cuescore.com/img/flags/png-country-4x2-none/res-640x480/pl.png,492.03,491.83,2018-10-08,obk,False,anchored,,,,126,73,53,0,2,126,73,53,0,0,0,0,0,0,-4e-05,126,19.776525,0.042975,30,4.696606,19,11,-0.013384,96,15.079919,54,42,,0,0.0,0,0,8-Ball,0.042975
56994721,Rolf-Tommy Østensson,https://img.cuescore.com/image/8/4/862c792ba8eb7f97e626fbe6cbcc59f6.png,https://cuescore.com/img/flags/png-country-4x2-none/res-640x480/se.png,491.54,491.03,2026-08-09,ostkanten,False,anchored,295.0,2026-01-28T17:00:00Z,74911768,127,57,70,0,2,84,43,41,43,14,29,0,0,0,-7e-06,127,112.610302,0.188478,17,14.505654,15,2,-0.015574,95,85.076817,38,57,-0.108152,15,13.02783,4,11,8-Ball,0.188478
1498747,Andris Viksnins,https://img.cuescore.com/image/8/4/862c792ba8eb7f97e626fbe6cbcc59f6.png,https://cuescore.com/img/flags/png-country-4x2-none/res-640x480/ge.png,491.15,490.92,2017-10-30,obk,False,anchored,,,,56,27,29,0,2,56,27,29,0,0,0,0,0,0,0.000208,56,6.800629,0.019429,12,1.485183,6,6,-0.005429,44,5.315446,21,23,,0,0.0,0,0,8-Ball,0.019429
31114699,Ferdinand Jaggi,https://img.cuescore.com/image/9/4/9e0636ce594a896c5f91a72107ace66a.png?t=1728905358,https://cuescore.com/img/flags/png-country-4x2-none/res-640x480/no.png,490.93,490.68,2026-06-08,obk,False,anchored,325.0,2026-06-08T16:00:00Z,83165326,165,88,77,0,2,134,70,64,31,18,13,0,0,0,-1.3e-05,165,133.227543,0.049767,11,9.099536,8,3,0.001794,150,120.962495,79,71,-0.211628,4,3.165512,1,3,8-Ball,0.049767
17693218,Romain Rolland,https://img.cuescore.com/image/4/4/4cf74a44defe52ea6e7893d46649eb0d.png?t=1721485281,https://cuescore.com/img/flags/png-country-4x2-none/res-640x480/no.png,490.92,490.71,2025-05-12,obk,False,anchored,218.0,2025-05-12T16:00:00Z,60279199,95,45,50,0,2,95,45,50,0,0,0,0,0,0,1e-06,95,48.459639,0.005213,77,41.118725,37,40,-0.029201,18,7.340914,8,10,,0,0.0,0,0,8-Ball,0.005213
1561935,Øystein Holm Krøvel,https://img.cuescore.com/image/8/4/862c792ba8eb7f97e626fbe6cbcc59f6.png,https://cuescore.com/img/flags/png-country-4x2-none/res-640x480/no.png,490.42,490.17,2020-03-02,obk,False,anchored,,,,278,134,144,0,2,278,134,144,0,0,0,0,0,0,-1.1e-05,278,37.42897,0.011497,100,13.117924,49,51,-0.008289,129,18.192759,63,66,-3e-06,49,6.118288,22,27,8-Ball,0.011497
8270907,Christian Söderström,https://img.cuescore.com/image/6/4/6a3d709e325db75a3d35a56a683978dc.png?t=1766584752,https://cuescore.com/img/flags/png-country-4x2-none/res-640x480/no.png,490.02,490.3,2026-10-04,ostkanten,True,anchored,328.0,2026-05-11T16:00:00Z,81171145,778,340,438,0,2,129,61,68,649,279,370,0,0,0,-3e-06,778,661.624387,-0.037666,92,76.121453,38,54,0.004897,686,585.502935,302,384,,0,0.0,0,0,9-Ball,0.004897
48159925,Ole-Jakob Rosenvold,https://img.cuescore.com/image/a/4/ac8138d357b9d12dd00be31639899b4c.png?t=1728812914,https://cuescore.com/img/flags/png-country-4x2-none/res-640x480/no.png,489.86,489.67,2026-09-27,ostkanten,False,anchored,319.0,2026-09-23T16:00:00Z,89905801,903,388,515,0,2,134,70,64,769,318,451,0,0,0,-1e-06,903,774.842659,-0.014832,188,156.290258,79,109,0.003316,709,612.593535,307,402,0.048078,6,5.958865,2,4,10-Ball,0.048078
6691281,Andreas Wahr-Hansen,https://img.cuescore.com/image/8/4/862c792ba8eb7f97e626fbe6cbcc59f6.png,https://cuescore.com/img/flags/png-country-4x2-none/res-640x480/no.png,489.67,489.42,2026-05-04,obk,False,anchored,318.0,2026-05-04T16:00:00Z,80902801,1076,527,549,0,2,1002,501,501,74,26,48,0,0,0,-3e-06,1076,515.574346,0.108134,87,46.388055,52,35,-0.028519,682,364.050618,318,364,0.051042,307,105.135673,157,150,8-Ball,0.108134
4889312,Hamza Malik,https://img.cuescore.com/image/8/4/862c792ba8eb7f97e626fbe6cbcc59f6.png,https://cuescore.com/img/flags/png-country-4x2-none/res-640x480/no.png,489.57,489.43,2020-09-07,obk,False,anchored,35.0,2019-03-20T17:15:00Z,5065455,106,60,46,0,2,106,60,46,0,0,0,0,0,0,2.3e-05,106,21.769633,0.009696,17,3.516742,11,6,-0.062235,66,12.598192,34,32,0.132625,23,5.654699,15,8,10-Ball,0.132625
1013991,Ahad Rashid,https://img.cuescore.com/image/8/4/862c792ba8eb7f97e626fbe6cbcc59f6.png,https://cuescore.com/img/flags/png-country-4x2-none/res-640x480/no.png,489.48,489.23,2020-02-10,obk,False,anchored,46.0,2018-03-14T17:15:00Z,2238455,375,183,192,0,2,375,183,192,0,0,0,0,0,0,-9e-06,375,51.783911,0.083852,84,11.390649,47,37,-0.032538,188,26.636997,87,101,-0.006426,103,13.756266,49,54,8-Ball,0.083852
7957612,Guido Thyssen,https://img.cuescore.com/image/b/4/b750fc4c231371fe07c54897b662b9aa.png?t=1736385363,https://cuescore.com/img/flags/png-country-4x2-none/res-640x480/de.png,488.74,488.62,2026-01-31,obk,False,anchored,3.0,2026-01-31T10:00:00Z,72236716,70,34,36,0,2,70,34,36,0,0,0,0,0,0,2.2e-05,70,59.907327,,0,0.0,0,0,,0,0.0,0,0,0.0,70,59.907327,34,36,10-Ball,0.0
36990883,Anders Valde,https://img.cuescore.com/image/9/4/92645097ded7d58a05f5712bdd468f78.png?t=1705362002,https://cuescore.com/img/flags/png-country-4x2-none/res-640x480/no.png,487.76,487.62,2026-08-16,ostkanten,False,anchored,3.0,2025-12-27T11:00:00Z,71848093,379,160,219,0,2,256,107,149,123,53,70,0,0,0,-3e-06,379,277.824325,0.060455,91,67.199451,46,45,-0.026235,236,171.910907,96,140,0.011562,52,38.713968,18,34,8-Ball,0.060455
49097056,Herman Maraas,https://img.cuescore.com/image/9/4/9cb01c63ff307e612a66168e5d63c220.png?t=1726357714,https://cuescore.com/img/flags/png-country-4x2-none/res-640x480/no.png,487.23,487.09,2025-07-09,obk,False,anchored,240.0,2025-07-09T16:00:00Z,62631910,334,146,188,0,2,270,115,155,64,31,33,0,0,0,1e-06,334,244.816291,0.064917,52,37.636428,27,25,-0.010535,196,142.957828,82,114,-0.014594,86,64.222035,37,49,8-Ball,0.064917
1036778,Ronald Natifu,https://img.cuescore.com/image/8/4/862c792ba8eb7f97e626fbe6cbcc59f6.png,,486.17,486.07,2018-02-17,obk,False,anchored,9.0,2018-02-17T13:15:00Z,2154912,48,25,23,2,2,48,25,23,0,0,0,0,0,0,0.053182,48,5.463441,0.087564,12,1.260754,7,5,-0.026268,36,4.202686,18,18,,0,0.0,0,0,8-Ball,0.087564
4742719,Adiil Lusjanii,https://img.cuescore.com/image/2/4/2a5217bd0489c5e2990e6327bf7be97f.png?t=1549472165,https://cuescore.com/img/flags/png-country-4x2-none/res-640x480/no.png,486.09,485.89,2020-10-12,obk,False,anchored,31.0,2019-12-18T17:00:00Z,7034242,192,100,92,0,2,192,100,92,0,0,0,0,0,0,1.6e-05,192,37.675069,0.017985,55,10.606362,33,22,0.006929,113,22.899,56,57,-0.083799,24,4.169706,11,13,8-Ball,0.017985
2106214,Don Hajra,https://img.cuescore.com/image/d/4/dbe904ba44581e81a5e02ab0f9d27c08.png?t=1730554060,https://cuescore.com/img/flags/png-country-4x2-none/res-640x480/xk.png,485.35,485.43,2024-10-28,obk,False,anchored,550.0,2024-10-16T16:00:00Z,48275275,20,14,6,30,2,8,6,2,12,8,4,0,0,0,0.338878,20,12.723912,,0,0.0,0,0,0.0,20,12.723912,14,6,,0,0.0,0,0,9-Ball,0.0
58725133,Kjell-egil Woster,https://img.cuescore.com/image/b/4/b9326bca4b60f10303f242e257bab6be.png?t=1753705117,https://cuescore.com/img/flags/png-country-4x2-none/res-640x480/no.png,484.81,484.76,2026-07-04,obk,False,anchored,3.0,2026-07-04T08:00:00Z,79932562,102,49,53,0,2,102,49,53,0,0,0,0,0,0,-1e-05,102,96.220522,,0,0.0,0,0,,0,0.0,0,0,0.0,102,96.220522,49,53,10-Ball,0.0
55415260,Dag Erik Wiig,https://img.cuescore.com/image/7/4/778ff88fa19172cf4bf3e46284690c76.png?t=1741537286,https://cuescore.com/img/flags/png-country-4x2-none/res-640x480/no.png,484.71,484.46,2026-04-15,obk,False,anchored,306.0,2026-04-15T16:00:00Z,78942265,436,213,223,0,2,436,213,223,0,0,0,0,0,0,-1.1e-05,436,367.319193,0.027464,59,48.142416,34,25,0.018319,297,250.766177,148,149,-0.086476,80,68.410599,31,49,8-Ball,0.027464
16553469,Márk Szabo,https://img.cuescore.com/image/6/4/61b9f48c7494d11107954c279778292b.png?t=1789402438,https://cuescore.com/img/flags/png-country-4x2-none/res-640x480/sk.png,484.68,484.65,2026-06-15,obk,False,anchored,,,,21,15,6,29,2,21,15,6,0,0,0,0,0,0,0.211314,21,19.577558,,0,0.0,0,0,0.0,21,19.577558,15,6,,0,0.0,0,0,9-Ball,0.0
27194773,Torstein Brustugun,https://img.cuescore.com/image/6/4/6acaab3086ea7d73fe4a894d2b44e4cb.png?t=1727369399,https://cuescore.com/img/flags/png-country-4x2-none/res-640x480/no.png,484.57,486.47,2026-10-04,ostkanten,True,anchored,3.0,2025-12-27T11:00:00Z,71848093,57,24,33,0,2,10,0,10,47,24,23,0,0,0,-7e-06,57,48.000068,,0,0.0,0,0,0.0,57,48.000068,24,33,,0,0.0,0,0,9-Ball,0.0
13872481,Erik Weiselius,https://img.cuescore.com/image/2/4/22b83c03f8e43e65019e48bc540ab145.png?t=1673206462,https://cuescore.com/img/flags/png-country-4x2-none/res-640x480/se.png,484.04,484.08,2025-07-14,obk,False,anchored,625.0,2025-07-14T16:00:00Z,62671435,24,16,8,26,2,24,16,8,0,0,0,0,0,0,0.203578,24,18.090099,,0,0.0,0,0,0.0,24,18.090099,16,8,,0,0.0,0,0,9-Ball,0.0
12627679,Tor Ivar Bjørseth,https://img.cuescore.com/image/f/4/fa5258829823ca6b91e0193a811d8fef.png?t=1758200146,https://cuescore.com/img/flags/png-country-4x2-none/res-640x480/no.png,483.44,483.29,2026-04-19,ostkanten,False,anchored,425.0,2025-03-19T17:00:00Z,53306224,55,27,28,0,2,0,0,0,55,27,28,0,0,0,4e-06,55,44.72604,,0,0.0,0,0,0.0,55,44.72604,27,28,,0,0.0,0,0,9-Ball,0.0
1059469,Hans Westad,https://img.cuescore.com/image/8/4/84ada8848feb4b828cdee8ac7f415948.png?t=1706538002,https://cuescore.com/img/flags/png-country-4x2-none/res-640x480/no.png,482.99,482.93,2026-01-18,ostkanten,False,anchored,,,,33,19,14,17,2,0,0,0,33,19,14,0,0,0,0.084947,33,28.01374,,0,0.0,0,0,0.0,33,28.01374,19,14,,0,0.0,0,0,9-Ball,0.0
1024799,Stig Nesvik,https://img.cuescore.com/image/1/4/1d7931022cb5cc99a4bfa630a7ff07ed.png?t=1655704835,https://cuescore.com/img/flags/png-country-4x2-none/res-640x480/no.png,482.72,482.3,2026-10-04,ostkanten,True,anchored,417.0,2026-09-23T16:00:00Z,89905801,5216,2416,2800,0,2,4629,2132,2497,587,284,303,0,0,0,4e-06,5216,2404.664441,-0.004456,841,266.185663,385,456,-0.005631,3130,1608.655818,1447,1683,0.019336,1245,529.82296,584,661,10-Ball,0.019336
5174448,Thomas Hilling Amundsen,https://img.cuescore.com/image/b/4/b34d126bf7ab880025a1473f13cffcaa.png?t=1677525102,https://cuescore.com/img/flags/png-country-4x2-none/res-640x480/no.png,482.14,481.96,2019-06-05,obk,False,anchored,39.0,2019-06-05T16:50:00Z,5495437,111,63,48,0,2,111,63,48,0,0,0,0,0,0,1.2e-05,111,20.131976,0.098823,33,5.987006,23,10,-0.041828,78,14.14497,40,38,,0,0.0,0,0,8-Ball,0.098823
80088046,Kim Rui,https://img.cuescore.com/image/b/4/b115a715a10e46bdf68733400637f8ef.png?t=1780934994,https://cuescore.com/img/flags/png-country-4x2-none/res-640x480/no.png,481.62,477.38,2026-10-04,ostkanten,True,anchored,327.0,2026-09-30T16:00:00Z,90053185,754,340,414,0,2,411,195,216,343,145,198,0,0,0,-3e-06,754,723.270595,-0.030535,89,85.430123,40,49,-0.000932,613,586.201281,275,338,0.061102,52,51.63919,25,27,10-Ball,0.061102
1006250,Geir Tollefsrud,https://img.cuescore.com/image/6/4/6f96ab8151fbcef425b09e01849ab744.png?t=1761033062,https://cuescore.com/img/flags/png-country-4x2-none/res-640x480/no.png,481.34,481.32,2025-12-27,obk,False,anchored,3.0,2025-12-27T11:00:00Z,71848093,31,15,16,19,2,31,15,16,0,0,0,0,0,0,0.100544,31,25.950126,,0,0.0,0,0,0.0,31,25.950126,15,16,,0,0.0,0,0,9-Ball,0.0
1012750,Frode Myhre Larsen,https://img.cuescore.com/image/2/4/22c5ca59fea69101c56d9f8ce9581270.png?t=1483536851,https://cuescore.com/img/flags/png-country-4x2-none/res-640x480/no.png,480.09,479.89,2020-02-24,obk,False,anchored,,,,213,124,89,0,2,213,124,89,0,0,0,0,0,0,1.6e-05,213,37.910399,0.033865,71,11.294815,45,26,-0.023708,127,23.357689,70,57,0.05257,15,3.257895,9,6,10-Ball,0.05257
3632537,Dennis Nilsen,https://img.cuescore.com/image/0/4/04380520c9456dbdd2ad4e94151583d0.png?t=1548855703,https://cuescore.com/img/flags/png-country-4x2-none/res-640x480/no.png,479.92,479.73,2019-02-17,ostkanten,False,anchored,,,,81,41,40,0,2,81,41,40,0,0,0,0,0,0,5.9e-05,81,13.611734,-0.31153,5,0.84372,1,4,0.020586,76,12.768014,40,36,,0,0.0,0,0,9-Ball,0.020586
2947265,Bernjard David C Ruiz,https://img.cuescore.com/image/1/4/12c0e46fcccd8e52650f604aa340158a.png?t=1780495121,https://cuescore.com/img/flags/png-country-4x2-none/res-640x480/ph.png,479.33,479.15,2026-06-15,obk,False,anchored,328.0,2026-06-15T16:00:00Z,83685481,687,349,338,0,2,687,349,338,0,0,0,0,0,0,-2e-06,687,269.349437,0.013259,169,44.459577,90,79,0.001291,379,164.61475,194,185,-0.013305,139,60.27511,65,74,8-Ball,0.013259
2690021,Torkel Rønningen,https://img.cuescore.com/image/8/4/862c792ba8eb7f97e626fbe6cbcc59f6.png,https://cuescore.com/img/flags/png-country-4x2-none/res-640x480/no.png,479.22,479.04,2018-11-19,obk,False,anchored,,,,56,31,25,0,2,56,31,25,0,0,0,0,0,0,-0.000145,56,8.704641,0.002255,54,8.410449,30,24,-0.064478,2,0.294192,1,1,,0,0.0,0,0,8-Ball,0.002255
2053323,Ib Christiansen,https://img.cuescore.com/image/2/4/2ec690189b070352f6fd86cbdae76c24.png?t=1532262581,https://cuescore.com/img/flags/png-country-4x2-none/res-640x480/no.png,478.87,478.66,2026-08-31,obk,False,anchored,318.0,2026-08-10T16:00:00Z,86164780,702,360,342,0,2,634,335,299,68,25,43,0,0,0,4e-06,702,284.471873,0.00895,127,40.863611,69,58,-0.000724,489,198.086242,249,240,-0.004885,86,45.52202,42,44,8-Ball,0.00895
7904326,Silja Vepsä,https://img.cuescore.com/image/3/4/3b72e62ce634ef874d5e8d0ebf736a50.png?t=1726508136,https://cuescore.com/img/flags/png-country-4x2-none/res-640x480/no.png,478.72,491.82,2026-10-04,ostkanten,True,anchored,4.0,2025-12-27T11:00:00Z,71848093,128,52,76,0,2,20,6,14,108,46,62,0,0,0,-1e-06,128,113.217542,,0,0.0,0,0,0.0,128,113.217542,52,76,,0,0.0,0,0,9-Ball,0.0
2043792,Vaios Evangelou,https://img.cuescore.com/image/7/4/7036968f7bde92e60c5f1fa05435bf33.png?t=1739016923,https://cuescore.com/img/flags/png-country-4x2-none/res-640x480/gr.png,478.14,477.87,2021-06-30,obk,False,anchored,58.0,2021-06-30T16:00:00Z,8985252,248,111,137,0,2,134,66,68,114,45,69,0,0,0,2e-06,248,44.543411,0.027749,104,15.922797,47,57,0.013772,130,26.481629,62,68,-0.377065,14,2.138986,2,12,8-Ball,0.027749
5075218,Nevzat Yesil,https://img.cuescore.com/image/0/4/0145306f7c988f5d518d6ac1f41f1c37.png?t=1772113104,https://cuescore.com/img/flags/png-country-4x2-none/res-640x480/no.png,477.66,477.88,2025-11-02,ostkanten,False,anchored,,,,19,14,5,31,2,0,0,0,19,14,5,0,0,0,0.265193,19,15.362275,0.0,19,15.362275,14,5,,0,0.0,0,0,,0,0.0,0,0,8-Ball,0.0
1019843,Matey Ullah,https://img.cuescore.com/image/5/4/5945cfef407ea3e46049eb356ee0e725.png?t=1603960189,https://cuescore.com/img/flags/png-country-4x2-none/res-640x480/no.png,476.99,477.17,2025-09-07,ostkanten,False,anchored,528.0,2022-11-30T17:00:00Z,19910317,17,14,3,33,2,0,0,0,17,14,3,0,0,0,0.32422,17,13.2666,0.0,17,13.2666,14,3,,0,0.0,0,0,,0,0.0,0,0,8-Ball,0.0
3595359,Øivind Bakken,https://img.cuescore.com/image/1/4/15f459fa7178e8d3fc57a547d81de45c.png?t=1551183592,https://cuescore.com/img/flags/png-country-4x2-none/res-640x480/no.png,476.24,476.04,2020-03-09,obk,False,anchored,34.0,2019-05-22T16:10:00Z,5399876,379,200,179,0,2,379,200,179,0,0,0,0,0,0,1.1e-05,379,70.508795,0.132489,101,18.841562,66,35,-0.053303,237,43.418748,114,123,-0.022059,41,8.248484,20,21,8-Ball,0.132489
1006448,Roald Pettersen,https://img.cuescore.com/image/a/4/a5d798e918d8de9ec9c0a89e50060623.png?t=1582609862,https://cuescore.com/img/flags/png-country-4x2-none/res-640x480/no.png,476.15,475.94,2026-05-13,obk,False,anchored,322.0,2026-05-13T16:00:00Z,81091549,162,78,84,0,2,162,78,84,0,0,0,0,0,0,2.1e-05,162,135.880186,-0.01121,12,9.137064,5,7,-0.00637,130,108.984267,65,65,0.044859,20,17.758855,8,12,10-Ball,0.044859
11273659,Grzegorz Tabor,https://img.cuescore.com/image/8/4/862c792ba8eb7f97e626fbe6cbcc59f6.png,https://cuescore.com/img/flags/png-country-4x2-none/res-640x480/no.png,474.95,474.99,2022-02-07,obk,False,anchored,,,,31,22,9,19,2,31,22,9,0,0,0,0,0,0,0.228189,31,10.577067,,0,0.0,0,0,0.0,31,10.577067,22,9,,0,0.0,0,0,9-Ball,0.0
19030543,Martin Olsson,https://img.cuescore.com/image/6/4/6a9f2b1e91ce51337c1a4fdb5a8f71f0.png?t=1786094993,https://cuescore.com/img/flags/png-country-4x2-none/res-640x480/se.png,474.86,474.76,2026-09-27,ostkanten,False,anchored,292.0,2026-06-08T16:00:00Z,83165326,833,383,450,0,2,649,318,331,184,65,119,0,0,0,3e-06,833,693.066631,0.018505,118,93.193785,63,55,-0.012885,556,470.415601,246,310,0.0335,159,129.457245,74,85,10-Ball,0.0335
1006215,Emil Andreassen,https://img.cuescore.com/image/4/4/49095675f030b08c4fb3f68d35ad9287.png?t=1481128220,https://cuescore.com/img/flags/png-country-4x2-none/res-640x480/no.png,474.0,473.71,2024-08-25,ostkanten,False,anchored,275.0,2023-09-06T16:00:00Z,31196827,646,296,350,0,2,639,291,348,7,5,2,0,0,0,8e-06,646,123.418086,-0.029285,233,47.028222,98,135,0.031479,234,38.585848,115,119,0.0043,179,37.804016,83,96,9-Ball,0.031479
83723089,Shane Petrick,https://img.cuescore.com/image/3/4/3694f2e3c0b8246c15208da784c034c9.png?t=1781520936,https://cuescore.com/img/flags/png-country-4x2-none/res-640x480/us.png,473.38,473.46,2026-06-15,obk,False,anchored,350.0,2026-06-15T16:00:00Z,83685481,26,15,11,24,2,26,15,11,0,0,0,0,0,0,0.123274,26,24.238882,,0,0.0,0,0,0.0,26,24.238882,15,11,,0,0.0,0,0,9-Ball,0.0
9017413,Terje Mo Hanssen,https://img.cuescore.com/image/3/4/35db0fabc62a9659476a2c8b9c2b4145.png?t=1745873644,https://cuescore.com/img/flags/png-country-4x2-none/res-640x480/no.png,473.19,472.82,2026-06-07,ostkanten,False,anchored,,,,77,32,45,0,2,0,0,0,77,32,45,0,0,0,0.0,77,49.264245,-0.002503,16,12.634262,7,9,0.009424,53,33.623331,23,30,-0.094872,8,3.006653,2,6,9-Ball,0.009424
19913527,Wael Handal,https://img.cuescore.com/image/5/4/560089e4ea7003d4b17eb2f1341fad56.png?t=1677498717,https://cuescore.com/img/flags/png-country-4x2-none/res-640x480/no.png,473.05,472.86,2024-08-26,obk,False,anchored,339.0,2024-08-26T16:00:00Z,47691967,269,130,139,0,2,262,127,135,7,3,4,0,0,0,2e-05,269,132.761345,-0.097214,34,16.810542,13,21,0.016126,204,99.616756,102,102,0.0017,31,16.334048,15,16,9-Ball,0.016126
1024806,Lars Nitteberg,https://img.cuescore.com/image/1/4/18bfc13d56224b3b1a04d52ae0b1f118.png?t=1455480472,https://cuescore.com/img/flags/png-country-4x2-none/res-640x480/no.png,472.84,472.59,2018-05-14,obk,False,anchored,,,,282,130,152,0,2,282,130,152,0,0,0,0,0,0,-2e-05,282,37.180037,-0.042245,96,12.577271,40,56,0.078623,101,13.178059,54,47,-0.044181,85,11.424707,36,49,9-Ball,0.078623
7959797,Pergantis Zalachas,https://img.cuescore.com/image/6/4/6d23b331d8bf2f4873a4ad3230a17127.png?t=1734529208,https://cuescore.com/img/flags/png-country-4x2-none/res-640x480/gr.png,472.2,472.01,2026-06-08,obk,False,anchored,288.0,2026-06-08T16:00:00Z,83165326,1462,680,782,0,2,1432,667,765,30,13,17,0,0,0,-0.0,1462,805.894427,-0.038228,322,174.257879,155,167,-0.031649,745,398.755592,326,419,0.082797,395,232.880956,199,196,10-Ball,0.082797
1393993,Ronny Sørlie,https://img.cuescore.com/image/2/4/25bf706b3d9ad951c7d185470c891a7b.png?t=1490047759,https://cuescore.com/img/flags/png-country-4x2-none/res-640x480/no.png,471.71,471.46,2020-03-11,obk,False,anchored,54.0,2020-03-11T17:00:00Z,7789761,122,56,66,0,2,122,56,66,0,0,0,0,0,0,-1.9e-05,122,25.842111,-0.025603,35,7.281952,16,19,0.060645,54,11.41434,27,27,-0.07078,33,7.145819,13,20,9-Ball,0.060645
2251359,Gustav Leennatsso,https://img.cuescore.com/image/8/4/862c792ba8eb7f97e626fbe6cbcc59f6.png,,471.1,470.91,2018-04-16,obk,False,anchored,,,,56,31,25,0,2,56,31,25,0,0,0,0,0,0,-1.9e-05,56,7.890756,-0.057396,10,1.388709,5,5,0.012259,46,6.502047,26,20,,0,0.0,0,0,9-Ball,0.012259
1997987,Sven Høgdahl,https://img.cuescore.com/image/8/4/8d29195469d3a1b088d829a550e79fac.png?t=1670759545,https://cuescore.com/img/flags/png-country-4x2-none/res-640x480/no.png,471.02,470.8,2025-09-07,ostkanten,False,anchored,210.0,2023-03-27T16:00:00Z,25906918,144,75,69,0,2,126,68,58,18,7,11,0,0,0,-1e-06,144,47.12057,0.006088,60,18.906108,33,27,0.005055,67,24.508507,35,32,-0.064489,17,3.705956,7,10,8-Ball,0.006088
34735372,Karl Våglund,https://img.cuescore.com/image/5/4/5bdacd9a26a55ff524a58ce548811260.png?t=1751375438,https://cuescore.com/img/flags/png-country-4x2-none/res-640x480/se.png,470.66,470.47,2025-07-05,obk,False,anchored,4.0,2025-07-05T08:00:00Z,59079793,69,27,42,0,2,69,27,42,0,0,0,0,0,0,3e-06,69,51.66747,,0,0.0,0,0,-0.265158,26,19.446841,6,20,0.160037,43,32.220629,21,22,10-Ball,0.160037
1006473,Rune Antonsen,https://img.cuescore.com/image/2/4/2342c31ef802c8a1e692a25553e1318c.png?t=1454529598,https://cuescore.com/img/flags/png-country-4x2-none/res-640x480/no.png,470.46,470.35,2026-01-31,obk,False,anchored,3.0,2026-01-31T10:00:00Z,72236716,42,18,24,8,2,42,18,24,0,0,0,0,0,0,0.026641,42,35.944396,,0,0.0,0,0,,0,0.0,0,0,0.0,42,35.944396,18,24,10-Ball,0.0
9924259,Amin Asil,https://img.cuescore.com/image/e/4/e41a9cceba33d609c55920e51930c9df.png?t=1785252669,https://cuescore.com/img/flags/png-country-4x2-none/res-640x480/no.png,469.96,470.02,2026-02-16,obk,False,anchored,301.0,2023-01-25T17:00:00Z,21241621,42,19,23,8,2,42,19,23,0,0,0,0,0,0,0.039273,42,24.207316,0.0,42,24.207316,19,23,,0,0.0,0,0,,0,0.0,0,0,8-Ball,0.0
5129473,Andreas Bjørnhaug,https://img.cuescore.com/image/8/4/862c792ba8eb7f97e626fbe6cbcc59f6.png,https://cuescore.com/img/flags/png-country-4x2-none/res-640x480/no.png,469.58,469.34,2021-08-23,obk,False,anchored,54.0,2020-07-15T16:50:00Z,7967707,133,65,68,0,2,133,65,68,0,0,0,0,0,0,-4e-06,133,28.519941,-0.018818,24,4.690461,12,12,0.025513,41,8.441358,23,18,-0.008259,68,15.388122,30,38,9-Ball,0.025513
1105041,Alex Pagulayan,https://img.cuescore.com/image/1/4/11c67b8394f3f0d4e226234b8931d8dc.png?t=1553611221,https://cuescore.com/img/flags/png-country-4x2-none/res-640x480/ca.png,469.36,469.4,2020-01-24,obk,False,anchored,,,,55,31,24,0,2,55,31,24,0,0,0,0,0,0,0.000187,55,11.710517,,0,0.0,0,0,,0,0.0,0,0,0.0,55,11.710517,31,24,10-Ball,0.0
3682319,Lasse Rognlien,https://img.cuescore.com/image/c/4/cbd35a5519cb486b5c8f550b72023a6a.png?t=1729677207,https://cuescore.com/img/flags/png-country-4x2-none/res-640x480/no.png,469.06,468.83,2026-09-28,obk,False,anchored,307.0,2026-09-23T16:00:00Z,89905801,1791,748,1043,0,2,1596,653,943,195,95,100,0,0,0,6e-06,1791,1365.883195,-0.01748,132,86.916089,62,70,-0.003359,1231,926.734216,513,718,0.013152,428,352.232891,173,255,10-Ball,0.013152
1597907,Haukur Stefansson,https://img.cuescore.com/image/8/4/862c792ba8eb7f97e626fbe6cbcc59f6.png,https://cuescore.com/img/flags/png-country-4x2-none/res-640x480/is.png,468.99,468.73,2026-01-28,obk,False,anchored,317.0,2026-01-28T17:00:00Z,74911768,299,127,172,0,2,86,40,46,213,87,126,0,0,0,-5e-06,299,117.841477,0.152276,44,6.496528,24,20,-0.002703,240,100.173716,95,145,-0.06432,15,11.171232,8,7,8-Ball,0.152276
1105242,Lee Van Corteza,https://img.cuescore.com/image/8/4/862c792ba8eb7f97e626fbe6cbcc59f6.png,https://cuescore.com/img/flags/png-country-4x2-none/res-640x480/ph.png,468.93,468.95,2020-01-24,obk,False,anchored,,,,74,38,36,0,2,74,38,36,0,0,0,0,0,0,0.0001,74,15.755969,,0,0.0,0,0,,0,0.0,0,0,0.0,74,15.755969,38,36,10-Ball,0.0
71956222,Raymond Mælen,https://img.cuescore.com/image/f/4/f0e41aa51ad3d87a64a1b22f3330c4d7.png?t=1772470365,https://cuescore.com/img/flags/png-country-4x2-none/res-640x480/no.png,468.72,468.48,2026-09-28,obk,False,anchored,319.0,2026-09-16T16:00:00Z,88468552,527,244,283,0,2,527,244,283,0,0,0,0,0,0,9e-06,527,494.386218,0.089414,50,48.890327,29,21,-0.001018,443,413.032183,204,239,-0.121709,34,32.463707,11,23,8-Ball,0.089414
49839568,Navid Elyasi,https://img.cuescore.com/image/1/4/185f29f75f427c3eeca9c35e1be91c32.png?t=1732056330,https://cuescore.com/img/flags/png-country-4x2-none/res-640x480/no.png,468.51,468.18,2026-04-12,ostkanten,False,anchored,,,,141,56,85,0,2,17,5,12,124,51,73,0,0,0,-1e-05,141,118.038479,,0,0.0,0,0,0.0,141,118.038479,56,85,,0,0.0,0,0,9-Ball,0.0
58672273,Santo Angel Maican Lara,https://img.cuescore.com/image/0/4/0fa19026e39c25dedcbccbd170ee2d5d.png?t=1744394979,https://cuescore.com/img/flags/png-country-4x2-none/res-640x480/no.png,468.46,468.21,2026-08-23,ostkanten,False,anchored,4.0,2025-12-27T11:00:00Z,71848093,260,103,157,0,2,11,2,9,249,101,148,0,0,0,1.2e-05,260,221.262678,0.023571,25,21.874058,10,15,-0.002586,235,199.388619,93,142,,0,0.0,0,0,8-Ball,0.023571
3399547,Per Yngvar Hodnebrog,https://img.cuescore.com/image/2/4/2f84caa08f77b23625eceb9f0ca3c80c.png?t=1543097217,https://cuescore.com/img/flags/png-country-4x2-none/res-640x480/no.png,468.45,468.56,2025-12-27,obk,False,anchored,1.0,2025-12-27T11:00:00Z,71848093,24,13,11,26,2,24,13,11,0,0,0,0,0,0,0.150712,24,20.09042,,0,0.0,0,0,0.0,24,20.09042,13,11,,0,0.0,0,0,9-Ball,0.0
1036625,Elias Rytterager Johnsen,https://img.cuescore.com/image/d/4/de345c58a434ed9e688bba7a1c0b1fed.png?t=1785697603,https://cuescore.com/img/flags/png-country-4x2-none/res-640x480/no.png,468.36,468.32,2025-12-27,obk,False,anchored,3.0,2025-12-27T11:00:00Z,71848093,33,16,17,17,2,33,16,17,0,0,0,0,0,0,0.071561,33,27.624328,,0,0.0,0,0,0.0,33,27.624328,16,17,,0,0.0,0,0,9-Ball,0.0
1969239,Leko Antonijevic,https://img.cuescore.com/image/8/4/862c792ba8eb7f97e626fbe6cbcc59f6.png,https://cuescore.com/img/flags/png-country-4x2-none/res-640x480/rs.png,468.07,468.13,2017-11-20,obk,False,anchored,,,,39,30,9,11,2,39,30,9,0,0,0,0,0,0,0.253669,39,5.023228,,0,0.0,0,0,0.0,39,5.023228,30,9,,0,0.0,0,0,9-Ball,0.0
2888171,Ørjan Storborg,https://img.cuescore.com/image/8/4/862c792ba8eb7f97e626fbe6cbcc59f6.png,https://cuescore.com/img/flags/png-country-4x2-none/res-640x480/no.png,467.78,467.53,2024-05-14,obk,False,anchored,,,,50,25,25,0,2,21,11,10,29,14,15,0,0,0,-4.9e-05,50,22.465848,,0,0.0,0,0,0.005104,29,10.376198,14,15,-0.00438,21,12.08965,11,10,9-Ball,0.005104
80198077,Nils Vogt,https://img.cuescore.com/image/8/4/862c792ba8eb7f97e626fbe6cbcc59f6.png,https://cuescore.com/img/flags/png-country-4x2-none/res-640x480/no.png,467.61,467.54,2026-09-21,obk,False,anchored,319.0,2026-09-02T16:00:00Z,86425378,182,74,108,0,2,166,69,97,16,5,11,0,0,0,-1.2e-05,182,172.925282,-0.087672,10,9.800381,3,7,0.012525,102,96.939299,42,60,-0.005363,70,66.185602,29,41,9-Ball,0.012525
1006244,Gard Eiken Flage,https://img.cuescore.com/image/4/4/4c502638f64ae802f3e85d42f21721f8.png?t=1698520363,https://cuescore.com/img/flags/png-country-4x2-none/res-640x480/no.png,467.49,467.58,2022-07-09,ostkanten,False,anchored,,,,29,18,11,21,2,0,0,0,29,18,11,0,0,0,0.221435,29,10.892967,,0,0.0,0,0,-0.688791,2,0.750367,0,2,0.050958,27,10.1426,18,9,10-Ball,0.050958
1006178,Carl Kolrud,https://img.cuescore.com/image/f/4/f9b1679b362d7a5ecbf897998f074c6e.png?t=1452001050,https://cuescore.com/img/flags/png-country-4x2-none/res-640x480/no.png,465.99,465.74,2023-09-18,obk,False,anchored,40.0,2018-01-10T17:05:00Z,2054176,307,136,171,0,2,307,136,171,0,0,0,0,0,0,1.2e-05,307,64.885187,-0.073097,81,19.827207,28,53,0.043436,188,38.42491,92,96,-0.033124,38,6.63307,16,22,9-Ball,0.043436
5738538,Benjamin Herland Aralden,https://img.cuescore.com/image/c/4/cac79bc3bebb84540c814d1101274348.png?t=1764693725,https://cuescore.com/img/flags/png-country-4x2-none/res-640x480/no.png,465.99,466.06,2026-06-15,obk,False,anchored,,,,20,13,7,30,2,20,13,7,0,0,0,0,0,0,0.183249,20,18.398595,,0,0.0,0,0,0.0,20,18.398595,13,7,,0,0.0,0,0,9-Ball,0.0
10540801,Vasileios Nikolaou,https://img.cuescore.com/image/3/4/3f3e02322213a8ac803ddee19babdbca.png?t=1643031157,https://cuescore.com/img/flags/png-country-4x2-none/res-640x480/gr.png,465.98,465.78,2022-07-24,ostkanten,False,anchored,60.0,2022-07-20T16:00:00Z,16780177,59,28,31,0,2,49,26,23,10,2,8,0,0,0,6e-06,59,20.533098,0.175715,12,4.11253,8,4,-0.165003,10,3.756708,2,8,-0.008115,37,12.663859,18,19,8-Ball,0.175715
1015461,Nils Arild Sabbasen,https://img.cuescore.com/image/1/4/1e7800c680e775f9073bce8437a62a95.png?t=1726685928,https://cuescore.com/img/flags/png-country-4x2-none/res-640x480/no.png,465.8,465.52,2025-07-16,obk,False,anchored,200.0,2025-07-16T16:00:00Z,62670598,601,262,339,0,2,601,262,339,0,0,0,0,0,0,1.8e-05,601,156.146655,0.012422,77,16.221138,34,43,0.007898,354,99.131445,157,197,-0.024132,170,40.794073,71,99,8-Ball,0.012422
3428055,Rune Fevang,https://img.cuescore.com/image/6/4/6682d0164785f00997fdc32f46aa236c.png?t=1598120176,https://cuescore.com/img/flags/png-country-4x2-none/res-640x480/no.png,465.73,465.49,2025-02-17,obk,False,anchored,267.0,2025-02-17T17:00:00Z,54821068,1195,586,609,0,2,1190,585,605,5,1,4,0,0,0,3e-06,1195,295.58406,-0.007926,239,61.240312,124,115,-0.004543,726,178.085784,357,369,0.02301,230,56.257964,105,125,10-Ball,0.02301
2167253,Michel Mateos,https://img.cuescore.com/image/1/4/1c36619fc831abafe75cce19b82ae667.png?t=1519059541,,464.99,464.85,2026-06-15,obk,False,anchored,35.0,2018-06-06T16:15:00Z,2647176,256,139,117,0,2,256,139,117,0,0,0,0,0,0,-8e-06,256,43.980142,0.030968,61,8.762842,35,26,-0.007705,195,35.217299,104,91,,0,0.0,0,0,8-Ball,0.030968
40384564,James Acker,https://img.cuescore.com/image/b/4/b48b067c613abbcd8fc28c9547ec8af7.png?t=1756464458,https://cuescore.com/img/flags/png-country-4x2-none/res-640x480/no.png,464.78,464.61,2025-12-27,obk,False,anchored,4.0,2025-12-27T11:00:00Z,71848093,66,24,42,0,2,66,24,42,0,0,0,0,0,0,-1.1e-05,66,50.947245,,0,0.0,0,0,-0.206642,17,14.230714,3,14,0.080091,49,36.716531,21,28,10-Ball,0.080091
1969223,Ole Andreas Sandvik,https://img.cuescore.com/image/6/4/60a0b00a935c6d21347d56b59302f073.png?t=1568885329,https://cuescore.com/img/flags/png-country-4x2-none/res-640x480/no.png,464.34,464.13,2022-10-31,obk,False,anchored,215.0,2022-10-31T17:00:00Z,19043557,1043,526,517,0,2,1043,526,517,0,0,0,0,0,0,1.1e-05,1043,190.195491,0.034871,311,51.0289,176,135,-0.016864,641,118.369856,307,334,0.010424,91,20.796735,43,48,8-Ball,0.034871
16978756,Kevin Jensen,https://img.cuescore.com/image/8/4/862c792ba8eb7f97e626fbe6cbcc59f6.png,https://cuescore.com/img/flags/png-country-4x2-none/res-640x480/no.png,464.22,464.0,2022-10-03,obk,False,anchored,125.0,2022-10-03T16:00:00Z,19034737,85,40,45,0,2,85,40,45,0,0,0,0,0,0,-1e-05,85,32.620799,0.046609,14,5.383247,7,7,0.018036,49,18.798266,24,25,-0.069905,22,8.439287,9,13,8-Ball,0.046609
1566758,Tor-Arne Slorafoss,https://img.cuescore.com/image/8/4/862c792ba8eb7f97e626fbe6cbcc59f6.png,https://cuescore.com/img/flags/png-country-4x2-none/res-640x480/no.png,463.83,463.61,2026-03-09,obk,False,anchored,234.0,2026-03-09T17:00:00Z,76463698,565,244,321,0,2,523,228,295,42,16,26,0,0,0,-3e-06,565,341.660739,-0.005306,108,58.793022,42,66,-0.011867,380,229.963105,169,211,0.057481,77,52.904612,33,44,10-Ball,0.057481
34778635,Wiktor Kaczmarek,https://img.cuescore.com/image/5/4/502e0fdd373fef4e8141f6798718c482.png?t=1714771039,https://cuescore.com/img/flags/png-country-4x2-none/res-640x480/pl.png,463.59,463.57,2026-06-15,obk,False,anchored,550.0,2026-06-15T16:00:00Z,83685481,17,13,4,33,2,17,13,4,0,0,0,0,0,0,0.225768,17,15.8485,,0,0.0,0,0,0.0,17,15.8485,13,4,,0,0.0,0,0,9-Ball,0.0
1084127,Simen Ekern Bakken,https://img.cuescore.com/image/1/4/1ea0d5df64fc7e27d2f85cbdaaba1d26.png?t=1567687252,https://cuescore.com/img/flags/png-country-4x2-none/res-640x480/no.png,463.48,463.59,2024-12-28,obk,False,anchored,2.0,2024-12-27T11:00:00Z,52314610,17,12,5,33,2,17,12,5,0,0,0,0,0,0,0.316017,17,11.304551,,0,0.0,0,0,0.0,17,11.304551,12,5,,0,0.0,0,0,9-Ball,0.0
1612717,Mentor Nuredini,https://img.cuescore.com/image/8/4/862c792ba8eb7f97e626fbe6cbcc59f6.png,https://cuescore.com/img/flags/png-country-4x2-none/res-640x480/no.png,463.4,463.27,2018-03-12,obk,False,anchored,,,,52,24,28,0,2,52,24,28,0,0,0,0,0,0,-0.000381,52,7.183883,-0.006504,9,1.238818,4,5,0.001355,43,5.945065,20,23,,0,0.0,0,0,9-Ball,0.001355
1402248,Trond Engebakk,https://img.cuescore.com/image/8/4/862c792ba8eb7f97e626fbe6cbcc59f6.png,https://cuescore.com/img/flags/png-country-4x2-none/res-640x480/no.png,462.16,462.07,2026-04-22,obk,False,anchored,518.0,2026-04-22T16:07:00Z,78942364,32,14,18,18,2,32,14,18,0,0,0,0,0,0,0.066318,32,28.786875,,0,0.0,0,0,0.069184,21,18.920143,10,11,-0.132665,11,9.866732,4,7,9-Ball,0.069184
1006351,Knut Inge Røstvold,https://img.cuescore.com/image/3/4/3344d9ee2b61428479953d0e9a385859.png?t=1496048267,https://cuescore.com/img/flags/png-country-4x2-none/res-640x480/no.png,462.02,462.08,2024-12-27,obk,False,anchored,1.0,2024-12-27T11:00:00Z,52314610,28,17,11,22,2,0,0,0,28,17,11,0,0,0,0.221341,28,10.521846,,0,0.0,0,0,0.0,28,10.521846,17,11,,0,0.0,0,0,9-Ball,0.0
8532632,Eddie Vonderau,https://img.cuescore.com/image/8/4/862c792ba8eb7f97e626fbe6cbcc59f6.png,https://cuescore.com/img/flags/png-country-4x2-none/res-640x480/us.png,461.99,462.05,2026-06-15,obk,False,anchored,,,,16,13,3,34,2,16,13,3,0,0,0,0,0,0,0.241166,16,14.916235,,0,0.0,0,0,0.0,16,14.916235,13,3,,0,0.0,0,0,9-Ball,0.0
1030433,Bill Vrodos,https://img.cuescore.com/image/4/4/4d3425f7ae243203142cac1fbe294965.png?t=1502920900,https://cuescore.com/img/flags/png-country-4x2-none/res-640x480/gr.png,461.85,461.87,2021-08-18,obk,False,anchored,6.0,2021-08-18T16:00:00Z,9153444,41,22,19,9,2,0,0,0,41,22,19,0,0,0,0.149807,41,6.341462,,0,0.0,0,0,0.137637,19,3.078803,12,7,-0.129881,22,3.262658,10,12,9-Ball,0.137637
16590622,Kjetil Nordal,https://img.cuescore.com/image/8/4/862c792ba8eb7f97e626fbe6cbcc59f6.png,https://cuescore.com/img/flags/png-country-4x2-none/res-640x480/no.png,461.18,460.94,2023-08-14,obk,False,anchored,143.0,2023-08-14T16:00:00Z,30522520,94,43,51,0,2,94,43,51,0,0,0,0,0,0,1.4e-05,94,37.691719,0.133037,20,8.79897,14,6,0.011727,39,15.680518,16,23,-0.102517,35,13.21223,13,22,8-Ball,0.133037
24761314,Dovydas Andriuška,https://img.cuescore.com/image/f/4/fc00275706c5b23ad80f3265c166c1d8.png?t=1692739579,https://cuescore.com/img/flags/png-country-4x2-none/res-640x480/lt.png,461.06,460.98,2025-05-11,ostkanten,False,anchored,,,,69,32,37,0,2,0,0,0,69,32,37,0,0,0,-1.1e-05,69,49.794605,-0.043802,18,12.970658,5,13,0.015428,51,36.823947,27,24,,0,0.0,0,0,9-Ball,0.015428
1750663,Tore Mo,https://img.cuescore.com/image/8/4/868cafde2fe44c2d541c5be3b4330b54.png?t=1550297541,https://cuescore.com/img/flags/png-country-4x2-none/res-640x480/no.png,460.04,459.8,2024-11-13,obk,False,anchored,267.0,2024-11-13T17:00:00Z,51767293,1850,861,989,0,2,1850,861,989,0,0,0,0,0,0,-4e-06,1850,416.045968,-0.002337,327,67.617245,160,167,-0.001236,1091,243.194054,508,583,0.004359,432,105.234669,193,239,10-Ball,0.004359
1902521,Tom-Henrik Sandvik,https://img.cuescore.com/image/2/4/2906c48212c1841545c4d2a6b1aef3e6.png?t=1579272043,https://cuescore.com/img/flags/png-country-4x2-none/res-640x480/no.png,459.0,458.78,2024-01-29,obk,False,anchored,225.0,2024-01-29T17:00:00Z,36520705,1098,546,552,0,2,1098,546,552,0,0,0,0,0,0,0.0,1098,191.404204,-0.014069,329,54.551915,159,170,0.005169,678,120.134331,344,334,0.008765,91,16.717958,43,48,10-Ball,0.008765
1006469,Roy Karlsen,https://img.cuescore.com/image/8/4/862c792ba8eb7f97e626fbe6cbcc59f6.png,https://cuescore.com/img/flags/png-country-4x2-none/res-640x480/no.png,458.97,459.22,2026-08-30,ostkanten,False,anchored,225.0,2023-02-22T17:00:00Z,21241669,24,11,13,26,2,0,0,0,24,11,13,0,0,0,0.111624,24,23.474463,,0,0.0,0,0,0.0,24,23.474463,11,13,,0,0.0,0,0,9-Ball,0.0
13720633,Håkon Haukebøe,https://img.cuescore.com/image/3/4/319f038cddfee25c3e4aa68d059139e5.png?t=1662394144,https://cuescore.com/img/flags/png-country-4x2-none/res-640x480/no.png,458.04,458.66,2026-10-04,ostkanten,True,anchored,207.0,2026-09-30T16:00:00Z,90053185,816,330,486,0,2,511,210,301,305,120,185,0,0,0,3e-06,816,674.343431,-0.00333,109,87.276575,53,56,-0.010163,603,498.802571,230,373,0.060729,104,88.264285,47,57,10-Ball,0.060729
1916867,Christian Sparrenlöv Fischer,https://img.cuescore.com/image/e/4/e614186f8ca3178072c0eeb65a285077.png?t=1727785034,https://cuescore.com/img/flags/png-country-4x2-none/res-640x480/se.png,457.89,457.99,2019-08-31,obk,False,anchored,0.0,2019-08-30T14:00:00Z,5976158,27,23,4,23,2,27,23,4,0,0,0,0,0,0,0.545384,27,4.173739,,0,0.0,0,0,0.0,27,4.173739,23,4,,0,0.0,0,0,9-Ball,0.0
7719582,Astrid E. Pedersen,https://img.cuescore.com/image/e/4/e219e9c2df259c77f1de2743034ebeae.png?t=1627285842,https://cuescore.com/img/flags/png-country-4x2-none/res-640x480/no.png,457.85,457.65,2026-07-18,obk,False,anchored,325.0,2026-06-03T16:00:00Z,82639456,1476,658,818,0,2,1458,651,807,18,7,11,0,0,0,8e-06,1476,891.435751,-0.030785,380,181.055483,167,213,0.0023,886,579.215467,401,485,0.032339,210,131.164801,90,120,10-Ball,0.032339
8760495,Emir Pandzic,https://img.cuescore.com/image/a/4/a49ae3f587d5501c68d1e8bb904de4c8.png?t=1748465291,https://cuescore.com/img/flags/png-country-4x2-none/res-640x480/ba.png,457.01,457.08,2026-06-15,obk,False,anchored,350.0,2026-06-15T16:00:00Z,83685481,16,10,6,34,2,16,10,6,0,0,0,0,0,0,0.22226,16,14.916235,,0,0.0,0,0,0.0,16,14.916235,10,6,,0,0.0,0,0,9-Ball,0.0
1016894,Tommy Andersen,https://img.cuescore.com/image/b/4/b61eb3f32899828304cd7d959ff83099.png?t=1510221156,https://cuescore.com/img/flags/png-country-4x2-none/res-640x480/no.png,456.63,456.38,2019-04-29,obk,False,anchored,,,,367,161,206,0,2,367,161,206,0,0,0,0,0,0,-7e-06,367,49.791568,-0.087355,92,12.771601,33,59,0.069519,138,19.133175,70,68,-0.01199,137,17.886793,58,79,9-Ball,0.069519
9287997,Bengt Bårdsen,https://img.cuescore.com/image/d/4/dd8043c7ce313ce180259a43167a4acb.png?t=1742896439,https://cuescore.com/img/flags/png-country-4x2-none/res-640x480/no.png,456.03,456.11,2024-02-06,obk,False,anchored,,,,29,19,10,21,2,29,19,10,0,0,0,0,0,0,0.128334,29,15.691657,,0,0.0,0,0,,0,0.0,0,0,0.0,29,15.691657,19,10,10-Ball,0.0
8383377,Tina Lindvall,https://img.cuescore.com/image/6/4/6ad47a8d509c9b4bbca66e2c4d822070.png?t=1711720002,https://cuescore.com/img/flags/png-country-4x2-none/res-640x480/no.png,456.02,455.89,2022-07-07,ostkanten,False,anchored,,,,62,34,28,0,2,60,34,26,2,0,2,0,0,0,2.7e-05,62,14.059893,0.003712,16,5.85184,9,7,-0.002646,46,8.208053,25,21,,0,0.0,0,0,8-Ball,0.003712
7004013,Jone Berntsen Stava,https://img.cuescore.com/image/8/4/81ee268ce80e3f01f9fb086fa81254b4.png?t=1625690742,https://cuescore.com/img/flags/png-country-4x2-none/res-640x480/no.png,456.01,455.78,2024-01-29,obk,False,anchored,231.0,2024-01-29T17:00:00Z,36520705,144,68,76,0,2,144,68,76,0,0,0,0,0,0,-2e-06,144,45.250609,-0.022359,43,12.864765,19,24,0.008882,101,32.385844,49,52,,0,0.0,0,0,9-Ball,0.008882
5140422,Tomas Gryczon,https://img.cuescore.com/image/4/4/430ec5c9df468db155800427085d7147.png?t=1658087473,https://cuescore.com/img/flags/png-country-4x2-none/res-640x480/no.png,453.97,453.77,2026-09-02,obk,False,anchored,312.0,2026-09-02T16:00:00Z,86425378,2856,1167,1689,0,2,2460,1002,1458,396,165,231,0,0,0,2e-06,2856,1433.83454,-0.03187,554,228.751606,238,316,-0.008006,1690,846.001537,692,998,0.039166,612,359.081397,237,375,10-Ball,0.039166
4797871,Johannes Ulsund,https://img.cuescore.com/image/0/4/02f5ca1bdd87e02b91d92a2a40dc614d.png?t=1569571166,https://cuescore.com/img/flags/png-country-4x2-none/res-640x480/no.png,453.63,453.38,2023-06-19,obk,False,anchored,224.0,2023-06-19T16:00:00Z,29031835,1004,476,528,0,2,1004,476,528,0,0,0,0,0,0,-3e-06,1004,235.986256,-0.007918,237,52.147842,111,126,0.01211,589,141.195165,286,303,-0.030414,178,42.643249,79,99,9-Ball,0.01211
2251360,Joakim Elfstrøm,https://img.cuescore.com/image/8/4/862c792ba8eb7f97e626fbe6cbcc59f6.png,,453.25,453.08,2020-03-02,obk,False,anchored,,,,118,56,62,0,2,118,56,62,0,0,0,0,0,0,3.8e-05,118,20.697838,0.028458,11,1.52758,6,5,-0.017129,80,13.391654,37,43,0.032172,27,5.778604,13,14,10-Ball,0.032172
48151645,Albert Fjeldavli,https://img.cuescore.com/image/8/4/862c792ba8eb7f97e626fbe6cbcc59f6.png,https://cuescore.com/img/flags/png-country-4x2-none/res-640x480/no.png,451.94,451.91,2025-02-24,obk,False,anchored,325.0,2025-02-05T17:00:00Z,53301178,32,13,19,18,2,32,13,19,0,0,0,0,0,0,0.075395,32,21.26674,0.002975,7,4.498907,3,4,-0.060862,12,8.133396,4,8,0.05578,13,8.634436,6,7,10-Ball,0.05578
62353570,Hallvard Olaussen,https://img.cuescore.com/image/c/4/c463352554c0fe1c75fb66658424a011.png?t=1788221030,https://cuescore.com/img/flags/png-country-4x2-none/res-640x480/no.png,451.74,451.38,2026-09-23,obk,False,anchored,325.0,2026-09-23T16:00:00Z,89905801,612,306,306,0,2,612,306,306,0,0,0,0,0,0,0.0,612,545.987424,0.067842,131,114.723502,80,51,-0.032146,385,344.247897,175,210,0.037728,96,87.016025,51,45,8-Ball,0.067842
2950122,Mathias Gjerdrum,https://img.cuescore.com/image/8/4/862c792ba8eb7f97e626fbe6cbcc59f6.png,https://cuescore.com/img/flags/png-country-4x2-none/res-640x480/no.png,451.55,451.58,2019-12-14,obk,False,anchored,,,,37,25,12,13,2,37,25,12,0,0,0,0,0,0,0.195183,37,5.883203,0.282611,10,1.537558,10,0,-0.099992,27,4.345645,15,12,,0,0.0,0,0,8-Ball,0.282611
1006194,Dag-jøran Aralden,https://img.cuescore.com/image/c/4/c8c4ed55994518cb68d5da39a08dfb10.png?t=1457105902,https://cuescore.com/img/flags/png-country-4x2-none/res-640x480/no.png,451.48,451.53,2026-06-15,obk,False,anchored,,,,14,11,3,36,2,14,11,3,0,0,0,0,0,0,0.243465,14,13.051706,,0,0.0,0,0,0.0,14,13.051706,11,3,,0,0.0,0,0,9-Ball,0.0
8969328,Trygve Jensen,https://img.cuescore.com/image/b/4/b803e8adfc8ae3cf7c4e65b92a2446f3.png?t=1635719927,https://cuescore.com/img/flags/png-country-4x2-none/res-640x480/no.png,451.27,451.06,2025-08-24,ostkanten,False,anchored,3.0,2021-06-23T16:15:00Z,8893672,53,24,29,0,2,45,21,24,8,3,5,0,0,0,4.4e-05,53,19.472884,-0.019489,17,5.03045,7,10,0.006788,36,14.442435,17,19,,0,0.0,0,0,9-Ball,0.006788
1670605,Bernadette Bodó,https://img.cuescore.com/image/a/4/af24d3de0701bedd6850b44d6d26c813.png?t=1699869479,https://cuescore.com/img/flags/png-country-4x2-none/res-640x480/no.png,450.99,450.82,2026-07-26,ostkanten,False,anchored,3.0,2026-01-31T10:00:00Z,72236716,763,327,436,0,2,467,210,257,296,117,179,0,0,0,-7e-06,763,378.941913,-0.118869,164,55.048598,69,95,-0.000565,488,246.600316,206,282,0.086461,111,77.292998,52,59,10-Ball,0.086461
2431087,Mads Gjefsen,https://img.cuescore.com/image/8/4/862c792ba8eb7f97e626fbe6cbcc59f6.png,https://cuescore.com/img/flags/png-country-4x2-none/res-640x480/no.png,450.99,451.0,2018-04-30,obk,False,anchored,,,,40,26,14,10,2,40,26,14,0,0,0,0,0,0,0.153387,40,5.704324,,0,0.0,0,0,0.0,40,5.704324,26,14,,0,0.0,0,0,9-Ball,0.0
8383376,Hans Petter Ilstad,https://img.cuescore.com/image/8/4/862c792ba8eb7f97e626fbe6cbcc59f6.png,https://cuescore.com/img/flags/png-country-4x2-none/res-640x480/no.png,450.95,450.85,2025-09-07,ostkanten,False,anchored,175.0,2023-03-27T16:00:00Z,25906933,104,52,52,0,2,54,28,26,50,24,26,0,0,0,7e-06,104,43.934418,-0.078818,15,11.705823,5,10,0.028628,89,32.228594,47,42,,0,0.0,0,0,9-Ball,0.028628
16667893,Stian Fagerli Bergersen,https://img.cuescore.com/image/e/4/ec95844a09751a48994618d828548e1e.png?t=1788620694,https://cuescore.com/img/flags/png-country-4x2-none/res-640x480/no.png,450.95,450.95,2022-07-10,ostkanten,False,anchored,,,,24,14,10,26,2,0,0,0,24,14,10,0,0,0,0.251844,24,9.021112,,0,0.0,0,0,0.0,24,9.021112,14,10,,0,0.0,0,0,9-Ball,0.0
1006316,Jonas Sanchez Gangfløt,https://img.cuescore.com/image/d/4/d1f69440f57ff666de675e2a0269e0bc.png?t=1444771503,https://cuescore.com/img/flags/png-country-4x2-none/res-640x480/no.png,450.48,450.58,2024-12-28,obk,False,anchored,2.0,2024-12-27T11:00:00Z,52314610,13,9,4,37,2,13,9,4,0,0,0,0,0,0,0.370657,13,8.644657,,0,0.0,0,0,0.0,13,8.644657,9,4,,0,0.0,0,0,9-Ball,0.0
2140752,Mats Larsen,https://img.cuescore.com/image/8/4/862c792ba8eb7f97e626fbe6cbcc59f6.png,https://cuescore.com/img/flags/png-country-4x2-none/res-640x480/no.png,449.42,449.24,2018-05-21,obk,False,anchored,,,,227,115,112,0,2,227,115,112,0,0,0,0,0,0,-2e-05,227,31.669294,0.014594,28,3.918086,14,14,-0.00206,199,27.751207,101,98,,0,0.0,0,0,8-Ball,0.014594
77931514,Kevin Le Falconelli,https://img.cuescore.com/image/8/4/862c792ba8eb7f97e626fbe6cbcc59f6.png,https://cuescore.com/img/flags/png-country-4x2-none/res-640x480/no.png,449.31,449.32,2026-03-06,obk,False,anchored,,,,19,10,9,31,2,19,10,9,0,0,0,0,0,0,0.157895,19,16.617111,,0,0.0,0,0,0.0,19,16.617111,10,9,,0,0.0,0,0,9-Ball,0.0
5516156,Freddy Jansson,https://img.cuescore.com/image/d/4/dbf2b7474d80f4c232c754c5e7847958.png?t=1597843784,https://cuescore.com/img/flags/png-country-4x2-none/res-640x480/se.png,448.7,448.73,2022-06-29,obk,False,anchored,80.0,2022-06-29T16:00:00Z,16490590,26,18,8,24,2,26,18,8,0,0,0,0,0,0,0.256083,26,7.83643,0.0,26,7.83643,18,8,,0,0.0,0,0,,0,0.0,0,0,8-Ball,0.0
27634768,Roger Andresen,https://img.cuescore.com/image/8/4/862c792ba8eb7f97e626fbe6cbcc59f6.png,https://cuescore.com/img/flags/png-country-4x2-none/res-640x480/no.png,448.63,448.48,2026-04-15,obk,False,anchored,260.0,2026-04-15T16:00:00Z,78942265,166,76,90,0,2,166,76,90,0,0,0,0,0,0,1e-05,166,132.322014,-0.290938,12,10.561642,3,9,0.01958,111,86.21932,52,59,0.038957,43,35.541053,21,22,10-Ball,0.038957
7401493,Simen Skattum,https://img.cuescore.com/image/8/4/862c792ba8eb7f97e626fbe6cbcc59f6.png,https://cuescore.com/img/flags/png-country-4x2-none/res-640x480/no.png,448.18,448.02,2021-10-10,obk,False,anchored,20.0,2020-02-12T17:00:00Z,7443104,85,42,43,0,2,85,42,43,0,0,0,0,0,0,-1.7e-05,85,22.206417,0.089509,11,2.399726,7,4,0.013239,65,17.851954,32,33,-0.230794,9,1.954737,3,6,8-Ball,0.089509
13507978,Sondre Noraberg,https://img.cuescore.com/image/8/4/862c792ba8eb7f97e626fbe6cbcc59f6.png,https://cuescore.com/img/flags/png-country-4x2-none/res-640x480/no.png,446.94,446.94,2022-02-27,obk,False,anchored,70.0,2022-02-23T17:10:00Z,13488412,35,13,22,15,2,35,13,22,0,0,0,0,0,0,0.100061,35,12.088069,,0,0.0,0,0,0.0,35,12.088069,13,22,,0,0.0,0,0,9-Ball,0.0
1708121,Petter Olsen,https://img.cuescore.com/image/b/4/b442bea202b1222facbc56e62a070416.png?t=1647035273,https://cuescore.com/img/flags/png-country-4x2-none/res-640x480/no.png,446.92,446.71,2023-11-06,obk,False,anchored,263.0,2023-11-06T17:00:00Z,34016380,987,479,508,0,2,983,477,506,4,2,2,0,0,0,1e-06,987,221.408684,0.005755,304,65.714863,152,152,-0.011327,513,114.667603,244,269,0.02244,170,41.026218,83,87,10-Ball,0.02244
1969238,Audun Brede,https://img.cuescore.com/image/b/4/bbddd48ed50a7d4ee6b713845627eaf1.png?t=1511800739,https://cuescore.com/img/flags/png-country-4x2-none/res-640x480/no.png,446.76,446.58,2020-03-09,obk,False,anchored,,,,650,340,310,0,2,650,340,310,0,0,0,0,0,0,-7e-06,650,102.475947,-0.031899,117,16.616838,57,60,0.015021,499,78.845938,268,231,-0.093299,34,7.01317,15,19,9-Ball,0.015021
1297624,Steffan Hansen,https://img.cuescore.com/image/f/4/f52447290f5e565b19a945ec4ac55270.png?t=1544545574,https://cuescore.com/img/flags/png-country-4x2-none/res-640x480/no.png,446.72,446.73,2022-07-11,ostkanten,False,anchored,6.0,2019-08-30T14:00:00Z,5976158,22,13,9,28,2,0,0,0,22,13,9,0,0,0,0.271726,22,8.269823,-0.725985,1,0.376109,0,1,0.034591,21,7.893714,13,8,,0,0.0,0,0,9-Ball,0.034591
75505852,Flavio Wicki,https://img.cuescore.com/image/8/4/8317f5adaef9722187f5ce48953a8a10.png?t=1779385047,https://cuescore.com/img/flags/png-country-4x2-none/res-640x480/ch.png,446.63,446.37,2026-09-30,obk,False,anchored,275.0,2026-09-30T16:00:00Z,90053185,205,94,111,0,2,205,94,111,0,0,0,0,0,0,-1.8e-05,205,198.249725,-0.013111,39,37.962283,20,19,0.00621,123,117.699353,54,69,-0.005475,43,42.588088,20,23,9-Ball,0.00621
1069187,Thomas Erichsen,https://img.cuescore.com/image/8/4/862c792ba8eb7f97e626fbe6cbcc59f6.png,https://cuescore.com/img/flags/png-country-4x2-none/res-640x480/no.png,446.07,445.92,2018-10-08,obk,False,anchored,,,,91,48,43,0,2,91,48,43,0,0,0,0,0,0,4.9e-05,91,13.277121,0.19589,16,2.432654,12,4,-0.043942,75,10.844467,36,39,,0,0.0,0,0,8-Ball,0.19589
73722376,Seva Tkach,https://img.cuescore.com/image/4/4/423dffe0722795cfb0c3ede75c9051fb.png?t=1766008678,https://cuescore.com/img/flags/png-country-4x2-none/res-640x480/no.png,445.94,445.66,2026-06-17,obk,False,anchored,289.0,2026-06-17T16:00:00Z,83685484,354,146,208,0,2,354,146,208,0,0,0,0,0,0,4e-06,354,311.41891,,0,0.0,0,0,0.008197,327,287.296083,141,186,-0.097626,27,24.122826,5,22,9-Ball,0.008197
77931460,Daniel Nordhaug,https://img.cuescore.com/image/8/4/862c792ba8eb7f97e626fbe6cbcc59f6.png,https://cuescore.com/img/flags/png-country-4x2-none/res-640x480/no.png,445.77,445.72,2026-03-06,obk,False,anchored,,,,31,17,14,19,2,31,17,14,0,0,0,0,0,0,0.05512,31,27.112129,,0,0.0,0,0,0.0,31,27.112129,17,14,,0,0.0,0,0,9-Ball,0.0
1006253,Gunder Eriksen,https://img.cuescore.com/image/d/4/d29ba32b21c8cca9b7b83932128d81b2.png?t=1486550121,https://cuescore.com/img/flags/png-country-4x2-none/res-640x480/no.png,444.98,444.89,2026-02-02,obk,False,anchored,,,,32,14,18,18,2,32,14,18,0,0,0,0,0,0,0.050738,32,27.425937,,0,0.0,0,0,0.0,32,27.425937,14,18,,0,0.0,0,0,9-Ball,0.0
54042724,Trond Vidar Engebakk,https://img.cuescore.com/image/8/4/862c792ba8eb7f97e626fbe6cbcc59f6.png,https://cuescore.com/img/flags/png-country-4x2-none/res-640x480/no.png,444.97,445.02,2025-01-19,ostkanten,False,anchored,,,,14,8,6,36,2,0,0,0,14,8,6,0,0,0,0.294788,14,9.440223,,0,0.0,0,0,0.0,14,9.440223,8,6,,0,0.0,0,0,9-Ball,0.0
44478316,Rune Stensvold,https://img.cuescore.com/image/5/4/5646369a370cce26c66ac8663a624cea.png?t=1788812353,https://cuescore.com/img/flags/png-country-4x2-none/res-640x480/no.png,444.93,444.73,2026-09-13,ostkanten,False,anchored,4.0,2026-07-04T08:00:00Z,79932562,535,198,337,0,2,72,35,37,463,163,300,0,0,0,3e-06,535,448.519842,-0.068746,103,86.032445,30,73,-0.016936,370,304.000413,136,234,0.189154,62,58.486984,32,30,10-Ball,0.189154
59180038,Nestori Hovi,https://img.cuescore.com/image/9/4/9d4e111dd1b698e0701d77bd5b551890.png?t=1785856121,https://cuescore.com/img/flags/png-country-4x2-none/res-640x480/fi.png,444.53,444.56,2026-08-12,obk,False,anchored,425.0,2026-08-12T15:45:00Z,86204368,16,8,8,34,2,16,8,8,0,0,0,0,0,0,0.168253,16,15.473578,,0,0.0,0,0,0.0,16,15.473578,8,8,,0,0.0,0,0,9-Ball,0.0
9350575,Valentin Schmitz,https://img.cuescore.com/image/8/4/862c792ba8eb7f97e626fbe6cbcc59f6.png,https://cuescore.com/img/flags/png-country-4x2-none/res-640x480/de.png,444.11,444.19,2026-06-15,obk,False,anchored,,,,10,7,3,40,2,10,7,3,0,0,0,0,0,0,0.325428,10,9.322647,,0,0.0,0,0,0.0,10,9.322647,7,3,,0,0.0,0,0,9-Ball,0.0
1006147,Arild Kråkvik,https://img.cuescore.com/image/2/4/2e1bbf687394242ede8ccb3700a03d07.png?t=1548893988,https://cuescore.com/img/flags/png-country-4x2-none/res-640x480/no.png,443.17,442.97,2026-04-03,obk,False,anchored,2.0,2026-04-03T13:00:00Z,79209838,134,61,73,0,2,117,53,64,17,8,9,0,0,0,2e-05,134,45.040476,-0.036753,35,11.777469,13,22,0.013013,99,33.263006,48,51,,0,0.0,0,0,9-Ball,0.013013
5493128,Per christian Slåtta,https://img.cuescore.com/image/6/4/6d193257b45d8108eda43084f063133e.png?t=1604331063,https://cuescore.com/img/flags/png-country-4x2-none/res-640x480/no.png,441.92,441.66,2024-02-23,obk,False,anchored,2.0,2024-02-23T17:00:00Z,40191676,790,345,445,0,2,790,345,445,0,0,0,0,0,0,-2e-06,790,227.128417,-0.046869,124,34.114401,53,71,0.010961,423,125.236254,189,234,0.003337,243,67.777762,103,140,9-Ball,0.010961
16282693,Mikko Virtanen,https://img.cuescore.com/image/f/4/fadf073f7c43822c35050de1bbaf1dbd.png?t=1664286566,https://cuescore.com/img/flags/png-country-4x2-none/res-640x480/no.png,441.68,441.46,2023-09-18,obk,False,anchored,145.0,2023-08-14T16:00:00Z,30522520,54,29,25,0,2,54,29,25,0,0,0,0,0,0,-3.4e-05,54,24.485095,-0.077405,24,11.127939,12,12,0.160194,19,9.238361,14,5,-0.150183,11,4.118796,3,8,9-Ball,0.160194
1399018,Kristoffer Mørk,https://img.cuescore.com/image/f/4/f3c7243f5ff8a51409f2ac5c74f242b9.png?t=1526438897,https://cuescore.com/img/flags/png-country-4x2-none/res-640x480/no.png,441.55,441.59,2019-04-21,ostkanten,False,anchored,,,,37,20,17,13,2,0,0,0,37,20,17,0,0,0,0.171391,37,5.422236,,0,0.0,0,0,0.162501,15,2.159578,10,5,-0.10756,22,3.262658,10,12,9-Ball,0.162501
3183489,Knut-Håkon Helgesen,https://img.cuescore.com/image/9/4/9f5027895f2ed0bbb125cb67d3a34c39.png?t=1767906577,https://cuescore.com/img/flags/png-country-4x2-none/res-640x480/no.png,441.44,441.22,2026-09-23,obk,False,anchored,325.0,2026-09-23T16:00:00Z,89905801,295,127,168,0,2,295,127,168,0,0,0,0,0,0,4e-06,295,268.566636,-0.032528,26,24.591223,12,14,0.000224,201,180.458497,83,118,0.011957,68,63.516916,32,36,10-Ball,0.011957
19616722,Lobsang Thupten,https://img.cuescore.com/image/1/4/12db8ac2ac795425bd7b813c8236d9a0.png?t=1669638758,https://cuescore.com/img/flags/png-country-4x2-none/res-640x480/no.png,441.43,441.2,2026-09-20,ostkanten,False,anchored,230.0,2026-04-06T16:00:00Z,76464547,1090,420,670,0,2,429,168,261,661,252,409,0,0,0,1e-06,1090,856.279608,-0.003241,184,154.044564,70,114,0.008643,796,628.925894,315,481,-0.067334,110,73.309151,35,75,9-Ball,0.008643
50993632,Kester Hvattum,https://img.cuescore.com/image/8/4/862c792ba8eb7f97e626fbe6cbcc59f6.png,https://cuescore.com/img/flags/png-country-4x2-none/res-640x480/cl.png,440.98,440.78,2026-06-08,obk,False,anchored,228.0,2026-06-08T16:00:00Z,83165326,162,75,87,0,2,162,75,87,0,0,0,0,0,0,3e-06,162,126.94722,-0.038832,34,25.848763,16,18,0.04335,102,81.272627,52,50,-0.127078,26,19.825831,7,19,9-Ball,0.04335
1059772,Magnus Olaussen,https://img.cuescore.com/image/4/4/4fb99aadf4971c3fd491886f0a3f230c.png?t=1486541136,https://cuescore.com/img/flags/png-country-4x2-none/res-640x480/no.png,440.94,440.69,2017-10-23,obk,False,anchored,,,,71,31,40,0,2,71,31,40,0,0,0,0,0,0,-5.6e-05,71,8.540259,-0.016168,53,6.437106,23,30,0.049486,18,2.103153,8,10,,0,0.0,0,0,9-Ball,0.049486
16259161,Anders Selland,https://img.cuescore.com/image/8/4/862c792ba8eb7f97e626fbe6cbcc59f6.png,https://cuescore.com/img/flags/png-country-4x2-none/res-640x480/no.png,440.37,440.38,2026-05-11,obk,False,anchored,319.0,2026-05-11T16:00:00Z,81171145,26,12,14,24,2,10,2,8,16,10,6,0,0,0,0.1079,26,15.459647,-0.140344,10,9.118505,2,8,0.201813,16,6.341142,10,6,,0,0.0,0,0,9-Ball,0.201813
7711996,Sami Elmers,https://img.cuescore.com/image/8/4/862c792ba8eb7f97e626fbe6cbcc59f6.png,https://cuescore.com/img/flags/png-country-4x2-none/res-640x480/no.png,440.19,440.17,2020-03-01,obk,False,anchored,,,,32,20,12,18,2,32,20,12,0,0,0,0,0,0,0.178547,32,6.975917,,0,0.0,0,0,,0,0.0,0,0,0.0,32,6.975917,20,12,10-Ball,0.0
1006225,Espen Hauge,https://img.cuescore.com/image/4/4/439e444ed9697da9b51689e7d53506a4.png?t=1442096186,https://cuescore.com/img/flags/png-country-4x2-none/res-640x480/no.png,439.33,439.18,2024-04-13,obk,False,anchored,,,,48,15,33,2,2,48,15,33,0,0,0,0,0,0,0.010881,48,12.384883,-0.116725,18,2.35658,4,14,0.02743,30,10.028303,11,19,,0,0.0,0,0,9-Ball,0.02743
60502477,Matteo Sevenius,https://img.cuescore.com/image/8/4/862c792ba8eb7f97e626fbe6cbcc59f6.png,https://cuescore.com/img/flags/png-country-4x2-none/res-640x480/no.png,439.03,439.04,2025-05-16,obk,False,anchored,1.0,2025-05-16T16:00:00Z,59841952,17,9,8,33,2,17,9,8,0,0,0,0,0,0,0.179707,17,12.344387,,0,0.0,0,0,0.0,17,12.344387,9,8,,0,0.0,0,0,9-Ball,0.0
10774063,Axel Mikhail Dalberg,https://img.cuescore.com/image/7/4/7184042b06619ed2c04b9912e7dd0d42.png?t=1647203908,https://cuescore.com/img/flags/png-country-4x2-none/res-640x480/no.png,438.94,438.68,2023-10-15,obk,False,anchored,43.0,2022-06-15T16:00:00Z,16266742,56,24,32,0,2,19,7,12,37,17,20,0,0,0,2e-06,56,26.760213,-0.268357,1,0.376109,0,1,0.009677,54,26.007973,24,30,-0.400795,1,0.376131,0,1,9-Ball,0.009677
1429285,Kristoffer Fjellstad,https://img.cuescore.com/image/8/4/862c792ba8eb7f97e626fbe6cbcc59f6.png,,438.41,438.31,2018-02-26,obk,False,anchored,,,,86,46,40,0,2,86,46,40,0,0,0,0,0,0,1e-06,86,11.259032,-0.081852,46,5.777501,22,24,0.086271,40,5.481531,24,16,,0,0.0,0,0,9-Ball,0.086271
85493143,Christer Andre Nieuwlaat,https://img.cuescore.com/image/c/4/cdab88dacfca3c2f4784a9f3ad2642f5.png?t=1789636481,https://cuescore.com/img/flags/png-country-4x2-none/res-640x480/no.png,438.23,437.85,2026-08-23,ostkanten,False,anchored,,,,16,7,9,34,2,0,0,0,16,7,9,0,0,0,0.143728,16,15.580496,,0,0.0,0,0,0.0,16,15.580496,7,9,,0,0.0,0,0,9-Ball,0.0
2251353,Mentor Nuredini,https://img.cuescore.com/image/e/4/e49824bb8f7622deac2c272313e0e71f.png?t=1521478610,,437.73,437.54,2025-02-17,obk,False,anchored,285.0,2025-02-17T17:00:00Z,54821068,570,281,289,0,2,570,281,289,0,0,0,0,0,0,-4e-06,570,90.955898,0.064565,127,19.81756,72,55,0.003269,411,63.772789,197,214,-0.202022,32,7.365549,12,20,8-Ball,0.064565
52390867,Emil Johannesen,https://img.cuescore.com/image/5/4/52a75d48a2bdd8a0c1fb5939915a00e0.png?t=1755506638,https://cuescore.com/img/flags/png-country-4x2-none/res-640x480/no.png,437.6,437.41,2026-07-20,obk,False,anchored,213.0,2026-07-20T15:45:00Z,85126495,335,150,185,0,2,335,150,185,0,0,0,0,0,0,-4e-06,335,276.666082,0.082433,100,85.27483,58,42,-0.029024,198,161.989553,77,121,-0.079175,37,29.401699,15,22,8-Ball,0.082433
2037584,Rune Christoffer Berntsen,https://img.cuescore.com/image/7/4/7b3fb7cdae43734da700b1af46414924.png?t=1734893557,https://cuescore.com/img/flags/png-country-4x2-none/res-640x480/no.png,437.54,437.6,2022-07-11,ostkanten,False,anchored,2.0,2021-09-05T14:30:00Z,9220658,18,9,9,32,2,0,0,0,18,9,9,0,0,0,0.305839,18,6.766556,-0.634415,1,0.376109,0,1,0.075365,16,6.014316,9,7,-0.570711,1,0.376131,0,1,9-Ball,0.075365
30080695,Marek Zagrobelny,https://img.cuescore.com/image/2/4/25adc0a8bf6fdf8a122e9d00c2a5756f.png?t=1789108262,https://cuescore.com/img/flags/png-country-4x2-none/res-640x480/no.png,437.49,437.29,2025-07-19,obk,False,anchored,290.0,2025-01-08T17:00:00Z,53300464,186,75,111,0,2,186,75,111,0,0,0,0,0,0,4e-06,186,117.8194,-0.012287,66,39.813617,28,38,0.0315,94,63.667395,41,53,-0.105752,26,14.338388,6,20,9-Ball,0.0315
9264588,Marcin Lewicki,https://img.cuescore.com/image/f/4/f710226240876644cf99c119c0ac7eb6.png?t=1702229683,https://cuescore.com/img/flags/png-country-4x2-none/res-640x480/pl.png,437.21,437.29,2025-06-16,obk,False,anchored,425.0,2025-06-16T16:00:00Z,62204857,18,11,7,32,2,18,11,7,0,0,0,0,0,0,0.153915,18,13.329374,,0,0.0,0,0,0.0,18,13.329374,11,7,,0,0.0,0,0,9-Ball,0.0
2431085,Shakir,https://img.cuescore.com/image/8/4/862c792ba8eb7f97e626fbe6cbcc59f6.png,https://cuescore.com/img/flags/png-country-4x2-none/res-640x480/no.png,436.53,436.38,2018-05-21,obk,False,anchored,,,,96,52,44,0,2,96,52,44,0,0,0,0,0,0,9.2e-05,96,13.731549,-0.078983,21,3.016941,10,11,0.022239,75,10.714608,42,33,,0,0.0,0,0,9-Ball,0.022239
2653483,Shakir Bajrami,https://img.cuescore.com/image/8/4/862c792ba8eb7f97e626fbe6cbcc59f6.png,https://cuescore.com/img/flags/png-country-4x2-none/res-640x480/no.png,436.26,436.07,2019-03-25,obk,False,anchored,,,,61,30,31,0,2,61,30,31,0,0,0,0,0,0,-5.3e-05,61,9.728557,0.187419,21,3.40873,14,7,-0.101088,40,6.319827,16,24,,0,0.0,0,0,8-Ball,0.187419
1695480,Korab Neziri,https://img.cuescore.com/image/d/4/dc4bd53747ad86393d2c78bd8920ab2f.png?t=1515349346,https://cuescore.com/img/flags/png-country-4x2-none/res-640x480/no.png,436.12,436.05,2023-04-09,ostkanten,False,anchored,251.0,2023-03-20T17:00:00Z,25613290,38,17,21,12,2,38,17,21,0,0,0,0,0,0,0.044568,38,16.762806,,0,0.0,0,0,-0.079069,22,9.777083,8,14,0.110663,16,6.985722,9,7,10-Ball,0.110663
2620565,Fadil,https://img.cuescore.com/image/8/4/862c792ba8eb7f97e626fbe6cbcc59f6.png,https://cuescore.com/img/flags/png-country-4x2-none/res-640x480/no.png,435.91,435.72,2019-02-25,obk,False,anchored,12.0,2018-05-26T12:01:00Z,2619365,130,68,62,0,2,130,68,62,0,0,0,0,0,0,-1.7e-05,130,20.718706,0.060844,31,4.808515,19,12,0.01246,93,14.884153,49,44,-0.465895,6,1.026037,0,6,8-Ball,0.060844
1031037,Sverre Kringler,https://img.cuescore.com/image/8/4/8e9ff4571fca48b3177926eed53cfab6.png?t=1744288534,https://cuescore.com/img/flags/png-country-4x2-none/res-640x480/no.png,435.75,435.58,2025-05-21,obk,False,anchored,372.0,2025-05-21T16:00:00Z,59340604,35,14,21,15,2,35,14,21,0,0,0,0,0,0,0.03636,35,25.443931,,0,0.0,0,0,-0.006576,16,11.603557,6,10,0.005513,19,13.840375,8,11,10-Ball,0.005513
1006233,Eystein Gangfløt,https://img.cuescore.com/image/8/4/87424e99243c8e5efc81d0dbc1b80d56.png?t=1479306437,https://cuescore.com/img/flags/png-country-4x2-none/res-640x480/no.png,435.69,435.72,2024-12-28,obk,False,anchored,4.0,2024-12-27T11:00:00Z,52314610,24,11,13,26,2,24,11,13,0,0,0,0,0,0,0.103443,24,15.468099,,0,0.0,0,0,0.0,24,15.468099,11,13,,0,0.0,0,0,9-Ball,0.0
5195892,Atle Bjorland,https://img.cuescore.com/image/1/4/1084d2e04dfa035eed48523dc20bf8e6.png?t=1569589382,https://cuescore.com/img/flags/png-country-4x2-none/res-640x480/no.png,435.57,435.62,2025-11-02,ostkanten,False,anchored,,,,9,7,2,41,2,0,0,0,9,7,2,0,0,0,0.345503,9,7.276867,0.0,9,7.276867,7,2,,0,0.0,0,0,,0,0.0,0,0,8-Ball,0.0
3611862,Minh Cong Bui,https://img.cuescore.com/image/7/4/7c9208409708328f1778fbaaa4054f0a.png?t=1546946724,,435.19,434.99,2020-01-13,obk,False,anchored,,,,117,55,62,0,2,117,55,62,0,0,0,0,0,0,-1.3e-05,117,20.990551,-0.111552,22,3.929599,9,13,0.025693,95,17.060953,46,49,,0,0.0,0,0,9-Ball,0.025693
1006160,Audun Risan Heimsjø,https://img.cuescore.com/image/3/4/3ff58b19f52dfb1dbcde932fcf78b2be.png?t=1496737367,https://cuescore.com/img/flags/png-country-4x2-none/res-640x480/no.png,434.75,434.8,2024-09-11,obk,False,anchored,475.0,2024-09-11T16:00:00Z,47691649,18,11,7,32,2,18,11,7,0,0,0,0,0,0,0.188695,18,10.160788,,0,0.0,0,0,0.0,18,10.160788,11,7,,0,0.0,0,0,9-Ball,0.0
53060527,Mazen AlAli,https://img.cuescore.com/image/5/4/5a34023dbc577ba79795ead1e76ce139.png?t=1767610532,https://cuescore.com/img/flags/png-country-4x2-none/res-640x480/jo.png,434.25,433.94,2026-09-21,obk,False,anchored,244.0,2026-09-21T16:00:00Z,88917997,291,134,157,0,2,291,134,157,0,0,0,0,0,0,3e-06,291,258.219363,-0.018645,32,27.298173,16,16,-0.005345,206,181.984114,88,118,0.030276,53,48.937076,30,23,10-Ball,0.030276
2827292,Simen Jøndal,https://img.cuescore.com/image/7/4/7d64592ad673139659a9a603a39a24f2.png?t=1768576519,https://cuescore.com/img/flags/png-country-4x2-none/res-640x480/no.png,434.1,433.83,2024-12-02,obk,False,anchored,200.0,2024-12-02T17:00:00Z,52107310,1682,711,971,0,2,1662,706,956,20,5,15,0,0,0,-8e-06,1682,400.303819,-0.047205,471,111.115415,178,293,0.002359,797,183.207176,345,452,0.045413,414,105.981227,188,226,10-Ball,0.045413
12309862,Aleksander Gill,https://img.cuescore.com/image/e/4/ed76cc6e402e499af566548d336b831b.png?t=1676356905,https://cuescore.com/img/flags/png-country-4x2-none/res-640x480/no.png,434.01,434.05,2024-02-06,obk,False,anchored,,,,24,11,13,26,2,24,11,13,0,0,0,0,0,0,0.117434,24,12.986199,,0,0.0,0,0,,0,0.0,0,0,0.0,24,12.986199,11,13,10-Ball,0.0
26698165,Jeff Hagen,https://img.cuescore.com/image/6/4/604b5b644e80e61bab39e5630066838d.png?t=1681852265,https://cuescore.com/img/flags/png-country-4x2-none/res-640x480/no.png,433.87,433.87,2025-04-14,obk,False,anchored,224.0,2025-04-14T16:00:00Z,58092145,16,10,6,34,2,16,10,6,0,0,0,0,0,0,0.224843,16,8.83497,,0,0.0,0,0,0.0,16,8.83497,10,6,,0,0.0,0,0,9-Ball,0.0
7194559,Corry Duel,https://img.cuescore.com/image/8/4/862c792ba8eb7f97e626fbe6cbcc59f6.png,https://cuescore.com/img/flags/png-country-4x2-none/res-640x480/us.png,433.26,433.29,2020-01-24,obk,False,anchored,,,,34,18,16,16,2,34,18,16,0,0,0,0,0,0,0.126866,34,7.239229,,0,0.0,0,0,,0,0.0,0,0,0.0,34,7.239229,18,16,10-Ball,0.0
7980809,Jan Petter Svendsen,https://img.cuescore.com/image/8/4/8f0e38beb036675cec186173d4de58ce.png?t=1665154760,https://cuescore.com/img/flags/png-country-4x2-none/res-640x480/no.png,433.08,433.12,2024-12-04,obk,False,anchored,374.0,2024-12-04T17:00:00Z,52107349,27,12,15,23,2,22,9,13,5,3,2,0,0,0,0.1779,27,7.379969,,0,0.0,0,0,0.0,27,7.379969,12,15,,0,0.0,0,0,9-Ball,0.0
6550335,Usama Javed,https://img.cuescore.com/image/8/4/862c792ba8eb7f97e626fbe6cbcc59f6.png,https://cuescore.com/img/flags/png-country-4x2-none/res-640x480/no.png,432.95,432.99,2019-09-30,obk,False,anchored,,,,26,20,6,24,2,26,20,6,0,0,0,0,0,0,0.265207,26,5.145438,,0,0.0,0,0,,0,0.0,0,0,0.0,26,5.145438,20,6,10-Ball,0.0
15015523,Vijay Jadhav,https://img.cuescore.com/image/e/4/e25c82ae33b057f692b5419d2d252c2d.png?t=1669719097,https://cuescore.com/img/flags/png-country-4x2-none/res-640x480/no.png,432.61,432.36,2023-04-17,obk,False,anchored,237.0,2023-04-17T16:00:00Z,25906981,148,56,92,0,2,148,56,92,0,0,0,0,0,0,2.1e-05,148,61.857815,-0.064607,44,18.71269,12,32,0.01684,54,23.566734,21,33,0.041479,50,19.578391,23,27,10-Ball,0.041479
1006361,Lars-Harald Riiber,https://img.cuescore.com/image/8/4/871d2421fb7943ea0a3b27cf1f779042.png?t=1517485408,https://cuescore.com/img/flags/png-country-4x2-none/res-640x480/no.png,432.6,432.65,2024-04-13,obk,False,anchored,,,,19,12,7,31,2,19,12,7,0,0,0,0,0,0,0.162554,19,10.725276,,0,0.0,0,0,0.0,19,10.725276,12,7,,0,0.0,0,0,9-Ball,0.0
21281635,Morten Sjø,https://img.cuescore.com/image/7/4/7ade1b79a40caa6fcb83395b0ed13335.png?t=1751123902,https://cuescore.com/img/flags/png-country-4x2-none/res-640x480/no.png,432.45,432.5,2024-09-15,ostkanten,False,anchored,,,,13,10,3,37,2,0,0,0,13,10,3,0,0,0,0.306955,13,6.750466,,0,0.0,0,0,0.0,13,6.750466,10,3,,0,0.0,0,0,9-Ball,0.0
59496361,Wojciech Wajda,https://img.cuescore.com/image/8/4/862c792ba8eb7f97e626fbe6cbcc59f6.png,https://cuescore.com/img/flags/png-country-4x2-none/res-640x480/no.png,432.29,432.24,2025-04-30,obk,False,anchored,225.0,2025-04-30T16:00:00Z,53308693,25,12,13,25,2,25,12,13,0,0,0,0,0,0,0.077513,25,17.970697,,0,0.0,0,0,,0,0.0,0,0,0.0,25,17.970697,12,13,10-Ball,0.0
85089859,Stian Rekdal,https://img.cuescore.com/image/e/4/e6698add950ed5222f83224b6c2c6f09.png?t=1784585696,https://cuescore.com/img/flags/png-country-4x2-none/res-640x480/no.png,432.23,431.84,2026-09-30,obk,False,anchored,307.0,2026-09-30T16:00:00Z,90053185,78,32,46,0,2,78,32,46,0,0,0,0,0,0,-5e-06,78,75.692707,-0.02578,24,23.53017,8,16,0.013741,42,40.191916,20,22,0.004537,12,11.970621,4,8,9-Ball,0.013741
31380109,Fabrizio Inga,https://img.cuescore.com/image/8/4/862c792ba8eb7f97e626fbe6cbcc59f6.png,https://cuescore.com/img/flags/png-country-4x2-none/res-640x480/it.png,432.19,432.27,2024-12-09,obk,False,anchored,,,,11,6,5,39,2,11,6,5,0,0,0,0,0,0,0.299774,11,7.227986,,0,0.0,0,0,,0,0.0,0,0,0.0,11,7.227986,6,5,10-Ball,0.0
5493801,Rune Greaker,https://img.cuescore.com/image/8/4/862c792ba8eb7f97e626fbe6cbcc59f6.png,https://cuescore.com/img/flags/png-country-4x2-none/res-640x480/no.png,432.16,432.18,2019-06-04,obk,False,anchored,,,,31,16,15,19,2,31,16,15,0,0,0,0,0,0,0.185212,31,5.693672,,0,0.0,0,0,0.0,31,5.693672,16,15,,0,0.0,0,0,9-Ball,0.0
2947251,Maria Torjussen,https://img.cuescore.com/image/2/4/25700506d70ae33852488e0707d9c8ea.png?t=1664988973,https://cuescore.com/img/flags/png-country-4x2-none/res-640x480/no.png,432.08,431.93,2019-01-07,obk,False,anchored,20.0,2018-09-12T16:01:00Z,2940005,51,27,24,0,2,51,27,24,0,0,0,0,0,0,2.2e-05,51,8.128557,0.157789,7,1.085865,5,2,-0.021552,33,5.235175,16,17,-0.032371,11,1.807517,6,5,8-Ball,0.157789
1006205,Egil Sørensen,https://img.cuescore.com/image/b/4/b8e1ee916aea2b4b216375692c774ce0.png?t=1683573922,https://cuescore.com/img/flags/png-country-4x2-none/res-640x480/no.png,431.99,432.0,2024-12-01,ostkanten,False,anchored,247.0,2024-07-17T16:00:00Z,45703357,18,10,8,32,2,0,0,0,18,10,8,0,0,0,0.191557,18,9.223454,,0,0.0,0,0,0.0,18,9.223454,10,8,,0,0.0,0,0,9-Ball,0.0
1006375,Maron Pettersen,https://img.cuescore.com/image/a/4/a5265b5827de36fe529be13b82677706.png?t=1732797096,https://cuescore.com/img/flags/png-country-4x2-none/res-640x480/no.png,431.62,431.62,2025-07-02,obk,False,anchored,325.0,2025-07-02T16:15:00Z,63131038,25,8,17,25,2,25,8,17,0,0,0,0,0,0,0.072943,25,18.701473,,0,0.0,0,0,0.0,25,18.701473,8,17,,0,0.0,0,0,9-Ball,0.0
6100647,Konrad Juszczyszyn,https://img.cuescore.com/image/5/4/5d3ba91ada52036ad9ee70787250c694.png?t=1581325286,https://cuescore.com/img/flags/png-country-4x2-none/res-640x480/pl.png,431.54,431.55,2020-01-24,obk,False,anchored,0.0,2019-08-30T14:00:00Z,5976158,47,16,31,3,2,47,16,31,0,0,0,0,0,0,0.017277,47,9.422648,,0,0.0,0,0,0.045189,16,3.10477,5,11,-0.022207,31,6.317878,11,20,9-Ball,0.045189
1006415,Olav Skrudland,https://img.cuescore.com/image/f/4/ff6dafcbb081d49b36b68299d12e71a8.png?t=1471353653,https://cuescore.com/img/flags/png-country-4x2-none/res-640x480/no.png,431.09,431.11,2022-04-06,obk,False,anchored,88.0,2022-04-06T16:00:00Z,15105640,29,14,15,21,2,29,14,15,0,0,0,0,0,0,0.211089,29,5.336527,,0,0.0,0,0,0.0,29,5.336527,14,15,,0,0.0,0,0,9-Ball,0.0
3119948,Huan Bao Ngo,https://img.cuescore.com/image/d/4/d16efb250f548683c0ab94cc4ac2d001.png?t=1537802739,,431.07,430.91,2025-10-13,obk,False,anchored,159.0,2025-10-13T16:00:00Z,70078510,455,242,213,0,2,455,242,213,0,0,0,0,0,0,2e-06,455,122.563001,-0.03963,170,43.522313,87,83,0.022664,277,77.726131,151,126,-0.027993,8,1.314558,4,4,9-Ball,0.022664
4759047,Geir Anfinsen,https://img.cuescore.com/image/8/4/862c792ba8eb7f97e626fbe6cbcc59f6.png,https://cuescore.com/img/flags/png-country-4x2-none/res-640x480/no.png,431.04,431.08,2019-08-14,obk,False,anchored,,,,25,15,10,25,2,4,4,0,21,11,10,0,0,0,0.30749,25,4.35703,,0,0.0,0,0,0.0,25,4.35703,15,10,,0,0.0,0,0,9-Ball,0.0
58861579,Elēns Zommers,https://img.cuescore.com/image/0/4/0bb01ad06f3a3c29e04f62c1408b7183.png?t=1789908467,https://cuescore.com/img/flags/png-country-4x2-none/res-640x480/lv.png,430.99,430.57,2026-09-20,ostkanten,False,anchored,,,,46,18,28,4,2,0,0,0,46,18,28,0,0,0,0.005315,46,40.374465,,0,0.0,0,0,0.0,46,40.374465,18,28,,0,0.0,0,0,9-Ball,0.0
77931466,Aksel Nergaard,https://img.cuescore.com/image/8/4/862c792ba8eb7f97e626fbe6cbcc59f6.png,https://cuescore.com/img/flags/png-country-4x2-none/res-640x480/no.png,430.95,430.92,2026-03-06,obk,False,anchored,,,,26,14,12,24,2,26,14,12,0,0,0,0,0,0,0.056382,26,22.739205,,0,0.0,0,0,0.0,26,22.739205,14,12,,0,0.0,0,0,9-Ball,0.0
9588856,Michel Mateos,https://img.cuescore.com/image/3/4/34b47ba4007296d7976cda0c6c46d9b6.png?t=1632317079,https://cuescore.com/img/flags/png-country-4x2-none/res-640x480/no.png,430.78,430.79,2026-07-06,obk,False,anchored,250.0,2026-07-06T16:00:00Z,84509800,12,9,3,38,2,12,9,3,0,0,0,0,0,0,0.178098,12,11.336783,,0,0.0,0,0,0.0,12,11.336783,9,3,,0,0.0,0,0,9-Ball,0.0
1022965,Tommy Bakke,https://img.cuescore.com/image/3/4/3a932451afdf4d29cbb8d41a41fc1597.png?t=1507121479,https://cuescore.com/img/flags/png-country-4x2-none/res-640x480/no.png,430.61,430.36,2020-09-28,obk,False,anchored,38.0,2018-02-07T17:15:00Z,2126901,271,109,162,0,2,271,109,162,0,0,0,0,0,0,-1.6e-05,271,37.049963,-0.01326,101,14.313671,40,61,0.00205,123,16.643595,50,73,0.025552,47,6.092696,19,28,10-Ball,0.025552
7114931,Håkon Haukebøe,https://img.cuescore.com/image/8/4/862c792ba8eb7f97e626fbe6cbcc59f6.png,https://cuescore.com/img/flags/png-country-4x2-none/res-640x480/no.png,430.37,430.42,2021-10-03,ostkanten,False,anchored,14.0,2021-08-18T16:00:00Z,9153444,14,13,1,36,2,14,13,1,0,0,0,0,0,0,0.455327,14,4.145534,0.0,14,4.145534,13,1,,0,0.0,0,0,,0,0.0,0,0,8-Ball,0.0
8976389,April Gonzales,https://img.cuescore.com/image/5/4/5aa6aa48f7d5ffe854d5266ac08db7ef.png,https://cuescore.com/img/flags/png-country-4x2-none/res-640x480/us.png,430.11,430.16,2026-06-15,obk,False,anchored,300.0,2026-06-15T16:00:00Z,83685481,23,11,12,27,2,23,11,12,0,0,0,0,0,0,0.06544,23,21.442088,,0,0.0,0,0,0.0,23,21.442088,11,12,,0,0.0,0,0,9-Ball,0.0
5769900,Joshua Filler,https://img.cuescore.com/image/7/4/727a969aac4916285acbbe864a35ddd6.png?t=1565270714,https://cuescore.com/img/flags/png-country-4x2-none/res-640x480/de.png,429.87,429.92,2020-01-24,obk,False,anchored,,,,36,20,16,14,2,36,20,16,0,0,0,0,0,0,0.094217,36,7.665066,,0,0.0,0,0,,0,0.0,0,0,0.0,36,7.665066,20,16,10-Ball,0.0
5076344,Hamad Malik,https://img.cuescore.com/image/9/4/9ddf026a6a88add06763765c963d4325.png?t=1774097154,https://cuescore.com/img/flags/png-country-4x2-none/res-640x480/no.png,429.35,429.3,2024-12-18,obk,False,anchored,225.0,2024-12-18T17:00:00Z,52107430,35,17,18,15,2,35,17,18,0,0,0,0,0,0,0.061913,35,12.276798,0.062601,13,8.413493,7,6,-0.136331,22,3.863305,10,12,,0,0.0,0,0,8-Ball,0.062601
8306234,Frode Ellingsen,https://img.cuescore.com/image/8/4/862c792ba8eb7f97e626fbe6cbcc59f6.png,https://cuescore.com/img/flags/png-country-4x2-none/res-640x480/no.png,429.32,429.11,2022-04-04,obk,False,anchored,,,,100,45,55,0,2,100,45,55,0,0,0,0,0,0,-2e-06,100,30.35231,0.074227,44,12.974339,24,20,-0.025114,28,9.513308,10,18,-0.092073,28,7.864664,11,17,8-Ball,0.074227
36694312,David Slacek,https://img.cuescore.com/image/4/4/4633eaec932cf53d307eabe602b3e5e5.png?t=1779136650,https://cuescore.com/img/flags/png-country-4x2-none/res-640x480/si.png,429.14,429.19,2026-06-15,obk,False,anchored,,,,8,6,2,42,2,8,6,2,0,0,0,0,0,0,0.28334,8,7.458117,,0,0.0,0,0,0.0,8,7.458117,6,2,,0,0.0,0,0,9-Ball,0.0
1006371,Marius Fredriksen,https://img.cuescore.com/image/8/4/862c792ba8eb7f97e626fbe6cbcc59f6.png,https://cuescore.com/img/flags/png-country-4x2-none/res-640x480/no.png,429.07,429.04,2024-10-27,ostkanten,False,anchored,62.0,2020-06-10T15:56:00Z,7915337,35,17,18,15,2,21,9,12,14,8,6,0,0,0,0.074411,35,10.118551,,0,0.0,0,0,-0.057662,23,4.879259,11,12,0.053699,12,5.239292,6,6,10-Ball,0.053699
2576372,Fadil Mustafa,https://img.cuescore.com/image/8/4/862c792ba8eb7f97e626fbe6cbcc59f6.png,https://cuescore.com/img/flags/png-country-4x2-none/res-640x480/no.png,428.86,428.67,2019-02-04,obk,False,anchored,,,,112,57,55,0,2,112,57,55,0,0,0,0,0,0,1.3e-05,112,17.51297,0.065192,55,8.771655,32,23,-0.095927,45,6.769479,20,25,0.039322,12,1.971836,5,7,8-Ball,0.065192
7287018,John Morra,https://img.cuescore.com/image/e/4/e4e020d6153d4052d34c4b72a24fe8d4.png?t=1664348311,https://cuescore.com/img/flags/png-country-4x2-none/res-640x480/ca.png,428.6,428.63,2020-01-24,obk,False,anchored,,,,39,19,20,11,2,39,19,20,0,0,0,0,0,0,0.065453,39,8.303821,,0,0.0,0,0,,0,0.0,0,0,0.0,39,8.303821,19,20,10-Ball,0.0
18119206,Julia Babica,https://img.cuescore.com/image/3/4/3033210e2d6faf1e9a0c528e5ad90e47.png?t=1717433446,https://cuescore.com/img/flags/png-country-4x2-none/res-640x480/pl.png,427.27,427.33,2026-06-15,obk,False,anchored,450.0,2026-06-15T16:00:00Z,83685481,8,5,3,42,2,8,5,3,0,0,0,0,0,0,0.2653,8,7.458117,,0,0.0,0,0,0.0,8,7.458117,5,3,,0,0.0,0,0,9-Ball,0.0
1014095,Odd Sebastian Bobby Fischer,https://img.cuescore.com/image/b/4/b100d0bfe07f44b3d6b29348ff51e66e.png?t=1464035018,https://cuescore.com/img/flags/png-country-4x2-none/res-640x480/no.png,427.08,426.86,2023-01-30,obk,False,anchored,149.0,2023-01-30T17:00:00Z,21246265,100,45,55,0,2,100,45,55,0,0,0,0,0,0,4e-06,100,20.803851,-0.028845,46,11.392808,18,28,-0.045431,21,3.767838,9,12,0.088568,33,5.643206,18,15,10-Ball,0.088568
34163575,Brahim Sandli,https://img.cuescore.com/image/d/4/d85bf34caa687e73bcc66223bf021a3d.png?t=1718494782,https://cuescore.com/img/flags/png-country-4x2-none/res-640x480/no.png,426.98,426.75,2026-03-30,obk,False,anchored,217.0,2026-03-30T16:00:00Z,76464520,97,49,48,0,2,97,49,48,0,0,0,0,0,0,-1e-06,97,72.238592,-0.125789,30,23.899997,11,19,0.062194,67,48.338595,38,29,,0,0.0,0,0,9-Ball,0.062194
1006479,Sigurd Mølmann,https://img.cuescore.com/image/8/4/862c792ba8eb7f97e626fbe6cbcc59f6.png,https://cuescore.com/img/flags/png-country-4x2-none/res-640x480/no.png,426.82,426.84,2022-01-24,obk,False,anchored,45.0,2020-07-08T15:55:00Z,7957658,20,13,7,30,2,20,13,7,0,0,0,0,0,0,0.205497,20,6.763747,0.0,20,6.763747,13,7,,0,0.0,0,0,,0,0.0,0,0,8-Ball,0.0
4889376,Tayab Malik,https://img.cuescore.com/image/8/4/862c792ba8eb7f97e626fbe6cbcc59f6.png,https://cuescore.com/img/flags/png-country-4x2-none/res-640x480/no.png,426.77,426.6,2020-09-07,obk,False,anchored,20.0,2019-03-20T17:15:00Z,5065455,87,41,46,0,2,87,41,46,0,0,0,0,0,0,2.6e-05,87,17.648412,-0.251673,5,1.034336,1,4,0.031182,64,12.18866,33,31,-0.02706,18,4.425416,7,11,9-Ball,0.031182
1038588,Lucas Baranji,https://img.cuescore.com/image/4/4/492e28c12d82364add542baf9eb296e7.png?t=1571323976,https://cuescore.com/img/flags/png-country-4x2-none/res-640x480/no.png,426.77,426.55,2026-06-08,obk,False,anchored,311.0,2026-06-08T16:00:00Z,83165326,23,11,12,27,2,19,8,11,4,3,1,0,0,0,0.065302,23,19.128824,,0,0.0,0,0,0.0,23,19.128824,11,12,,0,0.0,0,0,9-Ball,0.0
4989992,Ronny Andresen,https://img.cuescore.com/image/8/4/862c792ba8eb7f97e626fbe6cbcc59f6.png,https://cuescore.com/img/flags/png-country-4x2-none/res-640x480/no.png,426.63,426.65,2019-03-18,obk,False,anchored,28.0,2019-03-06T17:08:00Z,4981177,27,17,10,23,2,27,17,10,0,0,0,0,0,0,0.224522,27,4.713428,0.16504,18,3.14692,14,4,-0.331545,9,1.566508,3,6,,0,0.0,0,0,8-Ball,0.16504
1006270,Henrik Flatås,https://img.cuescore.com/image/3/4/345849b33541265b683ad9709a316301.png?t=1478100993,https://cuescore.com/img/flags/png-country-4x2-none/res-640x480/no.png,426.26,426.28,2022-07-10,ostkanten,False,anchored,3.0,2019-08-30T20:00:00Z,6096626,25,12,13,25,2,0,0,0,25,12,13,0,0,0,0.120766,25,9.39403,,0,0.0,0,0,0.073885,12,4.510556,6,6,-0.068243,13,4.883474,6,7,9-Ball,0.073885
1095734,William Viitanen,https://img.cuescore.com/image/1/4/1a54a71ae6c394ef081948f784f4e5d2.png?t=1764757451,https://cuescore.com/img/flags/png-country-4x2-none/res-640x480/se.png,426.25,426.3,2020-01-30,obk,False,anchored,0.0,2020-01-30T19:15:00Z,7224607,32,11,21,18,2,32,11,21,0,0,0,0,0,0,0.119261,32,6.841531,,0,0.0,0,0,0.0,32,6.841531,11,21,,0,0.0,0,0,9-Ball,0.0
1042164,Lars-Gøran Engerdahl,https://img.cuescore.com/image/e/4/e7a6394056269a71ca2b9ef2f87b98c7.png?t=1458164127,https://cuescore.com/img/flags/png-country-4x2-none/res-640x480/no.png,426.01,426.04,2024-04-13,obk,False,anchored,,,,14,6,8,36,2,14,6,8,0,0,0,0,0,0,0.204744,14,7.902835,,0,0.0,0,0,0.0,14,7.902835,6,8,,0,0.0,0,0,9-Ball,0.0
2085431,Andreas Gerwen,https://img.cuescore.com/image/8/4/862c792ba8eb7f97e626fbe6cbcc59f6.png,https://cuescore.com/img/flags/png-country-4x2-none/res-640x480/se.png,425.44,425.48,2018-02-01,obk,False,anchored,0.0,2018-02-01T17:00:00Z,2103827,30,12,18,20,2,30,12,18,0,0,0,0,0,0,0.217218,30,4.046643,,0,0.0,0,0,0.0,30,4.046643,12,18,,0,0.0,0,0,9-Ball,0.0
48190969,Rune Vestøl,https://img.cuescore.com/image/2/4/20307d80110242ac84057819d2032d76.png?t=1786342004,https://cuescore.com/img/flags/png-country-4x2-none/res-640x480/no.png,425.41,425.37,2025-07-03,obk,False,anchored,275.0,2025-07-02T16:15:00Z,63131038,28,8,20,22,2,28,8,20,0,0,0,0,0,0,0.046105,28,20.953046,,0,0.0,0,0,0.0,28,20.953046,8,20,,0,0.0,0,0,9-Ball,0.0
3256681,Alex Hoang Hai Nguyen,https://img.cuescore.com/image/2/4/2eaf6f032dec3b757ed8638af957f017.png?t=1673600265,https://cuescore.com/img/flags/png-country-4x2-none/res-640x480/no.png,425.23,425.06,2020-02-03,obk,False,anchored,,,,253,126,127,0,2,253,126,127,0,0,0,0,0,0,3e-06,253,44.407226,0.050106,114,19.625747,64,50,-0.026687,135,24.1242,62,73,-0.516636,4,0.657279,0,4,8-Ball,0.050106
2057268,Øyvind Stenhaug,https://img.cuescore.com/image/8/4/862c792ba8eb7f97e626fbe6cbcc59f6.png,https://cuescore.com/img/flags/png-country-4x2-none/res-640x480/no.png,425.13,424.94,2020-01-06,obk,False,anchored,,,,157,71,86,0,2,157,71,86,0,0,0,0,0,0,1e-06,157,28.448095,-0.069394,47,8.439892,16,31,0.001932,74,13.016825,34,40,0.080175,36,6.991378,21,15,10-Ball,0.080175
3543748,Thong Trong Ho,https://img.cuescore.com/image/5/4/51feb0eff159a7e27af163612fabba7e.png?t=1545065304,,424.57,424.38,2020-02-03,obk,False,anchored,,,,224,104,120,0,2,224,104,120,0,0,0,0,0,0,1.1e-05,224,42.044537,-0.009923,92,17.003964,44,48,0.006738,132,25.040573,60,72,,0,0.0,0,0,9-Ball,0.006738
54046015,Cvetko Vega,https://img.cuescore.com/image/3/4/34604240a143f85f0680703edbd4d003.png?t=1737301629,https://cuescore.com/img/flags/png-country-4x2-none/res-640x480/si.png,424.54,424.58,2026-06-15,obk,False,anchored,350.0,2026-06-15T16:00:00Z,83685481,18,10,8,32,2,18,10,8,0,0,0,0,0,0,0.080899,18,16.780764,,0,0.0,0,0,0.0,18,16.780764,10,8,,0,0.0,0,0,9-Ball,0.0
81875407,Sa-Lee Suwannachuen,https://img.cuescore.com/image/c/4/c9b43da7930ad91609c54ea96ca0b8a7.png?t=1787433055,https://cuescore.com/img/flags/png-country-4x2-none/res-640x480/th.png,424.53,423.88,2026-06-03,obk,False,anchored,278.0,2026-06-03T16:00:00Z,82639456,58,20,38,0,2,58,20,38,0,0,0,0,0,0,-2e-06,58,53.465966,-0.067113,8,7.336454,2,6,0.010674,50,46.129512,18,32,,0,0.0,0,0,9-Ball,0.010674
2357139,Aaron Rossel,https://img.cuescore.com/image/8/4/862c792ba8eb7f97e626fbe6cbcc59f6.png,https://cuescore.com/img/flags/png-country-4x2-none/res-640x480/no.png,424.3,424.28,2018-04-23,obk,False,anchored,,,,40,20,20,10,2,40,20,20,0,0,0,0,0,0,0.074238,40,5.657717,-0.24066,6,0.851857,2,4,0.042658,34,4.805861,18,16,,0,0.0,0,0,9-Ball,0.042658
3545840,Ben Litvak,https://img.cuescore.com/image/4/4/4482a4f9a73c7871fb28e28b8a2b5c13.png?t=1545295580,https://cuescore.com/img/flags/png-country-4x2-none/res-640x480/us.png,424.1,424.13,2018-03-12,obk,False,anchored,,,,24,17,7,26,2,24,17,7,0,0,0,0,0,0,0.326447,24,3.318176,0.0,24,3.318176,17,7,,0,0.0,0,0,,0,0.0,0,0,8-Ball,0.0
1105066,Shane Van Boening,https://img.cuescore.com/image/a/4/a65585e2b6368e8c4d20934f24027faa.png?t=1631722547,https://cuescore.com/img/flags/png-country-4x2-none/res-640x480/us.png,423.71,423.75,2020-01-24,obk,False,anchored,,,,36,20,16,14,2,36,20,16,0,0,0,0,0,0,0.075037,36,7.665066,,0,0.0,0,0,,0,0.0,0,0,0.0,36,7.665066,20,16,10-Ball,0.0
2314015,Morgan Palmborg,https://img.cuescore.com/image/e/4/e90086d984eef5dddcb03a2fdfc525d3.png?t=1626005937,https://cuescore.com/img/flags/png-country-4x2-none/res-640x480/se.png,423.64,423.66,2021-07-24,obk,False,anchored,,,,21,13,8,29,2,21,13,8,0,0,0,0,0,0,0.187504,21,6.322407,,0,0.0,0,0,0.0,21,6.322407,13,8,,0,0.0,0,0,9-Ball,0.0
2431086,Adil,https://img.cuescore.com/image/8/4/862c792ba8eb7f97e626fbe6cbcc59f6.png,https://cuescore.com/img/flags/png-country-4x2-none/res-640x480/no.png,423.63,423.45,2018-12-10,obk,False,anchored,,,,88,42,46,0,2,88,42,46,0,0,0,0,0,0,4.7e-05,88,12.934866,0.05581,14,2.005347,8,6,-0.020913,58,8.300404,27,31,0.023456,16,2.629115,7,9,8-Ball,0.05581
2085368,Bård Onsum,https://img.cuescore.com/image/8/4/862c792ba8eb7f97e626fbe6cbcc59f6.png,https://cuescore.com/img/flags/png-country-4x2-none/res-640x480/no.png,423.57,423.59,2020-08-21,ostkanten,False,anchored,,,,20,11,9,30,2,0,0,0,20,11,9,0,0,0,0.251294,20,4.864786,,0,0.0,0,0,0.0,20,4.864786,11,9,,0,0.0,0,0,9-Ball,0.0
1034683,Matias Nilsen,https://img.cuescore.com/image/8/4/862c792ba8eb7f97e626fbe6cbcc59f6.png,,423.14,423.15,2020-03-02,obk,False,anchored,,,,24,16,8,26,2,24,16,8,0,0,0,0,0,0,0.198777,24,5.235766,,0,0.0,0,0,0.0,24,5.235766,16,8,,0,0.0,0,0,9-Ball,0.0
19663153,Katrine Salomonsen,https://img.cuescore.com/image/5/4/5aa6aa48f7d5ffe854d5266ac08db7ef.png,https://cuescore.com/img/flags/png-country-4x2-none/res-640x480/no.png,423.06,423.09,2022-10-22,obk,False,anchored,,,,15,11,4,35,2,15,11,4,0,0,0,0,0,0,0.231775,15,6.020253,,0,0.0,0,0,0.0,15,6.020253,11,4,,0,0.0,0,0,9-Ball,0.0
1161937,Ivo Aarts,https://img.cuescore.com/image/d/4/dc936c1a36d05be9bb8dacb7f22a7ecc.png?t=1709642783,https://cuescore.com/img/flags/png-country-4x2-none/res-640x480/nl.png,422.91,422.96,2019-06-19,obk,False,anchored,121.0,2019-05-22T16:10:00Z,5399876,16,10,6,34,2,16,10,6,0,0,0,0,0,0,0.454002,16,2.966706,,0,0.0,0,0,0.0,16,2.966706,10,6,,0,0.0,0,0,9-Ball,0.0
20183539,Casper Herland Aralden,https://img.cuescore.com/image/d/4/d22ef02969d25f8070373e1312c4804e.png?t=1773679112,https://cuescore.com/img/flags/png-country-4x2-none/res-640x480/no.png,422.88,422.9,2026-06-15,obk,False,anchored,,,,15,8,7,35,2,15,8,7,0,0,0,0,0,0,0.099041,15,13.98397,,0,0.0,0,0,0.0,15,13.98397,8,7,,0,0.0,0,0,9-Ball,0.0
7711995,Jan P Elmers,https://img.cuescore.com/image/8/4/862c792ba8eb7f97e626fbe6cbcc59f6.png,https://cuescore.com/img/flags/png-country-4x2-none/res-640x480/no.png,422.86,422.82,2020-03-01,obk,False,anchored,,,,35,18,17,15,2,35,18,17,0,0,0,0,0,0,0.077748,35,7.629909,,0,0.0,0,0,,0,0.0,0,0,0.0,35,7.629909,18,17,10-Ball,0.0
2021922,Matej Brajkovič,https://img.cuescore.com/image/b/4/b95d43ec06db0e1b8d06a7a4a8b1e89d.png?t=1524081986,https://cuescore.com/img/flags/png-country-4x2-none/res-640x480/si.png,422.78,422.81,2026-06-15,obk,False,anchored,,,,8,5,3,42,2,8,5,3,0,0,0,0,0,0,0.221866,8,7.458117,,0,0.0,0,0,0.0,8,7.458117,5,3,,0,0.0,0,0,9-Ball,0.0
52796236,Maija Uleberg,https://img.cuescore.com/image/5/4/5aa6aa48f7d5ffe854d5266ac08db7ef.png,https://cuescore.com/img/flags/png-country-4x2-none/res-640x480/no.png,422.07,422.11,2024-12-12,obk,False,anchored,,,,13,9,4,37,2,13,9,4,0,0,0,0,0,0,0.165049,13,8.558279,,0,0.0,0,0,0.0,13,8.558279,9,4,,0,0.0,0,0,9-Ball,0.0
6085717,Jyri Halttu,https://img.cuescore.com/image/4/4/429112dcc15a018c19d89a175191c56e.png?t=1732098099,https://cuescore.com/img/flags/png-country-4x2-none/res-640x480/se.png,421.05,421.08,2020-01-30,obk,False,anchored,0.0,2020-01-30T19:15:00Z,7224607,31,10,21,19,2,31,10,21,0,0,0,0,0,0,0.104304,31,6.627733,,0,0.0,0,0,0.0,31,6.627733,10,21,,0,0.0,0,0,9-Ball,0.0
3012666,Eirik Sandaaker,https://img.cuescore.com/image/3/4/361508a21a4d356b9a636c2744dbff2c.png?t=1572096861,https://cuescore.com/img/flags/png-country-4x2-none/res-640x480/no.png,420.71,420.5,2025-11-23,ostkanten,False,anchored,213.0,2025-03-31T16:00:00Z,58092127,488,221,267,0,2,471,216,255,17,5,12,0,0,0,3e-06,488,149.470971,0.04428,169,49.374591,89,80,-0.028253,252,81.766852,104,148,0.006757,67,18.329527,28,39,8-Ball,0.04428
3613617,Vito Antonio Palmisano,https://img.cuescore.com/image/8/4/862c792ba8eb7f97e626fbe6cbcc59f6.png,https://cuescore.com/img/flags/png-country-4x2-none/res-640x480/it.png,420.54,420.57,2020-03-02,obk,False,anchored,,,,20,15,5,30,2,20,15,5,0,0,0,0,0,0,0.244902,20,4.352535,0.139758,9,1.963412,8,1,,0,0.0,0,0,-0.114855,11,2.389123,7,4,8-Ball,0.139758
1006320,Jørgen Nilsen,https://img.cuescore.com/image/8/4/88516303c0e5775351cc2a7ca41bb761.png?t=1516173669,https://cuescore.com/img/flags/png-country-4x2-none/res-640x480/no.png,420.47,420.49,2025-03-15,obk,False,anchored,0.0,2025-03-15T09:00:00Z,55383781,23,13,10,27,2,23,13,10,0,0,0,0,0,0,0.220378,23,4.340933,,0,0.0,0,0,0.0,23,4.340933,13,10,,0,0.0,0,0,9-Ball,0.0
78617272,Harald Fjeldberg,https://img.cuescore.com/image/c/4/c0e2cb07f45d9955efda470c7d670255.png?t=1788242445,https://cuescore.com/img/flags/png-country-4x2-none/res-640x480/no.png,420.37,420.26,2026-09-13,ostkanten,False,anchored,225.0,2026-08-31T16:00:00Z,86423461,29,13,16,21,2,16,9,7,13,4,9,0,0,0,0.025979,29,28.489228,0.0,29,28.489228,13,16,,0,0.0,0,0,,0,0.0,0,0,8-Ball,0.0
20396602,Erik Sørensen,https://img.cuescore.com/image/8/4/862c792ba8eb7f97e626fbe6cbcc59f6.png,https://cuescore.com/img/flags/png-country-4x2-none/res-640x480/no.png,420.31,419.84,2026-09-28,obk,False,anchored,226.0,2026-09-28T16:00:00Z,90141868,162,89,73,0,2,162,89,73,0,0,0,0,0,0,3e-06,162,122.321075,0.039583,25,22.150875,14,11,-0.004213,129,93.839176,71,58,-0.076054,8,6.331024,4,4,8-Ball,0.039583
12348586,Runar Leiren,https://img.cuescore.com/image/e/4/ea34dfe9a3584f25612c048954a56661.png?t=1663603227,https://cuescore.com/img/flags/png-country-4x2-none/res-640x480/no.png,420.15,419.78,2026-09-28,obk,False,anchored,201.0,2026-09-28T16:00:00Z,90141868,276,141,135,0,2,276,141,135,0,0,0,0,0,0,-1.1e-05,276,180.630162,0.065981,60,39.258951,32,28,-0.027312,171,112.632192,85,86,0.016906,45,28.739019,24,21,8-Ball,0.065981
2080241,Michel Mateos,https://img.cuescore.com/image/8/4/862c792ba8eb7f97e626fbe6cbcc59f6.png,https://cuescore.com/img/flags/png-country-4x2-none/res-640x480/no.png,420.13,420.15,2020-02-17,obk,False,anchored,,,,26,17,9,24,2,26,17,9,0,0,0,0,0,0,0.190799,26,4.380246,-0.015318,11,2.378567,7,4,0.018203,15,2.001679,10,5,,0,0.0,0,0,9-Ball,0.018203
2947262,Christian Lothar Ruiz,https://img.cuescore.com/image/c/4/ce6981da8508a5d3d8922c214d2bb391.png?t=1664138195,https://cuescore.com/img/flags/png-country-4x2-none/res-640x480/ph.png,420.04,419.88,2026-05-04,obk,False,anchored,213.0,2026-05-04T16:00:00Z,80902801,228,104,124,0,2,228,104,124,0,0,0,0,0,0,5e-06,228,99.154304,0.011217,128,61.148224,59,69,-0.030849,68,27.235025,31,37,0.014323,32,10.771054,14,18,10-Ball,0.014323
34802578,Anders Valde,https://img.cuescore.com/image/8/4/862c792ba8eb7f97e626fbe6cbcc59f6.png,https://cuescore.com/img/flags/png-country-4x2-none/res-640x480/no.png,419.38,419.35,2023-12-04,obk,False,anchored,225.0,2023-11-06T17:00:00Z,34016380,23,11,12,27,2,23,11,12,0,0,0,0,0,0,0.075733,23,11.951635,,0,0.0,0,0,0.0,23,11.951635,11,12,,0,0.0,0,0,9-Ball,0.0
1006386,Matias Sætre,https://img.cuescore.com/image/8/4/89bb305c4b9e9c632112f8f8d48f580f.png?t=1547705914,https://cuescore.com/img/flags/png-country-4x2-none/res-640x480/no.png,419.25,419.25,2019-08-30,obk,False,anchored,0.0,2019-08-30T14:00:00Z,5976158,34,12,22,16,2,34,12,22,0,0,0,0,0,0,0.080733,34,6.597636,,0,0.0,0,0,0.0,34,6.597636,12,22,,0,0.0,0,0,9-Ball,0.0
8970047,Ante Petricevic,https://img.cuescore.com/image/8/4/8c796448c67168a4d919f058a2300b29.png?t=1770645249,https://cuescore.com/img/flags/png-country-4x2-none/res-640x480/hr.png,419.21,419.12,2026-09-30,obk,False,anchored,219.0,2026-09-30T16:00:00Z,90053185,274,90,184,0,2,212,66,146,62,24,38,0,0,0,1e-06,274,200.688504,-0.288266,20,9.529605,1,19,0.025308,223,173.937198,78,145,-0.096093,31,17.221701,11,20,9-Ball,0.025308
58087078,Bias Hagen,https://img.cuescore.com/image/a/4/a8c9efd37c0856ef290ef9d8b121ed1d.png?t=1769242077,https://cuescore.com/img/flags/png-country-4x2-none/res-640x480/no.png,419.04,419.0,2026-01-28,obk,False,anchored,272.0,2026-01-28T17:00:00Z,74911768,23,9,14,27,2,23,9,14,0,0,0,0,0,0,0.045973,23,19.354089,,0,0.0,0,0,-0.037144,15,12.81531,5,10,0.072798,8,6.538779,4,4,10-Ball,0.072798
2923223,Christian Lothar Ruiz,https://img.cuescore.com/image/8/4/862c792ba8eb7f97e626fbe6cbcc59f6.png,https://cuescore.com/img/flags/png-country-4x2-none/res-640x480/no.png,419.03,418.87,2019-11-25,obk,False,anchored,,,,80,37,43,0,2,80,37,43,0,0,0,0,0,0,0.000137,80,12.837478,-0.043816,33,5.448462,14,19,0.070425,38,5.910139,20,18,-0.120019,9,1.478877,3,6,9-Ball,0.070425
1006246,Gavin Powell,https://img.cuescore.com/image/e/4/e45257193ca34ce64b93fdbfd60dbee3.png?t=1515498618,https://cuescore.com/img/flags/png-country-4x2-none/res-640x480/gb-wls.png,418.91,418.94,2021-08-07,obk,False,anchored,0.0,2021-08-07T10:00:00Z,9028528,20,6,14,30,2,20,6,14,0,0,0,0,0,0,0.161656,20,6.072996,,0,0.0,0,0,,0,0.0,0,0,0.0,20,6.072996,6,14,10-Ball,0.0
1384637,Jesper Slanti,https://img.cuescore.com/image/8/4/8eadc9798eddf1b4acaa0a2769bacb1f.png?t=1779064358,https://cuescore.com/img/flags/png-country-4x2-none/res-640x480/no.png,418.85,418.79,2024-05-14,obk,False,anchored,20.0,2022-06-22T16:00:00Z,16356526,27,14,13,23,2,14,8,6,13,6,7,0,0,0,0.063665,27,11.785383,,0,0.0,0,0,-0.083485,13,3.725616,6,7,0.038591,14,8.059767,8,6,10-Ball,0.038591
1014552,Baard Onsum,https://img.cuescore.com/image/a/4/a8f46313916ef2e38c55f16039e97450.png?t=1442448508,https://cuescore.com/img/flags/png-country-4x2-none/res-640x480/no.png,418.76,418.47,2023-12-29,ostkanten,False,anchored,1.0,2020-11-01T13:00:00Z,8418763,135,51,84,0,2,91,43,48,44,8,36,0,0,0,-1.2e-05,135,32.216478,0.143741,22,3.927599,11,11,0.020674,70,20.723387,31,39,-0.131254,43,7.565492,9,34,8-Ball,0.143741
2167690,Iselin Masternes,https://img.cuescore.com/image/e/4/e6bc2ecc2fd23a48d7ddf400ca5b2a85.png?t=1700074270,https://cuescore.com/img/flags/png-country-4x2-none/res-640x480/no.png,418.58,418.43,2025-03-26,obk,False,anchored,179.0,2025-03-26T17:30:00Z,53306476,820,382,438,0,2,820,382,438,0,0,0,0,0,0,1.1e-05,820,215.973671,0.025873,142,36.543786,70,72,-0.004926,675,178.879193,311,364,-0.11678,3,0.550692,1,2,8-Ball,0.025873
9293059,Daniel Michalsen,https://img.cuescore.com/image/1/4/1027ed2d60180ee92fbd16e8cf9d3412.png?t=1645889072,https://cuescore.com/img/flags/png-country-4x2-none/res-640x480/no.png,418.43,418.47,2023-02-05,ostkanten,False,anchored,,,,6,6,0,44,2,0,0,0,6,6,0,0,0,0,0.626272,6,2.241086,,0,0.0,0,0,0.0,6,2.241086,6,0,,0,0.0,0,0,9-Ball,0.0
1006302,Jo Bjørnstad,https://img.cuescore.com/image/b/4/be02e2a0818d00d7c02cd37ef62e28eb.png?t=1643559237,https://cuescore.com/img/flags/png-country-4x2-none/res-640x480/no.png,418.22,418.24,2024-04-13,obk,False,anchored,,,,16,8,8,34,2,16,8,8,0,0,0,0,0,0,0.118724,16,9.031812,,0,0.0,0,0,0.0,16,9.031812,8,8,,0,0.0,0,0,9-Ball,0.0
4765825,Knut Holm,https://img.cuescore.com/image/8/4/862c792ba8eb7f97e626fbe6cbcc59f6.png,https://cuescore.com/img/flags/png-country-4x2-none/res-640x480/no.png,418.18,418.18,2020-02-03,obk,False,anchored,,,,23,13,10,27,2,23,13,10,0,0,0,0,0,0,0.172376,23,4.929517,0.0,23,4.929517,13,10,,0,0.0,0,0,,0,0.0,0,0,8-Ball,0.0
10651267,Marcin Góra,https://img.cuescore.com/image/a/4/a8dc68e40105eb6e5fddc4fc7acf6436.png?t=1711224948,https://cuescore.com/img/flags/png-country-4x2-none/res-640x480/no.png,418.14,418.16,2026-06-15,obk,False,anchored,,,,16,7,9,34,2,16,7,9,0,0,0,0,0,0,0.071572,16,14.916235,,0,0.0,0,0,0.0,16,14.916235,7,9,,0,0.0,0,0,9-Ball,0.0
12348598,Runar Leiren,https://img.cuescore.com/image/8/4/862c792ba8eb7f97e626fbe6cbcc59f6.png,https://cuescore.com/img/flags/png-country-4x2-none/res-640x480/no.png,418.13,418.11,2022-01-31,obk,False,anchored,,,,22,13,9,28,2,22,13,9,0,0,0,0,0,0,0.117502,22,7.47314,0.0,22,7.47314,13,9,,0,0.0,0,0,,0,0.0,0,0,8-Ball,0.0
2828304,Robin Nordbøen,https://img.cuescore.com/image/0/4/03eec035966868636af49ea5563752f5.png?t=1687895124,https://cuescore.com/img/flags/png-country-4x2-none/res-640x480/no.png,418.09,418.1,2025-04-13,ostkanten,False,anchored,60.0,2019-01-23T18:00:00Z,3671645,30,15,15,20,2,30,15,15,0,0,0,0,0,0,0.068898,30,9.095834,,0,0.0,0,0,0.0,30,9.095834,15,15,,0,0.0,0,0,9-Ball,0.0
1097384,Raymond Hauge,https://img.cuescore.com/image/e/4/e3595fd0b4106f80ead6c38d51c219dc.png?t=1778178582,https://cuescore.com/img/flags/png-country-4x2-none/res-640x480/no.png,418.07,418.09,2025-03-03,obk,False,anchored,,,,8,4,4,42,2,8,4,4,0,0,0,0,0,0,0.236917,8,5.543601,,0,0.0,0,0,0.0,8,5.543601,4,4,,0,0.0,0,0,9-Ball,0.0
2084043,Mahmut Mutto,https://img.cuescore.com/image/a/4/aca65f40e1adc3286188e4cb430c07bc.png?t=1741411165,https://cuescore.com/img/flags/png-country-4x2-none/res-640x480/se.png,418.06,418.08,2020-01-30,obk,False,anchored,0.0,2020-01-30T19:15:00Z,7224607,28,10,18,22,2,28,10,18,0,0,0,0,0,0,0.181879,28,3.776867,,0,0.0,0,0,0.0,28,3.776867,10,18,,0,0.0,0,0,9-Ball,0.0
1081624,Jan SuperMario Johansen,https://img.cuescore.com/image/f/4/f53f13111b19543cd96b91003631d65e.png?t=1646213481,https://cuescore.com/img/flags/png-country-4x2-none/res-640x480/no.png,417.58,417.62,2022-03-16,obk,False,anchored,,,,9,5,4,41,2,9,5,4,0,0,0,0,0,0,0.396937,9,3.143483,,0,0.0,0,0,0.0,9,3.143483,5,4,,0,0.0,0,0,9-Ball,0.0
21247174,Iris Eijmberts,https://img.cuescore.com/image/8/4/860c958e81ab89f3126206831816b542.png?t=1761472843,https://cuescore.com/img/flags/png-country-4x2-none/res-640x480/nl.png,417.39,417.43,2026-06-15,obk,False,anchored,,,,13,7,6,37,2,13,7,6,0,0,0,0,0,0,0.091917,13,12.119441,,0,0.0,0,0,0.0,13,12.119441,7,6,,0,0.0,0,0,9-Ball,0.0
8329325,Frode Ellingsen,https://img.cuescore.com/image/b/4/b824a9445cc26ad115a8c325d41f0dd9.png?t=1651306825,https://cuescore.com/img/flags/png-country-4x2-none/res-640x480/no.png,416.23,416.21,2022-10-31,obk,False,anchored,175.0,2022-10-31T17:00:00Z,19043545,23,12,11,27,2,23,12,11,0,0,0,0,0,0,0.093657,23,8.094346,,0,0.0,0,0,0.0,23,8.094346,12,11,,0,0.0,0,0,9-Ball,0.0
6907086,Elens Zommers,https://img.cuescore.com/image/8/4/862c792ba8eb7f97e626fbe6cbcc59f6.png,https://cuescore.com/img/flags/png-country-4x2-none/res-640x480/no.png,415.98,415.69,2026-04-26,ostkanten,False,anchored,1.0,2020-11-01T13:00:00Z,8418763,31,11,20,19,2,14,6,8,17,5,12,0,0,0,0.027803,31,18.904022,,0,0.0,0,0,-0.00333,17,15.353849,5,12,0.0144,14,3.550173,6,8,10-Ball,0.0144
3375253,Elvis Miglans,https://img.cuescore.com/image/0/4/02db2ff0e81064d8489a026214fd2d88.png?t=1663498762,https://cuescore.com/img/flags/png-country-4x2-none/res-640x480/se.png,415.93,415.95,2021-07-24,obk,False,anchored,,,,16,11,5,34,2,16,11,5,0,0,0,0,0,0,0.194701,16,4.817072,,0,0.0,0,0,0.0,16,4.817072,11,5,,0,0.0,0,0,9-Ball,0.0
16253185,Frank Svorkmo,https://img.cuescore.com/image/8/4/862c792ba8eb7f97e626fbe6cbcc59f6.png,https://cuescore.com/img/flags/png-country-4x2-none/res-640x480/no.png,415.91,415.94,2023-05-07,ostkanten,False,anchored,3.0,2023-04-12T16:00:00Z,21241732,9,5,4,41,2,0,0,0,9,5,4,0,0,0,0.275979,9,4.091929,0.0,9,4.091929,5,4,,0,0.0,0,0,,0,0.0,0,0,8-Ball,0.0
3611014,Terje Blegen,https://img.cuescore.com/image/3/4/3d07244e8328f1ab12c7cf6e0118b055.png?t=1547390981,https://cuescore.com/img/flags/png-country-4x2-none/res-640x480/no.png,415.81,415.78,2025-11-23,ostkanten,False,anchored,,,,20,8,12,30,2,0,0,0,20,8,12,0,0,0,0.050083,20,16.387068,,0,0.0,0,0,0.0,20,16.387068,8,12,,0,0.0,0,0,9-Ball,0.0
1006203,Edwin Ingebrigtsen,https://img.cuescore.com/image/4/4/4311efb130d377e75e15b5b6c689c2fb.png?t=1603618955,https://cuescore.com/img/flags/png-country-4x2-none/res-640x480/no.png,415.79,415.82,2024-04-13,obk,False,anchored,60.0,2018-02-28T17:15:00Z,2145425,10,4,6,40,2,10,4,6,0,0,0,0,0,0,0.193785,10,5.644882,,0,0.0,0,0,0.0,10,5.644882,4,6,,0,0.0,0,0,9-Ball,0.0
3439621,Qani Rahimi,https://img.cuescore.com/image/8/4/862c792ba8eb7f97e626fbe6cbcc59f6.png,https://cuescore.com/img/flags/png-country-4x2-none/res-640x480/no.png,415.74,415.57,2019-02-25,obk,False,anchored,,,,52,27,25,0,2,52,27,25,0,0,0,0,0,0,0.000151,52,8.79308,0.146427,8,1.308749,5,3,-0.069274,31,5.348174,14,17,0.083726,13,2.136156,8,5,8-Ball,0.146427
67010161,Valtteri Vaherto,https://img.cuescore.com/image/2/4/24d23e3d45b5df4600cdbaf9eb3f3ff7.png?t=1761576522,https://cuescore.com/img/flags/png-country-4x2-none/res-640x480/fi.png,415.7,415.7,2026-06-15,obk,False,anchored,,,,10,5,5,40,2,10,5,5,0,0,0,0,0,0,0.116636,10,9.322647,,0,0.0,0,0,0.0,10,9.322647,5,5,,0,0.0,0,0,9-Ball,0.0
2140722,Mats Larsen,https://img.cuescore.com/image/8/4/862c792ba8eb7f97e626fbe6cbcc59f6.png,https://cuescore.com/img/flags/png-country-4x2-none/res-640x480/no.png,415.03,414.87,2018-12-10,obk,False,anchored,,,,173,85,88,0,2,173,85,88,0,0,0,0,0,0,-1.3e-05,173,25.867594,0.036163,37,5.481703,19,18,-0.00168,130,19.399973,64,66,-0.168017,6,0.985918,2,4,8-Ball,0.036163
1006493,Steinar Moe,https://img.cuescore.com/image/6/4/67ad3957a9f3dae3e7fb06ac0aee70e3.png?t=1643995538,https://cuescore.com/img/flags/png-country-4x2-none/res-640x480/no.png,414.99,415.0,2022-07-10,ostkanten,False,anchored,5.0,2019-08-30T14:00:00Z,5976158,27,10,17,23,2,0,0,0,27,10,17,0,0,0,0.058772,27,10.146219,,0,0.0,0,0,0.106496,22,8.26796,10,12,-0.468788,5,1.878259,0,5,9-Ball,0.106496
1957536,Sebastian Yet,https://img.cuescore.com/image/c/4/c67d8fc5203e9222da435c18983e72fe.png?t=1510592641,,414.73,414.56,2018-03-12,obk,False,anchored,,,,59,26,33,0,2,59,26,33,0,0,0,0,0,0,-8.4e-05,59,7.916565,0.12145,24,3.077559,15,9,-0.077241,35,4.839006,11,24,,0,0.0,0,0,8-Ball,0.12145
11386969,Magnus Saltnessand,https://img.cuescore.com/image/8/4/862c792ba8eb7f97e626fbe6cbcc59f6.png,https://cuescore.com/img/flags/png-country-4x2-none/res-640x480/no.png,414.61,414.63,2026-03-21,obk,False,anchored,,,,5,3,2,45,2,5,3,2,0,0,0,0,0,0,0.257768,5,4.414625,,0,0.0,0,0,0.0,5,4.414625,3,2,,0,0.0,0,0,9-Ball,0.0
4762948,Drilon Disha,https://img.cuescore.com/image/5/4/5ba95bf50f144f7e62bfa9744f546f27.png?t=1549903644,,414.46,414.43,2019-02-11,obk,False,anchored,,,,33,15,18,17,2,33,15,18,0,0,0,0,0,0,0.075396,33,5.64302,,0,0.0,0,0,0.0,33,5.64302,15,18,,0,0.0,0,0,9-Ball,0.0
42294214,Marius Mikk,https://img.cuescore.com/image/8/4/862c792ba8eb7f97e626fbe6cbcc59f6.png,https://cuescore.com/img/flags/png-country-4x2-none/res-640x480/no.png,414.31,414.35,2024-04-27,obk,False,anchored,,,,4,4,0,46,2,4,4,0,0,0,0,0,0,0,0.500427,4,2.277979,0.0,4,2.277979,4,0,,0,0.0,0,0,,0,0.0,0,0,8-Ball,0.0
49471744,Nikola Ljusic,https://img.cuescore.com/image/8/4/862c792ba8eb7f97e626fbe6cbcc59f6.png,https://cuescore.com/img/flags/png-country-4x2-none/res-640x480/no.png,414.07,414.06,2025-06-30,obk,False,anchored,204.0,2025-06-30T16:00:00Z,62644030,16,6,10,34,2,16,6,10,0,0,0,0,0,0,0.069326,16,11.953731,,0,0.0,0,0,0.0,16,11.953731,6,10,,0,0.0,0,0,9-Ball,0.0
2049369,Mickey Krause,https://img.cuescore.com/image/3/4/39758b4ef4170280206fa2dd84185a2c.png?t=1522751763,https://cuescore.com/img/flags/png-country-4x2-none/res-640x480/dk.png,413.47,413.48,2022-12-30,obk,False,anchored,1.0,2019-08-30T14:00:00Z,5976158,18,7,11,32,2,18,7,11,0,0,0,0,0,0,0.169691,18,4.394717,,0,0.0,0,0,0.071405,6,2.065772,4,2,-0.063336,12,2.328946,3,9,9-Ball,0.071405
1013249,Jan Verner Bjørklund,https://img.cuescore.com/image/e/4/e46eeccaa24caaf1350bb8219f83d268.png?t=1441950120,https://cuescore.com/img/flags/png-country-4x2-none/res-640x480/no.png,413.29,413.31,2020-06-06,obk,False,anchored,3.0,2020-06-06T11:00:00Z,7911168,27,13,14,23,2,27,13,14,0,0,0,0,0,0,0.1679,27,3.150076,,0,0.0,0,0,0.0,27,3.150076,13,14,,0,0.0,0,0,9-Ball,0.0
13294528,Carsten Westberg,https://img.cuescore.com/image/b/4/baf55504824a0b57f8f9e179dc10a201.png?t=1645187883,https://cuescore.com/img/flags/png-country-4x2-none/res-640x480/no.png,413.19,413.22,2024-02-06,obk,False,anchored,,,,22,11,11,28,2,22,11,11,0,0,0,0,0,0,0.053735,22,11.904016,,0,0.0,0,0,,0,0.0,0,0,0.0,22,11.904016,11,11,10-Ball,0.0
7100105,Filip,https://img.cuescore.com/image/8/4/862c792ba8eb7f97e626fbe6cbcc59f6.png,https://cuescore.com/img/flags/png-country-4x2-none/res-640x480/no.png,413.13,413.09,2020-03-09,obk,False,anchored,,,,39,19,20,11,2,39,19,20,0,0,0,0,0,0,0.029701,39,8.408749,-0.077975,8,1.684512,3,5,0.019534,31,6.724238,16,15,,0,0.0,0,0,9-Ball,0.019534
1295268,Line Kjørsvik,https://img.cuescore.com/image/e/4/e57b8883b2bac653a12b10efad714aae.png?t=1572094810,https://cuescore.com/img/flags/png-country-4x2-none/res-640x480/no.png,413.07,413.09,2022-05-28,obk,False,anchored,,,,12,8,4,38,2,12,8,4,0,0,0,0,0,0,0.195929,12,4.38888,0.0,12,4.38888,8,4,,0,0.0,0,0,,0,0.0,0,0,8-Ball,0.0
28669342,EM Thai,https://img.cuescore.com/image/8/4/862c792ba8eb7f97e626fbe6cbcc59f6.png,https://cuescore.com/img/flags/png-country-4x2-none/res-640x480/th.png,412.98,412.98,2026-06-15,obk,False,anchored,,,,12,6,6,38,2,12,6,6,0,0,0,0,0,0,0.076341,12,11.187176,,0,0.0,0,0,0.0,12,11.187176,6,6,,0,0.0,0,0,9-Ball,0.0
5145209,Frode Lystad,https://img.cuescore.com/image/3/4/3211b5a9e406c00f7f207fb76980e0f5.png?t=1729016700,https://cuescore.com/img/flags/png-country-4x2-none/res-640x480/no.png,412.6,412.58,2024-07-06,obk,False,anchored,,,,25,10,15,25,2,25,10,15,0,0,0,0,0,0,0.047463,25,11.48738,-0.123953,9,1.963412,4,5,0.025553,16,9.523968,6,10,,0,0.0,0,0,9-Ball,0.025553
5528057,Stelios,https://img.cuescore.com/image/8/4/862c792ba8eb7f97e626fbe6cbcc59f6.png,https://cuescore.com/img/flags/png-country-4x2-none/res-640x480/no.png,412.59,412.57,2020-02-17,obk,False,anchored,,,,31,17,14,19,2,31,17,14,0,0,0,0,0,0,0.068881,31,6.008223,0.026541,15,2.92482,9,6,-0.025176,16,3.083403,8,8,,0,0.0,0,0,8-Ball,0.026541
1944604,Antonio De La Garza,https://img.cuescore.com/image/8/4/862c792ba8eb7f97e626fbe6cbcc59f6.png,https://cuescore.com/img/flags/png-country-4x2-none/res-640x480/no.png,412.4,412.39,2018-03-05,obk,False,anchored,,,,31,13,18,19,2,31,13,18,0,0,0,0,0,0,0.095983,31,4.252508,-0.160784,8,1.08664,2,6,0.055187,23,3.165868,11,12,,0,0.0,0,0,9-Ball,0.055187
1281902,Bjørn Edvardsen,https://img.cuescore.com/image/8/4/862c792ba8eb7f97e626fbe6cbcc59f6.png,https://cuescore.com/img/flags/png-country-4x2-none/res-640x480/no.png,412.16,412.17,2017-01-04,obk,False,anchored,,,,22,12,10,28,2,22,12,10,0,0,0,0,0,0,0.254937,22,2.314355,0.0,22,2.314355,12,10,,0,0.0,0,0,,0,0.0,0,0,8-Ball,0.0
67477936,Theodor Brekke-Hongset,https://img.cuescore.com/image/8/4/862c792ba8eb7f97e626fbe6cbcc59f6.png,https://cuescore.com/img/flags/png-country-4x2-none/res-640x480/no.png,412.12,411.97,2025-09-24,obk,False,anchored,175.0,2025-09-24T16:00:00Z,68791057,36,15,21,14,2,36,15,21,0,0,0,0,0,0,0.010399,36,28.32611,-0.079902,8,6.247476,4,4,0.022609,28,22.078634,11,17,,0,0.0,0,0,9-Ball,0.022609
2945676,Christoffer Hansen,https://img.cuescore.com/image/1/4/19be74237a23ce3f5268931c38073953.png?t=1541014232,https://cuescore.com/img/flags/png-country-4x2-none/res-640x480/no.png,411.88,411.9,2021-10-17,ostkanten,False,anchored,,,,15,9,6,35,2,0,0,0,15,9,6,0,0,0,0.310935,15,2.314985,,0,0.0,0,0,,0,0.0,0,0,0.0,15,2.314985,9,6,10-Ball,0.0
19663147,Elin Evensen,https://img.cuescore.com/image/5/4/5aa6aa48f7d5ffe854d5266ac08db7ef.png,https://cuescore.com/img/flags/png-country-4x2-none/res-640x480/no.png,411.88,411.87,2022-10-22,obk,False,anchored,,,,21,12,9,29,2,21,12,9,0,0,0,0,0,0,0.070749,21,8.428355,,0,0.0,0,0,0.0,21,8.428355,12,9,,0,0.0,0,0,9-Ball,0.0
26613781,Patrick Kilman,https://img.cuescore.com/image/f/4/f81a347da33f5ce48b5b4b1fb2380718.png?t=1681463828,https://cuescore.com/img/flags/png-country-4x2-none/res-640x480/se.png,411.73,411.74,2025-01-27,obk,False,anchored,,,,9,4,5,41,2,9,4,5,0,0,0,0,0,0,0.136491,9,6.099987,,0,0.0,0,0,,0,0.0,0,0,0.0,9,6.099987,4,5,10-Ball,0.0
7654573,Sam Musallam Burnieh,https://img.cuescore.com/image/8/4/862c792ba8eb7f97e626fbe6cbcc59f6.png,https://cuescore.com/img/flags/png-country-4x2-none/res-640x480/no.png,411.62,411.64,2020-03-02,obk,False,anchored,,,,21,13,8,29,2,21,13,8,0,0,0,0,0,0,0.127863,21,4.564909,-0.133493,4,0.872628,2,2,,0,0.0,0,0,0.03155,17,3.692281,11,6,10-Ball,0.03155
1537965,Lukas Andersson,https://img.cuescore.com/image/2/4/2312c1d26620e1bc0f2972cb83a20fe5.png?t=1700153031,https://cuescore.com/img/flags/png-country-4x2-none/res-640x480/se.png,411.54,411.56,2018-02-01,obk,False,anchored,0.0,2018-02-01T17:00:00Z,2103827,27,9,18,23,2,27,9,18,0,0,0,0,0,0,0.126095,27,3.641979,,0,0.0,0,0,0.0,27,3.641979,9,18,,0,0.0,0,0,9-Ball,0.0
6736102,Jóhann Marel Viðarsson,https://img.cuescore.com/image/2/4/224a57fe8f232448d815605bdfa45e24.png?t=1572289483,https://cuescore.com/img/flags/png-country-4x2-none/res-640x480/is.png,411.32,411.32,2022-09-18,ostkanten,False,anchored,525.0,2022-09-14T16:00:00Z,17824084,16,8,8,34,2,0,0,0,16,8,8,0,0,0,0.105976,16,6.285832,,0,0.0,0,0,0.0,16,6.285832,8,8,,0,0.0,0,0,9-Ball,0.0
3635527,Per Ståle,https://img.cuescore.com/image/8/4/862c792ba8eb7f97e626fbe6cbcc59f6.png,https://cuescore.com/img/flags/png-country-4x2-none/res-640x480/no.png,411.28,411.27,2019-01-14,obk,False,anchored,,,,29,15,14,21,2,29,15,14,0,0,0,0,0,0,0.084131,29,4.871954,,0,0.0,0,0,0.0,29,4.871954,15,14,,0,0.0,0,0,9-Ball,0.0
1996345,Asgeir Elingsgård,https://img.cuescore.com/image/8/4/862c792ba8eb7f97e626fbe6cbcc59f6.png,https://cuescore.com/img/flags/png-country-4x2-none/res-640x480/no.png,411.09,411.04,2017-12-03,ostkanten,False,anchored,,,,33,13,20,17,2,0,0,0,33,13,20,0,0,0,0.076239,33,4.285324,,0,0.0,0,0,,0,0.0,0,0,0.0,33,4.285324,13,20,10-Ball,0.0
19571821,Erik Sørensen,https://img.cuescore.com/image/8/4/862c792ba8eb7f97e626fbe6cbcc59f6.png,https://cuescore.com/img/flags/png-country-4x2-none/res-640x480/no.png,411.02,411.0,2023-12-11,obk,False,anchored,151.0,2022-11-14T17:00:00Z,20101777,17,8,9,33,2,17,8,9,0,0,0,0,0,0,0.070984,17,8.873022,0.0,17,8.873022,8,9,,0,0.0,0,0,,0,0.0,0,0,8-Ball,0.0
15015007,Nikola Tadijanović,https://img.cuescore.com/image/2/4/2f1a2daecdffaa6d63b4843c739b07bf.png?t=1650726826,https://cuescore.com/img/flags/png-country-4x2-none/res-640x480/hr.png,410.96,410.89,2025-01-19,ostkanten,False,anchored,225.0,2024-09-09T16:00:00Z,47692012,27,13,14,23,2,25,13,12,2,0,2,0,0,0,0.042401,27,10.27521,,0,0.0,0,0,-0.447048,2,0.747029,0,2,0.035049,25,9.528181,13,12,10-Ball,0.035049
1944588,Drilon Disha,https://img.cuescore.com/image/8/4/862c792ba8eb7f97e626fbe6cbcc59f6.png,https://cuescore.com/img/flags/png-country-4x2-none/res-640x480/no.png,410.89,410.77,2018-03-19,obk,False,anchored,,,,46,21,25,4,2,46,21,25,0,0,0,0,0,0,0.011955,46,6.311091,-0.392647,4,0.555484,0,4,0.037895,42,5.755608,21,21,,0,0.0,0,0,9-Ball,0.037895
16820812,Remi Johnsen,https://img.cuescore.com/image/0/4/0b01457fa7ee5b82666a17eda498918a.png?t=1730975709,https://cuescore.com/img/flags/png-country-4x2-none/res-640x480/no.png,410.89,410.92,2026-06-15,obk,False,anchored,,,,7,4,3,43,2,7,4,3,0,0,0,0,0,0,0.124303,7,6.525853,,0,0.0,0,0,0.0,7,6.525853,4,3,,0,0.0,0,0,9-Ball,0.0
1944513,Harald Helberg,https://img.cuescore.com/image/8/4/862c792ba8eb7f97e626fbe6cbcc59f6.png,https://cuescore.com/img/flags/png-country-4x2-none/res-640x480/no.png,410.88,410.87,2017-11-05,ostkanten,False,anchored,,,,25,11,14,25,2,0,0,0,25,11,14,0,0,0,0.147679,25,3.18944,,0,0.0,0,0,,0,0.0,0,0,0.0,25,3.18944,11,14,10-Ball,0.0
1751833,Carlton Ford,https://img.cuescore.com/image/8/4/862c792ba8eb7f97e626fbe6cbcc59f6.png,https://cuescore.com/img/flags/png-country-4x2-none/res-640x480/us.png,410.78,410.62,2019-10-28,obk,False,anchored,,,,70,34,36,0,2,70,34,36,0,0,0,0,0,0,6e-05,70,10.955274,0.069198,44,6.715359,24,20,-0.109598,26,4.239915,10,16,,0,0.0,0,0,8-Ball,0.069198
2890761,Yanan,https://img.cuescore.com/image/5/4/5aa6aa48f7d5ffe854d5266ac08db7ef.png,https://cuescore.com/img/flags/png-country-4x2-none/res-640x480/no.png,410.72,410.73,2018-08-20,obk,False,anchored,,,,15,12,3,35,2,15,12,3,0,0,0,0,0,0,0.282809,15,2.296146,,0,0.0,0,0,0.0,15,2.296146,12,3,,0,0.0,0,0,9-Ball,0.0
69871786,Tito Hansen,https://img.cuescore.com/image/8/4/862c792ba8eb7f97e626fbe6cbcc59f6.png,https://cuescore.com/img/flags/png-country-4x2-none/res-640x480/no.png,410.67,410.6,2025-10-06,obk,False,anchored,175.0,2025-10-06T16:00:00Z,69798916,15,8,7,35,2,15,8,7,0,0,0,0,0,0,0.054266,15,11.923352,0.0,15,11.923352,8,7,,0,0.0,0,0,,0,0.0,0,0,8-Ball,0.0
1006331,Kenneth Rognstad,https://img.cuescore.com/image/7/4/75011e6f288d930238f9b02b6df5ba53.png?t=1630702299,https://cuescore.com/img/flags/png-country-4x2-none/res-640x480/no.png,410.62,410.64,2022-07-11,ostkanten,False,anchored,2.0,2019-08-30T14:00:00Z,5976158,5,4,1,45,2,0,0,0,5,4,1,0,0,0,0.440144,5,1.880646,,0,0.0,0,0,-0.738588,1,0.376121,0,1,0.184642,4,1.504525,4,0,10-Ball,0.184642
43019719,Martin Mellemstrand,https://img.cuescore.com/image/8/4/862c792ba8eb7f97e626fbe6cbcc59f6.png,https://cuescore.com/img/flags/png-country-4x2-none/res-640x480/no.png,410.57,410.59,2024-05-21,obk,False,anchored,,,,7,5,2,43,2,7,5,2,0,0,0,0,0,0,0.194567,7,4.047661,,0,0.0,0,0,0.0,7,4.047661,5,2,,0,0.0,0,0,9-Ball,0.0
2660053,Morten Bjellås,https://img.cuescore.com/image/6/4/61677b113ed0ff9f7747c85295ec0473.png?t=1690105407,https://cuescore.com/img/flags/png-country-4x2-none/res-640x480/no.png,410.51,410.21,2026-09-13,ostkanten,False,anchored,3.0,2026-04-03T13:00:00Z,79209838,837,325,512,0,2,401,189,212,436,136,300,0,0,0,-7e-06,837,453.248678,-0.063932,194,110.57163,68,126,0.021261,561,326.241204,225,336,0.008075,82,16.435844,32,50,9-Ball,0.021261
3485006,Cyril Vella,https://img.cuescore.com/image/2/4/28f0877d2dc7216baa53c6da8c25ff0c.png?t=1543951140,https://cuescore.com/img/flags/png-country-4x2-none/res-640x480/fr.png,410.43,410.44,2020-03-02,obk,False,anchored,,,,30,16,14,20,2,30,16,14,0,0,0,0,0,0,0.055325,30,6.527357,0.068802,12,2.617883,7,5,,0,0.0,0,0,-0.046072,18,3.909474,9,9,8-Ball,0.068802
1006374,Markus Kotvojs,https://img.cuescore.com/image/4/4/459349959f5e9edf2fa68f0688d9da54.png?t=1446584388,https://cuescore.com/img/flags/png-country-4x2-none/res-640x480/no.png,410.33,410.32,2018-06-11,obk,False,anchored,,,,27,13,14,23,2,27,13,14,0,0,0,0,0,0,0.104061,27,3.954039,,0,0.0,0,0,0.0,27,3.954039,13,14,,0,0.0,0,0,9-Ball,0.0
34894609,Matias Holen Dale,https://img.cuescore.com/image/8/4/862c792ba8eb7f97e626fbe6cbcc59f6.png,https://cuescore.com/img/flags/png-country-4x2-none/res-640x480/no.png,410.18,410.2,2026-03-21,obk,False,anchored,,,,4,2,2,46,2,4,2,2,0,0,0,0,0,0,0.229745,4,3.5317,,0,0.0,0,0,0.0,4,3.5317,2,2,,0,0.0,0,0,9-Ball,0.0
2166616,Philippe Béal,https://img.cuescore.com/image/6/4/600f1bbaeb2efc9ba2bac0cd76b99000.png?t=1519076753,https://cuescore.com/img/flags/png-country-4x2-none/res-640x480/no.png,409.87,409.66,2025-12-08,obk,False,anchored,162.0,2025-12-08T17:00:00Z,73368727,453,208,245,0,2,453,208,245,0,0,0,0,0,0,-9e-06,453,95.596719,0.024845,218,55.464652,103,115,-0.025808,225,37.607306,102,123,-0.161393,10,2.524761,3,7,8-Ball,0.024845
1472755,Georgina Askeland,https://img.cuescore.com/image/5/4/5aa6aa48f7d5ffe854d5266ac08db7ef.png,https://cuescore.com/img/flags/png-country-4x2-none/res-640x480/no.png,409.74,409.65,2018-03-12,obk,False,anchored,,,,45,17,28,5,2,45,17,28,0,0,0,0,0,0,0.013494,45,6.121322,-0.132237,10,1.282316,4,6,0.035042,35,4.839006,13,22,,0,0.0,0,0,9-Ball,0.035042
5670467,Tasos Mertzanis,https://img.cuescore.com/image/8/4/862c792ba8eb7f97e626fbe6cbcc59f6.png,https://cuescore.com/img/flags/png-country-4x2-none/res-640x480/gr.png,409.74,409.74,2019-09-04,obk,False,anchored,88.0,2019-09-04T17:01:00Z,6299728,18,8,10,32,2,18,8,10,0,0,0,0,0,0,0.160825,18,3.354484,,0,0.0,0,0,0.0,18,3.354484,8,10,,0,0.0,0,0,9-Ball,0.0
7779625,Løkky Loke,https://img.cuescore.com/image/8/4/862c792ba8eb7f97e626fbe6cbcc59f6.png,https://cuescore.com/img/flags/png-country-4x2-none/res-640x480/no.png,409.51,409.52,2020-03-09,obk,False,anchored,,,,16,10,6,34,2,16,10,6,0,0,0,0,0,0,0.159754,16,3.506001,,0,0.0,0,0,0.0,16,3.506001,10,6,,0,0.0,0,0,9-Ball,0.0
66009190,Steven Tica,https://img.cuescore.com/image/a/4/a55fd6d7ba8ae92efb2cf936bd734bad.png?t=1786097887,https://cuescore.com/img/flags/png-country-4x2-none/res-640x480/ph.png,409.46,409.51,2026-06-07,ostkanten,False,anchored,,,,14,6,8,36,2,0,0,0,14,6,8,0,0,0,0.045408,14,12.984795,0.0,14,12.984795,6,8,,0,0.0,0,0,,0,0.0,0,0,8-Ball,0.0
6088513,Christopher Koba,https://img.cuescore.com/image/5/4/5e25d7a0c728fa1613fde51f1e4b8650.png?t=1711275410,https://cuescore.com/img/flags/png-country-4x2-none/res-640x480/se.png,409.38,409.4,2019-08-31,obk,False,anchored,0.0,2019-08-30T20:00:00Z,6096626,10,5,5,40,2,10,5,5,0,0,0,0,0,0,0.335059,10,1.939696,,0,0.0,0,0,0.0,10,1.939696,5,5,,0,0.0,0,0,9-Ball,0.0
7654643,Raymond Alstad,https://img.cuescore.com/image/8/4/862c792ba8eb7f97e626fbe6cbcc59f6.png,https://cuescore.com/img/flags/png-country-4x2-none/res-640x480/no.png,409.33,409.32,2020-03-09,obk,False,anchored,,,,36,18,18,14,2,36,18,18,0,0,0,0,0,0,0.028851,36,7.847929,,0,0.0,0,0,-0.088127,15,3.286876,6,9,0.063508,21,4.561053,12,9,10-Ball,0.063508
72868804,Sander Naas-Mælen,https://img.cuescore.com/image/8/4/862c792ba8eb7f97e626fbe6cbcc59f6.png,https://cuescore.com/img/flags/png-country-4x2-none/res-640x480/no.png,409.31,408.85,2026-09-28,obk,False,anchored,244.0,2026-09-28T16:00:00Z,90141868,530,208,322,0,2,530,208,322,0,0,0,0,0,0,9e-06,530,499.488145,-0.198022,45,42.671512,10,35,0.020591,458,431.296144,186,272,-0.016886,27,25.520488,12,15,9-Ball,0.020591
1552001,Stig Elde Mikkelsen,https://img.cuescore.com/image/f/4/faf1ee1962736e0f6504c12e74ff3fe3.png?t=1501105742,https://cuescore.com/img/flags/png-country-4x2-none/res-640x480/no.png,409.11,409.12,2022-07-11,ostkanten,False,anchored,6.0,2019-08-30T14:00:00Z,5976158,9,5,4,41,2,3,2,1,6,3,3,0,0,0,0.227986,9,2.839344,-0.529501,1,0.376109,0,1,0.17791,7,2.087103,5,2,-0.457731,1,0.376131,0,1,9-Ball,0.17791
2053862,Patrik Enbom,https://img.cuescore.com/image/1/4/176e7888ccc21afaf12720d5f6edafbd.png?t=1568055392,https://cuescore.com/img/flags/png-country-4x2-none/res-640x480/se.png,409.02,409.04,2024-02-23,obk,False,anchored,0.0,2024-02-23T17:00:00Z,40191676,5,2,3,45,2,5,2,3,0,0,0,0,0,0,0.257163,5,2.734782,,0,0.0,0,0,0.0,5,2.734782,2,3,,0,0.0,0,0,9-Ball,0.0
1496697,Sabahudin Comor,https://img.cuescore.com/image/8/4/862c792ba8eb7f97e626fbe6cbcc59f6.png,https://cuescore.com/img/flags/png-country-4x2-none/res-640x480/ba.png,408.96,408.98,2022-12-30,obk,False,anchored,2.0,2020-07-04T11:00:00Z,7913882,5,3,2,45,2,5,3,2,0,0,0,0,0,0,0.333222,5,2.096698,,0,0.0,0,0,0.0,5,2.096698,3,2,,0,0.0,0,0,9-Ball,0.0
1934104,Milad Safa,https://img.cuescore.com/image/8/4/862c792ba8eb7f97e626fbe6cbcc59f6.png,,408.74,408.75,2017-10-30,obk,False,anchored,,,,22,15,7,28,2,22,15,7,0,0,0,0,0,0,0.151704,22,2.796222,0.0,22,2.796222,15,7,,0,0.0,0,0,,0,0.0,0,0,8-Ball,0.0
2792002,Shaq Bajrami,https://img.cuescore.com/image/9/4/91a29293797ec4825e64dc6a81bff17a.png?t=1531840692,,408.71,408.51,2023-02-06,obk,False,anchored,225.0,2023-02-06T17:00:00Z,21246271,128,54,74,0,2,128,54,74,0,0,0,0,0,0,-1.6e-05,128,25.902742,0.020653,49,11.260279,21,28,-0.039286,52,9.883255,20,32,0.03272,27,4.759207,13,14,10-Ball,0.03272
1934110,Ivan Tadic,https://img.cuescore.com/image/8/4/862c792ba8eb7f97e626fbe6cbcc59f6.png,,408.71,408.72,2017-10-30,obk,False,anchored,,,,22,14,8,28,2,22,14,8,0,0,0,0,0,0,0.151257,22,2.796222,0.0,22,2.796222,14,8,,0,0.0,0,0,,0,0.0,0,0,8-Ball,0.0
2684489,Bjørn,https://img.cuescore.com/image/8/4/862c792ba8eb7f97e626fbe6cbcc59f6.png,https://cuescore.com/img/flags/png-country-4x2-none/res-640x480/no.png,408.68,408.69,2018-06-16,obk,False,anchored,,,,15,10,5,35,2,15,10,5,0,0,0,0,0,0,0.238828,15,2.203473,,0,0.0,0,0,0.0,15,2.203473,10,5,,0,0.0,0,0,9-Ball,0.0
7285241,Linda,https://img.cuescore.com/image/5/4/5aa6aa48f7d5ffe854d5266ac08db7ef.png,https://cuescore.com/img/flags/png-country-4x2-none/res-640x480/no.png,408.68,408.7,2020-02-03,obk,False,anchored,,,,10,8,2,40,2,10,8,2,0,0,0,0,0,0,0.280822,10,2.143268,0.0,10,2.143268,8,2,,0,0.0,0,0,,0,0.0,0,0,8-Ball,0.0
1944190,Anders Lie,https://img.cuescore.com/image/8/4/862c792ba8eb7f97e626fbe6cbcc59f6.png,https://cuescore.com/img/flags/png-country-4x2-none/res-640x480/no.png,408.67,408.68,2019-09-28,ostkanten,False,anchored,,,,11,6,5,39,2,0,0,0,11,6,5,0,0,0,0.269414,11,2.174457,,0,0.0,0,0,0.0,11,2.174457,6,5,,0,0.0,0,0,9-Ball,0.0
30584953,Mattias Beckman,https://img.cuescore.com/image/8/4/862c792ba8eb7f97e626fbe6cbcc59f6.png,https://cuescore.com/img/flags/png-country-4x2-none/res-640x480/se.png,408.46,408.22,2024-09-02,obk,False,anchored,201.0,2024-09-02T16:00:00Z,47692222,63,23,40,0,2,63,23,40,0,0,0,0,0,0,-2.2e-05,63,31.782245,0.05045,29,14.894597,12,17,-0.044496,34,16.887648,11,23,,0,0.0,0,0,8-Ball,0.05045
1069895,Ragnar Hansen,https://img.cuescore.com/image/1/4/132faba9ed832064dafa1571f59a2b10.png?t=1520435915,https://cuescore.com/img/flags/png-country-4x2-none/res-640x480/no.png,408.14,408.15,2022-07-11,ostkanten,False,anchored,5.0,2019-08-30T14:00:00Z,5976158,13,5,8,37,2,0,0,0,13,5,8,0,0,0,0.106832,13,4.887136,0.016849,2,0.752219,1,1,-0.003065,11,4.134917,4,7,,0,0.0,0,0,8-Ball,0.016849
1010309,Tom-Kristoffer Lindblad,https://img.cuescore.com/image/5/4/55fad9dc41b7a28e5c5db4271b13f9e8.png?t=1627474001,https://cuescore.com/img/flags/png-country-4x2-none/res-640x480/no.png,408.03,408.03,2024-04-07,ostkanten,False,anchored,,,,25,10,15,25,2,25,10,15,0,0,0,0,0,0,0.119221,25,2.916737,,0,0.0,0,0,0.0,25,2.916737,10,15,,0,0.0,0,0,9-Ball,0.0
36079675,Merethe Holtet,https://img.cuescore.com/image/0/4/0c7ef2b8be6edfef5588acf121f44662.png?t=1714224556,https://cuescore.com/img/flags/png-country-4x2-none/res-640x480/no.png,407.77,407.78,2024-01-09,obk,False,anchored,,,,7,5,2,43,2,7,5,2,0,0,0,0,0,0,0.155603,7,3.721241,,0,0.0,0,0,0.0,7,3.721241,5,2,,0,0.0,0,0,9-Ball,0.0
2020618,zian azam,https://img.cuescore.com/image/8/4/862c792ba8eb7f97e626fbe6cbcc59f6.png,https://cuescore.com/img/flags/png-country-4x2-none/res-640x480/no.png,407.72,407.74,2017-12-17,ostkanten,False,anchored,,,,7,6,1,43,2,0,0,0,7,6,1,0,0,0,0.62714,7,0.9171,,0,0.0,0,0,0.0,7,0.9171,6,1,,0,0.0,0,0,9-Ball,0.0
1922791,Ole Sandvik,https://img.cuescore.com/image/8/4/862c792ba8eb7f97e626fbe6cbcc59f6.png,,407.53,407.53,2018-05-14,obk,False,anchored,,,,20,13,7,30,2,20,13,7,0,0,0,0,0,0,0.154721,20,2.530722,0.0,20,2.530722,13,7,,0,0.0,0,0,,0,0.0,0,0,8-Ball,0.0
2950065,Billy Hipolito,https://img.cuescore.com/image/8/4/862c792ba8eb7f97e626fbe6cbcc59f6.png,https://cuescore.com/img/flags/png-country-4x2-none/res-640x480/no.png,407.49,407.49,2018-09-03,obk,False,anchored,,,,19,12,7,31,2,19,12,7,0,0,0,0,0,0,0.136992,19,2.934325,,0,0.0,0,0,0.0,19,2.934325,12,7,,0,0.0,0,0,9-Ball,0.0
52796242,Hanne-Therése Runestad,https://img.cuescore.com/image/5/4/5aa6aa48f7d5ffe854d5266ac08db7ef.png,https://cuescore.com/img/flags/png-country-4x2-none/res-640x480/no.png,407.47,407.48,2024-12-12,obk,False,anchored,,,,13,7,6,37,2,13,7,6,0,0,0,0,0,0,0.055919,13,8.558279,,0,0.0,0,0,0.0,13,8.558279,7,6,,0,0.0,0,0,9-Ball,0.0
29331970,Arne Pedersen,https://img.cuescore.com/image/0/4/00d785c37378c3d8679710b70e122d97.png?t=1697449339,https://cuescore.com/img/flags/png-country-4x2-none/res-640x480/no.png,407.43,407.35,2023-11-13,obk,False,anchored,217.0,2023-11-01T17:00:00Z,34393408,29,10,19,21,2,29,10,19,0,0,0,0,0,0,0.0184,29,14.69027,,0,0.0,0,0,0.0,29,14.69027,10,19,,0,0.0,0,0,9-Ball,0.0
1524570,Stig Berntsen,https://img.cuescore.com/image/9/4/98b60aa7a6c82686689f5627e01a1ea2.png?t=1721518251,https://cuescore.com/img/flags/png-country-4x2-none/res-640x480/no.png,407.4,407.41,2022-07-11,ostkanten,False,anchored,2.0,2021-09-05T14:30:00Z,9220658,7,4,3,43,2,0,0,0,7,4,3,0,0,0,0.209312,7,2.632854,-0.111898,2,0.752219,1,1,0.012458,2,0.752242,1,1,0.06629,3,1.128394,2,1,10-Ball,0.06629
6773261,Thomas Andreassen,https://img.cuescore.com/image/8/4/862c792ba8eb7f97e626fbe6cbcc59f6.png,https://cuescore.com/img/flags/png-country-4x2-none/res-640x480/no.png,407.38,407.33,2020-10-12,obk,False,anchored,,,,44,20,24,6,2,44,20,24,0,0,0,0,0,0,0.007954,44,9.736568,0.0,44,9.736568,20,24,,0,0.0,0,0,,0,0.0,0,0,8-Ball,0.0
16849165,Trond evjen,https://img.cuescore.com/image/8/4/862c792ba8eb7f97e626fbe6cbcc59f6.png,https://cuescore.com/img/flags/png-country-4x2-none/res-640x480/no.png,407.33,407.34,2026-02-15,ostkanten,False,anchored,,,,25,6,19,25,2,0,0,0,25,6,19,0,0,0,0.014702,25,21.601736,,0,0.0,0,0,0.0,25,21.601736,6,19,,0,0.0,0,0,9-Ball,0.0
8383387,Michael Stark,https://img.cuescore.com/image/d/4/d99d948552a64f44336887fcbdf55c0f.png?t=1603045838,https://cuescore.com/img/flags/png-country-4x2-none/res-640x480/no.png,407.28,407.27,2020-11-01,obk,False,anchored,3.0,2020-11-01T13:00:00Z,8418763,17,8,9,33,2,0,0,0,17,8,9,0,0,0,0.096595,17,4.308359,,0,0.0,0,0,0.0,17,4.308359,8,9,,0,0.0,0,0,9-Ball,0.0
3716933,Amirhosein Hoseinzadeh,https://img.cuescore.com/image/a/4/ae53f224c6baa9d21522138b378a7d5d.png?t=1570533786,https://cuescore.com/img/flags/png-country-4x2-none/res-640x480/no.png,407.24,407.26,2021-11-07,ostkanten,False,anchored,,,,9,5,4,41,2,0,0,0,9,5,4,0,0,0,0.337421,9,1.524401,0.0,9,1.524401,5,4,,0,0.0,0,0,,0,0.0,0,0,8-Ball,0.0
16050145,Linda Dedekam,https://img.cuescore.com/image/5/4/5aa6aa48f7d5ffe854d5266ac08db7ef.png,https://cuescore.com/img/flags/png-country-4x2-none/res-640x480/no.png,407.13,407.13,2022-05-28,obk,False,anchored,,,,8,5,3,42,2,8,5,3,0,0,0,0,0,0,0.177246,8,2.92592,0.0,8,2.92592,5,3,,0,0.0,0,0,,0,0.0,0,0,8-Ball,0.0
1006150,BArild Sørum,https://img.cuescore.com/image/7/4/7b565ded15222bab0a8b9e20f7e194df.png?t=1764668770,https://cuescore.com/img/flags/png-country-4x2-none/res-640x480/no.png,407.1,407.11,2018-08-22,obk,False,anchored,78.0,2018-08-22T16:15:00Z,2891870,12,9,3,38,2,12,9,3,0,0,0,0,0,0,0.317163,12,1.473952,,0,0.0,0,0,0.0,12,1.473952,9,3,,0,0.0,0,0,9-Ball,0.0
6179045,Georgios,https://img.cuescore.com/image/8/4/862c792ba8eb7f97e626fbe6cbcc59f6.png,https://cuescore.com/img/flags/png-country-4x2-none/res-640x480/no.png,407.09,407.08,2020-02-17,obk,False,anchored,,,,21,11,10,29,2,21,11,10,0,0,0,0,0,0,0.085968,21,4.141049,-0.520842,4,0.864934,0,4,0.137508,17,3.276116,11,6,,0,0.0,0,0,9-Ball,0.137508
9981040,Thomas Andre,https://img.cuescore.com/image/8/4/862c792ba8eb7f97e626fbe6cbcc59f6.png,https://cuescore.com/img/flags/png-country-4x2-none/res-640x480/no.png,407.08,407.09,2021-10-11,obk,False,anchored,,,,8,6,2,42,2,8,6,2,0,0,0,0,0,0,0.203492,8,2.531577,0.0,8,2.531577,6,2,,0,0.0,0,0,,0,0.0,0,0,8-Ball,0.0
9981874,vibeke oslo bk,https://img.cuescore.com/image/5/4/5aa6aa48f7d5ffe854d5266ac08db7ef.png,https://cuescore.com/img/flags/png-country-4x2-none/res-640x480/no.png,407.08,407.09,2021-10-11,obk,False,anchored,,,,8,6,2,42,2,8,6,2,0,0,0,0,0,0,0.203492,8,2.531577,0.0,8,2.531577,6,2,,0,0.0,0,0,,0,0.0,0,0,8-Ball,0.0
9836020,Francis Hughes,https://img.cuescore.com/image/9/4/96ba16408073d1cccec456e9f274b3f0.png?t=1652694027,https://cuescore.com/img/flags/png-country-4x2-none/res-640x480/gb.png,407.07,407.08,2022-06-30,ostkanten,False,anchored,,,,4,3,1,46,2,0,0,0,4,3,1,0,0,0,0.376864,4,1.494057,,0,0.0,0,0,0.0,4,1.494057,3,1,,0,0.0,0,0,9-Ball,0.0
1006261,Hasan Emre Vural,https://img.cuescore.com/image/8/4/862c792ba8eb7f97e626fbe6cbcc59f6.png,https://cuescore.com/img/flags/png-country-4x2-none/res-640x480/no.png,406.82,406.83,2019-06-27,obk,False,anchored,113.0,2019-05-01T14:00:00Z,5263422,9,4,5,41,2,9,4,5,0,0,0,0,0,0,0.288682,9,1.677242,,0,0.0,0,0,0.0,9,1.677242,4,5,,0,0.0,0,0,9-Ball,0.0
3081704,Sundar K,https://img.cuescore.com/image/d/4/d3d0762c1282b563ee78a7bee42a6557.png?t=1554841037,https://cuescore.com/img/flags/png-country-4x2-none/res-640x480/in.png,406.64,406.47,2019-06-12,obk,False,anchored,11.0,2019-06-12T16:18:00Z,5528868,386,171,215,0,2,386,171,215,0,0,0,0,0,0,-3e-06,386,65.952414,-0.22807,75,12.853541,17,58,0.052421,305,51.999103,150,155,0.187003,6,1.099769,4,2,10-Ball,0.187003
1006391,Michelle Sandman,https://img.cuescore.com/image/0/4/04b2bf499819c13555590ca27503d862.png?t=1728042827,https://cuescore.com/img/flags/png-country-4x2-none/res-640x480/no.png,406.54,406.53,2025-03-15,obk,False,anchored,2.0,2025-03-15T09:00:00Z,55383781,7,3,4,43,2,7,3,4,0,0,0,0,0,0,0.106924,7,4.559072,,0,0.0,0,0,,0,0.0,0,0,0.0,7,4.559072,3,4,10-Ball,0.0
16996054,Elise Bygjordet,https://img.cuescore.com/image/5/4/5aa6aa48f7d5ffe854d5266ac08db7ef.png,https://cuescore.com/img/flags/png-country-4x2-none/res-640x480/no.png,406.37,406.38,2022-08-03,obk,False,anchored,,,,6,4,2,44,2,6,4,2,0,0,0,0,0,0,0.212158,6,2.289387,,0,0.0,0,0,0.0,6,2.289387,4,2,,0,0.0,0,0,9-Ball,0.0
1141525,Øystein Krøvel,https://img.cuescore.com/image/8/4/862c792ba8eb7f97e626fbe6cbcc59f6.png,https://cuescore.com/img/flags/png-country-4x2-none/res-640x480/no.png,406.36,406.35,2018-05-28,obk,False,anchored,,,,15,8,7,35,2,15,8,7,0,0,0,0,0,0,0.221832,15,1.736311,-0.111353,11,1.155692,5,6,0.221643,4,0.58062,3,1,,0,0.0,0,0,9-Ball,0.221643
39034855,Jonas Nilsson,https://img.cuescore.com/image/4/4/45bc3e7c0e6589be1e58fb58c89e15d0.png?t=1773517526,https://cuescore.com/img/flags/png-country-4x2-none/res-640x480/no.png,406.28,406.28,2026-03-21,obk,False,anchored,,,,4,2,2,46,2,4,2,2,0,0,0,0,0,0,0.141701,4,3.5317,,0,0.0,0,0,0.0,4,3.5317,2,2,,0,0.0,0,0,9-Ball,0.0
2206237,Eihab Sray aldeen,https://img.cuescore.com/image/8/4/862c792ba8eb7f97e626fbe6cbcc59f6.png,https://cuescore.com/img/flags/png-country-4x2-none/res-640x480/sy.png,406.26,406.27,2018-03-05,obk,False,anchored,,,,11,8,3,39,2,11,8,3,0,0,0,0,0,0,0.279619,11,1.514111,0.0,11,1.514111,8,3,,0,0.0,0,0,,0,0.0,0,0,8-Ball,0.0
6060601,Nomen Nescio,https://img.cuescore.com/image/5/4/5aa6aa48f7d5ffe854d5266ac08db7ef.png,https://cuescore.com/img/flags/png-country-4x2-none/res-640x480/no.png,406.25,406.23,2022-07-03,ostkanten,False,anchored,30.0,2020-02-05T17:00:00Z,7282943,15,8,7,35,2,11,6,5,4,2,2,0,0,0,0.071136,15,5.326383,-0.038289,11,3.832325,6,5,0.098213,4,1.494057,2,2,,0,0.0,0,0,9-Ball,0.098213
2476389,Bjarte Ervall,https://img.cuescore.com/image/8/4/862c792ba8eb7f97e626fbe6cbcc59f6.png,https://cuescore.com/img/flags/png-country-4x2-none/res-640x480/no.png,406.17,406.18,2018-05-06,ostkanten,False,anchored,,,,9,6,3,41,2,0,0,0,9,6,3,0,0,0,0.340259,9,1.288277,,0,0.0,0,0,,0,0.0,0,0,0.0,9,1.288277,6,3,10-Ball,0.0
1006303,Joakim Haugen,https://img.cuescore.com/image/8/4/862c792ba8eb7f97e626fbe6cbcc59f6.png,https://cuescore.com/img/flags/png-country-4x2-none/res-640x480/no.png,406.11,406.12,2024-12-27,obk,False,anchored,0.0,2024-12-27T11:00:00Z,52314610,14,5,9,36,2,14,5,9,0,0,0,0,0,0,0.140341,14,2.717103,,0,0.0,0,0,,0,0.0,0,0,0.0,14,2.717103,5,9,10-Ball,0.0
1047611,Tam,https://img.cuescore.com/image/8/4/862c792ba8eb7f97e626fbe6cbcc59f6.png,,406.1,406.1,2019-12-09,obk,False,anchored,,,,13,7,6,37,2,13,7,6,0,0,0,0,0,0,0.145308,13,2.689273,0.0,13,2.689273,7,6,,0,0.0,0,0,,0,0.0,0,0,8-Ball,0.0
1969296,Alexander Reyes Monsen,https://img.cuescore.com/image/8/4/862c792ba8eb7f97e626fbe6cbcc59f6.png,https://cuescore.com/img/flags/png-country-4x2-none/res-640x480/no.png,406.03,406.02,2017-12-11,obk,False,anchored,,,,20,9,11,30,2,20,9,11,0,0,0,0,0,0,0.120035,20,2.610463,,0,0.0,0,0,0.0,20,2.610463,9,11,,0,0.0,0,0,9-Ball,0.0
10570834,Alexander Kjos Hartz,https://img.cuescore.com/image/3/4/3653053c5ba70e3107547a8d8fbc8b89.png?t=1637761528,https://cuescore.com/img/flags/png-country-4x2-none/res-640x480/no.png,405.98,405.95,2021-11-08,obk,False,anchored,,,,17,7,10,33,2,17,7,10,0,0,0,0,0,0,0.06241,17,5.475856,,0,0.0,0,0,,0,0.0,0,0,0.0,17,5.475856,7,10,10-Ball,0.0
2084760,Adam Rydström,https://img.cuescore.com/image/8/4/86bc4d30888950ccf969718ced4efaff.png?t=1727864686,https://cuescore.com/img/flags/png-country-4x2-none/res-640x480/se.png,405.97,405.98,2018-02-01,obk,False,anchored,0.0,2018-02-01T17:00:00Z,2103827,26,8,18,24,2,26,8,18,0,0,0,0,0,0,0.070906,26,3.507091,,0,0.0,0,0,0.0,26,3.507091,8,18,,0,0.0,0,0,9-Ball,0.0
52324939,Saga Hedin,https://img.cuescore.com/image/7/4/71a53944f404b15eba3b31cb97f86f42.png?t=1733346809,https://cuescore.com/img/flags/png-country-4x2-none/res-640x480/se.png,405.9,405.88,2025-05-28,obk,False,anchored,110.0,2025-05-28T16:00:00Z,61330126,33,13,20,17,2,33,13,20,0,0,0,0,0,0,0.007344,33,23.564871,,0,0.0,0,0,0.0,33,23.564871,13,20,,0,0.0,0,0,9-Ball,0.0
1944569,Philippe Beal,https://img.cuescore.com/image/8/4/862c792ba8eb7f97e626fbe6cbcc59f6.png,https://cuescore.com/img/flags/png-country-4x2-none/res-640x480/no.png,405.78,405.76,2018-04-09,obk,False,anchored,,,,30,15,15,20,2,30,15,15,0,0,0,0,0,0,0.051159,30,3.909255,0.001976,28,3.627806,14,14,-0.025467,2,0.281449,1,1,,0,0.0,0,0,8-Ball,0.001976
43051717,Ulrik Enstad,https://img.cuescore.com/image/8/4/862c792ba8eb7f97e626fbe6cbcc59f6.png,https://cuescore.com/img/flags/png-country-4x2-none/res-640x480/no.png,405.6,405.6,2024-05-21,obk,False,anchored,,,,8,5,3,42,2,8,5,3,0,0,0,0,0,0,0.088019,8,4.625898,,0,0.0,0,0,0.0,8,4.625898,5,3,,0,0.0,0,0,9-Ball,0.0
1006161,Bernt Even Nilsen,https://img.cuescore.com/image/5/4/5370e22e88708e7259b245275f036c0c.png?t=1583751561,https://cuescore.com/img/flags/png-country-4x2-none/res-640x480/no.png,405.51,405.51,2023-07-26,obk,False,anchored,375.0,2023-07-26T16:00:00Z,29191648,8,4,4,42,2,0,0,0,8,4,4,0,0,0,0.13382,8,2.99646,,0,0.0,0,0,0.0,8,2.99646,4,4,,0,0.0,0,0,9-Ball,0.0
2140751,Jamal Malik,https://img.cuescore.com/image/8/4/862c792ba8eb7f97e626fbe6cbcc59f6.png,https://cuescore.com/img/flags/png-country-4x2-none/res-640x480/no.png,405.46,405.26,2018-05-14,obk,False,anchored,,,,194,91,103,0,2,194,91,103,0,0,0,0,0,0,9e-06,194,27.103489,,0,0.0,0,0,0.0,194,27.103489,91,103,,0,0.0,0,0,9-Ball,0.0
24871531,Eystein Sæther,https://img.cuescore.com/image/8/4/862c792ba8eb7f97e626fbe6cbcc59f6.png,https://cuescore.com/img/flags/png-country-4x2-none/res-640x480/no.png,405.46,405.46,2024-12-09,obk,False,anchored,150.0,2024-12-09T17:00:00Z,52107322,10,5,5,40,2,10,5,5,0,0,0,0,0,0,0.084973,10,4.450195,0.0,10,4.450195,5,5,,0,0.0,0,0,,0,0.0,0,0,8-Ball,0.0
1183878,Petter Olsen,https://img.cuescore.com/image/8/4/862c792ba8eb7f97e626fbe6cbcc59f6.png,https://cuescore.com/img/flags/png-country-4x2-none/res-640x480/no.png,405.25,405.25,2017-10-30,obk,False,anchored,,,,27,15,12,23,2,27,15,12,0,0,0,0,0,0,0.061284,27,3.408377,0.0,27,3.408377,15,12,,0,0.0,0,0,,0,0.0,0,0,8-Ball,0.0
5063328,Josh Young,https://img.cuescore.com/image/8/4/862c792ba8eb7f97e626fbe6cbcc59f6.png,https://cuescore.com/img/flags/png-country-4x2-none/res-640x480/no.png,405.24,405.25,2019-03-18,obk,False,anchored,,,,7,5,2,43,2,7,5,2,0,0,0,0,0,0,0.319283,7,1.223802,0.0,7,1.223802,5,2,,0,0.0,0,0,,0,0.0,0,0,8-Ball,0.0
1027209,Thang Vu Ngoc,https://img.cuescore.com/image/8/4/862c792ba8eb7f97e626fbe6cbcc59f6.png,,405.15,405.15,2019-12-09,obk,False,anchored,,,,20,11,9,30,2,20,11,9,0,0,0,0,0,0,0.079328,20,3.375916,0.0,20,3.375916,11,9,,0,0.0,0,0,,0,0.0,0,0,8-Ball,0.0
1566592,Kim Bengtsson,https://img.cuescore.com/image/3/4/3db50292aeb0de732d2f45a054185a92.png?t=1651951301,https://cuescore.com/img/flags/png-country-4x2-none/res-640x480/se.png,405.09,409.46,2026-10-04,ostkanten,True,anchored,2.0,2025-12-27T11:00:00Z,71848093,195,67,128,0,2,11,4,7,184,63,121,0,0,0,-5e-06,195,129.363268,-0.17621,10,7.803882,1,9,0.004613,144,116.235195,48,96,0.157564,41,5.324191,18,23,10-Ball,0.157564
1006273,Hermund Årdalen,https://img.cuescore.com/image/d/4/d984da65190714eac16c8728ada15434.png?t=1674215618,https://cuescore.com/img/flags/png-country-4x2-none/res-640x480/no.png,405.07,405.07,2024-04-13,obk,False,anchored,,,,8,2,6,42,2,8,2,6,0,0,0,0,0,0,0.08162,8,4.515906,,0,0.0,0,0,0.0,8,4.515906,2,6,,0,0.0,0,0,9-Ball,0.0
16667896,Eirik lambert Jenssen,https://img.cuescore.com/image/8/4/862c792ba8eb7f97e626fbe6cbcc59f6.png,https://cuescore.com/img/flags/png-country-4x2-none/res-640x480/no.png,405.07,405.07,2022-07-10,ostkanten,False,anchored,,,,9,3,6,41,2,0,0,0,9,3,6,0,0,0,0.106471,9,3.382917,,0,0.0,0,0,0.0,9,3.382917,3,6,,0,0.0,0,0,9-Ball,0.0
1006151,Arne Wiese-Hansen,https://img.cuescore.com/image/1/4/1e28b24f7a69cedf9d14ac534965b884.png?t=1660209006,https://cuescore.com/img/flags/png-country-4x2-none/res-640x480/no.png,404.95,404.95,2019-09-28,ostkanten,False,anchored,,,,8,4,4,42,2,0,0,0,8,4,4,0,0,0,0.22769,8,1.581423,,0,0.0,0,0,0.0,8,1.581423,4,4,,0,0.0,0,0,9-Ball,0.0
2574158,Tommy Andersen,https://img.cuescore.com/image/8/4/862c792ba8eb7f97e626fbe6cbcc59f6.png,https://cuescore.com/img/flags/png-country-4x2-none/res-640x480/no.png,404.9,404.89,2018-05-14,obk,False,anchored,,,,16,8,8,34,2,16,8,8,0,0,0,0,0,0,0.125278,16,2.301997,,0,0.0,0,0,,0,0.0,0,0,0.0,16,2.301997,8,8,10-Ball,0.0
6425441,Gustav Karlman,https://img.cuescore.com/image/2/4/23aa9cbf9a61c01390199b87a6eb72dc.png?t=1764753853,https://cuescore.com/img/flags/png-country-4x2-none/res-640x480/se.png,404.88,404.89,2021-07-24,obk,False,anchored,,,,5,2,3,45,2,5,2,3,0,0,0,0,0,0,0.25278,5,1.505335,,0,0.0,0,0,0.0,5,1.505335,2,3,,0,0.0,0,0,9-Ball,0.0
36847480,Maren Hermansen,https://img.cuescore.com/image/f/4/f540c3a8e3f405ed0960ff090f3a84d9.png?t=1709981971,https://cuescore.com/img/flags/png-country-4x2-none/res-640x480/no.png,404.61,404.59,2024-03-09,obk,False,anchored,,,,14,6,8,36,2,14,6,8,0,0,0,0,0,0,0.037266,14,7.730599,,0,0.0,0,0,0.0,14,7.730599,6,8,,0,0.0,0,0,9-Ball,0.0
2266694,Michael Andersson,https://img.cuescore.com/image/8/4/862c792ba8eb7f97e626fbe6cbcc59f6.png,https://cuescore.com/img/flags/png-country-4x2-none/res-640x480/se.png,404.6,404.6,2018-04-22,ostkanten,False,anchored,,,,19,7,12,31,2,0,0,0,19,7,12,0,0,0,0.091732,19,2.695699,,0,0.0,0,0,0.0,19,2.695699,7,12,,0,0.0,0,0,9-Ball,0.0
13381909,Kjartan Madsen,https://img.cuescore.com/image/8/4/862c792ba8eb7f97e626fbe6cbcc59f6.png,https://cuescore.com/img/flags/png-country-4x2-none/res-640x480/no.png,404.58,404.57,2022-02-21,obk,False,anchored,,,,16,8,8,34,2,16,8,8,0,0,0,0,0,0,0.048996,16,5.507694,,0,0.0,0,0,,0,0.0,0,0,0.0,16,5.507694,8,8,10-Ball,0.0
7131380,Remik kwit,https://img.cuescore.com/image/3/4/3d74498be03a7fe83bcecbd611d7ee45.png?t=1769872433,https://cuescore.com/img/flags/png-country-4x2-none/res-640x480/pl.png,404.57,404.57,2025-04-02,obk,False,anchored,175.0,2025-04-02T16:00:00Z,53306617,8,5,3,42,2,8,5,3,0,0,0,0,0,0,0.195616,8,1.699496,0.0,8,1.699496,5,3,,0,0.0,0,0,,0,0.0,0,0,8-Ball,0.0
1006327,Ken Simon Røed,https://img.cuescore.com/image/6/4/60193ca21b3ab41ba31da0686a6183a2.png?t=1462136976,https://cuescore.com/img/flags/png-country-4x2-none/res-640x480/no.png,404.36,404.33,2017-09-06,obk,False,anchored,,,,14,5,9,36,2,14,5,9,0,0,0,0,0,0,0.158148,14,1.71961,,0,0.0,0,0,0.0,14,1.71961,5,9,,0,0.0,0,0,9-Ball,0.0
16585597,Bjørn Sjølli,https://img.cuescore.com/image/8/4/862c792ba8eb7f97e626fbe6cbcc59f6.png,https://cuescore.com/img/flags/png-country-4x2-none/res-640x480/no.png,404.26,404.19,2022-07-31,ostkanten,False,anchored,,,,9,3,6,41,2,0,0,0,9,3,6,0,0,0,0.089908,9,3.367548,,0,0.0,0,0,0.0,9,3.367548,3,6,,0,0.0,0,0,9-Ball,0.0
1027208,Anders Sandholtet,https://img.cuescore.com/image/8/4/862c792ba8eb7f97e626fbe6cbcc59f6.png,,404.24,404.24,2018-03-05,obk,False,anchored,,,,24,12,12,26,2,24,12,12,0,0,0,0,0,0,0.061431,24,3.116868,0.0,24,3.116868,12,12,,0,0.0,0,0,,0,0.0,0,0,8-Ball,0.0
2213742,Sebastian Trolle,https://img.cuescore.com/image/1/4/13914f616c90317603ac8fe263b3c821.png?t=1701607084,https://cuescore.com/img/flags/png-country-4x2-none/res-640x480/dk.png,404.21,404.22,2024-02-03,obk,False,anchored,,,,2,1,1,48,2,2,1,1,0,0,0,0,0,0,0.32412,2,1.08016,,0,0.0,0,0,0.0,2,1.08016,1,1,,0,0.0,0,0,9-Ball,0.0
8280788,Anita Håland,https://img.cuescore.com/image/5/4/5aa6aa48f7d5ffe854d5266ac08db7ef.png,https://cuescore.com/img/flags/png-country-4x2-none/res-640x480/no.png,404.19,404.18,2020-11-02,obk,False,anchored,,,,16,8,8,34,2,16,8,8,0,0,0,0,0,0,0.060547,16,4.07566,,0,0.0,0,0,0.0,16,4.07566,8,8,,0,0.0,0,0,9-Ball,0.0
1714804,Chris B Råthen,https://img.cuescore.com/image/4/4/4d5b779c4be0e8d65f26b672d6192aa9.png?t=1601232336,,404.11,404.11,2017-09-25,obk,False,anchored,,,,14,9,5,36,2,14,9,5,0,0,0,0,0,0,0.147255,14,1.740404,0.0,14,1.740404,9,5,,0,0.0,0,0,,0,0.0,0,0,8-Ball,0.0
2307209,Ed Liu,https://img.cuescore.com/image/9/4/971c8a9692d2b1681eadcc04456631ac.png?t=1753338873,https://cuescore.com/img/flags/png-country-4x2-none/res-640x480/us.png,404.04,403.67,2026-08-05,obk,False,anchored,225.0,2026-08-05T15:50:00Z,85946203,29,12,17,21,2,29,12,17,0,0,0,0,0,0,0.005919,29,24.846815,,0,0.0,0,0,-0.193426,14,13.475949,3,11,0.229234,15,11.370866,9,6,10-Ball,0.229234
42294223,Cato Eliassen,https://img.cuescore.com/image/8/4/862c792ba8eb7f97e626fbe6cbcc59f6.png,https://cuescore.com/img/flags/png-country-4x2-none/res-640x480/no.png,404.01,404.02,2024-04-27,obk,False,anchored,,,,3,2,1,47,2,3,2,1,0,0,0,0,0,0,0.191001,3,1.708484,0.0,3,1.708484,2,1,,0,0.0,0,0,,0,0.0,0,0,8-Ball,0.0
1561576,Antonio Hagen,https://img.cuescore.com/image/f/4/f243fd7940952f5815831a51894a204a.png?t=1501859553,https://cuescore.com/img/flags/png-country-4x2-none/res-640x480/no.png,403.96,403.67,2018-01-15,obk,False,anchored,20.0,2017-12-06T18:30:00Z,1999499,146,48,98,0,2,146,48,98,0,0,0,0,0,0,-5.7e-05,146,18.442293,-0.06685,51,6.532478,15,36,0.011854,26,3.328422,10,16,0.046291,69,8.581393,23,46,10-Ball,0.046291
1022360,Morten Nystuen,https://img.cuescore.com/image/a/4/a192704adfcca7c13b89d76aff36a23e.png?t=1446291069,https://cuescore.com/img/flags/png-country-4x2-none/res-640x480/no.png,403.93,403.94,2017-01-02,obk,False,anchored,,,,8,6,2,42,2,8,6,2,0,0,0,0,0,0,0.340488,8,0.840514,0.0,8,0.840514,6,2,,0,0.0,0,0,,0,0.0,0,0,8-Ball,0.0
1957538,Mathias macdonald,https://img.cuescore.com/image/8/4/862c792ba8eb7f97e626fbe6cbcc59f6.png,https://cuescore.com/img/flags/png-country-4x2-none/res-640x480/no.png,403.91,403.9,2017-11-13,obk,False,anchored,,,,19,11,8,31,2,19,11,8,0,0,0,0,0,0,0.086096,19,2.436401,0.0,19,2.436401,11,8,,0,0.0,0,0,,0,0.0,0,0,8-Ball,0.0
10604059,Ole Kvalsvik,https://img.cuescore.com/image/2/4/2c2c32a0dd7c4783432aa6f5a53e9046.png?t=1644434537,https://cuescore.com/img/flags/png-country-4x2-none/res-640x480/no.png,403.88,403.86,2025-07-28,obk,False,anchored,275.0,2025-07-28T16:00:00Z,64053550,8,3,5,42,2,8,3,5,0,0,0,0,0,0,0.046398,8,6.083674,,0,0.0,0,0,0.0,8,6.083674,3,5,,0,0.0,0,0,9-Ball,0.0
21092911,Per Ditlef Faye,https://img.cuescore.com/image/8/4/862c792ba8eb7f97e626fbe6cbcc59f6.png,https://cuescore.com/img/flags/png-country-4x2-none/res-640x480/no.png,403.88,403.88,2023-04-03,obk,False,anchored,147.0,2023-03-13T17:00:00Z,25613272,9,5,4,41,2,9,5,4,0,0,0,0,0,0,0.068871,9,4.005175,0.0,9,4.005175,5,4,,0,0.0,0,0,,0,0.0,0,0,8-Ball,0.0
2890737,Mirosław Zduńczuk,https://img.cuescore.com/image/2/4/2e927c504538bc2cd0321e95d5e01cf4.png?t=1534779352,,403.81,403.81,2018-08-20,obk,False,anchored,,,,13,8,5,37,2,13,8,5,0,0,0,0,0,0,0.1226,13,1.989994,,0,0.0,0,0,0.0,13,1.989994,8,5,,0,0.0,0,0,9-Ball,0.0
82895710,Rolf Woods,https://img.cuescore.com/image/8/4/862c792ba8eb7f97e626fbe6cbcc59f6.png,https://cuescore.com/img/flags/png-country-4x2-none/res-640x480/no.png,403.79,403.73,2026-06-03,obk,False,anchored,175.0,2026-06-03T16:00:00Z,82639456,17,5,12,33,2,17,5,12,0,0,0,0,0,0,0.013767,17,15.728648,,0,0.0,0,0,0.0,17,15.728648,5,12,,0,0.0,0,0,9-Ball,0.0
1957539,Johny Lotto,https://img.cuescore.com/image/8/4/862c792ba8eb7f97e626fbe6cbcc59f6.png,,403.78,403.78,2017-11-13,obk,False,anchored,,,,12,6,6,38,2,12,6,6,0,0,0,0,0,0,0.161898,12,1.53878,0.0,12,1.53878,6,6,,0,0.0,0,0,,0,0.0,0,0,8-Ball,0.0
1944633,Abdul Al Rahman Malik,https://img.cuescore.com/image/8/4/862c792ba8eb7f97e626fbe6cbcc59f6.png,https://cuescore.com/img/flags/png-country-4x2-none/res-640x480/no.png,403.74,403.74,2019-12-09,obk,False,anchored,,,,6,4,2,44,2,6,4,2,0,0,0,0,0,0,0.229469,6,1.241203,0.0,6,1.241203,4,2,,0,0.0,0,0,,0,0.0,0,0,8-Ball,0.0
1934105,Nader Fallah,https://img.cuescore.com/image/8/4/862c792ba8eb7f97e626fbe6cbcc59f6.png,,403.71,403.71,2017-10-30,obk,False,anchored,,,,15,9,6,35,2,15,9,6,0,0,0,0,0,0,0.11792,15,1.906515,0.0,15,1.906515,9,6,,0,0.0,0,0,,0,0.0,0,0,8-Ball,0.0
1008226,John Ove Løvdal,https://img.cuescore.com/image/8/4/862c792ba8eb7f97e626fbe6cbcc59f6.png,https://cuescore.com/img/flags/png-country-4x2-none/res-640x480/no.png,403.64,403.59,2022-11-16,obk,False,anchored,275.0,2022-11-02T17:00:00Z,19910281,24,10,14,26,2,24,10,14,0,0,0,0,0,0,0.016736,24,9.787886,,0,0.0,0,0,0.0,24,9.787886,10,14,,0,0.0,0,0,9-Ball,0.0
2139030,Zian Azam,https://img.cuescore.com/image/b/4/b1df7d9ecb9d78986fb33282dde37261.png?t=1519094834,https://cuescore.com/img/flags/png-country-4x2-none/res-640x480/no.png,403.62,403.61,2022-01-23,ostkanten,False,anchored,,,,18,9,9,32,2,0,0,0,18,9,9,0,0,0,0.081589,18,2.454124,,0,0.0,0,0,0.0,18,2.454124,9,9,,0,0.0,0,0,9-Ball,0.0
54686500,Danylo Yavorskyi,https://img.cuescore.com/image/9/4/9595b0061eb22e6b9b48cce4e2e19213.png?t=1754495329,https://cuescore.com/img/flags/png-country-4x2-none/res-640x480/no.png,403.61,403.62,2026-03-21,obk,False,anchored,,,,4,2,2,46,2,4,2,2,0,0,0,0,0,0,0.081546,4,3.5317,,0,0.0,0,0,0.0,4,3.5317,2,2,,0,0.0,0,0,9-Ball,0.0
16996057,Kristy Wang,https://img.cuescore.com/image/5/4/5aa6aa48f7d5ffe854d5266ac08db7ef.png,https://cuescore.com/img/flags/png-country-4x2-none/res-640x480/no.png,403.53,403.54,2022-08-03,obk,False,anchored,,,,7,4,3,43,2,7,4,3,0,0,0,0,0,0,0.098563,7,2.670951,,0,0.0,0,0,0.0,7,2.670951,4,3,,0,0.0,0,0,9-Ball,0.0
42294328,Lars Nilsen,https://img.cuescore.com/image/8/4/862c792ba8eb7f97e626fbe6cbcc59f6.png,https://cuescore.com/img/flags/png-country-4x2-none/res-640x480/no.png,403.5,403.51,2024-04-27,obk,False,anchored,,,,3,2,1,47,2,3,2,1,0,0,0,0,0,0,0.166976,3,1.708484,0.0,3,1.708484,2,1,,0,0.0,0,0,,0,0.0,0,0,8-Ball,0.0
3635602,Rune Fevang,https://img.cuescore.com/image/8/4/862c792ba8eb7f97e626fbe6cbcc59f6.png,https://cuescore.com/img/flags/png-country-4x2-none/res-640x480/no.png,403.43,403.41,2020-01-13,obk,False,anchored,,,,17,7,10,33,2,17,7,10,0,0,0,0,0,0,0.054482,17,3.595473,,0,0.0,0,0,0.0,17,3.595473,7,10,,0,0.0,0,0,9-Ball,0.0
1345906,Ahad Rashid,https://img.cuescore.com/image/8/4/862c792ba8eb7f97e626fbe6cbcc59f6.png,https://cuescore.com/img/flags/png-country-4x2-none/res-640x480/no.png,403.38,403.37,2017-11-13,obk,False,anchored,,,,14,7,7,36,2,14,7,7,0,0,0,0,0,0,0.117299,14,1.795243,0.0,14,1.795243,7,7,,0,0.0,0,0,,0,0.0,0,0,8-Ball,0.0
16049032,Lene Finsveen,https://img.cuescore.com/image/8/4/8a009718d25288433e490a4c1aee9a10.png?t=1787123670,https://cuescore.com/img/flags/png-country-4x2-none/res-640x480/no.png,403.31,403.31,2022-11-21,obk,False,anchored,137.0,2022-11-21T17:00:00Z,20121019,14,8,6,36,2,14,8,6,0,0,0,0,0,0,0.040377,14,5.12036,0.0,14,5.12036,8,6,,0,0.0,0,0,,0,0.0,0,0,8-Ball,0.0
21261571,Alexander Lindbäck,https://img.cuescore.com/image/5/4/55aefc2f6c1dceb232bbd215bdafdfa0.png?t=1771064099,https://cuescore.com/img/flags/png-country-4x2-none/res-640x480/no.png,403.27,403.26,2024-12-27,obk,False,anchored,4.0,2024-12-27T11:00:00Z,52314610,13,5,8,37,2,13,5,8,0,0,0,0,0,0,0.032027,13,6.548919,,0,0.0,0,0,0.0,13,6.548919,5,8,,0,0.0,0,0,9-Ball,0.0
1174563,Jan Kringstad,https://img.cuescore.com/image/8/4/862c792ba8eb7f97e626fbe6cbcc59f6.png,https://cuescore.com/img/flags/png-country-4x2-none/res-640x480/no.png,403.03,403.01,2018-04-29,ostkanten,False,anchored,,,,18,7,11,32,2,0,0,0,18,7,11,0,0,0,0.065338,18,2.565187,0.0,18,2.565187,7,11,,0,0.0,0,0,,0,0.0,0,0,8-Ball,0.0
30143524,Paulina Statkiewicz,https://img.cuescore.com/image/4/4/401c303a87a53c3e8ca46d6a6f1eec5a.png?t=1782817363,https://cuescore.com/img/flags/png-country-4x2-none/res-640x480/pl.png,402.97,402.85,2023-12-13,obk,False,anchored,202.0,2023-12-13T16:52:00Z,35912224,32,12,20,18,2,32,12,20,0,0,0,0,0,0,0.005667,32,16.255654,,0,0.0,0,0,0.0,32,16.255654,12,20,,0,0.0,0,0,9-Ball,0.0
17431444,Kathrine Eikeseth,https://img.cuescore.com/image/7/4/75407df5102f828bcaf73d8ab9eff05f.png?t=1714472972,https://cuescore.com/img/flags/png-country-4x2-none/res-640x480/no.png,402.75,402.68,2022-08-29,obk,False,anchored,,,,28,11,17,22,2,28,11,17,0,0,0,0,0,0,0.009689,28,10.827987,,0,0.0,0,0,0.067516,20,7.724482,9,11,-0.168044,8,3.103505,2,6,9-Ball,0.067516
1006547,Trond-Michael Borrie Stensrød,https://img.cuescore.com/image/0/4/090800fd8680003b27466254a58a95ae.png?t=1550011159,https://cuescore.com/img/flags/png-country-4x2-none/res-640x480/no.png,402.7,402.65,2025-03-15,obk,False,anchored,2.0,2025-03-15T09:00:00Z,55383781,15,4,11,35,2,0,0,0,15,4,11,0,0,0,0.029046,15,5.637056,,0,0.0,0,0,0.167399,10,3.758797,4,6,-0.335002,5,1.878259,0,5,9-Ball,0.167399
8362155,Nicolai,https://img.cuescore.com/image/8/4/862c792ba8eb7f97e626fbe6cbcc59f6.png,https://cuescore.com/img/flags/png-country-4x2-none/res-640x480/no.png,402.69,402.68,2020-10-12,obk,False,anchored,,,,11,5,6,39,2,11,5,6,0,0,0,0,0,0,0.065778,11,2.764967,,0,0.0,0,0,0.0,11,2.764967,5,6,,0,0.0,0,0,9-Ball,0.0
1431228,remi kwit,https://img.cuescore.com/image/8/4/862c792ba8eb7f97e626fbe6cbcc59f6.png,,402.68,402.67,2017-11-13,obk,False,anchored,,,,17,9,8,33,2,17,9,8,0,0,0,0,0,0,0.070156,17,2.179938,0.0,17,2.179938,9,8,,0,0.0,0,0,,0,0.0,0,0,8-Ball,0.0
24833275,Marte Stulen Aamodt,https://img.cuescore.com/image/9/4/949ff0c82e7a2b280c9b9144ab423fa9.png?t=1677401941,https://cuescore.com/img/flags/png-country-4x2-none/res-640x480/no.png,402.5,402.29,2026-03-22,ostkanten,False,anchored,196.0,2025-02-19T17:00:00Z,53301571,251,89,162,0,2,168,62,106,83,27,56,0,0,0,-5e-06,251,163.894264,-0.145824,29,16.301165,8,21,0.023342,211,141.016313,78,133,-0.139057,11,6.576786,3,8,9-Ball,0.023342
3402052,Henning Evensen,https://img.cuescore.com/image/8/4/862c792ba8eb7f97e626fbe6cbcc59f6.png,https://cuescore.com/img/flags/png-country-4x2-none/res-640x480/no.png,402.48,402.48,2018-12-02,ostkanten,False,anchored,,,,9,4,5,41,2,0,0,0,9,4,5,0,0,0,0.120288,9,1.464833,0.0,9,1.464833,4,5,,0,0.0,0,0,,0,0.0,0,0,8-Ball,0.0
10408627,Kasper Parkstad,https://img.cuescore.com/image/7/4/774dcd54bec46c29bb8e671a134d5bd0.png?t=1635692493,https://cuescore.com/img/flags/png-country-4x2-none/res-640x480/no.png,402.38,402.37,2021-10-31,ostkanten,False,anchored,,,,8,3,5,42,2,0,0,0,8,3,5,0,0,0,0.067437,8,2.563753,0.0,8,2.563753,3,5,,0,0.0,0,0,,0,0.0,0,0,8-Ball,0.0
8984217,Philip Smith,https://img.cuescore.com/image/8/4/862c792ba8eb7f97e626fbe6cbcc59f6.png,https://cuescore.com/img/flags/png-country-4x2-none/res-640x480/no.png,402.15,402.15,2021-06-28,obk,False,anchored,,,,8,4,4,42,2,8,4,4,0,0,0,0,0,0,0.065973,8,2.368877,0.0,8,2.368877,4,4,,0,0.0,0,0,,0,0.0,0,0,8-Ball,0.0
1085688,Odd Martin Asp,https://img.cuescore.com/image/d/4/d8816bc96ce8fa1917fd6be565c416f8.png?t=1581939802,https://cuescore.com/img/flags/png-country-4x2-none/res-640x480/no.png,402.03,402.03,2022-07-07,ostkanten,False,anchored,,,,4,2,2,46,2,0,0,0,4,2,2,0,0,0,0.10791,4,1.500734,,0,0.0,0,0,0.0,4,1.500734,2,2,,0,0.0,0,0,9-Ball,0.0
57800878,Lukasz Majewski,https://img.cuescore.com/image/5/4/588a800ff739d8ffbd3e24a327e10cb7.png?t=1756759411,https://cuescore.com/img/flags/png-country-4x2-none/res-640x480/pl.png,402.02,401.98,2025-09-01,obk,False,anchored,175.0,2025-09-01T16:00:00Z,65621962,12,6,6,38,2,12,6,6,0,0,0,0,0,0,0.014212,12,9.329809,,0,0.0,0,0,0.0,12,9.329809,6,6,,0,0.0,0,0,9-Ball,0.0
73236004,Dragan Ceranic,https://img.cuescore.com/image/4/4/433f4c52eca74e8965ef92ee2c02efee.png?t=1764751023,https://cuescore.com/img/flags/png-country-4x2-none/res-640x480/hr.png,401.95,401.93,2025-12-27,obk,False,anchored,4.0,2025-12-27T11:00:00Z,71848093,16,3,13,34,2,16,3,13,0,0,0,0,0,0,0.008601,16,13.393613,,0,0.0,0,0,0.0,16,13.393613,3,13,,0,0.0,0,0,9-Ball,0.0
21425374,Richard Persson,https://img.cuescore.com/image/2/4/2d0d731061f8db1207bcc19ffd06342e.png?t=1766246032,https://cuescore.com/img/flags/png-country-4x2-none/res-640x480/se.png,401.94,401.91,2024-12-27,obk,False,anchored,3.0,2024-12-27T11:00:00Z,52314610,13,5,8,37,2,13,5,8,0,0,0,0,0,0,0.019333,13,6.43397,0.0,13,6.43397,5,8,,0,0.0,0,0,,0,0.0,0,0,8-Ball,0.0
2620563,Shakir,https://img.cuescore.com/image/8/4/862c792ba8eb7f97e626fbe6cbcc59f6.png,https://cuescore.com/img/flags/png-country-4x2-none/res-640x480/no.png,401.9,401.9,2018-06-04,obk,False,anchored,12.0,2018-05-26T12:01:00Z,2619365,8,5,3,42,2,8,5,3,0,0,0,0,0,0,0.118332,8,1.166391,0.0,8,1.166391,5,3,,0,0.0,0,0,,0,0.0,0,0,8-Ball,0.0
5185785,Benjamin Memeti,https://img.cuescore.com/image/8/4/862c792ba8eb7f97e626fbe6cbcc59f6.png,https://cuescore.com/img/flags/png-country-4x2-none/res-640x480/mk.png,401.84,401.81,2019-10-21,obk,False,anchored,40.0,2019-10-09T16:03:00Z,6584939,17,6,11,33,2,17,6,11,0,0,0,0,0,0,0.030727,17,3.409361,,0,0.0,0,0,0.0,17,3.409361,6,11,,0,0.0,0,0,9-Ball,0.0
2251358,Davut Demir,https://img.cuescore.com/image/8/4/862c792ba8eb7f97e626fbe6cbcc59f6.png,,401.82,401.82,2018-03-19,obk,False,anchored,,,,9,5,4,41,2,9,5,4,0,0,0,0,0,0,0.103512,9,1.249838,0.0,9,1.249838,5,4,,0,0.0,0,0,,0,0.0,0,0,8-Ball,0.0
5339081,Daniel,https://img.cuescore.com/image/8/4/862c792ba8eb7f97e626fbe6cbcc59f6.png,https://cuescore.com/img/flags/png-country-4x2-none/res-640x480/no.png,401.61,401.61,2019-09-09,obk,False,anchored,,,,9,5,4,41,2,9,5,4,0,0,0,0,0,0,0.06511,9,1.757609,,0,0.0,0,0,0.0,9,1.757609,5,4,,0,0.0,0,0,9-Ball,0.0
2138958,Michael Andersson,https://img.cuescore.com/image/8/4/862c792ba8eb7f97e626fbe6cbcc59f6.png,https://cuescore.com/img/flags/png-country-4x2-none/res-640x480/se.png,401.58,401.57,2018-02-11,ostkanten,False,anchored,,,,10,4,6,40,2,0,0,0,10,4,6,0,0,0,0.080548,10,1.357369,,0,0.0,0,0,0.0,10,1.357369,4,6,,0,0.0,0,0,9-Ball,0.0
5105380,Alexander Høva,https://img.cuescore.com/image/8/4/862c792ba8eb7f97e626fbe6cbcc59f6.png,https://cuescore.com/img/flags/png-country-4x2-none/res-640x480/no.png,401.55,401.55,2025-03-24,obk,False,anchored,275.0,2025-03-24T17:00:00Z,54821365,2,1,1,48,2,0,0,0,2,1,1,0,0,0,0.171907,2,0.750367,,0,0.0,0,0,0.0,2,0.750367,1,1,,0,0.0,0,0,9-Ball,0.0
1256298,Andreas Bjerke,https://img.cuescore.com/image/e/4/e6832a281bf31df6fd0f45024016cd8e.png?t=1579116811,https://cuescore.com/img/flags/png-country-4x2-none/res-640x480/no.png,401.5,401.51,2019-02-20,obk,False,anchored,28.0,2019-02-20T17:00:00Z,4797252,7,4,3,43,2,7,4,3,0,0,0,0,0,0,0.09313,7,1.202316,0.0,7,1.202316,4,3,,0,0.0,0,0,,0,0.0,0,0,8-Ball,0.0
1285998,Haakon Røstad,https://img.cuescore.com/image/3/4/36e69289f28f700594d4d267b0609dd0.png?t=1736158534,https://cuescore.com/img/flags/png-country-4x2-none/res-640x480/no.png,401.49,401.49,2024-04-13,obk,False,anchored,,,,14,6,8,36,2,14,6,8,0,0,0,0,0,0,0.011754,14,7.902835,,0,0.0,0,0,0.0,14,7.902835,6,8,,0,0.0,0,0,9-Ball,0.0
2251356,Saban Tepeli,https://img.cuescore.com/image/8/4/862c792ba8eb7f97e626fbe6cbcc59f6.png,,401.47,401.47,2018-03-19,obk,False,anchored,,,,11,6,5,39,2,11,6,5,0,0,0,0,0,0,0.065287,11,1.52758,0.0,11,1.52758,6,5,,0,0.0,0,0,,0,0.0,0,0,8-Ball,0.0
5476975,Toan Truong,https://img.cuescore.com/image/6/4/6349399674ea3696bafa9ceb8596d609.png?t=1559249294,https://cuescore.com/img/flags/png-country-4x2-none/res-640x480/vn.png,401.43,401.41,2019-06-03,obk,False,anchored,,,,18,8,10,32,2,18,8,10,0,0,0,0,0,0,0.02388,18,3.303992,,0,0.0,0,0,-0.077485,12,2.202608,4,8,0.154958,6,1.101384,4,2,10-Ball,0.154958
40876063,Ali Hazem,https://img.cuescore.com/image/8/4/862c792ba8eb7f97e626fbe6cbcc59f6.png,https://cuescore.com/img/flags/png-country-4x2-none/res-640x480/no.png,401.4,401.4,2024-03-16,obk,False,anchored,,,,2,1,1,48,2,2,1,1,0,0,0,0,0,0,0.104698,2,1.109243,,0,0.0,0,0,0.0,2,1.109243,1,1,,0,0.0,0,0,9-Ball,0.0
1006339,Kim Ronny Nygård,https://img.cuescore.com/image/0/4/050ec025b1e31e0ac5eea74c4c82b3ac.png?t=1478380445,https://cuescore.com/img/flags/png-country-4x2-none/res-640x480/no.png,401.32,401.28,2026-06-15,obk,False,anchored,,,,22,11,11,28,2,22,11,11,0,0,0,0,0,0,0.003828,22,16.691856,,0,0.0,0,0,0.0,22,16.691856,11,11,,0,0.0,0,0,9-Ball,0.0
4797931,Geir Perez,https://img.cuescore.com/image/8/4/862c792ba8eb7f97e626fbe6cbcc59f6.png,https://cuescore.com/img/flags/png-country-4x2-none/res-640x480/no.png,401.24,401.24,2019-02-18,obk,False,anchored,,,,10,5,5,40,2,10,5,5,0,0,0,0,0,0,0.050098,10,1.717595,0.0,10,1.717595,5,5,,0,0.0,0,0,,0,0.0,0,0,8-Ball,0.0
5063316,Asgeir H,https://img.cuescore.com/image/8/4/862c792ba8eb7f97e626fbe6cbcc59f6.png,https://cuescore.com/img/flags/png-country-4x2-none/res-640x480/no.png,401.21,401.21,2019-03-18,obk,False,anchored,,,,8,4,4,42,2,8,4,4,0,0,0,0,0,0,0.063067,8,1.398631,0.0,8,1.398631,4,4,,0,0.0,0,0,,0,0.0,0,0,8-Ball,0.0
1006252,Gjermund Flage,https://img.cuescore.com/image/b/4/b7fe181ea5eb57962ba6258756235de4.png?t=1574261470,https://cuescore.com/img/flags/png-country-4x2-none/res-640x480/no.png,401.17,401.16,2022-07-07,ostkanten,False,anchored,,,,2,1,1,48,2,0,0,0,2,1,1,0,0,0,0.129164,2,0.750367,,0,0.0,0,0,0.0,2,0.750367,1,1,,0,0.0,0,0,9-Ball,0.0
5689902,Roger Andresen,https://img.cuescore.com/image/8/4/862c792ba8eb7f97e626fbe6cbcc59f6.png,https://cuescore.com/img/flags/png-country-4x2-none/res-640x480/no.png,401.06,400.83,2026-04-03,obk,False,anchored,3.0,2026-04-03T13:00:00Z,79209838,169,61,108,0,2,110,42,68,59,19,40,0,0,0,9e-06,169,124.099367,-0.249604,10,8.717616,0,10,0.03213,149,107.457918,59,90,-0.161121,10,7.923834,2,8,9-Ball,0.03213
16543003,Courtney Daniells,https://img.cuescore.com/image/5/4/5aa6aa48f7d5ffe854d5266ac08db7ef.png,https://cuescore.com/img/flags/png-country-4x2-none/res-640x480/no.png,401.05,401.05,2022-06-30,ostkanten,False,anchored,,,,3,1,2,47,2,0,0,0,3,1,2,0,0,0,0.076459,3,1.120543,,0,0.0,0,0,0.0,3,1.120543,1,2,,0,0.0,0,0,9-Ball,0.0
2684364,Huan,https://img.cuescore.com/image/8/4/862c792ba8eb7f97e626fbe6cbcc59f6.png,https://cuescore.com/img/flags/png-country-4x2-none/res-640x480/no.png,401.02,400.86,2018-09-17,obk,False,anchored,,,,59,27,32,0,2,59,27,32,0,0,0,0,0,0,-4.4e-05,59,9.046112,-0.003299,17,2.62479,7,10,0.001349,42,6.421322,20,22,,0,0.0,0,0,9-Ball,0.001349
16670470,Brede Rullut,https://img.cuescore.com/image/8/4/862c792ba8eb7f97e626fbe6cbcc59f6.png,https://cuescore.com/img/flags/png-country-4x2-none/res-640x480/no.png,400.94,400.93,2022-07-11,ostkanten,False,anchored,,,,2,1,1,48,2,0,0,0,2,1,1,0,0,0,0.103513,2,0.752219,0.0,2,0.752219,1,1,,0,0.0,0,0,,0,0.0,0,0,8-Ball,0.0
2021209,Johnny Lotto,https://img.cuescore.com/image/8/4/862c792ba8eb7f97e626fbe6cbcc59f6.png,https://cuescore.com/img/flags/png-country-4x2-none/res-640x480/no.png,400.92,400.91,2017-12-18,obk,False,anchored,,,,13,5,8,37,2,13,5,8,0,0,0,0,0,0,0.034651,13,1.704332,,0,0.0,0,0,,0,0.0,0,0,0.0,13,1.704332,5,8,10-Ball,0.0
3647948,Janna Braseth,https://img.cuescore.com/image/5/4/5aa6aa48f7d5ffe854d5266ac08db7ef.png,https://cuescore.com/img/flags/png-country-4x2-none/res-640x480/no.png,400.91,400.86,2021-07-04,obk,False,anchored,3.0,2021-07-04T14:00:00Z,8995646,22,8,14,28,2,22,8,14,0,0,0,0,0,0,0.009045,22,4.872782,0.045472,5,0.789478,2,3,-0.008792,17,4.083304,6,11,,0,0.0,0,0,8-Ball,0.045472
50522596,Olav Finnerud,https://img.cuescore.com/image/8/4/862c792ba8eb7f97e626fbe6cbcc59f6.png,https://cuescore.com/img/flags/png-country-4x2-none/res-640x480/no.png,400.79,400.76,2026-01-26,obk,False,anchored,165.0,2026-01-26T17:00:00Z,75333334,5,2,3,45,2,5,2,3,0,0,0,0,0,0,0.014451,5,4.266369,0.0,5,4.266369,2,3,,0,0.0,0,0,,0,0.0,0,0,8-Ball,0.0
26507311,nicolai sundt,https://img.cuescore.com/image/8/4/862c792ba8eb7f97e626fbe6cbcc59f6.png,https://cuescore.com/img/flags/png-country-4x2-none/res-640x480/no.png,400.68,400.66,2023-04-09,ostkanten,False,anchored,,,,15,5,10,35,2,15,5,10,0,0,0,0,0,0,0.009371,15,4.438632,0.0,15,4.438632,5,10,,0,0.0,0,0,,0,0.0,0,0,8-Ball,0.0
3508778,Naser lusnjani,https://img.cuescore.com/image/8/4/862c792ba8eb7f97e626fbe6cbcc59f6.png,https://cuescore.com/img/flags/png-country-4x2-none/res-640x480/no.png,400.64,400.63,2018-12-17,obk,False,anchored,,,,12,6,6,38,2,12,6,6,0,0,0,0,0,0,0.021223,12,1.976212,0.17305,6,0.990294,4,2,,0,0.0,0,0,-0.173818,6,0.985918,2,4,8-Ball,0.17305
6863666,Silje Vareide,https://img.cuescore.com/image/5/4/5aa6aa48f7d5ffe854d5266ac08db7ef.png,https://cuescore.com/img/flags/png-country-4x2-none/res-640x480/no.png,400.63,400.63,2019-11-18,obk,False,anchored,,,,8,4,4,42,2,8,4,4,0,0,0,0,0,0,0.02811,8,1.633098,,0,0.0,0,0,0.0,8,1.633098,4,4,,0,0.0,0,0,9-Ball,0.0
42294211,Gaute Andersen,https://img.cuescore.com/image/8/4/862c792ba8eb7f97e626fbe6cbcc59f6.png,https://cuescore.com/img/flags/png-country-4x2-none/res-640x480/no.png,400.63,400.63,2024-04-27,obk,False,anchored,,,,2,1,1,48,2,2,1,1,0,0,0,0,0,0,0.045682,2,1.138989,0.0,2,1.138989,1,1,,0,0.0,0,0,,0,0.0,0,0,8-Ball,0.0
34719502,Jonathan Storvik,https://img.cuescore.com/image/8/4/862c792ba8eb7f97e626fbe6cbcc59f6.png,https://cuescore.com/img/flags/png-country-4x2-none/res-640x480/no.png,400.59,400.52,2024-07-15,obk,False,anchored,175.0,2024-07-15T16:00:00Z,44280016,24,12,12,26,2,24,12,12,0,0,0,0,0,0,0.002169,24,12.306694,,0,0.0,0,0,0.0,24,12.306694,12,12,,0,0.0,0,0,9-Ball,0.0
1663605,Mona Sunde,https://img.cuescore.com/image/5/4/5aa6aa48f7d5ffe854d5266ac08db7ef.png,https://cuescore.com/img/flags/png-country-4x2-none/res-640x480/no.png,400.52,400.51,2018-05-15,ostkanten,False,anchored,,,,16,4,12,34,2,0,0,0,16,4,12,0,0,0,0.014821,16,2.05938,,0,0.0,0,0,0.0,16,2.05938,4,12,,0,0.0,0,0,9-Ball,0.0
1071680,Michael,https://img.cuescore.com/image/8/4/862c792ba8eb7f97e626fbe6cbcc59f6.png,,400.48,400.47,2019-05-27,obk,False,anchored,,,,8,3,5,42,2,8,3,5,0,0,0,0,0,0,0.023703,8,1.461918,0.0,8,1.461918,3,5,,0,0.0,0,0,,0,0.0,0,0,8-Ball,0.0
16672027,Michael Brandt,https://img.cuescore.com/image/8/4/862c792ba8eb7f97e626fbe6cbcc59f6.png,https://cuescore.com/img/flags/png-country-4x2-none/res-640x480/no.png,400.47,400.47,2022-07-11,ostkanten,False,anchored,,,,2,1,1,48,2,0,0,0,2,1,1,0,0,0,0.052474,2,0.752219,0.0,2,0.752219,1,1,,0,0.0,0,0,,0,0.0,0,0,8-Ball,0.0
3543768,Dennis,https://img.cuescore.com/image/8/4/862c792ba8eb7f97e626fbe6cbcc59f6.png,https://cuescore.com/img/flags/png-country-4x2-none/res-640x480/us.png,400.44,400.44,2018-12-17,obk,False,anchored,,,,7,3,4,43,2,7,3,4,0,0,0,0,0,0,0.028349,7,1.155343,0.0,7,1.155343,3,4,,0,0.0,0,0,,0,0.0,0,0,8-Ball,0.0
3036773,Mathias Stav,https://img.cuescore.com/image/8/4/862c792ba8eb7f97e626fbe6cbcc59f6.png,https://cuescore.com/img/flags/png-country-4x2-none/res-640x480/no.png,400.4,400.4,2018-09-10,obk,False,anchored,,,,10,5,5,40,2,10,5,5,0,0,0,0,0,0,0.018102,10,1.551235,0.0,10,1.551235,5,5,,0,0.0,0,0,,0,0.0,0,0,8-Ball,0.0
8362037,Gunn Hellen,https://img.cuescore.com/image/5/4/5aa6aa48f7d5ffe854d5266ac08db7ef.png,https://cuescore.com/img/flags/png-country-4x2-none/res-640x480/no.png,400.39,400.39,2020-10-12,obk,False,anchored,,,,4,2,2,46,2,4,2,2,0,0,0,0,0,0,0.031037,4,1.005442,0.0,4,1.005442,2,2,,0,0.0,0,0,,0,0.0,0,0,8-Ball,0.0
1914701,James Aranas,https://img.cuescore.com/image/8/4/862c792ba8eb7f97e626fbe6cbcc59f6.png,https://cuescore.com/img/flags/png-country-4x2-none/res-640x480/ph.png,400.38,400.38,2020-01-24,obk,False,anchored,,,,18,7,11,32,2,18,7,11,0,0,0,0,0,0,0.005491,18,3.832533,,0,0.0,0,0,,0,0.0,0,0,0.0,18,3.832533,7,11,10-Ball,0.0
12339043,Magnus Groseth,https://img.cuescore.com/image/5/4/58ebae7e492bbafb077ff0f5c97974c1.png?t=1674052498,https://cuescore.com/img/flags/png-country-4x2-none/res-640x480/no.png,400.37,400.17,2023-01-18,obk,False,anchored,225.0,2023-01-18T17:00:00Z,21241612,58,23,35,0,2,58,23,35,0,0,0,0,0,0,-2.3e-05,58,19.924751,-0.106388,25,8.513364,8,17,0.145954,19,6.592155,9,10,-0.01171,14,4.819232,6,8,9-Ball,0.145954
3309293,OC. Hansen,https://img.cuescore.com/image/8/4/8b2fbc4be2ca61b5026159819c8960d5.png?t=1652605995,https://cuescore.com/img/flags/png-country-4x2-none/res-640x480/no.png,400.19,400.19,2023-06-03,obk,False,anchored,275.0,2023-01-18T17:00:00Z,21241612,2,1,1,48,2,0,0,0,2,1,1,0,0,0,0.02105,2,0.747029,,0,0.0,0,0,0.0,2,0.747029,1,1,,0,0.0,0,0,9-Ball,0.0
3508777,Outi,https://img.cuescore.com/image/5/4/5aa6aa48f7d5ffe854d5266ac08db7ef.png,https://cuescore.com/img/flags/png-country-4x2-none/res-640x480/no.png,400.13,400.12,2018-12-10,obk,False,anchored,,,,8,4,4,42,2,8,4,4,0,0,0,0,0,0,0.00697,8,1.314558,,0,0.0,0,0,,0,0.0,0,0,0.0,8,1.314558,4,4,10-Ball,0.0
42294346,Sigurd Ibsen,https://img.cuescore.com/image/8/4/862c792ba8eb7f97e626fbe6cbcc59f6.png,https://cuescore.com/img/flags/png-country-4x2-none/res-640x480/no.png,400.13,400.13,2024-04-27,obk,False,anchored,,,,2,1,1,48,2,2,1,1,0,0,0,0,0,0,0.009296,2,1.138989,0.0,2,1.138989,1,1,,0,0.0,0,0,,0,0.0,0,0,8-Ball,0.0
1006283,Jan Erik Gundersen,https://img.cuescore.com/image/0/4/0c24bbf2b386a7084424cd3aadb80dd8.png?t=1537810552,https://cuescore.com/img/flags/png-country-4x2-none/res-640x480/no.png,400.07,400.07,2018-10-10,obk,False,anchored,97.0,2018-10-10T16:00:00Z,3182917,3,1,2,47,2,3,1,2,0,0,0,0,0,0,0.013312,3,0.429793,,0,0.0,0,0,0.0,3,0.429793,1,2,,0,0.0,0,0,9-Ball,0.0
4762955,Benjamin,https://img.cuescore.com/image/8/4/862c792ba8eb7f97e626fbe6cbcc59f6.png,https://cuescore.com/img/flags/png-country-4x2-none/res-640x480/no.png,400.06,400.04,2019-02-18,obk,False,anchored,,,,23,10,13,27,2,23,10,13,0,0,0,0,0,0,0.000828,23,3.93917,-0.064714,8,1.374076,3,5,,0,0.0,0,0,0.034666,15,2.565094,7,8,10-Ball,0.034666
5063317,Eirik N,https://img.cuescore.com/image/8/4/862c792ba8eb7f97e626fbe6cbcc59f6.png,https://cuescore.com/img/flags/png-country-4x2-none/res-640x480/no.png,400.01,400.01,2019-03-18,obk,False,anchored,,,,9,4,5,41,2,9,4,5,0,0,0,0,0,0,0.000482,9,1.57346,0.0,9,1.57346,4,5,,0,0.0,0,0,,0,0.0,0,0,8-Ball,0.0
42294226,Kristoffer Myhre,https://img.cuescore.com/image/8/4/862c792ba8eb7f97e626fbe6cbcc59f6.png,https://cuescore.com/img/flags/png-country-4x2-none/res-640x480/no.png,400.01,400.01,2024-04-27,obk,False,anchored,,,,2,1,1,48,2,2,1,1,0,0,0,0,0,0,0.00058,2,1.138989,0.0,2,1.138989,1,1,,0,0.0,0,0,,0,0.0,0,0,8-Ball,0.0
42280075,Eivind Jørgensen,https://img.cuescore.com/image/8/4/862c792ba8eb7f97e626fbe6cbcc59f6.png,https://cuescore.com/img/flags/png-country-4x2-none/res-640x480/no.png,400.0,400.0,2024-04-27,obk,False,anchored,,,,2,1,1,48,2,2,1,1,0,0,0,0,0,0,0.000156,2,1.138989,0.0,2,1.138989,1,1,,0,0.0,0,0,,0,0.0,0,0,8-Ball,0.0
43190422,Sang Luong,https://img.cuescore.com/image/d/4/dc13e3a34dd216ec238a852216b3d368.png?t=1716297885,https://cuescore.com/img/flags/png-country-4x2-none/res-640x480/vn.png,399.98,399.98,2024-05-21,obk,False,anchored,,,,4,2,2,46,2,4,2,2,0,0,0,0,0,0,-0.000562,4,2.312949,,0,0.0,0,0,0.0,4,2.312949,2,2,,0,0.0,0,0,9-Ball,0.0
1286272,Chris Melling,https://img.cuescore.com/image/3/4/356fefcf263ca65fab4970105f37ab60.png?t=1730878839,https://cuescore.com/img/flags/png-country-4x2-none/res-640x480/gb.png,399.96,399.96,2020-01-24,obk,False,anchored,,,,20,9,11,30,2,20,9,11,0,0,0,0,0,0,-0.000533,20,4.25837,,0,0.0,0,0,,0,0.0,0,0,0.0,20,4.25837,9,11,10-Ball,0.0
9209866,Johannes Sandström,https://img.cuescore.com/image/8/4/862c792ba8eb7f97e626fbe6cbcc59f6.png,https://cuescore.com/img/flags/png-country-4x2-none/res-640x480/se.png,399.94,399.85,2022-02-21,obk,False,anchored,,,,33,14,19,17,2,33,14,19,0,0,0,0,0,0,-0.000167,33,11.092407,,0,0.0,0,0,0.020968,15,4.896251,6,9,-0.016569,18,6.196156,8,10,9-Ball,0.020968
18283951,Gabriel Salvesen,https://img.cuescore.com/image/6/4/617beda9646d1770816a08319adaa7e3.png?t=1664293865,https://cuescore.com/img/flags/png-country-4x2-none/res-640x480/no.png,399.92,399.91,2023-10-15,obk,False,anchored,,,,3,1,2,47,2,3,1,2,0,0,0,0,0,0,-0.004198,3,1.510453,,0,0.0,0,0,0.0,3,1.510453,1,2,,0,0.0,0,0,9-Ball,0.0
60309976,Samuel Feste,https://img.cuescore.com/image/8/4/862c792ba8eb7f97e626fbe6cbcc59f6.png,https://cuescore.com/img/flags/png-country-4x2-none/res-640x480/no.png,399.89,399.83,2026-02-23,obk,False,anchored,180.0,2026-02-23T17:00:00Z,76441429,15,8,7,35,2,15,8,7,0,0,0,0,0,0,-0.000586,15,11.874097,0.0,15,11.874097,8,7,,0,0.0,0,0,,0,0.0,0,0,8-Ball,0.0
3637421,Henning Evensen,https://img.cuescore.com/image/5/4/58eab07d2013613340772c0d6d622662.png?t=1547562258,https://cuescore.com/img/flags/png-country-4x2-none/res-640x480/no.png,399.86,399.86,2019-09-22,ostkanten,False,anchored,,,,8,3,5,42,2,0,0,0,8,3,5,0,0,0,-0.007333,8,1.355023,0.0,8,1.355023,3,5,,0,0.0,0,0,,0,0.0,0,0,8-Ball,0.0
80088052,Razzle Dazzle,https://img.cuescore.com/image/8/4/862c792ba8eb7f97e626fbe6cbcc59f6.png,https://cuescore.com/img/flags/png-country-4x2-none/res-640x480/ro.png,399.84,399.84,2026-04-12,ostkanten,False,anchored,,,,14,4,10,36,2,0,0,0,14,4,10,0,0,0,-0.000796,14,12.532859,,0,0.0,0,0,0.0,14,12.532859,4,10,,0,0.0,0,0,9-Ball,0.0
1075531,Thang Vu Ngoc,https://img.cuescore.com/image/8/4/862c792ba8eb7f97e626fbe6cbcc59f6.png,https://cuescore.com/img/flags/png-country-4x2-none/res-640x480/no.png,399.8,399.8,2017-09-25,obk,False,anchored,,,,10,5,5,40,2,10,5,5,0,0,0,0,0,0,-0.011121,10,1.243145,0.0,10,1.243145,5,5,,0,0.0,0,0,,0,0.0,0,0,8-Ball,0.0
1006454,Robin Svedin,https://img.cuescore.com/image/9/4/95022528569ec3f0e42fd735817a9a85.png?t=1762575167,https://cuescore.com/img/flags/png-country-4x2-none/res-640x480/no.png,399.78,399.78,2019-08-31,obk,False,anchored,4.0,2019-08-30T14:00:00Z,5976158,1,0,1,49,2,1,0,1,0,0,0,0,0,0,-0.096055,1,0.194207,,0,0.0,0,0,0.0,1,0.194207,0,1,,0,0.0,0,0,9-Ball,0.0
5140382,Jørgen Johansen,https://img.cuescore.com/image/8/4/862c792ba8eb7f97e626fbe6cbcc59f6.png,https://cuescore.com/img/flags/png-country-4x2-none/res-640x480/no.png,399.77,399.77,2019-04-01,obk,False,anchored,,,,7,3,4,43,2,7,3,4,0,0,0,0,0,0,-0.013797,7,1.234672,0.0,7,1.234672,3,4,,0,0.0,0,0,,0,0.0,0,0,8-Ball,0.0
2166644,Nicolai Sætra,https://img.cuescore.com/image/f/4/f0ecab4af4dd1d68f5d037f0acea4f65.png?t=1519837466,https://cuescore.com/img/flags/png-country-4x2-none/res-640x480/no.png,399.69,399.69,2019-08-31,obk,False,anchored,6.0,2019-08-30T14:00:00Z,5976158,1,0,1,49,2,1,0,1,0,0,0,0,0,0,-0.1351,1,0.194207,,0,0.0,0,0,0.0,1,0.194207,0,1,,0,0.0,0,0,9-Ball,0.0
2167251,Tor Bugten,https://img.cuescore.com/image/8/4/862c792ba8eb7f97e626fbe6cbcc59f6.png,https://cuescore.com/img/flags/png-country-4x2-none/res-640x480/no.png,399.65,399.65,2018-02-19,obk,False,anchored,,,,8,3,5,42,2,8,3,5,0,0,0,0,0,0,-0.023041,8,1.091462,0.0,8,1.091462,3,5,,0,0.0,0,0,,0,0.0,0,0,8-Ball,0.0
7027028,Wael,https://img.cuescore.com/image/8/4/862c792ba8eb7f97e626fbe6cbcc59f6.png,https://cuescore.com/img/flags/png-country-4x2-none/res-640x480/no.png,399.63,399.62,2022-10-24,obk,False,anchored,225.0,2022-10-24T16:00:00Z,19043404,11,4,7,39,2,11,4,7,0,0,0,0,0,0,-0.01074,11,2.316922,-0.262155,5,1.071634,1,4,0.225598,6,1.245288,3,3,,0,0.0,0,0,9-Ball,0.225598
3305265,Fredrik Nyberg,https://img.cuescore.com/image/8/4/862c792ba8eb7f97e626fbe6cbcc59f6.png,https://cuescore.com/img/flags/png-country-4x2-none/res-640x480/se.png,399.5,399.45,2024-10-07,obk,False,anchored,266.0,2024-10-07T16:00:00Z,50414158,27,9,18,23,2,27,9,18,0,0,0,0,0,0,-0.004379,27,4.614019,-0.082807,9,1.796957,2,7,0.052822,18,2.817062,7,11,,0,0.0,0,0,9-Ball,0.052822
1006419,Ole Kristian Elnæs,https://img.cuescore.com/image/b/4/b130d080a36488e0a86e683be5b16db3.png?t=1516825670,https://cuescore.com/img/flags/png-country-4x2-none/res-640x480/no.png,399.47,399.46,2023-04-23,ostkanten,False,anchored,,,,10,3,7,40,2,10,3,7,0,0,0,0,0,0,-0.019882,10,1.840182,,0,0.0,0,0,0.0,10,1.840182,3,7,,0,0.0,0,0,9-Ball,0.0
1006516,Timo Mäkelä,https://img.cuescore.com/image/8/4/862c792ba8eb7f97e626fbe6cbcc59f6.png,https://cuescore.com/img/flags/png-country-4x2-none/res-640x480/no.png,399.28,399.27,2018-04-18,obk,False,anchored,,,,1,0,1,49,2,1,0,1,0,0,0,0,0,0,-0.433763,1,0.141349,,0,0.0,0,0,0.0,1,0.141349,0,1,,0,0.0,0,0,9-Ball,0.0
3439599,Even Nguyen,https://img.cuescore.com/image/8/4/862c792ba8eb7f97e626fbe6cbcc59f6.png,https://cuescore.com/img/flags/png-country-4x2-none/res-640x480/no.png,399.26,399.25,2018-12-03,obk,False,anchored,,,,5,2,3,45,2,5,2,3,0,0,0,0,0,0,-0.070728,5,0.817968,0.0,5,0.817968,2,3,,0,0.0,0,0,,0,0.0,0,0,8-Ball,0.0
2357030,Jens Gundersen,https://img.cuescore.com/image/8/4/862c792ba8eb7f97e626fbe6cbcc59f6.png,https://cuescore.com/img/flags/png-country-4x2-none/res-640x480/no.png,399.24,399.24,2018-04-16,obk,False,anchored,,,,1,0,1,49,2,1,0,1,0,0,0,0,0,0,-0.456683,1,0.141349,,0,0.0,0,0,0.0,1,0.141349,0,1,,0,0.0,0,0,9-Ball,0.0
1714798,Efka Jega,https://img.cuescore.com/image/5/4/5b939af9399cb941afb5fece6c8a5e0f.png?t=1506354695,,399.23,399.22,2017-10-09,obk,False,anchored,,,,26,13,13,24,2,26,13,13,0,0,0,0,0,0,-0.009833,26,3.249872,0.0,26,3.249872,13,13,,0,0.0,0,0,,0,0.0,0,0,8-Ball,0.0
77926909,Fredrik August Svendsen,https://img.cuescore.com/image/8/4/862c792ba8eb7f97e626fbe6cbcc59f6.png,https://cuescore.com/img/flags/png-country-4x2-none/res-640x480/no.png,399.21,399.2,2026-03-06,obk,False,anchored,,,,14,6,8,36,2,14,6,8,0,0,0,0,0,0,-0.004044,14,12.244187,,0,0.0,0,0,0.0,14,12.244187,6,8,,0,0.0,0,0,9-Ball,0.0
6550337,Mats Rognås,https://img.cuescore.com/image/8/4/862c792ba8eb7f97e626fbe6cbcc59f6.png,https://cuescore.com/img/flags/png-country-4x2-none/res-640x480/no.png,399.18,399.16,2019-09-30,obk,False,anchored,,,,19,8,11,31,2,19,8,11,0,0,0,0,0,0,-0.011825,19,3.760128,,0,0.0,0,0,,0,0.0,0,0,0.0,19,3.760128,8,11,10-Ball,0.0
1024684,Christian Laland,https://img.cuescore.com/image/b/4/b289a8b84ffba4e8d816a4011720062d.png?t=1536997209,https://cuescore.com/img/flags/png-country-4x2-none/res-640x480/no.png,399.15,399.14,2018-06-18,obk,False,anchored,,,,3,1,2,47,2,3,1,2,0,0,0,0,0,0,-0.159249,3,0.43554,,0,0.0,0,0,0.0,3,0.43554,1,2,,0,0.0,0,0,9-Ball,0.0
1511260,Lars Haakon Lunde,https://img.cuescore.com/image/8/4/862c792ba8eb7f97e626fbe6cbcc59f6.png,https://cuescore.com/img/flags/png-country-4x2-none/res-640x480/no.png,399.13,399.12,2017-11-13,obk,False,anchored,,,,11,4,7,39,2,11,4,7,0,0,0,0,0,0,-0.041892,11,1.410548,0.0,11,1.410548,4,7,,0,0.0,0,0,,0,0.0,0,0,8-Ball,0.0
1183879,Alexander Juliussen,https://img.cuescore.com/image/8/4/862c792ba8eb7f97e626fbe6cbcc59f6.png,https://cuescore.com/img/flags/png-country-4x2-none/res-640x480/no.png,399.12,399.11,2019-12-02,obk,False,anchored,,,,5,1,4,45,2,5,1,4,0,0,0,0,0,0,-0.06704,5,1.029766,,0,0.0,0,0,0.0,5,1.029766,1,4,,0,0.0,0,0,9-Ball,0.0
5096958,Rune Paris,https://img.cuescore.com/image/8/4/862c792ba8eb7f97e626fbe6cbcc59f6.png,https://cuescore.com/img/flags/png-country-4x2-none/res-640x480/no.png,399.11,399.11,2019-09-01,ostkanten,False,anchored,,,,8,2,6,42,2,0,0,0,8,2,6,0,0,0,-0.041467,8,1.554361,,0,0.0,0,0,,0,0.0,0,0,0.0,8,1.554361,2,6,10-Ball,0.0
6550338,Isak Karlsen,https://img.cuescore.com/image/8/4/862c792ba8eb7f97e626fbe6cbcc59f6.png,https://cuescore.com/img/flags/png-country-4x2-none/res-640x480/no.png,399.09,399.07,2019-09-30,obk,False,anchored,,,,14,6,8,36,2,14,6,8,0,0,0,0,0,0,-0.020473,14,2.77062,,0,0.0,0,0,,0,0.0,0,0,0.0,14,2.77062,6,8,10-Ball,0.0
3299855,Thomas Wiik,https://img.cuescore.com/image/8/4/862c792ba8eb7f97e626fbe6cbcc59f6.png,https://cuescore.com/img/flags/png-country-4x2-none/res-640x480/no.png,399.08,399.08,2022-01-16,ostkanten,False,anchored,,,,6,1,5,44,2,0,0,0,6,1,5,0,0,0,-0.07295,6,0.959411,0.0,6,0.959411,1,5,,0,0.0,0,0,,0,0.0,0,0,8-Ball,0.0
1006275,Ine Helvik,https://img.cuescore.com/image/2/4/298bfe7fd43486727629e7f2aaa2f31b.png?t=1546256713,https://cuescore.com/img/flags/png-country-4x2-none/res-640x480/no.png,399.06,399.05,2022-07-11,ostkanten,False,anchored,,,,1,0,1,49,2,0,0,0,1,0,1,0,0,0,-0.212862,1,0.376131,,0,0.0,0,0,,0,0.0,0,0,0.0,1,0.376131,0,1,10-Ball,0.0
6863635,Jan olav Nordskog,https://img.cuescore.com/image/8/4/862c792ba8eb7f97e626fbe6cbcc59f6.png,https://cuescore.com/img/flags/png-country-4x2-none/res-640x480/no.png,399.04,399.04,2019-11-18,obk,False,anchored,,,,7,3,4,43,2,7,3,4,0,0,0,0,0,0,-0.049933,7,1.428961,,0,0.0,0,0,0.0,7,1.428961,3,4,,0,0.0,0,0,9-Ball,0.0
6680803,Jake Hill,https://img.cuescore.com/image/8/4/862c792ba8eb7f97e626fbe6cbcc59f6.png,https://cuescore.com/img/flags/png-country-4x2-none/res-640x480/gb-eng.png,399.03,399.01,2019-10-21,obk,False,anchored,,,,15,7,8,35,2,15,7,8,0,0,0,0,0,0,-0.01949,15,3.008313,,0,0.0,0,0,0.0,15,3.008313,7,8,,0,0.0,0,0,9-Ball,0.0
5159274,Nahom Legesse Tafesse,https://img.cuescore.com/image/8/4/862c792ba8eb7f97e626fbe6cbcc59f6.png,https://cuescore.com/img/flags/png-country-4x2-none/res-640x480/et.png,398.99,398.98,2019-11-11,obk,False,anchored,,,,7,3,4,43,2,7,3,4,0,0,0,0,0,0,-0.053184,7,1.422647,0.0,7,1.422647,3,4,,0,0.0,0,0,,0,0.0,0,0,8-Ball,0.0
2431088,Chalak,https://img.cuescore.com/image/8/4/862c792ba8eb7f97e626fbe6cbcc59f6.png,https://cuescore.com/img/flags/png-country-4x2-none/res-640x480/no.png,398.97,398.95,2018-04-30,obk,False,anchored,,,,23,9,14,27,2,23,9,14,0,0,0,0,0,0,-0.014544,23,3.279986,,0,0.0,0,0,0.0,23,3.279986,9,14,,0,0.0,0,0,9-Ball,0.0
7458715,Kristoforos,https://img.cuescore.com/image/8/4/862c792ba8eb7f97e626fbe6cbcc59f6.png,https://cuescore.com/img/flags/png-country-4x2-none/res-640x480/no.png,398.97,398.97,2020-02-17,obk,False,anchored,,,,7,3,4,43,2,7,3,4,0,0,0,0,0,0,-0.050708,7,1.513634,0.0,7,1.513634,3,4,,0,0.0,0,0,,0,0.0,0,0,8-Ball,0.0
1472752,Aneta Johnsen,https://img.cuescore.com/image/5/4/5aa6aa48f7d5ffe854d5266ac08db7ef.png,https://cuescore.com/img/flags/png-country-4x2-none/res-640x480/no.png,398.96,398.96,2017-10-30,obk,False,anchored,,,,13,6,7,37,2,13,6,7,0,0,0,0,0,0,-0.040325,13,1.652313,0.0,13,1.652313,6,7,,0,0.0,0,0,,0,0.0,0,0,8-Ball,0.0
7027022,Marie,https://img.cuescore.com/image/8/4/862c792ba8eb7f97e626fbe6cbcc59f6.png,https://cuescore.com/img/flags/png-country-4x2-none/res-640x480/no.png,398.93,398.93,2019-12-14,obk,False,anchored,,,,2,0,2,48,2,2,0,2,0,0,0,0,0,0,-0.21406,2,0.415096,,0,0.0,0,0,0.0,2,0.415096,0,2,,0,0.0,0,0,9-Ball,0.0
15769831,Thea Nordnes,https://img.cuescore.com/image/0/4/0a71ab0c2790b9a6e4e625bdcafdafb3.png?t=1652179905,https://cuescore.com/img/flags/png-country-4x2-none/res-640x480/no.png,398.91,398.91,2023-03-19,ostkanten,False,anchored,,,,3,1,2,47,2,0,0,0,3,1,2,0,0,0,-0.079173,3,1.120543,,0,0.0,0,0,0.0,3,1.120543,1,2,,0,0.0,0,0,9-Ball,0.0
6082345,Virginijus Sipavičius,https://img.cuescore.com/image/0/4/0786d6223eba29ad0f875f374dc8eb15.png?t=1633953904,https://cuescore.com/img/flags/png-country-4x2-none/res-640x480/lt.png,398.91,398.91,2019-08-31,obk,False,anchored,3.0,2019-08-30T20:00:00Z,6096626,1,0,1,49,2,1,0,1,0,0,0,0,0,0,-0.474791,1,0.194207,,0,0.0,0,0,0.0,1,0.194207,0,1,,0,0.0,0,0,9-Ball,0.0
2243631,Jens Gundersen,https://img.cuescore.com/image/8/4/862c792ba8eb7f97e626fbe6cbcc59f6.png,https://cuescore.com/img/flags/png-country-4x2-none/res-640x480/no.png,398.91,398.91,2018-06-18,obk,False,anchored,,,,2,0,2,48,2,2,0,2,0,0,0,0,0,0,-0.308988,2,0.292251,,0,0.0,0,0,0.0,2,0.292251,0,2,,0,0.0,0,0,9-Ball,0.0
1949271,Olaus C Hansen,https://img.cuescore.com/image/8/4/862c792ba8eb7f97e626fbe6cbcc59f6.png,https://cuescore.com/img/flags/png-country-4x2-none/res-640x480/no.png,398.66,398.65,2024-03-09,obk,False,anchored,,,,4,1,3,46,2,4,1,3,0,0,0,0,0,0,-0.048415,4,2.208743,,0,0.0,0,0,0.0,4,2.208743,1,3,,0,0.0,0,0,9-Ball,0.0
1079170,Rune Løe,https://img.cuescore.com/image/b/4/b4949314266e20f25811f361e43de15a.png?t=1556688554,https://cuescore.com/img/flags/png-country-4x2-none/res-640x480/no.png,398.64,398.63,2019-12-14,obk,False,anchored,61.0,2018-01-10T17:05:00Z,2054176,2,0,2,48,2,2,0,2,0,0,0,0,0,0,-0.272046,2,0.415096,,0,0.0,0,0,0.0,2,0.415096,0,2,,0,0.0,0,0,9-Ball,0.0
11705854,Riaz Ali,https://img.cuescore.com/image/8/4/862c792ba8eb7f97e626fbe6cbcc59f6.png,https://cuescore.com/img/flags/png-country-4x2-none/res-640x480/no.png,398.64,398.64,2022-07-11,ostkanten,False,anchored,,,,1,0,1,49,2,0,0,0,1,0,1,0,0,0,-0.305898,1,0.376131,,0,0.0,0,0,,0,0.0,0,0,0.0,1,0.376131,0,1,10-Ball,0.0
16672135,Eivind Tunstad,https://img.cuescore.com/image/8/4/862c792ba8eb7f97e626fbe6cbcc59f6.png,https://cuescore.com/img/flags/png-country-4x2-none/res-640x480/no.png,398.64,398.64,2022-07-11,ostkanten,False,anchored,,,,1,0,1,49,2,0,0,0,1,0,1,0,0,0,-0.305898,1,0.376109,0.0,1,0.376109,0,1,,0,0.0,0,0,,0,0.0,0,0,8-Ball,0.0
17073727,Svein Roger Hansen,https://img.cuescore.com/image/8/4/84c5d6bcba4d0473eba66d138dad94df.png?t=1659867020,https://cuescore.com/img/flags/png-country-4x2-none/res-640x480/no.png,398.62,398.56,2024-06-02,ostkanten,False,anchored,1.0,2023-04-12T16:00:00Z,21241732,24,6,18,26,2,24,6,18,0,0,0,0,0,0,-0.006151,24,10.143135,,0,0.0,0,0,0.047474,16,6.650274,4,12,-0.090388,8,3.492861,2,6,9-Ball,0.047474
1018075,Jo Erlend,https://img.cuescore.com/image/8/4/862c792ba8eb7f97e626fbe6cbcc59f6.png,,398.61,398.61,2017-01-02,obk,False,anchored,,,,5,1,4,45,2,5,1,4,0,0,0,0,0,0,-0.205955,5,0.525321,0.0,5,0.525321,1,4,,0,0.0,0,0,,0,0.0,0,0,8-Ball,0.0
73998136,Andreas Langkås,https://img.cuescore.com/image/8/4/862c792ba8eb7f97e626fbe6cbcc59f6.png,https://cuescore.com/img/flags/png-country-4x2-none/res-640x480/no.png,398.54,398.51,2025-12-27,obk,False,anchored,5.0,2025-12-27T11:00:00Z,71848093,13,4,9,37,2,13,4,9,0,0,0,0,0,0,-0.008584,13,10.882311,,0,0.0,0,0,0.0,13,10.882311,4,9,,0,0.0,0,0,9-Ball,0.0
1384599,Hamid Alizadeh,https://img.cuescore.com/image/5/4/53e8bebe1d09f3439bd3753861854423.png?t=1643310610,https://cuescore.com/img/flags/png-country-4x2-none/res-640x480/no.png,398.51,398.51,2019-07-24,obk,False,anchored,2.0,2019-07-24T16:00:00Z,6015793,8,3,5,42,2,8,3,5,0,0,0,0,0,0,-0.110119,8,0.982635,,0,0.0,0,0,0.0,8,0.982635,3,5,,0,0.0,0,0,9-Ball,0.0
40875670,Jan Kjetil Alfstad,https://img.cuescore.com/image/8/4/862c792ba8eb7f97e626fbe6cbcc59f6.png,https://cuescore.com/img/flags/png-country-4x2-none/res-640x480/no.png,398.47,398.46,2024-03-16,obk,False,anchored,,,,1,0,1,49,2,1,0,1,0,0,0,0,0,0,-0.234925,1,0.554622,,0,0.0,0,0,0.0,1,0.554622,0,1,,0,0.0,0,0,9-Ball,0.0
1411042,Skyler Woodward,https://img.cuescore.com/image/f/4/fc457760315328968094d9e7fa83e716.png?t=1553693365,https://cuescore.com/img/flags/png-country-4x2-none/res-640x480/us.png,398.46,398.45,2020-01-24,obk,False,anchored,,,,14,3,11,36,2,14,3,11,0,0,0,0,0,0,-0.032165,14,2.980859,,0,0.0,0,0,,0,0.0,0,0,0.0,14,2.980859,3,11,10-Ball,0.0
1006193,Dag Johnsen,https://img.cuescore.com/image/8/4/846da8f03bebb58d781746edb0335956.png?t=1489061635,https://cuescore.com/img/flags/png-country-4x2-none/res-640x480/no.png,398.43,398.42,2018-08-15,obk,False,anchored,54.0,2018-08-15T16:00:00Z,2867850,17,5,12,33,2,17,5,12,0,0,0,0,0,0,-0.034751,17,2.582625,,0,0.0,0,0,0.0,17,2.582625,5,12,,0,0.0,0,0,9-Ball,0.0
2052755,Erling Betten,https://img.cuescore.com/image/6/4/63f5f5ed13357a80981a19ce09468cc7.png?t=1515326914,,398.41,398.4,2018-01-15,obk,False,anchored,,,,9,3,6,41,2,9,3,6,0,0,0,0,0,0,-0.093893,9,1.201007,,0,0.0,0,0,0.0,9,1.201007,3,6,,0,0.0,0,0,9-Ball,0.0
2400653,Cathleen,https://img.cuescore.com/image/5/4/5aa6aa48f7d5ffe854d5266ac08db7ef.png,https://cuescore.com/img/flags/png-country-4x2-none/res-640x480/no.png,398.38,398.37,2018-04-23,obk,False,anchored,,,,9,4,5,41,2,9,4,5,0,0,0,0,0,0,-0.089951,9,1.277785,0.0,9,1.277785,4,5,,0,0.0,0,0,,0,0.0,0,0,8-Ball,0.0
2267856,Jimmy Andersson,https://img.cuescore.com/image/8/4/862c792ba8eb7f97e626fbe6cbcc59f6.png,https://cuescore.com/img/flags/png-country-4x2-none/res-640x480/se.png,398.34,398.19,2018-03-26,obk,False,anchored,,,,54,21,33,0,2,54,21,33,0,0,0,0,0,0,5.3e-05,54,7.53211,,0,0.0,0,0,0.0,54,7.53211,21,33,,0,0.0,0,0,9-Ball,0.0
6962355,Dennis,https://img.cuescore.com/image/8/4/862c792ba8eb7f97e626fbe6cbcc59f6.png,https://cuescore.com/img/flags/png-country-4x2-none/res-640x480/no.png,398.33,398.32,2019-12-02,obk,False,anchored,,,,9,3,6,41,2,9,3,6,0,0,0,0,0,0,-0.06406,9,1.853592,,0,0.0,0,0,0.0,9,1.853592,3,6,,0,0.0,0,0,9-Ball,0.0
2013157,Fredrik Hovda,https://img.cuescore.com/image/8/4/862c792ba8eb7f97e626fbe6cbcc59f6.png,https://cuescore.com/img/flags/png-country-4x2-none/res-640x480/no.png,398.33,398.33,2017-12-11,obk,False,anchored,,,,5,1,4,45,2,5,1,4,0,0,0,0,0,0,-0.199176,5,0.652616,0.0,5,0.652616,1,4,,0,0.0,0,0,,0,0.0,0,0,8-Ball,0.0
16996051,Ylva Mathisen,https://img.cuescore.com/image/5/4/5aa6aa48f7d5ffe854d5266ac08db7ef.png,https://cuescore.com/img/flags/png-country-4x2-none/res-640x480/no.png,398.3,398.3,2022-08-03,obk,False,anchored,,,,5,2,3,45,2,5,2,3,0,0,0,0,0,0,-0.06931,5,1.907822,,0,0.0,0,0,0.0,5,1.907822,2,3,,0,0.0,0,0,9-Ball,0.0
25508719,Magnus Maprang Dahlø,https://img.cuescore.com/image/5/4/535e65630064412bdba604db24b2b636.png?t=1784791853,https://cuescore.com/img/flags/png-country-4x2-none/res-640x480/no.png,398.29,398.29,2026-03-21,obk,False,anchored,,,,3,1,2,47,2,3,1,2,0,0,0,0,0,0,-0.052512,3,2.648775,,0,0.0,0,0,0.0,3,2.648775,1,2,,0,0.0,0,0,9-Ball,0.0
1006451,Robert Gelin Rysjedal,https://img.cuescore.com/image/7/4/775a8c69cbad1ba33b3766b608acc2d9.png?t=1710020783,https://cuescore.com/img/flags/png-country-4x2-none/res-640x480/no.png,398.26,398.25,2019-06-07,obk,False,anchored,,,,10,2,8,40,2,10,2,8,0,0,0,0,0,0,-0.065607,10,1.840182,,0,0.0,0,0,0.0,10,1.840182,2,8,,0,0.0,0,0,9-Ball,0.0
6909215,Thomas Andreassen,https://img.cuescore.com/image/8/4/862c792ba8eb7f97e626fbe6cbcc59f6.png,https://cuescore.com/img/flags/png-country-4x2-none/res-640x480/no.png,398.22,398.22,2020-01-20,obk,False,anchored,,,,6,2,4,44,2,6,2,4,0,0,0,0,0,0,-0.106388,6,1.274622,0.0,6,1.274622,2,4,,0,0.0,0,0,,0,0.0,0,0,8-Ball,0.0
16631866,Matteo Melera,https://img.cuescore.com/image/8/4/862c792ba8eb7f97e626fbe6cbcc59f6.png,https://cuescore.com/img/flags/png-country-4x2-none/res-640x480/no.png,398.21,398.21,2022-07-07,ostkanten,False,anchored,,,,3,1,2,47,2,0,0,0,3,1,2,0,0,0,-0.129294,3,1.12555,,0,0.0,0,0,0.0,3,1.12555,1,2,,0,0.0,0,0,9-Ball,0.0
5475535,Sandro Hasecic,https://img.cuescore.com/image/c/4/c0fa701330e893d119b851a929db0de8.png?t=1610458338,https://cuescore.com/img/flags/png-country-4x2-none/res-640x480/no.png,398.07,398.04,2022-12-30,obk,False,anchored,,,,21,8,13,29,2,21,8,13,0,0,0,0,0,0,-0.01425,21,6.795497,,0,0.0,0,0,0.0,21,6.795497,8,13,,0,0.0,0,0,9-Ball,0.0
8296078,Mathias Hæreid,https://img.cuescore.com/image/8/4/862c792ba8eb7f97e626fbe6cbcc59f6.png,https://cuescore.com/img/flags/png-country-4x2-none/res-640x480/no.png,398.06,398.05,2020-09-28,obk,False,anchored,,,,3,0,3,47,2,3,0,3,0,0,0,0,0,0,-0.211703,3,0.747433,0.0,3,0.747433,0,3,,0,0.0,0,0,,0,0.0,0,0,8-Ball,0.0
4936012,Halvor,https://img.cuescore.com/image/8/4/862c792ba8eb7f97e626fbe6cbcc59f6.png,https://cuescore.com/img/flags/png-country-4x2-none/res-640x480/no.png,397.98,397.97,2019-03-04,obk,False,anchored,,,,2,0,2,48,2,2,0,2,0,0,0,0,0,0,-0.484998,2,0.346575,0.0,2,0.346575,0,2,,0,0.0,0,0,,0,0.0,0,0,8-Ball,0.0
1127825,Jeremy Caston,https://img.cuescore.com/image/0/4/0b6123b5807939c349b0e376d8983e2f.png?t=1600873002,https://cuescore.com/img/flags/png-country-4x2-none/res-640x480/no.png,397.98,397.98,2025-04-09,obk,False,anchored,372.0,2025-04-09T16:00:00Z,53307901,3,1,2,47,2,0,0,0,3,1,2,0,0,0,-0.146492,3,1.120543,,0,0.0,0,0,0.0,3,1.120543,1,2,,0,0.0,0,0,9-Ball,0.0
4734031,Simon,https://img.cuescore.com/image/8/4/862c792ba8eb7f97e626fbe6cbcc59f6.png,https://cuescore.com/img/flags/png-country-4x2-none/res-640x480/no.png,397.9,397.9,2019-02-04,obk,False,anchored,,,,5,1,4,45,2,5,1,4,0,0,0,0,0,0,-0.191981,5,0.851225,0.0,5,0.851225,1,4,,0,0.0,0,0,,0,0.0,0,0,8-Ball,0.0
5076660,Fredrik Nymark,https://img.cuescore.com/image/8/4/862c792ba8eb7f97e626fbe6cbcc59f6.png,https://cuescore.com/img/flags/png-country-4x2-none/res-640x480/no.png,397.87,397.85,2020-02-24,obk,False,anchored,,,,11,4,7,39,2,11,4,7,0,0,0,0,0,0,-0.060381,11,2.389123,,0,0.0,0,0,,0,0.0,0,0,0.0,11,2.389123,4,7,10-Ball,0.0
8340868,Enrique (El Zagal) Ruzafa,https://img.cuescore.com/image/8/4/862c792ba8eb7f97e626fbe6cbcc59f6.png,https://cuescore.com/img/flags/png-country-4x2-none/res-640x480/no.png,397.82,397.8,2020-10-07,obk,False,anchored,,,,14,3,11,36,2,14,3,11,0,0,0,0,0,0,-0.038783,14,3.507889,,0,0.0,0,0,0.0,14,3.507889,3,11,,0,0.0,0,0,9-Ball,0.0
26005630,Cathrine Fjermerås,https://img.cuescore.com/image/5/4/5aa6aa48f7d5ffe854d5266ac08db7ef.png,https://cuescore.com/img/flags/png-country-4x2-none/res-640x480/no.png,397.79,397.77,2023-06-19,obk,False,anchored,110.0,2023-06-19T16:00:00Z,29031835,6,2,4,44,2,6,2,4,0,0,0,0,0,0,-0.063231,6,2.670117,0.0,6,2.670117,2,4,,0,0.0,0,0,,0,0.0,0,0,8-Ball,0.0
5558769,walk over 18,https://img.cuescore.com/image/8/4/862c792ba8eb7f97e626fbe6cbcc59f6.png,https://cuescore.com/img/flags/png-country-4x2-none/res-640x480/it.png,397.77,397.76,2019-06-27,obk,False,anchored,,,,6,1,5,44,2,6,1,5,0,0,0,0,0,0,-0.152062,6,1.118161,,0,0.0,0,0,0.0,6,1.118161,1,5,,0,0.0,0,0,9-Ball,0.0
6461417,Per Holm,https://img.cuescore.com/image/8/4/862c792ba8eb7f97e626fbe6cbcc59f6.png,https://cuescore.com/img/flags/png-country-4x2-none/res-640x480/no.png,397.75,397.73,2019-09-16,obk,False,anchored,,,,8,2,6,42,2,8,2,6,0,0,0,0,0,0,-0.104578,8,1.569252,0.0,8,1.569252,2,6,,0,0.0,0,0,,0,0.0,0,0,8-Ball,0.0
1061547,Henning Svensson,https://img.cuescore.com/image/2/4/2586416abf840070fb6cfcd0272cbff3.png?t=1657268815,https://cuescore.com/img/flags/png-country-4x2-none/res-640x480/no.png,397.68,397.67,2022-06-30,ostkanten,False,anchored,5.0,2020-01-30T19:15:00Z,7224607,2,0,2,48,2,0,0,0,2,0,2,0,0,0,-0.258383,2,0.747029,,0,0.0,0,0,0.0,2,0.747029,0,2,,0,0.0,0,0,9-Ball,0.0
1006166,Bjørn Johan Lorange,https://img.cuescore.com/image/8/4/862c792ba8eb7f97e626fbe6cbcc59f6.png,https://cuescore.com/img/flags/png-country-4x2-none/res-640x480/no.png,397.67,397.66,2024-04-13,obk,False,anchored,,,,5,2,3,45,2,5,2,3,0,0,0,0,0,0,-0.06445,5,2.822441,,0,0.0,0,0,0.0,5,2.822441,2,3,,0,0.0,0,0,9-Ball,0.0
6461421,Ole,https://img.cuescore.com/image/8/4/862c792ba8eb7f97e626fbe6cbcc59f6.png,https://cuescore.com/img/flags/png-country-4x2-none/res-640x480/no.png,397.58,397.57,2019-09-16,obk,False,anchored,,,,12,5,7,38,2,12,5,7,0,0,0,0,0,0,-0.067565,12,2.353878,0.0,12,2.353878,5,7,,0,0.0,0,0,,0,0.0,0,0,8-Ball,0.0
57799534,Iris Marie Evdahl,https://img.cuescore.com/image/f/4/f55166c463c87aaf1907b184fd111821.png?t=1763125182,https://cuescore.com/img/flags/png-country-4x2-none/res-640x480/no.png,397.56,397.33,2026-07-26,ostkanten,False,anchored,225.0,2026-07-20T15:45:00Z,85126495,413,138,275,0,2,238,91,147,175,47,128,0,0,0,-1.2e-05,413,342.561429,-0.06507,89,69.936303,28,61,-0.029427,270,221.68485,83,187,0.217396,54,50.940277,27,27,10-Ball,0.217396
19059169,Ilyas Amri,https://img.cuescore.com/image/4/4/47ded01f939e677e2aa69a2e4a4e92d1.png?t=1747178216,https://cuescore.com/img/flags/png-country-4x2-none/res-640x480/no.png,397.49,397.43,2025-06-02,obk,False,anchored,198.0,2025-06-02T16:00:00Z,61790500,16,7,9,34,2,16,7,9,0,0,0,0,0,0,-0.012593,16,11.743864,,0,0.0,0,0,0.0,16,11.743864,7,9,,0,0.0,0,0,9-Ball,0.0
1756915,Jo Erlend Schinstad,https://img.cuescore.com/image/8/4/862c792ba8eb7f97e626fbe6cbcc59f6.png,https://cuescore.com/img/flags/png-country-4x2-none/res-640x480/no.png,397.4,397.39,2018-09-10,obk,False,anchored,,,,5,1,4,45,2,5,1,4,0,0,0,0,0,0,-0.261741,5,0.775618,0.0,5,0.775618,1,4,,0,0.0,0,0,,0,0.0,0,0,8-Ball,0.0
8112358,Marcus Andre Trondsen,https://img.cuescore.com/image/d/4/d228d351e8223ea083bf531cc4042fb7.png?t=1599492841,https://cuescore.com/img/flags/png-country-4x2-none/res-640x480/no.png,397.39,397.37,2020-09-07,obk,False,anchored,,,,12,4,8,38,2,12,4,8,0,0,0,0,0,0,-0.058176,12,2.950278,,0,0.0,0,0,,0,0.0,0,0,0.0,12,2.950278,4,8,10-Ball,0.0
2251357,Abdullah Demir,https://img.cuescore.com/image/8/4/862c792ba8eb7f97e626fbe6cbcc59f6.png,,397.39,397.39,2018-03-19,obk,False,anchored,,,,5,1,4,45,2,5,1,4,0,0,0,0,0,0,-0.292688,5,0.694354,0.0,5,0.694354,1,4,,0,0.0,0,0,,0,0.0,0,0,8-Ball,0.0
34217209,Kenneth Eknes,https://img.cuescore.com/image/8/4/862c792ba8eb7f97e626fbe6cbcc59f6.png,https://cuescore.com/img/flags/png-country-4x2-none/res-640x480/no.png,397.38,397.34,2023-10-23,obk,False,anchored,,,,7,3,4,43,2,7,3,4,0,0,0,0,0,0,-0.055185,7,3.541991,,0,0.0,0,0,0.0,7,3.541991,3,4,,0,0.0,0,0,9-Ball,0.0
1429235,Martin Andersson,https://img.cuescore.com/image/8/4/862c792ba8eb7f97e626fbe6cbcc59f6.png,https://cuescore.com/img/flags/png-country-4x2-none/res-640x480/se.png,397.38,397.37,2018-10-22,obk,False,anchored,,,,6,1,5,44,2,6,1,5,0,0,0,0,0,0,-0.208641,6,0.955801,0.0,6,0.955801,1,5,,0,0.0,0,0,,0,0.0,0,0,8-Ball,0.0
2890757,Maria,https://img.cuescore.com/image/5/4/5aa6aa48f7d5ffe854d5266ac08db7ef.png,https://cuescore.com/img/flags/png-country-4x2-none/res-640x480/no.png,397.34,397.32,2018-10-08,obk,False,anchored,,,,15,6,9,35,2,15,6,9,0,0,0,0,0,0,-0.070275,15,2.299543,-0.170231,5,0.768779,1,4,0.085493,10,1.530764,5,5,,0,0.0,0,0,9-Ball,0.085493
42294208,Øyvind OL,https://img.cuescore.com/image/8/4/862c792ba8eb7f97e626fbe6cbcc59f6.png,https://cuescore.com/img/flags/png-country-4x2-none/res-640x480/no.png,397.34,397.34,2024-04-27,obk,False,anchored,,,,1,0,1,49,2,1,0,1,0,0,0,0,0,0,-0.39634,1,0.569495,0.0,1,0.569495,0,1,,0,0.0,0,0,,0,0.0,0,0,8-Ball,0.0
6914065,Bokai Wen,https://img.cuescore.com/image/8/4/862c792ba8eb7f97e626fbe6cbcc59f6.png,https://cuescore.com/img/flags/png-country-4x2-none/res-640x480/no.png,397.32,397.31,2019-12-09,obk,False,anchored,,,,5,1,4,45,2,5,1,4,0,0,0,0,0,0,-0.201799,5,1.034336,0.0,5,1.034336,1,4,,0,0.0,0,0,,0,0.0,0,0,8-Ball,0.0
2165290,Michael Andersson,https://img.cuescore.com/image/8/4/862c792ba8eb7f97e626fbe6cbcc59f6.png,https://cuescore.com/img/flags/png-country-4x2-none/res-640x480/se.png,397.31,397.3,2018-02-18,ostkanten,False,anchored,,,,9,3,6,41,2,0,0,0,9,3,6,0,0,0,-0.155734,9,1.227062,,0,0.0,0,0,0.0,9,1.227062,3,6,,0,0.0,0,0,9-Ball,0.0
3543771,Jonas Laskemoen,https://img.cuescore.com/image/8/4/862c792ba8eb7f97e626fbe6cbcc59f6.png,https://cuescore.com/img/flags/png-country-4x2-none/res-640x480/no.png,397.27,397.26,2018-12-17,obk,False,anchored,,,,5,1,4,45,2,5,1,4,0,0,0,0,0,0,-0.258449,5,0.825245,0.0,5,0.825245,1,4,,0,0.0,0,0,,0,0.0,0,0,8-Ball,0.0
2140523,Ola Mo,https://img.cuescore.com/image/8/4/862c792ba8eb7f97e626fbe6cbcc59f6.png,https://cuescore.com/img/flags/png-country-4x2-none/res-640x480/no.png,397.26,397.22,2018-02-12,obk,False,anchored,,,,30,12,18,20,2,30,12,18,0,0,0,0,0,0,-0.023327,30,4.0749,,0,0.0,0,0,0.0,30,4.0749,12,18,,0,0.0,0,0,9-Ball,0.0
40875667,Terje Larsen Larsen,https://img.cuescore.com/image/8/4/862c792ba8eb7f97e626fbe6cbcc59f6.png,https://cuescore.com/img/flags/png-country-4x2-none/res-640x480/no.png,397.25,397.24,2024-03-16,obk,False,anchored,,,,1,0,1,49,2,1,0,1,0,0,0,0,0,0,-0.421092,1,0.554622,,0,0.0,0,0,0.0,1,0.554622,0,1,,0,0.0,0,0,9-Ball,0.0
1006228,Espen M. Andersen,https://img.cuescore.com/image/7/4/7b077f3e3fb166e1912735cbc25237ee.png?t=1484669440,https://cuescore.com/img/flags/png-country-4x2-none/res-640x480/no.png,397.13,397.12,2021-09-01,obk,False,anchored,110.0,2021-09-01T16:00:00Z,9203046,10,1,9,40,2,10,1,9,0,0,0,0,0,0,-0.102272,10,1.940788,,0,0.0,0,0,,0,0.0,0,0,0.0,10,1.940788,1,9,10-Ball,0.0
16630669,Marios Zalachas,https://img.cuescore.com/image/8/4/862c792ba8eb7f97e626fbe6cbcc59f6.png,https://cuescore.com/img/flags/png-country-4x2-none/res-640x480/no.png,397.1,397.09,2022-07-07,ostkanten,False,anchored,,,,2,0,2,48,2,0,0,0,2,0,2,0,0,0,-0.321366,2,0.750367,,0,0.0,0,0,0.0,2,0.750367,0,2,,0,0.0,0,0,9-Ball,0.0
44119141,Gaute Rogstad,https://img.cuescore.com/image/8/4/862c792ba8eb7f97e626fbe6cbcc59f6.png,https://cuescore.com/img/flags/png-country-4x2-none/res-640x480/no.png,397.06,396.54,2026-09-13,ostkanten,False,anchored,166.0,2026-08-17T16:00:00Z,86204356,350,134,216,0,2,209,98,111,141,36,105,0,0,0,-1e-06,350,309.252778,-0.08291,94,81.228886,31,63,0.018611,236,210.899025,90,146,0.16406,20,17.124867,13,7,10-Ball,0.16406
1423374,Geir André Nilsen,https://img.cuescore.com/image/a/4/acb00369802aee8a1bf1d0b23f22f112.png?t=1554112361,https://cuescore.com/img/flags/png-country-4x2-none/res-640x480/no.png,396.99,396.97,2021-09-08,obk,False,anchored,61.0,2021-09-08T16:00:00Z,9259829,16,5,11,34,2,16,5,11,0,0,0,0,0,0,-0.06578,16,2.695423,-0.227683,5,0.814354,0,5,,0,0.0,0,0,0.098569,11,1.881069,5,6,10-Ball,0.098569
2525464,Oc Hansen,https://img.cuescore.com/image/8/4/862c792ba8eb7f97e626fbe6cbcc59f6.png,https://cuescore.com/img/flags/png-country-4x2-none/res-640x480/no.png,396.85,396.83,2018-05-07,obk,False,anchored,,,,14,5,9,36,2,14,5,9,0,0,0,0,0,0,-0.097956,14,2.005347,0.0,14,2.005347,5,9,,0,0.0,0,0,,0,0.0,0,0,8-Ball,0.0
42280069,Geir M Nilsen,https://img.cuescore.com/image/8/4/862c792ba8eb7f97e626fbe6cbcc59f6.png,https://cuescore.com/img/flags/png-country-4x2-none/res-640x480/no.png,396.85,396.84,2024-04-27,obk,False,anchored,,,,1,0,1,49,2,1,0,1,0,0,0,0,0,0,-0.469781,1,0.569495,0.0,1,0.569495,0,1,,0,0.0,0,0,,0,0.0,0,0,8-Ball,0.0
2577877,Britt Sølvi Hauge Pettersen,https://img.cuescore.com/image/1/4/109aeba109c23887012b75a85eaa62a6.png?t=1732796970,https://cuescore.com/img/flags/png-country-4x2-none/res-640x480/no.png,396.83,396.79,2025-07-02,obk,False,anchored,225.0,2025-07-02T16:15:00Z,63131038,13,4,9,37,2,13,4,9,0,0,0,0,0,0,-0.020908,13,9.724766,,0,0.0,0,0,0.0,13,9.724766,4,9,,0,0.0,0,0,9-Ball,0.0
2684409,Roland,https://img.cuescore.com/image/8/4/862c792ba8eb7f97e626fbe6cbcc59f6.png,https://cuescore.com/img/flags/png-country-4x2-none/res-640x480/no.png,396.82,396.81,2018-06-16,obk,False,anchored,,,,5,1,4,45,2,5,1,4,0,0,0,0,0,0,-0.338032,5,0.734491,,0,0.0,0,0,0.0,5,0.734491,1,4,,0,0.0,0,0,9-Ball,0.0
2110679,Eskil Skogen,https://img.cuescore.com/image/8/4/862c792ba8eb7f97e626fbe6cbcc59f6.png,https://cuescore.com/img/flags/png-country-4x2-none/res-640x480/no.png,396.81,396.8,2018-03-05,obk,False,anchored,,,,8,2,6,42,2,8,2,6,0,0,0,0,0,0,-0.211111,8,1.101172,0.0,8,1.101172,2,6,,0,0.0,0,0,,0,0.0,0,0,8-Ball,0.0
20969761,Ahmed Allawi,https://img.cuescore.com/image/8/4/862c792ba8eb7f97e626fbe6cbcc59f6.png,https://cuescore.com/img/flags/png-country-4x2-none/res-640x480/no.png,396.79,396.78,2024-03-16,obk,False,anchored,,,,1,0,1,49,2,1,0,1,0,0,0,0,0,0,-0.492012,1,0.554622,,0,0.0,0,0,0.0,1,0.554622,0,1,,0,0.0,0,0,9-Ball,0.0
11381914,Håvard Dyvesveen,https://img.cuescore.com/image/8/4/862c792ba8eb7f97e626fbe6cbcc59f6.png,https://cuescore.com/img/flags/png-country-4x2-none/res-640x480/no.png,396.75,396.72,2025-01-06,obk,False,anchored,175.0,2025-01-06T17:00:00Z,53310313,15,5,10,35,2,15,5,10,0,0,0,0,0,0,-0.039858,15,4.939806,,0,0.0,0,0,0.0,15,4.939806,5,10,,0,0.0,0,0,9-Ball,0.0
42294352,Thomas Riis,https://img.cuescore.com/image/8/4/862c792ba8eb7f97e626fbe6cbcc59f6.png,https://cuescore.com/img/flags/png-country-4x2-none/res-640x480/no.png,396.73,396.72,2024-04-27,obk,False,anchored,,,,1,0,1,49,2,1,0,1,0,0,0,0,0,0,-0.487387,1,0.569495,0.0,1,0.569495,0,1,,0,0.0,0,0,,0,0.0,0,0,8-Ball,0.0
42294337,Øyvind Håheim,https://img.cuescore.com/image/8/4/862c792ba8eb7f97e626fbe6cbcc59f6.png,https://cuescore.com/img/flags/png-country-4x2-none/res-640x480/no.png,396.73,396.72,2024-04-27,obk,False,anchored,,,,1,0,1,49,2,1,0,1,0,0,0,0,0,0,-0.488271,1,0.569495,0.0,1,0.569495,0,1,,0,0.0,0,0,,0,0.0,0,0,8-Ball,0.0
6461422,Fredrik,https://img.cuescore.com/image/8/4/862c792ba8eb7f97e626fbe6cbcc59f6.png,https://cuescore.com/img/flags/png-country-4x2-none/res-640x480/no.png,396.71,396.69,2019-09-16,obk,False,anchored,,,,7,2,5,43,2,7,2,5,0,0,0,0,0,0,-0.178829,7,1.373096,0.0,7,1.373096,2,5,,0,0.0,0,0,,0,0.0,0,0,8-Ball,0.0
42294325,Knut Gunnar Andersen,https://img.cuescore.com/image/8/4/862c792ba8eb7f97e626fbe6cbcc59f6.png,https://cuescore.com/img/flags/png-country-4x2-none/res-640x480/no.png,396.69,396.68,2024-04-27,obk,False,anchored,,,,1,0,1,49,2,1,0,1,0,0,0,0,0,0,-0.493173,1,0.569495,0.0,1,0.569495,0,1,,0,0.0,0,0,,0,0.0,0,0,8-Ball,0.0
42294331,Stig Korshavn,https://img.cuescore.com/image/8/4/862c792ba8eb7f97e626fbe6cbcc59f6.png,https://cuescore.com/img/flags/png-country-4x2-none/res-640x480/no.png,396.69,396.68,2024-04-27,obk,False,anchored,,,,1,0,1,49,2,1,0,1,0,0,0,0,0,0,-0.494039,1,0.569495,0.0,1,0.569495,0,1,,0,0.0,0,0,,0,0.0,0,0,8-Ball,0.0
42294334,Jon Olav Birkeland,https://img.cuescore.com/image/8/4/862c792ba8eb7f97e626fbe6cbcc59f6.png,https://cuescore.com/img/flags/png-country-4x2-none/res-640x480/no.png,396.68,396.68,2024-04-27,obk,False,anchored,,,,1,0,1,49,2,1,0,1,0,0,0,0,0,0,-0.49423,1,0.569495,0.0,1,0.569495,0,1,,0,0.0,0,0,,0,0.0,0,0,8-Ball,0.0
42294322,Geir Langeland,https://img.cuescore.com/image/8/4/862c792ba8eb7f97e626fbe6cbcc59f6.png,https://cuescore.com/img/flags/png-country-4x2-none/res-640x480/no.png,396.68,396.68,2024-04-27,obk,False,anchored,,,,1,0,1,49,2,1,0,1,0,0,0,0,0,0,-0.494247,1,0.569495,0.0,1,0.569495,0,1,,0,0.0,0,0,,0,0.0,0,0,8-Ball,0.0
1043841,Elisabeth Synnøve Roaas,https://img.cuescore.com/image/5/4/5aa6aa48f7d5ffe854d5266ac08db7ef.png,https://cuescore.com/img/flags/png-country-4x2-none/res-640x480/no.png,396.65,396.62,2017-10-09,obk,False,anchored,,,,27,9,18,23,2,27,9,18,0,0,0,0,0,0,-0.043619,27,3.062792,0.0,27,3.062792,9,18,,0,0.0,0,0,,0,0.0,0,0,8-Ball,0.0
2923221,Kristina Westad,https://img.cuescore.com/image/5/4/5aa6aa48f7d5ffe854d5266ac08db7ef.png,https://cuescore.com/img/flags/png-country-4x2-none/res-640x480/no.png,396.62,396.61,2018-08-27,obk,False,anchored,,,,4,0,4,46,2,4,0,4,0,0,0,0,0,0,-0.438567,4,0.615023,0.0,4,0.615023,0,4,,0,0.0,0,0,,0,0.0,0,0,8-Ball,0.0
21092905,Adam Tumidajewicz,https://img.cuescore.com/image/b/4/bd7267db3aa78c3d0256b04a72cc4eab.png?t=1673861077,https://cuescore.com/img/flags/png-country-4x2-none/res-640x480/no.png,396.49,396.47,2025-01-13,obk,False,anchored,129.0,2025-01-13T17:00:00Z,53310325,7,2,5,43,2,7,2,5,0,0,0,0,0,0,-0.083899,7,3.115136,0.0,7,3.115136,2,5,,0,0.0,0,0,,0,0.0,0,0,8-Ball,0.0
6909381,Thomas Erdmann,https://img.cuescore.com/image/8/4/862c792ba8eb7f97e626fbe6cbcc59f6.png,https://cuescore.com/img/flags/png-country-4x2-none/res-640x480/no.png,396.43,396.41,2019-11-25,obk,False,anchored,,,,5,1,4,45,2,5,1,4,0,0,0,0,0,0,-0.271831,5,1.025216,0.0,5,1.025216,1,4,,0,0.0,0,0,,0,0.0,0,0,8-Ball,0.0
7784582,Mathias Kolloen Nilsen,https://img.cuescore.com/image/8/4/862c792ba8eb7f97e626fbe6cbcc59f6.png,https://cuescore.com/img/flags/png-country-4x2-none/res-640x480/no.png,396.4,396.23,2020-05-27,obk,False,anchored,30.0,2020-05-27T15:55:00Z,7906953,68,26,42,0,2,68,26,42,0,0,0,0,0,0,0.000208,68,13.129932,0.067122,10,1.650489,5,5,0.028952,22,4.459757,9,13,-0.034176,36,7.019686,12,24,8-Ball,0.067122
2923222,Ronja Omar,https://img.cuescore.com/image/5/4/5aa6aa48f7d5ffe854d5266ac08db7ef.png,https://cuescore.com/img/flags/png-country-4x2-none/res-640x480/no.png,396.37,396.35,2018-08-27,obk,False,anchored,,,,4,0,4,46,2,4,0,4,0,0,0,0,0,0,-0.471049,4,0.615023,0.0,4,0.615023,0,4,,0,0.0,0,0,,0,0.0,0,0,8-Ball,0.0
1006523,Tommy Myhre,https://img.cuescore.com/image/5/4/5c5b187ef5b7949a899232957b981489.png?t=1707428602,https://cuescore.com/img/flags/png-country-4x2-none/res-640x480/no.png,396.33,396.31,2022-02-26,obk,False,anchored,3.0,2019-08-30T14:00:00Z,5976158,11,1,10,39,2,11,1,10,0,0,0,0,0,0,-0.065358,11,3.798035,,0,0.0,0,0,0.0,11,3.798035,1,10,,0,0.0,0,0,9-Ball,0.0
7173754,Thomas erdmann,https://img.cuescore.com/image/8/4/862c792ba8eb7f97e626fbe6cbcc59f6.png,https://cuescore.com/img/flags/png-country-4x2-none/res-640x480/no.png,396.19,396.18,2020-03-02,obk,False,anchored,,,,5,1,4,45,2,5,1,4,0,0,0,0,0,0,-0.272271,5,1.090785,0.0,5,1.090785,1,4,,0,0.0,0,0,,0,0.0,0,0,8-Ball,0.0
16541845,Georgina Askeland,https://img.cuescore.com/image/5/4/5aa6aa48f7d5ffe854d5266ac08db7ef.png,https://cuescore.com/img/flags/png-country-4x2-none/res-640x480/no.png,396.13,396.11,2022-06-30,ostkanten,False,anchored,,,,2,0,2,48,2,0,0,0,2,0,2,0,0,0,-0.431337,2,0.747029,,0,0.0,0,0,0.0,2,0.747029,0,2,,0,0.0,0,0,9-Ball,0.0
7711820,Marie Hoff Petersen,https://img.cuescore.com/image/1/4/16ac7e2cf89c09e1e7e0d99804f49340.png?t=1616599247,https://cuescore.com/img/flags/png-country-4x2-none/res-640x480/no.png,396.1,395.88,2026-08-16,ostkanten,False,anchored,4.0,2026-04-03T13:00:00Z,79209838,631,211,420,0,2,337,120,217,294,91,203,0,0,0,-4e-06,631,446.787726,0.043256,93,53.065909,37,56,-0.008601,507,379.014214,162,345,0.065577,31,14.707603,12,19,10-Ball,0.065577
18474781,Darijus Seresevskij,https://img.cuescore.com/image/f/4/f28bf5aa13afddda08ad88cf8b56460f.png?t=1673358198,https://cuescore.com/img/flags/png-country-4x2-none/res-640x480/lt.png,396.03,395.99,2025-07-28,obk,False,anchored,425.0,2025-07-28T16:00:00Z,64053550,11,3,8,39,2,11,3,8,0,0,0,0,0,0,-0.03205,11,8.365052,,0,0.0,0,0,0.0,11,8.365052,3,8,,0,0.0,0,0,9-Ball,0.0
7224649,Kenneth,https://img.cuescore.com/image/8/4/862c792ba8eb7f97e626fbe6cbcc59f6.png,https://cuescore.com/img/flags/png-country-4x2-none/res-640x480/no.png,396.01,395.99,2020-01-27,obk,False,anchored,,,,8,2,6,42,2,8,2,6,0,0,0,0,0,0,-0.170309,8,1.707039,,0,0.0,0,0,0.0,8,1.707039,2,6,,0,0.0,0,0,9-Ball,0.0
7401491,Morten Bjellås,https://img.cuescore.com/image/8/4/862c792ba8eb7f97e626fbe6cbcc59f6.png,https://cuescore.com/img/flags/png-country-4x2-none/res-640x480/no.png,395.9,395.85,2021-11-21,ostkanten,False,anchored,45.0,2021-08-04T16:00:00Z,9073490,20,7,13,30,2,20,7,13,0,0,0,0,0,0,-0.045908,20,4.645144,,0,0.0,0,0,0.0,20,4.645144,7,13,,0,0.0,0,0,9-Ball,0.0
1566815,Daniel Rødskog,https://img.cuescore.com/image/6/4/6d047cddcd99fc32a0369b4b314082bc.png?t=1508785789,https://cuescore.com/img/flags/png-country-4x2-none/res-640x480/no.png,395.89,395.88,2017-11-13,obk,False,anchored,,,,7,1,6,43,2,7,1,6,0,0,0,0,0,0,-0.341399,7,0.897621,0.0,7,0.897621,1,6,,0,0.0,0,0,,0,0.0,0,0,8-Ball,0.0
2051511,Mats Calixto Engan,https://img.cuescore.com/image/e/4/ece373e2485e06e81a9241b5858b0549.png?t=1775545929,https://cuescore.com/img/flags/png-country-4x2-none/res-640x480/no.png,395.83,395.8,2024-09-15,ostkanten,False,anchored,,,,15,5,10,35,2,0,0,0,15,5,10,0,0,0,-0.032467,15,7.789,,0,0.0,0,0,0.0,15,7.789,5,10,,0,0.0,0,0,9-Ball,0.0
5527972,Amir Albania,https://img.cuescore.com/image/4/4/4b4c66cae7fdf4062230c229b4ab54b0.png?t=1560182561,,395.83,395.81,2019-06-10,obk,False,anchored,,,,4,0,4,46,2,4,0,4,0,0,0,0,0,0,-0.451041,4,0.737461,0.0,4,0.737461,0,4,,0,0.0,0,0,,0,0.0,0,0,8-Ball,0.0
7224647,Gustav Lennartsson,https://img.cuescore.com/image/8/4/862c792ba8eb7f97e626fbe6cbcc59f6.png,https://cuescore.com/img/flags/png-country-4x2-none/res-640x480/no.png,395.82,395.8,2020-01-27,obk,False,anchored,,,,8,2,6,42,2,8,2,6,0,0,0,0,0,0,-0.178322,8,1.707039,,0,0.0,0,0,0.0,8,1.707039,2,6,,0,0.0,0,0,9-Ball,0.0
8270875,Ole Jørgen Egeland,https://img.cuescore.com/image/8/4/862c792ba8eb7f97e626fbe6cbcc59f6.png,https://cuescore.com/img/flags/png-country-4x2-none/res-640x480/no.png,395.77,395.75,2022-06-30,ostkanten,False,anchored,,,,2,0,2,48,2,0,0,0,2,0,2,0,0,0,-0.471329,2,0.747029,,0,0.0,0,0,0.0,2,0.747029,0,2,,0,0.0,0,0,9-Ball,0.0
6551707,Daði Már Guðmundsson,https://img.cuescore.com/image/b/4/b30ac7609aa879d7f43fc87b70c9f293.png?t=1569869999,https://cuescore.com/img/flags/png-country-4x2-none/res-640x480/is.png,395.76,395.75,2022-09-18,ostkanten,False,anchored,525.0,2022-09-14T16:00:00Z,17824084,8,3,5,42,2,0,0,0,8,3,5,0,0,0,-0.098063,8,3.142916,,0,0.0,0,0,0.0,8,3.142916,3,5,,0,0.0,0,0,9-Ball,0.0
8362036,Anita,https://img.cuescore.com/image/5/4/5aa6aa48f7d5ffe854d5266ac08db7ef.png,https://cuescore.com/img/flags/png-country-4x2-none/res-640x480/no.png,395.73,395.72,2020-10-12,obk,False,anchored,,,,5,1,4,45,2,5,1,4,0,0,0,0,0,0,-0.264716,5,1.256803,0.0,5,1.256803,1,4,,0,0.0,0,0,,0,0.0,0,0,8-Ball,0.0
2546325,Øyvind Grindstein Vinje,https://img.cuescore.com/image/8/4/87669cf46c27eb1eb05cac5cddc0dd2c.png?t=1643188071,https://cuescore.com/img/flags/png-country-4x2-none/res-640x480/no.png,395.72,395.7,2022-07-10,ostkanten,False,anchored,,,,9,3,6,41,2,0,0,0,9,3,6,0,0,0,-0.089872,9,3.382917,,0,0.0,0,0,0.0,9,3.382917,3,6,,0,0.0,0,0,9-Ball,0.0
6219637,Henning Olsen,https://img.cuescore.com/image/8/4/862c792ba8eb7f97e626fbe6cbcc59f6.png,https://cuescore.com/img/flags/png-country-4x2-none/res-640x480/no.png,395.54,395.53,2019-09-16,obk,False,anchored,,,,6,1,5,44,2,6,1,5,0,0,0,0,0,0,-0.288832,6,1.176939,0.0,6,1.176939,1,5,,0,0.0,0,0,,0,0.0,0,0,8-Ball,0.0
47452480,Morten Torjuul,https://img.cuescore.com/image/1/4/18972724df81885dbdfdbf820257c868.png?t=1773512583,https://cuescore.com/img/flags/png-country-4x2-none/res-640x480/no.png,395.52,395.46,2025-09-14,ostkanten,False,anchored,,,,14,5,9,36,2,0,0,0,14,5,9,0,0,0,-0.025415,14,10.973792,,0,0.0,0,0,0.0,14,10.973792,5,9,,0,0.0,0,0,9-Ball,0.0
8003270,Sami Kayan,https://img.cuescore.com/image/8/4/862c792ba8eb7f97e626fbe6cbcc59f6.png,https://cuescore.com/img/flags/png-country-4x2-none/res-640x480/no.png,395.43,395.42,2023-11-19,ostkanten,False,anchored,,,,2,0,2,48,2,0,0,0,2,0,2,0,0,0,-0.368983,2,1.029553,,0,0.0,0,0,0.0,2,1.029553,0,2,,0,0.0,0,0,9-Ball,0.0
19663813,Aneta Bananarama,https://img.cuescore.com/image/5/4/5aa6aa48f7d5ffe854d5266ac08db7ef.png,https://cuescore.com/img/flags/png-country-4x2-none/res-640x480/no.png,395.42,395.4,2022-10-22,obk,False,anchored,,,,11,4,7,39,2,11,4,7,0,0,0,0,0,0,-0.070041,11,4.414853,,0,0.0,0,0,0.0,11,4.414853,4,7,,0,0.0,0,0,9-Ball,0.0
1697350,Philippe Beal,https://img.cuescore.com/image/8/4/862c792ba8eb7f97e626fbe6cbcc59f6.png,https://cuescore.com/img/flags/png-country-4x2-none/res-640x480/no.png,395.4,395.26,2018-02-05,obk,False,anchored,,,,97,42,55,0,2,97,42,55,0,0,0,0,0,0,-1.5e-05,97,12.560237,0.020433,90,11.62612,41,49,-0.254317,7,0.934117,1,6,,0,0.0,0,0,8-Ball,0.020433
8362041,Monika,https://img.cuescore.com/image/8/4/862c792ba8eb7f97e626fbe6cbcc59f6.png,https://cuescore.com/img/flags/png-country-4x2-none/res-640x480/no.png,395.32,395.31,2020-10-12,obk,False,anchored,,,,5,1,4,45,2,5,1,4,0,0,0,0,0,0,-0.29013,5,1.256803,0.0,5,1.256803,1,4,,0,0.0,0,0,,0,0.0,0,0,8-Ball,0.0
11151241,Thomas Fantoft,https://img.cuescore.com/image/3/4/3d879dbb36e8c08901ef364838b8e193.png?t=1705413230,https://cuescore.com/img/flags/png-country-4x2-none/res-640x480/no.png,395.31,395.3,2023-12-13,obk,False,anchored,228.0,2023-12-13T16:52:00Z,35912224,3,0,3,47,2,0,0,0,3,0,3,0,0,0,-0.338118,3,1.128361,-0.140944,1,0.376109,0,1,0.017942,1,0.376121,0,1,0.122994,1,0.376131,0,1,10-Ball,0.122994
6347824,Simen,https://img.cuescore.com/image/8/4/862c792ba8eb7f97e626fbe6cbcc59f6.png,https://cuescore.com/img/flags/png-country-4x2-none/res-640x480/no.png,395.28,395.27,2019-09-09,obk,False,anchored,,,,4,0,4,46,2,4,0,4,0,0,0,0,0,0,-0.481333,4,0.781159,,0,0.0,0,0,0.0,4,0.781159,0,4,,0,0.0,0,0,9-Ball,0.0
38467387,Misha Novikov,https://img.cuescore.com/image/5/4/50488de4431981e4fa058240ed778845.png?t=1753913971,https://cuescore.com/img/flags/png-country-4x2-none/res-640x480/ua.png,395.26,395.24,2026-03-21,obk,False,anchored,,,,2,0,2,48,2,2,0,2,0,0,0,0,0,0,-0.223267,2,1.76585,,0,0.0,0,0,0.0,2,1.76585,0,2,,0,0.0,0,0,9-Ball,0.0
7086107,Ajsa Comor,https://img.cuescore.com/image/5/4/5aa6aa48f7d5ffe854d5266ac08db7ef.png,https://cuescore.com/img/flags/png-country-4x2-none/res-640x480/ba.png,395.24,395.22,2022-12-30,obk,False,anchored,,,,2,0,2,48,2,2,0,2,0,0,0,0,0,0,-0.472347,2,0.838679,,0,0.0,0,0,0.0,2,0.838679,0,2,,0,0.0,0,0,9-Ball,0.0
8125349,Simen Haugland,https://img.cuescore.com/image/8/4/862c792ba8eb7f97e626fbe6cbcc59f6.png,https://cuescore.com/img/flags/png-country-4x2-none/res-640x480/no.png,395.22,395.2,2020-08-31,obk,False,anchored,,,,8,2,6,42,2,8,2,6,0,0,0,0,0,0,-0.177761,8,1.958161,,0,0.0,0,0,0.0,8,1.958161,2,6,,0,0.0,0,0,9-Ball,0.0
6863665,Vladimir Petsch,https://img.cuescore.com/image/8/4/862c792ba8eb7f97e626fbe6cbcc59f6.png,https://cuescore.com/img/flags/png-country-4x2-none/res-640x480/no.png,395.07,395.06,2019-11-18,obk,False,anchored,,,,4,0,4,46,2,4,0,4,0,0,0,0,0,0,-0.480884,4,0.816549,,0,0.0,0,0,0.0,4,0.816549,0,4,,0,0.0,0,0,9-Ball,0.0
9014911,Erik Forsberg,https://img.cuescore.com/image/8/4/862c792ba8eb7f97e626fbe6cbcc59f6.png,https://cuescore.com/img/flags/png-country-4x2-none/res-640x480/se.png,395.01,394.96,2021-07-12,obk,False,anchored,,,,22,6,16,28,2,22,6,16,0,0,0,0,0,0,-0.036892,22,6.572375,0.0,22,6.572375,6,16,,0,0.0,0,0,,0,0.0,0,0,8-Ball,0.0
7163741,Staffan,https://img.cuescore.com/image/8/4/862c792ba8eb7f97e626fbe6cbcc59f6.png,https://cuescore.com/img/flags/png-country-4x2-none/res-640x480/no.png,394.98,394.96,2020-01-20,obk,False,anchored,,,,4,0,4,46,2,4,0,4,0,0,0,0,0,0,-0.471079,4,0.849748,0.0,4,0.849748,0,4,,0,0.0,0,0,,0,0.0,0,0,8-Ball,0.0
3428057,Kenneth Eknes,https://img.cuescore.com/image/8/4/862c792ba8eb7f97e626fbe6cbcc59f6.png,https://cuescore.com/img/flags/png-country-4x2-none/res-640x480/no.png,394.93,394.91,2020-02-17,obk,False,anchored,,,,4,0,4,46,2,4,0,4,0,0,0,0,0,0,-0.467441,4,0.864934,0.0,4,0.864934,0,4,,0,0.0,0,0,,0,0.0,0,0,8-Ball,0.0
6475205,Yorkey Ronald,https://img.cuescore.com/image/8/4/862c792ba8eb7f97e626fbe6cbcc59f6.png,https://cuescore.com/img/flags/png-country-4x2-none/res-640x480/ng.png,394.92,394.84,2019-11-18,obk,False,anchored,45.0,2019-09-18T16:05:00Z,6467397,34,11,23,16,2,34,11,23,0,0,0,0,0,0,-0.02045,34,6.872454,0.080374,20,4.064706,8,12,-0.116355,14,2.807749,3,11,,0,0.0,0,0,8-Ball,0.080374
1043840,Elisabeth Synnøve Roaas,https://img.cuescore.com/image/5/4/5aa6aa48f7d5ffe854d5266ac08db7ef.png,https://cuescore.com/img/flags/png-country-4x2-none/res-640x480/no.png,394.83,394.81,2017-11-13,obk,False,anchored,,,,21,7,14,29,2,21,7,14,0,0,0,0,0,0,-0.097153,21,2.670822,0.0,21,2.670822,7,14,,0,0.0,0,0,,0,0.0,0,0,8-Ball,0.0
83739619,Aalok Jain,https://img.cuescore.com/image/5/4/587347b28f346cf005356cc043616bd5.png?t=1781541231,https://cuescore.com/img/flags/png-country-4x2-none/res-640x480/in.png,394.75,394.69,2026-06-17,obk,False,anchored,776.0,2026-06-15T16:00:00Z,83685481,22,6,16,28,2,22,6,16,0,0,0,0,0,0,-0.0124,22,20.527526,,0,0.0,0,0,0.0,22,20.527526,6,16,,0,0.0,0,0,9-Ball,0.0
86091817,André Henriksen,https://img.cuescore.com/image/8/4/862c792ba8eb7f97e626fbe6cbcc59f6.png,https://cuescore.com/img/flags/png-country-4x2-none/res-640x480/no.png,394.73,394.68,2026-08-10,obk,False,anchored,167.0,2026-08-10T16:00:00Z,86164780,10,2,8,40,2,10,2,8,0,0,0,0,0,0,-0.037823,10,9.658822,,0,0.0,0,0,,0,0.0,0,0,0.0,10,9.658822,2,8,10-Ball,0.0
1714802,Darius Žilinskas,https://img.cuescore.com/image/d/4/d301f2555271bafaa1afaa7fe61bc921.png?t=1506354709,,394.72,394.69,2018-04-09,obk,False,anchored,,,,26,10,16,24,2,26,10,16,0,0,0,0,0,0,-0.06542,26,3.359211,-0.040224,23,2.937038,8,15,0.279836,3,0.422173,2,1,,0,0.0,0,0,9-Ball,0.279836
2620562,Adil,https://img.cuescore.com/image/8/4/862c792ba8eb7f97e626fbe6cbcc59f6.png,https://cuescore.com/img/flags/png-country-4x2-none/res-640x480/no.png,394.52,394.45,2019-01-28,obk,False,anchored,12.0,2018-05-26T12:01:00Z,2619365,40,16,24,10,2,40,16,24,0,0,0,0,0,0,-0.015015,40,6.352078,0.076615,34,5.335121,16,18,-0.401937,6,1.016957,0,6,,0,0.0,0,0,8-Ball,0.076615
16501348,Øyvind Dale,https://img.cuescore.com/image/d/4/d12c28db983c45ab572913de15d54c1a.png?t=1663177825,https://cuescore.com/img/flags/png-country-4x2-none/res-640x480/no.png,394.47,394.45,2024-03-24,ostkanten,False,anchored,40.0,2022-06-29T16:00:00Z,16490590,4,0,4,46,2,0,0,0,4,0,4,0,0,0,-0.294403,4,1.497396,,0,0.0,0,0,0.0,4,1.497396,0,4,,0,0.0,0,0,9-Ball,0.0
18356173,Ulrika Eriksson,https://img.cuescore.com/image/5/4/53f5e1058df95c19de2b9719808da351.png?t=1663787545,https://cuescore.com/img/flags/png-country-4x2-none/res-640x480/se.png,394.44,394.42,2023-01-09,obk,False,anchored,133.0,2023-01-09T17:00:00Z,21241765,10,4,6,40,2,10,4,6,0,0,0,0,0,0,-0.095959,10,4.013502,,0,0.0,0,0,0.0,10,4.013502,4,6,,0,0.0,0,0,9-Ball,0.0
1286188,Billy Thorpe,https://img.cuescore.com/image/c/4/cb672f0c938a7b928faef35a363ee344.png?t=1555596352,https://cuescore.com/img/flags/png-country-4x2-none/res-640x480/us.png,394.4,394.39,2020-01-24,obk,False,anchored,,,,15,4,11,35,2,15,4,11,0,0,0,0,0,0,-0.106283,15,3.193777,,0,0.0,0,0,,0,0.0,0,0,0.0,15,3.193777,4,11,10-Ball,0.0
6636579,Naser Bajrami,https://img.cuescore.com/image/8/4/862c792ba8eb7f97e626fbe6cbcc59f6.png,https://cuescore.com/img/flags/png-country-4x2-none/res-640x480/no.png,394.19,394.17,2019-10-14,obk,False,anchored,,,,7,1,6,43,2,7,1,6,0,0,0,0,0,0,-0.309886,7,1.397633,0.0,7,1.397633,1,6,,0,0.0,0,0,,0,0.0,0,0,8-Ball,0.0
16017055,Gitte Kristiansen,https://img.cuescore.com/image/d/4/d8a0a0044ecf1887a56da738f595e4d8.png?t=1653649590,https://cuescore.com/img/flags/png-country-4x2-none/res-640x480/no.png,394.18,394.16,2022-05-28,obk,False,anchored,,,,5,1,4,45,2,5,1,4,0,0,0,0,0,0,-0.248291,5,1.8287,0.0,5,1.8287,1,4,,0,0.0,0,0,,0,0.0,0,0,8-Ball,0.0
10440895,Pål Erik Omnes,https://img.cuescore.com/image/f/4/fb6ba13c087d42188d978dd37266c13b.png?t=1771236437,https://cuescore.com/img/flags/png-country-4x2-none/res-640x480/no.png,394.1,394.08,2023-10-15,obk,False,anchored,,,,2,0,2,48,2,2,0,2,0,0,0,0,0,0,-0.487682,2,1.006968,,0,0.0,0,0,0.0,2,1.006968,0,2,,0,0.0,0,0,9-Ball,0.0
60020002,Yousef Hjelde Elmofty,https://img.cuescore.com/image/8/4/862c792ba8eb7f97e626fbe6cbcc59f6.png,https://cuescore.com/img/flags/png-country-4x2-none/res-640x480/no.png,394.02,393.91,2025-05-05,obk,False,anchored,175.0,2025-05-05T16:00:00Z,59906125,23,11,12,27,2,23,11,12,0,0,0,0,0,0,-0.016876,23,16.585417,,0,0.0,0,0,0.0,23,16.585417,11,12,,0,0.0,0,0,9-Ball,0.0
77931454,Knut Røte,https://img.cuescore.com/image/8/4/862c792ba8eb7f97e626fbe6cbcc59f6.png,https://cuescore.com/img/flags/png-country-4x2-none/res-640x480/no.png,393.99,393.92,2026-03-06,obk,False,anchored,,,,13,5,8,37,2,13,5,8,0,0,0,0,0,0,-0.033894,13,11.369602,,0,0.0,0,0,0.0,13,11.369602,5,8,,0,0.0,0,0,9-Ball,0.0
2140742,Jamal Malik,https://img.cuescore.com/image/8/4/862c792ba8eb7f97e626fbe6cbcc59f6.png,https://cuescore.com/img/flags/png-country-4x2-none/res-640x480/no.png,393.93,393.74,2018-10-01,obk,False,anchored,,,,178,73,105,0,2,178,73,105,0,0,0,0,0,0,-1.7e-05,178,25.968644,0.075251,59,8.480787,29,30,-0.036493,119,17.487857,44,75,,0,0.0,0,0,8-Ball,0.075251
4797934,Thomas Berg,https://img.cuescore.com/image/8/4/862c792ba8eb7f97e626fbe6cbcc59f6.png,https://cuescore.com/img/flags/png-country-4x2-none/res-640x480/no.png,393.82,393.81,2019-02-18,obk,False,anchored,,,,6,0,6,44,2,6,0,6,0,0,0,0,0,0,-0.457031,6,1.030557,0.0,6,1.030557,0,6,,0,0.0,0,0,,0,0.0,0,0,8-Ball,0.0
1435682,Ane Carlsen,https://img.cuescore.com/image/5/4/5aa6aa48f7d5ffe854d5266ac08db7ef.png,https://cuescore.com/img/flags/png-country-4x2-none/res-640x480/no.png,393.81,393.79,2017-09-25,obk,False,anchored,,,,8,0,8,42,2,8,0,8,0,0,0,0,0,0,-0.45293,8,0.994516,0.0,8,0.994516,0,8,,0,0.0,0,0,,0,0.0,0,0,8-Ball,0.0
33749638,Noah Justin Pano Gangfløt,https://img.cuescore.com/image/7/4/7244d9d7079ea22950f2c856257d882d.png?t=1717768685,https://cuescore.com/img/flags/png-country-4x2-none/res-640x480/no.png,393.73,393.69,2024-12-28,obk,False,anchored,5.0,2024-12-27T11:00:00Z,52314610,8,2,6,42,2,8,2,6,0,0,0,0,0,0,-0.085751,8,5.319789,,0,0.0,0,0,0.0,8,5.319789,2,6,,0,0.0,0,0,9-Ball,0.0
12637336,Alexander Bjørseth,https://img.cuescore.com/image/2/4/2268c5ab63b4cc381c5662332f9faa20.png?t=1787761157,https://cuescore.com/img/flags/png-country-4x2-none/res-640x480/no.png,393.64,393.63,2026-03-21,obk,False,anchored,,,,2,0,2,48,2,2,0,2,0,0,0,0,0,0,-0.299362,2,1.76585,,0,0.0,0,0,0.0,2,1.76585,0,2,,0,0.0,0,0,9-Ball,0.0
24452485,Mahran Alhadad,https://img.cuescore.com/image/8/4/8b1c3a78232e969ba00d99e1522b235c.png?t=1737627850,https://cuescore.com/img/flags/png-country-4x2-none/res-640x480/no.png,393.54,393.42,2025-02-24,obk,False,anchored,216.0,2025-02-24T17:00:00Z,54821110,31,9,22,19,2,31,9,22,0,0,0,0,0,0,-0.013061,31,16.340383,0.132041,19,10.017526,9,10,,0,0.0,0,0,-0.209197,12,6.322857,0,12,8-Ball,0.132041
2525591,Erlend Lid,https://img.cuescore.com/image/8/4/862c792ba8eb7f97e626fbe6cbcc59f6.png,https://cuescore.com/img/flags/png-country-4x2-none/res-640x480/no.png,393.4,393.38,2018-05-07,obk,False,anchored,,,,11,2,9,39,2,11,2,9,0,0,0,0,0,0,-0.283127,11,1.57563,0.0,11,1.57563,2,9,,0,0.0,0,0,,0,0.0,0,0,8-Ball,0.0
36950884,Kristina Mile,https://img.cuescore.com/image/5/4/5aa6aa48f7d5ffe854d5266ac08db7ef.png,https://cuescore.com/img/flags/png-country-4x2-none/res-640x480/no.png,393.32,393.31,2024-03-09,obk,False,anchored,,,,8,2,6,42,2,8,2,6,0,0,0,0,0,0,-0.110079,8,4.417485,,0,0.0,0,0,0.0,8,4.417485,2,6,,0,0.0,0,0,9-Ball,0.0
1105029,Dennis Orcollo,https://img.cuescore.com/image/1/4/11f27bea680cd5420c63acb0f56259b2.png?t=1555596490,https://cuescore.com/img/flags/png-country-4x2-none/res-640x480/ph.png,393.15,393.13,2020-01-24,obk,False,anchored,,,,16,5,11,34,2,16,5,11,0,0,0,0,0,0,-0.118439,16,3.406696,,0,0.0,0,0,,0,0.0,0,0,0.0,16,3.406696,5,11,10-Ball,0.0
2194859,Eivind Yoo Yong Jae Johansen,https://img.cuescore.com/image/c/4/ce38f18080a2824195c0dda72107626a.png?t=1789163047,https://cuescore.com/img/flags/png-country-4x2-none/res-640x480/kr.png,393.06,392.8,2026-09-28,obk,False,anchored,181.0,2026-09-28T16:00:00Z,90141868,1403,510,893,0,2,1204,451,753,199,59,140,0,0,0,1e-06,1403,973.501198,-0.041058,150,73.832196,52,98,0.002884,1055,766.195907,385,670,0.006154,198,133.473095,73,125,10-Ball,0.006154
71402752,Enrique Mohamed ”Saleh“ Saleh Ruzafa,https://img.cuescore.com/image/e/4/e8a2719b85121aebb65ffe4f61bda1c9.png?t=1778896862,https://cuescore.com/img/flags/png-country-4x2-none/res-640x480/no.png,393.03,392.8,2026-01-12,obk,False,anchored,196.0,2026-01-12T17:00:00Z,74675884,48,20,28,2,2,48,20,28,0,0,0,0,0,0,-0.000586,48,39.467288,0.0,48,39.467288,20,28,,0,0.0,0,0,,0,0.0,0,0,8-Ball,0.0
13252696,Brede Arnøy,https://img.cuescore.com/image/6/4/65f05126ac44bec2ce40e66b35172726.png?t=1788877346,https://cuescore.com/img/flags/png-country-4x2-none/res-640x480/no.png,392.91,392.89,2026-06-15,obk,False,anchored,,,,12,5,7,38,2,12,5,7,0,0,0,0,0,0,-0.04172,12,11.187176,,0,0.0,0,0,0.0,12,11.187176,5,7,,0,0.0,0,0,9-Ball,0.0
16854487,Hans Røbergshagen,https://img.cuescore.com/image/3/4/3f783359ff3368726a68e7bcf0c1dd1e.png?t=1662579078,https://cuescore.com/img/flags/png-country-4x2-none/res-640x480/no.png,392.77,392.75,2024-07-08,obk,False,anchored,,,,7,1,6,43,2,7,1,6,0,0,0,0,0,0,-0.202649,7,2.656103,,0,0.0,0,0,,0,0.0,0,0,0.0,7,2.656103,1,6,10-Ball,0.0
25346131,Daniel Fosnes Hansen,https://img.cuescore.com/image/8/4/862c792ba8eb7f97e626fbe6cbcc59f6.png,https://cuescore.com/img/flags/png-country-4x2-none/res-640x480/no.png,392.54,392.5,2023-03-27,obk,False,anchored,137.0,2023-03-27T16:00:00Z,25906933,11,4,7,39,2,11,4,7,0,0,0,0,0,0,-0.10481,11,4.809398,0.0,11,4.809398,4,7,,0,0.0,0,0,,0,0.0,0,0,8-Ball,0.0
3543769,Besar Kurti,https://img.cuescore.com/image/8/4/862c792ba8eb7f97e626fbe6cbcc59f6.png,https://cuescore.com/img/flags/png-country-4x2-none/res-640x480/no.png,392.47,392.44,2019-03-25,obk,False,anchored,,,,13,3,10,37,2,13,3,10,0,0,0,0,0,0,-0.215499,13,2.240771,-0.288949,4,0.660196,0,4,0.120692,9,1.580575,3,6,,0,0.0,0,0,9-Ball,0.120692
9981877,kristina Cleaverley,https://img.cuescore.com/image/5/4/5aa6aa48f7d5ffe854d5266ac08db7ef.png,https://cuescore.com/img/flags/png-country-4x2-none/res-640x480/no.png,392.31,392.29,2021-10-11,obk,False,anchored,,,,7,2,5,43,2,7,2,5,0,0,0,0,0,0,-0.258448,7,2.21513,0.0,7,2.21513,2,5,,0,0.0,0,0,,0,0.0,0,0,8-Ball,0.0
18194104,Roberto Gomez,https://img.cuescore.com/image/3/4/3e880f971a24cb996690b527aa81f78a.png?t=1676653345,https://cuescore.com/img/flags/png-country-4x2-none/res-640x480/nl.png,392.29,392.27,2020-01-24,obk,False,anchored,,,,16,5,11,34,2,16,5,11,0,0,0,0,0,0,-0.133267,16,3.406696,,0,0.0,0,0,,0,0.0,0,0,0.0,16,3.406696,5,11,10-Ball,0.0
46509994,Petter Ronglien,https://img.cuescore.com/image/8/4/82bc7b1fc90329e04b7d6ca51ba8c4a2.png?t=1722586486,https://cuescore.com/img/flags/png-country-4x2-none/res-640x480/gi.png,392.18,392.13,2026-05-06,obk,False,anchored,221.0,2026-05-06T16:00:00Z,80902807,7,3,4,43,2,7,3,4,0,0,0,0,0,0,-0.100937,7,5.772327,,0,0.0,0,0,0.0,7,5.772327,3,4,,0,0.0,0,0,9-Ball,0.0
2625188,Christian Garmann Schjelderup,https://img.cuescore.com/image/8/4/862c792ba8eb7f97e626fbe6cbcc59f6.png,https://cuescore.com/img/flags/png-country-4x2-none/res-640x480/no.png,391.99,391.82,2018-10-01,obk,False,anchored,28.0,2018-08-22T16:15:00Z,2891870,137,61,76,0,2,137,61,76,0,0,0,0,0,0,-7e-06,137,20.958348,-0.103322,22,3.271055,8,14,0.019108,115,17.687293,53,62,,0,0.0,0,0,9-Ball,0.019108
5698300,Don Caram,https://img.cuescore.com/image/8/4/862c792ba8eb7f97e626fbe6cbcc59f6.png,https://cuescore.com/img/flags/png-country-4x2-none/res-640x480/no.png,391.96,391.93,2019-06-27,obk,False,anchored,,,,13,3,10,37,2,13,3,10,0,0,0,0,0,0,-0.212775,13,2.422683,,0,0.0,0,0,0.0,13,2.422683,3,10,,0,0.0,0,0,9-Ball,0.0
82601110,zoran krogstad,https://img.cuescore.com/image/8/4/862c792ba8eb7f97e626fbe6cbcc59f6.png,https://cuescore.com/img/flags/png-country-4x2-none/res-640x480/no.png,391.72,391.59,2026-05-31,ostkanten,False,anchored,,,,19,6,13,31,2,0,0,0,19,6,13,0,0,0,-0.025342,19,17.54436,,0,0.0,0,0,0.0,19,17.54436,6,13,,0,0.0,0,0,9-Ball,0.0
1423958,Ørjan Saxrud,https://img.cuescore.com/image/2/4/248740f38c57ad4c2c960061b3383b03.png?t=1622729507,https://cuescore.com/img/flags/png-country-4x2-none/res-640x480/no.png,391.72,391.69,2020-10-19,obk,False,anchored,,,,7,0,7,43,2,7,0,7,0,0,0,0,0,0,-0.348877,7,1.767333,,0,0.0,0,0,,0,0.0,0,0,0.0,7,1.767333,0,7,10-Ball,0.0
7131160,leif Nilsen,https://img.cuescore.com/image/8/4/862c792ba8eb7f97e626fbe6cbcc59f6.png,https://cuescore.com/img/flags/png-country-4x2-none/res-640x480/no.png,391.69,391.66,2022-07-03,ostkanten,False,anchored,,,,10,2,8,40,2,10,2,8,0,0,0,0,0,0,-0.164283,10,3.503824,,0,0.0,0,0,0.0,10,3.503824,2,8,,0,0.0,0,0,9-Ball,0.0
79780879,Kim Alexander Foss,https://img.cuescore.com/image/8/4/862c792ba8eb7f97e626fbe6cbcc59f6.png,https://cuescore.com/img/flags/png-country-4x2-none/res-640x480/no.png,391.67,391.57,2026-04-06,obk,False,anchored,152.0,2026-04-06T16:00:00Z,76464547,19,8,11,31,2,19,8,11,0,0,0,0,0,0,-0.02639,19,16.945785,,0,0.0,0,0,0.0,19,16.945785,8,11,,0,0.0,0,0,9-Ball,0.0
33729541,Eivind Yoo Yong Jae Johansen,https://img.cuescore.com/image/9/4/9e9ee73d7605cca6639592549f75768d.png?t=1766744087,https://cuescore.com/img/flags/png-country-4x2-none/res-640x480/kr.png,391.57,391.16,2026-06-20,obk,False,anchored,184.0,2026-06-03T16:00:00Z,82639456,342,123,219,0,2,317,118,199,25,5,20,0,0,0,8e-06,342,275.063319,-0.077785,44,38.050505,17,27,0.009777,271,221.468978,94,177,0.051114,27,15.543836,12,15,10-Ball,0.051114
6863670,Jone Saba,https://img.cuescore.com/image/8/4/862c792ba8eb7f97e626fbe6cbcc59f6.png,https://cuescore.com/img/flags/png-country-4x2-none/res-640x480/no.png,391.56,391.53,2019-12-02,obk,False,anchored,,,,16,5,11,34,2,16,5,11,0,0,0,0,0,0,-0.151599,16,3.278914,,0,0.0,0,0,0.0,16,3.278914,5,11,,0,0.0,0,0,9-Ball,0.0
8217316,Ida Amundsen Holtet,https://img.cuescore.com/image/3/4/3eb9c11140ed451034c9ab35d844aa31.png?t=1768456598,https://cuescore.com/img/flags/png-country-4x2-none/res-640x480/no.png,391.48,391.28,2026-04-01,obk,False,anchored,210.0,2026-04-01T16:00:00Z,78941740,492,169,323,0,2,483,167,316,9,2,7,0,0,0,5e-06,492,251.783155,-0.051174,70,31.507534,25,45,-0.009618,299,148.800979,104,195,0.042582,123,71.474642,40,83,10-Ball,0.042582
1006218,Emma Therese Gangfløt,https://img.cuescore.com/image/5/4/5aa6aa48f7d5ffe854d5266ac08db7ef.png,https://cuescore.com/img/flags/png-country-4x2-none/res-640x480/no.png,391.2,391.17,2020-09-14,obk,False,anchored,,,,8,0,8,42,2,8,0,8,0,0,0,0,0,0,-0.324044,8,1.97558,,0,0.0,0,0,0.0,8,1.97558,0,8,,0,0.0,0,0,9-Ball,0.0
16144324,George Malekkides,https://img.cuescore.com/image/8/4/862c792ba8eb7f97e626fbe6cbcc59f6.png,https://cuescore.com/img/flags/png-country-4x2-none/res-640x480/cy.png,391.01,390.99,2026-06-15,obk,False,anchored,,,,4,1,3,46,2,4,1,3,0,0,0,0,0,0,-0.192157,4,3.729059,,0,0.0,0,0,0.0,4,3.729059,1,3,,0,0.0,0,0,9-Ball,0.0
6552856,Sigve Nedrebø,https://img.cuescore.com/image/8/4/862c792ba8eb7f97e626fbe6cbcc59f6.png,https://cuescore.com/img/flags/png-country-4x2-none/res-640x480/no.png,390.46,390.45,2025-11-02,ostkanten,False,anchored,,,,12,4,8,38,2,0,0,0,12,4,8,0,0,0,-0.064759,12,9.702489,0.0,12,9.702489,4,8,,0,0.0,0,0,,0,0.0,0,0,8-Ball,0.0
7906080,Alessandro Luca,https://img.cuescore.com/image/d/4/d10cd1e2e6ca3b495d3832fba211a5d6.png?t=1601821820,https://cuescore.com/img/flags/png-country-4x2-none/res-640x480/it.png,390.25,390.16,2026-03-23,obk,False,anchored,197.0,2026-03-23T17:00:00Z,76464466,157,62,95,0,2,139,59,80,18,3,15,0,0,0,1e-05,157,104.1208,0.092962,53,43.726941,28,25,-0.023453,91,51.190527,34,57,-0.311233,13,9.203331,0,13,8-Ball,0.092962
12698008,Mathias Hæreid,https://img.cuescore.com/image/8/4/862c792ba8eb7f97e626fbe6cbcc59f6.png,https://cuescore.com/img/flags/png-country-4x2-none/res-640x480/no.png,390.19,390.15,2022-02-07,obk,False,anchored,,,,5,0,5,45,2,5,0,5,0,0,0,0,0,0,-0.448269,5,1.705979,,0,0.0,0,0,0.0,5,1.705979,0,5,,0,0.0,0,0,9-Ball,0.0
8563408,Marcus Bjørseth,https://img.cuescore.com/image/b/4/bac343e038de7269c3c6bf3bc63c23ce.png?t=1732054726,https://cuescore.com/img/flags/png-country-4x2-none/res-640x480/no.png,390.08,390.06,2026-03-21,obk,False,anchored,,,,2,0,2,48,2,2,0,2,0,0,0,0,0,0,-0.467083,2,1.76585,,0,0.0,0,0,0.0,2,1.76585,0,2,,0,0.0,0,0,9-Ball,0.0
3253188,Tor Einar Johansen,https://img.cuescore.com/image/9/4/921fcc142992a12fdeb37558b8a20add.png?t=1550137651,https://cuescore.com/img/flags/png-country-4x2-none/res-640x480/no.png,389.88,389.8,2023-03-12,ostkanten,False,anchored,38.0,2022-03-30T16:00:00Z,14507158,35,13,22,15,2,25,9,16,10,4,6,0,0,0,-0.025138,35,10.465153,-0.268377,7,2.44184,1,6,0.081679,28,8.023313,12,16,,0,0.0,0,0,9-Ball,0.081679
8227535,Martin Elgsæter,https://img.cuescore.com/image/8/4/862c792ba8eb7f97e626fbe6cbcc59f6.png,https://cuescore.com/img/flags/png-country-4x2-none/res-640x480/no.png,389.45,389.37,2020-10-12,obk,False,anchored,,,,34,11,23,16,2,34,11,23,0,0,0,0,0,0,-0.03454,34,8.466747,-0.192885,8,1.993154,1,7,0.059387,26,6.473593,10,16,,0,0.0,0,0,9-Ball,0.059387
75049945,Ahmed zakaria Hamdoun,https://img.cuescore.com/image/8/4/862c792ba8eb7f97e626fbe6cbcc59f6.png,https://cuescore.com/img/flags/png-country-4x2-none/res-640x480/es.png,389.3,389.26,2026-01-19,obk,False,anchored,180.0,2026-01-19T17:00:00Z,74908216,4,1,3,46,2,4,1,3,0,0,0,0,0,0,-0.25097,4,3.398015,,0,0.0,0,0,0.0,4,3.398015,1,3,,0,0.0,0,0,9-Ball,0.0
15113617,Fatlum Krasniqi,https://img.cuescore.com/image/d/4/d6dd8fd25ae2b536d81628ef8b8709e4.png?t=1678573718,https://cuescore.com/img/flags/png-country-4x2-none/res-640x480/al.png,389.03,389.02,2024-02-06,obk,False,anchored,,,,20,8,12,30,2,20,8,12,0,0,0,0,0,0,-0.052642,20,10.821833,,0,0.0,0,0,,0,0.0,0,0,0.0,20,10.821833,8,12,10-Ball,0.0
2581136,Mona Søvold Sunde,https://img.cuescore.com/image/1/4/117c1e840893a671dc3141ac91a7022c.png?t=1694038789,https://cuescore.com/img/flags/png-country-4x2-none/res-640x480/no.png,388.74,388.57,2026-07-29,obk,False,anchored,9.0,2026-07-29T15:45:00Z,85448731,948,340,608,0,2,887,311,576,61,29,32,0,0,0,-1e-06,948,596.884456,-0.075692,124,61.308979,40,84,-0.000599,673,447.261184,242,431,0.055578,151,88.314292,58,93,10-Ball,0.055578
1987327,Stian Stian,https://img.cuescore.com/image/d/4/d072f6449452cf7f3dc5b687e2d438d0.png?t=1511801538,,388.73,388.68,2018-02-19,obk,False,anchored,,,,23,5,18,27,2,23,5,18,0,0,0,0,0,0,-0.173535,23,3.036336,0.0,23,3.036336,5,18,,0,0.0,0,0,,0,0.0,0,0,8-Ball,0.0
61176751,Santina Lafjell Crolla,https://img.cuescore.com/image/5/4/5aa6aa48f7d5ffe854d5266ac08db7ef.png,https://cuescore.com/img/flags/png-country-4x2-none/res-640x480/no.png,388.69,388.57,2025-06-02,obk,False,anchored,175.0,2025-06-02T16:00:00Z,61790500,28,13,15,22,2,28,13,15,0,0,0,0,0,0,-0.021029,28,20.512845,0.027083,12,8.768982,6,6,-0.020222,16,11.743864,7,9,,0,0.0,0,0,8-Ball,0.027083
26899522,Brian Stensland,https://img.cuescore.com/image/f/4/f4870eaabd796ee4e5c23d1893c137b9.png?t=1683207856,https://cuescore.com/img/flags/png-country-4x2-none/res-640x480/no.png,388.58,388.53,2026-08-31,obk,False,anchored,275.0,2026-08-31T16:00:00Z,86423461,9,3,6,41,2,9,3,6,0,0,0,0,0,0,-0.092071,9,8.809191,0.0,9,8.809191,3,6,,0,0.0,0,0,,0,0.0,0,0,8-Ball,0.0
1021381,spiller 1,https://img.cuescore.com/image/8/4/862c792ba8eb7f97e626fbe6cbcc59f6.png,,388.21,388.17,2019-10-28,obk,False,anchored,,,,16,3,13,34,2,16,3,13,0,0,0,0,0,0,-0.233726,16,2.969711,-0.247549,4,0.805773,0,4,0.092179,12,2.163938,3,9,,0,0.0,0,0,9-Ball,0.092179
28065760,Line Marie H. Steffensen,https://img.cuescore.com/image/b/4/b47d0c70c86175b119197bc068571532.png?t=1788885756,https://cuescore.com/img/flags/png-country-4x2-none/res-640x480/no.png,388.09,388.05,2025-04-15,obk,False,anchored,125.0,2024-10-09T16:00:00Z,47691958,14,5,9,36,2,14,5,9,0,0,0,0,0,0,-0.074422,14,9.96855,,0,0.0,0,0,0.0,14,9.96855,5,9,,0,0.0,0,0,9-Ball,0.0
9211722,Thomas Herbert-Andersen,https://img.cuescore.com/image/c/4/cf5adc23d04b492540847c0f19bf92f5.png?t=1636013168,https://cuescore.com/img/flags/png-country-4x2-none/res-640x480/no.png,388.0,387.95,2023-03-04,obk,False,anchored,275.0,2022-11-07T17:00:00Z,20098285,9,1,8,41,2,9,1,8,0,0,0,0,0,0,-0.216896,9,3.929469,,0,0.0,0,0,,0,0.0,0,0,0.0,9,3.929469,1,8,10-Ball,0.0
1714800,Karolis Vo,https://img.cuescore.com/image/f/4/f6ecc418edc6d2df1f464e80fa8b3426.png?t=1506354698,,387.65,387.61,2018-04-09,obk,False,anchored,,,,26,8,18,24,2,26,8,18,0,0,0,0,0,0,-0.154325,26,3.327497,0.003819,25,3.186773,8,17,-0.08648,1,0.140724,0,1,,0,0.0,0,0,8-Ball,0.003819
5490988,Ole Berg,https://img.cuescore.com/image/8/4/862c792ba8eb7f97e626fbe6cbcc59f6.png,https://cuescore.com/img/flags/png-country-4x2-none/res-640x480/no.png,387.27,387.22,2019-06-10,obk,False,anchored,,,,18,4,14,32,2,18,4,14,0,0,0,0,0,0,-0.213166,18,3.31024,-0.007493,5,0.921826,1,4,-0.127486,9,1.654157,1,8,0.296611,4,0.734256,2,2,10-Ball,0.296611
1006507,Terje Mathisen,https://img.cuescore.com/image/b/4/b06e2451db212e24319e92126f731d25.png?t=1445890238,https://cuescore.com/img/flags/png-country-4x2-none/res-640x480/no.png,387.25,387.22,2024-04-13,obk,False,anchored,,,,8,2,6,42,2,8,2,6,0,0,0,0,0,0,-0.205361,8,4.515906,,0,0.0,0,0,0.0,8,4.515906,2,6,,0,0.0,0,0,9-Ball,0.0
7466532,Øyvind Rørslett,https://img.cuescore.com/image/8/4/862c792ba8eb7f97e626fbe6cbcc59f6.png,https://cuescore.com/img/flags/png-country-4x2-none/res-640x480/no.png,387.1,387.07,2020-03-02,obk,False,anchored,,,,16,4,12,34,2,16,4,12,0,0,0,0,0,0,-0.218334,16,3.478944,-0.230784,4,0.872628,0,4,,0,0.0,0,0,0.07727,12,2.606316,4,8,10-Ball,0.07727
1472748,Tommy Martinsen,https://img.cuescore.com/image/8/4/862c792ba8eb7f97e626fbe6cbcc59f6.png,https://cuescore.com/img/flags/png-country-4x2-none/res-640x480/no.png,387.01,386.82,2019-05-27,obk,False,anchored,,,,116,55,61,0,2,116,55,61,0,0,0,0,0,0,9e-06,116,15.933963,-0.201566,33,4.695844,9,24,0.084224,83,11.238118,46,37,,0,0.0,0,0,9-Ball,0.084224
1006392,Moises Farfan,https://img.cuescore.com/image/c/4/ca56bb26b754e0385ef460e447a7fe57.png?t=1771667845,https://cuescore.com/img/flags/png-country-4x2-none/res-640x480/no.png,387.01,386.97,2024-04-13,obk,False,anchored,,,,6,0,6,44,2,6,0,6,0,0,0,0,0,0,-0.292337,6,3.386929,,0,0.0,0,0,0.0,6,3.386929,0,6,,0,0.0,0,0,9-Ball,0.0
1006260,Hans-Gunnar Bernhardsen,https://img.cuescore.com/image/8/4/86f566c626980cb4605e7c87e4a09953.png?t=1766928475,https://cuescore.com/img/flags/png-country-4x2-none/res-640x480/no.png,386.95,386.91,2024-04-13,obk,False,anchored,,,,7,1,6,43,2,7,1,6,0,0,0,0,0,0,-0.246027,7,3.951418,,0,0.0,0,0,0.0,7,3.951418,1,6,,0,0.0,0,0,9-Ball,0.0
17691844,Ketil Blix,https://img.cuescore.com/image/8/4/862c792ba8eb7f97e626fbe6cbcc59f6.png,https://cuescore.com/img/flags/png-country-4x2-none/res-640x480/no.png,386.35,386.27,2025-05-03,obk,False,anchored,107.0,2024-08-05T16:00:00Z,46595956,28,12,16,22,2,28,12,16,0,0,0,0,0,0,-0.030921,28,16.842178,,0,0.0,0,0,-0.025732,18,12.962797,8,10,0.085981,10,3.879381,4,6,10-Ball,0.085981
52011748,Joakim Aamo,https://img.cuescore.com/image/6/4/64e6a3cc33b01a8f8f4fc7ab98848e0d.png?t=1731668064,https://cuescore.com/img/flags/png-country-4x2-none/res-640x480/no.png,386.03,385.98,2024-11-15,obk,False,anchored,,,,7,1,6,43,2,7,1,6,0,0,0,0,0,0,-0.229614,7,4.530342,0.0,7,4.530342,1,6,,0,0.0,0,0,,0,0.0,0,0,8-Ball,0.0
58717324,Kjetil Kristensen,https://img.cuescore.com/image/8/4/862c792ba8eb7f97e626fbe6cbcc59f6.png,https://cuescore.com/img/flags/png-country-4x2-none/res-640x480/no.png,385.45,385.27,2025-11-24,obk,False,anchored,187.0,2025-11-24T17:00:00Z,72856591,201,72,129,0,2,187,67,120,14,5,9,0,0,0,1.3e-05,201,150.821203,-0.043767,54,40.031901,21,33,-0.024713,116,88.505638,37,79,0.176778,31,22.283664,14,17,10-Ball,0.176778
1341947,Angelos Kyriakou,https://img.cuescore.com/image/b/4/bb1f0b2651db091c74cb488b7636429d.png?t=1779280379,https://cuescore.com/img/flags/png-country-4x2-none/res-640x480/cy.png,385.27,385.22,2026-06-15,obk,False,anchored,,,,9,3,6,41,2,9,3,6,0,0,0,0,0,0,-0.124665,9,8.390382,,0,0.0,0,0,0.0,9,8.390382,3,6,,0,0.0,0,0,9-Ball,0.0
5105730,Kevin,https://img.cuescore.com/image/8/4/862c792ba8eb7f97e626fbe6cbcc59f6.png,https://cuescore.com/img/flags/png-country-4x2-none/res-640x480/no.png,384.84,384.79,2019-03-25,obk,False,anchored,,,,19,3,16,31,2,19,3,16,0,0,0,0,0,0,-0.2439,19,3.336579,,0,0.0,0,0,0.0,19,3.336579,3,16,,0,0.0,0,0,9-Ball,0.0
6835940,Christiane .,https://img.cuescore.com/image/8/4/862c792ba8eb7f97e626fbe6cbcc59f6.png,https://cuescore.com/img/flags/png-country-4x2-none/res-640x480/no.png,384.81,384.77,2019-12-02,obk,False,anchored,,,,13,1,12,37,2,13,1,12,0,0,0,0,0,0,-0.365528,13,2.661094,-0.08624,6,1.219412,0,6,0.072944,7,1.441682,1,6,,0,0.0,0,0,9-Ball,0.072944
65039485,Nico Gulfan,https://img.cuescore.com/image/8/4/862c792ba8eb7f97e626fbe6cbcc59f6.png,https://cuescore.com/img/flags/png-country-4x2-none/res-640x480/ph.png,384.59,384.53,2025-08-04,obk,False,anchored,175.0,2025-08-04T16:00:00Z,64500307,8,1,7,42,2,8,1,7,0,0,0,0,0,0,-0.183321,8,6.110673,0.0,8,6.110673,1,7,,0,0.0,0,0,,0,0.0,0,0,8-Ball,0.0
1156277,Mathias Hæreid,https://img.cuescore.com/image/8/4/862c792ba8eb7f97e626fbe6cbcc59f6.png,https://cuescore.com/img/flags/png-country-4x2-none/res-640x480/no.png,383.96,383.9,2020-08-31,obk,False,anchored,,,,28,9,19,22,2,28,9,19,0,0,0,0,0,0,-0.122541,28,4.984711,0.02681,15,1.940585,5,10,-0.042088,8,1.958161,2,6,0.027982,5,1.085965,2,3,10-Ball,0.027982
8280867,Gunn - Ellen Hansen,https://img.cuescore.com/image/5/4/5aa6aa48f7d5ffe854d5266ac08db7ef.png,https://cuescore.com/img/flags/png-country-4x2-none/res-640x480/no.png,383.84,383.79,2020-11-02,obk,False,anchored,,,,14,2,12,36,2,14,2,12,0,0,0,0,0,0,-0.282467,14,3.566203,,0,0.0,0,0,0.0,14,3.566203,2,12,,0,0.0,0,0,9-Ball,0.0
65039377,Eva Marie Sommerfelt jacobsen,https://img.cuescore.com/image/5/4/5aa6aa48f7d5ffe854d5266ac08db7ef.png,https://cuescore.com/img/flags/png-country-4x2-none/res-640x480/no.png,383.36,383.3,2025-08-04,obk,False,anchored,125.0,2025-08-04T16:00:00Z,64500307,6,0,6,44,2,6,0,6,0,0,0,0,0,0,-0.276574,6,4.583005,0.0,6,4.583005,0,6,,0,0.0,0,0,,0,0.0,0,0,8-Ball,0.0
2145734,Thong Trong Ho,https://img.cuescore.com/image/8/4/862c792ba8eb7f97e626fbe6cbcc59f6.png,https://cuescore.com/img/flags/png-country-4x2-none/res-640x480/no.png,382.33,382.27,2018-12-03,obk,False,anchored,,,,27,9,18,23,2,27,9,18,0,0,0,0,0,0,-0.16232,27,4.332988,0.0,27,4.332988,9,18,,0,0.0,0,0,,0,0.0,0,0,8-Ball,0.0
42270385,Kamal Jr,https://img.cuescore.com/image/e/4/ecc2f429f928a402d7beb6e9da638978.png?t=1772642194,https://cuescore.com/img/flags/png-country-4x2-none/res-640x480/no.png,382.08,381.88,2026-06-08,obk,False,anchored,209.0,2026-06-08T16:00:00Z,83165326,32,10,22,18,2,32,10,22,0,0,0,0,0,0,-0.020268,32,27.520568,,0,0.0,0,0,0.0,32,27.520568,10,22,,0,0.0,0,0,9-Ball,0.0
3719239,Odin,https://img.cuescore.com/image/8/4/862c792ba8eb7f97e626fbe6cbcc59f6.png,https://cuescore.com/img/flags/png-country-4x2-none/res-640x480/no.png,381.74,381.66,2019-02-04,obk,False,anchored,,,,33,10,23,17,2,33,10,23,0,0,0,0,0,0,-0.095913,33,5.597025,0.079403,5,0.851225,2,3,-0.014242,28,4.7458,8,20,,0,0.0,0,0,8-Ball,0.079403
82125409,Ralfs Savielis,https://img.cuescore.com/image/9/4/960e417c3d38c2ed3b745266bf2f51ee.png?t=1789544638,https://cuescore.com/img/flags/png-country-4x2-none/res-640x480/lv.png,381.44,381.25,2026-09-16,obk,False,anchored,222.0,2026-09-16T16:00:00Z,88468552,38,15,23,12,2,38,15,23,0,0,0,0,0,0,-0.010314,38,37.409947,-0.12684,9,8.898805,1,8,0.039589,29,28.511142,14,15,,0,0.0,0,0,9-Ball,0.039589
1084882,Remi Kwit,https://img.cuescore.com/image/8/4/862c792ba8eb7f97e626fbe6cbcc59f6.png,,381.33,381.19,2020-03-02,obk,False,anchored,,,,91,39,52,0,2,91,39,52,0,0,0,0,0,0,2.9e-05,91,12.769545,0.097891,51,6.716497,26,25,-0.10862,40,6.053048,13,27,,0,0.0,0,0,8-Ball,0.097891
52645105,Tommy Bratseth,https://img.cuescore.com/image/8/4/8d880301fd90eac09d80e3a09080fa14.png?t=1747289659,https://cuescore.com/img/flags/png-country-4x2-none/res-640x480/no.png,381.01,380.9,2026-09-09,obk,False,anchored,263.0,2026-09-09T16:00:00Z,87717052,677,212,465,0,2,242,70,172,435,142,293,0,0,0,5e-06,677,563.18534,-0.183199,111,93.944238,19,92,0.035343,560,464.492834,190,370,0.167157,6,4.748268,3,3,10-Ball,0.167157
18904714,Janna Flottorp,https://img.cuescore.com/image/8/4/862c792ba8eb7f97e626fbe6cbcc59f6.png,https://cuescore.com/img/flags/png-country-4x2-none/res-640x480/no.png,380.63,380.59,2024-12-27,obk,False,anchored,4.0,2024-12-27T11:00:00Z,52314610,16,5,11,34,2,16,5,11,0,0,0,0,0,0,-0.131635,16,8.657466,,0,0.0,0,0,,0,0.0,0,0,0.0,16,8.657466,5,11,10-Ball,0.0
1736336,Sander Evjen Sanna,https://img.cuescore.com/image/0/4/04e16137a4729a2fdc654066da1d73e1.png?t=1758574245,https://cuescore.com/img/flags/png-country-4x2-none/res-640x480/no.png,380.23,380.07,2025-09-29,obk,False,anchored,225.0,2025-09-29T16:00:00Z,69151819,26,11,15,24,2,26,11,15,0,0,0,0,0,0,-0.040005,26,20.516386,,0,0.0,0,0,-0.00757,17,13.393984,7,10,0.014236,9,7.122402,4,5,10-Ball,0.014236
34220254,Malin Myra,https://img.cuescore.com/image/e/4/ec3dd97053796683bfeb4d19d478c101.png?t=1711452409,https://cuescore.com/img/flags/png-country-4x2-none/res-640x480/no.png,380.02,379.94,2023-10-23,obk,False,anchored,,,,13,4,9,37,2,13,4,9,0,0,0,0,0,0,-0.1944,13,6.577983,,0,0.0,0,0,0.0,13,6.577983,4,9,,0,0.0,0,0,9-Ball,0.0
79002523,luis Cardenas rosas,https://img.cuescore.com/image/8/4/862c792ba8eb7f97e626fbe6cbcc59f6.png,https://cuescore.com/img/flags/png-country-4x2-none/res-640x480/no.png,379.83,379.41,2026-09-13,ostkanten,False,anchored,175.0,2026-03-23T17:00:00Z,76464466,18,6,12,32,2,9,4,5,9,2,7,0,0,0,-0.066342,18,16.837616,-0.106714,9,8.881231,2,7,,0,0.0,0,0,0.119119,9,7.956385,4,5,10-Ball,0.119119
10625680,Mariann Zalahas,https://img.cuescore.com/image/2/4/2b544acdf693a26010332ae9f4be4933.png?t=1677658936,https://cuescore.com/img/flags/png-country-4x2-none/res-640x480/no.png,379.7,379.65,2024-05-21,obk,False,anchored,,,,13,3,10,37,2,13,3,10,0,0,0,0,0,0,-0.207308,13,6.268073,0.050963,5,1.8287,1,4,-0.020993,8,4.439373,2,6,,0,0.0,0,0,8-Ball,0.050963
77275558,Matilde Bjørnstad,https://img.cuescore.com/image/5/4/5aa6aa48f7d5ffe854d5266ac08db7ef.png,https://cuescore.com/img/flags/png-country-4x2-none/res-640x480/no.png,379.65,379.59,2026-02-23,obk,False,anchored,168.0,2026-02-23T17:00:00Z,76441429,5,1,4,45,2,5,1,4,0,0,0,0,0,0,-0.364844,5,4.34261,0.0,5,4.34261,1,4,,0,0.0,0,0,,0,0.0,0,0,8-Ball,0.0
63113578,Håkon Kristiansen,https://img.cuescore.com/image/8/4/862c792ba8eb7f97e626fbe6cbcc59f6.png,https://cuescore.com/img/flags/png-country-4x2-none/res-640x480/no.png,379.63,379.34,2026-09-28,obk,False,anchored,229.0,2026-09-28T16:00:00Z,90141868,778,282,496,0,2,778,282,496,0,0,0,0,0,0,-1e-06,778,665.785077,-0.063101,154,128.77358,51,103,0.012578,567,485.903127,206,361,0.039408,57,51.108371,25,32,10-Ball,0.039408
2947260,Jasper Nicolaysen,https://img.cuescore.com/image/3/4/3b1245a108069de94f409a8dedd4d249.png?t=1559602522,,379.56,379.37,2019-11-25,obk,False,anchored,,,,150,62,88,0,2,150,62,88,0,0,0,0,0,0,-2e-06,150,26.159515,-0.103515,51,8.791017,16,35,0.047889,86,15.232342,39,47,0.084516,13,2.136156,7,6,10-Ball,0.084516
1751232,Øyvind Stenhaug,https://img.cuescore.com/image/2/4/2101e23f9055a7301562f72b0a4b9813.png?t=1507544706,https://cuescore.com/img/flags/png-country-4x2-none/res-640x480/no.png,379.36,379.17,2020-02-24,obk,False,anchored,15.0,2020-01-30T19:15:00Z,7224607,1078,425,653,0,2,1078,425,653,0,0,0,0,0,0,0.0,1078,176.439443,-0.096756,325,51.522133,103,222,0.032379,690,112.902763,290,400,0.110645,63,12.014547,32,31,10-Ball,0.110645
12239083,Christoffer karlik,https://img.cuescore.com/image/8/4/862c792ba8eb7f97e626fbe6cbcc59f6.png,https://cuescore.com/img/flags/png-country-4x2-none/res-640x480/no.png,379.21,379.15,2022-01-24,obk,False,anchored,,,,13,1,12,37,2,13,1,12,0,0,0,0,0,0,-0.302691,13,4.396435,0.0,13,4.396435,1,12,,0,0.0,0,0,,0,0.0,0,0,8-Ball,0.0
2400654,Lukas Mørk,https://img.cuescore.com/image/8/4/862c792ba8eb7f97e626fbe6cbcc59f6.png,https://cuescore.com/img/flags/png-country-4x2-none/res-640x480/no.png,378.75,378.68,2018-05-14,obk,False,anchored,,,,26,5,21,24,2,26,5,21,0,0,0,0,0,0,-0.237165,26,3.71919,0.057537,20,2.855941,5,15,-0.190354,6,0.863249,0,6,,0,0.0,0,0,8-Ball,0.057537
28197979,Kalsang Kalsang,https://img.cuescore.com/image/8/4/898112511dfa0280a0dd5592e6dad7ea.png?t=1708242036,https://cuescore.com/img/flags/png-country-4x2-none/res-640x480/no.png,378.13,377.91,2026-04-03,obk,False,anchored,4.0,2026-04-03T13:00:00Z,79209838,76,26,50,0,2,33,5,28,43,21,22,0,0,0,6e-06,76,51.725556,0.041661,28,18.24304,11,17,0.043999,34,26.105849,13,21,-0.258741,14,7.376667,2,12,9-Ball,0.043999
36476392,Anniina Kettunen,https://img.cuescore.com/image/7/4/7328add0c82fcc0e4ca7ebec12476fde.png?t=1704309719,https://cuescore.com/img/flags/png-country-4x2-none/res-640x480/fi.png,377.68,377.63,2026-06-15,obk,False,anchored,,,,7,1,6,43,2,7,1,6,0,0,0,0,0,0,-0.254408,7,6.525853,,0,0.0,0,0,0.0,7,6.525853,1,6,,0,0.0,0,0,9-Ball,0.0
70455445,Henry Gaudiano,https://img.cuescore.com/image/8/4/862c792ba8eb7f97e626fbe6cbcc59f6.png,https://cuescore.com/img/flags/png-country-4x2-none/res-640x480/ph.png,377.56,377.47,2026-08-03,obk,False,anchored,142.0,2026-08-03T16:00:00Z,85939042,16,3,13,34,2,16,3,13,0,0,0,0,0,0,-0.094777,16,13.926159,,0,0.0,0,0,0.0,16,13.926159,3,13,,0,0.0,0,0,9-Ball,0.0
1466420,Helene Fossum,https://img.cuescore.com/image/8/4/862c792ba8eb7f97e626fbe6cbcc59f6.png,https://cuescore.com/img/flags/png-country-4x2-none/res-640x480/no.png,376.95,376.89,2017-10-30,obk,False,anchored,,,,30,7,23,20,2,30,7,23,0,0,0,0,0,0,-0.211956,30,3.759483,0.0,30,3.759483,7,23,,0,0.0,0,0,,0,0.0,0,0,8-Ball,0.0
42527356,rafal wisniewski,https://img.cuescore.com/image/8/4/862c792ba8eb7f97e626fbe6cbcc59f6.png,https://cuescore.com/img/flags/png-country-4x2-none/res-640x480/pl.png,376.67,376.44,2026-02-23,obk,False,anchored,172.0,2026-02-23T17:00:00Z,76441429,46,14,32,4,2,13,6,7,33,8,25,0,0,0,-0.004141,46,38.996433,-0.005133,38,32.175099,12,26,0.024211,8,6.821334,2,6,,0,0.0,0,0,9-Ball,0.024211
67477954,Jake Cope,https://img.cuescore.com/image/8/4/862c792ba8eb7f97e626fbe6cbcc59f6.png,https://cuescore.com/img/flags/png-country-4x2-none/res-640x480/gb.png,376.45,376.34,2025-09-08,obk,False,anchored,175.0,2025-09-08T16:00:00Z,66256909,13,4,9,37,2,13,4,9,0,0,0,0,0,0,-0.148357,13,10.152149,0.0,13,10.152149,4,9,,0,0.0,0,0,,0,0.0,0,0,8-Ball,0.0
47936833,Merle Schmitz,https://img.cuescore.com/image/5/4/5aa6aa48f7d5ffe854d5266ac08db7ef.png,https://cuescore.com/img/flags/png-country-4x2-none/res-640x480/de.png,376.33,376.27,2026-06-15,obk,False,anchored,250.0,2026-06-15T16:00:00Z,83685481,7,0,7,43,2,7,0,7,0,0,0,0,0,0,-0.269758,7,6.525853,,0,0.0,0,0,0.0,7,6.525853,0,7,,0,0.0,0,0,9-Ball,0.0
9221877,Johnny Wu,https://img.cuescore.com/image/8/4/862c792ba8eb7f97e626fbe6cbcc59f6.png,https://cuescore.com/img/flags/png-country-4x2-none/res-640x480/cn.png,375.25,374.95,2026-06-01,obk,False,anchored,211.0,2026-06-01T16:00:00Z,82585786,106,38,68,0,2,79,31,48,27,7,20,0,0,0,5.5e-05,106,70.158512,0.012552,30,14.930994,14,16,-0.002813,66,51.78521,21,45,-0.012119,10,3.442309,3,7,8-Ball,0.012552
1183869,Matias Myhrhaug,https://img.cuescore.com/image/3/4/3ce692a5256888ef15404d8281977a29.png?t=1479744907,https://cuescore.com/img/flags/png-country-4x2-none/res-640x480/no.png,374.96,374.84,2019-04-29,obk,False,anchored,,,,131,54,77,0,2,131,54,77,0,0,0,0,0,0,1.6e-05,131,16.971072,0.039331,106,13.545115,50,56,-0.155501,25,3.425957,4,21,,0,0.0,0,0,8-Ball,0.039331
19354018,Mariann Pinczesi,https://img.cuescore.com/image/6/4/6c4ceba9447ddbbdeabb4bc7dd0b368a.png?t=1725542854,https://cuescore.com/img/flags/png-country-4x2-none/res-640x480/no.png,374.49,374.4,2026-04-19,ostkanten,False,anchored,,,,12,1,11,38,2,0,0,0,12,1,11,0,0,0,-0.155242,12,10.790149,,0,0.0,0,0,0.0,12,10.790149,1,11,,0,0.0,0,0,9-Ball,0.0
9225027,Wei Liu,https://img.cuescore.com/image/8/4/862c792ba8eb7f97e626fbe6cbcc59f6.png,https://cuescore.com/img/flags/png-country-4x2-none/res-640x480/cn.png,374.12,374.01,2021-09-20,obk,False,anchored,,,,28,7,21,22,2,28,7,21,0,0,0,0,0,0,-0.113132,28,8.694008,0.0,28,8.694008,7,21,,0,0.0,0,0,,0,0.0,0,0,8-Ball,0.0
1084883,Pål Nilsson,https://img.cuescore.com/image/8/4/862c792ba8eb7f97e626fbe6cbcc59f6.png,,373.98,373.88,2019-02-18,obk,False,anchored,,,,39,13,26,11,2,39,13,26,0,0,0,0,0,0,-0.080185,39,6.174355,-0.075022,20,3.137486,5,15,0.077508,19,3.036869,8,11,,0,0.0,0,0,9-Ball,0.077508
79780918,Viktorija Kraft,https://img.cuescore.com/image/7/4/7047a5152587b7d668dac0a333916361.png?t=1776286052,https://cuescore.com/img/flags/png-country-4x2-none/res-640x480/no.png,373.82,373.71,2026-04-06,obk,False,anchored,145.0,2026-04-06T16:00:00Z,76464547,14,5,9,36,2,14,5,9,0,0,0,0,0,0,-0.130439,14,12.486368,,0,0.0,0,0,0.0,14,12.486368,5,9,,0,0.0,0,0,9-Ball,0.0
83475292,Trym Lurås,https://img.cuescore.com/image/8/4/862c792ba8eb7f97e626fbe6cbcc59f6.png,https://cuescore.com/img/flags/png-country-4x2-none/res-640x480/no.png,372.21,372.11,2026-06-08,obk,False,anchored,172.0,2026-06-08T16:00:00Z,83165326,14,2,12,36,2,14,2,12,0,0,0,0,0,0,-0.133017,14,12.994039,,0,0.0,0,0,0.0,14,12.994039,2,12,,0,0.0,0,0,9-Ball,0.0
25741009,Heidi Tobiassen,https://img.cuescore.com/image/7/4/7b71c8394a20fb6c1c3f0d26e952e359.png?t=1697885475,https://cuescore.com/img/flags/png-country-4x2-none/res-640x480/no.png,372.17,372.02,2025-08-25,obk,False,anchored,156.0,2025-08-25T16:00:00Z,65621914,35,14,21,15,2,35,14,21,0,0,0,0,0,0,-0.028077,35,25.662229,,0,0.0,0,0,0.0,35,25.662229,14,21,,0,0.0,0,0,9-Ball,0.0
45883531,Nico Garibaldi,https://img.cuescore.com/image/f/4/f9f8ca47dc3aff4776d888f084274408.png?t=1729711081,https://cuescore.com/img/flags/png-country-4x2-none/res-640x480/it.png,371.53,371.28,2024-11-27,obk,False,anchored,182.0,2024-11-27T17:00:00Z,52236193,43,11,32,7,2,43,11,32,0,0,0,0,0,0,-0.013271,43,25.911303,-0.086627,10,6.005431,2,8,0.026135,33,19.905872,9,24,,0,0.0,0,0,9-Ball,0.026135
36291190,Mary Xeline Santoyo,https://img.cuescore.com/image/4/4/4551b11b3b6cc3ea18b76235d83c612f.png?t=1704838399,https://cuescore.com/img/flags/png-country-4x2-none/res-640x480/ph.png,371.36,371.22,2025-12-01,obk,False,anchored,175.0,2025-12-01T17:00:00Z,73112671,33,13,20,17,2,33,13,20,0,0,0,0,0,0,-0.039179,33,21.462532,-0.033469,26,17.741291,9,17,0.159565,7,3.721241,4,3,,0,0.0,0,0,9-Ball,0.159565
36997234,Robin Valde,https://img.cuescore.com/image/8/4/862c792ba8eb7f97e626fbe6cbcc59f6.png,https://cuescore.com/img/flags/png-country-4x2-none/res-640x480/no.png,371.1,371.0,2024-01-15,obk,False,anchored,,,,10,1,9,40,2,10,1,9,0,0,0,0,0,0,-0.374145,10,5.336275,0.0,10,5.336275,1,9,,0,0.0,0,0,,0,0.0,0,0,8-Ball,0.0
59841508,Bjørn Inge Sørensen,https://img.cuescore.com/image/8/4/862c792ba8eb7f97e626fbe6cbcc59f6.png,https://cuescore.com/img/flags/png-country-4x2-none/res-640x480/no.png,370.11,369.99,2025-05-05,obk,False,anchored,150.0,2025-05-05T16:00:00Z,59906125,42,17,25,8,2,42,17,25,0,0,0,0,0,0,-0.013637,42,30.269319,,0,0.0,0,0,0.0,42,30.269319,17,25,,0,0.0,0,0,9-Ball,0.0
71407519,Celia Dyremyhr,https://img.cuescore.com/image/5/4/5aa6aa48f7d5ffe854d5266ac08db7ef.png,https://cuescore.com/img/flags/png-country-4x2-none/res-640x480/no.png,369.74,369.64,2025-10-27,obk,False,anchored,175.0,2025-10-27T17:00:00Z,70312090,8,1,7,42,2,8,1,7,0,0,0,0,0,0,-0.340514,8,6.444331,0.0,8,6.444331,1,7,,0,0.0,0,0,,0,0.0,0,0,8-Ball,0.0
79717822,Julian Gheorghiu-Foss,https://img.cuescore.com/image/0/4/09cecd0f1194e528b893585eb38a5d76.png?t=1775512874,https://cuescore.com/img/flags/png-country-4x2-none/res-640x480/no.png,369.36,369.2,2026-04-08,obk,False,anchored,142.0,2026-04-08T16:00:00Z,78942220,24,8,16,26,2,24,8,16,0,0,0,0,0,0,-0.064206,24,21.415364,,0,0.0,0,0,0.0,24,21.415364,8,16,,0,0.0,0,0,9-Ball,0.0
1016897,Hannes Ragnar Leifsson,https://img.cuescore.com/image/1/4/197b214d267b152616d3a629b349e981.png?t=1477738623,https://cuescore.com/img/flags/png-country-4x2-none/res-640x480/is.png,369.21,369.08,2019-10-21,obk,False,anchored,,,,44,19,25,6,2,44,19,25,0,0,0,0,0,0,-0.041733,44,7.642246,,0,0.0,0,0,0.0,44,7.642246,19,25,,0,0.0,0,0,9-Ball,0.0
53204752,Julianne Myhren-heyerdahl,https://img.cuescore.com/image/8/4/8d09505fbd225c313f1b43fc41084bc6.png?t=1735477538,https://cuescore.com/img/flags/png-country-4x2-none/res-640x480/no.png,369.12,368.89,2026-09-20,ostkanten,False,anchored,160.0,2026-09-16T16:00:00Z,88468552,1255,389,866,0,2,1115,356,759,140,33,107,0,0,0,4e-06,1255,1026.950528,-0.156149,117,92.095231,20,97,0.00979,967,803.967203,306,661,0.049738,171,130.888095,63,108,10-Ball,0.049738
21530185,Ayet Rahimi,https://img.cuescore.com/image/8/4/862c792ba8eb7f97e626fbe6cbcc59f6.png,https://cuescore.com/img/flags/png-country-4x2-none/res-640x480/no.png,368.96,368.77,2024-08-12,obk,False,anchored,201.0,2024-08-12T16:00:00Z,46642558,53,18,35,0,2,53,18,35,0,0,0,0,0,0,-3.2e-05,53,25.381476,-0.201108,10,4.450195,1,9,0.042757,43,20.931281,17,26,,0,0.0,0,0,9-Ball,0.042757
67015048,jo-inge holen,https://img.cuescore.com/image/8/4/862c792ba8eb7f97e626fbe6cbcc59f6.png,https://cuescore.com/img/flags/png-country-4x2-none/res-640x480/no.png,368.96,368.85,2025-09-01,obk,False,anchored,175.0,2025-09-01T16:00:00Z,65621962,13,3,10,37,2,13,3,10,0,0,0,0,0,0,-0.196144,13,10.107293,,0,0.0,0,0,0.0,13,10.107293,3,10,,0,0.0,0,0,9-Ball,0.0
7705975,Nikolai kwit,https://img.cuescore.com/image/a/4/a6af6fda30a91d2a3d2b79e484afd294.png?t=1582914765,https://cuescore.com/img/flags/png-country-4x2-none/res-640x480/no.png,368.67,368.54,2025-10-20,obk,False,anchored,125.0,2025-10-20T16:00:00Z,70188088,14,3,11,36,2,14,3,11,0,0,0,0,0,0,-0.173408,14,11.227456,,0,0.0,0,0,0.0,14,11.227456,3,11,,0,0.0,0,0,9-Ball,0.0
55264855,Emil Solskjaer,https://img.cuescore.com/image/8/4/862c792ba8eb7f97e626fbe6cbcc59f6.png,https://cuescore.com/img/flags/png-country-4x2-none/res-640x480/no.png,368.32,368.23,2026-01-18,ostkanten,False,anchored,175.0,2025-03-03T17:00:00Z,54821161,10,1,9,40,2,0,0,0,10,1,9,0,0,0,-0.257642,10,8.489012,,0,0.0,0,0,0.0,10,8.489012,1,9,,0,0.0,0,0,9-Ball,0.0
5916966,Per Christian Slåtta,https://img.cuescore.com/image/9/4/94f0961688ab7220c30bdb92a4843aa3.png?t=1562800981,,366.12,365.94,2019-12-02,obk,False,anchored,31.0,2019-08-28T16:45:00Z,6223167,80,31,49,0,2,80,31,49,0,0,0,0,0,0,-6e-06,80,15.991581,0.012547,23,4.639018,9,14,-0.020053,45,8.977746,17,28,0.051298,12,2.374817,5,7,10-Ball,0.051298
1025949,Kristian Lund Olås,https://img.cuescore.com/image/d/4/d88f5d524edc21a821fe9620e373df60.png?t=1575984088,https://cuescore.com/img/flags/png-country-4x2-none/res-640x480/no.png,365.76,365.56,2023-12-29,ostkanten,False,anchored,3.0,2021-09-05T14:30:00Z,9220658,107,29,78,0,2,0,0,0,107,29,78,0,0,0,-8e-06,107,29.700872,,0,0.0,0,0,0.009394,101,28.698009,29,72,-0.268823,6,1.002863,0,6,9-Ball,0.009394
77558374,Khizar Iqbal,https://img.cuescore.com/image/0/4/026c05e13b3a3888ec75cfc47f101235.png?t=1772304873,https://cuescore.com/img/flags/png-country-4x2-none/res-640x480/no.png,365.24,364.99,2026-09-13,ostkanten,False,anchored,225.0,2026-08-31T16:00:00Z,86423461,17,3,14,33,2,7,1,6,10,2,8,0,0,0,-0.118291,17,16.719627,0.0,17,16.719627,3,14,,0,0.0,0,0,,0,0.0,0,0,8-Ball,0.0
68817391,Stian Espelid,https://img.cuescore.com/image/8/4/862c792ba8eb7f97e626fbe6cbcc59f6.png,https://cuescore.com/img/flags/png-country-4x2-none/res-640x480/hk.png,360.82,360.65,2025-11-03,obk,False,anchored,215.0,2025-11-03T17:00:00Z,70841431,32,10,22,18,2,32,10,22,0,0,0,0,0,0,-0.047578,32,25.510289,-0.138124,8,6.45249,0,8,0.112803,17,13.393984,8,9,-0.109403,7,5.663815,2,5,9-Ball,0.112803
36216313,Bjørn-Kowalski Hansen,https://img.cuescore.com/image/1/4/1679f2186b15751344a58039c04ff726.png?t=1717444166,https://cuescore.com/img/flags/png-country-4x2-none/res-640x480/no.png,360.58,360.39,2025-12-27,obk,False,anchored,4.0,2025-12-27T11:00:00Z,71848093,62,14,48,0,2,62,14,48,0,0,0,0,0,0,4e-06,62,41.927922,-0.159972,9,5.404888,1,8,0.023674,53,36.523034,13,40,,0,0.0,0,0,9-Ball,0.023674
2085426,Minh Bui Cong,https://img.cuescore.com/image/8/4/862c792ba8eb7f97e626fbe6cbcc59f6.png,https://cuescore.com/img/flags/png-country-4x2-none/res-640x480/no.png,358.74,358.57,2020-02-03,obk,False,anchored,,,,68,27,41,0,2,68,27,41,0,0,0,0,0,0,-8.7e-05,68,11.33382,-0.041642,41,6.872054,15,26,0.134997,22,3.640168,11,11,-0.249809,5,0.821598,1,4,9-Ball,0.134997
80766817,Tobias Bratseth,https://img.cuescore.com/image/7/4/7ea4a90d3c1f0719f8ecbf61304134cc.png?t=1778484724,https://cuescore.com/img/flags/png-country-4x2-none/res-640x480/no.png,356.54,356.45,2026-05-11,obk,False,anchored,144.0,2026-05-11T16:00:00Z,81171145,26,7,19,24,2,26,7,19,0,0,0,0,0,0,-0.076161,26,23.555355,-0.125154,7,6.382954,0,7,0.04652,19,17.172401,7,12,,0,0.0,0,0,9-Ball,0.04652
4849639,Petter Rognlien,https://img.cuescore.com/image/8/4/862c792ba8eb7f97e626fbe6cbcc59f6.png,https://cuescore.com/img/flags/png-country-4x2-none/res-640x480/no.png,353.54,353.35,2026-09-27,ostkanten,False,anchored,209.0,2026-08-10T16:00:00Z,86164780,430,125,305,0,2,225,70,155,205,55,150,0,0,0,2e-06,430,286.004222,-0.047627,56,44.313402,12,44,0.025931,330,219.652599,108,222,-0.162688,44,22.038221,5,39,9-Ball,0.025931
54197755,Tom erik Lysenstøen,https://img.cuescore.com/image/4/4/40b64e7913fff82c25db64dca11c5100.png?t=1737635899,https://cuescore.com/img/flags/png-country-4x2-none/res-640x480/no.png,349.73,349.48,2026-09-30,obk,False,anchored,210.0,2026-09-30T16:00:00Z,90053185,1622,456,1166,0,2,1451,414,1037,171,42,129,0,0,0,5e-06,1622,1369.537331,-0.087193,216,181.124128,53,163,0.005925,1190,1015.406413,328,862,0.056512,216,173.006789,75,141,10-Ball,0.056512
88271758,Aleksander Edseth Kristiansen,https://img.cuescore.com/image/8/4/862c792ba8eb7f97e626fbe6cbcc59f6.png,https://cuescore.com/img/flags/png-country-4x2-none/res-640x480/no.png,349.07,348.62,2026-09-23,obk,False,anchored,175.0,2026-09-23T16:00:00Z,89905801,19,4,15,31,2,19,4,15,0,0,0,0,0,0,-0.144725,19,18.711942,-0.020234,11,10.766789,3,8,,0,0.0,0,0,0.02742,8,7.945153,1,7,10-Ball,0.02742
2576333,Besar Avdi,https://img.cuescore.com/image/8/4/862c792ba8eb7f97e626fbe6cbcc59f6.png,https://cuescore.com/img/flags/png-country-4x2-none/res-640x480/no.png,347.68,347.51,2019-01-28,obk,False,anchored,,,,46,14,32,4,2,46,14,32,0,0,0,0,0,0,-0.048468,46,7.426929,-0.129841,5,0.810756,1,4,0.015911,41,6.616172,13,28,,0,0.0,0,0,9-Ball,0.015911
71803366,Jakob Corcoran-Øien,https://img.cuescore.com/image/8/4/862c792ba8eb7f97e626fbe6cbcc59f6.png,https://cuescore.com/img/flags/png-country-4x2-none/res-640x480/no.png,346.71,346.45,2026-04-20,obk,False,anchored,151.0,2026-04-20T16:00:00Z,76464751,88,37,51,0,2,88,37,51,0,0,0,0,0,0,3e-06,88,75.511297,-0.079078,30,26.015616,10,20,0.120655,39,32.58088,21,18,-0.110779,19,16.914801,6,13,9-Ball,0.120655
83477917,Fabian Andersen,https://img.cuescore.com/image/8/4/862c792ba8eb7f97e626fbe6cbcc59f6.png,https://cuescore.com/img/flags/png-country-4x2-none/res-640x480/no.png,344.92,344.32,2026-09-28,obk,False,anchored,166.0,2026-09-28T16:00:00Z,90141868,59,20,39,0,2,47,16,31,12,4,8,0,0,0,-1.1e-05,59,57.157347,0.03209,31,30.147097,10,21,-0.035817,28,27.010249,10,18,,0,0.0,0,0,8-Ball,0.03209
1944804,Tommy Martinsen,https://img.cuescore.com/image/8/4/862c792ba8eb7f97e626fbe6cbcc59f6.png,https://cuescore.com/img/flags/png-country-4x2-none/res-640x480/no.png,342.48,342.29,2019-06-03,obk,False,anchored,,,,72,27,45,0,2,72,27,45,0,0,0,0,0,0,-4.6e-05,72,11.332513,-0.080554,24,3.44729,7,17,0.074559,44,7.152582,20,24,-0.348868,4,0.732641,0,4,9-Ball,0.074559
75757273,Oliver Milett,https://img.cuescore.com/image/8/4/862c792ba8eb7f97e626fbe6cbcc59f6.png,https://cuescore.com/img/flags/png-country-4x2-none/res-640x480/no.png,339.4,339.2,2026-04-19,ostkanten,False,anchored,175.0,2026-02-06T17:00:00Z,75807100,59,16,43,0,2,46,14,32,13,2,11,0,0,0,2.8e-05,59,51.169473,,0,0.0,0,0,0.0,59,51.169473,16,43,,0,0.0,0,0,9-Ball,0.0
2576334,Ridvan Avdi,https://img.cuescore.com/image/8/4/862c792ba8eb7f97e626fbe6cbcc59f6.png,https://cuescore.com/img/flags/png-country-4x2-none/res-640x480/no.png,335.18,335.02,2019-01-28,obk,False,anchored,,,,69,22,47,0,2,69,22,47,0,0,0,0,0,0,5e-06,69,10.956342,-0.242446,11,1.682853,1,10,0.043996,58,9.273489,21,37,,0,0.0,0,0,9-Ball,0.043996
12622333,Silje Engström-Øvretveit,https://img.cuescore.com/image/4/4/4c9c42c22b01a45dc35a193a8c55bd4d.png?t=1788102663,https://cuescore.com/img/flags/png-country-4x2-none/res-640x480/no.png,330.53,330.36,2026-08-30,ostkanten,False,anchored,,,,69,16,53,0,2,0,0,0,69,16,53,0,0,0,-3e-06,69,58.626367,-0.139686,8,6.851637,1,7,0.018485,61,51.77473,15,46,,0,0.0,0,0,9-Ball,0.018485
78855460,Raymund Perez,https://img.cuescore.com/image/8/4/862c792ba8eb7f97e626fbe6cbcc59f6.png,https://cuescore.com/img/flags/png-country-4x2-none/res-640x480/ph.png,328.22,327.99,2026-04-27,obk,False,anchored,169.0,2026-04-27T16:00:00Z,76464886,47,11,36,3,2,47,11,36,0,0,0,0,0,0,-0.008767,47,41.938289,,0,0.0,0,0,0.0,47,41.938289,11,36,,0,0.0,0,0,9-Ball,0.0
1944631,Lars Haakon Lunde,https://img.cuescore.com/image/8/4/862c792ba8eb7f97e626fbe6cbcc59f6.png,https://cuescore.com/img/flags/png-country-4x2-none/res-640x480/no.png,326.52,326.32,2021-06-28,obk,False,anchored,,,,53,16,37,0,2,53,16,37,0,0,0,0,0,0,1.1e-05,53,9.497901,0.096592,23,3.615964,8,15,0.158427,19,2.624732,7,12,-0.234895,11,3.257205,1,10,9-Ball,0.158427
17419783,Ketil Blix,https://img.cuescore.com/image/4/4/4afafb802c9f4d2ecad04cc1ae0f6f0c.png?t=1696926173,https://cuescore.com/img/flags/png-country-4x2-none/res-640x480/no.png,320.35,320.1,2026-09-30,obk,False,anchored,100.0,2026-09-30T16:00:00Z,90053185,611,183,428,0,2,611,183,428,0,0,0,0,0,0,-4e-06,611,459.945326,-0.076842,115,79.691628,28,87,0.012204,437,325.356759,137,300,0.039218,59,54.896939,18,41,10-Ball,0.039218
11193832,Susann Lamby Solvang,https://img.cuescore.com/image/2/4/213fe4b7fc4da90f37e2907ede08242c.png?t=1647129741,https://cuescore.com/img/flags/png-country-4x2-none/res-640x480/no.png,320.19,319.96,2022-04-04,obk,False,anchored,,,,66,19,47,0,2,66,19,47,0,0,0,0,0,0,-4e-06,66,22.723149,-0.039359,53,18.12778,14,39,0.155265,13,4.595369,5,8,,0,0.0,0,0,9-Ball,0.155265
63511876,Ingebrigt Magne Dale,https://img.cuescore.com/image/8/4/862c792ba8eb7f97e626fbe6cbcc59f6.png,https://cuescore.com/img/flags/png-country-4x2-none/res-640x480/no.png,318.53,318.31,2026-04-06,obk,False,anchored,159.0,2026-04-06T16:00:00Z,76464547,27,3,24,23,2,27,3,24,0,0,0,0,0,0,-0.152934,27,20.681358,,0,0.0,0,0,0.0,27,20.681358,3,24,,0,0.0,0,0,9-Ball,0.0
2620564,Ridvan,https://img.cuescore.com/image/8/4/862c792ba8eb7f97e626fbe6cbcc59f6.png,https://cuescore.com/img/flags/png-country-4x2-none/res-640x480/no.png,313.37,313.23,2018-10-15,obk,False,anchored,12.0,2018-05-26T12:01:00Z,2619365,50,19,31,0,2,50,19,31,0,0,0,0,0,0,-0.000112,50,7.772245,-0.120116,5,0.728994,1,4,0.012432,45,7.043251,18,27,,0,0.0,0,0,9-Ball,0.012432
81177493,Bjørn Wildhagen,https://img.cuescore.com/image/8/4/862c792ba8eb7f97e626fbe6cbcc59f6.png,https://cuescore.com/img/flags/png-country-4x2-none/res-640x480/no.png,312.83,312.64,2026-09-28,obk,False,anchored,141.0,2026-09-28T16:00:00Z,90141868,135,36,99,0,2,135,36,99,0,0,0,0,0,0,2.9e-05,135,129.094067,,0,0.0,0,0,0.0,135,129.094067,36,99,,0,0.0,0,0,9-Ball,0.0
8274311,Jenny Carine Borrmann,https://img.cuescore.com/image/a/4/a37b21112662883c7b786d1046f2e0aa.png?t=1600699448,https://cuescore.com/img/flags/png-country-4x2-none/res-640x480/no.png,311.09,310.9,2022-11-28,obk,False,anchored,125.0,2022-11-28T17:00:00Z,20121031,40,7,33,10,2,40,7,33,0,0,0,0,0,0,-0.117167,40,12.74722,-0.009258,33,11.010916,6,27,0.058711,7,1.736305,1,6,,0,0.0,0,0,9-Ball,0.058711
3080986,Qazim Redzepi,https://img.cuescore.com/image/8/4/862c792ba8eb7f97e626fbe6cbcc59f6.png,https://cuescore.com/img/flags/png-country-4x2-none/res-640x480/no.png,305.56,305.41,2019-02-25,obk,False,anchored,,,,59,19,40,0,2,59,19,40,0,0,0,0,0,0,5.4e-05,59,9.798804,0.152142,13,2.135449,6,7,-0.015003,42,7.006075,13,29,-0.334373,4,0.657279,0,4,8-Ball,0.152142
1018030,Thomas Bestorp,https://img.cuescore.com/image/8/4/862c792ba8eb7f97e626fbe6cbcc59f6.png,,302.8,302.63,2019-09-23,obk,False,anchored,,,,100,30,70,0,2,100,30,70,0,0,0,0,0,0,4.8e-05,100,15.591751,-0.232933,26,4.016611,2,24,0.080828,74,11.57514,28,46,,0,0.0,0,0,9-Ball,0.080828
74738734,Frode Johansen,https://img.cuescore.com/image/d/4/dd7a0826b7ca8ae4c7aa8393ec6196b9.png?t=1768412707,https://cuescore.com/img/flags/png-country-4x2-none/res-640x480/no.png,301.99,301.7,2026-06-01,obk,False,anchored,126.0,2026-06-01T16:00:00Z,82585786,187,60,127,0,2,187,60,127,0,0,0,0,0,0,-2.1e-05,187,163.551146,-0.038801,45,39.32975,13,32,0.025733,119,104.128659,42,77,-0.057409,23,20.092738,5,18,9-Ball,0.025733
77274373,Elin Demoniere,https://img.cuescore.com/image/2/4/277e89a18ad63fb7c3bdb2887170b175.png?t=1772469683,https://cuescore.com/img/flags/png-country-4x2-none/res-640x480/no.png,294.52,294.29,2026-09-28,obk,False,anchored,101.0,2026-09-28T16:00:00Z,90141868,285,79,206,0,2,285,79,206,0,0,0,0,0,0,7e-06,285,264.027639,-0.104925,37,34.370744,8,29,0.014243,207,191.682034,59,148,0.023074,41,37.974861,12,29,10-Ball,0.023074
3218903,Amir Bajrami,https://img.cuescore.com/image/8/4/862c792ba8eb7f97e626fbe6cbcc59f6.png,,278.58,278.4,2019-11-25,obk,False,anchored,,,,53,15,38,0,2,53,15,38,0,0,0,0,0,0,-0.000127,53,9.00193,0.044691,19,3.492034,5,14,-0.028324,34,5.509896,10,24,,0,0.0,0,0,8-Ball,0.044691
1968343,Silje Jacobsen,https://img.cuescore.com/image/5/4/5aa6aa48f7d5ffe854d5266ac08db7ef.png,https://cuescore.com/img/flags/png-country-4x2-none/res-640x480/no.png,277.28,277.14,2019-01-28,obk,False,anchored,,,,82,21,61,0,2,82,21,61,0,0,0,0,0,0,0.000102,82,11.959638,,0,0.0,0,0,0.0,82,11.959638,21,61,,0,0.0,0,0,9-Ball,0.0
1091521,Silje Jacobsen,https://img.cuescore.com/image/5/4/5aa6aa48f7d5ffe854d5266ac08db7ef.png,https://cuescore.com/img/flags/png-country-4x2-none/res-640x480/no.png,218.32,218.18,2019-02-11,obk,False,anchored,,,,61,12,49,0,2,61,12,49,0,0,0,0,0,0,1.5e-05,61,9.464723,-0.135972,11,1.462403,1,10,0.024849,50,8.00232,11,39,,0,0.0,0,0,9-Ball,0.024849
3405178,Lag 5,https://img.cuescore.com/image/8/4/862c792ba8eb7f97e626fbe6cbcc59f6.png,https://cuescore.com/img/flags/png-country-4x2-none/res-640x480/no.png,,,2019-12-15,obk,False,disconnected,,,,32,14,18,18,3,32,14,18,0,0,0,0,0,0,,0,0.0,,0,0.0,1,1,,0,0.0,13,17,,0,0.0,0,0,,
3405185,lag 12,https://img.cuescore.com/image/8/4/862c792ba8eb7f97e626fbe6cbcc59f6.png,https://cuescore.com/img/flags/png-country-4x2-none/res-640x480/no.png,,,2019-12-15,obk,False,disconnected,,,,28,11,17,22,3,28,11,17,0,0,0,0,0,0,,0,0.0,,0,0.0,0,0,,0,0.0,11,17,,0,0.0,0,0,,
3405179,Lag 6,https://img.cuescore.com/image/8/4/862c792ba8eb7f97e626fbe6cbcc59f6.png,https://cuescore.com/img/flags/png-country-4x2-none/res-640x480/no.png,,,2019-12-15,obk,False,disconnected,,,,55,30,25,0,3,55,30,25,0,0,0,0,0,0,,0,0.0,,0,0.0,0,1,,0,0.0,30,24,,0,0.0,0,0,,
3405183,Lag 10,https://img.cuescore.com/image/8/4/862c792ba8eb7f97e626fbe6cbcc59f6.png,https://cuescore.com/img/flags/png-country-4x2-none/res-640x480/no.png,,,2019-12-15,obk,False,disconnected,,,,32,17,15,18,3,32,17,15,0,0,0,0,0,0,,0,0.0,,0,0.0,0,0,,0,0.0,17,15,,0,0.0,0,0,,
3405176,Lag 3,https://img.cuescore.com/image/8/4/862c792ba8eb7f97e626fbe6cbcc59f6.png,https://cuescore.com/img/flags/png-country-4x2-none/res-640x480/no.png,,,2019-12-15,obk,False,disconnected,,,,30,11,19,20,3,30,11,19,0,0,0,0,0,0,,0,0.0,,0,0.0,2,0,,0,0.0,9,19,,0,0.0,0,0,,
3405180,Lag 7,https://img.cuescore.com/image/8/4/862c792ba8eb7f97e626fbe6cbcc59f6.png,https://cuescore.com/img/flags/png-country-4x2-none/res-640x480/no.png,,,2019-12-15,obk,False,disconnected,,,,45,27,18,5,3,45,27,18,0,0,0,0,0,0,,0,0.0,,0,0.0,0,1,,0,0.0,27,17,,0,0.0,0,0,,
3405184,Lag 11,https://img.cuescore.com/image/8/4/862c792ba8eb7f97e626fbe6cbcc59f6.png,https://cuescore.com/img/flags/png-country-4x2-none/res-640x480/no.png,,,2019-12-15,obk,False,disconnected,,,,50,33,17,0,3,50,33,17,0,0,0,0,0,0,,0,0.0,,0,0.0,0,0,,0,0.0,33,17,,0,0.0,0,0,,
3405181,Lag 8,https://img.cuescore.com/image/8/4/862c792ba8eb7f97e626fbe6cbcc59f6.png,https://cuescore.com/img/flags/png-country-4x2-none/res-640x480/no.png,,,2019-12-15,obk,False,disconnected,,,,19,4,15,31,3,19,4,15,0,0,0,0,0,0,,0,0.0,,0,0.0,0,0,,0,0.0,4,15,,0,0.0,0,0,,
3405175,Lag 2,https://img.cuescore.com/image/8/4/862c792ba8eb7f97e626fbe6cbcc59f6.png,https://cuescore.com/img/flags/png-country-4x2-none/res-640x480/no.png,,,2019-12-15,obk,False,disconnected,,,,42,24,18,8,3,42,24,18,0,0,0,0,0,0,,0,0.0,,0,0.0,0,1,,0,0.0,24,17,,0,0.0,0,0,,
3405177,Lag 4,https://img.cuescore.com/image/8/4/862c792ba8eb7f97e626fbe6cbcc59f6.png,https://cuescore.com/img/flags/png-country-4x2-none/res-640x480/no.png,,,2019-12-15,obk,False,disconnected,,,,37,19,18,13,3,37,19,18,0,0,0,0,0,0,,0,0.0,,0,0.0,2,0,,0,0.0,17,18,,0,0.0,0,0,,
3405182,Lag 9,https://img.cuescore.com/image/8/4/862c792ba8eb7f97e626fbe6cbcc59f6.png,https://cuescore.com/img/flags/png-country-4x2-none/res-640x480/no.png,,,2019-12-15,obk,False,disconnected,,,,33,13,20,17,3,33,13,20,0,0,0,0,0,0,,0,0.0,,0,0.0,0,0,,0,0.0,13,20,,0,0.0,0,0,,
3405174,Lag 1,https://img.cuescore.com/image/8/4/862c792ba8eb7f97e626fbe6cbcc59f6.png,https://cuescore.com/img/flags/png-country-4x2-none/res-640x480/no.png,,,2019-12-15,obk,False,disconnected,,,,31,14,17,19,3,31,14,17,0,0,0,0,0,0,,0,0.0,,0,0.0,0,1,,0,0.0,14,16,,0,0.0,0,0,,
8339160,Anita,https://img.cuescore.com/image/8/4/862c792ba8eb7f97e626fbe6cbcc59f6.png,https://cuescore.com/img/flags/png-country-4x2-none/res-640x480/no.png,,,2020-10-05,obk,False,disconnected,,,,9,7,2,41,4,9,7,2,0,0,0,0,0,0,,0,0.0,,0,0.0,0,0,,0,0.0,7,2,,0,0.0,0,0,,
8339346,Gunn Ellen,https://img.cuescore.com/image/5/4/5aa6aa48f7d5ffe854d5266ac08db7ef.png,https://cuescore.com/img/flags/png-country-4x2-none/res-640x480/no.png,,,2020-10-05,obk,False,disconnected,,,,9,6,3,41,4,9,6,3,0,0,0,0,0,0,,0,0.0,,0,0.0,0,0,,0,0.0,6,3,,0,0.0,0,0,,
8339161,Silje,https://img.cuescore.com/image/8/4/862c792ba8eb7f97e626fbe6cbcc59f6.png,https://cuescore.com/img/flags/png-country-4x2-none/res-640x480/no.png,,,2020-10-05,obk,False,disconnected,,,,6,0,6,44,4,6,0,6,0,0,0,0,0,0,,0,0.0,,0,0.0,0,0,,0,0.0,0,6,,0,0.0,0,0,,
8338866,Frode,https://img.cuescore.com/image/8/4/862c792ba8eb7f97e626fbe6cbcc59f6.png,https://cuescore.com/img/flags/png-country-4x2-none/res-640x480/no.png,,,2020-10-05,obk,False,disconnected,,,,6,2,4,44,4,6,2,4,0,0,0,0,0,0,,0,0.0,,0,0.0,0,0,,0,0.0,2,4,,0,0.0,0,0,,
57625429,Yngve Aurum,https://img.cuescore.com/image/8/4/862c792ba8eb7f97e626fbe6cbcc59f6.png,https://cuescore.com/img/flags/png-country-4x2-none/res-640x480/no.png,,,2025-03-19,obk,False,disconnected,,,,8,7,1,42,5,8,7,1,0,0,0,0,0,0,,0,0.0,,0,0.0,0,0,,0,0.0,7,1,,0,0.0,0,0,,
57625435,Ståle Aurum,https://img.cuescore.com/image/8/4/862c792ba8eb7f97e626fbe6cbcc59f6.png,https://cuescore.com/img/flags/png-country-4x2-none/res-640x480/no.png,,,2025-03-19,obk,False,disconnected,,,,9,5,4,41,5,9,5,4,0,0,0,0,0,0,,0,0.0,,0,0.0,0,0,,0,0.0,5,4,,0,0.0,0,0,,
57625432,Stian Aurum,https://img.cuescore.com/image/8/4/862c792ba8eb7f97e626fbe6cbcc59f6.png,https://cuescore.com/img/flags/png-country-4x2-none/res-640x480/no.png,,,2025-03-19,obk,False,disconnected,,,,3,1,2,47,5,3,1,2,0,0,0,0,0,0,,0,0.0,,0,0.0,0,0,,0,0.0,1,2,,0,0.0,0,0,,
57625354,Aanund Aurum,https://img.cuescore.com/image/8/4/862c792ba8eb7f97e626fbe6cbcc59f6.png,https://cuescore.com/img/flags/png-country-4x2-none/res-640x480/no.png,,,2025-03-19,obk,False,disconnected,,,,2,0,2,48,5,2,0,2,0,0,0,0,0,0,,0,0.0,,0,0.0,0,0,,0,0.0,0,2,,0,0.0,0,0,,
57625423,Anders Aurum,https://img.cuescore.com/image/8/4/862c792ba8eb7f97e626fbe6cbcc59f6.png,https://cuescore.com/img/flags/png-country-4x2-none/res-640x480/no.png,,,2025-03-19,obk,False,disconnected,,,,4,2,2,46,5,4,2,2,0,0,0,0,0,0,,0,0.0,,0,0.0,0,0,,0,0.0,2,2,,0,0.0,0,0,,
57625420,Arve Aurum,https://img.cuescore.com/image/8/4/862c792ba8eb7f97e626fbe6cbcc59f6.png,https://cuescore.com/img/flags/png-country-4x2-none/res-640x480/no.png,,,2025-03-19,obk,False,disconnected,,,,2,0,2,48,5,2,0,2,0,0,0,0,0,0,,0,0.0,,0,0.0,0,0,,0,0.0,0,2,,0,0.0,0,0,,
57625438,Espen Aurum,https://img.cuescore.com/image/8/4/862c792ba8eb7f97e626fbe6cbcc59f6.png,https://cuescore.com/img/flags/png-country-4x2-none/res-640x480/no.png,,,2025-03-19,obk,False,disconnected,,,,4,2,2,46,5,4,2,2,0,0,0,0,0,0,,0,0.0,,0,0.0,0,0,,0,0.0,2,2,,0,0.0,0,0,,
57625426,Bergen Aurum,https://img.cuescore.com/image/8/4/862c792ba8eb7f97e626fbe6cbcc59f6.png,https://cuescore.com/img/flags/png-country-4x2-none/res-640x480/no.png,,,2025-03-19,obk,False,disconnected,,,,2,0,2,48,5,2,0,2,0,0,0,0,0,0,,0,0.0,,0,0.0,0,0,,0,0.0,0,2,,0,0.0,0,0,,
1751816,Georgios Fragkias,https://img.cuescore.com/image/8/4/862c792ba8eb7f97e626fbe6cbcc59f6.png,https://cuescore.com/img/flags/png-country-4x2-none/res-640x480/gr.png,,,2017-10-09,obk,False,disconnected,,,,4,1,3,46,6,4,1,3,0,0,0,0,0,0,,0,0.0,,0,0.0,1,3,,0,0.0,0,0,,0,0.0,0,0,,
1751817,Panagiotis Konstantinidis,https://img.cuescore.com/image/8/4/862c792ba8eb7f97e626fbe6cbcc59f6.png,https://cuescore.com/img/flags/png-country-4x2-none/res-640x480/gr.png,,,2017-10-09,obk,False,disconnected,,,,4,3,1,46,6,4,3,1,0,0,0,0,0,0,,0,0.0,,0,0.0,3,1,,0,0.0,0,0,,0,0.0,0,0,,
58582747,Kari Mo,https://img.cuescore.com/image/5/4/5aa6aa48f7d5ffe854d5266ac08db7ef.png,https://cuescore.com/img/flags/png-country-4x2-none/res-640x480/no.png,,,2025-04-09,obk,False,disconnected,,,,6,3,3,44,7,6,3,3,0,0,0,0,0,0,,0,0.0,,0,0.0,3,3,,0,0.0,0,0,,0,0.0,0,0,,
58582762,Olav Melve,https://img.cuescore.com/image/8/4/862c792ba8eb7f97e626fbe6cbcc59f6.png,https://cuescore.com/img/flags/png-country-4x2-none/res-640x480/no.png,,,2025-04-09,obk,False,disconnected,,,,8,5,3,42,7,8,5,3,0,0,0,0,0,0,,0,0.0,,0,0.0,5,3,,0,0.0,0,0,,0,0.0,0,0,,
58582753,Herleik Holtan,https://img.cuescore.com/image/8/4/862c792ba8eb7f97e626fbe6cbcc59f6.png,https://cuescore.com/img/flags/png-country-4x2-none/res-640x480/no.png,,,2025-04-09,obk,False,disconnected,,,,7,6,1,43,7,7,6,1,0,0,0,0,0,0,,0,0.0,,0,0.0,6,1,,0,0.0,0,0,,0,0.0,0,0,,
58582768,Maximilian Rimmel,https://img.cuescore.com/image/8/4/862c792ba8eb7f97e626fbe6cbcc59f6.png,https://cuescore.com/img/flags/png-country-4x2-none/res-640x480/no.png,,,2025-04-09,obk,False,disconnected,,,,7,3,4,43,7,7,3,4,0,0,0,0,0,0,,0,0.0,,0,0.0,3,4,,0,0.0,0,0,,0,0.0,0,0,,
58582774,Sindri Ingolfsson,https://img.cuescore.com/image/8/4/862c792ba8eb7f97e626fbe6cbcc59f6.png,https://cuescore.com/img/flags/png-country-4x2-none/res-640x480/no.png,,,2025-04-09,obk,False,disconnected,,,,6,2,4,44,7,6,2,4,0,0,0,0,0,0,,0,0.0,,0,0.0,2,4,,0,0.0,0,0,,0,0.0,0,0,,
58582759,Sinara Vijayan,https://img.cuescore.com/image/5/4/5aa6aa48f7d5ffe854d5266ac08db7ef.png,https://cuescore.com/img/flags/png-country-4x2-none/res-640x480/no.png,,,2025-04-09,obk,False,disconnected,,,,4,0,4,46,7,4,0,4,0,0,0,0,0,0,,0,0.0,,0,0.0,0,4,,0,0.0,0,0,,0,0.0,0,0,,
25651783,Fabian & Ivar,https://img.cuescore.com/image/8/4/862c792ba8eb7f97e626fbe6cbcc59f6.png,https://cuescore.com/img/flags/png-country-4x2-none/res-640x480/no.png,,,2023-03-07,obk,False,disconnected,,,,3,1,2,47,8,3,1,2,0,0,0,0,0,0,,0,0.0,,0,0.0,1,2,,0,0.0,0,0,,0,0.0,0,0,,
25651789,Peter & Ronny,https://img.cuescore.com/image/8/4/862c792ba8eb7f97e626fbe6cbcc59f6.png,https://cuescore.com/img/flags/png-country-4x2-none/res-640x480/no.png,,,2023-03-07,obk,False,disconnected,,,,7,5,2,43,8,7,5,2,0,0,0,0,0,0,,0,0.0,,0,0.0,5,2,,0,0.0,0,0,,0,0.0,0,0,,
25651198,Cecilie & Dagfinn,https://img.cuescore.com/image/8/4/862c792ba8eb7f97e626fbe6cbcc59f6.png,https://cuescore.com/img/flags/png-country-4x2-none/res-640x480/no.png,,,2023-03-07,obk,False,disconnected,,,,3,1,2,47,8,3,1,2,0,0,0,0,0,0,,0,0.0,,0,0.0,1,2,,0,0.0,0,0,,0,0.0,0,0,,
25651231,Christian Andre & Daniel,https://img.cuescore.com/image/8/4/862c792ba8eb7f97e626fbe6cbcc59f6.png,https://cuescore.com/img/flags/png-country-4x2-none/res-640x480/no.png,,,2023-03-07,obk,False,disconnected,,,,6,4,2,44,8,6,4,2,0,0,0,0,0,0,,0,0.0,,0,0.0,4,2,,0,0.0,0,0,,0,0.0,0,0,,
25651222,Kenneth & Tore,https://img.cuescore.com/image/8/4/862c792ba8eb7f97e626fbe6cbcc59f6.png,https://cuescore.com/img/flags/png-country-4x2-none/res-640x480/no.png,,,2023-03-07,obk,False,disconnected,,,,5,3,2,45,8,5,3,2,0,0,0,0,0,0,,0,0.0,,0,0.0,3,2,,0,0.0,0,0,,0,0.0,0,0,,
25651163,Martine & Merhawi,https://img.cuescore.com/image/8/4/862c792ba8eb7f97e626fbe6cbcc59f6.png,https://cuescore.com/img/flags/png-country-4x2-none/res-640x480/no.png,,,2023-03-07,obk,False,disconnected,,,,2,0,2,48,8,2,0,2,0,0,0,0,0,0,,0,0.0,,0,0.0,0,2,,0,0.0,0,0,,0,0.0,0,0,,
25651813,Hans Otto & Per Åge & Espen,https://img.cuescore.com/image/8/4/862c792ba8eb7f97e626fbe6cbcc59f6.png,https://cuescore.com/img/flags/png-country-4x2-none/res-640x480/no.png,,,2023-03-07,obk,False,disconnected,,,,4,2,2,46,8,4,2,2,0,0,0,0,0,0,,0,0.0,,0,0.0,2,2,,0,0.0,0,0,,0,0.0,0,0,,
25651180,Mathias & Vincent,https://img.cuescore.com/image/8/4/862c792ba8eb7f97e626fbe6cbcc59f6.png,https://cuescore.com/img/flags/png-country-4x2-none/res-640x480/no.png,,,2023-03-07,obk,False,disconnected,,,,2,0,2,48,8,2,0,2,0,0,0,0,0,0,,0,0.0,,0,0.0,0,2,,0,0.0,0,0,,0,0.0,0,0,,
25651801,Tomas & Geir,https://img.cuescore.com/image/8/4/862c792ba8eb7f97e626fbe6cbcc59f6.png,https://cuescore.com/img/flags/png-country-4x2-none/res-640x480/no.png,,,2023-03-07,obk,False,disconnected,,,,4,2,2,46,8,4,2,2,0,0,0,0,0,0,,0,0.0,,0,0.0,2,2,,0,0.0,0,0,,0,0.0,0,0,,
8096866,Marius,https://img.cuescore.com/image/8/4/862c792ba8eb7f97e626fbe6cbcc59f6.png,https://cuescore.com/img/flags/png-country-4x2-none/res-640x480/no.png,,,2020-08-22,obk,False,disconnected,,,,6,3,3,44,9,6,3,3,0,0,0,0,0,0,,0,0.0,,0,0.0,0,0,,0,0.0,3,3,,0,0.0,0,0,,
8096870,Seb,https://img.cuescore.com/image/8/4/862c792ba8eb7f97e626fbe6cbcc59f6.png,https://cuescore.com/img/flags/png-country-4x2-none/res-640x480/no.png,,,2020-08-22,obk,False,disconnected,,,,3,1,2,47,9,3,1,2,0,0,0,0,0,0,,0,0.0,,0,0.0,0,0,,0,0.0,1,2,,0,0.0,0,0,,
8096868,Alex Holm,https://img.cuescore.com/image/8/4/862c792ba8eb7f97e626fbe6cbcc59f6.png,https://cuescore.com/img/flags/png-country-4x2-none/res-640x480/no.png,,,2020-08-22,obk,False,disconnected,,,,3,1,2,47,9,3,1,2,0,0,0,0,0,0,,0,0.0,,0,0.0,0,0,,0,0.0,1,2,,0,0.0,0,0,,
8096876,Miika,https://img.cuescore.com/image/8/4/862c792ba8eb7f97e626fbe6cbcc59f6.png,https://cuescore.com/img/flags/png-country-4x2-none/res-640x480/no.png,,,2020-08-22,obk,False,disconnected,,,,11,7,4,39,9,11,7,4,0,0,0,0,0,0,,0,0.0,,0,0.0,0,0,,0,0.0,7,4,,0,0.0,0,0,,
8096869,Daniel,https://img.cuescore.com/image/8/4/862c792ba8eb7f97e626fbe6cbcc59f6.png,https://cuescore.com/img/flags/png-country-4x2-none/res-640x480/no.png,,,2020-08-22,obk,False,disconnected,,,,8,5,3,42,9,8,5,3,0,0,0,0,0,0,,0,0.0,,0,0.0,0,0,,0,0.0,5,3,,0,0.0,0,0,,
8096875,Siri,https://img.cuescore.com/image/5/4/5aa6aa48f7d5ffe854d5266ac08db7ef.png,https://cuescore.com/img/flags/png-country-4x2-none/res-640x480/no.png,,,2020-08-22,obk,False,disconnected,,,,5,3,2,45,9,5,3,2,0,0,0,0,0,0,,0,0.0,,0,0.0,0,0,,0,0.0,3,2,,0,0.0,0,0,,
8096810,Joachim,https://img.cuescore.com/image/8/4/862c792ba8eb7f97e626fbe6cbcc59f6.png,https://cuescore.com/img/flags/png-country-4x2-none/res-640x480/no.png,,,2020-08-22,obk,False,disconnected,,,,5,2,3,45,9,5,2,3,0,0,0,0,0,0,,0,0.0,,0,0.0,0,0,,0,0.0,2,3,,0,0.0,0,0,,
8096872,Bjørn,https://img.cuescore.com/image/8/4/862c792ba8eb7f97e626fbe6cbcc59f6.png,https://cuescore.com/img/flags/png-country-4x2-none/res-640x480/no.png,,,2020-08-22,obk,False,disconnected,,,,9,8,1,41,9,9,8,1,0,0,0,0,0,0,,0,0.0,,0,0.0,0,0,,0,0.0,8,1,,0,0.0,0,0,,
8096879,Jokke,https://img.cuescore.com/image/8/4/862c792ba8eb7f97e626fbe6cbcc59f6.png,https://cuescore.com/img/flags/png-country-4x2-none/res-640x480/no.png,,,2020-08-22,obk,False,disconnected,,,,2,0,2,48,9,2,0,2,0,0,0,0,0,0,,0,0.0,,0,0.0,0,0,,0,0.0,0,2,,0,0.0,0,0,,
8096867,josias,https://img.cuescore.com/image/8/4/862c792ba8eb7f97e626fbe6cbcc59f6.png,https://cuescore.com/img/flags/png-country-4x2-none/res-640x480/no.png,,,2020-08-22,obk,False,disconnected,,,,2,0,2,48,9,2,0,2,0,0,0,0,0,0,,0,0.0,,0,0.0,0,0,,0,0.0,0,2,,0,0.0,0,0,,
8096874,Evy,https://img.cuescore.com/image/5/4/5aa6aa48f7d5ffe854d5266ac08db7ef.png,https://cuescore.com/img/flags/png-country-4x2-none/res-640x480/no.png,,,2020-08-22,obk,False,disconnected,,,,2,0,2,48,9,2,0,2,0,0,0,0,0,0,,0,0.0,,0,0.0,0,0,,0,0.0,0,2,,0,0.0,0,0,,
8096871,Tina,https://img.cuescore.com/image/5/4/5aa6aa48f7d5ffe854d5266ac08db7ef.png,https://cuescore.com/img/flags/png-country-4x2-none/res-640x480/no.png,,,2020-08-22,obk,False,disconnected,,,,2,0,2,48,9,2,0,2,0,0,0,0,0,0,,0,0.0,,0,0.0,0,0,,0,0.0,0,2,,0,0.0,0,0,,
8096873,Heidi,https://img.cuescore.com/image/5/4/5aa6aa48f7d5ffe854d5266ac08db7ef.png,https://cuescore.com/img/flags/png-country-4x2-none/res-640x480/no.png,,,2020-08-22,obk,False,disconnected,,,,2,0,2,48,9,2,0,2,0,0,0,0,0,0,,0,0.0,,0,0.0,0,0,,0,0.0,0,2,,0,0.0,0,0,,
7704519,Ester Mathilde Sve,https://img.cuescore.com/image/8/4/862c792ba8eb7f97e626fbe6cbcc59f6.png,https://cuescore.com/img/flags/png-country-4x2-none/res-640x480/no.png,,,2020-02-28,obk,False,disconnected,,,,3,1,2,47,10,3,1,2,0,0,0,0,0,0,,0,0.0,,0,0.0,1,2,,0,0.0,0,0,,0,0.0,0,0,,
7704545,Stian Svea,https://img.cuescore.com/image/8/4/862c792ba8eb7f97e626fbe6cbcc59f6.png,https://cuescore.com/img/flags/png-country-4x2-none/res-640x480/no.png,,,2020-02-28,obk,False,disconnected,,,,6,3,3,44,10,6,3,3,0,0,0,0,0,0,,0,0.0,,0,0.0,3,3,,0,0.0,0,0,,0,0.0,0,0,,
7704525,Andre Svea,https://img.cuescore.com/image/8/4/862c792ba8eb7f97e626fbe6cbcc59f6.png,https://cuescore.com/img/flags/png-country-4x2-none/res-640x480/no.png,,,2020-02-28,obk,False,disconnected,,,,3,1,2,47,10,3,1,2,0,0,0,0,0,0,,0,0.0,,0,0.0,1,2,,0,0.0,0,0,,0,0.0,0,0,,
7704528,Jostein Svea,https://img.cuescore.com/image/8/4/862c792ba8eb7f97e626fbe6cbcc59f6.png,https://cuescore.com/img/flags/png-country-4x2-none/res-640x480/no.png,,,2020-02-28,obk,False,disconnected,,,,6,3,3,44,10,6,3,3,0,0,0,0,0,0,,0,0.0,,0,0.0,3,3,,0,0.0,0,0,,0,0.0,0,0,,
7704523,Anne Sofie svea,https://img.cuescore.com/image/8/4/862c792ba8eb7f97e626fbe6cbcc59f6.png,https://cuescore.com/img/flags/png-country-4x2-none/res-640x480/no.png,,,2020-02-28,obk,False,disconnected,,,,3,1,2,47,10,3,1,2,0,0,0,0,0,0,,0,0.0,,0,0.0,1,2,,0,0.0,0,0,,0,0.0,0,0,,
7704526,Sindre Svea,https://img.cuescore.com/image/8/4/862c792ba8eb7f97e626fbe6cbcc59f6.png,https://cuescore.com/img/flags/png-country-4x2-none/res-640x480/no.png,,,2020-02-28,obk,False,disconnected,,,,10,7,3,40,10,10,7,3,0,0,0,0,0,0,,0,0.0,,0,0.0,7,3,,0,0.0,0,0,,0,0.0,0,0,,
7704520,Christine Svea,https://img.cuescore.com/image/8/4/862c792ba8eb7f97e626fbe6cbcc59f6.png,https://cuescore.com/img/flags/png-country-4x2-none/res-640x480/no.png,,,2020-02-28,obk,False,disconnected,,,,7,4,3,43,10,7,4,3,0,0,0,0,0,0,,0,0.0,,0,0.0,4,3,,0,0.0,0,0,,0,0.0,0,0,,
7704529,Magnus Svea,https://img.cuescore.com/image/8/4/862c792ba8eb7f97e626fbe6cbcc59f6.png,https://cuescore.com/img/flags/png-country-4x2-none/res-640x480/no.png,,,2020-02-28,obk,False,disconnected,,,,11,8,3,39,10,11,8,3,0,0,0,0,0,0,,0,0.0,,0,0.0,8,3,,0,0.0,0,0,,0,0.0,0,0,,
7704530,Chip Svea,https://img.cuescore.com/image/8/4/862c792ba8eb7f97e626fbe6cbcc59f6.png,https://cuescore.com/img/flags/png-country-4x2-none/res-640x480/no.png,,,2020-02-28,obk,False,disconnected,,,,7,5,2,43,10,7,5,2,0,0,0,0,0,0,,0,0.0,,0,0.0,5,2,,0,0.0,0,0,,0,0.0,0,0,,
7704532,Aurora Svea,https://img.cuescore.com/image/8/4/862c792ba8eb7f97e626fbe6cbcc59f6.png,https://cuescore.com/img/flags/png-country-4x2-none/res-640x480/no.png,,,2020-02-28,obk,False,disconnected,,,,2,0,2,48,10,2,0,2,0,0,0,0,0,0,,0,0.0,,0,0.0,0,2,,0,0.0,0,0,,0,0.0,0,0,,
7704516,Mathiesen thoresen Svea,https://img.cuescore.com/image/5/4/5aa6aa48f7d5ffe854d5266ac08db7ef.png,https://cuescore.com/img/flags/png-country-4x2-none/res-640x480/no.png,,,2020-02-28,obk,False,disconnected,,,,2,0,2,48,10,2,0,2,0,0,0,0,0,0,,0,0.0,,0,0.0,0,2,,0,0.0,0,0,,0,0.0,0,0,,
7704524,Victor Svea,https://img.cuescore.com/image/8/4/862c792ba8eb7f97e626fbe6cbcc59f6.png,https://cuescore.com/img/flags/png-country-4x2-none/res-640x480/no.png,,,2020-02-28,obk,False,disconnected,,,,2,0,2,48,10,2,0,2,0,0,0,0,0,0,,0,0.0,,0,0.0,0,2,,0,0.0,0,0,,0,0.0,0,0,,
7704536,Aisha Svea,https://img.cuescore.com/image/8/4/862c792ba8eb7f97e626fbe6cbcc59f6.png,https://cuescore.com/img/flags/png-country-4x2-none/res-640x480/no.png,,,2020-02-28,obk,False,disconnected,,,,2,0,2,48,10,2,0,2,0,0,0,0,0,0,,0,0.0,,0,0.0,0,2,,0,0.0,0,0,,0,0.0,0,0,,
7704542,Martin Svea,https://img.cuescore.com/image/8/4/862c792ba8eb7f97e626fbe6cbcc59f6.png,https://cuescore.com/img/flags/png-country-4x2-none/res-640x480/no.png,,,2020-02-28,obk,False,disconnected,,,,2,0,2,48,10,2,0,2,0,0,0,0,0,0,,0,0.0,,0,0.0,0,2,,0,0.0,0,0,,0,0.0,0,0,,
58625332,Vegard Kristian,https://img.cuescore.com/image/8/4/862c792ba8eb7f97e626fbe6cbcc59f6.png,https://cuescore.com/img/flags/png-country-4x2-none/res-640x480/no.png,,,2025-04-10,obk,False,disconnected,,,,3,2,1,47,11,3,2,1,0,0,0,0,0,0,,0,0.0,,0,0.0,2,1,,0,0.0,0,0,,0,0.0,0,0,,
58625335,Silje Ylva,https://img.cuescore.com/image/8/4/862c792ba8eb7f97e626fbe6cbcc59f6.png,https://cuescore.com/img/flags/png-country-4x2-none/res-640x480/no.png,,,2025-04-10,obk,False,disconnected,,,,5,3,2,45,11,5,3,2,0,0,0,0,0,0,,0,0.0,,0,0.0,3,2,,0,0.0,0,0,,0,0.0,0,0,,
58625338,Simon Ida,https://img.cuescore.com/image/8/4/862c792ba8eb7f97e626fbe6cbcc59f6.png,https://cuescore.com/img/flags/png-country-4x2-none/res-640x480/no.png,,,2025-04-10,obk,False,disconnected,,,,4,2,2,46,11,4,2,2,0,0,0,0,0,0,,0,0.0,,0,0.0,2,2,,0,0.0,0,0,,0,0.0,0,0,,
58625356,Simen Fredrik,https://img.cuescore.com/image/8/4/862c792ba8eb7f97e626fbe6cbcc59f6.png,https://cuescore.com/img/flags/png-country-4x2-none/res-640x480/no.png,,,2025-04-10,obk,False,disconnected,,,,3,1,2,47,11,3,1,2,0,0,0,0,0,0,,0,0.0,,0,0.0,1,2,,0,0.0,0,0,,0,0.0,0,0,,
58625257,Josef Karl,https://img.cuescore.com/image/8/4/862c792ba8eb7f97e626fbe6cbcc59f6.png,https://cuescore.com/img/flags/png-country-4x2-none/res-640x480/no.png,,,2025-04-10,obk,False,disconnected,,,,2,0,2,48,11,2,0,2,0,0,0,0,0,0,,0,0.0,,0,0.0,0,2,,0,0.0,0,0,,0,0.0,0,0,,
58625341,Andreas Sondre,https://img.cuescore.com/image/8/4/862c792ba8eb7f97e626fbe6cbcc59f6.png,https://cuescore.com/img/flags/png-country-4x2-none/res-640x480/no.png,,,2025-04-10,obk,False,disconnected,,,,4,4,0,46,11,4,4,0,0,0,0,0,0,0,,0,0.0,,0,0.0,4,0,,0,0.0,0,0,,0,0.0,0,0,,
58625347,Michelle Thea,https://img.cuescore.com/image/8/4/862c792ba8eb7f97e626fbe6cbcc59f6.png,https://cuescore.com/img/flags/png-country-4x2-none/res-640x480/no.png,,,2025-04-10,obk,False,disconnected,,,,2,0,2,48,11,2,0,2,0,0,0,0,0,0,,0,0.0,,0,0.0,0,2,,0,0.0,0,0,,0,0.0,0,0,,
58625374,Andreas pia Aleks,https://img.cuescore.com/image/8/4/862c792ba8eb7f97e626fbe6cbcc59f6.png,https://cuescore.com/img/flags/png-country-4x2-none/res-640x480/no.png,,,2025-04-10,obk,False,disconnected,,,,3,1,2,47,11,3,1,2,0,0,0,0,0,0,,0,0.0,,0,0.0,1,2,,0,0.0,0,0,,0,0.0,0,0,,
14668741,Alan Tomczak,https://img.cuescore.com/image/8/4/862c792ba8eb7f97e626fbe6cbcc59f6.png,https://cuescore.com/img/flags/png-country-4x2-none/res-640x480/no.png,,,2022-03-24,obk,False,disconnected,,,,5,3,2,45,12,5,3,2,0,0,0,0,0,0,,0,0.0,,0,0.0,3,2,,0,0.0,0,0,,0,0.0,0,0,,
14668945,Ove Graneng,https://img.cuescore.com/image/8/4/862c792ba8eb7f97e626fbe6cbcc59f6.png,https://cuescore.com/img/flags/png-country-4x2-none/res-640x480/no.png,,,2022-03-24,obk,False,disconnected,,,,3,3,0,47,12,3,3,0,0,0,0,0,0,0,,0,0.0,,0,0.0,3,0,,0,0.0,0,0,,0,0.0,0,0,,
14668681,Gry Winther,https://img.cuescore.com/image/5/4/5aa6aa48f7d5ffe854d5266ac08db7ef.png,https://cuescore.com/img/flags/png-country-4x2-none/res-640x480/no.png,,,2022-03-24,obk,False,disconnected,,,,2,0,2,48,12,2,0,2,0,0,0,0,0,0,,0,0.0,,0,0.0,0,2,,0,0.0,0,0,,0,0.0,0,0,,
14668708,Tommy Larsen,https://img.cuescore.com/image/8/4/862c792ba8eb7f97e626fbe6cbcc59f6.png,https://cuescore.com/img/flags/png-country-4x2-none/res-640x480/no.png,,,2022-03-24,obk,False,disconnected,,,,6,4,2,44,12,6,4,2,0,0,0,0,0,0,,0,0.0,,0,0.0,4,2,,0,0.0,0,0,,0,0.0,0,0,,
14668696,Damian Buchla,https://img.cuescore.com/image/8/4/862c792ba8eb7f97e626fbe6cbcc59f6.png,https://cuescore.com/img/flags/png-country-4x2-none/res-640x480/no.png,,,2022-03-24,obk,False,disconnected,,,,2,0,2,48,12,2,0,2,0,0,0,0,0,0,,0,0.0,,0,0.0,0,2,,0,0.0,0,0,,0,0.0,0,0,,
14668783,Niklas Olausson,https://img.cuescore.com/image/8/4/862c792ba8eb7f97e626fbe6cbcc59f6.png,https://cuescore.com/img/flags/png-country-4x2-none/res-640x480/no.png,,,2022-03-24,obk,False,disconnected,,,,4,2,2,46,12,4,2,2,0,0,0,0,0,0,,0,0.0,,0,0.0,2,2,,0,0.0,0,0,,0,0.0,0,0,,
14668687,Petter Brenne,https://img.cuescore.com/image/8/4/862c792ba8eb7f97e626fbe6cbcc59f6.png,https://cuescore.com/img/flags/png-country-4x2-none/res-640x480/no.png,,,2022-03-24,obk,False,disconnected,,,,4,2,2,46,12,4,2,2,0,0,0,0,0,0,,0,0.0,,0,0.0,2,2,,0,0.0,0,0,,0,0.0,0,0,,
14668744,Josef Mahnin,https://img.cuescore.com/image/8/4/862c792ba8eb7f97e626fbe6cbcc59f6.png,https://cuescore.com/img/flags/png-country-4x2-none/res-640x480/no.png,,,2022-03-24,obk,False,disconnected,,,,2,0,2,48,12,2,0,2,0,0,0,0,0,0,,0,0.0,,0,0.0,0,2,,0,0.0,0,0,,0,0.0,0,0,,
14668786,Christoffer Edvardsen,https://img.cuescore.com/image/8/4/862c792ba8eb7f97e626fbe6cbcc59f6.png,https://cuescore.com/img/flags/png-country-4x2-none/res-640x480/no.png,,,2022-03-24,obk,False,disconnected,,,,3,1,2,47,12,3,1,2,0,0,0,0,0,0,,0,0.0,,0,0.0,1,2,,0,0.0,0,0,,0,0.0,0,0,,
14668684,Frank Taug,https://img.cuescore.com/image/8/4/862c792ba8eb7f97e626fbe6cbcc59f6.png,https://cuescore.com/img/flags/png-country-4x2-none/res-640x480/no.png,,,2022-03-24,obk,False,disconnected,,,,5,3,2,45,12,5,3,2,0,0,0,0,0,0,,0,0.0,,0,0.0,3,2,,0,0.0,0,0,,0,0.0,0,0,,
14668753,Arnor Vegardsson,https://img.cuescore.com/image/8/4/862c792ba8eb7f97e626fbe6cbcc59f6.png,https://cuescore.com/img/flags/png-country-4x2-none/res-640x480/no.png,,,2022-03-24,obk,False,disconnected,,,,2,0,2,48,12,2,0,2,0,0,0,0,0,0,,0,0.0,,0,0.0,0,2,,0,0.0,0,0,,0,0.0,0,0,,
14668933,Andreas Ulseth,https://img.cuescore.com/image/8/4/862c792ba8eb7f97e626fbe6cbcc59f6.png,https://cuescore.com/img/flags/png-country-4x2-none/res-640x480/no.png,,,2022-03-24,obk,False,disconnected,,,,3,1,2,47,12,3,1,2,0,0,0,0,0,0,,0,0.0,,0,0.0,1,2,,0,0.0,0,0,,0,0.0,0,0,,
14668723,Fredrik Ruud,https://img.cuescore.com/image/8/4/862c792ba8eb7f97e626fbe6cbcc59f6.png,https://cuescore.com/img/flags/png-country-4x2-none/res-640x480/no.png,,,2022-03-24,obk,False,disconnected,,,,3,3,0,47,12,3,3,0,0,0,0,0,0,0,,0,0.0,,0,0.0,3,0,,0,0.0,0,0,,0,0.0,0,0,,
9081066,Martin,https://img.cuescore.com/image/8/4/862c792ba8eb7f97e626fbe6cbcc59f6.png,https://cuescore.com/img/flags/png-country-4x2-none/res-640x480/no.png,,,2021-08-07,obk,False,disconnected,,,,2,1,1,48,13,2,1,1,0,0,0,0,0,0,,0,0.0,,0,0.0,1,1,,0,0.0,0,0,,0,0.0,0,0,,
9081070,Jardar,https://img.cuescore.com/image/8/4/862c792ba8eb7f97e626fbe6cbcc59f6.png,https://cuescore.com/img/flags/png-country-4x2-none/res-640x480/no.png,,,2021-08-07,obk,False,disconnected,,,,1,0,1,49,13,1,0,1,0,0,0,0,0,0,,0,0.0,,0,0.0,0,1,,0,0.0,0,0,,0,0.0,0,0,,
9081069,Lodve,https://img.cuescore.com/image/8/4/862c792ba8eb7f97e626fbe6cbcc59f6.png,https://cuescore.com/img/flags/png-country-4x2-none/res-640x480/no.png,,,2021-08-07,obk,False,disconnected,,,,3,3,0,47,13,3,3,0,0,0,0,0,0,0,,0,0.0,,0,0.0,3,0,,0,0.0,0,0,,0,0.0,0,0,,
9081071,Njaal,https://img.cuescore.com/image/8/4/862c792ba8eb7f97e626fbe6cbcc59f6.png,https://cuescore.com/img/flags/png-country-4x2-none/res-640x480/no.png,,,2021-08-07,obk,False,disconnected,,,,1,0,1,49,13,1,0,1,0,0,0,0,0,0,,0,0.0,,0,0.0,0,1,,0,0.0,0,0,,0,0.0,0,0,,
9081073,Geir Einar,https://img.cuescore.com/image/8/4/862c792ba8eb7f97e626fbe6cbcc59f6.png,https://cuescore.com/img/flags/png-country-4x2-none/res-640x480/no.png,,,2021-08-07,obk,False,disconnected,,,,2,1,1,48,13,2,1,1,0,0,0,0,0,0,,0,0.0,,0,0.0,1,1,,0,0.0,0,0,,0,0.0,0,0,,
9081065,Sturla,https://img.cuescore.com/image/8/4/862c792ba8eb7f97e626fbe6cbcc59f6.png,https://cuescore.com/img/flags/png-country-4x2-none/res-640x480/no.png,,,2021-08-07,obk,False,disconnected,,,,2,1,1,48,13,2,1,1,0,0,0,0,0,0,,0,0.0,,0,0.0,1,1,,0,0.0,0,0,,0,0.0,0,0,,
9081072,Kristian,https://img.cuescore.com/image/8/4/862c792ba8eb7f97e626fbe6cbcc59f6.png,https://cuescore.com/img/flags/png-country-4x2-none/res-640x480/no.png,,,2021-08-07,obk,False,disconnected,,,,1,0,1,49,13,1,0,1,0,0,0,0,0,0,,0,0.0,,0,0.0,0,1,,0,0.0,0,0,,0,0.0,0,0,,
9081067,Kris,https://img.cuescore.com/image/8/4/862c792ba8eb7f97e626fbe6cbcc59f6.png,https://cuescore.com/img/flags/png-country-4x2-none/res-640x480/no.png,,,2021-08-07,obk,False,disconnected,,,,1,0,1,49,13,1,0,1,0,0,0,0,0,0,,0,0.0,,0,0.0,0,1,,0,0.0,0,0,,0,0.0,0,0,,
9081068,Ole,https://img.cuescore.com/image/8/4/862c792ba8eb7f97e626fbe6cbcc59f6.png,https://cuescore.com/img/flags/png-country-4x2-none/res-640x480/no.png,,,2021-08-07,obk,False,disconnected,,,,3,2,1,47,13,3,2,1,0,0,0,0,0,0,,0,0.0,,0,0.0,2,1,,0,0.0,0,0,,0,0.0,0,0,,
6672223,Veronica,https://img.cuescore.com/image/5/4/5aa6aa48f7d5ffe854d5266ac08db7ef.png,https://cuescore.com/img/flags/png-country-4x2-none/res-640x480/no.png,,,2019-10-19,obk,False,disconnected,,,,2,1,1,48,14,2,1,1,0,0,0,0,0,0,,0,0.0,,0,0.0,1,1,,0,0.0,0,0,,0,0.0,0,0,,
6672291,Carina,https://img.cuescore.com/image/8/4/862c792ba8eb7f97e626fbe6cbcc59f6.png,https://cuescore.com/img/flags/png-country-4x2-none/res-640x480/no.png,,,2019-10-19,obk,False,disconnected,,,,1,0,1,49,14,1,0,1,0,0,0,0,0,0,,0,0.0,,0,0.0,0,1,,0,0.0,0,0,,0,0.0,0,0,,
6672292,Charlotte,https://img.cuescore.com/image/5/4/5aa6aa48f7d5ffe854d5266ac08db7ef.png,https://cuescore.com/img/flags/png-country-4x2-none/res-640x480/no.png,,,2019-10-19,obk,False,disconnected,,,,1,0,1,49,14,1,0,1,0,0,0,0,0,0,,0,0.0,,0,0.0,0,1,,0,0.0,0,0,,0,0.0,0,0,,
6672304,Iselin,https://img.cuescore.com/image/5/4/5aa6aa48f7d5ffe854d5266ac08db7ef.png,https://cuescore.com/img/flags/png-country-4x2-none/res-640x480/no.png,,,2019-10-19,obk,False,disconnected,,,,2,1,1,48,14,2,1,1,0,0,0,0,0,0,,0,0.0,,0,0.0,1,1,,0,0.0,0,0,,0,0.0,0,0,,
6672221,Erlend,https://img.cuescore.com/image/8/4/862c792ba8eb7f97e626fbe6cbcc59f6.png,https://cuescore.com/img/flags/png-country-4x2-none/res-640x480/no.png,,,2019-10-19,obk,False,disconnected,,,,4,3,1,46,14,4,3,1,0,0,0,0,0,0,,0,0.0,,0,0.0,3,1,,0,0.0,0,0,,0,0.0,0,0,,
6672225,Jens,https://img.cuescore.com/image/8/4/862c792ba8eb7f97e626fbe6cbcc59f6.png,https://cuescore.com/img/flags/png-country-4x2-none/res-640x480/no.png,,,2019-10-19,obk,False,disconnected,,,,1,0,1,49,14,1,0,1,0,0,0,0,0,0,,0,0.0,,0,0.0,0,1,,0,0.0,0,0,,0,0.0,0,0,,
6672297,Eivind,https://img.cuescore.com/image/8/4/862c792ba8eb7f97e626fbe6cbcc59f6.png,https://cuescore.com/img/flags/png-country-4x2-none/res-640x480/no.png,,,2019-10-19,obk,False,disconnected,,,,1,0,1,49,14,1,0,1,0,0,0,0,0,0,,0,0.0,,0,0.0,0,1,,0,0.0,0,0,,0,0.0,0,0,,
6672300,Rubicca,https://img.cuescore.com/image/5/4/5aa6aa48f7d5ffe854d5266ac08db7ef.png,https://cuescore.com/img/flags/png-country-4x2-none/res-640x480/no.png,,,2019-10-19,obk,False,disconnected,,,,2,1,1,48,14,2,1,1,0,0,0,0,0,0,,0,0.0,,0,0.0,1,1,,0,0.0,0,0,,0,0.0,0,0,,
6672226,Valton,https://img.cuescore.com/image/8/4/862c792ba8eb7f97e626fbe6cbcc59f6.png,https://cuescore.com/img/flags/png-country-4x2-none/res-640x480/no.png,,,2019-10-19,obk,False,disconnected,,,,4,3,1,46,14,4,3,1,0,0,0,0,0,0,,0,0.0,,0,0.0,3,1,,0,0.0,0,0,,0,0.0,0,0,,
6672290,Marte,https://img.cuescore.com/image/5/4/5aa6aa48f7d5ffe854d5266ac08db7ef.png,https://cuescore.com/img/flags/png-country-4x2-none/res-640x480/no.png,,,2019-10-19,obk,False,disconnected,,,,1,0,1,49,14,1,0,1,0,0,0,0,0,0,,0,0.0,,0,0.0,0,1,,0,0.0,0,0,,0,0.0,0,0,,
6672293,Tim,https://img.cuescore.com/image/8/4/862c792ba8eb7f97e626fbe6cbcc59f6.png,https://cuescore.com/img/flags/png-country-4x2-none/res-640x480/no.png,,,2019-10-19,obk,False,disconnected,,,,4,4,0,46,14,4,4,0,0,0,0,0,0,0,,0,0.0,,0,0.0,4,0,,0,0.0,0,0,,0,0.0,0,0,,
6672289,Ane,https://img.cuescore.com/image/5/4/5aa6aa48f7d5ffe854d5266ac08db7ef.png,https://cuescore.com/img/flags/png-country-4x2-none/res-640x480/no.png,,,2019-10-19,obk,False,disconnected,,,,1,0,1,49,14,1,0,1,0,0,0,0,0,0,,0,0.0,,0,0.0,0,1,,0,0.0,0,0,,0,0.0,0,0,,
6672296,Ove,https://img.cuescore.com/image/8/4/862c792ba8eb7f97e626fbe6cbcc59f6.png,https://cuescore.com/img/flags/png-country-4x2-none/res-640x480/no.png,,,2019-10-19,obk,False,disconnected,,,,2,1,1,48,14,2,1,1,0,0,0,0,0,0,,0,0.0,,0,0.0,1,1,,0,0.0,0,0,,0,0.0,0,0,,
6672295,Sondre,https://img.cuescore.com/image/8/4/862c792ba8eb7f97e626fbe6cbcc59f6.png,https://cuescore.com/img/flags/png-country-4x2-none/res-640x480/no.png,,,2019-10-19,obk,False,disconnected,,,,2,1,1,48,14,2,1,1,0,0,0,0,0,0,,0,0.0,,0,0.0,1,1,,0,0.0,0,0,,0,0.0,0,0,,
6672298,Håkon,https://img.cuescore.com/image/8/4/862c792ba8eb7f97e626fbe6cbcc59f6.png,https://cuescore.com/img/flags/png-country-4x2-none/res-640x480/no.png,,,2019-10-19,obk,False,disconnected,,,,1,0,1,49,14,1,0,1,0,0,0,0,0,0,,0,0.0,,0,0.0,0,1,,0,0.0,0,0,,0,0.0,0,0,,
6672301,Petter Olsen,https://img.cuescore.com/image/8/4/862c792ba8eb7f97e626fbe6cbcc59f6.png,https://cuescore.com/img/flags/png-country-4x2-none/res-640x480/no.png,,,2019-10-19,obk,False,disconnected,,,,4,3,1,46,14,4,3,1,0,0,0,0,0,0,,0,0.0,,0,0.0,3,1,,0,0.0,0,0,,0,0.0,0,0,,
6672294,Christoffer,https://img.cuescore.com/image/8/4/862c792ba8eb7f97e626fbe6cbcc59f6.png,https://cuescore.com/img/flags/png-country-4x2-none/res-640x480/no.png,,,2019-10-19,obk,False,disconnected,,,,2,1,1,48,14,2,1,1,0,0,0,0,0,0,,0,0.0,,0,0.0,1,1,,0,0.0,0,0,,0,0.0,0,0,,
6672299,Neda,https://img.cuescore.com/image/5/4/5aa6aa48f7d5ffe854d5266ac08db7ef.png,https://cuescore.com/img/flags/png-country-4x2-none/res-640x480/no.png,,,2019-10-19,obk,False,disconnected,,,,1,0,1,49,14,1,0,1,0,0,0,0,0,0,,0,0.0,,0,0.0,0,1,,0,0.0,0,0,,0,0.0,0,0,,
6672222,Rune,https://img.cuescore.com/image/8/4/862c792ba8eb7f97e626fbe6cbcc59f6.png,https://cuescore.com/img/flags/png-country-4x2-none/res-640x480/no.png,,,2019-10-19,obk,False,disconnected,,,,2,1,1,48,14,2,1,1,0,0,0,0,0,0,,0,0.0,,0,0.0,1,1,,0,0.0,0,0,,0,0.0,0,0,,
6672302,Jannicke,https://img.cuescore.com/image/5/4/5aa6aa48f7d5ffe854d5266ac08db7ef.png,https://cuescore.com/img/flags/png-country-4x2-none/res-640x480/no.png,,,2019-10-19,obk,False,disconnected,,,,1,0,1,49,14,1,0,1,0,0,0,0,0,0,,0,0.0,,0,0.0,0,1,,0,0.0,0,0,,0,0.0,0,0,,
2243719,Camilla Kroan,https://img.cuescore.com/image/5/4/5aa6aa48f7d5ffe854d5266ac08db7ef.png,https://cuescore.com/img/flags/png-country-4x2-none/res-640x480/no.png,,,2019-10-19,obk,False,disconnected,,,,1,0,1,49,14,1,0,1,0,0,0,0,0,0,,0,0.0,,0,0.0,0,1,,0,0.0,0,0,,0,0.0,0,0,,
