tournament_id,name,starttime,url,source
90517732,Østkanten Ranking 7,2026-10-04T13:00:00Z,https://cuescore.com/tournament/%C3%98stkanten+Ranking+7/90517732,ostkanten
90053185,Oslo BK Klubbturnering Høstserie 7 2026,2026-09-30T16:00:00Z,https://cuescore.com/tournament/Oslo+BK+Klubbturnering+H%C3%B8stserie+7+2026/90053185,obk
90142048,OSLO BK B-LIGA 7 HØST 2026,2026-09-28T16:00:00Z,https://cuescore.com/tournament/OSLO+BK+B-LIGA+7+H%C3%98ST+2026/90142048,obk
90141868,Oslo BK CD-LIGA 7 Høst 2026,2026-09-28T16:00:00Z,https://cuescore.com/tournament/Oslo+BK+CD-LIGA+7+H%C3%B8st+2026/90141868,obk
90069547,Østkanten Ranking 6,2026-09-27T13:00:00Z,https://cuescore.com/tournament/%C3%98stkanten+Ranking+6/90069547,ostkanten
89905801,Oslo BK Klubbturnering Høstserie 6 2026,2026-09-23T16:00:00Z,https://cuescore.com/tournament/Oslo+BK+Klubbturnering+H%C3%B8stserie+6+2026/89905801,obk
88917997,OSLO BK CD-LIGA 6 HØST 2026,2026-09-21T16:00:00Z,https://cuescore.com/tournament/OSLO+BK+CD-LIGA+6+H%C3%98ST+2026/88917997,obk
88916302,OSLO BK B-LIGA 6 HØST 2026,2026-09-21T16:00:00Z,https://cuescore.com/tournament/OSLO+BK+B-LIGA+6+H%C3%98ST+2026/88916302,obk
89620186,Østkanten Ranking 5,2026-09-20T13:00:00Z,https://cuescore.com/tournament/%C3%98stkanten+Ranking+5/89620186,ostkanten
88468552,OSLO BK KLUBBTURNERING HØSTSERIE 5 2026,2026-09-16T16:00:00Z,https://cuescore.com/tournament/OSLO+BK+KLUBBTURNERING+H%C3%98STSERIE+5+2026/88468552,obk
88744567,Østkanten Ranking 4,2026-09-13T13:00:00Z,https://cuescore.com/tournament/%C3%98stkanten+Ranking+4/88744567,ostkanten
87717052,Oslo BK KLUBBTURNERING HØSTSERIE 4 2026,2026-09-09T16:00:00Z,https://cuescore.com/tournament/Oslo+BK+KLUBBTURNERING+H%C3%98STSERIE+4+2026/87717052,obk
87717049,Oslo BK CD-Liga 4 høst 2026,2026-09-07T16:00:00Z,https://cuescore.com/tournament/Oslo+BK+CD-Liga+4+h%C3%B8st+2026/87717049,obk
87717046,Oslo BK B-liga 4 2026,2026-09-07T16:00:00Z,https://cuescore.com/tournament/Oslo+BK+B-liga+4+2026/87717046,obk
88574677,Østkanten Ranking 3,2026-09-06T13:00:00Z,https://cuescore.com/tournament/%C3%98stkanten+Ranking+3/88574677,ostkanten
86425378,Oslo BK KLUBBTURNERING HØSTSERIE 3 2026,2026-09-02T16:00:00Z,https://cuescore.com/tournament/Oslo+BK+KLUBBTURNERING+H%C3%98STSERIE+3+2026/86425378,obk
86423428,Oslo BK B-LIGA 3 HØST 2026,2026-08-31T16:00:00Z,https://cuescore.com/tournament/Oslo+BK+B-LIGA+3+H%C3%98ST+2026/86423428,obk
86423461,Oslo BK CD-LIGA 3 HØST 2026,2026-08-31T16:00:00Z,https://cuescore.com/tournament/Oslo+BK+CD-LIGA+3+H%C3%98ST+2026/86423461,obk
87274081,Østkanten Ranking 2,2026-08-30T13:00:00Z,https://cuescore.com/tournament/%C3%98stkanten+Ranking+2/87274081,ostkanten
86419045,Oslo BK B-LIGA 2 HØST 2026,2026-08-24T16:00:00Z,https://cuescore.com/tournament/Oslo+BK+B-LIGA+2+H%C3%98ST+2026/86419045,obk
86421148,Oslo BK CD-LIGA 2 HØST 2026,2026-08-24T16:00:00Z,https://cuescore.com/tournament/Oslo+BK+CD-LIGA+2+H%C3%98ST+2026/86421148,obk
86999578,Østkanten Ranking 1,2026-08-23T13:00:00Z,https://cuescore.com/tournament/%C3%98stkanten+Ranking+1/86999578,ostkanten
86380657,Oslo BK Klubbturnering Høstserie 1 2026,2026-08-19T16:00:00Z,https://cuescore.com/tournament/Oslo+BK+Klubbturnering+H%C3%B8stserie+1+2026/86380657,obk
86204356,Oslo BK CD-LIGA  1 HØST 2026,2026-08-17T16:00:00Z,https://cuescore.com/tournament/Oslo+BK+CD-LIGA++1+H%C3%98ST+2026/86204356,obk
86204209,OSLO BK B-LIGA 1 Høst 2026,2026-08-17T16:00:00Z,https://cuescore.com/tournament/OSLO+BK+B-LIGA+1+H%C3%B8st+2026/86204209,obk
86531425,Jackpot Sunday Funday,2026-08-16T13:00:00Z,https://cuescore.com/tournament/Jackpot+Sunday+Funday/86531425,ostkanten
86204368,Oslo BK SOMMERKLUBBTURNERING,2026-08-12T15:45:00Z,https://cuescore.com/tournament/Oslo+BK+SOMMERKLUBBTURNERING/86204368,obk
86164780,Oslo BK Mandagsturnering for Alle,2026-08-10T16:00:00Z,https://cuescore.com/tournament/Oslo+BK+Mandagsturnering+for+Alle/86164780,obk
86329798,Sunday funday + Jackpot,2026-08-09T13:00:00Z,https://cuescore.com/tournament/Sunday+funday+%252B+Jackpot/86329798,ostkanten
85946203,Oslo BK Sommerklubbturnering,2026-08-05T15:50:00Z,https://cuescore.com/tournament/Oslo+BK+Sommerklubbturnering/85946203,obk
85939042,Mandagsturnering for ALLE,2026-08-03T16:00:00Z,https://cuescore.com/tournament/Mandagsturnering+for+ALLE/85939042,obk
85448731,Oslo BK Sommerklubbturnering 5/9,2026-07-29T15:45:00Z,https://cuescore.com/tournament/Oslo+BK+Sommerklubbturnering+5%252F9/85448731,obk
85373497,OSLO BK MANDAGSTURNERING FOR ALLE,2026-07-27T15:45:00Z,https://cuescore.com/tournament/OSLO+BK+MANDAGSTURNERING+FOR+ALLE/85373497,obk
85381009,Sunday Funday 8-ball,2026-07-26T13:00:00Z,https://cuescore.com/tournament/Sunday+Funday+8-ball/85381009,ostkanten
85126495,Oslo BK Mandagsturnering for Alle,2026-07-20T15:45:00Z,https://cuescore.com/tournament/Oslo+BK+Mandagsturnering+for+Alle/85126495,obk
85112233,Sunday funday,2026-07-19T13:00:00Z,https://cuescore.com/tournament/Sunday+funday/85112233,ostkanten
80662309,OSLO BK SUMMERTOUR 2026 5/9,2026-07-18T11:00:00Z,https://cuescore.com/tournament/OSLO+BK+SUMMERTOUR+2026+5%252F9/80662309,obk
84819610,Oslo BK Mandagsturnering for ALLE 5/9,2026-07-13T15:45:00Z,https://cuescore.com/tournament/Oslo+BK+Mandagsturnering+for+ALLE+5%252F9/84819610,obk
84684754,OSLO BK Klubbturnering,2026-07-08T16:00:00Z,https://cuescore.com/tournament/OSLO+BK+Klubbturnering/84684754,obk
84509800,Oslo BK Mandagst  for alle,2026-07-06T16:00:00Z,https://cuescore.com/tournament/Oslo+BK+Mandagst++for+alle/84509800,obk
79932562,"Mezz Scandinavian 10-Ball Masters - Norway Qualifier, 2 of 4",2026-07-04T08:00:00Z,https://cuescore.com/tournament/Mezz+Scandinavian+10-Ball+Masters+-+Norway+Qualifier%2C+2+of+4/79932562,obk
84281935,Oslo BK klubbturnering,2026-07-01T16:00:00Z,https://cuescore.com/tournament/Oslo+BK+klubbturnering/84281935,obk
84281557,OBK MANDAGSTURNERING FOR ALLE,2026-06-29T16:00:00Z,https://cuescore.com/tournament/OBK+MANDAGSTURNERING+FOR+ALLE/84281557,obk
84286750,Summer Sunday fun day 1,2026-06-28T14:50:00Z,https://cuescore.com/tournament/Summer+Sunday+fun+day+1/84286750,ostkanten
83950600,Oslo BK Klubbturnering,2026-06-24T16:00:00Z,https://cuescore.com/tournament/Oslo+BK+Klubbturnering/83950600,obk
83950594,Mandagsturnering for Alle,2026-06-22T16:00:00Z,https://cuescore.com/tournament/Mandagsturnering+for+Alle/83950594,obk
83917687,Østkanten 40,2026-06-21T13:05:00Z,https://cuescore.com/tournament/%C3%98stkanten+40/83917687,ostkanten
83940328,Sommertour-erstatning,2026-06-20T11:30:00Z,https://cuescore.com/tournament/Sommertour-erstatning/83940328,obk
83685484,Oslo BK Klubbturnering,2026-06-17T16:00:00Z,https://cuescore.com/tournament/Oslo+BK+Klubbturnering/83685484,obk
83685481,Mandagsturnering for Alle,2026-06-15T16:00:00Z,https://cuescore.com/tournament/Mandagsturnering+for+Alle/83685481,obk
83590732,Østkanten 39,2026-06-14T13:00:00Z,https://cuescore.com/tournament/%C3%98stkanten+39/83590732,ostkanten
83165332,Oslo BK Klubbturnering 5/9,2026-06-10T16:00:00Z,https://cuescore.com/tournament/Oslo+BK+Klubbturnering+5%252F9/83165332,obk
83165326,MANDAGSTURNERING FOR ALLE,2026-06-08T16:00:00Z,https://cuescore.com/tournament/MANDAGSTURNERING+FOR+ALLE/83165326,obk
82962265,Østkanten 38,2026-06-07T13:00:00Z,https://cuescore.com/tournament/%C3%98stkanten+38/82962265,ostkanten
82639456,Oslo BK Klubbturnering,2026-06-03T16:00:00Z,https://cuescore.com/tournament/Oslo+BK+Klubbturnering/82639456,obk
82585786,Mandagsturnering for Alle,2026-06-01T16:00:00Z,https://cuescore.com/tournament/Mandagsturnering+for+Alle/82585786,obk
82517524,Østkanten 37,2026-05-31T13:00:00Z,https://cuescore.com/tournament/%C3%98stkanten+37/82517524,ostkanten
82432042,Scotsh dobbel MIX,2026-05-30T13:00:00Z,https://cuescore.com/tournament/Scotsh+dobbel+MIX/82432042,obk
82376929,Oslo BK Klubbturnering,2026-05-27T16:00:00Z,https://cuescore.com/tournament/Oslo+BK+Klubbturnering/82376929,obk
81474325,Oslo BK Klubbturnering,2026-05-20T16:00:00Z,https://cuescore.com/tournament/Oslo+BK+Klubbturnering/81474325,obk
81474142,Oslo BK Mandagsturnering for ALLE,2026-05-18T16:00:00Z,https://cuescore.com/tournament/Oslo+BK+Mandagsturnering+for+ALLE/81474142,obk
81079399,OBK Finale 8 Beste Vårserie 2026,2026-05-13T16:15:00Z,https://cuescore.com/tournament/OBK+Finale+8+Beste+V%C3%A5rserie+2026/81079399,obk
81091549,OBK KLUBBTURNERING FOR RØKLA,2026-05-13T16:00:00Z,https://cuescore.com/tournament/OBK+KLUBBTURNERING+FOR+R%C3%98KLA/81091549,obk
81171145,OBK MANDAGSTURNERING FOR ALLE,2026-05-11T16:00:00Z,https://cuescore.com/tournament/OBK+MANDAGSTURNERING+FOR+ALLE/81171145,obk
81393031,Østkanten 36,2026-05-10T13:15:00Z,https://cuescore.com/tournament/%C3%98stkanten+36/81393031,ostkanten
80902807,Oslo BK KLUBBTURNERING,2026-05-06T16:00:00Z,https://cuescore.com/tournament/Oslo+BK+KLUBBTURNERING/80902807,obk
80902801,Oslo BK Mandagsturnering for Alle,2026-05-04T16:00:00Z,https://cuescore.com/tournament/Oslo+BK+Mandagsturnering+for+Alle/80902801,obk
80884675,Østkanten 35,2026-05-03T13:00:00Z,https://cuescore.com/tournament/%C3%98stkanten+35/80884675,ostkanten
78942490,Oslo BK Klubbturnering vårserien 16/16 2026,2026-04-29T16:00:00Z,https://cuescore.com/tournament/Oslo+BK+Klubbturnering+v%C3%A5rserien+16%252F16+2026/78942490,obk
76464886,Oslo BK C&D-liga Vår 2026 16/16 *FINALE*,2026-04-27T16:00:00Z,https://cuescore.com/tournament/Oslo+BK+C%2526D-liga+V%C3%A5r+2026+16%252F16+%2AFINALE%2A/76464886,obk
76468270,Oslo BK B-liga Vår 2026 16/16 *FINALE*,2026-04-27T16:00:00Z,https://cuescore.com/tournament/Oslo+BK+B-liga+V%C3%A5r+2026+16%252F16+%2AFINALE%2A/76468270,obk
80565019,Østkanten 34,2026-04-26T13:00:00Z,https://cuescore.com/tournament/%C3%98stkanten+34/80565019,ostkanten
78942364,Oslo BK Klubbturnering vårserien 15/16 2026,2026-04-22T16:07:00Z,https://cuescore.com/tournament/Oslo+BK+Klubbturnering+v%C3%A5rserien+15%252F16+2026/78942364,obk
76464751,Oslo BK C&D-liga Vår 2026 15/16,2026-04-20T16:00:00Z,https://cuescore.com/tournament/Oslo+BK+C%2526D-liga+V%C3%A5r+2026+15%252F16/76464751,obk
76468234,Oslo BK B-liga Vår 2026 15/16,2026-04-20T16:00:00Z,https://cuescore.com/tournament/Oslo+BK+B-liga+V%C3%A5r+2026+15%252F16/76468234,obk
80307331,Østkanten 33,2026-04-19T13:05:00Z,https://cuescore.com/tournament/%C3%98stkanten+33/80307331,ostkanten
78942265,Oslo BK Klubbturnering vårserien 14/16 2026,2026-04-15T16:00:00Z,https://cuescore.com/tournament/Oslo+BK+Klubbturnering+v%C3%A5rserien+14%252F16+2026/78942265,obk
76467904,Oslo BK B-liga Vår 2026 14/16,2026-04-13T16:00:00Z,https://cuescore.com/tournament/Oslo+BK+B-liga+V%C3%A5r+2026+14%252F16/76467904,obk
76464583,Oslo BK C&D-liga Vår 2026 14/16,2026-04-13T16:00:00Z,https://cuescore.com/tournament/Oslo+BK+C%2526D-liga+V%C3%A5r+2026+14%252F16/76464583,obk
80021833,Østkanten 32,2026-04-12T13:00:00Z,https://cuescore.com/tournament/%C3%98stkanten+32/80021833,ostkanten
78942220,Oslo BK Klubbturnering vårserien 13/16 2026,2026-04-08T16:00:00Z,https://cuescore.com/tournament/Oslo+BK+Klubbturnering+v%C3%A5rserien+13%252F16+2026/78942220,obk
76464547,Oslo BK C&D-liga Vår 2026 13/16,2026-04-06T16:00:00Z,https://cuescore.com/tournament/Oslo+BK+C%2526D-liga+V%C3%A5r+2026+13%252F16/76464547,obk
79733461,Sunday Funday,2026-04-05T13:10:00Z,https://cuescore.com/tournament/Sunday+Funday/79733461,ostkanten
79209838,Oslo BK Langfredag Open,2026-04-03T13:00:00Z,https://cuescore.com/tournament/Oslo+BK+Langfredag+Open/79209838,obk
78941740,Oslo BK Klubbturnering vårserien 12/16 2026,2026-04-01T16:00:00Z,https://cuescore.com/tournament/Oslo+BK+Klubbturnering+v%C3%A5rserien+12%252F16+2026/78941740,obk
76464520,Oslo BK C&D-liga Vår 2026 12/16,2026-03-30T16:00:00Z,https://cuescore.com/tournament/Oslo+BK+C%2526D-liga+V%C3%A5r+2026+12%252F16/76464520,obk
76466062,Oslo BK B-liga Vår 2026 12/16,2026-03-30T16:00:00Z,https://cuescore.com/tournament/Oslo+BK+B-liga+V%C3%A5r+2026+12%252F16/76466062,obk
79259698,Østkanten 31,2026-03-29T13:00:00Z,https://cuescore.com/tournament/%C3%98stkanten+31/79259698,ostkanten
77587555,Oslo BK Klubbturnering vårserien 11/16 5/9an,2026-03-25T17:00:00Z,https://cuescore.com/tournament/Oslo+BK+Klubbturnering+v%C3%A5rserien+11%252F16+5%252F9an/77587555,obk
76466029,Oslo BK B-liga Vår 2026 11/16,2026-03-23T17:00:00Z,https://cuescore.com/tournament/Oslo+BK+B-liga+V%C3%A5r+2026+11%252F16/76466029,obk
76464466,Oslo BK C&D-liga Vår 2026 11/16,2026-03-23T17:00:00Z,https://cuescore.com/tournament/Oslo+BK+C%2526D-liga+V%C3%A5r+2026+11%252F16/76464466,obk
78868132,Østkanten 30,2026-03-22T14:10:00Z,https://cuescore.com/tournament/%C3%98stkanten+30/78868132,ostkanten
78895663,One Rack Junior,2026-03-21T17:00:00Z,https://cuescore.com/tournament/One+Rack+Junior/78895663,obk
77585350,Oslo BK Klubbturnering vårserien 10/16 2026,2026-03-18T17:00:00Z,https://cuescore.com/tournament/Oslo+BK+Klubbturnering+v%C3%A5rserien+10%252F16+2026/77585350,obk
76464289,Oslo BK C&D-liga Vår 2026 10/16,2026-03-16T17:00:00Z,https://cuescore.com/tournament/Oslo+BK+C%2526D-liga+V%C3%A5r+2026+10%252F16/76464289,obk
76465294,Oslo BK B-liga 10/16 Vår 2026,2026-03-16T17:00:00Z,https://cuescore.com/tournament/Oslo+BK+B-liga+10%252F16+V%C3%A5r+2026/76465294,obk
78551584,Østkanten 29,2026-03-15T14:00:00Z,https://cuescore.com/tournament/%C3%98stkanten+29/78551584,ostkanten
77629129,Scotch double MIX,2026-03-14T14:00:00Z,https://cuescore.com/tournament/Scotch+double+MIX/77629129,obk
77584183,Oslo BK Klubbturnering vårserien 9/16 2026,2026-03-11T17:00:00Z,https://cuescore.com/tournament/Oslo+BK+Klubbturnering+v%C3%A5rserien+9%252F16+2026/77584183,obk
76465543,Oslo BK B-liga Vår 2026 9/16,2026-03-09T17:00:00Z,https://cuescore.com/tournament/Oslo+BK+B-liga+V%C3%A5r+2026+9%252F16/76465543,obk
76463698,Oslo BK C&D-liga Vår 2026 9/16,2026-03-09T17:00:00Z,https://cuescore.com/tournament/Oslo+BK+C%2526D-liga+V%C3%A5r+2026+9%252F16/76463698,obk
77993731,Østkanten 28,2026-03-08T14:00:00Z,https://cuescore.com/tournament/%C3%98stkanten+28/77993731,ostkanten
77607463,Oslo BK JUNIORTURNERING,2026-03-06T16:55:00Z,https://cuescore.com/tournament/Oslo+BK+JUNIORTURNERING/77607463,obk
77583133,Oslo BK Klubbturnering vårserien 8/16 2026,2026-03-04T17:00:00Z,https://cuescore.com/tournament/Oslo+BK+Klubbturnering+v%C3%A5rserien+8%252F16+2026/77583133,obk
76463632,Oslo BK C&D-liga Vår 2026 8/16,2026-03-02T17:00:00Z,https://cuescore.com/tournament/Oslo+BK+C%2526D-liga+V%C3%A5r+2026+8%252F16/76463632,obk
76465501,Oslo BK B-liga Vår 2026 8/16,2026-03-02T17:00:00Z,https://cuescore.com/tournament/Oslo+BK+B-liga+V%C3%A5r+2026+8%252F16/76465501,obk
77448694,Østkanten 27,2026-03-01T14:15:00Z,https://cuescore.com/tournament/%C3%98stkanten+27/77448694,ostkanten
77190547,Oslo BK Klubbturnering vårserien 7/16 2026,2026-02-25T17:00:00Z,https://cuescore.com/tournament/Oslo+BK+Klubbturnering+v%C3%A5rserien+7%252F16+2026/77190547,obk
76441603,Oslo BK B-liga Vår 2026 7/16,2026-02-23T17:00:00Z,https://cuescore.com/tournament/Oslo+BK+B-liga+V%C3%A5r+2026+7%252F16/76441603,obk
76441429,Oslo BK C&D-liga Vår 2026 7/16,2026-02-23T17:00:00Z,https://cuescore.com/tournament/Oslo+BK+C%2526D-liga+V%C3%A5r+2026+7%252F16/76441429,obk
77135425,Østkanten 26,2026-02-22T14:00:00Z,https://cuescore.com/tournament/%C3%98stkanten+26/77135425,ostkanten
76447432,Oslo BK Klubbturnering vårserie 6/16 2026,2026-02-18T17:00:00Z,https://cuescore.com/tournament/Oslo+BK+Klubbturnering+v%C3%A5rserie+6%252F16+2026/76447432,obk
76101406,Oslo BK C&D-liga Vår 2026 6/16,2026-02-16T17:00:00Z,https://cuescore.com/tournament/Oslo+BK+C%2526D-liga+V%C3%A5r+2026+6%252F16/76101406,obk
76111522,Oslo BK B-liga Vår 2026 6/16,2026-02-16T17:00:00Z,https://cuescore.com/tournament/Oslo+BK+B-liga+V%C3%A5r+2026+6%252F16/76111522,obk
76261846,Østkanten 25,2026-02-15T14:00:00Z,https://cuescore.com/tournament/%C3%98stkanten+25/76261846,ostkanten
76170127,Oslo BK Vårserien 5/16 2026,2026-02-11T17:00:00Z,https://cuescore.com/tournament/Oslo+BK+V%C3%A5rserien+5%252F16+2026/76170127,obk
76047013,Oslo BK B-liga Vår 2026 5/16,2026-02-09T17:00:00Z,https://cuescore.com/tournament/Oslo+BK+B-liga+V%C3%A5r+2026+5%252F16/76047013,obk
76041652,Oslo BK C&D-liga Vår 2026 5/116,2026-02-09T17:00:00Z,https://cuescore.com/tournament/Oslo+BK+C%2526D-liga+V%C3%A5r+2026+5%252F116/76041652,obk
75811672,Østkanten 24,2026-02-08T14:00:00Z,https://cuescore.com/tournament/%C3%98stkanten+24/75811672,ostkanten
75807100,Fredagsturnering i samarbeid med SightRight,2026-02-06T17:00:00Z,https://cuescore.com/tournament/Fredagsturnering+i+samarbeid+med+SightRight/75807100,obk
75823387,Oslo BK klubbturnering vårserien 4/16 2026,2026-02-04T17:00:00Z,https://cuescore.com/tournament/Oslo+BK+klubbturnering+v%C3%A5rserien+4%252F16+2026/75823387,obk
75746917,Oslo BK C&D-liga Vår 2026 4/16,2026-02-02T17:00:00Z,https://cuescore.com/tournament/Oslo+BK+C%2526D-liga+V%C3%A5r+2026+4%252F16/75746917,obk
75746926,Oslo BK B-liga Vår 2026 4/16,2026-02-02T17:00:00Z,https://cuescore.com/tournament/Oslo+BK+B-liga+V%C3%A5r+2026+4%252F16/75746926,obk
75636859,Østkanten 23,2026-02-01T14:10:00Z,https://cuescore.com/tournament/%C3%98stkanten+23/75636859,ostkanten
72236716,"Mezz Scandinavian 10-Ball Masters - Norway Qualifier, 1 of 4",2026-01-31T10:00:00Z,https://cuescore.com/tournament/Mezz+Scandinavian+10-Ball+Masters+-+Norway+Qualifier%2C+1+of+4/72236716,obk
74911768,Oslo BK Klubbturnering Vårserien 3/16 2026,2026-01-28T17:00:00Z,https://cuescore.com/tournament/Oslo+BK+Klubbturnering+V%C3%A5rserien+3%252F16+2026/74911768,obk
75333334,Oslo BK C&D-liga Vår 2026 3/16,2026-01-26T17:00:00Z,https://cuescore.com/tournament/Oslo+BK+C%2526D-liga+V%C3%A5r+2026+3%252F16/75333334,obk
75333169,Oslo BK B-liga Vår 2026 3/16,2026-01-26T17:00:00Z,https://cuescore.com/tournament/Oslo+BK+B-liga+V%C3%A5r+2026+3%252F16/75333169,obk
74915695,Østkanten 22,2026-01-25T14:00:00Z,https://cuescore.com/tournament/%C3%98stkanten+22/74915695,ostkanten
75087961,Oslo BK Klubbturnering Vårserien 2/16 2026,2026-01-21T17:00:00Z,https://cuescore.com/tournament/Oslo+BK+Klubbturnering+V%C3%A5rserien+2%252F16+2026/75087961,obk
74908216,Oslo BK C&D-liga Vår 2026 2/16,2026-01-19T17:00:00Z,https://cuescore.com/tournament/Oslo+BK+C%2526D-liga+V%C3%A5r+2026+2%252F16/74908216,obk
74908237,Oslo BK B-liga Vår 2026 2/16,2026-01-19T17:00:00Z,https://cuescore.com/tournament/Oslo+BK+B-liga+V%C3%A5r+2026+2%252F16/74908237,obk
74915128,Østkanten 21,2026-01-18T14:05:00Z,https://cuescore.com/tournament/%C3%98stkanten+21/74915128,ostkanten
74879221,A-liga,2026-01-17T12:00:00Z,https://cuescore.com/tournament/A-liga/74879221,obk
74520049,Oslo BK Klubbturnering vårserie 1/16 2026,2026-01-14T17:00:00Z,https://cuescore.com/tournament/Oslo+BK+Klubbturnering+v%C3%A5rserie+1%252F16+2026/74520049,obk
74675884,Oslo BK C&D-liga Vår 2026 1/16,2026-01-12T17:00:00Z,https://cuescore.com/tournament/Oslo+BK+C%2526D-liga+V%C3%A5r+2026+1%252F16/74675884,obk
74685658,Oslo BK B-liga Vår 2026 1/16,2026-01-12T17:00:00Z,https://cuescore.com/tournament/Oslo+BK+B-liga+V%C3%A5r+2026+1%252F16/74685658,obk
74468596,Østkanten 20,2026-01-11T14:00:00Z,https://cuescore.com/tournament/%C3%98stkanten+20/74468596,ostkanten
74397181,Oslo BK Klubbturnering,2026-01-07T17:00:00Z,https://cuescore.com/tournament/Oslo+BK+Klubbturnering/74397181,obk
74417461,Mandags turnering for alle,2026-01-05T17:00:00Z,https://cuescore.com/tournament/Mandags+turnering+for+alle/74417461,obk
74369860,Østkanten 19,2026-01-04T14:10:00Z,https://cuescore.com/tournament/%C3%98stkanten+19/74369860,ostkanten
74253664,Intern 5/9 ultimate 25 Champ,2026-01-01T14:00:00Z,https://cuescore.com/tournament/Intern+5%252F9+ultimate+25+Champ/74253664,obk
74033515,Avslutning Julen 2025,2025-12-28T15:00:00Z,https://cuescore.com/tournament/Avslutning+Julen+2025/74033515,obk
71848093,Oslo Christmas Classic 2025,2025-12-27T11:00:00Z,https://cuescore.com/tournament/Oslo+Christmas+Classic+2025/71848093,obk
70757440,Oslo BK Romjulsoppvarming til Cristmas Classic 5/9 med Ringebo,2025-12-26T11:00:00Z,https://cuescore.com/tournament/Oslo+BK+Romjulsoppvarming+til+Cristmas+Classic+5%252F9+med+Ringebo/70757440,obk
73839757,Oslo BK Mandagsturnering for Alle,2025-12-22T17:00:00Z,https://cuescore.com/tournament/Oslo+BK+Mandagsturnering+for+Alle/73839757,obk
73885720,Førjulskos på Cue,2025-12-21T15:45:00Z,https://cuescore.com/tournament/F%C3%B8rjulskos+p%C3%A5+Cue/73885720,ostkanten
70628815,Oslo BK Klubbmesterskap 2025-2026 9-ball,2025-12-19T16:45:00Z,https://cuescore.com/tournament/Oslo+BK+Klubbmesterskap+2025-2026+9-ball/70628815,obk
73537213,Oslo BK Finale 8 beste Høstserien 2025,2025-12-17T17:15:00Z,https://cuescore.com/tournament/Oslo+BK+Finale+8+beste+H%C3%B8stserien+2025/73537213,obk
73584964,Oslo BK Klubbturnering for Røkla,2025-12-17T17:06:00Z,https://cuescore.com/tournament/Oslo+BK+Klubbturnering+for+R%C3%B8kla/73584964,obk
73585087,Oslo BK Mandagsturnering for ALLE,2025-12-15T17:00:00Z,https://cuescore.com/tournament/Oslo+BK+Mandagsturnering+for+ALLE/73585087,obk
73592353,Østkanten 18,2025-12-14T14:00:00Z,https://cuescore.com/tournament/%C3%98stkanten+18/73592353,ostkanten
73440613,Oslo BK Klubbturnering Høstserien 16/16 2025,2025-12-10T17:00:00Z,https://cuescore.com/tournament/Oslo+BK+Klubbturnering+H%C3%B8stserien+16%252F16+2025/73440613,obk
73368757,Oslo BK A&B-Ligaen 16/16 Høst 2025,2025-12-08T17:00:00Z,https://cuescore.com/tournament/Oslo+BK+A%2526B-Ligaen+16%252F16+H%C3%B8st+2025/73368757,obk
73368727,Oslo BK C&D-Ligaen 16/16 Høst 2025,2025-12-08T17:00:00Z,https://cuescore.com/tournament/Oslo+BK+C%2526D-Ligaen+16%252F16+H%C3%B8st+2025/73368727,obk
73357561,Østkanten 17,2025-12-07T14:00:00Z,https://cuescore.com/tournament/%C3%98stkanten+17/73357561,ostkanten
73191823,Oslo BK Klubbturnering Høstliga 15/16 2025,2025-12-03T17:00:00Z,https://cuescore.com/tournament/Oslo+BK+Klubbturnering+H%C3%B8stliga+15%252F16+2025/73191823,obk
73112671,Oslo BK C&D-Liga 15/16 høst 2025,2025-12-01T17:00:00Z,https://cuescore.com/tournament/Oslo+BK+C%2526D-Liga+15%252F16+h%C3%B8st+2025/73112671,obk
73147459,Oslo BK A&B-Ligaen XV Høst 2025,2025-12-01T17:00:00Z,https://cuescore.com/tournament/Oslo+BK+A%2526B-Ligaen+XV+H%C3%B8st+2025/73147459,obk
73025482,Østkanten 16,2025-11-30T14:05:00Z,https://cuescore.com/tournament/%C3%98stkanten+16/73025482,ostkanten
72856615,Oslo BK Klubbturnering Høstserien 14/16 2025,2025-11-26T17:00:00Z,https://cuescore.com/tournament/Oslo+BK+Klubbturnering+H%C3%B8stserien+14%252F16+2025/72856615,obk
72856582,Oslo BK A&B-Liga XIV Høst 2025,2025-11-24T17:00:00Z,https://cuescore.com/tournament/Oslo+BK+A%2526B-Liga+XIV+H%C3%B8st+2025/72856582,obk
72856591,Oslo BK C&D Liga 14/16 Høst 2025,2025-11-24T17:00:00Z,https://cuescore.com/tournament/Oslo+BK+C%2526D+Liga+14%252F16+H%C3%B8st+2025/72856591,obk
72827821,Østkanten 15,2025-11-23T14:00:00Z,https://cuescore.com/tournament/%C3%98stkanten+15/72827821,ostkanten
72505156,Oslo BK Klubbturnering Høstliga 13/16 2025,2025-11-19T17:00:00Z,https://cuescore.com/tournament/Oslo+BK+Klubbturnering+H%C3%B8stliga+13%252F16+2025/72505156,obk
72505105,Oslo BK C&D-Ligaen 13/16 høst 2025,2025-11-17T17:00:00Z,https://cuescore.com/tournament/Oslo+BK+C%2526D-Ligaen+13%252F16+h%C3%B8st+2025/72505105,obk
72505132,Oslo BK A&B-Liga XIII høst 2025,2025-11-17T17:00:00Z,https://cuescore.com/tournament/Oslo+BK+A%2526B-Liga+XIII+h%C3%B8st+2025/72505132,obk
72448630,Østkanten 14,2025-11-16T14:10:00Z,https://cuescore.com/tournament/%C3%98stkanten+14/72448630,ostkanten
71618566,Oslo BK Klubbturnering Høstserien 12/16 2025,2025-11-12T17:00:00Z,https://cuescore.com/tournament/Oslo+BK+Klubbturnering+H%C3%B8stserien+12%252F16+2025/71618566,obk
71711479,Oslo BK C&D-Ligaen12/16 høst 2025,2025-11-10T17:00:00Z,https://cuescore.com/tournament/Oslo+BK+C%2526D-Ligaen12%252F16+h%C3%B8st+2025/71711479,obk
71711503,Oslo BK A&B-Ligaen XII Høst 2025,2025-11-10T17:00:00Z,https://cuescore.com/tournament/Oslo+BK+A%2526B-Ligaen+XII+H%C3%B8st+2025/71711503,obk
72004258,Østkanten 13,2025-11-09T14:00:00Z,https://cuescore.com/tournament/%C3%98stkanten+13/72004258,ostkanten
70574776,Oslo BK Scotch Doubles Mixed Cue#23,2025-11-08T14:30:00Z,https://cuescore.com/tournament/Oslo+BK+Scotch+Doubles+Mixed+Cue%252323/70574776,obk
71509747,Oslo BK Klubbturnering Høstserien 11/16 2025,2025-11-05T17:00:00Z,https://cuescore.com/tournament/Oslo+BK+Klubbturnering+H%C3%B8stserien+11%252F16+2025/71509747,obk
70841533,Oslo BK A&B-Liga XI Høst 2025,2025-11-03T17:00:00Z,https://cuescore.com/tournament/Oslo+BK+A%2526B-Liga+XI+H%C3%B8st+2025/70841533,obk
70841431,Oslo BK C&D-Liga 11/16 2025,2025-11-03T17:00:00Z,https://cuescore.com/tournament/Oslo+BK+C%2526D-Liga+11%252F16+2025/70841431,obk
71491312,Østkanten 12,2025-11-02T14:00:00Z,https://cuescore.com/tournament/%C3%98stkanten+12/71491312,ostkanten
70312063,Oslo BK Klubbturnering Høstserie 10/16 2025,2025-10-29T17:00:00Z,https://cuescore.com/tournament/Oslo+BK+Klubbturnering+H%C3%B8stserie+10%252F16+2025/70312063,obk
70312090,Oslo BK C&D-Liga 10/16 2025,2025-10-27T17:00:00Z,https://cuescore.com/tournament/Oslo+BK+C%2526D-Liga+10%252F16+2025/70312090,obk
70312114,Oslo BK A&B-Liga X Høst 2025,2025-10-27T17:00:00Z,https://cuescore.com/tournament/Oslo+BK+A%2526B-Liga+X+H%C3%B8st+2025/70312114,obk
71140039,Østkanten 11,2025-10-26T14:10:00Z,https://cuescore.com/tournament/%C3%98stkanten+11/71140039,ostkanten
70292821,Oslo BK Klubbturnering høstserie 9/19 2025,2025-10-22T16:00:00Z,https://cuescore.com/tournament/Oslo+BK+Klubbturnering+h%C3%B8stserie+9%252F19+2025/70292821,obk
70188088,Oslo BK C&D-Liga 9/16 2025,2025-10-20T16:00:00Z,https://cuescore.com/tournament/Oslo+BK+C%2526D-Liga+9%252F16+2025/70188088,obk
70187635,Oslo BK A&B-Liga IX Høst 2025,2025-10-20T16:00:00Z,https://cuescore.com/tournament/Oslo+BK+A%2526B-Liga+IX+H%C3%B8st+2025/70187635,obk
70524718,Østkanten 10,2025-10-19T13:00:00Z,https://cuescore.com/tournament/%C3%98stkanten+10/70524718,ostkanten
70086943,Oslo BK Klubbturnering Høstliga 8/16 2025,2025-10-15T16:00:00Z,https://cuescore.com/tournament/Oslo+BK+Klubbturnering+H%C3%B8stliga+8%252F16+2025/70086943,obk
70084372,Oslo BK A&B-Liga VIII Høst 2025,2025-10-13T16:00:00Z,https://cuescore.com/tournament/Oslo+BK+A%2526B-Liga+VIII+H%C3%B8st+2025/70084372,obk
70078510,Oslo BK C&D-Liga 8/16 Høst 2025,2025-10-13T16:00:00Z,https://cuescore.com/tournament/Oslo+BK+C%2526D-Liga+8%252F16+H%C3%B8st+2025/70078510,obk
69302875,Østkanten 9,2025-10-12T13:05:00Z,https://cuescore.com/tournament/%C3%98stkanten+9/69302875,ostkanten
69799330,Oslo BK Klubbturnering Høstserie 7/16 2025,2025-10-08T16:00:00Z,https://cuescore.com/tournament/Oslo+BK+Klubbturnering+H%C3%B8stserie+7%252F16+2025/69799330,obk
69800428,Oslo BK A&B-Liga VII Høst 2025,2025-10-06T16:00:00Z,https://cuescore.com/tournament/Oslo+BK+A%2526B-Liga+VII+H%C3%B8st+2025/69800428,obk
69798916,Oslo BK C&D-Liga 7/16 Høst 2025,2025-10-06T16:00:00Z,https://cuescore.com/tournament/Oslo+BK+C%2526D-Liga+7%252F16+H%C3%B8st+2025/69798916,obk
69818206,Søndgskollaps 5/9an (Intern turn),2025-10-05T16:15:00Z,https://cuescore.com/tournament/S%C3%B8ndgskollaps+5%252F9an+%28Intern+turn%29/69818206,obk
69299725,Østkanten 8,2025-10-05T13:00:00Z,https://cuescore.com/tournament/%C3%98stkanten+8/69299725,ostkanten
69265546,Oslo BK Klubbturnering Høstserien 6/16 2025,2025-10-01T16:10:00Z,https://cuescore.com/tournament/Oslo+BK+Klubbturnering+H%C3%B8stserien+6%252F16+2025/69265546,obk
69151819,Oslo BK C&D-liga 6/16 høst 2025,2025-09-29T16:00:00Z,https://cuescore.com/tournament/Oslo+BK+C%2526D-liga+6%252F16+h%C3%B8st+2025/69151819,obk
69152188,Oslo BK A&B-liga VI Høst 2025,2025-09-29T16:00:00Z,https://cuescore.com/tournament/Oslo+BK+A%2526B-liga+VI+H%C3%B8st+2025/69152188,obk
69097900,Østkanten 7,2025-09-28T13:00:00Z,https://cuescore.com/tournament/%C3%98stkanten+7/69097900,ostkanten
68791057,Oslo BK klubbturnering Høstserien 5/16 2025,2025-09-24T16:00:00Z,https://cuescore.com/tournament/Oslo+BK+klubbturnering+H%C3%B8stserien+5%252F16+2025/68791057,obk
68682517,Oslo BK A&B-Liga V Høst 2025,2025-09-22T16:00:00Z,https://cuescore.com/tournament/Oslo+BK+A%2526B-Liga+V+H%C3%B8st+2025/68682517,obk
68682694,Oslo BK C&D-Liga 5/16 Høst 2025,2025-09-22T16:00:00Z,https://cuescore.com/tournament/Oslo+BK+C%2526D-Liga+5%252F16+H%C3%B8st+2025/68682694,obk
68609491,Østkanten 6,2025-09-21T13:00:00Z,https://cuescore.com/tournament/%C3%98stkanten+6/68609491,ostkanten
67973878,Oslo BK klubbturnering Høstserien 4/16 2025,2025-09-17T16:00:00Z,https://cuescore.com/tournament/Oslo+BK+klubbturnering+H%C3%B8stserien+4%252F16+2025/67973878,obk
67548325,Østkanten 5,2025-09-14T13:00:00Z,https://cuescore.com/tournament/%C3%98stkanten+5/67548325,ostkanten
66258256,Oslo BK Klubbturnering Høstserien 3/16 2025,2025-09-10T16:00:00Z,https://cuescore.com/tournament/Oslo+BK+Klubbturnering+H%C3%B8stserien+3%252F16+2025/66258256,obk
66996301,Oslo BK A&B-Liga IV Høst 2025,2025-09-08T16:00:00Z,https://cuescore.com/tournament/Oslo+BK+A%2526B-Liga+IV+H%C3%B8st+2025/66996301,obk
66256909,Oslo BK C&D-Liga 4/16 Høst 2025,2025-09-08T16:00:00Z,https://cuescore.com/tournament/Oslo+BK+C%2526D-Liga+4%252F16+H%C3%B8st+2025/66256909,obk
67201087,Østkanten 4,2025-09-07T13:27:00Z,https://cuescore.com/tournament/%C3%98stkanten+4/67201087,ostkanten
66258712,Oslo BK Ekstraordinær Årsmøteturnering 5/9,2025-09-03T17:00:00Z,https://cuescore.com/tournament/Oslo+BK+Ekstraordin%C3%A6r+%C3%85rsm%C3%B8teturnering+5%252F9/66258712,obk
65621962,Oslo BK C&D-Ligaen 3/16 Høst  2025,2025-09-01T16:00:00Z,https://cuescore.com/tournament/Oslo+BK+C%2526D-Ligaen+3%252F16+H%C3%B8st++2025/65621962,obk
66256249,Oslo BK A&B-Liga III Høst 2025,2025-09-01T16:00:00Z,https://cuescore.com/tournament/Oslo+BK+A%2526B-Liga+III+H%C3%B8st+2025/66256249,obk
66285856,Østkanten 3,2025-08-31T13:05:00Z,https://cuescore.com/tournament/%C3%98stkanten+3/66285856,ostkanten
65640343,Oslo BK Scotch Doubles Mixed #22 Cue,2025-08-30T12:00:00Z,https://cuescore.com/tournament/Oslo+BK+Scotch+Doubles+Mixed+%252322+Cue/65640343,obk
65635264,Oslo BK Klubbturnering Høstserien 2/16,2025-08-27T16:00:00Z,https://cuescore.com/tournament/Oslo+BK+Klubbturnering+H%C3%B8stserien+2%252F16/65635264,obk
65624743,Oslo BK A&B-Liga II Høst 2025,2025-08-25T16:00:00Z,https://cuescore.com/tournament/Oslo+BK+A%2526B-Liga+II+H%C3%B8st+2025/65624743,obk
65621914,Oslo BK C&D-Liga 2/16 Høst 2025,2025-08-25T16:00:00Z,https://cuescore.com/tournament/Oslo+BK+C%2526D-Liga+2%252F16+H%C3%B8st+2025/65621914,obk
65937940,Østkanten 2,2025-08-24T13:05:00Z,https://cuescore.com/tournament/%C3%98stkanten+2/65937940,ostkanten
65522071,Oslo BK Klubbturnering Høstserien 1/16 2025,2025-08-20T16:00:00Z,https://cuescore.com/tournament/Oslo+BK+Klubbturnering+H%C3%B8stserien+1%252F16+2025/65522071,obk
65502853,Oslo BK C&D-liga 1/16 Høst 2025,2025-08-18T16:00:00Z,https://cuescore.com/tournament/Oslo+BK+C%2526D-liga+1%252F16+H%C3%B8st+2025/65502853,obk
65522575,Oslo BK A&B-Liga I Høst 2025,2025-08-18T16:00:00Z,https://cuescore.com/tournament/Oslo+BK+A%2526B-Liga+I+H%C3%B8st+2025/65522575,obk
65237776,Østkanten 1,2025-08-17T13:10:00Z,https://cuescore.com/tournament/%C3%98stkanten+1/65237776,ostkanten
65270950,Oslo BK Klubbturnering,2025-08-13T16:00:00Z,https://cuescore.com/tournament/Oslo+BK+Klubbturnering/65270950,obk
65189452,Oslo BK Mandagsturnering for Alle,2025-08-11T16:00:00Z,https://cuescore.com/tournament/Oslo+BK+Mandagsturnering+for+Alle/65189452,obk
65077801,OSLO BK KLUBBTURNERING,2025-08-06T16:00:00Z,https://cuescore.com/tournament/OSLO+BK+KLUBBTURNERING/65077801,obk
64500307,Oslo BK Mandagsturnering for Alle,2025-08-04T16:00:00Z,https://cuescore.com/tournament/Oslo+BK+Mandagsturnering+for+Alle/64500307,obk
62000230,Oslo BK Sommertour IV 2025,2025-08-02T12:00:00Z,https://cuescore.com/tournament/Oslo+BK+Sommertour+IV+2025/62000230,obk
64053565,Oslo BK Klubbturnering,2025-07-30T16:00:00Z,https://cuescore.com/tournament/Oslo+BK+Klubbturnering/64053565,obk
64053550,Mandagsturnering for Alle,2025-07-28T16:00:00Z,https://cuescore.com/tournament/Mandagsturnering+for+Alle/64053550,obk
63997867,Oslo BK klubbturnering,2025-07-23T16:00:00Z,https://cuescore.com/tournament/Oslo+BK+klubbturnering/63997867,obk
62924494,Oslo BK Mandagsturnering for Alle,2025-07-21T16:00:00Z,https://cuescore.com/tournament/Oslo+BK+Mandagsturnering+for+Alle/62924494,obk
61999078,Oslo BK Sommertour III 2025,2025-07-19T12:00:00Z,https://cuescore.com/tournament/Oslo+BK+Sommertour+III+2025/61999078,obk
63506224,OBK`s Juniorfredag no.2!,2025-07-18T16:00:00Z,https://cuescore.com/tournament/OBK%60s+Juniorfredag+no.2%21/63506224,obk
62670598,Oslo BK Klubbturnering,2025-07-16T16:00:00Z,https://cuescore.com/tournament/Oslo+BK+Klubbturnering/62670598,obk
62671435,OBK MANDAGSTURNERING FOR ALLE,2025-07-14T16:00:00Z,https://cuescore.com/tournament/OBK+MANDAGSTURNERING+FOR+ALLE/62671435,obk
61999048,Oslo BK Sommertour II 2025 5-9,2025-07-12T12:00:00Z,https://cuescore.com/tournament/Oslo+BK+Sommertour+II+2025+5-9/61999048,obk
62923603,Mixed Scotch Double no.21@CUE!,2025-07-11T15:00:00Z,https://cuescore.com/tournament/Mixed+Scotch+Double+no.21%40CUE%21/62923603,obk
62631910,Oslo BK Klubbturnering,2025-07-09T16:00:00Z,https://cuescore.com/tournament/Oslo+BK+Klubbturnering/62631910,obk
62742229,Oslo BK Mandagsturnering for Alle,2025-07-07T16:00:00Z,https://cuescore.com/tournament/Oslo+BK+Mandagsturnering+for+Alle/62742229,obk
59079793,1. Oslo BK - 10-Ball Masters 2 of 3,2025-07-05T08:00:00Z,https://cuescore.com/tournament/1.+Oslo+BK+-+10-Ball+Masters+2+of+3/59079793,obk
63113050,Oslo Open Main Event dag 1B,2025-07-03T11:00:00Z,https://cuescore.com/tournament/Oslo+Open+Main+Event+dag+1B/63113050,obk
63131038,Klubbturnering/Wednesday after Main A-tournament,2025-07-02T16:15:00Z,https://cuescore.com/tournament/Klubbturnering%252FWednesday+after+Main+A-tournament/63131038,obk
63112054,Oslo Open Main Event dag 1A,2025-07-02T11:00:00Z,https://cuescore.com/tournament/Oslo+Open+Main+Event+dag+1A/63112054,obk
62644030,OBK Mandagsturnering for Alle,2025-06-30T16:00:00Z,https://cuescore.com/tournament/OBK+Mandagsturnering+for+Alle/62644030,obk
62935777,Sundayfunday,2025-06-29T14:15:00Z,https://cuescore.com/tournament/Sundayfunday/62935777,ostkanten
62605837,OBK KLUBBTURNERING,2025-06-25T16:00:00Z,https://cuescore.com/tournament/OBK+KLUBBTURNERING/62605837,obk
62583913,OBK Mandagsturnering for Alle,2025-06-23T16:00:00Z,https://cuescore.com/tournament/OBK+Mandagsturnering+for+Alle/62583913,obk
62610811,1-rack sommeravslutning,2025-06-22T16:00:00Z,https://cuescore.com/tournament/1-rack+sommeravslutning/62610811,ostkanten
62570770,Eastside Ball 43,2025-06-22T13:00:00Z,https://cuescore.com/tournament/Eastside+Ball+43/62570770,ostkanten
62222692,OBK Klubbturnering,2025-06-18T16:00:00Z,https://cuescore.com/tournament/OBK+Klubbturnering/62222692,obk
62204857,Oslo BK Mandagsturnering for Alle,2025-06-16T16:00:00Z,https://cuescore.com/tournament/Oslo+BK+Mandagsturnering+for+Alle/62204857,obk
62222641,Eastside Ball 42,2025-06-15T13:15:00Z,https://cuescore.com/tournament/Eastside+Ball+42/62222641,ostkanten
62090635,Fredagschill: Scotch Double,2025-06-13T16:00:00Z,https://cuescore.com/tournament/Fredagschill%3A+Scotch+Double/62090635,obk
62059081,Oslo BK Klubbturnering,2025-06-11T16:00:00Z,https://cuescore.com/tournament/Oslo+BK+Klubbturnering/62059081,obk
61791286,Oslo BK Klubbturnering,2025-06-04T16:05:00Z,https://cuescore.com/tournament/Oslo+BK+Klubbturnering/61791286,obk
61790500,Mandagsturnering for C og D,2025-06-02T16:00:00Z,https://cuescore.com/tournament/Mandagsturnering+for+C+og+D/61790500,obk
61791256,Mandagsturnering for A og B spillere,2025-06-02T16:00:00Z,https://cuescore.com/tournament/Mandagsturnering+for+A+og+B+spillere/61791256,obk
61330126,Oslo BK klubbturnering,2025-05-28T16:00:00Z,https://cuescore.com/tournament/Oslo+BK+klubbturnering/61330126,obk
61330003,Mandagsturnering A og B-spillere,2025-05-26T16:00:00Z,https://cuescore.com/tournament/Mandagsturnering+A+og+B-spillere/61330003,obk
61329901,Mandagsturnering C og D-spillere,2025-05-26T16:00:00Z,https://cuescore.com/tournament/Mandagsturnering+C+og+D-spillere/61329901,obk
60200197,Eastside Ball 39,2025-05-25T13:10:00Z,https://cuescore.com/tournament/Eastside+Ball+39/60200197,ostkanten
59340604,OBK Klubbturnering WarmUp-DIVELITE,2025-05-21T16:00:00Z,https://cuescore.com/tournament/OBK+Klubbturnering+WarmUp-DIVELITE/59340604,obk
60608266,Mandagsturnering for C&D-liga,2025-05-19T16:00:00Z,https://cuescore.com/tournament/Mandagsturnering+for+C%2526D-liga/60608266,obk
60608275,Mandagsturnering for A&B-liga,2025-05-19T16:00:00Z,https://cuescore.com/tournament/Mandagsturnering+for+A%2526B-liga/60608275,obk
60199909,Eastside Ball 38,2025-05-18T13:00:00Z,https://cuescore.com/tournament/Eastside+Ball+38/60199909,ostkanten
59841952,Oslo BKs Juniorfredag no.1,2025-05-16T16:00:00Z,https://cuescore.com/tournament/Oslo+BKs+Juniorfredag+no.1/59841952,obk
53309149,OBK Klubbturnering Vårserien Topp 8,2025-05-14T16:00:00Z,https://cuescore.com/tournament/OBK+Klubbturnering+V%C3%A5rserien+Topp+8/53309149,obk
53309998,OBK Klubbturnering Vårserien for Røkla,2025-05-14T16:00:00Z,https://cuescore.com/tournament/OBK+Klubbturnering+V%C3%A5rserien+for+R%C3%B8kla/53309998,obk
60279199,Mandagsturnering for  C og D,2025-05-12T16:00:00Z,https://cuescore.com/tournament/Mandagsturnering+for++C+og+D/60279199,obk
60279223,Mandagsturnering for A og B,2025-05-12T16:00:00Z,https://cuescore.com/tournament/Mandagsturnering+for+A+og+B/60279223,obk
60199789,Eastside Ball 37,2025-05-11T13:00:00Z,https://cuescore.com/tournament/Eastside+Ball+37/60199789,ostkanten
59860135,Fredagschill hos OBK: Scotch Double,2025-05-09T16:00:00Z,https://cuescore.com/tournament/Fredagschill+hos+OBK%3A+Scotch+Double/59860135,obk
56650972,Klubbturnering vårserie 16/16 2025,2025-05-07T16:00:00Z,https://cuescore.com/tournament/Klubbturnering+v%C3%A5rserie+16%252F16+2025/56650972,obk
59906080,OBK A&B-turnering,2025-05-05T16:00:00Z,https://cuescore.com/tournament/OBK+A%2526B-turnering/59906080,obk
59906125,OBK C&D-turnering,2025-05-05T16:00:00Z,https://cuescore.com/tournament/OBK+C%2526D-turnering/59906125,obk
59086693,Eastside Ball 36,2025-05-04T13:00:00Z,https://cuescore.com/tournament/Eastside+Ball+36/59086693,ostkanten
59841466,Oslo BK: for de rullende🛞,2025-05-03T14:00:00Z,https://cuescore.com/tournament/Oslo+BK%3A+for+de+rullende%F0%9F%9B%9E/59841466,obk
59337625,Fredagschill: Scotch Double!,2025-05-02T16:00:00Z,https://cuescore.com/tournament/Fredagschill%3A+Scotch+Double%21/59337625,obk
59436775,1  MAI,2025-05-01T12:00:00Z,https://cuescore.com/tournament/1++MAI/59436775,obk
53308693,OBK Klubbturnering Vårserie 12/16,2025-04-30T16:00:00Z,https://cuescore.com/tournament/OBK+Klubbturnering+V%C3%A5rserie+12%252F16/53308693,obk
58440106,Mandagsturnering A-B-liga XVI (ses.siste),2025-04-28T16:00:00Z,https://cuescore.com/tournament/Mandagsturnering+A-B-liga+XVI+%28ses.siste%29/58440106,obk
58093120,Mandagsturnering for C&D-liga Vårserie 16/16,2025-04-28T16:00:00Z,https://cuescore.com/tournament/Mandagsturnering+for+C%2526D-liga+V%C3%A5rserie+16%252F16/58093120,obk
59086639,Eastside Ball 35,2025-04-27T13:00:00Z,https://cuescore.com/tournament/Eastside+Ball+35/59086639,ostkanten
53308111,OBK Klubbturnering Vårserie 15/16,2025-04-23T16:00:00Z,https://cuescore.com/tournament/OBK+Klubbturnering+V%C3%A5rserie+15%252F16/53308111,obk
59026537,Klubbturnering 🐣🐣🐣,2025-04-21T16:00:00Z,https://cuescore.com/tournament/Klubbturnering+%F0%9F%90%A3%F0%9F%90%A3%F0%9F%90%A3/59026537,obk
58002910,Eastside Ball 34,2025-04-20T13:00:00Z,https://cuescore.com/tournament/Eastside+Ball+34/58002910,ostkanten
58744450,Fredagschill OBK: 5-9 an,2025-04-18T16:07:00Z,https://cuescore.com/tournament/Fredagschill+OBK%3A+5-9+an/58744450,obk
58738909,Oslo BK Klubbturnering,2025-04-16T16:00:00Z,https://cuescore.com/tournament/Oslo+BK+Klubbturnering/58738909,obk
58319320,For the XX`s og mini-XY: Oppvarming til Dame og junior-NM!,2025-04-15T16:00:00Z,https://cuescore.com/tournament/For+the+XX%60s+og+mini-XY%3A+Oppvarming+til+Dame+og+junior-NM%21/58319320,obk
58438219,Mandagsturnering A-B-liga XV,2025-04-14T16:00:00Z,https://cuescore.com/tournament/Mandagsturnering+A-B-liga+XV/58438219,obk
58092145,Mandagsturnering for C&D-liga Vårserie 15/16,2025-04-14T16:00:00Z,https://cuescore.com/tournament/Mandagsturnering+for+C%2526D-liga+V%C3%A5rserie+15%252F16/58092145,obk
58002898,Eastside Ball 33,2025-04-13T13:15:00Z,https://cuescore.com/tournament/Eastside+Ball+33/58002898,ostkanten
58625224,Gjensidige,2025-04-10T16:00:00Z,https://cuescore.com/tournament/Gjensidige/58625224,obk
53307901,OBK Klubbturnering Vårserie 14/16,2025-04-09T16:00:00Z,https://cuescore.com/tournament/OBK+Klubbturnering+V%C3%A5rserie+14%252F16/53307901,obk
58582741,Cisco CUe,2025-04-09T16:00:00Z,https://cuescore.com/tournament/Cisco+CUe/58582741,obk
58092139,Mandagsturnering for C&D-liga Vårserie 14/16,2025-04-07T16:00:00Z,https://cuescore.com/tournament/Mandagsturnering+for+C%2526D-liga+V%C3%A5rserie+14%252F16/58092139,obk
58437307,Mandagsturnering A-B-liga XIV,2025-04-07T16:00:00Z,https://cuescore.com/tournament/Mandagsturnering+A-B-liga+XIV/58437307,obk
58001857,Eastside Ball 32,2025-04-06T13:00:00Z,https://cuescore.com/tournament/Eastside+Ball+32/58001857,ostkanten
53306617,OBK Klubbturnering Vårserie 13/16,2025-04-02T16:00:00Z,https://cuescore.com/tournament/OBK+Klubbturnering+V%C3%A5rserie+13%252F16/53306617,obk
55339273,Mandagsturnering for A&B-liga XIII,2025-03-31T16:00:00Z,https://cuescore.com/tournament/Mandagsturnering+for+A%2526B-liga+XIII/55339273,obk
58092127,Mandagsturnering for C&D-liga Vårserie 13/16,2025-03-31T16:00:00Z,https://cuescore.com/tournament/Mandagsturnering+for+C%2526D-liga+V%C3%A5rserie+13%252F16/58092127,obk
58001731,Eastside Ball 31,2025-03-30T13:15:00Z,https://cuescore.com/tournament/Eastside+Ball+31/58001731,ostkanten
53306476,OBK Klubbturnering  Årsmøteversjon 2025 5:9an,2025-03-26T17:30:00Z,https://cuescore.com/tournament/OBK+Klubbturnering++%C3%85rsm%C3%B8teversjon+2025+5%3A9an/53306476,obk
54821365,Mandagsturnering for C&D-liga Vårserie 12/16,2025-03-24T17:00:00Z,https://cuescore.com/tournament/Mandagsturnering+for+C%2526D-liga+V%C3%A5rserie+12%252F16/54821365,obk
55338898,Mandagsturnering for A&B-liga XII,2025-03-24T17:00:00Z,https://cuescore.com/tournament/Mandagsturnering+for+A%2526B-liga+XII/55338898,obk
56680135,Eastside Ball 30,2025-03-23T14:15:00Z,https://cuescore.com/tournament/Eastside+Ball+30/56680135,ostkanten
52709212,Mixed Scotch Double no.20 @CUE,2025-03-22T13:30:00Z,https://cuescore.com/tournament/Mixed+Scotch+Double+no.20+%40CUE/52709212,obk
57641905,Fredagschill hos OBK: Scotch Double!,2025-03-21T17:00:00Z,https://cuescore.com/tournament/Fredagschill+hos+OBK%3A+Scotch+Double%21/57641905,obk
57625270,Aurum bedriftsarrangement,2025-03-19T17:00:00Z,https://cuescore.com/tournament/Aurum+bedriftsarrangement/57625270,obk
53306224,OBK Klubbturnering Vårserie 11/16,2025-03-19T17:00:00Z,https://cuescore.com/tournament/OBK+Klubbturnering+V%C3%A5rserie+11%252F16/53306224,obk
55338844,Mandagsturnering for A og B-liga XI,2025-03-17T17:00:00Z,https://cuescore.com/tournament/Mandagsturnering+for+A+og+B-liga+XI/55338844,obk
54821344,Mandagsturnering for C&D-liga Vårserie 11/16,2025-03-17T17:00:00Z,https://cuescore.com/tournament/Mandagsturnering+for+C%2526D-liga+V%C3%A5rserie+11%252F16/54821344,obk
56680093,Eastside Ball 29,2025-03-16T14:05:00Z,https://cuescore.com/tournament/Eastside+Ball+29/56680093,ostkanten
55383781,1.  Oslo BK - 10-Ball Masters 1 of 3,2025-03-15T09:00:00Z,https://cuescore.com/tournament/1.++Oslo+BK+-+10-Ball+Masters+1+of+3/55383781,obk
55815760,Fredagschill hos OBK: Scotch Double!,2025-03-14T17:00:00Z,https://cuescore.com/tournament/Fredagschill+hos+OBK%3A+Scotch+Double%21/55815760,obk
53303290,OBK Klubbturnering Vårserie 10/16,2025-03-12T17:00:00Z,https://cuescore.com/tournament/OBK+Klubbturnering+V%C3%A5rserie+10%252F16/53303290,obk
54692281,Mandags turn. A-B-liga X,2025-03-10T17:00:00Z,https://cuescore.com/tournament/Mandags+turn.+A-B-liga+X/54692281,obk
54821185,Mandagsturnering for C&D-liga Vårserie 10/16,2025-03-10T17:00:00Z,https://cuescore.com/tournament/Mandagsturnering+for+C%2526D-liga+V%C3%A5rserie+10%252F16/54821185,obk
56666032,Eastside Ball 28,2025-03-09T14:00:00Z,https://cuescore.com/tournament/Eastside+Ball+28/56666032,ostkanten
55815748,Fredagschill hos OBK: 🎱-ball!,2025-03-07T17:00:00Z,https://cuescore.com/tournament/Fredagschill+hos+OBK%3A+%F0%9F%8E%B1-ball%21/55815748,obk
53301817,OBK Klubbturnering Vårserie 9/16,2025-03-05T17:00:00Z,https://cuescore.com/tournament/OBK+Klubbturnering+V%C3%A5rserie+9%252F16/53301817,obk
54821161,Mandagsturnering for C&D-liga Vårserie 9/16,2025-03-03T17:00:00Z,https://cuescore.com/tournament/Mandagsturnering+for+C%2526D-liga+V%C3%A5rserie+9%252F16/54821161,obk
53789371,Mand.turnering A&B-Liga IX,2025-03-03T17:00:00Z,https://cuescore.com/tournament/Mand.turnering+A%2526B-Liga+IX/53789371,obk
56304628,Eastside Ball 27,2025-03-02T14:00:00Z,https://cuescore.com/tournament/Eastside+Ball+27/56304628,ostkanten
53301787,OBK Klubbturnering Vårserie 8/16,2025-02-26T17:00:00Z,https://cuescore.com/tournament/OBK+Klubbturnering+V%C3%A5rserie+8%252F16/53301787,obk
54821110,Mandagsturnering for C&D-liga Vårserie 8/16,2025-02-24T17:00:00Z,https://cuescore.com/tournament/Mandagsturnering+for+C%2526D-liga+V%C3%A5rserie+8%252F16/54821110,obk
53745241,Mand.turn. A-B Liga VIII,2025-02-24T17:00:00Z,https://cuescore.com/tournament/Mand.turn.+A-B+Liga+VIII/53745241,obk
55926937,Eastside Ball 26,2025-02-23T14:10:00Z,https://cuescore.com/tournament/Eastside+Ball+26/55926937,ostkanten
54778195,Fredagschill hos OBK: 7-ball!,2025-02-21T17:00:00Z,https://cuescore.com/tournament/Fredagschill+hos+OBK%3A+7-ball%21/54778195,obk
53301571,OBK Klubbturnering Vårserie 7/16,2025-02-19T17:00:00Z,https://cuescore.com/tournament/OBK+Klubbturnering+V%C3%A5rserie+7%252F16/53301571,obk
53744863,Mand.turn. A-B Liga VII,2025-02-17T17:00:00Z,https://cuescore.com/tournament/Mand.turn.+A-B+Liga+VII/53744863,obk
54821068,Mandagsturnering for C&D-liga Vårserie 7/16,2025-02-17T17:00:00Z,https://cuescore.com/tournament/Mandagsturnering+for+C%2526D-liga+V%C3%A5rserie+7%252F16/54821068,obk
55710439,Eastside Ball 25,2025-02-16T14:10:00Z,https://cuescore.com/tournament/Eastside+Ball+25/55710439,ostkanten
52709119,Mixed Scotch Double no.19 @CUE,2025-02-15T13:30:00Z,https://cuescore.com/tournament/Mixed+Scotch+Double+no.19+%40CUE/52709119,obk
55486222,Fredagschill: 9-ball,2025-02-14T17:00:00Z,https://cuescore.com/tournament/Fredagschill%3A+9-ball/55486222,obk
53301457,OBK Klubbturnering Vårserie 6/16,2025-02-12T17:00:00Z,https://cuescore.com/tournament/OBK+Klubbturnering+V%C3%A5rserie+6%252F16/53301457,obk
54821011,Mandagsturnering for C&D-liga Vårserie 6/16,2025-02-10T17:00:00Z,https://cuescore.com/tournament/Mandagsturnering+for+C%2526D-liga+V%C3%A5rserie+6%252F16/54821011,obk
53744845,Mand.turnering A-B Liga VI,2025-02-10T17:00:00Z,https://cuescore.com/tournament/Mand.turnering+A-B+Liga+VI/53744845,obk
54965779,Eastside Ball 24,2025-02-09T14:10:00Z,https://cuescore.com/tournament/Eastside+Ball+24/54965779,ostkanten
54777862,Fredagschill hos OBK: 8-ball!,2025-02-07T17:00:00Z,https://cuescore.com/tournament/Fredagschill+hos+OBK%3A+8-ball%21/54777862,obk
53301178,OBK Klubbturnering Vårserie 5/16,2025-02-05T17:00:00Z,https://cuescore.com/tournament/OBK+Klubbturnering+V%C3%A5rserie+5%252F16/53301178,obk
53310295,Mandagsturnering for A&B-liga V,2025-02-03T17:00:00Z,https://cuescore.com/tournament/Mandagsturnering+for+A%2526B-liga+V/53310295,obk
54774025,Mandagsturnering for C&D-liga Vårserie 5/16,2025-02-03T17:00:00Z,https://cuescore.com/tournament/Mandagsturnering+for+C%2526D-liga+V%C3%A5rserie+5%252F16/54774025,obk
53387704,Eastside Ball 23,2025-02-02T14:00:00Z,https://cuescore.com/tournament/Eastside+Ball+23/53387704,ostkanten
52878601,Fredagsturnering hos OBK: Scotch Double!,2025-01-31T17:00:00Z,https://cuescore.com/tournament/Fredagsturnering+hos+OBK%3A+Scotch+Double%21/52878601,obk
53301157,OBK Klubbturnering Vårserie 4/16,2025-01-29T17:00:00Z,https://cuescore.com/tournament/OBK+Klubbturnering+V%C3%A5rserie+4%252F16/53301157,obk
54401890,Mandagsturnering for C&D-liga Vårserie 4/16,2025-01-27T17:00:00Z,https://cuescore.com/tournament/Mandagsturnering+for+C%2526D-liga+V%C3%A5rserie+4%252F16/54401890,obk
53310280,Mandagsturnering for A&B-liga IV,2025-01-27T17:00:00Z,https://cuescore.com/tournament/Mandagsturnering+for+A%2526B-liga+IV/53310280,obk
53387287,Eastside Ball 22,2025-01-26T14:15:00Z,https://cuescore.com/tournament/Eastside+Ball+22/53387287,ostkanten
54133246,Fredagschill hos OBK: Scotch Double!,2025-01-24T17:00:00Z,https://cuescore.com/tournament/Fredagschill+hos+OBK%3A+Scotch+Double%21/54133246,obk
53745430,Scotch Doubles mixed Oppvarming NM,2025-01-23T17:00:00Z,https://cuescore.com/tournament/Scotch+Doubles+mixed+Oppvarming+NM/53745430,obk
53300545,OBK Klubbturnering Vårserie 3/16,2025-01-22T17:00:00Z,https://cuescore.com/tournament/OBK+Klubbturnering+V%C3%A5rserie+3%252F16/53300545,obk
53310139,Mandagsturnering for A&B-liga III,2025-01-20T17:00:00Z,https://cuescore.com/tournament/Mandagsturnering+for+A%2526B-liga+III/53310139,obk
53310367,Mandagsturnering for C&D-liga Vårserie 3/16,2025-01-20T17:00:00Z,https://cuescore.com/tournament/Mandagsturnering+for+C%2526D-liga+V%C3%A5rserie+3%252F16/53310367,obk
53387008,Eastside Ball 21,2025-01-19T14:00:00Z,https://cuescore.com/tournament/Eastside+Ball+21/53387008,ostkanten
52878493,Fredagsturnering hos OBK: Scotch Double!,2025-01-17T17:15:00Z,https://cuescore.com/tournament/Fredagsturnering+hos+OBK%3A+Scotch+Double%21/52878493,obk
53300509,OBK Klubbturnering Vårserie 2/16,2025-01-15T17:00:00Z,https://cuescore.com/tournament/OBK+Klubbturnering+V%C3%A5rserie+2%252F16/53300509,obk
53310133,Mandagsturnering for A&B-liga II,2025-01-13T17:00:00Z,https://cuescore.com/tournament/Mandagsturnering+for+A%2526B-liga+II/53310133,obk
53310325,Mandagsturnering for C&D-liga Vårserie 2/16,2025-01-13T17:00:00Z,https://cuescore.com/tournament/Mandagsturnering+for+C%2526D-liga+V%C3%A5rserie+2%252F16/53310325,obk
53386990,Eastside Ball 20,2025-01-12T14:00:00Z,https://cuescore.com/tournament/Eastside+Ball+20/53386990,ostkanten
52878463,Fredagsturnering hos OBK: Scotch Double!,2025-01-10T17:00:00Z,https://cuescore.com/tournament/Fredagsturnering+hos+OBK%3A+Scotch+Double%21/52878463,obk
53300464,OBK Klubbturnering Vårserie 1/16,2025-01-08T17:00:00Z,https://cuescore.com/tournament/OBK+Klubbturnering+V%C3%A5rserie+1%252F16/53300464,obk
53310313,Mandagsturnering for C&D-liga: Vårserie 1/16,2025-01-06T17:00:00Z,https://cuescore.com/tournament/Mandagsturnering+for+C%2526D-liga%3A+V%C3%A5rserie+1%252F16/53310313,obk
53310079,Mandagsturnering for A&B-liga I,2025-01-06T17:00:00Z,https://cuescore.com/tournament/Mandagsturnering+for+A%2526B-liga+I/53310079,obk
53280415,Eastside Ball 19,2025-01-05T14:00:00Z,https://cuescore.com/tournament/Eastside+Ball+19/53280415,ostkanten
52706257,Mixed Scotch Double no.18 @CUE: Warm-up edition!,2025-01-04T13:30:00Z,https://cuescore.com/tournament/Mixed+Scotch+Double+no.18+%40CUE%3A+Warm-up+edition%21/52706257,obk
52878346,Fredagsturnering hos OBK: Scotch Double!,2025-01-03T17:00:00Z,https://cuescore.com/tournament/Fredagsturnering+hos+OBK%3A+Scotch+Double%21/52878346,obk
53140660,Sideturnering Christmas Classic,2024-12-28T13:30:00Z,https://cuescore.com/tournament/Sideturnering+Christmas+Classic/53140660,obk
52314610,"Oslo Christmas Classic, kr 10.000 added prizemoney",2024-12-27T11:00:00Z,https://cuescore.com/tournament/Oslo+Christmas+Classic%2C+kr+10.000+added+prizemoney/52314610,obk
47849872,Oslo BK Klubbmesterskap 24/25 sesongen,2024-12-20T17:00:00Z,https://cuescore.com/tournament/Oslo+BK+Klubbmesterskap+24%252F25+sesongen/47849872,obk
52107430,Oslo BK Klubbturnering,2024-12-18T17:00:00Z,https://cuescore.com/tournament/Oslo+BK+Klubbturnering/52107430,obk
52107334,Mandagsturnering for C&D-liga,2024-12-16T17:00:00Z,https://cuescore.com/tournament/Mandagsturnering+for+C%2526D-liga/52107334,obk
52107265,Mandagsturnering for A&B-liga,2024-12-16T17:00:00Z,https://cuescore.com/tournament/Mandagsturnering+for+A%2526B-liga/52107265,obk
52748347,Eastside Ball 18,2024-12-15T14:00:00Z,https://cuescore.com/tournament/Eastside+Ball+18/52748347,ostkanten
52681747,Fredagsturnering hos OBK: Scotch Double!,2024-12-13T17:00:00Z,https://cuescore.com/tournament/Fredagsturnering+hos+OBK%3A+Scotch+Double%21/52681747,obk
52789720,Juleturnering 9-ball - kvinnetreningen,2024-12-12T16:30:00Z,https://cuescore.com/tournament/Juleturnering+9-ball+-+kvinnetreningen/52789720,obk
52107403,Oslo BK klubbturnering,2024-12-11T17:00:00Z,https://cuescore.com/tournament/Oslo+BK+klubbturnering/52107403,obk
52107322,Mandagsturnering for C&D-liga,2024-12-09T17:00:00Z,https://cuescore.com/tournament/Mandagsturnering+for+C%2526D-liga/52107322,obk
52107253,Mandagsturnering for A&B-liga,2024-12-09T17:00:00Z,https://cuescore.com/tournament/Mandagsturnering+for+A%2526B-liga/52107253,obk
52550014,Eastside Ball 17,2024-12-08T14:00:00Z,https://cuescore.com/tournament/Eastside+Ball+17/52550014,ostkanten
45925771,Mixed Scotch Double no.17 @CUE,2024-12-07T13:30:00Z,https://cuescore.com/tournament/Mixed+Scotch+Double+no.17+%40CUE/45925771,obk
52424329,Fredagsturnering hos OBK: Scotch Double!,2024-12-06T17:00:00Z,https://cuescore.com/tournament/Fredagsturnering+hos+OBK%3A+Scotch+Double%21/52424329,obk
51767422,Oslo BK Høstfinale topp 8,2024-12-04T18:00:00Z,https://cuescore.com/tournament/Oslo+BK+H%C3%B8stfinale+topp+8/51767422,obk
52107349,Oslo BK Klubbturnering for «Røkla»,2024-12-04T17:00:00Z,https://cuescore.com/tournament/Oslo+BK+Klubbturnering+for+%C2%ABR%C3%B8kla%C2%BB/52107349,obk
52107247,Mandagsturnering for A&B-liga,2024-12-02T17:00:00Z,https://cuescore.com/tournament/Mandagsturnering+for+A%2526B-liga/52107247,obk
52107310,Mandagsturnering for C&D-liga,2024-12-02T17:00:00Z,https://cuescore.com/tournament/Mandagsturnering+for+C%2526D-liga/52107310,obk
51958888,Eastside Ball 16,2024-12-01T14:10:00Z,https://cuescore.com/tournament/Eastside+Ball+16/51958888,ostkanten
51733684,Fredagsturnering hos OBK 5-9,2024-11-29T16:45:00Z,https://cuescore.com/tournament/Fredagsturnering+hos+OBK+5-9/51733684,obk
52236193,Oslo BK Klubbturnering,2024-11-27T17:00:00Z,https://cuescore.com/tournament/Oslo+BK+Klubbturnering/52236193,obk
52107298,Mandagsturnering for C&D-liga,2024-11-25T17:00:00Z,https://cuescore.com/tournament/Mandagsturnering+for+C%2526D-liga/52107298,obk
52107229,Mandagsturnering for A&B-liga,2024-11-25T17:00:00Z,https://cuescore.com/tournament/Mandagsturnering+for+A%2526B-liga/52107229,obk
51698593,Eastside Ball 15,2024-11-24T14:05:00Z,https://cuescore.com/tournament/Eastside+Ball+15/51698593,ostkanten
51767320,Oslo BK Klubbturnering Høstserien 14/14,2024-11-20T17:00:00Z,https://cuescore.com/tournament/Oslo+BK+Klubbturnering+H%C3%B8stserien+14%252F14/51767320,obk
52107163,Mandagsturnering for A&B-liga,2024-11-18T17:00:00Z,https://cuescore.com/tournament/Mandagsturnering+for+A%2526B-liga/52107163,obk
52107274,Mandagsturnering for C&D-liga,2024-11-18T17:00:00Z,https://cuescore.com/tournament/Mandagsturnering+for+C%2526D-liga/52107274,obk
51698575,Eastside Ball 14,2024-11-17T14:00:00Z,https://cuescore.com/tournament/Eastside+Ball+14/51698575,ostkanten
51732709,Fredagsturnering hos OBK: 8-ball!,2024-11-15T17:10:00Z,https://cuescore.com/tournament/Fredagsturnering+hos+OBK%3A+8-ball%21/51732709,obk
51767293,Oslo BK Klubbturnering Høstserien 13/14,2024-11-13T17:00:00Z,https://cuescore.com/tournament/Oslo+BK+Klubbturnering+H%C3%B8stserien+13%252F14/51767293,obk
51868759,Mandagsturnering for A&B-liga,2024-11-11T17:00:00Z,https://cuescore.com/tournament/Mandagsturnering+for+A%2526B-liga/51868759,obk
51882745,Mandagsturnering for C&D-liga,2024-11-11T17:00:00Z,https://cuescore.com/tournament/Mandagsturnering+for+C%2526D-liga/51882745,obk
51698554,Eastside Ball 13,2024-11-10T14:00:00Z,https://cuescore.com/tournament/Eastside+Ball+13/51698554,ostkanten
51732691,Fredagsturnering hos OBK: 9-ball!,2024-11-08T17:00:00Z,https://cuescore.com/tournament/Fredagsturnering+hos+OBK%3A+9-ball%21/51732691,obk
48275317,Oslo BK klubbturnering Høstserien 12/14,2024-11-06T17:00:00Z,https://cuescore.com/tournament/Oslo+BK+klubbturnering+H%C3%B8stserien+12%252F14/48275317,obk
51177283,Mandagsturnering for C&D-liga,2024-11-04T17:00:00Z,https://cuescore.com/tournament/Mandagsturnering+for+C%2526D-liga/51177283,obk
51642370,Mandagsturnering for A&B-liga,2024-11-04T17:00:00Z,https://cuescore.com/tournament/Mandagsturnering+for+A%2526B-liga/51642370,obk
50545414,Eastside Ball 12,2024-11-03T14:00:00Z,https://cuescore.com/tournament/Eastside+Ball+12/50545414,ostkanten
48275299,Oslo BK klubbturnering Høstserien 11/14,2024-10-30T17:00:00Z,https://cuescore.com/tournament/Oslo+BK+klubbturnering+H%C3%B8stserien+11%252F14/48275299,obk
51177271,Mandagsturnering for C&D-liga,2024-10-28T17:00:00Z,https://cuescore.com/tournament/Mandagsturnering+for+C%2526D-liga/51177271,obk
50433184,Mandagsturnering for A&B-liga,2024-10-28T17:00:00Z,https://cuescore.com/tournament/Mandagsturnering+for+A%2526B-liga/50433184,obk
50544637,Eastside Ball 11,2024-10-27T14:00:00Z,https://cuescore.com/tournament/Eastside+Ball+11/50544637,ostkanten
45925735,Mixed Scotch Double no.16 @CUE,2024-10-26T12:30:00Z,https://cuescore.com/tournament/Mixed+Scotch+Double+no.16+%40CUE/45925735,obk
48275290,Oslo BK Klubbturnering Høstserie 10/14,2024-10-23T16:00:00Z,https://cuescore.com/tournament/Oslo+BK+Klubbturnering+H%C3%B8stserie+10%252F14/48275290,obk
50953339,Mandagsturnering for C&D-liga,2024-10-21T16:00:00Z,https://cuescore.com/tournament/Mandagsturnering+for+C%2526D-liga/50953339,obk
50433130,Mandagsturnering A og B- liga,2024-10-21T16:00:00Z,https://cuescore.com/tournament/Mandagsturnering+A+og+B-+liga/50433130,obk
50544604,Eastside Ball 10,2024-10-20T13:00:00Z,https://cuescore.com/tournament/Eastside+Ball+10/50544604,ostkanten
48275275,Oslo BK Klubbturnering Høstserie 9/14,2024-10-16T16:00:00Z,https://cuescore.com/tournament/Oslo+BK+Klubbturnering+H%C3%B8stserie+9%252F14/48275275,obk
50433073,Mandagsturnering A og B-liga,2024-10-14T16:00:00Z,https://cuescore.com/tournament/Mandagsturnering+A+og+B-liga/50433073,obk
50717713,Mandagsturnering for C&D-liga,2024-10-14T16:00:00Z,https://cuescore.com/tournament/Mandagsturnering+for+C%2526D-liga/50717713,obk
50544358,Eastside Ball 9,2024-10-13T13:00:00Z,https://cuescore.com/tournament/Eastside+Ball+9/50544358,ostkanten
47691958,Oslo BK Klubbturnering Høstserie 8/14,2024-10-09T16:00:00Z,https://cuescore.com/tournament/Oslo+BK+Klubbturnering+H%C3%B8stserie+8%252F14/47691958,obk
50414158,Mandagsturnering for C&D-liga,2024-10-07T16:00:00Z,https://cuescore.com/tournament/Mandagsturnering+for+C%2526D-liga/50414158,obk
49928290,Mandagsturnering for A og B -Liga,2024-10-07T16:00:00Z,https://cuescore.com/tournament/Mandagsturnering+for+A+og+B+-Liga/49928290,obk
49245919,Eastside Ball 8,2024-10-06T13:05:00Z,https://cuescore.com/tournament/Eastside+Ball+8/49245919,ostkanten
47691841,Oslo BK Klubbturnering Høstserie 7/14,2024-10-02T16:00:00Z,https://cuescore.com/tournament/Oslo+BK+Klubbturnering+H%C3%B8stserie+7%252F14/47691841,obk
47692156,Mandagsturnering for alle,2024-09-30T16:00:00Z,https://cuescore.com/tournament/Mandagsturnering+for+alle/47692156,obk
47692474,Mandagsturnering for C&D-liga,2024-09-30T16:00:00Z,https://cuescore.com/tournament/Mandagsturnering+for+C%2526D-liga/47692474,obk
49245886,Eastside Ball 7,2024-09-29T13:00:00Z,https://cuescore.com/tournament/Eastside+Ball+7/49245886,ostkanten
45925435,Mixed Scotch Double no.15 @CUE,2024-09-28T12:30:00Z,https://cuescore.com/tournament/Mixed+Scotch+Double+no.15+%40CUE/45925435,obk
47691679,Oslo BK Klubbturnering Høstserie 6/14,2024-09-25T16:00:00Z,https://cuescore.com/tournament/Oslo+BK+Klubbturnering+H%C3%B8stserie+6%252F14/47691679,obk
47692147,Mandagsturnering for alle,2024-09-23T16:00:00Z,https://cuescore.com/tournament/Mandagsturnering+for+alle/47692147,obk
47692348,Mandagsturnering for C&D-liga,2024-09-23T16:00:00Z,https://cuescore.com/tournament/Mandagsturnering+for+C%2526D-liga/47692348,obk
49245760,Eastside Ball 6,2024-09-22T13:00:00Z,https://cuescore.com/tournament/Eastside+Ball+6/49245760,ostkanten
47691670,Oslo BK Klubbturnering Høstserie 5/14,2024-09-18T16:00:00Z,https://cuescore.com/tournament/Oslo+BK+Klubbturnering+H%C3%B8stserie+5%252F14/47691670,obk
47692237,Mandagsturnering for C&D-liga,2024-09-16T16:00:00Z,https://cuescore.com/tournament/Mandagsturnering+for+C%2526D-liga/47692237,obk
47692036,Mandagsturnering for alle,2024-09-16T16:00:00Z,https://cuescore.com/tournament/Mandagsturnering+for+alle/47692036,obk
48211264,Eastside Ball 5,2024-09-15T13:00:00Z,https://cuescore.com/tournament/Eastside+Ball+5/48211264,ostkanten
47691649,Oslo BK Klubbturnering Høstserie 4/14,2024-09-11T16:00:00Z,https://cuescore.com/tournament/Oslo+BK+Klubbturnering+H%C3%B8stserie+4%252F14/47691649,obk
47692012,Mandagsturnering for ALLE,2024-09-09T16:00:00Z,https://cuescore.com/tournament/Mandagsturnering+for+ALLE/47692012,obk
48251845,Treningsturn H,2024-09-05T17:00:00Z,https://cuescore.com/tournament/Treningsturn+H/48251845,obk
47689960,Oslo BK Klubbturnering Høstserie 3/14,2024-09-04T16:00:00Z,https://cuescore.com/tournament/Oslo+BK+Klubbturnering+H%C3%B8stserie+3%252F14/47689960,obk
47692222,Mandagsturnering for C&D-liga: Bragging Rights!!,2024-09-02T16:00:00Z,https://cuescore.com/tournament/Mandagsturnering+for+C%2526D-liga%3A+Bragging+Rights%21%21/47692222,obk
47691994,Mandagsturnering for ALLE,2024-09-02T16:00:00Z,https://cuescore.com/tournament/Mandagsturnering+for+ALLE/47691994,obk
47865298,Eastside Ball 3,2024-09-01T13:00:00Z,https://cuescore.com/tournament/Eastside+Ball+3/47865298,ostkanten
45923464,Mixed Scotch Double no.14 @CUE,2024-08-31T12:30:00Z,https://cuescore.com/tournament/Mixed+Scotch+Double+no.14+%40CUE/45923464,obk
47689402,Oslo BK Klubbturnering Høstserie 2/14,2024-08-28T16:00:00Z,https://cuescore.com/tournament/Oslo+BK+Klubbturnering+H%C3%B8stserie+2%252F14/47689402,obk
47692162,Mandagsturnering for C&D-liga,2024-08-26T16:00:00Z,https://cuescore.com/tournament/Mandagsturnering+for+C%2526D-liga/47692162,obk
47691967,Mandagsturnering for ALLE,2024-08-26T16:00:00Z,https://cuescore.com/tournament/Mandagsturnering+for+ALLE/47691967,obk
47328007,Eastside Ball 2,2024-08-25T13:00:00Z,https://cuescore.com/tournament/Eastside+Ball+2/47328007,ostkanten
47036800,Klubbturnering Høstserie 1/14,2024-08-21T16:00:00Z,https://cuescore.com/tournament/Klubbturnering+H%C3%B8stserie+1%252F14/47036800,obk
47036665,Mandagsturnering for ALLE,2024-08-19T16:00:00Z,https://cuescore.com/tournament/Mandagsturnering+for+ALLE/47036665,obk
46173055,Eastside Ball 1,2024-08-18T13:00:00Z,https://cuescore.com/tournament/Eastside+Ball+1/46173055,ostkanten
46715314,Oslo BK Klubbturnering,2024-08-14T16:00:00Z,https://cuescore.com/tournament/Oslo+BK+Klubbturnering/46715314,obk
46642558,Mandagsturnering for ALLE,2024-08-12T16:00:00Z,https://cuescore.com/tournament/Mandagsturnering+for+ALLE/46642558,obk
46938565,En siste sommerlek på Cue,2024-08-11T13:00:00Z,https://cuescore.com/tournament/En+siste+sommerlek+p%C3%A5+Cue/46938565,ostkanten
46430416,Oslo BK Klubbturnering,2024-08-07T16:00:00Z,https://cuescore.com/tournament/Oslo+BK+Klubbturnering/46430416,obk
46595956,Mandagsturnering for ALLE,2024-08-05T16:00:00Z,https://cuescore.com/tournament/Mandagsturnering+for+ALLE/46595956,obk
46576675,Sunday funday,2024-08-04T14:00:00Z,,obk
45923092,Oslo BK Klubbturnering,2024-07-31T16:00:00Z,https://cuescore.com/tournament/Oslo+BK+Klubbturnering/45923092,obk
44280028,Mandagsturnering for ALLE,2024-07-29T16:00:00Z,https://cuescore.com/tournament/Mandagsturnering+for+ALLE/44280028,obk
45613027,Oslo BK Sommertour IV 5/9 an,2024-07-27T11:00:00Z,https://cuescore.com/tournament/Oslo+BK+Sommertour+IV+5%252F9+an/45613027,obk
45923086,Oslo BK Klubbturnering,2024-07-24T16:00:00Z,https://cuescore.com/tournament/Oslo+BK+Klubbturnering/45923086,obk
45919432,Mandagsturnering for ALLE,2024-07-22T16:00:00Z,https://cuescore.com/tournament/Mandagsturnering+for+ALLE/45919432,obk
45155158,Oslo BK Sommertour III,2024-07-20T11:00:00Z,https://cuescore.com/tournament/Oslo+BK+Sommertour+III/45155158,obk
45703357,Oslo BK Klubbturnering,2024-07-17T16:00:00Z,https://cuescore.com/tournament/Oslo+BK+Klubbturnering/45703357,obk
45758506,Tirsdags tourney,2024-07-16T16:15:00Z,https://cuescore.com/tournament/Tirsdags+tourney/45758506,obk
44280016,Mandagsturnering for ALLE,2024-07-15T16:00:00Z,https://cuescore.com/tournament/Mandagsturnering+for+ALLE/44280016,obk
44722009,Oslo BK Sommertour II,2024-07-13T11:00:00Z,https://cuescore.com/tournament/Oslo+BK+Sommertour+II/44722009,obk
45501643,Oslo BK Klubbturnering,2024-07-10T16:00:00Z,https://cuescore.com/tournament/Oslo+BK+Klubbturnering/45501643,obk
44280010,Mandagsturnering for ALLE,2024-07-08T16:00:00Z,https://cuescore.com/tournament/Mandagsturnering+for+ALLE/44280010,obk
44355742,Oslo BK Sommertour I,2024-07-06T11:00:00Z,https://cuescore.com/tournament/Oslo+BK+Sommertour+I/44355742,obk
44476267,Oslo BK Klubbturnering,2024-07-03T16:00:00Z,https://cuescore.com/tournament/Oslo+BK+Klubbturnering/44476267,obk
44279986,Mandagsturnering for ALLE,2024-07-01T16:00:00Z,https://cuescore.com/tournament/Mandagsturnering+for+ALLE/44279986,obk
44850076,Sommerlek på Cue,2024-06-30T14:00:00Z,https://cuescore.com/tournament/Sommerlek+p%C3%A5+Cue/44850076,ostkanten
44476033,Oslo BK Klubbturnering,2024-06-26T16:00:00Z,https://cuescore.com/tournament/Oslo+BK+Klubbturnering/44476033,obk
44476027,Mandagsturnering for ALLE!,2024-06-24T16:00:00Z,https://cuescore.com/tournament/Mandagsturnering+for+ALLE%21/44476027,obk
37714462,Mixed Scotch Double no.13 @ CUE,2024-06-22T12:30:00Z,https://cuescore.com/tournament/Mixed+Scotch+Double+no.13+%40+CUE/37714462,obk
44355724,Oslo BK Klubbturnering,2024-06-19T16:00:00Z,https://cuescore.com/tournament/Oslo+BK+Klubbturnering/44355724,obk
44355796,Mandagsturnering for ALLE!,2024-06-17T16:00:00Z,https://cuescore.com/tournament/Mandagsturnering+for+ALLE%21/44355796,obk
44260939,EASTSIDE BALL 36 2023/24,2024-06-16T13:05:00Z,https://cuescore.com/tournament/EASTSIDE+BALL+36+2023%252F24/44260939,ostkanten
44183785,Oslo BK Klubbturnering,2024-06-12T16:00:00Z,https://cuescore.com/tournament/Oslo+BK+Klubbturnering/44183785,obk
44175136,OBK Mandagsturnering C/D: 9-ball,2024-06-10T16:00:00Z,https://cuescore.com/tournament/OBK+Mandagsturnering+C%252FD%3A+9-ball/44175136,obk
43948882,EASTSIDE BALL 35 2023/24,2024-06-09T13:00:00Z,https://cuescore.com/tournament/EASTSIDE+BALL+35+2023%252F24/43948882,ostkanten
43849873,Oslo BK Klubbturnering,2024-06-05T16:00:00Z,https://cuescore.com/tournament/Oslo+BK+Klubbturnering/43849873,obk
43818523,Mandagsturnering for C&D-liga,2024-06-03T16:00:00Z,https://cuescore.com/tournament/Mandagsturnering+for+C%2526D-liga/43818523,obk
43656025,EASTSIDE BALL 34 2023/24,2024-06-02T13:00:00Z,https://cuescore.com/tournament/EASTSIDE+BALL+34+2023%252F24/43656025,ostkanten
43177456,Oslo BK Klubbturnering,2024-05-29T16:00:00Z,https://cuescore.com/tournament/Oslo+BK+Klubbturnering/43177456,obk
43497466,Oslo BK Mandagsturnering 10-ball,2024-05-27T16:00:00Z,https://cuescore.com/tournament/Oslo+BK+Mandagsturnering+10-ball/43497466,obk
43228003,EASTSIDE BALL 33 2023/24,2024-05-26T13:05:00Z,https://cuescore.com/tournament/EASTSIDE+BALL+33+2023%252F24/43228003,ostkanten
43201369,Oslo BK Klubbturnering,2024-05-22T16:00:00Z,https://cuescore.com/tournament/Oslo+BK+Klubbturnering/43201369,obk
42773461,Turnering for amatører og nybegynnere,2024-05-21T15:00:00Z,https://cuescore.com/tournament/Turnering+for+amat%C3%B8rer+og+nybegynnere/42773461,obk
43037926,EASTSIDE BALL 32 2023/24,2024-05-19T13:00:00Z,https://cuescore.com/tournament/EASTSIDE+BALL+32+2023%252F24/43037926,ostkanten
40279579,B-liga turnering II,2024-05-18T11:15:00Z,https://cuescore.com/tournament/B-liga+turnering+II/40279579,obk
43072570,Flr17maitour,2024-05-16T17:16:00Z,https://cuescore.com/tournament/Flr17maitour/43072570,obk
42274549,Oslo BK Vårfinale Topp 8,2024-05-15T16:00:00Z,https://cuescore.com/tournament/Oslo+BK+V%C3%A5rfinale+Topp+8/42274549,obk
42926308,Oslo BK Klubbturnering,2024-05-15T16:00:00Z,https://cuescore.com/tournament/Oslo+BK+Klubbturnering/42926308,obk
43023493,Osofototour,2024-05-14T16:00:00Z,https://cuescore.com/tournament/Osofototour/43023493,obk
42728875,EASTSIDE BALL 31 2023/24,2024-05-12T13:00:00Z,https://cuescore.com/tournament/EASTSIDE+BALL+31+2023%252F24/42728875,ostkanten
37714351,Mixed Scotch Double no.12 @ CUE,2024-05-11T12:30:00Z,https://cuescore.com/tournament/Mixed+Scotch+Double+no.12+%40+CUE/37714351,obk
42274795,Oslo BK Klubbturnering,2024-05-08T16:00:00Z,https://cuescore.com/tournament/Oslo+BK+Klubbturnering/42274795,obk
42692767,OBK Mandagsturnering C/D: 9-ball,2024-05-06T16:00:00Z,https://cuescore.com/tournament/OBK+Mandagsturnering+C%252FD%3A+9-ball/42692767,obk
42567931,EASTSIDE BALL 30 2023/24,2024-05-05T13:00:00Z,https://cuescore.com/tournament/EASTSIDE+BALL+30+2023%252F24/42567931,ostkanten
42547858,OBK 1.mai turnering 🎉 Kl.17!!,2024-05-01T15:05:00Z,https://cuescore.com/tournament/OBK+1.mai+turnering+%F0%9F%8E%89+Kl.17%21%21/42547858,obk
42440206,Mandagsturnering C&D-spillere: 8-ball,2024-04-29T16:00:00Z,https://cuescore.com/tournament/Mandagsturnering+C%2526D-spillere%3A+8-ball/42440206,obk
42257338,EASTSIDE BALL 29 2023/24,2024-04-28T13:00:00Z,https://cuescore.com/tournament/EASTSIDE+BALL+29+2023%252F24/42257338,ostkanten
42274786,THR Invitational,2024-04-27T13:00:00Z,,obk
41921992,Oslo BK Klubbturnering Vårserie 14/14,2024-04-24T16:00:00Z,https://cuescore.com/tournament/Oslo+BK+Klubbturnering+V%C3%A5rserie+14%252F14/41921992,obk
42202297,Christians onerack,2024-04-21T18:30:00Z,https://cuescore.com/tournament/Christians+onerack/42202297,ostkanten
42031840,EASTSIDE BALL 28 2023/24,2024-04-21T13:15:00Z,https://cuescore.com/tournament/EASTSIDE+BALL+28+2023%252F24/42031840,ostkanten
37714342,Mixed Scotch Double no.11 @ CUE,2024-04-20T11:00:00Z,https://cuescore.com/tournament/Mixed+Scotch+Double+no.11+%40+CUE/37714342,obk
42067699,Bragging Rights Match #3,2024-04-18T16:00:00Z,,obk
41921983,Oslo BK Klubbturnering Vårserie 13/14,2024-04-17T16:00:00Z,https://cuescore.com/tournament/Oslo+BK+Klubbturnering+V%C3%A5rserie+13%252F14/41921983,obk
41899936,Oslo BK C-ligaen Vårserie 14/14: 9-ball,2024-04-15T16:00:00Z,https://cuescore.com/tournament/Oslo+BK+C-ligaen+V%C3%A5rserie+14%252F14%3A+9-ball/41899936,obk
41656723,EASTSIDE BALL 27 2023/24,2024-04-14T13:00:00Z,https://cuescore.com/tournament/EASTSIDE+BALL+27+2023%252F24/41656723,ostkanten
41551393,Triple Cup - Pool,2024-04-13T14:00:00Z,https://cuescore.com/tournament/Triple+Cup+-+Pool/41551393,obk
36513811,Oslo BK Klubbturnering Vårserie 12/14,2024-04-10T16:00:00Z,https://cuescore.com/tournament/Oslo+BK+Klubbturnering+V%C3%A5rserie+12%252F14/36513811,obk
41508628,Oslo BK C-ligaen Vårserie 13/14: Bragging Rights,2024-04-08T16:00:00Z,https://cuescore.com/tournament/Oslo+BK+C-ligaen+V%C3%A5rserie+13%252F14%3A+Bragging+Rights/41508628,obk
41439583,EASTSIDE BALL 26 2023/24,2024-04-07T13:00:00Z,https://cuescore.com/tournament/EASTSIDE+BALL+26+2023%252F24/41439583,ostkanten
41115943,Kvinnetrening-turnering,2024-04-04T16:00:00Z,https://cuescore.com/tournament/Kvinnetrening-turnering/41115943,obk
36513790,Oslo BK Klubbturnering Vårserie 11/14,2024-04-03T16:00:00Z,https://cuescore.com/tournament/Oslo+BK+Klubbturnering+V%C3%A5rserie+11%252F14/36513790,obk
41249593,Challenge Match,2024-03-29T18:00:00Z,,obk
41006224,EASTSIDE BALL 25 2023/24,2024-03-24T14:00:00Z,https://cuescore.com/tournament/EASTSIDE+BALL+25+2023%252F24/41006224,ostkanten
40997128,Practice match,2024-03-21T17:00:00Z,https://cuescore.com/tournament/Practice+match/40997128,obk
36513769,Oslo BK Klubbturnering Vårserie 10/14,2024-03-20T17:00:00Z,https://cuescore.com/tournament/Oslo+BK+Klubbturnering+V%C3%A5rserie+10%252F14/36513769,obk
40947559,Bragging Rights Match #2!,2024-03-19T18:00:00Z,,obk
40873945,Oslo BK C-ligaen Vårserie 11/14: 8-ball,2024-03-18T17:00:00Z,https://cuescore.com/tournament/Oslo+BK+C-ligaen+V%C3%A5rserie+11%252F14%3A+8-ball/40873945,obk
40716280,EASTSIDE BALL 24 2023/24,2024-03-17T14:10:00Z,https://cuescore.com/tournament/EASTSIDE+BALL+24+2023%252F24/40716280,ostkanten
40875643,One rack,2024-03-16T17:00:00Z,https://cuescore.com/tournament/One+rack/40875643,obk
40878748,Bank pool,2024-03-16T17:00:00Z,https://cuescore.com/tournament/Bank+pool/40878748,obk
40218460,B-Liga turnering I,2024-03-16T12:00:00Z,https://cuescore.com/tournament/B-Liga+turnering+I/40218460,obk
36513169,Oslo BK Klubbturnering Vårserie 9/14(obs: bytte til torsdag!),2024-03-14T17:00:00Z,https://cuescore.com/tournament/Oslo+BK+Klubbturnering+V%C3%A5rserie+9%252F14%28obs%3A+bytte+til+torsdag%21%29/36513169,obk
40457998,Oslo BK C-ligaen Vårserie 10/14: Bragging Rights,2024-03-11T17:00:00Z,https://cuescore.com/tournament/Oslo+BK+C-ligaen+V%C3%A5rserie+10%252F14%3A+Bragging+Rights/40457998,obk
40598671,EASTSIDE BALL 23 2023/24,2024-03-10T14:00:00Z,https://cuescore.com/tournament/EASTSIDE+BALL+23+2023%252F24/40598671,ostkanten
40646350,The winner takes it all,2024-03-09T18:00:00Z,https://cuescore.com/tournament/The+winner+takes+it+all/40646350,obk
37714195,Mixed Scotch Double no.10 @ CUE,2024-03-09T12:00:00Z,https://cuescore.com/tournament/Mixed+Scotch+Double+no.10+%40+CUE/37714195,obk
36511846,Oslo BK Klubbturnering Vårserie 8/14,2024-03-06T17:00:00Z,https://cuescore.com/tournament/Oslo+BK+Klubbturnering+V%C3%A5rserie+8%252F14/36511846,obk
40468405,Bragging Rights Match #1!,2024-03-05T18:00:00Z,https://cuescore.com/tournament/Bragging+Rights+Match+%25231%21/40468405,obk
39841765,Oslo BK C-ligaen Vårserie 9/14: 9-ball,2024-03-04T17:00:00Z,https://cuescore.com/tournament/Oslo+BK+C-ligaen+V%C3%A5rserie+9%252F14%3A+9-ball/39841765,obk
40438699,One rack baby,2024-03-03T21:00:00Z,https://cuescore.com/tournament/One+rack+baby/40438699,ostkanten
40341721,EASTSIDE BALL 22 2023/24,2024-03-03T14:05:00Z,https://cuescore.com/tournament/EASTSIDE+BALL+22+2023%252F24/40341721,ostkanten
40362916,KØ-pÅdd Challenge Match,2024-03-01T17:30:00Z,,obk
36511825,Oslo BK Klubbturnering Vårserie 7/14,2024-02-28T17:00:00Z,https://cuescore.com/tournament/Oslo+BK+Klubbturnering+V%C3%A5rserie+7%252F14/36511825,obk
40193677,EASTSIDE BALL 21 2023/24,2024-02-25T14:00:00Z,https://cuescore.com/tournament/EASTSIDE+BALL+21+2023%252F24/40193677,ostkanten
40191676,CUE Oslo - Västerås WARM UP LOSER CUP,2024-02-23T17:00:00Z,https://cuescore.com/tournament/CUE+Oslo+-+V%C3%A4ster%C3%A5s+WARM+UP+LOSER+CUP/40191676,obk
40191154,CUE Oslo - Västerås WARM UP,2024-02-23T17:00:00Z,https://cuescore.com/tournament/CUE+Oslo+-+V%C3%A4ster%C3%A5s+WARM+UP/40191154,obk
36515500,Oslo BK Klubbturnering 5/9-an,2024-02-21T17:00:00Z,https://cuescore.com/tournament/Oslo+BK+Klubbturnering+5%252F9-an/36515500,obk
39841741,Oslo BK C-ligaen Vårserie 7/14: 9-ball,2024-02-19T17:00:00Z,https://cuescore.com/tournament/Oslo+BK+C-ligaen+V%C3%A5rserie+7%252F14%3A+9-ball/39841741,obk
39166891,EASTSIDE BALL 20 2023/24,2024-02-18T14:10:00Z,https://cuescore.com/tournament/EASTSIDE+BALL+20+2023%252F24/39166891,ostkanten
36511795,Oslo BK Klubbturnering Vårserie 6/14,2024-02-14T17:00:00Z,https://cuescore.com/tournament/Oslo+BK+Klubbturnering+V%C3%A5rserie+6%252F14/36511795,obk
36520810,Oslo BK C-ligaen Vårserie 6/14,2024-02-12T17:00:00Z,https://cuescore.com/tournament/Oslo+BK+C-ligaen+V%C3%A5rserie+6%252F14/36520810,obk
38729155,SUNDAY FUNDAY,2024-02-11T14:45:00Z,https://cuescore.com/tournament/SUNDAY+FUNDAY/38729155,ostkanten
36511777,Oslo BK Klubbturnering Vårserie 5/14,2024-02-07T17:00:00Z,https://cuescore.com/tournament/Oslo+BK+Klubbturnering+V%C3%A5rserie+5%252F14/36511777,obk
38725948,Tirsdag på Lumber,2024-02-06T16:00:00Z,https://cuescore.com/tournament/Tirsdag+p%C3%A5+Lumber/38725948,obk
36520792,Oslo BK C-ligaen Vårserie 5/14: Bragging Rights,2024-02-05T17:00:00Z,https://cuescore.com/tournament/Oslo+BK+C-ligaen+V%C3%A5rserie+5%252F14%3A+Bragging+Rights/36520792,obk
37685038,EASTSIDE BALL 19 2023/24,2024-02-04T14:00:00Z,https://cuescore.com/tournament/EASTSIDE+BALL+19+2023%252F24/37685038,ostkanten
38668327,One rack,2024-02-03T17:00:00Z,https://cuescore.com/tournament/One+rack/38668327,obk
34775440,Mixed Scotch Double no.9 @ CUE,2024-02-03T12:00:00Z,https://cuescore.com/tournament/Mixed+Scotch+Double+no.9+%40+CUE/34775440,obk
36511768,Oslo BK Klubbturnering Vårserie 4/14,2024-01-31T17:00:00Z,https://cuescore.com/tournament/Oslo+BK+Klubbturnering+V%C3%A5rserie+4%252F14/36511768,obk
36520705,Oslo BK C-ligaen Vårserie 4/14: 5a-9a,2024-01-29T17:00:00Z,https://cuescore.com/tournament/Oslo+BK+C-ligaen+V%C3%A5rserie+4%252F14%3A+5a-9a/36520705,obk
37683943,EASTSIDE BALL 18 2023/24,2024-01-28T14:15:00Z,https://cuescore.com/tournament/EASTSIDE+BALL+18+2023%252F24/37683943,ostkanten
36511756,Oslo BK Klubbturnering Vårserie 3/14,2024-01-24T17:00:00Z,https://cuescore.com/tournament/Oslo+BK+Klubbturnering+V%C3%A5rserie+3%252F14/36511756,obk
36520699,Oslo BK C-ligaen Vårserie 3/14,2024-01-22T17:00:00Z,https://cuescore.com/tournament/Oslo+BK+C-ligaen+V%C3%A5rserie+3%252F14/36520699,obk
37227664,EASTSIDE BALL 17 2023/24,2024-01-21T14:30:00Z,https://cuescore.com/tournament/EASTSIDE+BALL+17+2023%252F24/37227664,ostkanten
36511729,Oslo BK Klubbturnering Vårserie 2/14,2024-01-17T17:00:00Z,https://cuescore.com/tournament/Oslo+BK+Klubbturnering+V%C3%A5rserie+2%252F14/36511729,obk
36520684,Oslo BK C-ligaen Vårserie 2/14,2024-01-15T17:00:00Z,https://cuescore.com/tournament/Oslo+BK+C-ligaen+V%C3%A5rserie+2%252F14/36520684,obk
36984778,Oslo BK D-ligaen Vårserie 2/14,2024-01-15T17:00:00Z,https://cuescore.com/tournament/Oslo+BK+D-ligaen+V%C3%A5rserie+2%252F14/36984778,obk
34773304,Mixed Scotch Double no.8 @ CUE: Warm Up Edition!,2024-01-14T12:00:00Z,https://cuescore.com/tournament/Mixed+Scotch+Double+no.8+%40+CUE%3A+Warm+Up+Edition%21/34773304,obk
36511714,Oslo BK Klubbturnering Vårserie 1/14,2024-01-10T17:00:00Z,https://cuescore.com/tournament/Oslo+BK+Klubbturnering+V%C3%A5rserie+1%252F14/36511714,obk
36234760,OBK Nybegynner-turnering,2024-01-09T17:00:00Z,https://cuescore.com/tournament/OBK+Nybegynner-turnering/36234760,obk
36520480,Oslo BK C-ligaen Vårserie 1/14: Bragging Rights,2024-01-08T17:00:00Z,https://cuescore.com/tournament/Oslo+BK+C-ligaen+V%C3%A5rserie+1%252F14%3A+Bragging+Rights/36520480,obk
36600268,EASTSIDE BALL 16 2023/24,2024-01-07T14:00:00Z,https://cuescore.com/tournament/EASTSIDE+BALL+16+2023%252F24/36600268,ostkanten
36472768,OBK klubbturnering,2024-01-03T17:00:00Z,https://cuescore.com/tournament/OBK+klubbturnering/36472768,obk
34734052,EASTSIDE CHRISTMAS BALL,2023-12-29T14:00:00Z,https://cuescore.com/tournament/EASTSIDE+CHRISTMAS+BALL/34734052,ostkanten
34809064,OBK Klubbmesterskap 2023,2023-12-27T16:00:00Z,https://cuescore.com/tournament/OBK+Klubbmesterskap+2023/34809064,obk
34802626,OBK Klubbmesterskap 2023,2023-12-26T16:00:00Z,https://cuescore.com/tournament/OBK+Klubbmesterskap+2023/34802626,obk
36216613,OBK Klubbturnering: 5a-9a,2023-12-20T17:00:00Z,https://cuescore.com/tournament/OBK+Klubbturnering%3A+5a-9a/36216613,obk
35828203,Oslo BK Høstserie 2023 Seriefinale (Topp 8),2023-12-13T17:00:00Z,https://cuescore.com/tournament/Oslo+BK+H%C3%B8stserie+2023+Seriefinale+%28Topp+8%29/35828203,obk
35912224,Oslo BK Klubbturnering,2023-12-13T16:52:00Z,https://cuescore.com/tournament/Oslo+BK+Klubbturnering/35912224,obk
36063010,Mandags-desperatetterturnering-turnering,2023-12-11T17:00:00Z,https://cuescore.com/tournament/Mandags-desperatetterturnering-turnering/36063010,obk
35925604,EASTSIDE BALL 15 2023/24,2023-12-10T14:00:00Z,https://cuescore.com/tournament/EASTSIDE+BALL+15+2023%252F24/35925604,ostkanten
35841997,Klubbturnering OBK,2023-12-06T17:00:00Z,https://cuescore.com/tournament/Klubbturnering+OBK/35841997,obk
35822521,Mandagsturnering i C & D-liga,2023-12-04T17:00:00Z,https://cuescore.com/tournament/Mandagsturnering+i+C+%2526+D-liga/35822521,obk
35566969,EASTSIDE BALL 14  2023/24,2023-12-03T14:00:00Z,https://cuescore.com/tournament/EASTSIDE+BALL+14++2023%252F24/35566969,ostkanten
35172058,Oslo BK Klubbturnering Høstserie 14/14,2023-11-29T17:00:00Z,https://cuescore.com/tournament/Oslo+BK+Klubbturnering+H%C3%B8stserie+14%252F14/35172058,obk
35604667,Skanska Fadderarrangement,2023-11-28T17:00:00Z,https://cuescore.com/tournament/Skanska+Fadderarrangement/35604667,obk
34790182,Oslo BK C-liga Høstserie 14/14,2023-11-27T17:00:00Z,https://cuescore.com/tournament/Oslo+BK+C-liga+H%C3%B8stserie+14%252F14/34790182,obk
35474683,OBK B-Liga turnering I,2023-11-27T17:00:00Z,https://cuescore.com/tournament/OBK+B-Liga+turnering+I/35474683,obk
35553040,EASTSIDE BALL HØST 13 2023/24,2023-11-26T14:40:00Z,https://cuescore.com/tournament/EASTSIDE+BALL+H%C3%98ST+13+2023%252F24/35553040,ostkanten
35172040,Oslo BK Klubbturnering Høstserie 13/14,2023-11-22T17:00:00Z,https://cuescore.com/tournament/Oslo+BK+Klubbturnering+H%C3%B8stserie+13%252F14/35172040,obk
34790164,Oslo BK C-liga Høstserie 13/14,2023-11-20T17:00:00Z,https://cuescore.com/tournament/Oslo+BK+C-liga+H%C3%B8stserie+13%252F14/34790164,obk
35260294,One rack baby 2,2023-11-19T20:30:00Z,https://cuescore.com/tournament/One+rack+baby+2/35260294,ostkanten
35257933,One rack baby!,2023-11-19T19:00:00Z,https://cuescore.com/tournament/One+rack+baby%21/35257933,ostkanten
35132968,Challenge match (KPD),2023-11-16T17:00:00Z,https://cuescore.com/tournament/Challenge+match+%28KPD%29/35132968,obk
34971901,Oslo BK Klubbturnering Høstserie 12/14,2023-11-15T17:00:00Z,https://cuescore.com/tournament/Oslo+BK+Klubbturnering+H%C3%B8stserie+12%252F14/34971901,obk
34790149,Oslo BK C-liga Høstserie 12/14,2023-11-13T17:00:00Z,https://cuescore.com/tournament/Oslo+BK+C-liga+H%C3%B8stserie+12%252F14/34790149,obk
34790158,Oslo BK D-liga Høstserie 12/14,2023-11-13T17:00:00Z,https://cuescore.com/tournament/Oslo+BK+D-liga+H%C3%B8stserie+12%252F14/34790158,obk
34907152,EASTSIDE BALL HØST 11 2023/24,2023-11-12T14:00:00Z,https://cuescore.com/tournament/EASTSIDE+BALL+H%C3%98ST+11+2023%252F24/34907152,ostkanten
34844146,Oslo BK klubbturnering Høstserie 11/14,2023-11-08T17:00:00Z,https://cuescore.com/tournament/Oslo+BK+klubbturnering+H%C3%B8stserie+11%252F14/34844146,obk
34016380,Oslo BK C-liga Høstserie 11/14,2023-11-06T17:00:00Z,https://cuescore.com/tournament/Oslo+BK+C-liga+H%C3%B8stserie+11%252F14/34016380,obk
34442710,EASTSIDE BALL HØST 10 2023/24,2023-11-05T14:05:00Z,https://cuescore.com/tournament/EASTSIDE+BALL+H%C3%98ST+10+2023%252F24/34442710,ostkanten
30091948,Mixed Scotch Double no.7 @CUE,2023-11-04T12:00:00Z,https://cuescore.com/tournament/Mixed+Scotch+Double+no.7+%40CUE/30091948,obk
34393408,Oslo BK klubbturnering Høstserie 10/14,2023-11-01T17:00:00Z,https://cuescore.com/tournament/Oslo+BK+klubbturnering+H%C3%B8stserie+10%252F14/34393408,obk
34016368,Oslo BK C-liga Høstserie 10/14,2023-10-30T17:00:00Z,https://cuescore.com/tournament/Oslo+BK+C-liga+H%C3%B8stserie+10%252F14/34016368,obk
34325830,EASTSIDE BALL 9 HØST 2023/24,2023-10-29T14:00:00Z,https://cuescore.com/tournament/EASTSIDE+BALL+9+H%C3%98ST+2023%252F24/34325830,ostkanten
34219687,Oslo BK Klubbturnering Høstserie 9/14,2023-10-25T16:00:00Z,https://cuescore.com/tournament/Oslo+BK+Klubbturnering+H%C3%B8stserie+9%252F14/34219687,obk
34016350,Oslo BK C-liga Høstserie 9/14,2023-10-23T16:00:00Z,https://cuescore.com/tournament/Oslo+BK+C-liga+H%C3%B8stserie+9%252F14/34016350,obk
34016332,Oslo BK D-liga Høstserie 9/14,2023-10-23T16:00:00Z,https://cuescore.com/tournament/Oslo+BK+D-liga+H%C3%B8stserie+9%252F14/34016332,obk
34176316,EASTSIDE BALL HØST 8 2023/24,2023-10-22T13:30:00Z,https://cuescore.com/tournament/EASTSIDE+BALL+H%C3%98ST+8+2023%252F24/34176316,ostkanten
34019194,Oslo BK Klubbturnering Høstserie 8/14,2023-10-18T16:00:00Z,https://cuescore.com/tournament/Oslo+BK+Klubbturnering+H%C3%B8stserie+8%252F14/34019194,obk
34056361,FourTourPool,2023-10-17T16:00:00Z,https://cuescore.com/tournament/FourTourPool/34056361,obk
33987598,Oslo BK D-liga Høstserie 8/14,2023-10-16T16:00:00Z,https://cuescore.com/tournament/Oslo+BK+D-liga+H%C3%B8stserie+8%252F14/33987598,obk
33987667,Oslo BK C-liga Høstserie 8/14,2023-10-16T16:00:00Z,https://cuescore.com/tournament/Oslo+BK+C-liga+H%C3%B8stserie+8%252F14/33987667,obk
33989716,Onerack Cue,2023-10-15T19:00:00Z,https://cuescore.com/tournament/Onerack+Cue/33989716,obk
33922105,EASTSIDE BALL HØST 7 2023/24,2023-10-15T13:15:00Z,https://cuescore.com/tournament/EASTSIDE+BALL+H%C3%98ST+7+2023%252F24/33922105,ostkanten
33368872,Oslo BK Klubbturnering Høstserie 7/14,2023-10-11T16:00:00Z,https://cuescore.com/tournament/Oslo+BK+Klubbturnering+H%C3%B8stserie+7%252F14/33368872,obk
31976623,Oslo BK C-liga Høstserie 7/14,2023-10-09T16:00:00Z,https://cuescore.com/tournament/Oslo+BK+C-liga+H%C3%B8stserie+7%252F14/31976623,obk
33731446,FourTourPoolG,2023-10-09T14:20:00Z,https://cuescore.com/tournament/FourTourPoolG/33731446,obk
33682282,Eastside Ball Høst 6 2023/24,2023-10-08T13:00:00Z,https://cuescore.com/tournament/Eastside+Ball+H%C3%B8st+6+2023%252F24/33682282,ostkanten
33605782,Tre musketerers tour 1,2023-10-05T13:33:00Z,https://cuescore.com/tournament/Tre+musketerers+tour+1/33605782,obk
30539206,Oslo BK Klubbmesterskap,2023-10-04T16:00:00Z,https://cuescore.com/tournament/Oslo+BK+Klubbmesterskap/30539206,obk
33372424,Høstferie turnering C&D,2023-10-02T16:00:00Z,https://cuescore.com/tournament/H%C3%B8stferie+turnering+C%2526D/33372424,obk
33140005,Eastside Ball Høst 5  2023/24,2023-10-01T13:00:00Z,https://cuescore.com/tournament/Eastside+Ball+H%C3%B8st+5++2023%252F24/33140005,ostkanten
30091936,Mixed Scotch Double no.6 @ CUE,2023-09-30T11:00:00Z,https://cuescore.com/tournament/Mixed+Scotch+Double+no.6+%40+CUE/30091936,obk
32707141,Oslo BK Klubbturnering Høstserie 6/14,2023-09-27T16:00:00Z,https://cuescore.com/tournament/Oslo+BK+Klubbturnering+H%C3%B8stserie+6%252F14/32707141,obk
31976599,Oslo BK C-liga Høstserie 6/14,2023-09-25T16:00:00Z,https://cuescore.com/tournament/Oslo+BK+C-liga+H%C3%B8stserie+6%252F14/31976599,obk
32950462,Eastside Ball Høst 4  2023/24,2023-09-24T13:30:00Z,https://cuescore.com/tournament/Eastside+Ball+H%C3%B8st+4++2023%252F24/32950462,ostkanten
32133340,Oslo BK Klubbturnering Høstserie 5/14,2023-09-20T16:00:00Z,https://cuescore.com/tournament/Oslo+BK+Klubbturnering+H%C3%B8stserie+5%252F14/32133340,obk
30757132,Oslo BK C-liga Høstserie 5/14,2023-09-18T16:10:00Z,https://cuescore.com/tournament/Oslo+BK+C-liga+H%C3%B8stserie+5%252F14/30757132,obk
30757117,Oslo BK D-liga Høstserie 5/14,2023-09-18T16:00:00Z,https://cuescore.com/tournament/Oslo+BK+D-liga+H%C3%B8stserie+5%252F14/30757117,obk
32419684,Eastside ball 3 høst 2023/24,2023-09-17T13:15:00Z,https://cuescore.com/tournament/Eastside+ball+3+h%C3%B8st+2023%252F24/32419684,ostkanten
31726498,Makaroni Kopp Qualifier,2023-09-16T13:30:00Z,https://cuescore.com/tournament/Makaroni+Kopp+Qualifier/31726498,ostkanten
31996672,Oslo BK Klubbturnering Høstserie 4/14,2023-09-13T16:00:00Z,https://cuescore.com/tournament/Oslo+BK+Klubbturnering+H%C3%B8stserie+4%252F14/31996672,obk
30757111,Oslo BK C-liga Høstserie 4/14,2023-09-11T16:00:00Z,https://cuescore.com/tournament/Oslo+BK+C-liga+H%C3%B8stserie+4%252F14/30757111,obk
31863193,Eastside ball 2 høst 2023/24,2023-09-10T13:15:00Z,https://cuescore.com/tournament/Eastside+ball+2+h%C3%B8st+2023%252F24/31863193,ostkanten
31196827,Oslo BK Klubbturnering Høstserie 3/14,2023-09-06T16:00:00Z,https://cuescore.com/tournament/Oslo+BK+Klubbturnering+H%C3%B8stserie+3%252F14/31196827,obk
30757096,Oslo BK C-liga Høstserie 3/14,2023-09-04T16:00:00Z,https://cuescore.com/tournament/Oslo+BK+C-liga+H%C3%B8stserie+3%252F14/30757096,obk
31362274,Eastside ball 1 høst 2023/24,2023-09-03T13:00:00Z,https://cuescore.com/tournament/Eastside+ball+1+h%C3%B8st+2023%252F24/31362274,ostkanten
30903085,Oslo BK Klubbturnering Høstserie 2/14,2023-08-30T16:00:00Z,https://cuescore.com/tournament/Oslo+BK+Klubbturnering+H%C3%B8stserie+2%252F14/30903085,obk
30757078,Oslo BK D-liga Høstserie 2/14,2023-08-28T16:00:00Z,https://cuescore.com/tournament/Oslo+BK+D-liga+H%C3%B8stserie+2%252F14/30757078,obk
30757084,Oslo BK C-liga Høstserie 2/14,2023-08-28T16:00:00Z,https://cuescore.com/tournament/Oslo+BK+C-liga+H%C3%B8stserie+2%252F14/30757084,obk
30925927,Sunday Funday @ Cue Bar & Biljard,2023-08-27T13:30:00Z,https://cuescore.com/tournament/Sunday+Funday+%40+Cue+Bar+%2526+Biljard/30925927,ostkanten
30556603,Oslo BK Klubbturnering Høstserie 1/14,2023-08-23T16:15:00Z,https://cuescore.com/tournament/Oslo+BK+Klubbturnering+H%C3%B8stserie+1%252F14/30556603,obk
30636205,Oslo BK C-liga Høstserie 1/14,2023-08-21T16:00:00Z,https://cuescore.com/tournament/Oslo+BK+C-liga+H%C3%B8stserie+1%252F14/30636205,obk
30636211,Oslo BK D-liga Høstserie 1/14,2023-08-21T16:00:00Z,https://cuescore.com/tournament/Oslo+BK+D-liga+H%C3%B8stserie+1%252F14/30636211,obk
30522538,Klubbturnering OBK,2023-08-16T16:00:00Z,https://cuescore.com/tournament/Klubbturnering+OBK/30522538,obk
30522520,Mandagsturnering i C&D-liga,2023-08-14T16:00:00Z,https://cuescore.com/tournament/Mandagsturnering+i+C%2526D-liga/30522520,obk
30079384,Klubbturnering OBK,2023-08-09T16:15:00Z,https://cuescore.com/tournament/Klubbturnering+OBK/30079384,obk
30214869,Mandagsturnering i C & D-liga,2023-08-07T16:00:00Z,https://cuescore.com/tournament/Mandagsturnering+i+C+%2526+D-liga/30214869,obk
30079378,Klubbturnering OBK,2023-08-02T16:00:00Z,https://cuescore.com/tournament/Klubbturnering+OBK/30079378,obk
29191150,Mandagsturnering i C&D- liga,2023-07-31T16:00:00Z,https://cuescore.com/tournament/Mandagsturnering+i+C%2526D-+liga/29191150,obk
28140259,Mixed Scotch Double no.5 @ CUE,2023-07-29T11:00:00Z,https://cuescore.com/tournament/Mixed+Scotch+Double+no.5+%40+CUE/28140259,obk
29191648,Klubbturnering OBK,2023-07-26T16:00:00Z,https://cuescore.com/tournament/Klubbturnering+OBK/29191648,obk
29191141,Mandagsturnering i C&D-liga: Scotch Double,2023-07-24T16:00:00Z,https://cuescore.com/tournament/Mandagsturnering+i+C%2526D-liga%3A+Scotch+Double/29191141,obk
29249482,Lørdagsturnering for A&B-liga,2023-07-22T11:00:00Z,https://cuescore.com/tournament/L%C3%B8rdagsturnering+for+A%2526B-liga/29249482,obk
29191624,Klubbturnering OBK,2023-07-19T16:00:00Z,https://cuescore.com/tournament/Klubbturnering+OBK/29191624,obk
29403250,Oslo BK Klubbturnering,2023-07-12T16:00:00Z,https://cuescore.com/tournament/Oslo+BK+Klubbturnering/29403250,obk
29191090,Mandagsturnering i C&D-liga,2023-07-03T16:00:00Z,https://cuescore.com/tournament/Mandagsturnering+i+C%2526D-liga/29191090,obk
29069116,Klubbturnering OBK,2023-06-28T16:00:00Z,https://cuescore.com/tournament/Klubbturnering+OBK/29069116,obk
28140208,Scotch Double @ CUE,2023-06-24T11:00:00Z,https://cuescore.com/tournament/Scotch+Double+%40+CUE/28140208,obk
29031700,Oslo BK Onsdagsturnering,2023-06-21T16:10:00Z,https://cuescore.com/tournament/Oslo+BK+Onsdagsturnering/29031700,obk
29031835,Mandagsturnering i C og D-ligaen,2023-06-19T16:00:00Z,https://cuescore.com/tournament/Mandagsturnering+i+C+og+D-ligaen/29031835,obk
29018557,Sunday funday @ Cue Bar & Biljard,2023-06-18T13:00:00Z,https://cuescore.com/tournament/Sunday+funday+%40+Cue+Bar+%2526+Biljard/29018557,ostkanten
28708276,Klubbturnering OBK,2023-06-14T16:10:00Z,https://cuescore.com/tournament/Klubbturnering+OBK/28708276,obk
28815901,Sunday Funday with ØBK @ Cue Bar & Biljard,2023-06-11T13:00:00Z,https://cuescore.com/tournament/Sunday+Funday+with+%C3%98BK+%40+Cue+Bar+%2526+Biljard/28815901,ostkanten
28707853,Klubbturnering OBK,2023-06-07T16:00:00Z,https://cuescore.com/tournament/Klubbturnering+OBK/28707853,obk
28025434,Mandagsturnering,2023-06-05T16:00:00Z,https://cuescore.com/tournament/Mandagsturnering/28025434,obk
28679881,Sunday Funday @ Cue Bar & Biljard,2023-06-04T13:00:00Z,https://cuescore.com/tournament/Sunday+Funday+%40+Cue+Bar+%2526+Biljard/28679881,ostkanten
28674856,OneRack,2023-06-03T14:00:00Z,https://cuescore.com/tournament/OneRack/28674856,obk
28456405,Klubbturnering OBK,2023-05-31T16:00:00Z,https://cuescore.com/tournament/Klubbturnering+OBK/28456405,obk
28411504,Søndag på Cue,2023-05-28T13:00:00Z,https://cuescore.com/tournament/S%C3%B8ndag+p%C3%A5+Cue/28411504,obk
27176080,Mixed Scotch Double no.4  @ CUE,2023-05-27T11:00:00Z,https://cuescore.com/tournament/Mixed+Scotch+Double+no.4++%40+CUE/27176080,obk
28194661,Oslo BK onsdagsturnering,2023-05-24T16:00:00Z,https://cuescore.com/tournament/Oslo+BK+onsdagsturnering/28194661,obk
28194655,Finale i vårserien 2023,2023-05-24T16:00:00Z,https://cuescore.com/tournament/Finale+i+v%C3%A5rserien+2023/28194655,obk
28025347,Mandagsturnering C liga,2023-05-22T16:00:00Z,https://cuescore.com/tournament/Mandagsturnering+C+liga/28025347,obk
28177945,Sunday Funday @ Cue Bar & Biljard,2023-05-21T13:00:00Z,https://cuescore.com/tournament/Sunday+Funday+%40+Cue+Bar+%2526+Biljard/28177945,ostkanten
27987805,Mandagsturnering C&D-liga,2023-05-15T16:00:00Z,https://cuescore.com/tournament/Mandagsturnering+C%2526D-liga/27987805,obk
27239107,Sunday Funday with ØBK @ Cue Bar & Biljard,2023-05-14T13:00:00Z,https://cuescore.com/tournament/Sunday+Funday+with+%C3%98BK+%40+Cue+Bar+%2526+Biljard/27239107,ostkanten
27768268,Oslo BK Klubbturnering Vårserie 16/16,2023-05-10T16:00:00Z,https://cuescore.com/tournament/Oslo+BK+Klubbturnering+V%C3%A5rserie+16%252F16/27768268,obk
26729878,Oslo BK D-liga Vårserie 16/16,2023-05-08T16:00:00Z,https://cuescore.com/tournament/Oslo+BK+D-liga+V%C3%A5rserie+16%252F16/26729878,obk
26729866,Oslo BK C-liga Vårserie 16/16,2023-05-08T16:00:00Z,https://cuescore.com/tournament/Oslo+BK+C-liga+V%C3%A5rserie+16%252F16/26729866,obk
27239116,Sunday Funday with ØBK @ Cue Bar & Biljard,2023-05-07T13:00:00Z,https://cuescore.com/tournament/Sunday+Funday+with+%C3%98BK+%40+Cue+Bar+%2526+Biljard/27239116,ostkanten
27175909,Mixed Scotch Double no.3 @ CUE,2023-05-06T11:00:00Z,https://cuescore.com/tournament/Mixed+Scotch+Double+no.3+%40+CUE/27175909,obk
27619834,Oslo BK klubbturnering Vårserie 15/16,2023-05-03T16:00:00Z,https://cuescore.com/tournament/Oslo+BK+klubbturnering+V%C3%A5rserie+15%252F16/27619834,obk
27254224,1. Mai-turnering for C og D-liga,2023-05-01T16:00:00Z,https://cuescore.com/tournament/1.+Mai-turnering+for+C+og+D-liga/27254224,obk
27238897,Sunday funday @ Cue Bar & Biljard,2023-04-30T13:30:00Z,https://cuescore.com/tournament/Sunday+funday+%40+Cue+Bar+%2526+Biljard/27238897,ostkanten
27181183,Second Chance Vårserie 14/16,2023-04-26T16:00:00Z,https://cuescore.com/tournament/Second+Chance+V%C3%A5rserie+14%252F16/27181183,obk
27183883,Oslo BK Klubbturnering Vårserie 14/16,2023-04-26T16:00:00Z,https://cuescore.com/tournament/Oslo+BK+Klubbturnering+V%C3%A5rserie+14%252F16/27183883,obk
26729854,Oslo BK C-liga Vårserie 15/16,2023-04-24T16:00:00Z,https://cuescore.com/tournament/Oslo+BK+C-liga+V%C3%A5rserie+15%252F16/26729854,obk
26729860,Oslo BK D-liga Vårserie 15/16,2023-04-24T16:00:00Z,https://cuescore.com/tournament/Oslo+BK+D-liga+V%C3%A5rserie+15%252F16/26729860,obk
27094348,Sunday Funday @ Cue Bar & Biljard,2023-04-23T15:45:00Z,https://cuescore.com/tournament/Sunday+Funday+%40+Cue+Bar+%2526+Biljard/27094348,ostkanten
26726110,Oslo BK Klubbturnering Vårserie 13/16,2023-04-19T16:00:00Z,https://cuescore.com/tournament/Oslo+BK+Klubbturnering+V%C3%A5rserie+13%252F16/26726110,obk
25907116,Oslo BK D-liga Vårserie 14/16,2023-04-17T16:00:00Z,https://cuescore.com/tournament/Oslo+BK+D-liga+V%C3%A5rserie+14%252F16/25907116,obk
25906981,Oslo BK C-liga Vårserie 14/16,2023-04-17T16:00:00Z,https://cuescore.com/tournament/Oslo+BK+C-liga+V%C3%A5rserie+14%252F16/25906981,obk
26658643,Sunday Funday @ Cue Bar & Biljard,2023-04-16T13:00:00Z,https://cuescore.com/tournament/Sunday+Funday+%40+Cue+Bar+%2526+Biljard/26658643,ostkanten
21241732,Oslo BK Klubbturnering,2023-04-12T16:00:00Z,https://cuescore.com/tournament/Oslo+BK+Klubbturnering/21241732,obk
26446711,Sunday Funday @ Cue Bar & Biljard,2023-04-09T13:30:00Z,https://cuescore.com/tournament/Sunday+Funday+%40+Cue+Bar+%2526+Biljard/26446711,ostkanten
26379877,Simen VS Kim 2,2023-04-06T13:00:00Z,,obk
25906957,Oslo BK C-liga Vårserie 13/16,2023-04-03T16:00:00Z,https://cuescore.com/tournament/Oslo+BK+C-liga+V%C3%A5rserie+13%252F16/25906957,obk
25906975,Oslo BK D-liga Vårserie 13/16,2023-04-03T16:00:00Z,https://cuescore.com/tournament/Oslo+BK+D-liga+V%C3%A5rserie+13%252F16/25906975,obk
26353120,Sunday Funday with ØBK @ Cue Bar & Biljard,2023-04-02T14:00:00Z,https://cuescore.com/tournament/Sunday+Funday+with+%C3%98BK+%40+Cue+Bar+%2526+Biljard/26353120,ostkanten
26320366,Interpool Warm-Up turnering,2023-04-01T12:15:00Z,https://cuescore.com/tournament/Interpool+Warm-Up+turnering/26320366,obk
26307394,Simen VS Kim,2023-03-30T16:00:00Z,,obk
21241723,Oslo BK Klubbturnering Vårserie 12/16,2023-03-29T16:00:00Z,https://cuescore.com/tournament/Oslo+BK+Klubbturnering+V%C3%A5rserie+12%252F16/21241723,obk
26192839,VÅRSERIE 12/16 Second Chance,2023-03-29T16:00:00Z,https://cuescore.com/tournament/V%C3%85RSERIE+12%252F16+Second+Chance/26192839,obk
25906933,Oslo BK D-liga Vårserie 12/16,2023-03-27T16:00:00Z,https://cuescore.com/tournament/Oslo+BK+D-liga+V%C3%A5rserie+12%252F16/25906933,obk
25906918,Oslo BK C-liga Vårserie 12/16,2023-03-27T16:00:00Z,https://cuescore.com/tournament/Oslo+BK+C-liga+V%C3%A5rserie+12%252F16/25906918,obk
26101663,Sunday funday @ Cue Bar & Biljard,2023-03-26T13:15:00Z,https://cuescore.com/tournament/Sunday+funday+%40+Cue+Bar+%2526+Biljard/26101663,ostkanten
21241717,Oslo BK Klubbturnering Vårserie 11/16,2023-03-22T17:00:00Z,https://cuescore.com/tournament/Oslo+BK+Klubbturnering+V%C3%A5rserie+11%252F16/21241717,obk
25613284,Oslo BK D-liga Vårserie 11/16,2023-03-20T17:00:00Z,https://cuescore.com/tournament/Oslo+BK+D-liga+V%C3%A5rserie+11%252F16/25613284,obk
25613290,Oslo BK C-liga Vårserie 11/16,2023-03-20T17:00:00Z,https://cuescore.com/tournament/Oslo+BK+C-liga+V%C3%A5rserie+11%252F16/25613290,obk
25982983,Sunday Funday @ Cue Bar & Biljard,2023-03-19T14:30:00Z,https://cuescore.com/tournament/Sunday+Funday+%40+Cue+Bar+%2526+Biljard/25982983,ostkanten
21241705,Oslo BK Klubbturnering Vårserie 10/16,2023-03-15T17:00:00Z,https://cuescore.com/tournament/Oslo+BK+Klubbturnering+V%C3%A5rserie+10%252F16/21241705,obk
25613278,Oslo BK C-liga Vårserie 10/16,2023-03-13T17:00:00Z,https://cuescore.com/tournament/Oslo+BK+C-liga+V%C3%A5rserie+10%252F16/25613278,obk
25613272,Oslo BK D-liga Vårserie 10/16,2023-03-13T17:00:00Z,https://cuescore.com/tournament/Oslo+BK+D-liga+V%C3%A5rserie+10%252F16/25613272,obk
25757989,Sunday Funday @ Cue Bar & Biljard,2023-03-12T14:30:00Z,https://cuescore.com/tournament/Sunday+Funday+%40+Cue+Bar+%2526+Biljard/25757989,ostkanten
21241684,Oslo BK Klubbturnering Vårserie 9/16,2023-03-08T17:00:00Z,https://cuescore.com/tournament/Oslo+BK+Klubbturnering+V%C3%A5rserie+9%252F16/21241684,obk
25651157,SKANSKA,2023-03-07T17:00:00Z,https://cuescore.com/tournament/SKANSKA/25651157,obk
25613266,Oslo BK C-liga Vårserie 9/16,2023-03-06T17:00:00Z,https://cuescore.com/tournament/Oslo+BK+C-liga+V%C3%A5rserie+9%252F16/25613266,obk
25613260,Oslo BK D-liga Vårserie 9/16,2023-03-06T17:00:00Z,https://cuescore.com/tournament/Oslo+BK+D-liga+V%C3%A5rserie+9%252F16/25613260,obk
25510189,Sunday Funday with ØBK @ Cue Bar & Biljard,2023-03-05T14:30:00Z,https://cuescore.com/tournament/Sunday+Funday+with+%C3%98BK+%40+Cue+Bar+%2526+Biljard/25510189,ostkanten
25477642,A-liga,2023-03-04T12:00:00Z,https://cuescore.com/tournament/A-liga/25477642,obk
25477699,B-liga,2023-03-04T12:00:00Z,https://cuescore.com/tournament/B-liga/25477699,obk
21241675,Oslo BK Klubbturnering Vårserie 8/16,2023-03-01T17:00:00Z,https://cuescore.com/tournament/Oslo+BK+Klubbturnering+V%C3%A5rserie+8%252F16/21241675,obk
24862195,Oslo BK D-liga Vårserie 8/16,2023-02-27T17:00:00Z,https://cuescore.com/tournament/Oslo+BK+D-liga+V%C3%A5rserie+8%252F16/24862195,obk
24861826,Oslo BK C-liga Vårserie 8/16,2023-02-27T17:00:00Z,https://cuescore.com/tournament/Oslo+BK+C-liga+V%C3%A5rserie+8%252F16/24861826,obk
24974944,Sunday Funday @ Cue Bar & Biljard,2023-02-26T15:00:00Z,https://cuescore.com/tournament/Sunday+Funday+%40+Cue+Bar+%2526+Biljard/24974944,ostkanten
24822634,Mixed Scotch Double no.2 @CUE,2023-02-25T13:00:00Z,https://cuescore.com/tournament/Mixed+Scotch+Double+no.2+%40CUE/24822634,obk
21241669,Oslo BK Klubbturnering Vårserie 7/16,2023-02-22T17:00:00Z,https://cuescore.com/tournament/Oslo+BK+Klubbturnering+V%C3%A5rserie+7%252F16/21241669,obk
24861766,Oslo BK C-liga Vårserie 7/16,2023-02-20T17:00:00Z,https://cuescore.com/tournament/Oslo+BK+C-liga+V%C3%A5rserie+7%252F16/24861766,obk
24861799,Oslo BK D-liga Vårserie 7/16,2023-02-20T17:00:00Z,https://cuescore.com/tournament/Oslo+BK+D-liga+V%C3%A5rserie+7%252F16/24861799,obk
24683197,Sunday funday @ Cue Bar & Biljard,2023-02-19T14:00:00Z,https://cuescore.com/tournament/Sunday+funday+%40+Cue+Bar+%2526+Biljard/24683197,ostkanten
21241663,Oslo BK Klubbturnering Vårserie 6/16,2023-02-15T17:00:00Z,https://cuescore.com/tournament/Oslo+BK+Klubbturnering+V%C3%A5rserie+6%252F16/21241663,obk
21246283,Oslo BK C-liga Vårserie 6/16,2023-02-13T17:00:00Z,https://cuescore.com/tournament/Oslo+BK+C-liga+V%C3%A5rserie+6%252F16/21246283,obk
21246289,Oslo BK D-liga Vårserie 6/16,2023-02-13T17:00:00Z,https://cuescore.com/tournament/Oslo+BK+D-liga+V%C3%A5rserie+6%252F16/21246289,obk
24683023,Sunday funday @ Cue Bar & Biljard,2023-02-12T14:15:00Z,https://cuescore.com/tournament/Sunday+funday+%40+Cue+Bar+%2526+Biljard/24683023,ostkanten
21241657,Oslo BK Klubbturnering Vårserie 5/16,2023-02-08T17:00:00Z,https://cuescore.com/tournament/Oslo+BK+Klubbturnering+V%C3%A5rserie+5%252F16/21241657,obk
21246271,Oslo BK C-liga Vårserie 5/16,2023-02-06T17:00:00Z,https://cuescore.com/tournament/Oslo+BK+C-liga+V%C3%A5rserie+5%252F16/21246271,obk
21246277,Oslo BK D-liga Vårserie 5/16,2023-02-06T17:00:00Z,https://cuescore.com/tournament/Oslo+BK+D-liga+V%C3%A5rserie+5%252F16/21246277,obk
23440450,Sunday Funday with ØBK @ Cue Bar & Biljard,2023-02-05T14:00:00Z,https://cuescore.com/tournament/Sunday+Funday+with+%C3%98BK+%40+Cue+Bar+%2526+Biljard/23440450,ostkanten
22638577,A-liga nr 1,2023-02-04T12:30:00Z,https://cuescore.com/tournament/A-liga+nr+1/22638577,obk
21241642,Oslo BK Klubbturnering Vårserie 4/16,2023-02-01T17:00:00Z,https://cuescore.com/tournament/Oslo+BK+Klubbturnering+V%C3%A5rserie+4%252F16/21241642,obk
21246265,Oslo BK D-liga Vårserie 4/16,2023-01-30T17:00:00Z,https://cuescore.com/tournament/Oslo+BK+D-liga+V%C3%A5rserie+4%252F16/21246265,obk
21246259,Oslo BK C-liga Vårserie 4/16,2023-01-30T17:00:00Z,https://cuescore.com/tournament/Oslo+BK+C-liga+V%C3%A5rserie+4%252F16/21246259,obk
21823603,Sunday Funday with ØBK at Cue Bar & Biljard,2023-01-29T15:00:00Z,https://cuescore.com/tournament/Sunday+Funday+with+%C3%98BK+at+Cue+Bar+%2526+Biljard/21823603,ostkanten
21241621,Oslo BK Klubbturnering Vårserie 3/16,2023-01-25T17:00:00Z,https://cuescore.com/tournament/Oslo+BK+Klubbturnering+V%C3%A5rserie+3%252F16/21241621,obk
21246208,Oslo BK D-liga Vårserie 3/16,2023-01-23T17:00:00Z,https://cuescore.com/tournament/Oslo+BK+D-liga+V%C3%A5rserie+3%252F16/21246208,obk
21246154,Oslo BK C-liga Vårserie 3/16,2023-01-23T17:00:00Z,https://cuescore.com/tournament/Oslo+BK+C-liga+V%C3%A5rserie+3%252F16/21246154,obk
21658657,Sunday Funday with ØBK @ Cue Bar & Biljard,2023-01-22T14:01:00Z,https://cuescore.com/tournament/Sunday+Funday+with+%C3%98BK+%40+Cue+Bar+%2526+Biljard/21658657,ostkanten
21241612,Oslo BK Klubbturnering Vårserie 2/16,2023-01-18T17:00:00Z,https://cuescore.com/tournament/Oslo+BK+Klubbturnering+V%C3%A5rserie+2%252F16/21241612,obk
21241792,Oslo BK D-liga Vårserie 2/16,2023-01-16T17:00:00Z,https://cuescore.com/tournament/Oslo+BK+D-liga+V%C3%A5rserie+2%252F16/21241792,obk
21241783,Oslo BK C-liga Vårserie 2/16,2023-01-16T17:00:00Z,https://cuescore.com/tournament/Oslo+BK+C-liga+V%C3%A5rserie+2%252F16/21241783,obk
21521911,A-liga test,2023-01-15T17:30:00Z,https://cuescore.com/tournament/A-liga+test/21521911,obk
21458584,Sunday Funday with ØBK at Cue Bar & Biljard,2023-01-15T14:01:00Z,https://cuescore.com/tournament/Sunday+Funday+with+%C3%98BK+at+Cue+Bar+%2526+Biljard/21458584,ostkanten
21241591,Oslo BK Klubbturnering Vårserie 1/16,2023-01-11T17:00:00Z,https://cuescore.com/tournament/Oslo+BK+Klubbturnering+V%C3%A5rserie+1%252F16/21241591,obk
21241822,Oslo BK Høstserie Seriefinale (Topp 8),2023-01-10T18:00:00Z,https://cuescore.com/tournament/Oslo+BK+H%C3%B8stserie+Seriefinale+%28Topp+8%29/21241822,obk
21241765,Oslo BK D-liga Vårserie 1/16,2023-01-09T17:00:00Z,https://cuescore.com/tournament/Oslo+BK+D-liga+V%C3%A5rserie+1%252F16/21241765,obk
21241753,Oslo BK C-liga Vårserie 1/16,2023-01-09T17:00:00Z,https://cuescore.com/tournament/Oslo+BK+C-liga+V%C3%A5rserie+1%252F16/21241753,obk
21292483,Nyttårs turnering,2023-01-04T17:00:00Z,https://cuescore.com/tournament/Nytt%C3%A5rs+turnering/21292483,obk
21224200,CC One-rack,2022-12-30T17:00:00Z,https://cuescore.com/tournament/CC+One-rack/21224200,obk
19983511,OBK S Jule turnering 2,2022-12-27T11:00:00Z,https://cuescore.com/tournament/OBK+S+Jule+turnering+2/19983511,obk
19910335,Oslo BK Klubbturnering Høstserie 16/16,2022-12-21T17:00:00Z,https://cuescore.com/tournament/Oslo+BK+Klubbturnering+H%C3%B8stserie+16%252F16/19910335,obk
20121067,Oslo BK D-liga Høstserie 16/16,2022-12-19T17:00:00Z,https://cuescore.com/tournament/Oslo+BK+D-liga+H%C3%B8stserie+16%252F16/20121067,obk
20121073,Oslo BK C-liga Høstserie 16/16,2022-12-19T17:00:00Z,https://cuescore.com/tournament/Oslo+BK+C-liga+H%C3%B8stserie+16%252F16/20121073,obk
20390395,Oslo BK Klubbmesterskap 8-ball,2022-12-18T09:00:00Z,https://cuescore.com/tournament/Oslo+BK+Klubbmesterskap+8-ball/20390395,obk
20390383,Oslo BK Klubbmesterskap 9-ball,2022-12-16T17:00:00Z,https://cuescore.com/tournament/Oslo+BK+Klubbmesterskap+9-ball/20390383,obk
19910329,Oslo BK Klubbturnering Høstserie 15/16,2022-12-14T17:00:00Z,https://cuescore.com/tournament/Oslo+BK+Klubbturnering+H%C3%B8stserie+15%252F16/19910329,obk
20121055,Oslo BK D-liga Høstserie 15/16,2022-12-12T17:00:00Z,https://cuescore.com/tournament/Oslo+BK+D-liga+H%C3%B8stserie+15%252F16/20121055,obk
20121061,Oslo BK C-liga Høstserie 15/16,2022-12-12T17:00:00Z,https://cuescore.com/tournament/Oslo+BK+C-liga+H%C3%B8stserie+15%252F16/20121061,obk
20502433,Sunday Funday with ØBK at Cue Bar & Biljard,2022-12-11T14:00:00Z,https://cuescore.com/tournament/Sunday+Funday+with+%C3%98BK+at+Cue+Bar+%2526+Biljard/20502433,ostkanten
19910323,Oslo BK Klubbturnering Høstserie 14/16,2022-12-07T17:00:00Z,https://cuescore.com/tournament/Oslo+BK+Klubbturnering+H%C3%B8stserie+14%252F16/19910323,obk
20121049,Oslo BK C-liga Høstserie 14/16,2022-12-05T17:00:00Z,https://cuescore.com/tournament/Oslo+BK+C-liga+H%C3%B8stserie+14%252F16/20121049,obk
20121043,Oslo BK D-liga Høstserie 14/16,2022-12-05T17:00:00Z,https://cuescore.com/tournament/Oslo+BK+D-liga+H%C3%B8stserie+14%252F16/20121043,obk
20502418,Sunday Funday with ØBK at Cue Bar & Biljard,2022-12-04T14:00:00Z,https://cuescore.com/tournament/Sunday+Funday+with+%C3%98BK+at+Cue+Bar+%2526+Biljard/20502418,ostkanten
19910317,Oslo BK Klubbturnering Høstserie 13/16,2022-11-30T17:00:00Z,https://cuescore.com/tournament/Oslo+BK+Klubbturnering+H%C3%B8stserie+13%252F16/19910317,obk
20121031,Oslo BK D-liga Høstserie 13/16,2022-11-28T17:00:00Z,https://cuescore.com/tournament/Oslo+BK+D-liga+H%C3%B8stserie+13%252F16/20121031,obk
20121037,Oslo BK C-liga Høstserie 13/16,2022-11-28T17:00:00Z,https://cuescore.com/tournament/Oslo+BK+C-liga+H%C3%B8stserie+13%252F16/20121037,obk
20502412,Sunday Funday with ØBK at Cue Bar & Biljard,2022-11-27T14:15:00Z,https://cuescore.com/tournament/Sunday+Funday+with+%C3%98BK+at+Cue+Bar+%2526+Biljard/20502412,ostkanten
19910311,Oslo BK Klubbturnering Høstserie 12/16,2022-11-23T17:00:00Z,https://cuescore.com/tournament/Oslo+BK+Klubbturnering+H%C3%B8stserie+12%252F16/19910311,obk
20121019,Oslo BK D-liga Høstserie 12/16,2022-11-21T17:00:00Z,https://cuescore.com/tournament/Oslo+BK+D-liga+H%C3%B8stserie+12%252F16/20121019,obk
20121025,Oslo BK C-liga Høstserie 12/16,2022-11-21T17:00:00Z,https://cuescore.com/tournament/Oslo+BK+C-liga+H%C3%B8stserie+12%252F16/20121025,obk
20339464,Sunday Funday with ØBK at Cue Bar & Biljard,2022-11-20T14:15:00Z,https://cuescore.com/tournament/Sunday+Funday+with+%C3%98BK+at+Cue+Bar+%2526+Biljard/20339464,ostkanten
19910305,Oslo BK Høstserie 11/16,2022-11-16T17:00:00Z,https://cuescore.com/tournament/Oslo+BK+H%C3%B8stserie+11%252F16/19910305,obk
20101783,Oslo BK C-liga Høstserie 11/16,2022-11-14T17:00:00Z,https://cuescore.com/tournament/Oslo+BK+C-liga+H%C3%B8stserie+11%252F16/20101783,obk
20101777,Oslo BK D-liga Høstserie 11/16,2022-11-14T17:00:00Z,https://cuescore.com/tournament/Oslo+BK+D-liga+H%C3%B8stserie+11%252F16/20101777,obk
20177692,Sunday Funday with ØBK at Cue Bar & Biljard,2022-11-13T14:00:00Z,https://cuescore.com/tournament/Sunday+Funday+with+%C3%98BK+at+Cue+Bar+%2526+Biljard/20177692,ostkanten
19910287,Oslo BK klubbturnering Høstserie 10/16,2022-11-09T17:00:00Z,https://cuescore.com/tournament/Oslo+BK+klubbturnering+H%C3%B8stserie+10%252F16/19910287,obk
20098285,Oslo BK C-liga Høstserie 10/16,2022-11-07T17:00:00Z,https://cuescore.com/tournament/Oslo+BK+C-liga+H%C3%B8stserie+10%252F16/20098285,obk
20098162,Oslo BK D-liga Høstserie 10/16,2022-11-07T17:00:00Z,https://cuescore.com/tournament/Oslo+BK+D-liga+H%C3%B8stserie+10%252F16/20098162,obk
20018419,Sunday Funday with ØBK at Cue Bar & Biljard,2022-11-06T14:05:00Z,https://cuescore.com/tournament/Sunday+Funday+with+%C3%98BK+at+Cue+Bar+%2526+Biljard/20018419,ostkanten
19910281,Oslo BK klubbturnering Høstserie 9/16,2022-11-02T17:00:00Z,https://cuescore.com/tournament/Oslo+BK+klubbturnering+H%C3%B8stserie+9%252F16/19910281,obk
19043557,Oslo BK-C-liga Høstserie 9/16,2022-10-31T17:00:00Z,https://cuescore.com/tournament/Oslo+BK-C-liga+H%C3%B8stserie+9%252F16/19043557,obk
19043545,Oslo BK D-liga Høstserie 9/16,2022-10-31T17:00:00Z,https://cuescore.com/tournament/Oslo+BK+D-liga+H%C3%B8stserie+9%252F16/19043545,obk
18482464,Sunday Funday with ØBK at Cue Bar & Biljard,2022-10-30T14:00:00Z,https://cuescore.com/tournament/Sunday+Funday+with+%C3%98BK+at+Cue+Bar+%2526+Biljard/18482464,ostkanten
17824420,Oslo BK Klubbturnering Høstserie 8/16,2022-10-26T16:00:00Z,https://cuescore.com/tournament/Oslo+BK+Klubbturnering+H%C3%B8stserie+8%252F16/17824420,obk
19043515,Oslo BK D-liga Høstserie 8/16,2022-10-24T16:00:00Z,https://cuescore.com/tournament/Oslo+BK+D-liga+H%C3%B8stserie+8%252F16/19043515,obk
19043404,Oslo BK C-liga Høstserie 8/16,2022-10-24T16:00:00Z,https://cuescore.com/tournament/Oslo+BK+C-liga+H%C3%B8stserie+8%252F16/19043404,obk
18482452,Sunday Funday with ØBK at Cue Bar & Biljard,2022-10-23T13:00:00Z,https://cuescore.com/tournament/Sunday+Funday+with+%C3%98BK+at+Cue+Bar+%2526+Biljard/18482452,ostkanten
19520500,Ladies first - OBK kvinneturnering,2022-10-22T09:30:00Z,https://cuescore.com/tournament/Ladies+first+-+OBK+kvinneturnering/19520500,obk
17824372,Oslo BK Klubbturnering Høstserie 7/16,2022-10-19T16:00:00Z,https://cuescore.com/tournament/Oslo+BK+Klubbturnering+H%C3%B8stserie+7%252F16/17824372,obk
19043386,Oslo BK C-liga Høstserie 7/16,2022-10-17T16:00:00Z,https://cuescore.com/tournament/Oslo+BK+C-liga+H%C3%B8stserie+7%252F16/19043386,obk
19043281,Oslo BK D-liga Høstserie 7/16,2022-10-17T16:00:00Z,https://cuescore.com/tournament/Oslo+BK+D-liga+H%C3%B8stserie+7%252F16/19043281,obk
18482425,Sunday Funday with ØBK at Cue Bar & Biljard,2022-10-16T13:08:00Z,https://cuescore.com/tournament/Sunday+Funday+with+%C3%98BK+at+Cue+Bar+%2526+Biljard/18482425,ostkanten
17824366,Oslo BK Klubbturnering Høstserie 6/16,2022-10-12T16:00:00Z,https://cuescore.com/tournament/Oslo+BK+Klubbturnering+H%C3%B8stserie+6%252F16/17824366,obk
19043260,Oslo BK D-liga Høstserie 6/16,2022-10-10T16:00:00Z,https://cuescore.com/tournament/Oslo+BK+D-liga+H%C3%B8stserie+6%252F16/19043260,obk
19043269,Oslo BK C-liga Høstserie 6/16,2022-10-10T16:00:00Z,https://cuescore.com/tournament/Oslo+BK+C-liga+H%C3%B8stserie+6%252F16/19043269,obk
18482386,Sunday Funday with ØBK at Cue Bar & Biljard,2022-10-09T13:00:00Z,https://cuescore.com/tournament/Sunday+Funday+with+%C3%98BK+at+Cue+Bar+%2526+Biljard/18482386,ostkanten
17824354,Oslo BK Klubbturnering Høstserie 5/16,2022-10-05T16:00:00Z,https://cuescore.com/tournament/Oslo+BK+Klubbturnering+H%C3%B8stserie+5%252F16/17824354,obk
19035526,Oslo BK C-liga Høstserie 5/16,2022-10-03T16:00:00Z,https://cuescore.com/tournament/Oslo+BK+C-liga+H%C3%B8stserie+5%252F16/19035526,obk
19034737,Oslo BK D-liga Høstserie 5/16,2022-10-03T16:00:00Z,https://cuescore.com/tournament/Oslo+BK+D-liga+H%C3%B8stserie+5%252F16/19034737,obk
18482404,Sunday Funday with ØBK at Cue Bar & Biljard,2022-10-02T13:00:00Z,https://cuescore.com/tournament/Sunday+Funday+with+%C3%98BK+at+Cue+Bar+%2526+Biljard/18482404,ostkanten
17824342,Oslo BK Klubbturnering Høstserie 4/16,2022-09-28T16:00:00Z,https://cuescore.com/tournament/Oslo+BK+Klubbturnering+H%C3%B8stserie+4%252F16/17824342,obk
18506242,Oslo BK D-liga Høstserie 4/16,2022-09-26T16:00:00Z,https://cuescore.com/tournament/Oslo+BK+D-liga+H%C3%B8stserie+4%252F16/18506242,obk
18506260,Oslo BK C-liga Høstserie 4/16,2022-09-26T16:00:00Z,https://cuescore.com/tournament/Oslo+BK+C-liga+H%C3%B8stserie+4%252F16/18506260,obk
18466873,Sunday Funday with ØBK at Cue Bar & Biljard,2022-09-25T13:00:00Z,https://cuescore.com/tournament/Sunday+Funday+with+%C3%98BK+at+Cue+Bar+%2526+Biljard/18466873,ostkanten
17824288,Oslo BK Klubbturnering Høstserie 3/16,2022-09-21T16:00:00Z,https://cuescore.com/tournament/Oslo+BK+Klubbturnering+H%C3%B8stserie+3%252F16/17824288,obk
18339880,Oslo BK D-liga Høstserie 3/16,2022-09-19T16:00:00Z,https://cuescore.com/tournament/Oslo+BK+D-liga+H%C3%B8stserie+3%252F16/18339880,obk
18339889,Oslo BK C-liga Høstserie 3/16,2022-09-19T16:00:00Z,https://cuescore.com/tournament/Oslo+BK+C-liga+H%C3%B8stserie+3%252F16/18339889,obk
18268693,Sunday Funday with ØBK at Cue Bar & Biljard,2022-09-18T14:45:00Z,https://cuescore.com/tournament/Sunday+Funday+with+%C3%98BK+at+Cue+Bar+%2526+Biljard/18268693,ostkanten
17824084,Oslo BK Klubbturnering Høstserie 2/16,2022-09-14T16:00:00Z,https://cuescore.com/tournament/Oslo+BK+Klubbturnering+H%C3%B8stserie+2%252F16/17824084,obk
18156289,Oslo BK D-liga Høstserie 2/16,2022-09-12T16:00:00Z,https://cuescore.com/tournament/Oslo+BK+D-liga+H%C3%B8stserie+2%252F16/18156289,obk
18156190,Oslo BK C-liga Høstserie 2/16,2022-09-12T16:00:00Z,https://cuescore.com/tournament/Oslo+BK+C-liga+H%C3%B8stserie+2%252F16/18156190,obk
18119182,Sunday Funday with ØBK at Cue Bar & Biljard,2022-09-11T13:00:00Z,https://cuescore.com/tournament/Sunday+Funday+with+%C3%98BK+at+Cue+Bar+%2526+Biljard/18119182,ostkanten
17823889,Oslo BK Klubbturnering Høstserie 1/16,2022-09-07T16:00:00Z,https://cuescore.com/tournament/Oslo+BK+Klubbturnering+H%C3%B8stserie+1%252F16/17823889,obk
17978494,Oslo BK C-liga Høstserie 1/16,2022-09-05T17:00:00Z,https://cuescore.com/tournament/Oslo+BK+C-liga+H%C3%B8stserie+1%252F16/17978494,obk
17978485,Oslo BK D-liga Høstserie 1/16,2022-09-05T16:00:00Z,https://cuescore.com/tournament/Oslo+BK+D-liga+H%C3%B8stserie+1%252F16/17978485,obk
17920114,Sunday Funday with ØBK at Cue Bar & Biljard,2022-09-04T13:00:00Z,https://cuescore.com/tournament/Sunday+Funday+with+%C3%98BK+at+Cue+Bar+%2526+Biljard/17920114,ostkanten
17101897,Oslo BK Klubbturnering 10,2022-08-31T16:00:00Z,https://cuescore.com/tournament/Oslo+BK+Klubbturnering+10/17101897,obk
17083210,Oslo BK Advance turnering 11,2022-08-29T16:00:00Z,https://cuescore.com/tournament/Oslo+BK+Advance+turnering+11/17083210,obk
17719213,Sunday Funday at Østkanten at Cue Bar & Biljard,2022-08-28T13:00:00Z,https://cuescore.com/tournament/Sunday+Funday+at+%C3%98stkanten+at+Cue+Bar+%2526+Biljard/17719213,ostkanten
17101882,Oslo BK Klubbturnering 9,2022-08-24T16:00:00Z,https://cuescore.com/tournament/Oslo+BK+Klubbturnering+9/17101882,obk
17083201,Oslo BK Advance turnering 10,2022-08-22T16:00:00Z,https://cuescore.com/tournament/Oslo+BK+Advance+turnering+10/17083201,obk
17359663,Sunday Funday by Østkanten at Cue Bar & Biljard,2022-08-21T13:00:00Z,https://cuescore.com/tournament/Sunday+Funday+by+%C3%98stkanten+at+Cue+Bar+%2526+Biljard/17359663,ostkanten
17101861,Oslo BK Klubbturnering 8,2022-08-17T16:00:00Z,https://cuescore.com/tournament/Oslo+BK+Klubbturnering+8/17101861,obk
17083195,Oslo BK Advance turnering 9,2022-08-15T16:00:00Z,https://cuescore.com/tournament/Oslo+BK+Advance+turnering+9/17083195,obk
17230798,Søndag på Østkanten / Cue Bar & Biljard,2022-08-14T13:00:00Z,https://cuescore.com/tournament/S%C3%B8ndag+p%C3%A5+%C3%98stkanten+%252F+Cue+Bar+%2526+Biljard/17230798,ostkanten
17101855,Oslo BK Klubbturnering 7,2022-08-10T16:00:00Z,https://cuescore.com/tournament/Oslo+BK+Klubbturnering+7/17101855,obk
17083189,Oslo BK Advance turnering 8,2022-08-08T16:00:00Z,https://cuescore.com/tournament/Oslo+BK+Advance+turnering+8/17083189,obk
17025070,Søndag på Østkanten / Cue Bar & Biljard,2022-08-07T13:15:00Z,https://cuescore.com/tournament/S%C3%B8ndag+p%C3%A5+%C3%98stkanten+%252F+Cue+Bar+%2526+Biljard/17025070,ostkanten
16965853,Oslo BK Klubbturnering 6,2022-08-03T16:00:00Z,https://cuescore.com/tournament/Oslo+BK+Klubbturnering+6/16965853,obk
16996042,ungdomsturnering,2022-08-03T11:30:00Z,https://cuescore.com/tournament/ungdomsturnering/16996042,obk
16964515,Oslo BK Advance turnering 7,2022-08-01T16:00:00Z,https://cuescore.com/tournament/Oslo+BK+Advance+turnering+7/16964515,obk
16923745,Søndag på Østkanten / Cue Bar & Biljard,2022-07-31T13:00:00Z,https://cuescore.com/tournament/S%C3%B8ndag+p%C3%A5+%C3%98stkanten+%252F+Cue+Bar+%2526+Biljard/16923745,ostkanten
16818799,Oslo BK Klubbturnering 5,2022-07-27T16:00:00Z,https://cuescore.com/tournament/Oslo+BK+Klubbturnering+5/16818799,obk
16818793,Oslo BK Advance turnering 6,2022-07-25T16:00:00Z,https://cuescore.com/tournament/Oslo+BK+Advance+turnering+6/16818793,obk
16822168,Søndag på Østkanten / Cue Bar & Biljard,2022-07-24T13:30:00Z,https://cuescore.com/tournament/S%C3%B8ndag+p%C3%A5+%C3%98stkanten+%252F+Cue+Bar+%2526+Biljard/16822168,ostkanten
16780177,Oslo BK Klubbturnering 4,2022-07-20T16:00:00Z,https://cuescore.com/tournament/Oslo+BK+Klubbturnering+4/16780177,obk
16755439,Oslo Biljardklubb Advance 5,2022-07-18T16:00:00Z,https://cuescore.com/tournament/Oslo+Biljardklubb+Advance+5/16755439,obk
16741252,Søndag på Østkanten / Cue Bar & Biljard,2022-07-17T13:20:00Z,https://cuescore.com/tournament/S%C3%B8ndag+p%C3%A5+%C3%98stkanten+%252F+Cue+Bar+%2526+Biljard/16741252,ostkanten
16606357,NM FESTIVITIES - Shootout 3- 10ball,2022-07-11T19:23:00Z,https://cuescore.com/tournament/NM+FESTIVITIES+-+Shootout+3-+10ball/16606357,ostkanten
16606309,NM FESTIVITIES - Shootout 2 - 9ball,2022-07-11T18:20:00Z,https://cuescore.com/tournament/NM+FESTIVITIES+-+Shootout+2+-+9ball/16606309,ostkanten
16606291,NM FESTIVITIES - Shootout 1 - 8ball,2022-07-11T17:11:00Z,https://cuescore.com/tournament/NM+FESTIVITIES+-+Shootout+1+-+8ball/16606291,ostkanten
16606282,NM FESTIVITIES - Main tournament,2022-07-10T18:00:00Z,https://cuescore.com/tournament/NM+FESTIVITIES+-+Main+tournament/16606282,ostkanten
16601437,NM FESTIVITIES - Slim Cue,2022-07-09T19:00:00Z,https://cuescore.com/tournament/NM+FESTIVITIES+-+Slim+Cue/16601437,ostkanten
16598893,NM FESTIVITIES - 1 frame Shootout,2022-07-07T19:40:00Z,https://cuescore.com/tournament/NM+FESTIVITIES+-+1+frame+Shootout/16598893,ostkanten
16590688,NM FESTIVITIES - Team Tournament,2022-07-07T18:00:00Z,https://cuescore.com/tournament/NM+FESTIVITIES+-+Team+Tournament/16590688,ostkanten
16587226,Oslo BK Advance turnering 4,2022-07-04T16:00:00Z,https://cuescore.com/tournament/Oslo+BK+Advance+turnering+4/16587226,obk
16563232,Søndag på Østkanten / Cue Bar & Biljard,2022-07-03T13:15:00Z,https://cuescore.com/tournament/S%C3%B8ndag+p%C3%A5+%C3%98stkanten+%252F+Cue+Bar+%2526+Biljard/16563232,ostkanten
16529143,Shootout,2022-06-30T18:30:00Z,https://cuescore.com/tournament/Shootout/16529143,ostkanten
16490590,Oslo BK Klubbturnering 3,2022-06-29T16:00:00Z,https://cuescore.com/tournament/Oslo+BK+Klubbturnering+3/16490590,obk
16447690,Oslo BK Advance turnering 3,2022-06-27T16:00:00Z,https://cuescore.com/tournament/Oslo+BK+Advance+turnering+3/16447690,obk
16417468,Søndag på Østkanten / Cue Bar & Biljard,2022-06-26T13:15:00Z,https://cuescore.com/tournament/S%C3%B8ndag+p%C3%A5+%C3%98stkanten+%252F+Cue+Bar+%2526+Biljard/16417468,ostkanten
16356526,Oslo BK Klubbturnering 2,2022-06-22T16:00:00Z,https://cuescore.com/tournament/Oslo+BK+Klubbturnering+2/16356526,obk
16313269,Oslo BK Advance turnering 2,2022-06-20T16:00:00Z,https://cuescore.com/tournament/Oslo+BK+Advance+turnering+2/16313269,obk
16280926,Taperturnering,2022-06-16T16:00:00Z,https://cuescore.com/tournament/Taperturnering/16280926,obk
16271845,Firma turnering 2,2022-06-16T16:00:00Z,https://cuescore.com/tournament/Firma+turnering+2/16271845,obk
16266742,Oslo BK Klubbturnering,2022-06-15T16:00:00Z,https://cuescore.com/tournament/Oslo+BK+Klubbturnering/16266742,obk
16250020,Oslo Biljardklubb Advance,2022-06-13T16:00:00Z,https://cuescore.com/tournament/Oslo+Biljardklubb+Advance/16250020,obk
16247509,SØNDAG PÅ ØSTKANTEN / CUE BAR & BILJARD - last 16,2022-06-12T18:00:00Z,https://cuescore.com/tournament/S%C3%98NDAG+P%C3%85+%C3%98STKANTEN+%252F+CUE+BAR+%2526+BILJARD+-+last+16/16247509,ostkanten
16236064,Søndag på Østkanten / Cue Bar & Biljard,2022-06-12T13:00:00Z,https://cuescore.com/tournament/S%C3%B8ndag+p%C3%A5+%C3%98stkanten+%252F+Cue+Bar+%2526+Biljard/16236064,ostkanten
15925921,Turnering kvinnedag Oslo biljardklubb,2022-05-28T12:30:00Z,https://cuescore.com/tournament/Turnering+kvinnedag+Oslo+biljardklubb/15925921,obk
15481183,Saturday night fever,2022-04-23T19:47:00Z,https://cuescore.com/tournament/Saturday+night+fever/15481183,ostkanten
15462622,Friday fun day,2022-04-22T16:00:00Z,https://cuescore.com/tournament/Friday+fun+day/15462622,ostkanten
15293386,Elmers absolutt siste turnering,2022-04-17T14:30:00Z,https://cuescore.com/tournament/Elmers+absolutt+siste+turnering/15293386,ostkanten
15147295,Sunday funday #13,2022-04-10T14:00:00Z,https://cuescore.com/tournament/Sunday+funday+%252313/15147295,ostkanten
15105640,Oslo BK Klubbturnering. Ensjøs last chapter,2022-04-06T16:00:00Z,https://cuescore.com/tournament/Oslo+BK+Klubbturnering.+Ensj%C3%B8s+last+chapter/15105640,obk
15072505,Oslo Bk Advanced. Den siste på ensjø,2022-04-04T16:00:00Z,https://cuescore.com/tournament/Oslo+Bk+Advanced.+Den+siste+p%C3%A5+ensj%C3%B8/15072505,obk
14973286,Sunday funday #12,2022-04-03T14:00:00Z,https://cuescore.com/tournament/Sunday+funday+%252312/14973286,ostkanten
14931478,Stig VS Simen,2022-03-31T14:14:00Z,,obk
14507158,Klubbturnering Oslo BK,2022-03-30T16:00:00Z,https://cuescore.com/tournament/Klubbturnering+Oslo+BK/14507158,obk
14505019,Advance turnering Oslo BK,2022-03-28T16:00:00Z,https://cuescore.com/tournament/Advance+turnering+Oslo+BK/14505019,obk
14676691,Sunday funday #11,2022-03-27T14:00:00Z,https://cuescore.com/tournament/Sunday+funday+%252311/14676691,ostkanten
14668672,TRG Open,2022-03-24T17:00:00Z,https://cuescore.com/tournament/TRG+Open/14668672,obk
14504986,Klubbturnering Oslo BK,2022-03-23T17:00:00Z,https://cuescore.com/tournament/Klubbturnering+Oslo+BK/14504986,obk
14504941,Advanceturnering Oslo BK,2022-03-21T17:00:00Z,https://cuescore.com/tournament/Advanceturnering+Oslo+BK/14504941,obk
14484919,Sunday funday #10,2022-03-20T15:15:00Z,https://cuescore.com/tournament/Sunday+funday+%252310/14484919,ostkanten
14303638,Oslo BK Klubbturnering,2022-03-16T17:00:00Z,https://cuescore.com/tournament/Oslo+BK+Klubbturnering/14303638,obk
14303626,Oslo BK Advance turnering,2022-03-14T17:00:00Z,https://cuescore.com/tournament/Oslo+BK+Advance+turnering/14303626,obk
14251987,Sunday funday #9,2022-03-13T15:00:00Z,https://cuescore.com/tournament/Sunday+funday+%25239/14251987,ostkanten
14287939,Oslo BKs kvinnedag 2022,2022-03-12T17:00:00Z,https://cuescore.com/tournament/Oslo+BKs+kvinnedag+2022/14287939,obk
14177590,Oslo BK Klubbturnering,2022-03-09T17:00:00Z,https://cuescore.com/tournament/Oslo+BK+Klubbturnering/14177590,obk
14141587,Oslo BK Advance,2022-03-07T17:10:00Z,https://cuescore.com/tournament/Oslo+BK+Advance/14141587,obk
14136466,Sunday fun day #8,2022-03-06T16:00:00Z,https://cuescore.com/tournament/Sunday+fun+day+%25238/14136466,ostkanten
13869505,Oslo BK Klubbturnering,2022-03-02T17:00:00Z,https://cuescore.com/tournament/Oslo+BK+Klubbturnering/13869505,obk
13730476,Advance,2022-02-28T17:00:00Z,https://cuescore.com/tournament/Advance/13730476,obk
13677856,Sunday funday #7,2022-02-27T15:10:00Z,https://cuescore.com/tournament/Sunday+funday+%25237/13677856,ostkanten
13335385,"4. kvalifisering til landscup, Team Østlandet",2022-02-27T13:00:00Z,https://cuescore.com/tournament/4.+kvalifisering+til+landscup%2C+Team+%C3%98stlandet/13335385,obk
13331440,"3. kvalifisering til landscupen, Team Østlandet",2022-02-26T12:00:00Z,https://cuescore.com/tournament/3.+kvalifisering+til+landscupen%2C+Team+%C3%98stlandet/13331440,obk
13488412,Klubbturnering Oslo BK,2022-02-23T17:10:00Z,https://cuescore.com/tournament/Klubbturnering+Oslo+BK/13488412,obk
13361977,Advance,2022-02-21T17:00:00Z,https://cuescore.com/tournament/Advance/13361977,obk
13298416,Sunday funday #6,2022-02-20T15:10:00Z,https://cuescore.com/tournament/Sunday+funday+%25236/13298416,ostkanten
13249462,Oslo BK Klubbturnering 2022,2022-02-16T17:00:00Z,https://cuescore.com/tournament/Oslo+BK+Klubbturnering+2022/13249462,obk
12886000,Oslo BK Advanced 2022,2022-02-14T17:06:00Z,https://cuescore.com/tournament/Oslo+BK+Advanced+2022/12886000,obk
12857527,Sunday funday #5,2022-02-13T15:20:00Z,https://cuescore.com/tournament/Sunday+funday+%25235/12857527,ostkanten
12439600,"2. kvalifisering til landscupen, Team Østlandet",2022-02-13T13:20:00Z,https://cuescore.com/tournament/2.+kvalifisering+til+landscupen%2C+Team+%C3%98stlandet/12439600,obk
12704779,Oslo BK Klubbturnering 2022,2022-02-09T17:11:00Z,https://cuescore.com/tournament/Oslo+BK+Klubbturnering+2022/12704779,obk
12637084,Oslo BK Advanced 2022,2022-02-07T17:00:00Z,https://cuescore.com/tournament/Oslo+BK+Advanced+2022/12637084,obk
12646465,Oslo BK Amatørturnering 2022,2022-02-07T17:00:00Z,https://cuescore.com/tournament/Oslo+BK+Amat%C3%B8rturnering+2022/12646465,obk
12469744,Sunday funday #4,2022-02-06T15:20:00Z,https://cuescore.com/tournament/Sunday+funday+%25234/12469744,ostkanten
12368365,Oslo BK Klubbturnering 2022,2022-02-02T17:00:00Z,https://cuescore.com/tournament/Oslo+BK+Klubbturnering+2022/12368365,obk
12311410,"1. kvalifisering til landscup, Team Østlandet",2022-02-01T17:00:00Z,https://cuescore.com/tournament/1.+kvalifisering+til+landscup%2C+Team+%C3%98stlandet/12311410,obk
12332377,Oslo BK Amatørturnering 2022,2022-01-31T17:00:00Z,https://cuescore.com/tournament/Oslo+BK+Amat%C3%B8rturnering+2022/12332377,obk
12332317,Oslo BK advanced 2022,2022-01-31T17:00:00Z,https://cuescore.com/tournament/Oslo+BK+advanced+2022/12332317,obk
12301264,Sunday funday #3 2022,2022-01-30T15:00:00Z,https://cuescore.com/tournament/Sunday+funday+%25233+2022/12301264,ostkanten
12258340,Årets 2 Onsdags turnering,2022-01-26T17:00:00Z,https://cuescore.com/tournament/%C3%85rets+2+Onsdags+turnering/12258340,obk
12226963,Mandags turnering for Advanse,2022-01-24T17:00:00Z,https://cuescore.com/tournament/Mandags+turnering+for+Advanse/12226963,obk
12174760,Sunday funday #2 2022,2022-01-23T15:00:00Z,https://cuescore.com/tournament/Sunday+funday+%25232+2022/12174760,ostkanten
12142285,Årets første 2022,2022-01-19T17:00:00Z,https://cuescore.com/tournament/%C3%85rets+f%C3%B8rste+2022/12142285,obk
12044983,Oslo BK Advanced Jan.-Løkka I 2022,2022-01-17T17:00:00Z,https://cuescore.com/tournament/Oslo+BK+Advanced+Jan.-L%C3%B8kka+I+2022/12044983,obk
12003922,Sunday funday #1 2022,2022-01-16T15:10:00Z,https://cuescore.com/tournament/Sunday+funday+%25231+2022/12003922,ostkanten
11376196,Oslo BK Amatør/advanced 2021,2021-12-13T17:00:00Z,https://cuescore.com/tournament/Oslo+BK+Amat%C3%B8r%252Fadvanced+2021/11376196,obk
11292151,Sunday funday 15,2021-12-12T15:30:00Z,https://cuescore.com/tournament/Sunday+funday+15/11292151,ostkanten
11234734,Oslo BK Klubbturnering des. 2021,2021-12-08T18:00:00Z,https://cuescore.com/tournament/Oslo+BK+Klubbturnering+des.+2021/11234734,obk
11174329,Oslo BK Ama/Advanced des. 2021,2021-12-06T17:00:00Z,https://cuescore.com/tournament/Oslo+BK+Ama%252FAdvanced+des.+2021/11174329,obk
11165209,Sunday funday 14,2021-12-05T15:30:00Z,https://cuescore.com/tournament/Sunday+funday+14/11165209,ostkanten
10807315,Oslo BK Klubbmesterskap 2021,2021-12-05T11:30:00Z,https://cuescore.com/tournament/Oslo+BK+Klubbmesterskap+2021/10807315,obk
10807162,Oslo BK Klubbmesterskap 2021,2021-12-04T11:00:00Z,https://cuescore.com/tournament/Oslo+BK+Klubbmesterskap+2021/10807162,obk
11093515,Oslo BK klubbturnering VIIII okt.-des. 2021,2021-12-01T17:00:00Z,https://cuescore.com/tournament/Oslo+BK+klubbturnering+VIIII+okt.-des.+2021/11093515,obk
11021686,OBK Advanced VIIII okt.-nov. 2021,2021-11-29T17:00:00Z,https://cuescore.com/tournament/OBK+Advanced+VIIII+okt.-nov.+2021/11021686,obk
10952155,Sunday funday 13 + Kensis birthday celebration 🥳,2021-11-28T15:00:00Z,https://cuescore.com/tournament/Sunday+funday+13+%252B+Kensis+birthday+celebration+%F0%9F%A5%B3/10952155,ostkanten
10951717,Oslo BK Klubbturnering VIII okt.-des. 2021,2021-11-24T17:05:00Z,https://cuescore.com/tournament/Oslo+BK+Klubbturnering+VIII+okt.-des.+2021/10951717,obk
10903714,OBK Advanced VIII okt.-nov. 2021,2021-11-22T17:05:00Z,https://cuescore.com/tournament/OBK+Advanced+VIII+okt.-nov.+2021/10903714,obk
10908523,Søndag på Østkanten,2021-11-21T15:30:00Z,https://cuescore.com/tournament/S%C3%B8ndag+p%C3%A5+%C3%98stkanten/10908523,ostkanten
10891954,Wikers Dikers,2021-11-20T14:20:00Z,,obk
10651603,Oslo BK Klubbturnering VII okt-des 2021,2021-11-17T17:00:00Z,https://cuescore.com/tournament/Oslo+BK+Klubbturnering+VII+okt-des+2021/10651603,obk
10625653,Sunday funday 11,2021-11-14T15:15:00Z,https://cuescore.com/tournament/Sunday+funday+11/10625653,ostkanten
10580725,OBK Klubbturnering Rt VI okt-des 2021,2021-11-10T17:10:00Z,https://cuescore.com/tournament/OBK+Klubbturnering+Rt+VI+okt-des+2021/10580725,obk
10537021,OBK Advanced VI okt-nov 2021,2021-11-08T17:00:00Z,https://cuescore.com/tournament/OBK+Advanced+VI+okt-nov+2021/10537021,obk
10504414,Sunday funday 10,2021-11-07T15:20:00Z,https://cuescore.com/tournament/Sunday+funday+10/10504414,ostkanten
9947674,Red Bull Elmers Open 9-ball,2021-11-06T09:30:00Z,https://cuescore.com/tournament/Red+Bull+Elmers+Open+9-ball/9947674,ostkanten
9947734,Red Bull Elmers Teams Invitational,2021-11-05T17:00:00Z,https://cuescore.com/tournament/Red+Bull+Elmers+Teams+Invitational/9947734,ostkanten
10448842,OBK Klubbturnering RT V okt des 2021,2021-11-03T17:12:00Z,https://cuescore.com/tournament/OBK+Klubbturnering+RT+V+okt+des+2021/10448842,obk
10355095,OBK Advanced V okt-nov 2021,2021-11-01T17:00:00Z,https://cuescore.com/tournament/OBK+Advanced+V+okt-nov+2021/10355095,obk
10326586,Sunday funday 9,2021-10-31T15:20:00Z,https://cuescore.com/tournament/Sunday+funday+9/10326586,ostkanten
10295266,OBK Klubbturnering RT 3 2021,2021-10-27T16:00:00Z,https://cuescore.com/tournament/OBK+Klubbturnering+RT+3+2021/10295266,obk
9785488,OBK Advanced IV okt-nov 2021,2021-10-25T16:00:00Z,https://cuescore.com/tournament/OBK+Advanced+IV+okt-nov+2021/9785488,obk
10260466,Elmers Sunday Oso,2021-10-24T14:08:00Z,,obk
10149010,OBK Klubbturnering RT 2 2021,2021-10-20T16:05:00Z,https://cuescore.com/tournament/OBK+Klubbturnering+RT+2+2021/10149010,obk
9988942,Red Bull Elmers Open kvalifisering Lag OBK,2021-10-19T16:00:00Z,https://cuescore.com/tournament/Red+Bull+Elmers+Open+kvalifisering+Lag+OBK/9988942,obk
9794713,Oslo BK Amatørturnering III okt 2021,2021-10-18T16:00:00Z,https://cuescore.com/tournament/Oslo+BK+Amat%C3%B8rturnering+III+okt+2021/9794713,obk
10061044,Sunday funday 8,2021-10-17T14:30:00Z,https://cuescore.com/tournament/Sunday+funday+8/10061044,ostkanten
9989758,Oslo BK Klubbturnering RT 1 okt-des 2021,2021-10-13T16:00:00Z,https://cuescore.com/tournament/Oslo+BK+Klubbturnering+RT+1+okt-des+2021/9989758,obk
9794725,Oslo BK Amatørturnering II okt 2021,2021-10-11T16:10:00Z,https://cuescore.com/tournament/Oslo+BK+Amat%C3%B8rturnering+II+okt+2021/9794725,obk
9785140,OBK Advanced II okt-nov 2021,2021-10-11T16:00:00Z,https://cuescore.com/tournament/OBK+Advanced+II+okt-nov+2021/9785140,obk
9971635,Daniels 18 års dag,2021-10-10T14:00:00Z,https://cuescore.com/tournament/Daniels+18+%C3%A5rs+dag/9971635,obk
9938497,Sunday funday 7,2021-10-10T14:00:00Z,https://cuescore.com/tournament/Sunday+funday+7/9938497,ostkanten
9870361,OBK Klubbturnering Høst 2021,2021-10-06T16:12:00Z,https://cuescore.com/tournament/OBK+Klubbturnering+H%C3%B8st+2021/9870361,obk
9785128,OBK Advanced I okt-nov 2021,2021-10-04T16:10:00Z,https://cuescore.com/tournament/OBK+Advanced+I+okt-nov+2021/9785128,obk
9819943,Sunday funday 6,2021-10-03T14:00:00Z,https://cuescore.com/tournament/Sunday+funday+6/9819943,ostkanten
9680569,Oslo BK Klubbturnering,2021-09-29T16:00:00Z,https://cuescore.com/tournament/Oslo+BK+Klubbturnering/9680569,obk
9396184,Oslo BK advanced aug.-sept 2021,2021-09-27T16:00:00Z,https://cuescore.com/tournament/Oslo+BK+advanced+aug.-sept+2021/9396184,obk
9632179,Sunday funday 5,2021-09-26T14:10:00Z,https://cuescore.com/tournament/Sunday+funday+5/9632179,ostkanten
9585712,Oslo BK Klubbturnering 2021,2021-09-22T16:10:00Z,https://cuescore.com/tournament/Oslo+BK+Klubbturnering+2021/9585712,obk
9386089,Oslo BK Amatørturnering,2021-09-20T16:12:00Z,https://cuescore.com/tournament/Oslo+BK+Amat%C3%B8rturnering/9386089,obk
9338602,Sunday funday 4,2021-09-19T14:15:00Z,https://cuescore.com/tournament/Sunday+funday+4/9338602,ostkanten
9308137,Oslo BK Klubbturnering 2021,2021-09-15T16:00:00Z,https://cuescore.com/tournament/Oslo+BK+Klubbturnering+2021/9308137,obk
9150491,*OBK advanced aug-sept,2021-09-13T16:00:00Z,https://cuescore.com/tournament/%2AOBK+advanced+aug-sept/9150491,obk
9289431,Sunday Funday 3,2021-09-12T14:35:00Z,https://cuescore.com/tournament/Sunday+Funday+3/9289431,ostkanten
9265048,Oslo Makaroni Kvalik,2021-09-09T16:00:00Z,https://cuescore.com/tournament/Oslo+Makaroni+Kvalik/9265048,ostkanten
9259829,Oslo BK Klubbturnering,2021-09-08T16:00:00Z,https://cuescore.com/tournament/Oslo+BK+Klubbturnering/9259829,obk
9150891,OBK Advanced 2021 aug. -sept III,2021-09-06T16:00:00Z,https://cuescore.com/tournament/OBK+Advanced+2021+aug.+-sept+III/9150891,obk
9220658,Elmers Søndagsturnering,2021-09-05T14:30:00Z,,obk
9203046,Oslo  BK Klubbturnering,2021-09-01T16:00:00Z,https://cuescore.com/tournament/Oslo++BK+Klubbturnering/9203046,obk
9150485,OBK Advanced aug-sept II (5/9 an),2021-08-30T16:00:00Z,https://cuescore.com/tournament/OBK+Advanced+aug-sept+II+%285%252F9+an%29/9150485,obk
9198023,Sunday at ØBK 2,2021-08-29T14:40:00Z,https://cuescore.com/tournament/Sunday+at+%C3%98BK+2/9198023,ostkanten
9177088,Oslo BK Klubbturnering 2021,2021-08-25T16:00:00Z,https://cuescore.com/tournament/Oslo+BK+Klubbturnering+2021/9177088,obk
9168958,Amatør 1,2021-08-23T17:00:00Z,https://cuescore.com/tournament/Amat%C3%B8r+1/9168958,obk
9150480,OBK Advanced 2021 aug-sept RT I,2021-08-23T16:00:00Z,https://cuescore.com/tournament/OBK+Advanced+2021+aug-sept+RT+I/9150480,obk
9164783,Sunday at ØBK #2,2021-08-22T14:45:00Z,https://cuescore.com/tournament/Sunday+at+%C3%98BK+%25232/9164783,ostkanten
9153444,Oslo BK Klubbturnering Preseason,2021-08-18T16:00:00Z,https://cuescore.com/tournament/Oslo+BK+Klubbturnering+Preseason/9153444,obk
9144568,OBK Advanced 2021  Preseason siste,2021-08-16T16:07:00Z,https://cuescore.com/tournament/OBK+Advanced+2021++Preseason+siste/9144568,obk
9142052,Søndag på Østkanten 1,2021-08-15T15:00:00Z,https://cuescore.com/tournament/S%C3%B8ndag+p%C3%A5+%C3%98stkanten+1/9142052,ostkanten
9082302,Mandagsturnering Advanced 9-ball,2021-08-09T16:00:00Z,https://cuescore.com/tournament/Mandagsturnering+Advanced+9-ball/9082302,obk
9082192,Summer tournament Aug. 8th,2021-08-08T14:30:00Z,https://cuescore.com/tournament/Summer+tournament+Aug.+8th/9082192,ostkanten
9081060,Utdrikningsgames,2021-08-07T16:00:00Z,https://cuescore.com/tournament/Utdrikningsgames/9081060,obk
9028528,Oslo BK Sommerturnering III 10-ball,2021-08-07T10:00:00Z,https://cuescore.com/tournament/Oslo+BK+Sommerturnering+III+10-ball/9028528,obk
9073490,Oslo BK Klubbturnering,2021-08-04T16:00:00Z,https://cuescore.com/tournament/Oslo+BK+Klubbturnering/9073490,obk
9070030,OBK Advanced,2021-08-02T16:00:00Z,https://cuescore.com/tournament/OBK+Advanced/9070030,obk
9066003,Sommerturnering 2,2021-08-01T14:30:00Z,https://cuescore.com/tournament/Sommerturnering+2/9066003,ostkanten
9048817,Oslo BK Advancedturnering 2021,2021-07-26T16:00:00Z,https://cuescore.com/tournament/Oslo+BK+Advancedturnering+2021/9048817,obk
9048052,Summer tournament,2021-07-25T14:30:00Z,https://cuescore.com/tournament/Summer+tournament/9048052,ostkanten
9047188,Hill Hill Nordic Tour,2021-07-24T21:55:00Z,https://cuescore.com/tournament/Hill+Hill+Nordic+Tour/9047188,obk
9014452,OBK Advanced 2021,2021-07-19T16:00:00Z,https://cuescore.com/tournament/OBK+Advanced+2021/9014452,obk
9027887,Elmers Sommerlek,2021-07-18T14:30:00Z,https://cuescore.com/tournament/Elmers+Sommerlek/9027887,ostkanten
8996878,Oslo BK Sommerturnering II,2021-07-17T10:00:00Z,https://cuescore.com/tournament/Oslo+BK+Sommerturnering+II/8996878,obk
9016341,Oslo BK Klubbturnering 2021,2021-07-14T16:00:00Z,https://cuescore.com/tournament/Oslo+BK+Klubbturnering+2021/9016341,obk
9008289,Oslo BK Amatørturnering sommer 2021,2021-07-12T16:15:00Z,https://cuescore.com/tournament/Oslo+BK+Amat%C3%B8rturnering+sommer+2021/9008289,obk
9008407,Oslo BK  Advanced sommertunernering,2021-07-12T16:05:00Z,https://cuescore.com/tournament/Oslo+BK++Advanced+sommertunernering/9008407,obk
9012581,Elmers SommerSøndagsturnering II 9-ball,2021-07-11T14:15:00Z,,obk
9001578,Oslo BK Klubbturnering 2021,2021-07-07T16:15:00Z,https://cuescore.com/tournament/Oslo+BK+Klubbturnering+2021/9001578,obk
8997592,Oslo BK Advanced 2021,2021-07-05T16:10:00Z,https://cuescore.com/tournament/Oslo+BK+Advanced+2021/8997592,obk
8995646,Elmers SommerSøndagsturnering,2021-07-04T14:00:00Z,,obk
8985252,Oslo BK Klubbturnering 2021,2021-06-30T16:00:00Z,https://cuescore.com/tournament/Oslo+BK+Klubbturnering+2021/8985252,obk
8980620,Oslo BK Amatørturnering nivå 1 og 2 2021,2021-06-28T16:00:00Z,https://cuescore.com/tournament/Oslo+BK+Amat%C3%B8rturnering+niv%C3%A5+1+og+2+2021/8980620,obk
8980618,Oslo BK Advanced 2021,2021-06-28T16:00:00Z,https://cuescore.com/tournament/Oslo+BK+Advanced+2021/8980618,obk
8982036,Elmers Søndagsturnering,2021-06-27T14:16:00Z,,obk
8885262,Oslo BK Sommerturnering I 2021,2021-06-26T10:00:00Z,https://cuescore.com/tournament/Oslo+BK+Sommerturnering+I+2021/8885262,obk
8893672,Oslo BK Klubbturnering 2021,2021-06-23T16:15:00Z,https://cuescore.com/tournament/Oslo+BK+Klubbturnering+2021/8893672,obk
8957489,Oslo BK Advanced åpningsturnering 2021,2021-06-21T16:00:00Z,https://cuescore.com/tournament/Oslo+BK+Advanced+%C3%A5pningsturnering+2021/8957489,obk
8961763,Søndag på Østkanten,2021-06-20T14:00:00Z,https://cuescore.com/tournament/S%C3%B8ndag+p%C3%A5+%C3%98stkanten/8961763,ostkanten
8951216,Årets første Onsdags turnering,2021-06-16T16:00:00Z,https://cuescore.com/tournament/%C3%85rets+f%C3%B8rste+Onsdags+turnering/8951216,obk
8815387,Team Norway Ghost Cup 10-Ball - Gruppe C,2021-05-02T13:00:00Z,,obk
8815393,Team Norway Ghost Cup 9-Ball - Gruppe C,2021-05-02T13:00:00Z,,obk
8802107,Team Norway - 10-Ball - Gruppe B,2021-04-25T13:00:00Z,,obk
8802171,Team Norway - 9-Ball - Gruppe B,2021-04-25T13:00:00Z,,obk
8797319,TEAM NORWAY GHOST CUP 9-BALL - GRUPPE D,2021-04-24T11:00:00Z,,obk
8797314,Team Norway Ghost Cup 10-Ball - Gruppe D,2021-04-24T11:00:00Z,,obk
8668129,Team Norway Ghost Cup! 8-ball - Gruppe D,2021-03-16T18:00:00Z,,obk
8668121,Team Norway Ghost Cup! 8-ball - Gruppe B,2021-03-16T18:00:00Z,,obk
8510011,GhostMatch #2,2020-12-17T18:00:00Z,,obk
8473729,KØ-pÅdd Challenge,2020-11-27T19:00:00Z,,obk
8427809,Oslo BK KT 10 2020,2020-11-04T17:00:00Z,https://cuescore.com/tournament/Oslo+BK+KT+10+2020/8427809,obk
8421244,Oslo BK Advanced Bragging Rights Qualifying,2020-11-02T17:00:00Z,https://cuescore.com/tournament/Oslo+BK+Advanced+Bragging+Rights+Qualifying/8421244,obk
8421240,OSLO BK Amatør 2,2020-11-02T17:00:00Z,https://cuescore.com/tournament/OSLO+BK+Amat%C3%B8r+2/8421240,obk
8418763,Old style 9-ball,2020-11-01T13:00:00Z,https://cuescore.com/tournament/Old+style+9-ball/8418763,obk
8413402,Oslo BK KT 8 2020/2021,2020-10-28T17:00:00Z,https://cuescore.com/tournament/Oslo+BK+KT+8+2020%252F2021/8413402,obk
8401391,Advancedturnering,2020-10-26T17:00:00Z,https://cuescore.com/tournament/Advancedturnering/8401391,obk
8401389,Amatørturnering Nivå 2,2020-10-26T17:00:00Z,https://cuescore.com/tournament/Amat%C3%B8rturnering+Niv%C3%A5+2/8401389,obk
8368675,Oslo BK LIGASPILL (NY) Åpen Liga max 1300 Norgesratingen 10-ball,2020-10-26T14:05:00Z,https://cuescore.com/tournament/Oslo+BK+LIGASPILL+%28NY%29+%C3%85pen+Liga+max+1300+Norgesratingen+10-ball/8368675,obk
8356281,9-ball uten HC på Elmers,2020-10-25T15:30:00Z,https://cuescore.com/tournament/9-ball+uten+HC+p%C3%A5+Elmers/8356281,ostkanten
8394074,Bragging Rights Challenge #4,2020-10-22T16:00:00Z,,obk
8393162,Stigs Bingo turnering. winner takes it all,2020-10-21T19:24:00Z,https://cuescore.com/tournament/Stigs+Bingo+turnering.+winner+takes+it+all/8393162,obk
8376394,Oslo BK Klubbturnering 7 2020/2021,2020-10-21T16:00:00Z,https://cuescore.com/tournament/Oslo+BK+Klubbturnering+7+2020%252F2021/8376394,obk
8384699,Advancedturnering,2020-10-19T16:00:00Z,https://cuescore.com/tournament/Advancedturnering/8384699,obk
8384697,Amatørturnering Nivå 2,2020-10-19T16:00:00Z,https://cuescore.com/tournament/Amat%C3%B8rturnering+Niv%C3%A5+2/8384697,obk
8341040,Søndag på østkanten 25,2020-10-18T14:30:00Z,https://cuescore.com/tournament/S%C3%B8ndag+p%C3%A5+%C3%B8stkanten+25/8341040,ostkanten
8366105,Oslo BK KT 6 2020/2021,2020-10-14T16:00:00Z,https://cuescore.com/tournament/Oslo+BK+KT+6+2020%252F2021/8366105,obk
8360152,Amatørturnering,2020-10-12T16:00:00Z,https://cuescore.com/tournament/Amat%C3%B8rturnering/8360152,obk
8360469,Advancedturnering,2020-10-12T16:00:00Z,https://cuescore.com/tournament/Advancedturnering/8360469,obk
8360467,Amatørturnering Nivå 2,2020-10-12T16:00:00Z,https://cuescore.com/tournament/Amat%C3%B8rturnering+Niv%C3%A5+2/8360467,obk
8340942,Søndag på østkanten 24,2020-10-11T14:30:00Z,https://cuescore.com/tournament/S%C3%B8ndag+p%C3%A5+%C3%B8stkanten+24/8340942,ostkanten
8213359,Klubbmesterskap Oslo BK 2020,2020-10-07T15:30:00Z,https://cuescore.com/tournament/Klubbmesterskap+Oslo+BK+2020/8213359,obk
8345494,Qualification for macaroni cup,2020-10-07T15:15:00Z,https://cuescore.com/tournament/Qualification+for+macaroni+cup/8345494,ostkanten
8334075,Amatørturnering,2020-10-05T16:00:00Z,https://cuescore.com/tournament/Amat%C3%B8rturnering/8334075,obk
8131355,Søndag på østkanten 23,2020-10-04T14:30:00Z,https://cuescore.com/tournament/S%C3%B8ndag+p%C3%A5+%C3%B8stkanten+23/8131355,ostkanten
8300262,Oslo BK KT 5 2020/2021,2020-09-30T16:10:00Z,https://cuescore.com/tournament/Oslo+BK+KT+5+2020%252F2021/8300262,obk
8295652,Advancedturnering,2020-09-28T16:00:00Z,https://cuescore.com/tournament/Advancedturnering/8295652,obk
8295646,Amatørturnering Nivå 2,2020-09-28T16:00:00Z,https://cuescore.com/tournament/Amat%C3%B8rturnering+Niv%C3%A5+2/8295646,obk
8128336,Søndag på østkanten 22,2020-09-27T14:30:00Z,https://cuescore.com/tournament/S%C3%B8ndag+p%C3%A5+%C3%B8stkanten+22/8128336,ostkanten
8277140,Oslo BK Klubbturnering 4 2020/2021,2020-09-23T16:00:00Z,https://cuescore.com/tournament/Oslo+BK+Klubbturnering+4+2020%252F2021/8277140,obk
8274279,Advancedturnering,2020-09-21T16:00:00Z,https://cuescore.com/tournament/Advancedturnering/8274279,obk
8274285,Amatørturnering Nivå 2,2020-09-21T16:00:00Z,https://cuescore.com/tournament/Amat%C3%B8rturnering+Niv%C3%A5+2/8274285,obk
8128334,Søndag på østkanten 21,2020-09-20T14:30:00Z,https://cuescore.com/tournament/S%C3%B8ndag+p%C3%A5+%C3%B8stkanten+21/8128334,ostkanten
8267255,Bragging Rights Challenge #3,2020-09-18T22:00:00Z,,obk
8124861,Oslo BK Rating <1200 Ligaspill 8-ball lang distanse,2020-09-18T17:18:00Z,https://cuescore.com/tournament/Oslo+BK+Rating+%3C1200+Ligaspill+8-ball+lang+distanse/8124861,obk
8235836,Oslo BK KT 3 2020-2021,2020-09-16T16:00:00Z,https://cuescore.com/tournament/Oslo+BK+KT+3+2020-2021/8235836,obk
8217313,Advancedturnering,2020-09-14T16:00:00Z,https://cuescore.com/tournament/Advancedturnering/8217313,obk
8128332,Søndag på østkanten 20,2020-09-13T14:20:00Z,https://cuescore.com/tournament/S%C3%B8ndag+p%C3%A5+%C3%B8stkanten+20/8128332,ostkanten
8181731,Oslo BK KT II 2020-2021,2020-09-09T16:00:00Z,https://cuescore.com/tournament/Oslo+BK+KT+II+2020-2021/8181731,obk
8093898,ELITELIGAEN I Oslo BK HØST 2020,2020-09-07T16:03:00Z,https://cuescore.com/tournament/ELITELIGAEN+I+Oslo+BK+H%C3%98ST+2020/8093898,obk
8161183,Advancedturnering,2020-09-07T16:00:00Z,https://cuescore.com/tournament/Advancedturnering/8161183,obk
8161179,Amatørturnering Nivå 2,2020-09-07T16:00:00Z,https://cuescore.com/tournament/Amat%C3%B8rturnering+Niv%C3%A5+2/8161179,obk
8128323,Søndag på østkanten 19,2020-09-06T14:15:00Z,https://cuescore.com/tournament/S%C3%B8ndag+p%C3%A5+%C3%B8stkanten+19/8128323,ostkanten
8122972,Oslo BK KT 1 2020/2021,2020-09-02T16:25:00Z,https://cuescore.com/tournament/Oslo+BK+KT+1+2020%252F2021/8122972,obk
8125217,Amatørturnering Nivå 2,2020-08-31T16:00:00Z,https://cuescore.com/tournament/Amat%C3%B8rturnering+Niv%C3%A5+2/8125217,obk
8124917,Advancedturnering,2020-08-31T16:00:00Z,https://cuescore.com/tournament/Advancedturnering/8124917,obk
8073689,Søndag på Østkanten 18,2020-08-30T14:30:00Z,https://cuescore.com/tournament/S%C3%B8ndag+p%C3%A5+%C3%98stkanten+18/8073689,ostkanten
8103983,Oslo BK Klubbturnering 2020,2020-08-26T16:00:00Z,https://cuescore.com/tournament/Oslo+BK+Klubbturnering+2020/8103983,obk
8101155,Advancedturnering 24.08.2020,2020-08-24T16:00:00Z,https://cuescore.com/tournament/Advancedturnering+24.08.2020/8101155,obk
8101126,Amatørturnering Nivå 2,2020-08-24T16:00:00Z,https://cuescore.com/tournament/Amat%C3%B8rturnering+Niv%C3%A5+2/8101126,obk
8073687,Søndag på Østkanten 17,2020-08-23T14:30:00Z,https://cuescore.com/tournament/S%C3%B8ndag+p%C3%A5+%C3%98stkanten+17/8073687,ostkanten
8096806,Jokkes 30 års lag,2020-08-22T20:00:00Z,https://cuescore.com/tournament/Jokkes+30+%C3%A5rs+lag/8096806,obk
8095945,Elmers Open 2020 Sluttspill,2020-08-22T12:30:00Z,https://cuescore.com/tournament/Elmers+Open+2020+Sluttspill/8095945,ostkanten
8094143,Elmers open 2020 scotch dobbel,2020-08-21T17:58:00Z,https://cuescore.com/tournament/Elmers+open+2020+scotch+dobbel/8094143,ostkanten
8092266,Elmers Open 2020 Gruppe C,2020-08-20T16:00:00Z,https://cuescore.com/tournament/Elmers+Open+2020+Gruppe+C/8092266,ostkanten
8089230,Oslo BK Ligaspill Rating <1200 H-2020,2020-08-20T14:30:00Z,https://cuescore.com/tournament/Oslo+BK+Ligaspill+Rating+%3C1200+H-2020/8089230,obk
8089125,Oslo BK TRENINGSTURNERING Aug 2020,2020-08-19T16:00:00Z,https://cuescore.com/tournament/Oslo+BK+TRENINGSTURNERING+Aug+2020/8089125,obk
8090813,Elmers Open 2020 gruppe D,2020-08-19T16:00:00Z,https://cuescore.com/tournament/Elmers+Open+2020+gruppe+D/8090813,ostkanten
8089017,Elmers Open 2020 Gruppe A,2020-08-18T16:00:00Z,https://cuescore.com/tournament/Elmers+Open+2020+Gruppe+A/8089017,ostkanten
8084222,Elmers Open 2020 Gruppe B,2020-08-17T16:00:00Z,https://cuescore.com/tournament/Elmers+Open+2020+Gruppe+B/8084222,ostkanten
8073677,Søndag på Østkanten 16,2020-08-16T14:15:00Z,https://cuescore.com/tournament/S%C3%B8ndag+p%C3%A5+%C3%98stkanten+16/8073677,ostkanten
8063321,Oslo BK Klubbturnering PRO RT 1 2020 8-ball,2020-08-12T16:00:00Z,https://cuescore.com/tournament/Oslo+BK+Klubbturnering+PRO+RT+1+2020+8-ball/8063321,obk
7969347,Søndag på østkanten 15,2020-08-09T14:15:00Z,https://cuescore.com/tournament/S%C3%B8ndag+p%C3%A5+%C3%B8stkanten+15/7969347,ostkanten
8042084,Sommer B-side dobbel Cup,2020-08-08T16:55:00Z,https://cuescore.com/tournament/Sommer+B-side+dobbel+Cup/8042084,obk
7954094,Oslo BK Sommerturnering III 2020,2020-08-08T11:00:00Z,https://cuescore.com/tournament/Oslo+BK+Sommerturnering+III+2020/7954094,obk
8036336,Klubbturnering Oslo Bk,2020-08-05T16:00:00Z,https://cuescore.com/tournament/Klubbturnering+Oslo+Bk/8036336,obk
8001220,Bård vant den første turneringa her er den andre,2020-08-02T00:17:00Z,https://cuescore.com/tournament/B%C3%A5rd+vant+den+f%C3%B8rste+turneringa+her+er+den+andre/8001220,obk
8000974,Birthday shoot to kill TourbManeriMosoe,2020-08-01T20:02:00Z,https://cuescore.com/tournament/Birthday+shoot+to+kill+TourbManeriMosoe/8000974,obk
7992398,Oslo BK X9 Sommer 2020,2020-07-29T16:20:00Z,https://cuescore.com/tournament/Oslo+BK+X9+Sommer+2020/7992398,obk
7967707,Oslo BK X8 Sommer 2020,2020-07-15T16:50:00Z,https://cuescore.com/tournament/Oslo+BK+X8+Sommer+2020/7967707,obk
7957658,Oslo BK KT X7 2020,2020-07-08T15:55:00Z,https://cuescore.com/tournament/Oslo+BK+KT+X7+2020/7957658,obk
7913882,Oslo BK sommerturnering II,2020-07-04T11:00:00Z,https://cuescore.com/tournament/Oslo+BK+sommerturnering+II/7913882,obk
7943313,Oslo BK KTX6 2020,2020-07-01T15:55:00Z,https://cuescore.com/tournament/Oslo+BK+KTX6+2020/7943313,obk
7924514,Søndag på østkanten 14,2020-06-28T14:15:00Z,https://cuescore.com/tournament/S%C3%B8ndag+p%C3%A5+%C3%B8stkanten+14/7924514,ostkanten
7936221,OBKSUNSummerSuntournament,2020-06-26T16:40:00Z,https://cuescore.com/tournament/OBKSUNSummerSuntournament/7936221,obk
7935822,Min turnering,2020-06-25T17:25:00Z,https://cuescore.com/tournament/Min+turnering/7935822,obk
7934959,o SLO bk KT B SIDE,2020-06-24T18:40:00Z,https://cuescore.com/tournament/o+SLO+bk+KT+B+SIDE/7934959,obk
7931895,Oslo BK KT X5 sommer 2020,2020-06-24T16:55:00Z,https://cuescore.com/tournament/Oslo+BK+KT+X5+sommer+2020/7931895,obk
7924452,Søndag på østkanten 13,2020-06-21T14:15:00Z,https://cuescore.com/tournament/S%C3%B8ndag+p%C3%A5+%C3%B8stkanten+13/7924452,ostkanten
7921789,Oslo  BK KT summer X4 2020,2020-06-17T15:59:00Z,https://cuescore.com/tournament/Oslo++BK+KT+summer+X4+2020/7921789,obk
7918302,Søndag på østkanten 12,2020-06-14T14:15:00Z,https://cuescore.com/tournament/S%C3%B8ndag+p%C3%A5+%C3%B8stkanten+12/7918302,ostkanten
7920098,Friendly Summer Scotch Match!,2020-06-13T17:17:00Z,https://cuescore.com/tournament/Friendly+Summer+Scotch+Match%21/7920098,obk
7915337,Oslo BK KT X3 Turnering 2020,2020-06-10T15:56:00Z,https://cuescore.com/tournament/Oslo+BK+KT+X3+Turnering+2020/7915337,obk
7916109,Brawl Brag Round Robin,2020-06-09T17:10:00Z,https://cuescore.com/tournament/Brawl+Brag+Round+Robin/7916109,obk
7913345,Søndag på østkanten 11,2020-06-07T14:15:00Z,https://cuescore.com/tournament/S%C3%B8ndag+p%C3%A5+%C3%B8stkanten+11/7913345,ostkanten
7911168,Oslo BK Sommerturnering 1- 2020,2020-06-06T11:00:00Z,https://cuescore.com/tournament/Oslo+BK+Sommerturnering+1-+2020/7911168,obk
7909544,Oslo BK KT X2 2020,2020-06-03T15:52:00Z,https://cuescore.com/tournament/Oslo+BK+KT+X2+2020/7909544,obk
7906953,Oslo BK KT X1 (2020),2020-05-27T15:55:00Z,https://cuescore.com/tournament/Oslo+BK+KT+X1+%282020%29/7906953,obk
7901831,Medlemsturnering Oslo BK,2020-05-20T15:43:00Z,https://cuescore.com/tournament/Medlemsturnering+Oslo+BK/7901831,obk
7789761,Oslo BK KT 10 2020,2020-03-11T17:00:00Z,https://cuescore.com/tournament/Oslo+BK+KT+10+2020/7789761,obk
7773340,Advancedturnering,2020-03-09T17:00:00Z,https://cuescore.com/tournament/Advancedturnering/7773340,obk
7773350,Amatørturnering,2020-03-09T17:00:00Z,https://cuescore.com/tournament/Amat%C3%B8rturnering/7773350,obk
7773355,Amatørturnering Nivå 2,2020-03-09T17:00:00Z,https://cuescore.com/tournament/Amat%C3%B8rturnering+Niv%C3%A5+2/7773355,obk
7704517,Søndag på Østkanten 10,2020-03-08T15:15:00Z,https://cuescore.com/tournament/S%C3%B8ndag+p%C3%A5+%C3%98stkanten+10/7704517,ostkanten
7720085,Oslo BK KT 9 2020,2020-03-04T17:15:00Z,https://cuescore.com/tournament/Oslo+BK+KT+9+2020/7720085,obk
7717314,Amatørturnering Nivå 2,2020-03-02T17:00:00Z,https://cuescore.com/tournament/Amat%C3%B8rturnering+Niv%C3%A5+2/7717314,obk
7717316,Amatørturnering,2020-03-02T17:00:00Z,https://cuescore.com/tournament/Amat%C3%B8rturnering/7717316,obk
7464011,Advancedturnering 2.3.2020,2020-03-02T17:00:00Z,https://cuescore.com/tournament/Advancedturnering+2.3.2020/7464011,obk
7704459,Søndag på Østkanten 9,2020-03-01T15:30:00Z,https://cuescore.com/tournament/S%C3%B8ndag+p%C3%A5+%C3%98stkanten+9/7704459,ostkanten
7711132,BALLIN¨SUNDAY,2020-03-01T13:15:00Z,,obk
7704457,Svea Open 2020,2020-02-28T16:40:00Z,https://cuescore.com/tournament/Svea+Open+2020/7704457,obk
7676374,Oslo BK KT 8 2020,2020-02-26T17:15:00Z,https://cuescore.com/tournament/Oslo+BK+KT+8+2020/7676374,obk
7653715,Amatørturnering Nivå 2,2020-02-24T17:00:00Z,https://cuescore.com/tournament/Amat%C3%B8rturnering+Niv%C3%A5+2/7653715,obk
7653829,Amatørturnering,2020-02-24T17:00:00Z,https://cuescore.com/tournament/Amat%C3%B8rturnering/7653829,obk
7464008,Advancedturnering 24.2.2020,2020-02-24T17:00:00Z,https://cuescore.com/tournament/Advancedturnering+24.2.2020/7464008,obk
7487981,Søndag på Østkanten 8,2020-02-23T15:15:00Z,https://cuescore.com/tournament/S%C3%B8ndag+p%C3%A5+%C3%98stkanten+8/7487981,ostkanten
7458097,OSLO BK KT 7 2020,2020-02-19T17:10:00Z,https://cuescore.com/tournament/OSLO+BK+KT+7+2020/7458097,obk
7458076,Amatørturnering,2020-02-17T17:00:00Z,https://cuescore.com/tournament/Amat%C3%B8rturnering/7458076,obk
7454788,Søndag på Østkanten 7,2020-02-16T15:15:00Z,https://cuescore.com/tournament/S%C3%B8ndag+p%C3%A5+%C3%98stkanten+7/7454788,ostkanten
7443104,OSLO BK KT 6 2020,2020-02-12T17:00:00Z,https://cuescore.com/tournament/OSLO+BK+KT+6+2020/7443104,obk
7401861,Advancedturnering,2020-02-10T17:00:00Z,https://cuescore.com/tournament/Advancedturnering/7401861,obk
7401857,Amatørturnering Nivå 2,2020-02-10T17:00:00Z,https://cuescore.com/tournament/Amat%C3%B8rturnering+Niv%C3%A5+2/7401857,obk
7401855,Amatørturnering,2020-02-10T17:00:00Z,https://cuescore.com/tournament/Amat%C3%B8rturnering/7401855,obk
7311035,Søndag på Østkanten 6,2020-02-09T15:15:00Z,https://cuescore.com/tournament/S%C3%B8ndag+p%C3%A5+%C3%98stkanten+6/7311035,ostkanten
7252171,Oslo Biljardklubb Klubbmesterskap 2020,2020-02-08T12:00:00Z,https://cuescore.com/tournament/Oslo+Biljardklubb+Klubbmesterskap+2020/7252171,obk
7282943,Oslo BK KT 5 2020,2020-02-05T17:00:00Z,https://cuescore.com/tournament/Oslo+BK+KT+5+2020/7282943,obk
7284516,Amatørturnering,2020-02-03T17:00:00Z,https://cuescore.com/tournament/Amat%C3%B8rturnering/7284516,obk
7284519,Amatørturnering Nivå 2,2020-02-03T17:00:00Z,https://cuescore.com/tournament/Amat%C3%B8rturnering+Niv%C3%A5+2/7284519,obk
7284870,Advancedturnering,2020-02-03T17:00:00Z,https://cuescore.com/tournament/Advancedturnering/7284870,obk
7262184,Søndag på Østkanten 5,2020-02-02T15:15:00Z,https://cuescore.com/tournament/S%C3%B8ndag+p%C3%A5+%C3%98stkanten+5/7262184,ostkanten
7224607,Oppvarming til Nordisk 5 - 9,2020-01-30T19:15:00Z,https://cuescore.com/tournament/Oppvarming+til+Nordisk+5+-+9/7224607,obk
7235266,Oslo BK KT 4 2020,2020-01-29T17:15:00Z,https://cuescore.com/tournament/Oslo+BK+KT+4+2020/7235266,obk
7214613,Bragging Rights Challenge #1,2020-01-28T19:00:00Z,https://cuescore.com/tournament/Bragging+Rights+Challenge+%25231/7214613,obk
7222335,Amatørturnering Nivå 2,2020-01-27T17:00:00Z,https://cuescore.com/tournament/Amat%C3%B8rturnering+Niv%C3%A5+2/7222335,obk
7222339,Advancedturnering,2020-01-27T17:00:00Z,https://cuescore.com/tournament/Advancedturnering/7222339,obk
7210612,Søndag på Østkanten 4,2020-01-26T15:15:00Z,https://cuescore.com/tournament/S%C3%B8ndag+p%C3%A5+%C3%98stkanten+4/7210612,ostkanten
7194535,Derby city classic Bigfoot  10 ball challange,2020-01-24T06:53:00Z,,obk
7162340,Oslo BK KT 3 2020,2020-01-22T17:08:00Z,https://cuescore.com/tournament/Oslo+BK+KT+3+2020/7162340,obk
7162718,Advancedturnering,2020-01-20T17:00:00Z,https://cuescore.com/tournament/Advancedturnering/7162718,obk
7162725,Amatørturnering,2020-01-20T17:00:00Z,https://cuescore.com/tournament/Amat%C3%B8rturnering/7162725,obk
7162721,Amatørturnering Nivå 2,2020-01-20T17:00:00Z,https://cuescore.com/tournament/Amat%C3%B8rturnering+Niv%C3%A5+2/7162721,obk
7146639,Søndag på Østkanten 3,2020-01-19T15:30:00Z,https://cuescore.com/tournament/S%C3%B8ndag+p%C3%A5+%C3%98stkanten+3/7146639,ostkanten
7126216,Oslo BK KT 2 2020,2020-01-15T18:10:00Z,https://cuescore.com/tournament/Oslo+BK+KT+2+2020/7126216,obk
7123094,Amatørturnering,2020-01-13T17:00:00Z,https://cuescore.com/tournament/Amat%C3%B8rturnering/7123094,obk
7122956,Advancedturnering,2020-01-13T17:00:00Z,https://cuescore.com/tournament/Advancedturnering/7122956,obk
7123029,Amatørturnering Nivå 2,2020-01-13T17:00:00Z,https://cuescore.com/tournament/Amat%C3%B8rturnering+Niv%C3%A5+2/7123029,obk
7118831,Søndag på Østkanten 2,2020-01-12T15:30:00Z,https://cuescore.com/tournament/S%C3%B8ndag+p%C3%A5+%C3%98stkanten+2/7118831,ostkanten
7101780,OSLOBK KLUBBT I 2020,2020-01-08T17:15:00Z,https://cuescore.com/tournament/OSLOBK+KLUBBT+I+2020/7101780,obk
7099419,Amatørturnering Nivå 2,2020-01-06T17:00:00Z,https://cuescore.com/tournament/Amat%C3%B8rturnering+Niv%C3%A5+2/7099419,obk
7099422,Advancedturnering,2020-01-06T17:00:00Z,https://cuescore.com/tournament/Advancedturnering/7099422,obk
7094056,Søndag på Østkanten 1,2020-01-05T15:15:00Z,https://cuescore.com/tournament/S%C3%B8ndag+p%C3%A5+%C3%98stkanten+1/7094056,ostkanten
7034242,Oslo BK KT 41 2019,2019-12-18T17:00:00Z,https://cuescore.com/tournament/Oslo+BK+KT+41+2019/7034242,obk
7031642,Scotch Doubles Oslo Biljardsenter,2019-12-15T23:00:00Z,https://cuescore.com/tournament/Scotch+Doubles+Oslo+Biljardsenter/7031642,obk
6838041,Søndag på Østkanten 45,2019-12-15T15:30:00Z,https://cuescore.com/tournament/S%C3%B8ndag+p%C3%A5+%C3%98stkanten+45/6838041,ostkanten
7027184,Scotch Double - Jubileums turnering,2019-12-14T23:21:00Z,https://cuescore.com/tournament/Scotch+Double+-+Jubileums+turnering/7027184,obk
7027019,Jubileum 30 år OBK,2019-12-14T21:39:00Z,https://cuescore.com/tournament/Jubileum+30+%C3%A5r+OBK/7027019,obk
7008569,Oslo BK KT 40 2019,2019-12-11T17:10:00Z,https://cuescore.com/tournament/Oslo+BK+KT+40+2019/7008569,obk
7000167,Advancedturnering,2019-12-09T17:00:00Z,https://cuescore.com/tournament/Advancedturnering/7000167,obk
7000165,Amatørturnering Nivå 2,2019-12-09T17:00:00Z,https://cuescore.com/tournament/Amat%C3%B8rturnering+Niv%C3%A5+2/7000165,obk
7000163,Amatørturnering,2019-12-09T17:00:00Z,https://cuescore.com/tournament/Amat%C3%B8rturnering/7000163,obk
6838037,Søndag på Østkanten 44,2019-12-08T15:15:00Z,https://cuescore.com/tournament/S%C3%B8ndag+p%C3%A5+%C3%98stkanten+44/6838037,ostkanten
6966378,Oslo BK KT 39 2019,2019-12-04T17:00:00Z,https://cuescore.com/tournament/Oslo+BK+KT+39+2019/6966378,obk
6962841,Second Chance,2019-12-02T17:38:00Z,https://cuescore.com/tournament/Second+Chance/6962841,obk
6961459,Amatørturnering Nivå 2,2019-12-02T17:00:00Z,https://cuescore.com/tournament/Amat%C3%B8rturnering+Niv%C3%A5+2/6961459,obk
6960800,Advancedturneing,2019-12-02T17:00:00Z,https://cuescore.com/tournament/Advancedturneing/6960800,obk
6961455,Amatørturnering,2019-12-02T17:00:00Z,https://cuescore.com/tournament/Amat%C3%B8rturnering/6961455,obk
6838033,Søndag på Østkanten 43,2019-12-01T15:35:00Z,https://cuescore.com/tournament/S%C3%B8ndag+p%C3%A5+%C3%98stkanten+43/6838033,ostkanten
6910888,Oslo BK KT 38 2019,2019-11-27T16:55:00Z,https://cuescore.com/tournament/Oslo+BK+KT+38+2019/6910888,obk
6907877,Amatørturnering,2019-11-25T17:00:00Z,https://cuescore.com/tournament/Amat%C3%B8rturnering/6907877,obk
6907879,Amatørturnering Nivå 2,2019-11-25T17:00:00Z,https://cuescore.com/tournament/Amat%C3%B8rturnering+Niv%C3%A5+2/6907879,obk
6907881,Advancedturnering,2019-11-25T17:00:00Z,https://cuescore.com/tournament/Advancedturnering/6907881,obk
6838031,Søndag på Østkanten 42,2019-11-24T15:15:00Z,https://cuescore.com/tournament/S%C3%B8ndag+p%C3%A5+%C3%98stkanten+42/6838031,ostkanten
6867022,Oslo BK KT 37 2019,2019-11-20T18:01:00Z,https://cuescore.com/tournament/Oslo+BK+KT+37+2019/6867022,obk
6860229,Amatørturnering Nivå 2,2019-11-18T17:00:00Z,https://cuescore.com/tournament/Amat%C3%B8rturnering+Niv%C3%A5+2/6860229,obk
6860194,Amatørturnering,2019-11-18T17:00:00Z,https://cuescore.com/tournament/Amat%C3%B8rturnering/6860194,obk
6860232,Advancedturnering,2019-11-18T17:00:00Z,https://cuescore.com/tournament/Advancedturnering/6860232,obk
6838028,Søndag på Østkanten 41,2019-11-17T15:15:00Z,https://cuescore.com/tournament/S%C3%B8ndag+p%C3%A5+%C3%98stkanten+41/6838028,ostkanten
6829286,Oslo BK KT 36 2019,2019-11-13T17:00:00Z,https://cuescore.com/tournament/Oslo+BK+KT+36+2019/6829286,obk
6833466,Amatørturnering Nivå 2,2019-11-11T17:00:00Z,https://cuescore.com/tournament/Amat%C3%B8rturnering+Niv%C3%A5+2/6833466,obk
6833468,Advancedturnering,2019-11-11T17:00:00Z,https://cuescore.com/tournament/Advancedturnering/6833468,obk
6833464,Amatørturnering,2019-11-11T17:00:00Z,https://cuescore.com/tournament/Amat%C3%B8rturnering/6833464,obk
6825918,Søndag på Østkanten 40,2019-11-10T15:15:00Z,https://cuescore.com/tournament/S%C3%B8ndag+p%C3%A5+%C3%98stkanten+40/6825918,ostkanten
6809443,OBK KT 35,2019-11-06T17:05:00Z,https://cuescore.com/tournament/OBK+KT+35/6809443,obk
6782106,Advancedturnering,2019-11-04T17:00:00Z,https://cuescore.com/tournament/Advancedturnering/6782106,obk
6782092,Amatørturnering Nivå 2,2019-11-04T17:00:00Z,https://cuescore.com/tournament/Amat%C3%B8rturnering+Niv%C3%A5+2/6782092,obk
6782097,Søndag på Østkanten 39,2019-11-03T15:15:00Z,https://cuescore.com/tournament/S%C3%B8ndag+p%C3%A5+%C3%98stkanten+39/6782097,ostkanten
6331458,TAOMligaen - Runde 4/7 - 9 ball m/rebuy,2019-11-02T11:15:00Z,https://cuescore.com/tournament/TAOMligaen+-+Runde+4%252F7+-+9+ball+m%252Frebuy/6331458,obk
6761048,Oslo Biljardklubb KT 34 2019,2019-10-30T17:20:00Z,https://cuescore.com/tournament/Oslo+Biljardklubb+KT+34+2019/6761048,obk
6731341,Advancedturnering,2019-10-28T17:00:00Z,https://cuescore.com/tournament/Advancedturnering/6731341,obk
6731335,Amatørturnering Nivå 2,2019-10-28T17:00:00Z,https://cuescore.com/tournament/Amat%C3%B8rturnering+Niv%C3%A5+2/6731335,obk
6731312,Amatørturnering,2019-10-28T17:00:00Z,https://cuescore.com/tournament/Amat%C3%B8rturnering/6731312,obk
6685047,Søndag på Østkanten 38,2019-10-27T15:15:00Z,https://cuescore.com/tournament/S%C3%B8ndag+p%C3%A5+%C3%98stkanten+38/6685047,ostkanten
6683665,Oslo BK Klubbturnering 33 2019,2019-10-23T16:00:00Z,https://cuescore.com/tournament/Oslo+BK+Klubbturnering+33+2019/6683665,obk
6681552,Second Chance,2019-10-21T19:00:00Z,https://cuescore.com/tournament/Second+Chance/6681552,obk
6679282,Advancedturnering,2019-10-21T16:30:00Z,https://cuescore.com/tournament/Advancedturnering/6679282,obk
6679275,Amatørturnering,2019-10-21T16:30:00Z,https://cuescore.com/tournament/Amat%C3%B8rturnering/6679275,obk
6679280,Amatørturnering nivå 2,2019-10-21T16:30:00Z,https://cuescore.com/tournament/Amat%C3%B8rturnering+niv%C3%A5+2/6679280,obk
6672322,Søndag på Østkanten 37,2019-10-20T14:15:00Z,https://cuescore.com/tournament/S%C3%B8ndag+p%C3%A5+%C3%98stkanten+37/6672322,ostkanten
6672217,Bergens dommerne,2019-10-19T19:15:00Z,https://cuescore.com/tournament/Bergens+dommerne/6672217,obk
6665535,OSLO BK treningsturnering 9-ball 1300,2019-10-19T11:00:00Z,https://cuescore.com/tournament/OSLO+BK+treningsturnering+9-ball+1300/6665535,obk
6639016,Oslo BK Klubbturnering 32 2019,2019-10-16T17:05:00Z,https://cuescore.com/tournament/Oslo+BK+Klubbturnering+32+2019/6639016,obk
6627698,Advancedturnering,2019-10-14T16:00:00Z,https://cuescore.com/tournament/Advancedturnering/6627698,obk
6627696,Amatørturnering Nivå 2,2019-10-14T16:00:00Z,https://cuescore.com/tournament/Amat%C3%B8rturnering+Niv%C3%A5+2/6627696,obk
6627572,Amatørturnering,2019-10-14T16:00:00Z,https://cuescore.com/tournament/Amat%C3%B8rturnering/6627572,obk
6619355,Søndag på Østkanten 36,2019-10-13T14:15:00Z,https://cuescore.com/tournament/S%C3%B8ndag+p%C3%A5+%C3%98stkanten+36/6619355,ostkanten
6584939,Oslo BK Klubbturnering 31 2019,2019-10-09T16:03:00Z,https://cuescore.com/tournament/Oslo+BK+Klubbturnering+31+2019/6584939,obk
6593381,Mandagsturnering,2019-10-07T16:00:00Z,https://cuescore.com/tournament/Mandagsturnering/6593381,obk
6538689,TAOMligaen - Runde 1/7 - 9 ball m/rebuy,2019-10-05T12:55:00Z,https://cuescore.com/tournament/TAOMligaen+-+Runde+1%252F7+-+9+ball+m%252Frebuy/6538689,obk
6547696,Advancedturnering,2019-09-30T16:00:00Z,https://cuescore.com/tournament/Advancedturnering/6547696,obk
6549346,Amatørturnering Nivå 2,2019-09-30T16:00:00Z,https://cuescore.com/tournament/Amat%C3%B8rturnering+Niv%C3%A5+2/6549346,obk
6528625,Søndag på Østkanten 34,2019-09-29T14:20:00Z,https://cuescore.com/tournament/S%C3%B8ndag+p%C3%A5+%C3%98stkanten+34/6528625,ostkanten
6540234,Post-Makaroni,2019-09-28T21:07:00Z,https://cuescore.com/tournament/Post-Makaroni/6540234,ostkanten
6513408,Oslo BK Klubbturnering 29 2019,2019-09-25T17:05:00Z,https://cuescore.com/tournament/Oslo+BK+Klubbturnering+29+2019/6513408,obk
6511974,Second Chance Oslo Biljardsenter,2019-09-23T19:00:00Z,https://cuescore.com/tournament/Second+Chance+Oslo+Biljardsenter/6511974,obk
6508168,Amatørturnering Oslo Biljardsenter,2019-09-23T16:00:00Z,https://cuescore.com/tournament/Amat%C3%B8rturnering+Oslo+Biljardsenter/6508168,obk
6508171,Amatørturnering Nivå 2,2019-09-23T16:00:00Z,https://cuescore.com/tournament/Amat%C3%B8rturnering+Niv%C3%A5+2/6508171,obk
6508174,Advancedturnering,2019-09-23T16:00:00Z,https://cuescore.com/tournament/Advancedturnering/6508174,obk
6480586,Søndag på Østkanten 33,2019-09-22T15:00:00Z,https://cuescore.com/tournament/S%C3%B8ndag+p%C3%A5+%C3%98stkanten+33/6480586,ostkanten
6467397,Oslo Biljardklubb KT 28 2019,2019-09-18T16:05:00Z,https://cuescore.com/tournament/Oslo+Biljardklubb+KT+28+2019/6467397,obk
6461173,One Rack,2019-09-16T16:00:00Z,https://cuescore.com/tournament/One+Rack/6461173,obk
6458738,Amatørturnering Nivå 2,2019-09-16T16:00:00Z,https://cuescore.com/tournament/Amat%C3%B8rturnering+Niv%C3%A5+2/6458738,obk
6458740,Advancedturnering,2019-09-16T16:00:00Z,https://cuescore.com/tournament/Advancedturnering/6458740,obk
6458734,Amatørturnering Oslo Biljardsenter,2019-09-16T16:00:00Z,https://cuescore.com/tournament/Amat%C3%B8rturnering+Oslo+Biljardsenter/6458734,obk
6434887,Søndag på Østkanten 32,2019-09-15T14:15:00Z,https://cuescore.com/tournament/S%C3%B8ndag+p%C3%A5+%C3%98stkanten+32/6434887,ostkanten
6404626,Min turnering,2019-09-11T19:15:00Z,https://cuescore.com/tournament/Min+turnering/6404626,obk
6354186,Oslo Biljardklubb KT 27 2019,2019-09-11T16:30:00Z,https://cuescore.com/tournament/Oslo+Biljardklubb+KT+27+2019/6354186,obk
6342282,Amatørturnering Nivå 2,2019-09-09T16:00:00Z,https://cuescore.com/tournament/Amat%C3%B8rturnering+Niv%C3%A5+2/6342282,obk
6342277,Amatørturnering Nivå 1,2019-09-09T16:00:00Z,https://cuescore.com/tournament/Amat%C3%B8rturnering+Niv%C3%A5+1/6342277,obk
6342270,Scotch Double Oslo Biljardsenter,2019-09-09T16:00:00Z,https://cuescore.com/tournament/Scotch+Double+Oslo+Biljardsenter/6342270,obk
6332165,Søndag på Østkanten 31,2019-09-08T14:15:00Z,https://cuescore.com/tournament/S%C3%B8ndag+p%C3%A5+%C3%98stkanten+31/6332165,ostkanten
6299728,Oslo Biljardklubb KT 26 2019,2019-09-04T17:01:00Z,https://cuescore.com/tournament/Oslo+Biljardklubb+KT+26+2019/6299728,obk
6293377,Advancedturnering Oslo Biljardsenter,2019-09-02T16:45:00Z,https://cuescore.com/tournament/Advancedturnering+Oslo+Biljardsenter/6293377,obk
6293317,Amatørturnering Nivå 1,2019-09-02T16:00:00Z,https://cuescore.com/tournament/Amat%C3%B8rturnering+Niv%C3%A5+1/6293317,obk
6293319,Amatørturnering Nivå 2,2019-09-02T16:00:00Z,https://cuescore.com/tournament/Amat%C3%B8rturnering+Niv%C3%A5+2/6293319,obk
6230261,Søndag på østkanten 30,2019-09-01T14:15:00Z,https://cuescore.com/tournament/S%C3%B8ndag+p%C3%A5+%C3%B8stkanten+30/6230261,ostkanten
6284509,Oslo Open - One Rack,2019-08-31T21:00:00Z,https://cuescore.com/tournament/Oslo+Open+-+One+Rack/6284509,obk
6096626,Low Roller - Oslo Open - Side Event,2019-08-30T20:00:00Z,https://cuescore.com/tournament/Low+Roller+-+Oslo+Open+-+Side+Event/6096626,obk
6097617,High Roller - Oslo Open - Side Event,2019-08-30T20:00:00Z,https://cuescore.com/tournament/High+Roller+-+Oslo+Open+-+Side+Event/6097617,obk
5976158,Simonis Oslo Open 2019,2019-08-30T14:00:00Z,https://cuescore.com/tournament/Simonis+Oslo+Open+2019/5976158,obk
6239770,Niels Feijen - Terje K CH,2019-08-29T18:06:00Z,https://cuescore.com/tournament/Niels+Feijen+-+Terje+K+CH/6239770,obk
6239754,Fedor Gorst - Tore Mo CH,2019-08-29T18:03:00Z,https://cuescore.com/tournament/Fedor+Gorst+-+Tore+Mo+CH/6239754,obk
6239739,Mark Gray - Simen J CH,2019-08-29T17:57:00Z,https://cuescore.com/tournament/Mark+Gray+-+Simen+J+CH/6239739,obk
6153883,Oslo Open - Warm up tournament,2019-08-29T17:30:00Z,https://cuescore.com/tournament/Oslo+Open+-+Warm+up+tournament/6153883,obk
6239750,Niels Feijen - Bjørn Ø CH,2019-08-29T16:59:00Z,https://cuescore.com/tournament/Niels+Feijen+-+Bj%C3%B8rn+%C3%98+CH/6239750,obk
6223167,Oslo BK KT 25 Jubileumsturnering 2019,2019-08-28T16:45:00Z,https://cuescore.com/tournament/Oslo+BK+KT+25+Jubileumsturnering+2019/6223167,obk
6222526,Second Chance Amatørturnering,2019-08-26T18:00:00Z,https://cuescore.com/tournament/Second+Chance+Amat%C3%B8rturnering/6222526,obk
6221135,Amatørturnering Oslo Biljardsenter,2019-08-26T16:00:00Z,https://cuescore.com/tournament/Amat%C3%B8rturnering+Oslo+Biljardsenter/6221135,obk
6217232,Søndag på østkanten 29,2019-08-25T14:30:00Z,https://cuescore.com/tournament/S%C3%B8ndag+p%C3%A5+%C3%B8stkanten+29/6217232,ostkanten
6152425,OSLO BK KLUBBTURNERING nr.24 2019/2020,2019-08-21T16:00:00Z,https://cuescore.com/tournament/OSLO+BK+KLUBBTURNERING+nr.24+2019%252F2020/6152425,obk
6174371,Amatørturnering Oslo Biljardsenter,2019-08-19T16:00:00Z,https://cuescore.com/tournament/Amat%C3%B8rturnering+Oslo+Biljardsenter/6174371,obk
6170716,Søndag på østkanten 28,2019-08-18T14:30:00Z,https://cuescore.com/tournament/S%C3%B8ndag+p%C3%A5+%C3%B8stkanten+28/6170716,ostkanten
6152539,Onsdagsmoro,2019-08-14T16:40:00Z,https://cuescore.com/tournament/Onsdagsmoro/6152539,obk
6105059,Søndag på Østkanten 27,2019-08-11T14:24:00Z,https://cuescore.com/tournament/S%C3%B8ndag+p%C3%A5+%C3%98stkanten+27/6105059,ostkanten
6089322,Satellitt til Oslo Open - Low Roller,2019-08-07T16:10:00Z,https://cuescore.com/tournament/Satellitt+til+Oslo+Open+-+Low+Roller/6089322,obk
6082606,Søndag på Østkanten 26,2019-08-04T14:39:00Z,https://cuescore.com/tournament/S%C3%B8ndag+p%C3%A5+%C3%98stkanten+26/6082606,ostkanten
6015793,OBK Mindaugas Open 2019,2019-07-24T16:00:00Z,https://cuescore.com/tournament/OBK+Mindaugas+Open+2019/6015793,obk
5971445,OBK Summer tour IV 2019,2019-07-17T16:58:00Z,https://cuescore.com/tournament/OBK+Summer+tour+IV+2019/5971445,obk
5728528,OBK SummerTour II 2019,2019-07-03T16:16:00Z,https://cuescore.com/tournament/OBK+SummerTour+II+2019/5728528,obk
5708344,Søndag på Østkanten 25,2019-06-30T14:15:00Z,https://cuescore.com/tournament/S%C3%B8ndag+p%C3%A5+%C3%98stkanten+25/5708344,ostkanten
5672728,OBK Summer tour I 2019,2019-06-27T16:19:00Z,https://cuescore.com/tournament/OBK+Summer+tour+I+2019/5672728,obk
5684785,Søndag på Østkanten 24,2019-06-23T14:30:00Z,https://cuescore.com/tournament/S%C3%B8ndag+p%C3%A5+%C3%98stkanten+24/5684785,ostkanten
5565800,Oslo BK KT 23 2019,2019-06-19T16:15:00Z,https://cuescore.com/tournament/Oslo+BK+KT+23+2019/5565800,obk
5660288,Scotch Double Oslo Biljardsenter,2019-06-17T16:00:00Z,https://cuescore.com/tournament/Scotch+Double+Oslo+Biljardsenter/5660288,obk
5569246,Søndag på Østkanten 23,2019-06-16T14:30:00Z,https://cuescore.com/tournament/S%C3%B8ndag+p%C3%A5+%C3%98stkanten+23/5569246,ostkanten
5528868,Oslo BK Klubbturnering 22 2019,2019-06-12T16:18:00Z,https://cuescore.com/tournament/Oslo+BK+Klubbturnering+22+2019/5528868,obk
5528035,Second Chance Amatørturnering,2019-06-10T19:15:00Z,https://cuescore.com/tournament/Second+Chance+Amat%C3%B8rturnering/5528035,obk
5522556,Amatørturnering Nivå 2. Oslo Biljardsenter,2019-06-10T16:00:00Z,https://cuescore.com/tournament/Amat%C3%B8rturnering+Niv%C3%A5+2.+Oslo+Biljardsenter/5522556,obk
5522489,Amatørturnering Oslo Biljardsenter,2019-06-10T16:00:00Z,https://cuescore.com/tournament/Amat%C3%B8rturnering+Oslo+Biljardsenter/5522489,obk
5521514,Søndag på Østkanten 22,2019-06-09T14:15:00Z,https://cuescore.com/tournament/S%C3%B8ndag+p%C3%A5+%C3%98stkanten+22/5521514,ostkanten
5497644,NM warm-up,2019-06-07T16:30:00Z,https://cuescore.com/tournament/NM+warm-up/5497644,obk
5495437,Oslo BK Klubbturnering 21 2019,2019-06-05T16:50:00Z,https://cuescore.com/tournament/Oslo+BK+Klubbturnering+21+2019/5495437,obk
5492503,Oppvarming til Lag NM,2019-06-04T16:00:00Z,https://cuescore.com/tournament/Oppvarming+til+Lag+NM/5492503,obk
5491547,Second Chance,2019-06-03T18:45:00Z,https://cuescore.com/tournament/Second+Chance/5491547,obk
5490813,Advancedturnering Oslo Biljardsenter,2019-06-03T16:15:00Z,https://cuescore.com/tournament/Advancedturnering+Oslo+Biljardsenter/5490813,obk
5490811,Amatørturnering Nivå 2. Oslo Biljardsenter,2019-06-03T16:00:00Z,https://cuescore.com/tournament/Amat%C3%B8rturnering+Niv%C3%A5+2.+Oslo+Biljardsenter/5490811,obk
5490809,Amatørturnering Oslo Biljardsenter,2019-06-03T06:00:00Z,https://cuescore.com/tournament/Amat%C3%B8rturnering+Oslo+Biljardsenter/5490809,obk
5485363,Søndag på Østkanten 21,2019-06-02T15:00:00Z,https://cuescore.com/tournament/S%C3%B8ndag+p%C3%A5+%C3%98stkanten+21/5485363,ostkanten
5450019,Second Chance Amatørturnering,2019-05-27T19:30:00Z,https://cuescore.com/tournament/Second+Chance+Amat%C3%B8rturnering/5450019,obk
5447487,Amatørturnering Nivå 2. Oslo Biljardsenter.,2019-05-27T16:00:00Z,https://cuescore.com/tournament/Amat%C3%B8rturnering+Niv%C3%A5+2.+Oslo+Biljardsenter./5447487,obk
5447484,Amatørturnering Oslo Biljardsenter,2019-05-27T16:00:00Z,https://cuescore.com/tournament/Amat%C3%B8rturnering+Oslo+Biljardsenter/5447484,obk
5442763,Søndag på Østkanten 20,2019-05-26T14:15:00Z,https://cuescore.com/tournament/S%C3%B8ndag+p%C3%A5+%C3%98stkanten+20/5442763,ostkanten
5399876,Oslo Biljardklubb Klubbturnering 19 2019,2019-05-22T16:10:00Z,https://cuescore.com/tournament/Oslo+Biljardklubb+Klubbturnering+19+2019/5399876,obk
5405097,Amatørturnering Second Chance,2019-05-20T19:15:00Z,https://cuescore.com/tournament/Amat%C3%B8rturnering+Second+Chance/5405097,obk
5370773,Amatørturnering Nivå 2. Oslo Biljardsenter,2019-05-20T16:00:00Z,https://cuescore.com/tournament/Amat%C3%B8rturnering+Niv%C3%A5+2.+Oslo+Biljardsenter/5370773,obk
5370766,Amatørturnering Oslo Biljardsenter,2019-05-20T16:00:00Z,https://cuescore.com/tournament/Amat%C3%B8rturnering+Oslo+Biljardsenter/5370766,obk
5395537,Søndag på Østkanten 19,2019-05-19T14:30:00Z,https://cuescore.com/tournament/S%C3%B8ndag+p%C3%A5+%C3%98stkanten+19/5395537,ostkanten
5373007,Oslo Biljardklubb KT 18 2019,2019-05-15T17:00:00Z,https://cuescore.com/tournament/Oslo+Biljardklubb+KT+18+2019/5373007,obk
5367247,Second Chance Amatørturnering,2019-05-13T18:30:00Z,https://cuescore.com/tournament/Second+Chance+Amat%C3%B8rturnering/5367247,obk
5366227,Amatørturnering Nivå 2. Oslo Biljardsenter,2019-05-13T16:00:00Z,https://cuescore.com/tournament/Amat%C3%B8rturnering+Niv%C3%A5+2.+Oslo+Biljardsenter/5366227,obk
5366225,Amatørturnering Oslo Biljardsenter,2019-05-13T16:00:00Z,https://cuescore.com/tournament/Amat%C3%B8rturnering+Oslo+Biljardsenter/5366225,obk
5357536,Søndag på Østkanten 18,2019-05-12T14:15:00Z,https://cuescore.com/tournament/S%C3%B8ndag+p%C3%A5+%C3%98stkanten+18/5357536,ostkanten
5340275,Oslo Biljardklubb Klubbturnering 17 2019,2019-05-08T16:10:00Z,https://cuescore.com/tournament/Oslo+Biljardklubb+Klubbturnering+17+2019/5340275,obk
5339991,Second Chance Amatørturnering,2019-05-06T19:44:00Z,https://cuescore.com/tournament/Second+Chance+Amat%C3%B8rturnering/5339991,obk
5339049,Amatørturnering Oslo Biljardsenter,2019-05-06T16:00:00Z,https://cuescore.com/tournament/Amat%C3%B8rturnering+Oslo+Biljardsenter/5339049,obk
5339051,Amatørturnering Nivå 2. Oslo Biljardsenter,2019-05-06T16:00:00Z,https://cuescore.com/tournament/Amat%C3%B8rturnering+Niv%C3%A5+2.+Oslo+Biljardsenter/5339051,obk
5318697,Søndag på Østkanten 17,2019-05-05T14:35:00Z,https://cuescore.com/tournament/S%C3%B8ndag+p%C3%A5+%C3%98stkanten+17/5318697,ostkanten
5263422,Oslo Biljardklubb KT 16 2019,2019-05-01T14:00:00Z,https://cuescore.com/tournament/Oslo+Biljardklubb+KT+16+2019/5263422,obk
5272376,Second Chance Amatørturnering,2019-04-29T18:30:00Z,https://cuescore.com/tournament/Second+Chance+Amat%C3%B8rturnering/5272376,obk
5271155,Amatørturnering Oslo Biljardsenter,2019-04-29T16:00:00Z,https://cuescore.com/tournament/Amat%C3%B8rturnering+Oslo+Biljardsenter/5271155,obk
5271157,Amatørturnering Nivå 2. Oslo Biljardsenter,2019-04-29T16:00:00Z,https://cuescore.com/tournament/Amat%C3%B8rturnering+Niv%C3%A5+2.+Oslo+Biljardsenter/5271157,obk
5260955,Søndag på Østkanten 16,2019-04-28T14:15:00Z,https://cuescore.com/tournament/S%C3%B8ndag+p%C3%A5+%C3%98stkanten+16/5260955,ostkanten
5244492,Oslo Biljardklubb KT 15 2019,2019-04-24T17:00:00Z,https://cuescore.com/tournament/Oslo+Biljardklubb+KT+15+2019/5244492,obk
5233230,Påskedag for alle @Elmers,2019-04-21T14:15:00Z,https://cuescore.com/tournament/P%C3%A5skedag+for+alle+%40Elmers/5233230,ostkanten
5201475,Søndag på Østkanten 15,2019-04-14T14:15:00Z,https://cuescore.com/tournament/S%C3%B8ndag+p%C3%A5+%C3%98stkanten+15/5201475,ostkanten
5185527,Oslo Biljardklubb KT 14 2019,2019-04-10T16:00:00Z,https://cuescore.com/tournament/Oslo+Biljardklubb+KT+14+2019/5185527,obk
5173220,Amatørturnering Second Chance,2019-04-08T19:05:00Z,https://cuescore.com/tournament/Amat%C3%B8rturnering+Second+Chance/5173220,obk
5173207,Amatørturnering Oslo Biljardsenter,2019-04-08T16:00:00Z,https://cuescore.com/tournament/Amat%C3%B8rturnering+Oslo+Biljardsenter/5173207,obk
5173213,Amatørturnering nivå 2 Oslo Biljardsenter,2019-04-08T16:00:00Z,https://cuescore.com/tournament/Amat%C3%B8rturnering+niv%C3%A5+2+Oslo+Biljardsenter/5173213,obk
5171210,Søndag på Østkanten 14,2019-04-07T14:15:00Z,https://cuescore.com/tournament/S%C3%B8ndag+p%C3%A5+%C3%98stkanten+14/5171210,ostkanten
5142926,Oslo Biljardklubb KT 13 2019,2019-04-03T16:35:00Z,https://cuescore.com/tournament/Oslo+Biljardklubb+KT+13+2019/5142926,obk
5141396,Amatørturnering Second Chance,2019-04-01T19:00:00Z,https://cuescore.com/tournament/Amat%C3%B8rturnering+Second+Chance/5141396,obk
5140373,Amatørturnering Oslo Biljardsenter,2019-04-01T16:30:00Z,https://cuescore.com/tournament/Amat%C3%B8rturnering+Oslo+Biljardsenter/5140373,obk
5140377,Amatørturnering Nivå 2. Oslo Biljardsenter,2019-04-01T16:30:00Z,https://cuescore.com/tournament/Amat%C3%B8rturnering+Niv%C3%A5+2.+Oslo+Biljardsenter/5140377,obk
5127902,Søndag  på Østkanten 13,2019-03-31T14:15:00Z,https://cuescore.com/tournament/S%C3%B8ndag++p%C3%A5+%C3%98stkanten+13/5127902,ostkanten
5107749,Oslo Biljardklubb KT 12 2019,2019-03-27T18:30:00Z,https://cuescore.com/tournament/Oslo+Biljardklubb+KT+12+2019/5107749,obk
5106461,Amatørturnering Second Chance,2019-03-25T20:10:00Z,https://cuescore.com/tournament/Amat%C3%B8rturnering+Second+Chance/5106461,obk
5102154,Amatørturnering Oslo Biljardsenter,2019-03-25T17:00:00Z,https://cuescore.com/tournament/Amat%C3%B8rturnering+Oslo+Biljardsenter/5102154,obk
5087144,Søndag på Østkanten 12,2019-03-24T15:25:00Z,https://cuescore.com/tournament/S%C3%B8ndag+p%C3%A5+%C3%98stkanten+12/5087144,ostkanten
5065455,Oslo Biljardklubb KT 11 2019,2019-03-20T17:15:00Z,https://cuescore.com/tournament/Oslo+Biljardklubb+KT+11+2019/5065455,obk
5056115,Second Chance Amatørturnering,2019-03-18T20:00:00Z,https://cuescore.com/tournament/Second+Chance+Amat%C3%B8rturnering/5056115,obk
5056056,Amatørturnering Oslo Biljardsenter,2019-03-18T17:00:00Z,https://cuescore.com/tournament/Amat%C3%B8rturnering+Oslo+Biljardsenter/5056056,obk
5056085,Amatørturnering Nivå 2. Oslo Biljardsenter,2019-03-18T17:00:00Z,https://cuescore.com/tournament/Amat%C3%B8rturnering+Niv%C3%A5+2.+Oslo+Biljardsenter/5056085,obk
5037919,Søndag på Østkanten 11,2019-03-17T15:30:00Z,https://cuescore.com/tournament/S%C3%B8ndag+p%C3%A5+%C3%98stkanten+11/5037919,ostkanten
5020387,Second Chance Amatørturnering,2019-03-11T19:30:00Z,https://cuescore.com/tournament/Second+Chance+Amat%C3%B8rturnering/5020387,obk
5019211,Amatørturnering Nivå 2. Oslo Biljardsenter,2019-03-11T17:00:00Z,https://cuescore.com/tournament/Amat%C3%B8rturnering+Niv%C3%A5+2.+Oslo+Biljardsenter/5019211,obk
5019209,Amatørturnering Oslo Biljardsenter,2019-03-11T17:00:00Z,https://cuescore.com/tournament/Amat%C3%B8rturnering+Oslo+Biljardsenter/5019209,obk
5003230,Søndag på Østkanten 10,2019-03-10T15:15:00Z,https://cuescore.com/tournament/S%C3%B8ndag+p%C3%A5+%C3%98stkanten+10/5003230,ostkanten
4981177,Oslo Biljardklubb KT 9 2019,2019-03-06T17:08:00Z,https://cuescore.com/tournament/Oslo+Biljardklubb+KT+9+2019/4981177,obk
4928403,Second Chance Amatørturnering Oslo Biljardsenter,2019-03-04T19:30:00Z,https://cuescore.com/tournament/Second+Chance+Amat%C3%B8rturnering+Oslo+Biljardsenter/4928403,obk
4928363,Amatørturnering Oslo Biljardsenter,2019-03-04T17:00:00Z,https://cuescore.com/tournament/Amat%C3%B8rturnering+Oslo+Biljardsenter/4928363,obk
4908055,Søndag på Østkanten 9,2019-03-03T15:30:00Z,https://cuescore.com/tournament/S%C3%B8ndag+p%C3%A5+%C3%98stkanten+9/4908055,ostkanten
4883743,Oslo Biljardklubb KT 8 2019,2019-02-27T17:00:00Z,https://cuescore.com/tournament/Oslo+Biljardklubb+KT+8+2019/4883743,obk
4856341,Amatørturnering Nivå 2. Oslo Biljardsenter,2019-02-25T17:00:00Z,https://cuescore.com/tournament/Amat%C3%B8rturnering+Niv%C3%A5+2.+Oslo+Biljardsenter/4856341,obk
4856339,Amatørturnering Oslo Biljardsenter,2019-02-25T17:00:00Z,https://cuescore.com/tournament/Amat%C3%B8rturnering+Oslo+Biljardsenter/4856339,obk
4838564,Søndag på Østkanten 8,2019-02-24T15:08:00Z,https://cuescore.com/tournament/S%C3%B8ndag+p%C3%A5+%C3%98stkanten+8/4838564,ostkanten
4797252,Oslo Biljardklubb KT 7 2019,2019-02-20T17:00:00Z,https://cuescore.com/tournament/Oslo+Biljardklubb+KT+7+2019/4797252,obk
4797355,Satelitt II til Trondheim,2019-02-19T17:30:00Z,https://cuescore.com/tournament/Satelitt+II+til+Trondheim/4797355,obk
4797488,Amatørturnering Nivå 2. Oslo Biljardsenter,2019-02-18T17:00:00Z,https://cuescore.com/tournament/Amat%C3%B8rturnering+Niv%C3%A5+2.+Oslo+Biljardsenter/4797488,obk
4797486,Amatørturnering Oslo Biljardsenter,2019-02-18T17:00:00Z,https://cuescore.com/tournament/Amat%C3%B8rturnering+Oslo+Biljardsenter/4797486,obk
4778265,Søndag på Østkanten 7,2019-02-17T15:15:00Z,https://cuescore.com/tournament/S%C3%B8ndag+p%C3%A5+%C3%98stkanten+7/4778265,ostkanten
4762750,Oslo Biljardklubb KT 6 2019,2019-02-13T17:10:00Z,https://cuescore.com/tournament/Oslo+Biljardklubb+KT+6+2019/4762750,obk
4762706,Amatørturnering Nivå 2. Oslo Biljardsenter,2019-02-11T18:15:00Z,https://cuescore.com/tournament/Amat%C3%B8rturnering+Niv%C3%A5+2.+Oslo+Biljardsenter/4762706,obk
4762701,Amatørturnering Oslo Biljardsenter,2019-02-11T17:00:00Z,https://cuescore.com/tournament/Amat%C3%B8rturnering+Oslo+Biljardsenter/4762701,obk
4752699,Søndag på Østkanten 6,2019-02-10T15:30:00Z,https://cuescore.com/tournament/S%C3%B8ndag+p%C3%A5+%C3%98stkanten+6/4752699,ostkanten
4721264,Oslo Biljardklubb KT 5 2019,2019-02-06T17:00:00Z,https://cuescore.com/tournament/Oslo+Biljardklubb+KT+5+2019/4721264,obk
4722580,Amatørturnering Nivå 2. Oslo Biljardsenter,2019-02-04T17:00:00Z,https://cuescore.com/tournament/Amat%C3%B8rturnering+Niv%C3%A5+2.+Oslo+Biljardsenter/4722580,obk
4722578,Amatørturnering Oslo Biljardsenter,2019-02-04T17:00:00Z,https://cuescore.com/tournament/Amat%C3%B8rturnering+Oslo+Biljardsenter/4722578,obk
4716884,Søndag på Østkanten 5,2019-02-03T15:15:00Z,https://cuescore.com/tournament/S%C3%B8ndag+p%C3%A5+%C3%98stkanten+5/4716884,ostkanten
3721014,Oslo BK KT 4 2019,2019-01-30T18:00:00Z,https://cuescore.com/tournament/Oslo+BK+KT+4+2019/3721014,obk
3718556,Amatørturnering Oslo Biljardsenter,2019-01-28T17:00:00Z,https://cuescore.com/tournament/Amat%C3%B8rturnering+Oslo+Biljardsenter/3718556,obk
3718558,Amatørturnering Nivå 2. Oslo Biljardsenter,2019-01-28T17:00:00Z,https://cuescore.com/tournament/Amat%C3%B8rturnering+Niv%C3%A5+2.+Oslo+Biljardsenter/3718558,obk
3713822,Søndag På Østkanten 4,2019-01-27T15:16:00Z,https://cuescore.com/tournament/S%C3%B8ndag+P%C3%A5+%C3%98stkanten+4/3713822,ostkanten
3671415,Satelitt til 10-ball NM i Trondheim,2019-01-27T14:30:00Z,https://cuescore.com/tournament/Satelitt+til+10-ball+NM+i+Trondheim/3671415,obk
3671645,Oslo Biljardklubb KT 3 2019,2019-01-23T18:00:00Z,https://cuescore.com/tournament/Oslo+Biljardklubb+KT+3+2019/3671645,obk
3670764,Amatørturnering Oslo Biljardsenter,2019-01-21T17:00:00Z,https://cuescore.com/tournament/Amat%C3%B8rturnering+Oslo+Biljardsenter/3670764,obk
3670766,Amatørturnering Nivå 2. Oslo Biljardsenter,2019-01-21T17:00:00Z,https://cuescore.com/tournament/Amat%C3%B8rturnering+Niv%C3%A5+2.+Oslo+Biljardsenter/3670766,obk
3648058,Søndag på Østkanten 3,2019-01-20T15:15:00Z,https://cuescore.com/tournament/S%C3%B8ndag+p%C3%A5+%C3%98stkanten+3/3648058,ostkanten
3636967,OSLO Biljardklubb KT 2 2019,2019-01-16T17:00:00Z,https://cuescore.com/tournament/OSLO+Biljardklubb+KT+2+2019/3636967,obk
3634428,Amatørturnering Nivå 2. Oslo Biljardsenter,2019-01-14T17:24:00Z,https://cuescore.com/tournament/Amat%C3%B8rturnering+Niv%C3%A5+2.+Oslo+Biljardsenter/3634428,obk
3634423,Amatørturnering Oslo Biljardsenter,2019-01-14T17:00:00Z,https://cuescore.com/tournament/Amat%C3%B8rturnering+Oslo+Biljardsenter/3634423,obk
3630613,Søndag på Østkanten 2,2019-01-13T15:00:00Z,https://cuescore.com/tournament/S%C3%B8ndag+p%C3%A5+%C3%98stkanten+2/3630613,ostkanten
3596504,Oslo BK Klubbturnering 1 2019,2019-01-09T17:00:00Z,https://cuescore.com/tournament/Oslo+BK+Klubbturnering+1+2019/3596504,obk
3606330,Amatørturnering Nivå 2. Oslo Biljardsenter,2019-01-07T17:00:00Z,https://cuescore.com/tournament/Amat%C3%B8rturnering+Niv%C3%A5+2.+Oslo+Biljardsenter/3606330,obk
3606327,Amatørturnering Oslo Biljardsenter,2019-01-07T17:00:00Z,https://cuescore.com/tournament/Amat%C3%B8rturnering+Oslo+Biljardsenter/3606327,obk
3601826,Søndag på Østkanten 1,2019-01-06T15:30:00Z,https://cuescore.com/tournament/S%C3%B8ndag+p%C3%A5+%C3%98stkanten+1/3601826,ostkanten
3580548,Bank 10-ball,2019-01-02T17:15:00Z,https://cuescore.com/tournament/Bank+10-ball/3580548,obk
3572943,OBK 9-ball Treningsturnering m HC,2018-12-28T17:04:00Z,https://cuescore.com/tournament/OBK+9-ball+Treningsturnering+m+HC/3572943,obk
3540888,Amatørturnering Oslo Biljardsenter,2018-12-17T17:00:00Z,https://cuescore.com/tournament/Amat%C3%B8rturnering+Oslo+Biljardsenter/3540888,obk
3540896,Amatørturnering Nivå 2. Oslo Biljardsenter,2018-12-17T17:00:00Z,https://cuescore.com/tournament/Amat%C3%B8rturnering+Niv%C3%A5+2.+Oslo+Biljardsenter/3540896,obk
3516327,Søndag på Elmers,2018-12-16T15:45:00Z,https://cuescore.com/tournament/S%C3%B8ndag+p%C3%A5+Elmers/3516327,ostkanten
3404402,Oslo BK Klubbmesterskap  9-ball 2018,2018-12-16T11:30:00Z,https://cuescore.com/tournament/Oslo+BK+Klubbmesterskap++9-ball+2018/3404402,obk
3404398,Oslo BK Klubbmesterskap 10-ball 2018,2018-12-15T17:45:00Z,https://cuescore.com/tournament/Oslo+BK+Klubbmesterskap+10-ball+2018/3404398,obk
3404343,Oslo BK Klubbmesterskap 8-ball  2018,2018-12-15T11:45:00Z,https://cuescore.com/tournament/Oslo+BK+Klubbmesterskap+8-ball++2018/3404343,obk
3510923,Oslo Biljardklubb KT 40 2018,2018-12-12T17:15:00Z,https://cuescore.com/tournament/Oslo+Biljardklubb+KT+40+2018/3510923,obk
3506301,Amatørturnering Oslo Biljardsenter,2018-12-10T17:00:00Z,https://cuescore.com/tournament/Amat%C3%B8rturnering+Oslo+Biljardsenter/3506301,obk
3506307,Amatørturnering Nivå 2. Oslo Biljardsenter,2018-12-10T17:00:00Z,https://cuescore.com/tournament/Amat%C3%B8rturnering+Niv%C3%A5+2.+Oslo+Biljardsenter/3506307,obk
3442107,Søndag på Elmers,2018-12-09T15:15:00Z,https://cuescore.com/tournament/S%C3%B8ndag+p%C3%A5+Elmers/3442107,ostkanten
3442760,Oslo Biljardklubb KT 39 2018,2018-12-05T17:00:00Z,https://cuescore.com/tournament/Oslo+Biljardklubb+KT+39+2018/3442760,obk
3436435,Amatørturnering Oslo Biljardsenter,2018-12-03T17:00:00Z,https://cuescore.com/tournament/Amat%C3%B8rturnering+Oslo+Biljardsenter/3436435,obk
3432503,Søndag på Elmers,2018-12-02T15:15:00Z,https://cuescore.com/tournament/S%C3%B8ndag+p%C3%A5+Elmers/3432503,ostkanten
3412710,Oslo BK Klubbturnering 38 2018,2018-11-28T17:00:00Z,https://cuescore.com/tournament/Oslo+BK+Klubbturnering+38+2018/3412710,obk
3404808,Amatørturnering Nivå 2. Oslo Biljardsenter,2018-11-26T17:00:00Z,https://cuescore.com/tournament/Amat%C3%B8rturnering+Niv%C3%A5+2.+Oslo+Biljardsenter/3404808,obk
3404806,Amatørturnering Oslo Biljardsenter,2018-11-26T17:00:00Z,https://cuescore.com/tournament/Amat%C3%B8rturnering+Oslo+Biljardsenter/3404806,obk
3389652,SØNDAG PÅ ELMERS,2018-11-25T15:00:00Z,https://cuescore.com/tournament/S%C3%98NDAG+P%C3%85+ELMERS/3389652,ostkanten
3385361,Oslo BK Klubbturnering 37 2018,2018-11-21T17:15:00Z,https://cuescore.com/tournament/Oslo+BK+Klubbturnering+37+2018/3385361,obk
3385219,Amatørturnering Nivå 2. Oslo Biljardsenter,2018-11-19T17:00:00Z,https://cuescore.com/tournament/Amat%C3%B8rturnering+Niv%C3%A5+2.+Oslo+Biljardsenter/3385219,obk
3385214,Amatørturnering Oslo Biljardsenter,2018-11-19T17:00:00Z,https://cuescore.com/tournament/Amat%C3%B8rturnering+Oslo+Biljardsenter/3385214,obk
3366242,Søndag på Elmers,2018-11-18T15:30:00Z,https://cuescore.com/tournament/S%C3%B8ndag+p%C3%A5+Elmers/3366242,ostkanten
3339596,Søndag på Elmers,2018-11-11T15:15:00Z,https://cuescore.com/tournament/S%C3%B8ndag+p%C3%A5+Elmers/3339596,ostkanten
3341207,Oslo BK Klubbturnering 35 2018,2018-11-07T17:00:00Z,https://cuescore.com/tournament/Oslo+BK+Klubbturnering+35+2018/3341207,obk
3336501,Amatørturnering Nivå 2. Oslo Biljardsenter,2018-11-05T17:00:00Z,https://cuescore.com/tournament/Amat%C3%B8rturnering+Niv%C3%A5+2.+Oslo+Biljardsenter/3336501,obk
3336506,Amatørturnering Oslo Biljardsenter,2018-11-05T17:00:00Z,https://cuescore.com/tournament/Amat%C3%B8rturnering+Oslo+Biljardsenter/3336506,obk
3304177,Søndag på Elmers,2018-11-04T15:30:00Z,https://cuescore.com/tournament/S%C3%B8ndag+p%C3%A5+Elmers/3304177,ostkanten
3305333,Oslo BK Klubbturnering 34 2018,2018-10-31T17:00:00Z,https://cuescore.com/tournament/Oslo+BK+Klubbturnering+34+2018/3305333,obk
3301550,Amatørturnering Nivå 2. Oslo Biljardsenter,2018-10-29T17:00:00Z,https://cuescore.com/tournament/Amat%C3%B8rturnering+Niv%C3%A5+2.+Oslo+Biljardsenter/3301550,obk
3290237,Søndag på Elmers,2018-10-28T15:00:00Z,https://cuescore.com/tournament/S%C3%B8ndag+p%C3%A5+Elmers/3290237,ostkanten
3295383,Lørdagsmoro Turnering,2018-10-27T18:26:00Z,https://cuescore.com/tournament/L%C3%B8rdagsmoro+Turnering/3295383,obk
3255559,Oslo BK Klubbturnering 33 2018,2018-10-24T16:15:00Z,https://cuescore.com/tournament/Oslo+BK+Klubbturnering+33+2018/3255559,obk
3253547,Amatørturnering Oslo Biljardsenter,2018-10-22T16:00:00Z,https://cuescore.com/tournament/Amat%C3%B8rturnering+Oslo+Biljardsenter/3253547,obk
3253550,Amatørturnering Nivå 2. Oslo Biljardsenter,2018-10-22T16:00:00Z,https://cuescore.com/tournament/Amat%C3%B8rturnering+Niv%C3%A5+2.+Oslo+Biljardsenter/3253550,obk
3220248,Søndag på Elmers,2018-10-21T14:15:00Z,https://cuescore.com/tournament/S%C3%B8ndag+p%C3%A5+Elmers/3220248,ostkanten
3222234,Oslo BK Klubbturnering 32,2018-10-17T16:15:00Z,https://cuescore.com/tournament/Oslo+BK+Klubbturnering+32/3222234,obk
3218480,Amatørturnering Oslo Biljardsenter,2018-10-15T16:00:00Z,https://cuescore.com/tournament/Amat%C3%B8rturnering+Oslo+Biljardsenter/3218480,obk
3218542,Amatørturnering Nivå 2. Oslo Biljardsenter,2018-10-15T16:00:00Z,https://cuescore.com/tournament/Amat%C3%B8rturnering+Niv%C3%A5+2.+Oslo+Biljardsenter/3218542,obk
3213959,Søndag på Elmers,2018-10-14T14:15:00Z,https://cuescore.com/tournament/S%C3%B8ndag+p%C3%A5+Elmers/3213959,ostkanten
3182917,Oslo BK Klubbturnering 31,2018-10-10T16:00:00Z,https://cuescore.com/tournament/Oslo+BK+Klubbturnering+31/3182917,obk
3166596,Amatørturnering Nivå 2. Oslo Biljardsenter,2018-10-08T16:00:00Z,https://cuescore.com/tournament/Amat%C3%B8rturnering+Niv%C3%A5+2.+Oslo+Biljardsenter/3166596,obk
3166567,Amatørturnering Oslo Biljardsenter,2018-10-08T16:00:00Z,https://cuescore.com/tournament/Amat%C3%B8rturnering+Oslo+Biljardsenter/3166567,obk
3182347,Søndags 5-9,2018-10-07T14:09:00Z,https://cuescore.com/tournament/S%C3%B8ndags+5-9/3182347,obk
3179108,Elmers Søndagsturnering,2018-10-07T14:00:00Z,https://cuescore.com/tournament/Elmers+S%C3%B8ndagsturnering/3179108,ostkanten
3160225,Oslo Biljardklubb KT HFerie,2018-10-03T16:05:00Z,https://cuescore.com/tournament/Oslo+Biljardklubb+KT+HFerie/3160225,obk
3159439,Amatørturnering Nivå 2. Oslo Biljardsenter,2018-10-01T16:00:00Z,https://cuescore.com/tournament/Amat%C3%B8rturnering+Niv%C3%A5+2.+Oslo+Biljardsenter/3159439,obk
3159341,Amatørturnering Oslo Biljardsenter,2018-10-01T16:00:00Z,https://cuescore.com/tournament/Amat%C3%B8rturnering+Oslo+Biljardsenter/3159341,obk
3148890,Sunday at the Elm,2018-09-30T14:15:00Z,https://cuescore.com/tournament/Sunday+at+the+Elm/3148890,ostkanten
3090779,Oslo BK NM PRO 10 ball,2018-09-26T16:15:00Z,https://cuescore.com/tournament/Oslo+BK+NM+PRO+10+ball/3090779,obk
3112906,Amatørturnering Nivå 2. Oslo Biljardsenter,2018-09-24T16:00:00Z,https://cuescore.com/tournament/Amat%C3%B8rturnering+Niv%C3%A5+2.+Oslo+Biljardsenter/3112906,obk
3112903,Amatørturnering Oslo Biljardsenter,2018-09-24T16:00:00Z,https://cuescore.com/tournament/Amat%C3%B8rturnering+Oslo+Biljardsenter/3112903,obk
3110252,Sunday at the Elm,2018-09-23T14:00:00Z,https://cuescore.com/tournament/Sunday+at+the+Elm/3110252,ostkanten
3079945,Oslo BK klubbturnering 30 2018,2018-09-19T16:00:00Z,https://cuescore.com/tournament/Oslo+BK+klubbturnering+30+2018/3079945,obk
3079384,Amatørturnering Oslo Biljardsenter,2018-09-17T16:00:00Z,https://cuescore.com/tournament/Amat%C3%B8rturnering+Oslo+Biljardsenter/3079384,obk
3079386,Amatørturnering Nivå 2. Oslo Biljardsenter,2018-09-17T16:00:00Z,https://cuescore.com/tournament/Amat%C3%B8rturnering+Niv%C3%A5+2.+Oslo+Biljardsenter/3079386,obk
3076704,Sunday at the Elm,2018-09-16T14:30:00Z,https://cuescore.com/tournament/Sunday+at+the+Elm/3076704,ostkanten
2940005,Oslo BK Klubbturnering 29 2018,2018-09-12T16:01:00Z,https://cuescore.com/tournament/Oslo+BK+Klubbturnering+29+2018/2940005,obk
3041811,Amatørturnering Nivå 2. Oslo Biljardsenter,2018-09-10T16:00:00Z,https://cuescore.com/tournament/Amat%C3%B8rturnering+Niv%C3%A5+2.+Oslo+Biljardsenter/3041811,obk
3023575,Amatørturnering Oslo Biljardsenter,2018-09-10T16:00:00Z,https://cuescore.com/tournament/Amat%C3%B8rturnering+Oslo+Biljardsenter/3023575,obk
2991101,Søndag @Elmers,2018-09-09T14:30:00Z,https://cuescore.com/tournament/S%C3%B8ndag+%40Elmers/2991101,ostkanten
2944636,Amatørturnering Nivå 2 Oslo Biljardsenter,2018-09-03T16:00:00Z,https://cuescore.com/tournament/Amat%C3%B8rturnering+Niv%C3%A5+2+Oslo+Biljardsenter/2944636,obk
2944469,Amatørturnering Oslo Biljardsenter,2018-09-03T16:00:00Z,https://cuescore.com/tournament/Amat%C3%B8rturnering+Oslo+Biljardsenter/2944469,obk
2945144,Søndag @ Elmer's,2018-09-02T14:00:00Z,https://cuescore.com/tournament/S%C3%B8ndag+%40+Elmer%27s/2945144,ostkanten
2909211,Oslo BK Klubbturnering 27 2018,2018-08-29T16:10:00Z,https://cuescore.com/tournament/Oslo+BK+Klubbturnering+27+2018/2909211,obk
2922315,Amatørturnering Nivå 2 Oslo Biljardsenter,2018-08-27T16:00:00Z,https://cuescore.com/tournament/Amat%C3%B8rturnering+Niv%C3%A5+2+Oslo+Biljardsenter/2922315,obk
2922303,Amatørturnering Oslo Biljardsenter,2018-08-27T16:00:00Z,https://cuescore.com/tournament/Amat%C3%B8rturnering+Oslo+Biljardsenter/2922303,obk
2891870,Oslo Biljardklubb KT 26 2018,2018-08-22T16:15:00Z,https://cuescore.com/tournament/Oslo+Biljardklubb+KT+26+2018/2891870,obk
2890019,Amatørturnering Oslo Biljardsenter. 20 August,2018-08-20T16:00:00Z,https://cuescore.com/tournament/Amat%C3%B8rturnering+Oslo+Biljardsenter.+20+August/2890019,obk
2890022,Amatørturnering Nivå 2 Oslo Biljardsenter 20 August,2018-08-20T16:00:00Z,https://cuescore.com/tournament/Amat%C3%B8rturnering+Niv%C3%A5+2+Oslo+Biljardsenter+20+August/2890022,obk
2888168,Sunday at the Elm,2018-08-19T14:15:00Z,https://cuescore.com/tournament/Sunday+at+the+Elm/2888168,ostkanten
2867850,Oslo BK Klubbturnering 25 2018,2018-08-15T16:00:00Z,https://cuescore.com/tournament/Oslo+BK+Klubbturnering+25+2018/2867850,obk
2856324,Elmers Søndagsturnering 12.08.18,2018-08-12T14:00:00Z,https://cuescore.com/tournament/Elmers+S%C3%B8ndagsturnering+12.08.18/2856324,ostkanten
2848453,Oslo BK Summer III,2018-08-08T16:05:00Z,https://cuescore.com/tournament/Oslo+BK+Summer+III/2848453,obk
2839193,Østkanten søndag,2018-08-05T14:18:00Z,https://cuescore.com/tournament/%C3%98stkanten+s%C3%B8ndag/2839193,ostkanten
2819064,Elmers Søndagsturnering,2018-07-29T14:00:00Z,https://cuescore.com/tournament/Elmers+S%C3%B8ndagsturnering/2819064,ostkanten
2778270,Oslo BK Club Summer 2018,2018-07-18T15:30:00Z,https://cuescore.com/tournament/Oslo+BK+Club+Summer+2018/2778270,obk
2766676,Summer at the Elm,2018-07-08T14:15:00Z,https://cuescore.com/tournament/Summer+at+the+Elm/2766676,ostkanten
2748626,Elmers Søndag,2018-07-01T14:00:00Z,https://cuescore.com/tournament/Elmers+S%C3%B8ndag/2748626,ostkanten
2721458,Sunday at the Elm,2018-06-24T14:15:00Z,https://cuescore.com/tournament/Sunday+at+the+Elm/2721458,ostkanten
2689575,Oslo BK Klubbturnering 24 2018,2018-06-20T16:30:00Z,https://cuescore.com/tournament/Oslo+BK+Klubbturnering+24+2018/2689575,obk
2685943,Advancedturnering 18 juni. Oslo Biljardsenter,2018-06-18T16:00:00Z,https://cuescore.com/tournament/Advancedturnering+18+juni.+Oslo+Biljardsenter/2685943,obk
2685938,Amatørturnering 18 juni. Oslo Biljardsenter,2018-06-18T16:00:00Z,https://cuescore.com/tournament/Amat%C3%B8rturnering+18+juni.+Oslo+Biljardsenter/2685938,obk
2686213,One Rack 18 juni,2018-06-18T16:00:00Z,https://cuescore.com/tournament/One+Rack+18+juni/2686213,obk
2686514,Elmers Søndagsturnering,2018-06-17T14:00:00Z,https://cuescore.com/tournament/Elmers+S%C3%B8ndagsturnering/2686514,ostkanten
2580483,Rekrutt Biljardturnering 16 juni Oslo Biljardsenter,2018-06-16T13:00:00Z,https://cuescore.com/tournament/Rekrutt+Biljardturnering+16+juni+Oslo+Biljardsenter/2580483,obk
2667120,Oslo Biljardklubb KT 23 2018,2018-06-13T16:45:00Z,https://cuescore.com/tournament/Oslo+Biljardklubb+KT+23+2018/2667120,obk
2659906,Amatørturnering 11 Juni. Oslo Biljardsenter,2018-06-11T16:00:00Z,https://cuescore.com/tournament/Amat%C3%B8rturnering+11+Juni.+Oslo+Biljardsenter/2659906,obk
2659986,Advancedturnering 11 Juni. Oslo Biljardsenter,2018-06-11T16:00:00Z,https://cuescore.com/tournament/Advancedturnering+11+Juni.+Oslo+Biljardsenter/2659986,obk
2647176,Oslo BK Klubbturnering 22 2018,2018-06-06T16:15:00Z,https://cuescore.com/tournament/Oslo+BK+Klubbturnering+22+2018/2647176,obk
2639379,Amatørturnering 4 juni. Oslo Biljardsenter,2018-06-04T16:00:00Z,https://cuescore.com/tournament/Amat%C3%B8rturnering+4+juni.+Oslo+Biljardsenter/2639379,obk
2639389,Advancedturnering 4 juni. Oslo Biljardsenter,2018-06-04T16:00:00Z,https://cuescore.com/tournament/Advancedturnering+4+juni.+Oslo+Biljardsenter/2639389,obk
2635604,Sunday at the Elm,2018-06-03T14:15:00Z,https://cuescore.com/tournament/Sunday+at+the+Elm/2635604,ostkanten
2624370,Oslo BK Klubbturnering nr. 21 2018,2018-05-30T16:10:00Z,https://cuescore.com/tournament/Oslo+BK+Klubbturnering+nr.+21+2018/2624370,obk
2625186,One Rack Oslo Bk,2018-05-28T16:05:00Z,https://cuescore.com/tournament/One+Rack+Oslo+Bk/2625186,obk
2624507,Amatørturnering 28 mai. Oslo Biljardsenter,2018-05-28T16:00:00Z,https://cuescore.com/tournament/Amat%C3%B8rturnering+28+mai.+Oslo+Biljardsenter/2624507,obk
2624513,Advancedturnering 28 mai. Oslo Biljardsenter,2018-05-28T16:00:00Z,https://cuescore.com/tournament/Advancedturnering+28+mai.+Oslo+Biljardsenter/2624513,obk
2619365,Oslo Biljardklubb treningsturnering 5/9,2018-05-26T12:01:00Z,https://cuescore.com/tournament/Oslo+Biljardklubb+treningsturnering+5%252F9/2619365,obk
2609273,Oslo Biljardklubb Klubbturnering nr. 20 2018,2018-05-23T16:20:00Z,https://cuescore.com/tournament/Oslo+Biljardklubb+Klubbturnering+nr.+20+2018/2609273,obk
2604366,Amatørturnering 21 mai. Oslo Biljardsenter,2018-05-21T16:00:00Z,https://cuescore.com/tournament/Amat%C3%B8rturnering+21+mai.+Oslo+Biljardsenter/2604366,obk
2604377,Advancedturnering 21 mai. Oslo Biljardsenter,2018-05-21T16:00:00Z,https://cuescore.com/tournament/Advancedturnering+21+mai.+Oslo+Biljardsenter/2604377,obk
2581132,Konstituerende turnering Østkanten biljardklubb,2018-05-15T17:35:00Z,https://cuescore.com/tournament/Konstituerende+turnering+%C3%98stkanten+biljardklubb/2581132,ostkanten
2573381,Amatørturnering 14 mai. Oslo Biljardsenter,2018-05-14T16:00:00Z,https://cuescore.com/tournament/Amat%C3%B8rturnering+14+mai.+Oslo+Biljardsenter/2573381,obk
2573385,Advancedturnering 14 mai. Oslo Biljardsenter,2018-05-14T16:00:00Z,https://cuescore.com/tournament/Advancedturnering+14+mai.+Oslo+Biljardsenter/2573385,obk
2556601,Sunday at the Elm,2018-05-13T14:15:00Z,https://cuescore.com/tournament/Sunday+at+the+Elm/2556601,ostkanten
2546312,Oslo BK B-side 18 2018,2018-05-09T19:27:00Z,https://cuescore.com/tournament/Oslo+BK+B-side+18+2018/2546312,obk
2531648,Oslo BK Klubbturnering 18 2018,2018-05-09T16:10:00Z,https://cuescore.com/tournament/Oslo+BK+Klubbturnering+18+2018/2531648,obk
2524822,Amatørturnering 7 mai. Oslo Biljardsenter,2018-05-07T16:00:00Z,https://cuescore.com/tournament/Amat%C3%B8rturnering+7+mai.+Oslo+Biljardsenter/2524822,obk
2524852,Advancedturnering 7 mai. Oslo Biljardsenter,2018-05-07T16:00:00Z,https://cuescore.com/tournament/Advancedturnering+7+mai.+Oslo+Biljardsenter/2524852,obk
2470910,Sunday at the Elm,2018-05-06T14:15:00Z,https://cuescore.com/tournament/Sunday+at+the+Elm/2470910,ostkanten
2432938,Oslo BK Klubbturnering 17 2018,2018-05-02T16:10:00Z,https://cuescore.com/tournament/Oslo+BK+Klubbturnering+17+2018/2432938,obk
2431441,Advancedturnering 30 April. Oslo Biljardsenter,2018-04-30T19:15:00Z,https://cuescore.com/tournament/Advancedturnering+30+April.+Oslo+Biljardsenter/2431441,obk
2426114,Amatørturnering 30 April. Oslo Biljardsenter,2018-04-30T16:30:00Z,https://cuescore.com/tournament/Amat%C3%B8rturnering+30+April.+Oslo+Biljardsenter/2426114,obk
2421883,Sunday at the Elm 16,2018-04-29T14:30:00Z,https://cuescore.com/tournament/Sunday+at+the+Elm+16/2421883,ostkanten
2298218,Oslo Biljardklubb KT 16 2018,2018-04-25T16:15:00Z,https://cuescore.com/tournament/Oslo+Biljardklubb+KT+16+2018/2298218,obk
2384771,Amatørturnering 23 April. Oslo Biljardsenter,2018-04-23T16:00:00Z,https://cuescore.com/tournament/Amat%C3%B8rturnering+23+April.+Oslo+Biljardsenter/2384771,obk
2384776,Advancedturnering 23 April. Oslo Biljardsenter,2018-04-23T16:00:00Z,https://cuescore.com/tournament/Advancedturnering+23+April.+Oslo+Biljardsenter/2384776,obk
2381371,Elmers Søndagsturnering 22.04.18,2018-04-22T14:00:00Z,https://cuescore.com/tournament/Elmers+S%C3%B8ndagsturnering+22.04.18/2381371,ostkanten
2298214,Oslo Biljardklubb BK KT 15 2018,2018-04-18T16:00:00Z,https://cuescore.com/tournament/Oslo+Biljardklubb+BK+KT+15+2018/2298214,obk
2352813,Advancedturnering 16 April. Oslo Biljardsenter,2018-04-16T16:00:00Z,https://cuescore.com/tournament/Advancedturnering+16+April.+Oslo+Biljardsenter/2352813,obk
2352790,Amatørturnering 16 April. Oslo Biljardsenter,2018-04-16T16:00:00Z,https://cuescore.com/tournament/Amat%C3%B8rturnering+16+April.+Oslo+Biljardsenter/2352790,obk
2353089,One Rack 9 Ball for alle i Oslo Biljardklubb mandag 16 April.,2018-04-16T16:00:00Z,https://cuescore.com/tournament/One+Rack+9+Ball+for+alle+i+Oslo+Biljardklubb+mandag+16+April./2353089,obk
2349509,Sunday at the Elm 14,2018-04-15T14:15:00Z,https://cuescore.com/tournament/Sunday+at+the+Elm+14/2349509,ostkanten
2298207,Oslo Biljardklubb KT 14 2018,2018-04-11T16:10:00Z,https://cuescore.com/tournament/Oslo+Biljardklubb+KT+14+2018/2298207,obk
2312285,Amatørturnering 9 April. Oslo Biljardsenter,2018-04-09T16:00:00Z,https://cuescore.com/tournament/Amat%C3%B8rturnering+9+April.+Oslo+Biljardsenter/2312285,obk
2312323,One Rack Mandagsbiljard 9 April. Oslo Biljardsenter,2018-04-09T16:00:00Z,https://cuescore.com/tournament/One+Rack+Mandagsbiljard+9+April.+Oslo+Biljardsenter/2312323,obk
2296019,Oslo BK KT 13 2018,2018-04-04T16:15:00Z,https://cuescore.com/tournament/Oslo+BK+KT+13+2018/2296019,obk
2288003,Elmers Påsketurnering,2018-04-01T14:00:00Z,https://cuescore.com/tournament/Elmers+P%C3%A5sketurnering/2288003,ostkanten
2266896,Amatørturnering 26 Mars. Oslo Biljardsenter,2018-03-26T16:00:00Z,https://cuescore.com/tournament/Amat%C3%B8rturnering+26+Mars.+Oslo+Biljardsenter/2266896,obk
2266902,Advancedturnering 26 Mars. Oslo Biljardsenter,2018-03-26T16:00:00Z,https://cuescore.com/tournament/Advancedturnering+26+Mars.+Oslo+Biljardsenter/2266902,obk
2255568,Elmers Søndagtsturnering - 25.03.18,2018-03-25T14:00:00Z,https://cuescore.com/tournament/Elmers+S%C3%B8ndagtsturnering+-+25.03.18/2255568,ostkanten
2249708,Advancedturnering 19 Mars. Oslo Biljardsenter,2018-03-19T17:00:00Z,https://cuescore.com/tournament/Advancedturnering+19+Mars.+Oslo+Biljardsenter/2249708,obk
2249703,Amatørturnering 19 Mars. Oslo Biljardsenter,2018-03-19T17:00:00Z,https://cuescore.com/tournament/Amat%C3%B8rturnering+19+Mars.+Oslo+Biljardsenter/2249703,obk
2242098,Sunday at the Elm 11,2018-03-18T15:45:00Z,https://cuescore.com/tournament/Sunday+at+the+Elm+11/2242098,ostkanten
2238455,Oslo Biljardklubb Klubbturnering nr. 11 2018,2018-03-14T17:15:00Z,https://cuescore.com/tournament/Oslo+Biljardklubb+Klubbturnering+nr.+11+2018/2238455,obk
2208057,Advancedturnering 12 Mars. Oslo Biljardsenter,2018-03-12T17:00:00Z,https://cuescore.com/tournament/Advancedturnering+12+Mars.+Oslo+Biljardsenter/2208057,obk
2208070,Amatørturnering 12 Mars. Oslo Biljardsenter,2018-03-12T17:00:00Z,https://cuescore.com/tournament/Amat%C3%B8rturnering+12+Mars.+Oslo+Biljardsenter/2208070,obk
2220783,Sunday at the Elm 10,2018-03-11T15:00:00Z,https://cuescore.com/tournament/Sunday+at+the+Elm+10/2220783,ostkanten
2205279,Oslo Biljardklubb Klubbturnering 10 2018,2018-03-07T17:15:00Z,https://cuescore.com/tournament/Oslo+Biljardklubb+Klubbturnering+10+2018/2205279,obk
2205740,Advancedturnering 5 Mars. Oslo Biljardsenter,2018-03-05T17:00:00Z,https://cuescore.com/tournament/Advancedturnering+5+Mars.+Oslo+Biljardsenter/2205740,obk
2205765,Amatørturnering 5 Mars. Oslo Biljardsenter,2018-03-05T17:00:00Z,https://cuescore.com/tournament/Amat%C3%B8rturnering+5+Mars.+Oslo+Biljardsenter/2205765,obk
2203992,Sunday at the Elm 9 2018,2018-03-04T15:15:00Z,https://cuescore.com/tournament/Sunday+at+the+Elm+9+2018/2203992,ostkanten
2145425,Oslo BK KT 9 2018,2018-02-28T17:15:00Z,https://cuescore.com/tournament/Oslo+BK+KT+9+2018/2145425,obk
2180865,Amatørturnering 26 Feb. Oslo Biljardsenter,2018-02-26T17:00:00Z,https://cuescore.com/tournament/Amat%C3%B8rturnering+26+Feb.+Oslo+Biljardsenter/2180865,obk
2171937,SøndagsTurnering på Elmers- 8-ball - 25.02.18,2018-02-25T15:00:00Z,https://cuescore.com/tournament/S%C3%B8ndagsTurnering+p%C3%A5+Elmers-+8-ball+-+25.02.18/2171937,ostkanten
2164294,Oslo Biljardklubb KT 8 2018,2018-02-21T17:15:00Z,https://cuescore.com/tournament/Oslo+Biljardklubb+KT+8+2018/2164294,obk
2165706,Amatørturnering 19 Feb. Oslo Biljardsenter,2018-02-19T17:00:00Z,https://cuescore.com/tournament/Amat%C3%B8rturnering+19+Feb.+Oslo+Biljardsenter/2165706,obk
2165713,Advancedturnering 19 Feb. Oslo Biljardsenter,2018-02-19T17:00:00Z,https://cuescore.com/tournament/Advancedturnering+19+Feb.+Oslo+Biljardsenter/2165713,obk
2154369,Sunday at the Elm 7,2018-02-18T15:15:00Z,https://cuescore.com/tournament/Sunday+at+the+Elm+7/2154369,ostkanten
2154912,Oslo BK 5/9HC0-10D15,2018-02-17T13:15:00Z,https://cuescore.com/tournament/Oslo+BK+5%252F9HC0-10D15/2154912,obk
2142743,Oslo Biljardklubb KT 7 2018,2018-02-14T17:18:00Z,https://cuescore.com/tournament/Oslo+Biljardklubb+KT+7+2018/2142743,obk
2139749,Amatørturnering 12 Feb. Oslo Biljardsenter,2018-02-12T17:00:00Z,https://cuescore.com/tournament/Amat%C3%B8rturnering+12+Feb.+Oslo+Biljardsenter/2139749,obk
2139754,Advancedturnering 12 Feb. Oslo Biljardsenter,2018-02-12T17:00:00Z,https://cuescore.com/tournament/Advancedturnering+12+Feb.+Oslo+Biljardsenter/2139754,obk
2133509,Elmers - 9-ball - 11.02.18,2018-02-11T15:00:00Z,https://cuescore.com/tournament/Elmers+-+9-ball+-+11.02.18/2133509,ostkanten
2126901,Oslo Biljardklubb Klubbturnering 6 2018,2018-02-07T17:15:00Z,https://cuescore.com/tournament/Oslo+Biljardklubb+Klubbturnering+6+2018/2126901,obk
2125882,Amatørturnering 5 Feb. Oslo Biljardsenter,2018-02-05T17:00:00Z,https://cuescore.com/tournament/Amat%C3%B8rturnering+5+Feb.+Oslo+Biljardsenter/2125882,obk
2122559,Sunday at the Elm 5,2018-02-04T15:15:00Z,https://cuescore.com/tournament/Sunday+at+the+Elm+5/2122559,ostkanten
2103827,Nordic 5 - 9 ball handicap,2018-02-01T17:00:00Z,https://cuescore.com/tournament/Nordic+5+-+9+ball+handicap/2103827,obk
2110402,Oslo Biljardklubb KT 5 2018,2018-01-31T17:15:00Z,https://cuescore.com/tournament/Oslo+Biljardklubb+KT+5+2018/2110402,obk
2110385,Advancedturnering 29 Jan. Oslo Biljardsenter,2018-01-29T17:00:00Z,https://cuescore.com/tournament/Advancedturnering+29+Jan.+Oslo+Biljardsenter/2110385,obk
2092863,Elmers - Runde 4 - 28.01.18,2018-01-28T15:00:00Z,https://cuescore.com/tournament/Elmers+-+Runde+4+-+28.01.18/2092863,ostkanten
2093965,Oslo Biljardklubb KT 4 2018,2018-01-24T17:05:00Z,https://cuescore.com/tournament/Oslo+Biljardklubb+KT+4+2018/2093965,obk
2093244,Amatørturnering 22 Jan. Oslo Biljardsenter,2018-01-22T17:00:00Z,https://cuescore.com/tournament/Amat%C3%B8rturnering+22+Jan.+Oslo+Biljardsenter/2093244,obk
2093270,Advancedturnering 22 Jan. Oslo Biljardsenter,2018-01-22T17:00:00Z,https://cuescore.com/tournament/Advancedturnering+22+Jan.+Oslo+Biljardsenter/2093270,obk
2076949,Oslo BK Klubbturnering 3 2018,2018-01-17T17:05:00Z,https://cuescore.com/tournament/Oslo+BK+Klubbturnering+3+2018/2076949,obk
2080070,Amatørturnering 15 Jan. Oslo Biljardsenter,2018-01-15T17:00:00Z,https://cuescore.com/tournament/Amat%C3%B8rturnering+15+Jan.+Oslo+Biljardsenter/2080070,obk
2080088,Advancedturnering 15 Jan. Oslo Biljardsenter,2018-01-15T17:00:00Z,https://cuescore.com/tournament/Advancedturnering+15+Jan.+Oslo+Biljardsenter/2080088,obk
2054176,Oslo Biljardklubb KT 2 2018,2018-01-10T17:05:00Z,https://cuescore.com/tournament/Oslo+Biljardklubb+KT+2+2018/2054176,obk
2053798,Advancedturnering 8 Jan. Oslo Biljardsenter,2018-01-08T17:00:00Z,https://cuescore.com/tournament/Advancedturnering+8+Jan.+Oslo+Biljardsenter/2053798,obk
2038866,Sunday at the Elm 1 2018,2018-01-07T15:15:00Z,https://cuescore.com/tournament/Sunday+at+the+Elm+1+2018/2038866,ostkanten
2042140,OSLO BK KLUBBTURNERING 1 2018,2018-01-03T17:05:00Z,https://cuescore.com/tournament/OSLO+BK+KLUBBTURNERING+1+2018/2042140,obk
2022138,Oslo BK Klubbturnering 43 2017,2017-12-20T17:15:00Z,https://cuescore.com/tournament/Oslo+BK+Klubbturnering+43+2017/2022138,obk
2021060,Advancedturnering 18 Des. Oslo Biljardsenter,2017-12-18T17:00:00Z,https://cuescore.com/tournament/Advancedturnering+18+Des.+Oslo+Biljardsenter/2021060,obk
2021058,Amatørturnering 18 Des. Oslo Biljardsenter,2017-12-18T17:00:00Z,https://cuescore.com/tournament/Amat%C3%B8rturnering+18+Des.+Oslo+Biljardsenter/2021058,obk
2020597,søndag 17-12-17,2017-12-17T15:30:00Z,https://cuescore.com/tournament/s%C3%B8ndag+17-12-17/2020597,ostkanten
1957748,Klubbmesterskap Oslo BK 8 ball,2017-12-16T12:30:00Z,https://cuescore.com/tournament/Klubbmesterskap+Oslo+BK+8+ball/1957748,obk
2012977,Advancedturnering 11 Des. Oslo Biljardsenter,2017-12-11T17:00:00Z,https://cuescore.com/tournament/Advancedturnering+11+Des.+Oslo+Biljardsenter/2012977,obk
2012972,Amatørturnering 11 Des. Oslo Biljardsenter,2017-12-11T17:00:00Z,https://cuescore.com/tournament/Amat%C3%B8rturnering+11+Des.+Oslo+Biljardsenter/2012972,obk
2012510,Sunday at the Elm,2017-12-10T15:15:00Z,https://cuescore.com/tournament/Sunday+at+the+Elm/2012510,ostkanten
1999499,Oslo Biljardklubb Klubbturnering 41 2017,2017-12-06T18:30:00Z,https://cuescore.com/tournament/Oslo+Biljardklubb+Klubbturnering+41+2017/1999499,obk
1997001,Advancedturnering 4 Des. Oslo Biljardsenter,2017-12-04T17:00:00Z,https://cuescore.com/tournament/Advancedturnering+4+Des.+Oslo+Biljardsenter/1997001,obk
1996330,Søndagsturnering,2017-12-03T15:15:00Z,https://cuescore.com/tournament/S%C3%B8ndagsturnering/1996330,ostkanten
1987042,Oslo BK Klubbturnering 40 2017,2017-11-29T17:20:00Z,https://cuescore.com/tournament/Oslo+BK+Klubbturnering+40+2017/1987042,obk
1947363,Advancedturnering 27 Nov. Oslo Biljardsenter,2017-11-27T17:00:00Z,https://cuescore.com/tournament/Advancedturnering+27+Nov.+Oslo+Biljardsenter/1947363,obk
1987107,Amatørturnering 27 Nov. Oslo Biljardsenter,2017-11-27T17:00:00Z,https://cuescore.com/tournament/Amat%C3%B8rturnering+27+Nov.+Oslo+Biljardsenter/1987107,obk
1969862,Oslo Biljardklubb Klubbturnering 39 2017,2017-11-22T17:10:00Z,https://cuescore.com/tournament/Oslo+Biljardklubb+Klubbturnering+39+2017/1969862,obk
1968255,Amatørturnering 20 Nov. Oslo Biljardsenter,2017-11-20T17:00:00Z,https://cuescore.com/tournament/Amat%C3%B8rturnering+20+Nov.+Oslo+Biljardsenter/1968255,obk
1947350,Advancedturnering 20 Nov. Oslo Biljardsenter,2017-11-20T17:00:00Z,https://cuescore.com/tournament/Advancedturnering+20+Nov.+Oslo+Biljardsenter/1947350,obk
1967786,Søndagsturnering,2017-11-19T14:38:00Z,https://cuescore.com/tournament/S%C3%B8ndagsturnering/1967786,ostkanten
1959047,Oslo Biljardklubb KT 38 2017,2017-11-15T17:10:00Z,https://cuescore.com/tournament/Oslo+Biljardklubb+KT+38+2017/1959047,obk
1947338,Advancedturnering 13 Nov. Oslo Biljardsenter,2017-11-13T17:00:00Z,https://cuescore.com/tournament/Advancedturnering+13+Nov.+Oslo+Biljardsenter/1947338,obk
1957441,Amatørturnering 13 Nov. Oslo Biljardsenter,2017-11-13T17:00:00Z,https://cuescore.com/tournament/Amat%C3%B8rturnering+13+Nov.+Oslo+Biljardsenter/1957441,obk
1947188,Oslo Biljardklubb KT 37 2017,2017-11-08T17:15:00Z,https://cuescore.com/tournament/Oslo+Biljardklubb+KT+37+2017/1947188,obk
1945092,Advancedturnering 6 Nov. Oslo Biljardsenter,2017-11-06T17:00:00Z,https://cuescore.com/tournament/Advancedturnering+6+Nov.+Oslo+Biljardsenter/1945092,obk
1942882,Elmers - Høst 2017 - Runde 13,2017-11-05T15:00:00Z,https://cuescore.com/tournament/Elmers+-+H%C3%B8st+2017+-+Runde+13/1942882,ostkanten
1933953,Chamat 9-ball Challenge 2017 Oslo BK,2017-11-01T17:15:00Z,https://cuescore.com/tournament/Chamat+9-ball+Challenge+2017+Oslo+BK/1933953,obk
1925143,Advancedturnering 30 Okt. Oslo Biljardsenter,2017-10-30T17:00:00Z,https://cuescore.com/tournament/Advancedturnering+30+Okt.+Oslo+Biljardsenter/1925143,obk
1933471,Amatørturnering 30 Okt. Oslo Biljardsenter,2017-10-30T17:00:00Z,https://cuescore.com/tournament/Amat%C3%B8rturnering+30+Okt.+Oslo+Biljardsenter/1933471,obk
1922494,Oslo Biljardklubb KT 35,2017-10-25T16:10:00Z,https://cuescore.com/tournament/Oslo+Biljardklubb+KT+35/1922494,obk
1922460,Advancedturnering 23 Okt. Oslo Biljardsenter,2017-10-23T16:00:00Z,https://cuescore.com/tournament/Advancedturnering+23+Okt.+Oslo+Biljardsenter/1922460,obk
1922455,Amatørturnering 23 Okt. Oslo Biljardsenter,2017-10-23T16:00:00Z,https://cuescore.com/tournament/Amat%C3%B8rturnering+23+Okt.+Oslo+Biljardsenter/1922455,obk
1903441,Oslo BK Klubbturnering 34 2017,2017-10-18T16:25:00Z,https://cuescore.com/tournament/Oslo+BK+Klubbturnering+34+2017/1903441,obk
1902416,Advancedturnering 16 Okt. Oslo Biljardsenter,2017-10-16T16:00:00Z,https://cuescore.com/tournament/Advancedturnering+16+Okt.+Oslo+Biljardsenter/1902416,obk
1900024,Oslo BK Treningsturnering,2017-10-14T15:00:00Z,https://cuescore.com/tournament/Oslo+BK+Treningsturnering/1900024,obk
1752826,Oslo Biljardklubb KT 33 2017,2017-10-11T16:05:00Z,https://cuescore.com/tournament/Oslo+Biljardklubb+KT+33+2017/1752826,obk
1750027,Advancedturnering 9 Okt. Oslo Biljardsenter,2017-10-09T16:00:00Z,https://cuescore.com/tournament/Advancedturnering+9+Okt.+Oslo+Biljardsenter/1750027,obk
1750018,Amatørturnering 9 Okt. Oslo Biljardsenter,2017-10-09T16:00:00Z,https://cuescore.com/tournament/Amat%C3%B8rturnering+9+Okt.+Oslo+Biljardsenter/1750018,obk
1738554,Oslo Biljarklubb Klubbturnering 32 2017,2017-10-04T16:15:00Z,https://cuescore.com/tournament/Oslo+Biljarklubb+Klubbturnering+32+2017/1738554,obk
1738543,Advancedturnering 2 Okt. Oslo biljardsenter,2017-10-02T16:00:00Z,https://cuescore.com/tournament/Advancedturnering+2+Okt.+Oslo+biljardsenter/1738543,obk
1715795,Oslo Biljardklubb Klubbturnering 31 2017,2017-09-27T16:15:00Z,https://cuescore.com/tournament/Oslo+Biljardklubb+Klubbturnering+31+2017/1715795,obk
1707411,Amatørturnering 25 Sept. Oslo Biljardsenter,2017-09-25T16:00:00Z,https://cuescore.com/tournament/Amat%C3%B8rturnering+25+Sept.+Oslo+Biljardsenter/1707411,obk
1707404,Advancedturnering 25 Sept. Oslo Biljardsenter,2017-09-25T16:00:00Z,https://cuescore.com/tournament/Advancedturnering+25+Sept.+Oslo+Biljardsenter/1707404,obk
1696971,Advancedturnering 18 Sept. Oslo Biljardsenter,2017-09-18T16:00:00Z,https://cuescore.com/tournament/Advancedturnering+18+Sept.+Oslo+Biljardsenter/1696971,obk
1696912,Amatørturnering 18 Sept. Oslo Biljardsenter,2017-09-18T16:00:00Z,https://cuescore.com/tournament/Amat%C3%B8rturnering+18+Sept.+Oslo+Biljardsenter/1696912,obk
1665194,Oslo Biljardklubb KT 29 2017,2017-09-13T16:00:00Z,https://cuescore.com/tournament/Oslo+Biljardklubb+KT+29+2017/1665194,obk
1619646,Oslo Biljardklubb KT 28 2017,2017-09-06T16:00:00Z,https://cuescore.com/tournament/Oslo+Biljardklubb+KT+28+2017/1619646,obk
1588873,Oslo Biljardklubb KT 27 2017,2017-08-30T16:10:00Z,https://cuescore.com/tournament/Oslo+Biljardklubb+KT+27+2017/1588873,obk
1514995,Advancedturnering 19.06.2017,2017-06-19T16:00:00Z,https://cuescore.com/tournament/Advancedturnering+19.06.2017/1514995,obk
1439468,Østlandsmesterskap 2017,2017-06-17T08:00:00Z,https://cuescore.com/tournament/%C3%98stlandsmesterskap+2017/1439468,obk
1281573,Åpningsturnering av Oslo Biljardklubb KT 2017,2017-01-04T17:15:00Z,https://cuescore.com/tournament/%C3%85pningsturnering+av+Oslo+Biljardklubb+KT+2017/1281573,obk
1280973,Amatørturnering 2.1.2017,2017-01-02T17:00:00Z,https://cuescore.com/tournament/Amat%C3%B8rturnering+2.1.2017/1280973,obk
1280981,Advanced 2.1.2017,2017-01-02T16:30:00Z,https://cuescore.com/tournament/Advanced+2.1.2017/1280981,obk
