player1_id,player1_name,player2_id,player2_name,player1_wins,player2_wins,player1_weighted_wins,player2_weighted_wins,games
1750663,Tore Mo,2827292,Simen Jøndal,210,163,50.38571418377739,39.09691218969012,373
1006163,Bjørn Bratteberg,1006333,Kent Hansen,190,150,54.398684700696826,39.80698841723542,340
1006163,Bjørn Bratteberg,1075717,Bjørn Erik Øverland,158,135,39.4586809860901,33.71226032168423,293
1006163,Bjørn Bratteberg,6839980,Daniel Lorentzen-Styr,173,102,43.12655813267793,25.389590921330136,275
1061500,Jim Fors,2827292,Simen Jøndal,150,108,37.46435464331013,26.97433534318327,258
1006333,Kent Hansen,1061500,Jim Fors,107,150,26.724572978894535,37.46435464331013,257
1006163,Bjørn Bratteberg,1750663,Tore Mo,166,73,41.38021304240171,18.202525307004507,239
1061500,Jim Fors,6839980,Daniel Lorentzen-Styr,150,75,37.46435464331013,18.732177321655023,225
1024799,Stig Nesvik,1510340,Andris Viksnins,90,126,26.811382429161323,38.72915874419013,216
1024799,Stig Nesvik,2827292,Simen Jøndal,116,72,31.504141945971394,20.340917169139587,188
1024799,Stig Nesvik,6839980,Daniel Lorentzen-Styr,73,97,26.297944043972503,33.838418435421865,170
1006220,Erik Gårdelöf,6600268,Kim Soo Garmark,78,64,57.655558489318665,46.32240886837151,142
1510340,Andris Viksnins,7131339,Roger Mølmann,70,65,18.712921646051974,18.748547419960577,135
1006360,Lars Harby,6600268,Kim Soo Garmark,56,76,31.43854210997268,42.21412497905454,132
1902521,Tom-Henrik Sandvik,1946517,Ivan Tadic,61,70,11.155636656084862,13.089283069860292,131
1006220,Erik Gårdelöf,17978686,Ibra Alkhader,75,55,60.458407685691995,44.85649614207618,130
1510340,Andris Viksnins,5140422,Tomas Gryczon,84,46,31.739531031322468,20.701988650261054,130
1510340,Andris Viksnins,6839980,Daniel Lorentzen-Styr,51,72,16.710855729324198,22.891367895077504,123
2827292,Simen Jøndal,5140422,Tomas Gryczon,57,65,14.43583752541636,15.811526724893794,122
1708121,Petter Olsen,2827292,Simen Jøndal,57,65,12.934124602024925,15.67174787682176,122
1006333,Kent Hansen,1024799,Stig Nesvik,77,44,30.989469487022458,16.287945028985067,121
1969223,Ole Andreas Sandvik,2827292,Simen Jøndal,74,46,15.437265750378037,9.285709016712014,120
1024799,Stig Nesvik,5140422,Tomas Gryczon,63,55,26.502547243362404,23.62236530749081,118
1024799,Stig Nesvik,1298131,Jack Nordby,50,68,11.810649036076455,16.34243780301631,118
1024799,Stig Nesvik,1750663,Tore Mo,69,48,17.33958193331125,12.323021387514919,117
3428055,Rune Fevang,5140422,Tomas Gryczon,60,56,17.478201657482444,16.291897320151225,116
3012666,Eirik Sandaaker,6691281,Andreas Wahr-Hansen,55,59,14.702043898662492,15.918530611699307,114
1708121,Petter Olsen,1750663,Tore Mo,49,63,9.542270307821502,12.956248634930784,112
1277819,Lasse Kåring,1510340,Andris Viksnins,58,51,16.018305596681458,14.193927731168637,109
1006163,Bjørn Bratteberg,1024799,Stig Nesvik,71,37,28.052604222502882,12.468151615774765,108
1272012,Erol Dane Mula,17978686,Ibra Alkhader,52,55,46.617713602553586,47.87295716644445,107
1015952,Marius Farås,1071778,Deleted Account,51,54,6.937284596157097,7.3316816172453425,105
1277819,Lasse Kåring,6839980,Daniel Lorentzen-Styr,40,63,12.219858733430573,19.990488218108002,103
1013991,Ahad Rashid,1024799,Stig Nesvik,48,54,6.566806463786621,7.378675849828312,102
1510340,Andris Viksnins,1969223,Ole Andreas Sandvik,62,39,14.15026529921381,9.427444656553385,101
1708121,Petter Olsen,3012666,Eirik Sandaaker,56,44,15.623914363511643,11.961078585027312,100
3428055,Rune Fevang,7131339,Roger Mølmann,55,45,13.855512050226363,11.70753742758044,100
1272012,Erol Dane Mula,6600268,Kim Soo Garmark,38,60,17.248093086527827,29.415495096349837,98
1510340,Andris Viksnins,5493128,Per christian Slåtta,58,39,17.40294949741517,11.868749453749004,97
1024799,Stig Nesvik,2581136,Mona Søvold Sunde,69,27,51.11683282658468,20.916803918779117,96
1024799,Stig Nesvik,5493128,Per christian Slåtta,51,45,14.831698883021264,13.428952902939518,96
1022496,Jozef Kwit,17978686,Ibra Alkhader,28,66,24.137787248844866,56.93078794190597,94
1024799,Stig Nesvik,7131339,Roger Mølmann,31,63,9.636527033627761,18.12877422712823,94
1024799,Stig Nesvik,1277819,Lasse Kåring,45,49,19.05770051458016,19.894269952967036,94
1006333,Kent Hansen,26005654,Jacob Sæther,42,51,31.33428771182634,38.23048893845244,93
1510340,Andris Viksnins,3428055,Rune Fevang,50,42,11.68817384908742,11.189704772948051,92
1013991,Ahad Rashid,1015952,Marius Farås,48,44,6.551247929320486,6.011211275306186,92
1024799,Stig Nesvik,1946517,Ivan Tadic,48,42,9.2100047733141,8.180839105202285,90
3428055,Rune Fevang,5493128,Per christian Slåtta,34,55,9.80285761889655,14.98286253601744,89
25875517,Christian Hedin,3185355,Ivar Lexi,52,36,43.86328897668847,30.811664194272073,88
1024799,Stig Nesvik,1093760,Mindaugas Jomantas,35,52,13.080212251956508,19.904627593334382,87
16144084,Truls Bakken,16476664,Øystein Følling,43,44,31.49283220749368,31.948359584772323,87
1024799,Stig Nesvik,3428055,Rune Fevang,49,37,13.317667453983935,9.739487876353717,86
1750663,Tore Mo,3428055,Rune Fevang,39,47,8.329420470526685,10.266855807037924,86
1006220,Erik Gårdelöf,1272012,Erol Dane Mula,54,31,40.643746851070574,22.8860076838926,85
2827292,Simen Jøndal,6691281,Andreas Wahr-Hansen,43,42,12.395026011198006,12.026795917683323,85
1024799,Stig Nesvik,1902521,Tom-Henrik Sandvik,58,27,12.778045755480735,6.366416057641209,85
1750663,Tore Mo,1902521,Tom-Henrik Sandvik,36,49,5.729236288044199,8.503607899226958,85
1024799,Stig Nesvik,1024806,Lars Nitteberg,44,41,5.967447534465097,5.507516929836193,85
5140422,Tomas Gryczon,5493128,Per christian Slåtta,39,44,12.452514508051275,13.666793059890303,83
1902521,Tom-Henrik Sandvik,2827292,Simen Jøndal,45,38,8.896193572631908,7.994146715073155,83
1750663,Tore Mo,4797871,Johannes Ulsund,44,39,9.928511715770094,9.167740599634401,83
5916966,Per Christian Slåtta,6839980,Daniel Lorentzen-Styr,45,37,9.797673125298584,8.055864569689941,82
1750663,Tore Mo,1751232,Øyvind Stenhaug,60,22,11.465089282891542,4.041483300425614,82
5493128,Per christian Slåtta,7131339,Roger Mølmann,30,50,9.271559035645891,15.603483733851846,80
1708121,Petter Olsen,1751232,Øyvind Stenhaug,47,33,8.464600164067962,5.951110793043511,80
1024799,Stig Nesvik,2052753,Morten Falk,38,42,7.997044085725619,8.825051448864892,80
17978686,Ibra Alkhader,25484464,Joaquin K. Yovine,58,21,44.28818322809053,15.960322134103459,79
1510340,Andris Viksnins,1750663,Tore Mo,37,42,8.421217319247258,10.058692074044085,79
26005654,Jacob Sæther,6600268,Kim Soo Garmark,32,46,28.087467488044787,39.49260733686229,78
10220035,Marius Lamby Solvang,1024799,Stig Nesvik,40,37,27.195738896761366,26.81175215436714,77
26005654,Jacob Sæther,3682319,Lasse Rognlien,53,24,41.74240364037149,18.272713174877687,77
1946517,Ivan Tadic,1969223,Ole Andreas Sandvik,37,40,6.4509918276247955,7.998303265957851,77
1006220,Erik Gårdelöf,1006431,Pål Daud Fillipsveen,43,33,36.62520403443026,27.435021510865308,76
1006333,Kent Hansen,1093760,Mindaugas Jomantas,43,33,27.458410502846565,19.719564757260617,76
3682319,Lasse Rognlien,5140422,Tomas Gryczon,40,36,28.34801702445653,26.54359240260267,76
1022496,Jozef Kwit,1093760,Mindaugas Jomantas,37,38,30.40637132694605,24.299508731148542,75
17978686,Ibra Alkhader,26005654,Jacob Sæther,51,24,41.95316765919555,19.569324116044566,75
7131339,Roger Mølmann,7959797,Pergantis Zalachas,44,31,15.084908349208868,10.50353979810323,75
1750663,Tore Mo,5140422,Tomas Gryczon,46,29,10.615447595791435,7.302767818904679,75
1708121,Petter Olsen,5140422,Tomas Gryczon,47,28,12.032120777831794,7.259441159925072,75
5140422,Tomas Gryczon,6839980,Daniel Lorentzen-Styr,31,43,10.120480339169832,11.831162050216696,74
5140422,Tomas Gryczon,7131339,Roger Mølmann,21,53,7.6721660419753785,18.660854901324964,74
1277819,Lasse Kåring,7131339,Roger Mølmann,33,41,11.313997897527242,18.0052404186081,74
1750663,Tore Mo,6839980,Daniel Lorentzen-Styr,33,41,8.944120868211137,11.475400181079596,74
2827292,Simen Jøndal,2947265,Bernjard David C Ruiz,31,43,6.424778021381634,8.515079104288759,74
2827292,Simen Jøndal,6839980,Daniel Lorentzen-Styr,25,48,6.073010998269477,11.671443740954967,73
1510340,Andris Viksnins,7959797,Pergantis Zalachas,45,27,19.82214671492306,10.44052436416479,72
17978686,Ibra Alkhader,6686119,Levi Pavdeja,42,30,34.67835529537682,24.170889180003975,72
1510340,Andris Viksnins,4797871,Johannes Ulsund,48,24,13.236928401070989,6.5079078638240135,72
1024799,Stig Nesvik,1969223,Ole Andreas Sandvik,41,31,9.299228482947536,6.9590798186533105,72
1006333,Kent Hansen,42921529,Joshua Turla Tuppal,33,38,26.69705028023499,29.90217674297527,71
1006214,Emil André Gangfløt,1006220,Erik Gårdelöf,46,25,26.176049127535972,13.658921461769884,71
1024799,Stig Nesvik,4797871,Johannes Ulsund,39,32,10.867795530115208,8.81713021723097,71
1708121,Petter Olsen,6691281,Andreas Wahr-Hansen,38,32,10.632666830853529,8.28455120867706,70
1024799,Stig Nesvik,1071778,Deleted Account,31,39,4.489026333215762,5.5022782322329356,70
1024799,Stig Nesvik,51736666,Yakup Aliz,22,47,17.509946089078664,37.86122772145564,69
1024799,Stig Nesvik,7719582,Astrid E. Pedersen,45,24,34.142426573564286,19.393206494051576,69
5140422,Tomas Gryczon,6691281,Andreas Wahr-Hansen,25,44,6.469052585607545,11.784107131016237,69
1006403,Niklas Engström-Øvretveit,1006431,Pål Daud Fillipsveen,26,42,18.70502183696487,30.445935953404717,68
1006549,Umar Hayat Ali,17978686,Ibra Alkhader,34,34,27.242184739082365,27.065494742921008,68
17978686,Ibra Alkhader,3682319,Lasse Rognlien,55,13,43.40110006017115,10.317756807877869,68
2194859,Eivind Yoo Yong Jae Johansen,2581136,Mona Søvold Sunde,29,38,19.667638911686282,23.072510808658105,67
1024799,Stig Nesvik,6600268,Kim Soo Garmark,20,47,14.72760613843915,33.71352394414089,67
1006360,Lars Harby,26005654,Jacob Sæther,44,23,34.94722129093481,20.148582980356966,67
1006333,Kent Hansen,17978686,Ibra Alkhader,16,51,12.218836770382143,39.28110532368634,67
1024799,Stig Nesvik,53204752,Julianne Myhren-heyerdahl,44,23,31.81152354125017,17.263170521001527,67
1751232,Øyvind Stenhaug,1902521,Tom-Henrik Sandvik,25,42,3.751464226166171,6.222098736098704,67
1006431,Pål Daud Fillipsveen,7131339,Roger Mølmann,41,25,28.56211357225189,17.41026930131261,66
1047734,Ole Kristian Rudshavn,6600268,Kim Soo Garmark,43,23,13.846300569803937,8.458207551727996,66
10220035,Marius Lamby Solvang,1510340,Andris Viksnins,34,32,13.464275351051134,12.495298325933453,66
24897019,Robert Hedin,6600268,Kim Soo Garmark,27,38,21.26194072116099,29.67460730768971,65
6600268,Kim Soo Garmark,6839980,Daniel Lorentzen-Styr,37,28,16.201447064507292,13.682265137254948,65
1902521,Tom-Henrik Sandvik,1969223,Ole Andreas Sandvik,38,27,6.729929281388079,5.085500849769566,65
1006163,Bjørn Bratteberg,43127857,Manabu Sekiguchi,31,33,28.387261653329105,29.957946301674077,64
53204752,Julianne Myhren-heyerdahl,54197755,Tom erik Lysenstøen,34,30,26.827184737326736,24.05024064721364,64
1022496,Jozef Kwit,26005654,Jacob Sæther,35,29,30.56528551842619,25.42495079020405,64
1946517,Ivan Tadic,2052753,Morten Falk,30,34,5.128111139345122,5.443389199248737,64
1750663,Tore Mo,1946517,Ivan Tadic,29,35,4.928188559848446,5.82280228158622,64
1006372,Marius Nørsterud,1093760,Mindaugas Jomantas,41,22,39.293404902587234,21.08426604529071,63
1006163,Bjørn Bratteberg,51736666,Yakup Aliz,29,33,26.9377811374003,30.708394116489334,62
26005654,Jacob Sæther,43127857,Manabu Sekiguchi,32,30,27.331757320886478,25.870833003610983,62
2827292,Simen Jøndal,3012666,Eirik Sandaaker,30,32,8.138204799108,9.133145308362257,62
1969223,Ole Andreas Sandvik,3595359,Øivind Bakken,31,31,6.496681216627528,6.672334125936263,62
1946517,Ivan Tadic,3595359,Øivind Bakken,30,32,6.527934126971605,6.9653102441541535,62
1015952,Marius Farås,1946517,Ivan Tadic,38,24,5.189419689236164,3.2880561302766633,62
1093760,Mindaugas Jomantas,7719582,Astrid E. Pedersen,44,17,37.00016968207186,14.478876841591942,61
10220035,Marius Lamby Solvang,17978686,Ibra Alkhader,19,42,16.643653633052857,37.08189162306317,61
1006431,Pål Daud Fillipsveen,17978686,Ibra Alkhader,28,33,23.418187140485863,26.882434715557647,61
1024799,Stig Nesvik,1279214,Daniel Axeborg,27,34,3.6874753868126557,4.651683668327145,61
26005654,Jacob Sæther,44184394,Per Arne Grotthing,29,31,25.562411762512355,26.254262205795744,60
1024806,Lars Nitteberg,1946517,Ivan Tadic,22,38,3.0525538946072728,5.211249574316195,60
1510340,Andris Viksnins,2194859,Eivind Yoo Yong Jae Johansen,38,21,17.5617127119945,10.612168518565449,59
1006204,Egil Arne Sørensen,1272012,Erol Dane Mula,21,38,13.856941062472657,24.330843186798134,59
1006215,Emil Andreassen,1510340,Andris Viksnins,25,34,5.892383881327358,7.539709527308435,59
1277819,Lasse Kåring,1750663,Tore Mo,28,31,7.119375180312305,7.994654975914279,59
1006215,Emil Andreassen,1024799,Stig Nesvik,29,30,5.788697056409256,5.68253711856647,59
1006543,Trond Lid Cappelen,1902521,Tom-Henrik Sandvik,29,30,6.314056014081305,6.531782083532384,59
1708121,Petter Olsen,1902521,Tom-Henrik Sandvik,28,31,4.667175061740654,5.324023028275977,59
1751232,Øyvind Stenhaug,1969223,Ole Andreas Sandvik,19,40,3.3551552278465198,6.590051797971748,59
1279214,Daniel Axeborg,1946517,Ivan Tadic,35,24,4.83078768507402,3.3032218504239457,59
3185355,Ivar Lexi,3682319,Lasse Rognlien,36,22,28.813302546658385,17.867916460298726,58
1024799,Stig Nesvik,2252446,Tor Bugten,22,36,9.609813087197175,17.205283742803765,58
1024799,Stig Nesvik,6691281,Andreas Wahr-Hansen,34,24,9.62223055759186,6.74702452924232,58
2827292,Simen Jøndal,4797871,Johannes Ulsund,25,33,4.819900804937034,6.687380912180197,58
2576372,Fadil Mustafa,4742719,Adiil Lusjanii,33,25,5.834961142590594,4.420425108023175,58
1024806,Lars Nitteberg,1561576,Antonio Hagen,33,25,4.460418751578937,3.360121252071989,58
3185355,Ivar Lexi,6686119,Levi Pavdeja,26,31,19.647414459996995,23.926136290225454,57
42921529,Joshua Turla Tuppal,7719582,Astrid E. Pedersen,33,24,24.748314276952016,18.07053579110109,57
3428055,Rune Fevang,3595359,Øivind Bakken,24,33,5.239996636372161,7.187914586729722,57
1006163,Bjørn Bratteberg,26005654,Jacob Sæther,24,32,21.753796548874895,29.276644684402505,56
1006549,Umar Hayat Ali,44184394,Per Arne Grotthing,40,16,36.93743151402369,14.28271388655633,56
1006220,Erik Gårdelöf,3185355,Ivar Lexi,40,16,32.28409350731103,12.727936188842483,56
1006184,Christian Johannessen,6600268,Kim Soo Garmark,32,24,12.72740218667874,9.093437090896721,56
1024799,Stig Nesvik,8498578,Riaz Ali,18,38,11.25979424327596,24.1078026607493,56
16476664,Øystein Følling,51736666,Yakup Aliz,19,37,13.241549875077277,25.883344306734,56
17978686,Ibra Alkhader,53204752,Julianne Myhren-heyerdahl,50,5,40.85509447664677,4.22275740074305,55
1006220,Erik Gårdelöf,1006360,Lars Harby,38,17,20.969594661129026,10.659728857623486,55
1298131,Jack Nordby,5140422,Tomas Gryczon,36,19,26.857264949588757,14.950834831729045,55
1061867,Stig Ringebo,1272012,Erol Dane Mula,23,32,14.515177433379034,23.261219088001525,55
1510340,Andris Viksnins,2052753,Morten Falk,26,29,5.646574918506732,6.294985497786192,55
1015952,Marius Farås,1279214,Daniel Axeborg,16,39,2.1786136842385346,5.332500444651689,55
1298131,Jack Nordby,1510340,Andris Viksnins,34,20,19.478637391786588,12.124234566008026,54
43127857,Manabu Sekiguchi,51736666,Yakup Aliz,26,28,23.043532177576687,24.871645901953737,54
1006220,Erik Gårdelöf,54197755,Tom erik Lysenstøen,44,9,36.64250141179697,7.643012860866913,53
1024805,Audun Bjerve,3185355,Ivar Lexi,27,26,23.236987466144285,21.963952484405393,53
1042070,Henrik Olsson,17978686,Ibra Alkhader,27,26,20.82039656432163,20.00022838248007,53
1006220,Erik Gårdelöf,1047734,Ole Kristian Rudshavn,15,38,4.321243271472636,11.169585575945261,53
1081697,Giena Tanilon,6839980,Daniel Lorentzen-Styr,25,28,6.28613680086274,7.045394566487377,53
1902521,Tom-Henrik Sandvik,2947265,Bernjard David C Ruiz,28,25,4.806629491816514,4.291472606771361,53
11218942,Stein Amundsen,43127857,Manabu Sekiguchi,29,23,28.41729440233302,22.406739905738455,52
25743094,Mohamed Salkiny,6600268,Kim Soo Garmark,23,29,20.686163173983942,25.73409583927861,52
1272012,Erol Dane Mula,24897019,Robert Hedin,29,23,21.964075995945844,16.334254059273732,52
1006220,Erik Gårdelöf,6686119,Levi Pavdeja,29,23,21.066423016344665,17.39732720355271,52
51736666,Yakup Aliz,7719582,Astrid E. Pedersen,26,26,18.582958315518148,18.590126612056295,52
1298131,Jack Nordby,16144084,Truls Bakken,32,20,22.884567089631222,14.302854431019513,52
1510340,Andris Viksnins,2827292,Simen Jøndal,32,20,8.237516976393092,5.5895922982303725,52
4797871,Johannes Ulsund,6839980,Daniel Lorentzen-Styr,16,36,4.035046150376661,9.072491773417605,52
1006458,Roger Rasmussen,51736666,Yakup Aliz,34,17,31.81501939579404,15.90750969789702,51
1006220,Erik Gårdelöf,1006513,Thomas Fjæran,24,27,20.171342681854515,22.652582945238336,51
1006204,Egil Arne Sørensen,1006214,Emil André Gangfløt,15,36,11.810984619806106,27.41241160487261,51
10220035,Marius Lamby Solvang,7959797,Pergantis Zalachas,28,23,10.417479970932899,9.283059123365982,51
1093760,Mindaugas Jomantas,25484464,Joaquin K. Yovine,25,26,17.379186117943306,18.15528171509576,51
1093760,Mindaugas Jomantas,16144084,Truls Bakken,27,24,16.249880053414017,14.696817341119171,51
2660053,Morten Bjellås,6839980,Daniel Lorentzen-Styr,18,33,4.081155948758622,8.584800197063762,51
1510340,Andris Viksnins,6691281,Andreas Wahr-Hansen,28,23,8.978579496300423,7.188691503731889,51
1393993,Ronny Sørlie,1510340,Andris Viksnins,27,24,5.8709588167977325,5.213958079253787,51
1006208,Eirik Riisnæs,1033026,Robin Hagerup Ertesvåg,24,27,3.104213610315316,3.6844916412122397,51
54197755,Tom erik Lysenstøen,63113578,Håkon Kristiansen,24,26,20.84795306021752,22.504588805278363,50
26005654,Jacob Sæther,26143903,Katrine Sætereng,32,18,28.462759032540788,15.733163172451214,50
1006373,Mark McGauley,1006458,Roger Rasmussen,25,25,14.550376056492102,15.35428701631595,50
17978686,Ibra Alkhader,51736666,Yakup Aliz,31,19,26.816108900174925,17.020276756689633,50
17978686,Ibra Alkhader,54197755,Tom erik Lysenstøen,41,9,33.64906788977301,7.528449696153459,50
1006333,Kent Hansen,26143903,Katrine Sætereng,29,21,22.134553410396858,17.292024523246436,50
1006333,Kent Hansen,30080695,Marek Zagrobelny,29,21,21.95979288744196,15.852989599259152,50
1298131,Jack Nordby,16476664,Øystein Følling,20,30,13.978327830272022,20.156175243539312,50
4935966,Trond N. Larsen,6691281,Andreas Wahr-Hansen,36,14,25.070787793890172,9.749750808735064,50
1750663,Tore Mo,1969223,Ole Andreas Sandvik,28,22,5.369768377086439,4.1971238341549055,50
1006178,Carl Kolrud,1024799,Stig Nesvik,26,24,4.596596541506702,4.461167486833193,50
1393993,Ronny Sørlie,2052753,Morten Falk,21,29,4.574179975281257,6.317921047698478,50
1969223,Ole Andreas Sandvik,2947265,Bernjard David C Ruiz,23,27,4.005109620307105,4.636633970188671,50
1960202,Ola Magnus Johnsen,6600268,Kim Soo Garmark,20,29,15.020302612849656,21.05697855126012,49
1006163,Bjørn Bratteberg,1022496,Jozef Kwit,20,29,16.484375678817525,23.118897782928126,49
1024799,Stig Nesvik,1272012,Erol Dane Mula,3,46,1.7249863634805707,23.612501470464608,49
1006333,Kent Hansen,51736666,Yakup Aliz,16,33,14.196020029898676,27.614999950900835,49
1298131,Jack Nordby,3212629,Rolf G. Sedsbøe Jensen,12,37,8.581712658611709,26.4602806973861,49
5140422,Tomas Gryczon,7959797,Pergantis Zalachas,23,26,7.862158695370732,9.489137292843322,49
1298131,Jack Nordby,4797871,Johannes Ulsund,33,16,8.27994454680352,4.027196699790376,49
1751232,Øyvind Stenhaug,2792002,Shaq Bajrami,19,30,3.3665992247425374,5.351316271533038,49
2194859,Eivind Yoo Yong Jae Johansen,72868804,Sander Naas-Mælen,28,20,26.906414679919365,19.311303103908458,48
1006220,Erik Gårdelöf,26005654,Jacob Sæther,34,14,29.141066823526394,11.164518892083008,48
26143903,Katrine Sætereng,51736666,Yakup Aliz,23,25,20.57055217429465,22.069620515839368,48
17978686,Ibra Alkhader,44184394,Per Arne Grotthing,34,14,27.971383081154283,10.998524290100947,48
26005654,Jacob Sæther,3185355,Ivar Lexi,36,12,28.73378423636206,9.283717434300852,48
1006163,Bjørn Bratteberg,1510340,Andris Viksnins,30,18,11.936676221007762,6.42855732536494,48
1024799,Stig Nesvik,7959797,Pergantis Zalachas,27,21,15.389486914169828,15.00299226574839,48
17978686,Ibra Alkhader,5140422,Tomas Gryczon,37,11,29.93936323421245,9.324717837542872,48
7719582,Astrid E. Pedersen,7959797,Pergantis Zalachas,19,29,12.372664437204449,17.531035148425303,48
17978686,Ibra Alkhader,42921529,Joshua Turla Tuppal,38,10,30.52966371053,8.220628128920735,48
1277819,Lasse Kåring,6691281,Andreas Wahr-Hansen,42,6,26.157369817965193,2.684420416000012,48
2639057,Ivan Blomqvist,6600268,Kim Soo Garmark,24,24,6.2858765638541,6.39714999907797,48
3012666,Eirik Sandaaker,5140422,Tomas Gryczon,34,14,9.073996611805416,3.712033104777567,48
1708121,Petter Olsen,5493128,Per christian Slåtta,26,22,7.530059711261417,6.595339593975507,48
4797871,Johannes Ulsund,7121356,Roger Mølmann,25,23,6.299437745514386,5.795482725873236,48
1298131,Jack Nordby,5493128,Per christian Slåtta,29,19,7.29846087011902,4.780907500582685,48
2194859,Eivind Yoo Yong Jae Johansen,53204752,Julianne Myhren-heyerdahl,27,20,25.918904180081135,18.764256044608516,47
1006204,Egil Arne Sørensen,26005654,Jacob Sæther,29,18,22.519466548665996,14.795351402151075,47
1006345,Kjetil Aasane Fredriksen,14638297,Joakim Langkås,23,24,19.81971641189863,20.68144321241596,47
1093760,Mindaugas Jomantas,1272012,Erol Dane Mula,22,25,7.42440347691927,9.961898554134352,47
2581136,Mona Søvold Sunde,33729541,Eivind Yoo Yong Jae Johansen,23,24,18.312969935190754,18.74777925477947,47
1006360,Lars Harby,25743094,Mohamed Salkiny,22,25,17.302646660724896,20.004720774168316,47
1006403,Niklas Engström-Øvretveit,53204752,Julianne Myhren-heyerdahl,42,5,29.423591723201753,3.5256386845116596,47
1006333,Kent Hansen,6691281,Andreas Wahr-Hansen,22,25,9.646503261435294,10.854304262674342,47
1006403,Niklas Engström-Øvretveit,4935966,Trond N. Larsen,26,21,18.106680073365116,14.62462621310259,47
6691281,Andreas Wahr-Hansen,6839980,Daniel Lorentzen-Styr,10,37,2.5713859170905065,10.379341880016296,47
1006171,Bjørnar Davidsen,7121356,Roger Mølmann,18,29,4.424221150669993,7.158849083329533,47
1750663,Tore Mo,5916966,Per Christian Slåtta,20,27,4.289082314182375,5.85242824524346,47
3682319,Lasse Rognlien,43127857,Manabu Sekiguchi,18,28,16.067871900411546,24.713786530741668,46
1006220,Erik Gårdelöf,3682319,Lasse Rognlien,37,9,28.730568456349936,7.076441792980443,46
1006220,Erik Gårdelöf,10220035,Marius Lamby Solvang,31,15,24.946110375154504,11.593423155774172,46
1024799,Stig Nesvik,33729541,Eivind Yoo Yong Jae Johansen,35,11,27.977008861671905,9.029296897460659,46
1006431,Pål Daud Fillipsveen,53204752,Julianne Myhren-heyerdahl,40,6,28.363643505200017,4.178464632315028,46
1006204,Egil Arne Sørensen,6839980,Daniel Lorentzen-Styr,17,29,11.589496553629054,18.79679259099312,46
4935966,Trond N. Larsen,7131339,Roger Mølmann,18,28,12.535393896945079,19.499501617470127,46
1708121,Petter Olsen,7131339,Roger Mølmann,10,36,3.1389212642568016,11.31458105769174,46
1024799,Stig Nesvik,1359835,Per Hagen,18,28,2.8597918158276983,4.665010967978215,46
1030563,Alexander Baranji,1093760,Mindaugas Jomantas,22,23,15.683652200463326,18.46707138268504,45
17978686,Ibra Alkhader,6600268,Kim Soo Garmark,20,25,16.797345227088318,19.517044036681213,45
1960202,Ola Magnus Johnsen,7153377,Henning Ingvorsen,23,22,16.767462108920142,16.414444358899225,45
1006214,Emil André Gangfløt,17978686,Ibra Alkhader,24,21,19.365939184362997,17.04634434953388,45
1510340,Andris Viksnins,2581136,Mona Søvold Sunde,32,13,17.671313984745705,5.6599212742354155,45
26005654,Jacob Sæther,5140422,Tomas Gryczon,31,14,22.496170175924703,9.917071521557306,45
1042070,Henrik Olsson,1272012,Erol Dane Mula,30,15,11.291562536958478,3.7408633373208025,45
1006403,Niklas Engström-Øvretveit,7719582,Astrid E. Pedersen,30,15,21.045280270536637,10.507344424372167,45
1006360,Lars Harby,1123060,"Paweł ""Mumrikken"" Zalewski",23,22,12.85032152250153,12.882515423625735,45
1393993,Ronny Sørlie,3595359,Øivind Bakken,25,20,5.443151736276987,4.348762205383455,45
1359835,Per Hagen,1946517,Ivan Tadic,27,18,4.332778497516413,2.8741554070859867,45
1006549,Umar Hayat Ali,1960202,Ola Magnus Johnsen,20,24,19.39315964228014,23.128575207140468,44
1006431,Pål Daud Fillipsveen,1960202,Ola Magnus Johnsen,23,21,19.795410863612286,18.69577518263037,44
1006549,Umar Hayat Ali,1093760,Mindaugas Jomantas,28,16,19.99613786277959,9.27761928459361,44
1960202,Ola Magnus Johnsen,6839980,Daniel Lorentzen-Styr,23,21,16.34170094441777,14.135301874169858,44
1024799,Stig Nesvik,2194859,Eivind Yoo Yong Jae Johansen,26,18,18.448846889312154,11.127449944973284,44
1006292,Jan Thomassen,1093760,Mindaugas Jomantas,21,23,13.30429566988778,16.53854790080054,44
1006220,Erik Gårdelöf,1298131,Jack Nordby,28,16,23.674462094798468,13.117250630391586,44
1006360,Lars Harby,1272012,Erol Dane Mula,22,22,14.551422965235602,11.042102753182894,44
16476664,Øystein Følling,7131339,Roger Mølmann,22,22,7.224953267698988,6.9949959948095914,44
10220035,Marius Lamby Solvang,5140422,Tomas Gryczon,26,18,8.995138630598337,6.14427482640517,44
5493128,Per christian Slåtta,6691281,Andreas Wahr-Hansen,18,26,5.5283856715358795,7.970109992802957,44
1708121,Petter Olsen,2660053,Morten Bjellås,26,18,5.613142689256349,3.9171495222400528,44
26143903,Katrine Sætereng,43127857,Manabu Sekiguchi,24,19,22.05633534995885,17.33367853026519,43
6686119,Levi Pavdeja,6839980,Daniel Lorentzen-Styr,24,19,13.763593582253623,11.007475221736227,43
1093760,Mindaugas Jomantas,1123060,"Paweł ""Mumrikken"" Zalewski",18,25,16.226478323832982,21.75064606591917,43
1093760,Mindaugas Jomantas,6600268,Kim Soo Garmark,13,30,11.509189240228276,26.544792102246547,43
43127857,Manabu Sekiguchi,5140422,Tomas Gryczon,29,14,24.91812361493983,12.06061128164001,43
1006184,Christian Johannessen,1272012,Erol Dane Mula,32,11,11.787343678140475,3.1418557821939546,43
17978686,Ibra Alkhader,24897019,Robert Hedin,20,23,15.038398349404329,17.748823982877084,43
17978686,Ibra Alkhader,6839980,Daniel Lorentzen-Styr,28,15,21.40435918546681,11.398727722616021,43
3428055,Rune Fevang,4797871,Johannes Ulsund,16,27,3.504441794446395,5.745674599807012,43
2052753,Morten Falk,3595359,Øivind Bakken,25,18,5.443151736276987,3.9190692501194313,43
1006220,Erik Gårdelöf,1022496,Jozef Kwit,25,17,22.76491918762132,16.147457748665296,42
26005654,Jacob Sæther,42921529,Joshua Turla Tuppal,27,15,24.958164229777722,13.624928631240287,42
1006163,Bjørn Bratteberg,3185355,Ivar Lexi,24,18,22.035926115693414,16.873405636652723,42
26143903,Katrine Sætereng,6839980,Daniel Lorentzen-Styr,12,30,11.465626045640503,28.664065114101273,42
10220035,Marius Lamby Solvang,8498578,Riaz Ali,23,19,17.92585902254689,14.821630885417227,42
1006360,Lars Harby,1006431,Pål Daud Fillipsveen,25,17,21.01084071118064,14.324436289849244,42
1006220,Erik Gårdelöf,1042070,Henrik Olsson,17,25,10.629625684079437,16.38430161184229,42
4797871,Johannes Ulsund,5493128,Per christian Slåtta,26,16,7.32849609586991,4.119057116847005,42
1006333,Kent Hansen,1015461,Nils Arild Sabbasen,20,22,4.032520215605775,3.6662958589488532,42
1081697,Giena Tanilon,1277819,Lasse Kåring,22,20,5.5457417455336815,5.044023255373552,42
1006215,Emil Andreassen,2827292,Simen Jøndal,25,17,5.009586052620659,3.851921334935684,42
1024799,Stig Nesvik,54197755,Tom erik Lysenstøen,24,17,20.62609461236816,15.13210205439191,41
3185355,Ivar Lexi,51736666,Yakup Aliz,17,24,14.43373458811102,19.822996017950103,41
1024799,Stig Nesvik,1027114,Jeremiah Torres,15,26,8.59162273014704,12.249229926026258,41
1006220,Erik Gårdelöf,24897019,Robert Hedin,30,11,22.45864962838696,8.292536309047286,41
1006431,Pål Daud Fillipsveen,7719582,Astrid E. Pedersen,30,11,21.321436103377355,7.660518492577552,41
1006431,Pål Daud Fillipsveen,1024799,Stig Nesvik,16,25,11.365116773152085,17.496970800340215,41
2298416,Terje Kristoffersen,6686119,Levi Pavdeja,17,24,12.29685895872582,17.048821939759538,41
3212629,Rolf G. Sedsbøe Jensen,51736666,Yakup Aliz,17,24,12.157426266366587,17.163425317223417,41
1006333,Kent Hansen,1750663,Tore Mo,22,19,5.770695591846782,4.732539586470491,41
1006124,Albert-Roman Borrie Stensrød,1006220,Erik Gårdelöf,19,22,5.954427492990996,7.11168287000762,41
1006163,Bjørn Bratteberg,2827292,Simen Jøndal,31,10,7.633781617626428,2.456510785240802,41
1997987,Sven Høgdahl,2827292,Simen Jøndal,23,18,4.109048471018611,3.204655322624482,41
1751232,Øyvind Stenhaug,1969238,Audun Brede,13,28,1.9561173492130575,4.1754487572839905,41
1006184,Christian Johannessen,1946517,Ivan Tadic,20,21,3.177546462030776,3.3364237851323146,41
1969238,Audun Brede,2052753,Morten Falk,16,25,2.1810946747704705,3.407810707343161,41
1279214,Daniel Axeborg,1561576,Antonio Hagen,30,11,4.084900657947252,1.4977969079139926,41
1123060,"Paweł ""Mumrikken"" Zalewski",26143903,Katrine Sætereng,27,13,20.65984734530434,10.606960675214726,40
1272012,Erol Dane Mula,3185355,Ivar Lexi,20,20,15.782480192245249,16.114544270271512,40
1006220,Erik Gårdelöf,1960202,Ola Magnus Johnsen,28,12,23.598787506285472,9.6315734373702,40
1006333,Kent Hansen,1024805,Audun Bjerve,19,21,16.39499504632351,18.249271730334865,40
1024805,Audun Bjerve,3682319,Lasse Rognlien,29,11,25.086094856477587,9.63059480645478,40
1006292,Jan Thomassen,6600268,Kim Soo Garmark,9,31,7.221991648781301,26.237967389423428,40
1022496,Jozef Kwit,5140422,Tomas Gryczon,29,11,22.31317225038035,9.15383814271491,40
1022496,Jozef Kwit,3682319,Lasse Rognlien,32,8,26.13446172656332,6.421944218501008,40
1042070,Henrik Olsson,6600268,Kim Soo Garmark,22,18,9.249848686564512,9.835469900232289,40
1006333,Kent Hansen,1272012,Erol Dane Mula,22,18,11.665449876877135,7.507320099390364,40
1277819,Lasse Kåring,4935966,Trond N. Larsen,2,38,1.3928215441050091,26.463609337995184,40
1006543,Trond Lid Cappelen,3428055,Rune Fevang,15,25,3.265891041766193,5.443151736276987,40
1751232,Øyvind Stenhaug,3595359,Øivind Bakken,23,17,4.111797233151284,2.999112941192688,40
1708121,Petter Olsen,1969223,Ole Andreas Sandvik,17,23,3.142503086065249,4.277400337873995,40
1997987,Sven Høgdahl,2251353,Mentor Nuredini,18,22,3.019682411222419,3.778128372595072,40
1006163,Bjørn Bratteberg,1272012,Erol Dane Mula,14,25,5.7926564478624645,13.050994798270127,39
1024799,Stig Nesvik,26143903,Katrine Sætereng,18,21,14.893384401044163,17.6772194916664,39
62353570,Hallvard Olaussen,63113578,Håkon Kristiansen,23,16,20.214145204209487,13.695371395465866,39
17978686,Ibra Alkhader,25875517,Christian Hedin,30,9,24.315177431738288,7.253066694856042,39
1006204,Egil Arne Sørensen,6686119,Levi Pavdeja,20,19,15.839292177654135,15.477207445664984,39
1006204,Egil Arne Sørensen,5140422,Tomas Gryczon,24,15,17.219959367544256,11.317343966538163,39
1277819,Lasse Kåring,2252446,Tor Bugten,25,14,11.902047718685237,7.073585026296683,39
1902521,Tom-Henrik Sandvik,2053323,Ib Christiansen,16,23,2.6221180527732963,4.337327287582631,39
3428055,Rune Fevang,6839980,Daniel Lorentzen-Styr,15,24,3.966470538308908,6.136805028742999,39
1075717,Bjørn Erik Øverland,1510340,Andris Viksnins,24,15,4.52162041525074,2.9996751404129403,39
1047734,Ole Kristian Rudshavn,1359835,Per Hagen,19,20,3.1431587702462767,3.1628849921347113,39
2251353,Mentor Nuredini,2827292,Simen Jøndal,24,15,3.9966943903433583,2.5053307656482664,39
1006215,Emil Andreassen,4742719,Adiil Lusjanii,19,20,3.3737910716017763,3.5363400864185395,39
1708121,Petter Olsen,4734030,Ronny,16,23,2.7917380516724455,4.008508093573893,39
1902521,Tom-Henrik Sandvik,3632537,Dennis Nilsen,17,22,2.8757185494350543,3.721518122798305,39
1006184,Christian Johannessen,1015461,Nils Arild Sabbasen,18,21,2.8597918158276983,3.3364237851323146,39
1016894,Tommy Andersen,1024799,Stig Nesvik,17,22,2.2206563479384616,2.9067692542934704,39
1006373,Mark McGauley,1006549,Umar Hayat Ali,15,23,5.859813657045466,7.298114470158379,38
1093760,Mindaugas Jomantas,71956222,Raymond Mælen,33,5,31.474505557835716,4.781752412650289,38
1272012,Erol Dane Mula,1960202,Ola Magnus Johnsen,21,17,18.646014968189352,14.030433035854248,38
1093760,Mindaugas Jomantas,26005654,Jacob Sæther,25,13,20.218231156225457,11.771948767457921,38
20124274,Paolo Speciale,51736666,Yakup Aliz,22,16,16.92022047222657,12.158002058047664,38
1006220,Erik Gårdelöf,1006333,Kent Hansen,23,15,14.156339949021715,9.798930026164719,38
1024799,Stig Nesvik,17978686,Ibra Alkhader,12,26,8.128398741094346,20.161935282302082,38
1006360,Lars Harby,6839980,Daniel Lorentzen-Styr,23,15,10.39477885786146,7.175591032608581,38
1024799,Stig Nesvik,2660053,Morten Bjellås,23,15,5.993343740676556,4.198677086059065,38
1024799,Stig Nesvik,1081697,Giena Tanilon,24,14,6.051933294655853,3.5276851374880587,38
1393993,Ronny Sørlie,1902521,Tom-Henrik Sandvik,25,13,5.443151736276987,2.830438902864034,38
1750663,Tore Mo,1969238,Audun Brede,19,19,2.724913875311266,2.838383197314499,38
2052753,Morten Falk,2167690,Iselin Masternes,23,15,3.197095939307127,2.0858317424395874,38
1006549,Umar Hayat Ali,1272012,Erol Dane Mula,21,16,8.89636477574884,8.08052950928074,37
1006431,Pål Daud Fillipsveen,1123060,"Paweł ""Mumrikken"" Zalewski",16,21,12.670874613617904,17.16449763389297,37
1123060,"Paweł ""Mumrikken"" Zalewski",1960202,Ola Magnus Johnsen,18,19,14.60735461886304,15.045586640270766,37
10220035,Marius Lamby Solvang,71956222,Raymond Mælen,25,12,24.001915444057463,11.514682822234269,37
1024799,Stig Nesvik,3185355,Ivar Lexi,17,20,11.5232591904354,14.676039914651247,37
1006163,Bjørn Bratteberg,17978686,Ibra Alkhader,17,20,15.336899906070633,18.527282529870625,37
1095179,Ernesto Antonio Meléndez,17978686,Ibra Alkhader,6,31,4.999678668867573,25.06394948025868,37
1006292,Jan Thomassen,1272012,Erol Dane Mula,17,20,13.775117652821177,15.359421022037122,37
13295035,Jan Olav Johnsen,2298416,Terje Kristoffersen,18,19,15.51108240931197,16.372809209829303,37
1006204,Egil Arne Sørensen,6600268,Kim Soo Garmark,13,24,8.977765933786875,15.555838091716943,37
1750663,Tore Mo,2053323,Ib Christiansen,13,24,2.1638588089547763,4.7228374835659634,37
1015461,Nils Arild Sabbasen,5140422,Tomas Gryczon,23,14,7.590138246741563,4.629852433537674,37
2947262,Christian Lothar Ruiz,2947265,Bernjard David C Ruiz,15,22,4.7940905643311,6.766754625779649,37
1081697,Giena Tanilon,7121356,Roger Mølmann,20,17,5.03955019641151,4.283617666949785,37
1006333,Kent Hansen,1359835,Per Hagen,22,15,3.5454044782608847,2.4833665865771444,37
2792002,Shaq Bajrami,4734030,Ronny,20,17,3.489672564590557,2.9662216799019734,37
1024799,Stig Nesvik,1123060,"Paweł ""Mumrikken"" Zalewski",10,26,8.182474643838075,22.099102072707332,36
1024805,Audun Bjerve,6686119,Levi Pavdeja,17,19,13.796271861618106,15.241362601997494,36
3682319,Lasse Rognlien,42921529,Joshua Turla Tuppal,16,20,12.535401290775987,15.581639622573505,36
1006220,Erik Gårdelöf,1027114,Jeremiah Torres,23,13,19.143715818594256,11.113241851493733,36
1006333,Kent Hansen,1006360,Lars Harby,14,22,7.636850466341597,13.938098924751834,36
1006333,Kent Hansen,1022496,Jozef Kwit,18,18,7.115341278369768,7.966883934023527,36
7959797,Pergantis Zalachas,8498578,Riaz Ali,15,21,7.2743227792717455,9.371516768237445,36
57799534,Iris Marie Evdahl,7719582,Astrid E. Pedersen,12,24,9.10510552871283,18.210211057425667,36
1006457,Roger Lysholm,6600268,Kim Soo Garmark,17,19,12.822210335528172,14.328447646700987,36
5140422,Tomas Gryczon,6181993,Kim Bjørnstad,11,25,3.7723679196277957,8.772968143909491,36
16476664,Øystein Følling,2827292,Simen Jøndal,25,11,7.418685309168832,3.3994024167346657,36
1277819,Lasse Kåring,5493128,Per christian Slåtta,25,11,7.155394935774599,3.1383521896483333,36
5493128,Per christian Slåtta,6839980,Daniel Lorentzen-Styr,13,23,3.509897124924758,6.284984959354913,36
1006333,Kent Hansen,2827292,Simen Jøndal,22,14,4.912213111475728,3.2690120367800883,36
1751232,Øyvind Stenhaug,2251360,Joakim Elfstrøm,16,20,3.4749974062253925,4.35452138902159,36
1006292,Jan Thomassen,26005654,Jacob Sæther,22,13,20.37951793553505,11.96018388228903,35
1030563,Alexander Baranji,71956222,Raymond Mælen,20,15,18.877394491296418,14.148660645415415,35
17978686,Ibra Alkhader,43127857,Manabu Sekiguchi,26,9,21.685949610304718,7.364905247037816,35
1298131,Jack Nordby,42921529,Joshua Turla Tuppal,19,16,15.343151443375016,12.254811019000353,35
1006333,Kent Hansen,44184394,Per Arne Grotthing,15,20,11.4752044555865,15.927007651884628,35
1006220,Erik Gårdelöf,25743094,Mohamed Salkiny,26,9,20.629102466118127,7.224893529777164,35
1566758,Tor-Arne Slorafoss,6600268,Kim Soo Garmark,13,22,9.699886909595765,16.178304123408953,35
1024799,Stig Nesvik,57799534,Iris Marie Evdahl,26,9,19.625849944288326,6.791255309533629,35
2581136,Mona Søvold Sunde,53204752,Julianne Myhren-heyerdahl,10,25,7.280944991416593,18.7480371285778,35
2194859,Eivind Yoo Yong Jae Johansen,7719582,Astrid E. Pedersen,17,18,8.04831624391723,8.596105963974566,35
1006298,Jarek (Barracuda) Kapuściński,13295035,Jan Olav Johnsen,15,20,9.86173623728648,13.148981649715308,35
2194859,Eivind Yoo Yong Jae Johansen,5140422,Tomas Gryczon,12,23,3.987470805267896,7.838985642558273,35
2947265,Bernjard David C Ruiz,7719582,Astrid E. Pedersen,20,15,6.666980176473888,5.037982255271134,35
16476664,Øystein Følling,1708121,Petter Olsen,17,18,4.946710397857789,5.5268482666540555,35
1006332,Kent Halldin,1047734,Ole Kristian Rudshavn,14,21,4.311014175454995,6.466521263182493,35
1072290,Fedor Gorst,1097814,Mika Immonen,19,16,3.712643728911935,3.126357128283738,35
1015461,Nils Arild Sabbasen,1946517,Ivan Tadic,14,21,2.224282523421543,3.3364237851323146,35
1015461,Nils Arild Sabbasen,1359835,Per Hagen,14,21,2.224282523421543,3.3364237851323146,35
1670605,Bernadette Bodó,2167690,Iselin Masternes,19,16,2.6433539021480863,2.224449957261178,35
1960202,Ola Magnus Johnsen,51736666,Yakup Aliz,16,18,14.470854407057733,15.29133371624658,34
2194859,Eivind Yoo Yong Jae Johansen,80088046,Kim Rui,15,19,14.427615448212064,18.198561037932272,34
14638297,Joakim Langkås,26005654,Jacob Sæther,18,16,15.616620299432915,13.352932435379094,34
3185355,Ivar Lexi,43127857,Manabu Sekiguchi,18,16,16.294129033389094,14.472390725868634,34
1061867,Stig Ringebo,17978686,Ibra Alkhader,9,25,7.610918517471244,21.465847971091073,34
3682319,Lasse Rognlien,54197755,Tom erik Lysenstøen,28,6,22.92986915646697,4.745345991892794,34
1061867,Stig Ringebo,3185355,Ivar Lexi,22,12,17.69937558794017,9.254805176515895,34
1006431,Pål Daud Fillipsveen,1093760,Mindaugas Jomantas,18,16,13.787518266424257,12.57790570774522,34
1022496,Jozef Kwit,7719582,Astrid E. Pedersen,18,16,15.299215527390766,13.702882055508825,34
6600268,Kim Soo Garmark,6686119,Levi Pavdeja,21,13,11.662951623038465,8.807917601614912,34
1006204,Egil Arne Sørensen,53204752,Julianne Myhren-heyerdahl,25,9,19.887357965905395,7.118771739288203,34
26143903,Katrine Sætereng,7153377,Henning Ingvorsen,17,17,10.704622859757585,11.13529187261842,34
53204752,Julianne Myhren-heyerdahl,7719582,Astrid E. Pedersen,9,25,6.355540589584054,17.965717880623462,34
1006186,Christian Wikeby,1006333,Kent Hansen,14,20,7.587471257219153,10.798307169567035,34
51736666,Yakup Aliz,53204752,Julianne Myhren-heyerdahl,28,6,20.02399620342732,4.290856329305855,34
6691281,Andreas Wahr-Hansen,7131339,Roger Mølmann,13,21,4.618092366231836,10.816763607050989,34
1272012,Erol Dane Mula,6839980,Daniel Lorentzen-Styr,15,19,7.224627281637644,9.267109026893383,34
1006360,Lars Harby,1047734,Ole Kristian Rudshavn,9,25,3.2208770837527814,7.800016619437603,34
1277819,Lasse Kåring,20809939,Gary Zacaria,20,14,10.113927883281328,7.070582333878842,34
1006163,Bjørn Bratteberg,1277819,Lasse Kåring,17,17,5.4224874923243,5.084046345490895,34
2660053,Morten Bjellås,5140422,Tomas Gryczon,19,15,4.4461173065516215,3.494235133128198,34
1750663,Tore Mo,6691281,Andreas Wahr-Hansen,15,19,4.232185236033231,5.517840884779733,34
2251360,Joakim Elfstrøm,2827292,Simen Jøndal,14,20,3.0405199139337,4.35452138902159,34
1160318,Niels Feijen,2080111,Casper Cappe Matikainen,20,14,3.9080313923812,2.7355818013452087,34
2057268,Øyvind Stenhaug,2947265,Bernjard David C Ruiz,17,17,3.0107072150892207,3.005918591403339,34
1022965,Tommy Bakke,4742719,Adiil Lusjanii,15,19,2.642942149339876,3.3471058614655744,34
1751232,Øyvind Stenhaug,2251353,Mentor Nuredini,10,24,1.467597813290448,3.623862554084587,34
1670605,Bernadette Bodó,2052753,Morten Falk,9,25,1.2578442201385784,3.5058638412764065,34
1006513,Thomas Fjæran,1033026,Robin Hagerup Ertesvåg,16,18,2.1731079686571317,2.4447464647392736,34
1561935,Øystein Holm Krøvel,1612715,Kunta Kinte,18,16,2.3072893704211523,2.041099553136327,34
1006333,Kent Hansen,1006431,Pål Daud Fillipsveen,10,23,7.5784286845179,19.94230889799471,33
1006431,Pål Daud Fillipsveen,1272012,Erol Dane Mula,18,15,14.634410676720703,11.035818249105283,33
54197755,Tom erik Lysenstøen,7719582,Astrid E. Pedersen,8,25,7.365248755281915,22.54241352445611,33
16686499,Herman Aleksander Wium,26143903,Katrine Sætereng,16,17,14.652216596796492,15.056676356535371,33
1093760,Mindaugas Jomantas,1510340,Andris Viksnins,17,16,7.139205517636081,7.712755384009228,33
1272012,Erol Dane Mula,6686119,Levi Pavdeja,25,8,19.001753605726154,6.4041427507072015,33
1006186,Christian Wikeby,1024799,Stig Nesvik,16,17,10.742108472650814,11.49389225641791,33
1022496,Jozef Kwit,42921529,Joshua Turla Tuppal,15,18,12.80327831674001,15.438355656185404,33
1006513,Thomas Fjæran,6600268,Kim Soo Garmark,24,9,21.025415458988657,7.795215153767103,33
1006220,Erik Gårdelöf,1093760,Mindaugas Jomantas,19,14,9.869835436825523,7.641176001051055,33
1006204,Egil Arne Sørensen,24897019,Robert Hedin,17,16,13.753851791201605,12.773213434604923,33
1006403,Niklas Engström-Øvretveit,1024799,Stig Nesvik,15,18,10.833799635276081,13.310670005922107,33
1272012,Erol Dane Mula,26088853,Simeon Ivanov,14,19,10.974080935804386,14.893395555734527,33
1024799,Stig Nesvik,25484464,Joaquin K. Yovine,20,13,12.69609493655409,8.164808989168769,33
1006298,Jarek (Barracuda) Kapuściński,26005654,Jacob Sæther,11,22,7.818946443444352,15.637892886888702,33
1006333,Kent Hansen,8498578,Riaz Ali,21,12,12.605076326465506,7.194030648231323,33
1006360,Lars Harby,1024799,Stig Nesvik,24,9,10.108557474562616,3.9055645335575675,33
2053323,Ib Christiansen,2827292,Simen Jøndal,15,18,4.335667678056725,3.6471954222365564,33
1024799,Stig Nesvik,8217316,Ida Amundsen Holtet,24,9,7.649793187587409,2.8266147743305656,33
1006184,Christian Johannessen,2639057,Ivan Blomqvist,16,17,3.9608634894850216,4.208417457577836,33
1750663,Tore Mo,3595359,Øivind Bakken,15,18,2.6869564425135573,3.380048670362665,33
1006171,Bjørnar Davidsen,1510340,Andris Viksnins,18,15,2.864621610802798,2.2634274051346392,33
3081704,Sundar K,3428055,Rune Fevang,15,18,2.7327592576005832,3.2339744971471327,33
2251353,Mentor Nuredini,4765825,Knut Holm,13,20,2.268287166983862,3.489672564590557,33
1969223,Ole Andreas Sandvik,2252446,Tor Bugten,15,18,2.484934482235294,2.9863296635384176,33
1033026,Robin Hagerup Ertesvåg,1047734,Ole Kristian Rudshavn,17,16,2.3574590249942573,2.368228273422455,33
1093760,Mindaugas Jomantas,1561935,Øystein Holm Krøvel,20,13,2.6032578746027046,1.6845530280986225,33
1006157,Asle M. Johansen,1016894,Tommy Andersen,15,18,1.9273316311971516,2.2918991778210827,33
3185355,Ivar Lexi,6600268,Kim Soo Garmark,9,23,7.589561874180946,19.846363794151603,32
12348586,Runar Leiren,20396602,Erik Sørensen,12,20,8.436378914919883,13.90284561983508,32
25875517,Christian Hedin,43127857,Manabu Sekiguchi,15,17,12.925890519930439,15.93923535762645,32
1123060,"Paweł ""Mumrikken"" Zalewski",26005654,Jacob Sæther,12,20,10.906889447368217,18.608558027479052,32
1022496,Jozef Kwit,72868804,Sander Naas-Mælen,23,9,21.809738392468237,8.53424545792235,32
1298131,Jack Nordby,17978686,Ibra Alkhader,7,25,5.823810459778231,21.028863844606875,32
1006431,Pål Daud Fillipsveen,26005654,Jacob Sæther,18,14,14.070256298551858,11.34322150832291,32
1006333,Kent Hansen,6600268,Kim Soo Garmark,6,26,1.638574751606605,12.165174201312478,32
1022496,Jozef Kwit,43127857,Manabu Sekiguchi,18,14,16.046179989221276,12.473817448805363,32
1006184,Christian Johannessen,1006220,Erik Gårdelöf,11,21,8.564044102063006,15.565514295090695,32
1006277,Ingolf Höns,6686119,Levi Pavdeja,15,17,12.637861655151273,14.322554523027542,32
16476664,Øystein Følling,17978686,Ibra Alkhader,8,24,6.241751394161021,19.08616292523607,32
1024799,Stig Nesvik,36990883,Anders Valde,14,18,9.146942340966874,12.22016192924251,32
1042070,Henrik Olsson,1960202,Ola Magnus Johnsen,18,14,12.391050640689837,10.163281199636135,32
25484464,Joaquin K. Yovine,7719582,Astrid E. Pedersen,20,12,15.225741107401065,9.162397965273188,32
25484464,Joaquin K. Yovine,30080695,Marek Zagrobelny,18,14,13.642522069787715,10.610850498723776,32
1006204,Egil Arne Sørensen,7153377,Henning Ingvorsen,18,14,13.398905370537532,10.380946979460688,32
1006333,Kent Hansen,1417853,Robin Hauge Pettersen,17,15,12.82542878657734,11.31287208904194,32
1277819,Lasse Kåring,2194859,Eivind Yoo Yong Jae Johansen,22,10,9.948330240105895,4.031515216782822,32
1510340,Andris Viksnins,1946517,Ivan Tadic,16,16,3.9616002768708736,3.30148954424229,32
16476664,Øystein Følling,3012666,Eirik Sandaaker,17,15,5.345275265831741,4.716419352204476,32
1708121,Petter Olsen,5916966,Per Christian Slåtta,12,20,2.576173914337677,4.35452138902159,32
1095734,William Viitanen,2126333,Senharip Azar,11,21,2.368011029110033,4.520748328300972,32
1006220,Erik Gårdelöf,2126333,Senharip Azar,11,21,2.368011029110033,4.520748328300972,32
1946517,Ivan Tadic,2827292,Simen Jøndal,19,13,3.4073308451660176,2.3097135714055774,32
1006513,Thomas Fjæran,2126333,Senharip Azar,14,18,1.90146947257499,2.4447464647392736,32
1024805,Audun Bjerve,26005654,Jacob Sæther,15,16,12.915095757869418,14.196391376394786,31
16144084,Truls Bakken,3682319,Lasse Rognlien,17,14,15.109053027736916,12.570463309899964,31
1006163,Bjørn Bratteberg,1006220,Erik Gårdelöf,12,19,10.223317853399886,16.075615869808743,31
2194859,Eivind Yoo Yong Jae Johansen,54197755,Tom erik Lysenstøen,13,18,12.038141014864204,16.391167901643175,31
1024799,Stig Nesvik,26005654,Jacob Sæther,7,24,5.190297552814936,18.996538708671043,31
71956222,Raymond Mælen,72868804,Sander Naas-Mælen,18,13,16.610966233302392,12.216150764733118,31
17419783,Ketil Blix,20396602,Erik Sørensen,8,23,4.961143239439784,15.231018175308456,31
1123060,"Paweł ""Mumrikken"" Zalewski",6839980,Daniel Lorentzen-Styr,14,17,12.217145557333101,14.684169622511773,31
1024805,Audun Bjerve,73722376,Seva Tkach,20,11,17.884924052569982,9.851577245407677,31
1024805,Audun Bjerve,25875517,Christian Hedin,15,16,12.894933113640914,13.498890841980952,31
1006333,Kent Hansen,1960202,Ola Magnus Johnsen,9,22,7.354176018902613,17.824720593843427,31
1123060,"Paweł ""Mumrikken"" Zalewski",6600268,Kim Soo Garmark,17,14,10.701588896194506,10.07480594226197,31
1006214,Emil André Gangfløt,1006360,Lars Harby,20,11,16.10960433881883,9.473094389746555,31
17978686,Ibra Alkhader,25743094,Mohamed Salkiny,17,14,13.513755940925044,11.455527157889433,31
1272012,Erol Dane Mula,3682319,Lasse Rognlien,21,10,14.922677782524715,6.603828135952073,31
1006431,Pål Daud Fillipsveen,1042070,Henrik Olsson,11,20,6.586890127961573,13.569262689436473,31
16636270,Stian Wium,53204752,Julianne Myhren-heyerdahl,17,14,12.826323162076585,10.562854368768951,31
1006135,Anas Khan,1006450,Robert Farinetti,14,17,10.562854368768951,12.826323162076585,31
20124274,Paolo Speciale,7719582,Astrid E. Pedersen,17,14,10.3776381346459,10.01199810171366,31
1006372,Marius Nørsterud,6600268,Kim Soo Garmark,12,19,3.6707829493618394,5.962625504512957,31
1277819,Lasse Kåring,2827292,Simen Jøndal,22,9,6.086599133803098,2.6169351610250318,31
1277819,Lasse Kåring,1708121,Petter Olsen,19,12,5.763141255616838,3.7355710233098236,31
1093760,Mindaugas Jomantas,1359835,Per Hagen,19,12,2.979252412256539,1.8971085650336663,31
2126333,Senharip Azar,6085717,Jyri Halttu,21,10,4.520748328300972,2.1527372991909393,31
2827292,Simen Jøndal,3428055,Rune Fevang,14,17,2.719111785324083,3.2688195622122613,31
1751232,Øyvind Stenhaug,4797871,Johannes Ulsund,12,19,2.1738905970936213,3.5182663658857636,31
2251353,Mentor Nuredini,2792002,Shaq Bajrami,10,21,1.778299352988395,3.675310549717791,31
2792002,Shaq Bajrami,4765825,Knut Holm,11,20,1.919319910524806,3.489672564590557,31
2251353,Mentor Nuredini,3119948,Huan Bao Ngo,14,17,2.2300444568773807,2.7048939310973465,31
1902521,Tom-Henrik Sandvik,1969238,Audun Brede,15,16,2.0001077486724768,2.1557570833962427,31
1006220,Erik Gårdelöf,51736666,Yakup Aliz,23,7,19.524539103650053,5.555375250890382,30
54197755,Tom erik Lysenstøen,62353570,Hallvard Olaussen,8,22,6.665167109294432,19.092872001610235,30
1006298,Jarek (Barracuda) Kapuściński,51736666,Yakup Aliz,7,23,6.109620800271269,20.712192005837977,30
43127857,Manabu Sekiguchi,44184394,Per Arne Grotthing,13,17,11.788411672187198,15.480255040916923,30
10220035,Marius Lamby Solvang,26005654,Jacob Sæther,10,20,8.851253713257824,16.217368272243114,30
1510340,Andris Viksnins,26005654,Jacob Sæther,13,17,9.33658797728885,13.646600149364392,30
26005654,Jacob Sæther,6691281,Andreas Wahr-Hansen,16,14,13.089363383332717,11.522012266796231,30
1006204,Egil Arne Sørensen,3212629,Rolf G. Sedsbøe Jensen,13,17,10.823782470937232,14.555118921977911,30
1022496,Jozef Kwit,16476664,Øystein Følling,21,9,17.299319927811347,7.452791831715635,30
1272012,Erol Dane Mula,12836296,Kochar Habib Mushir,14,16,10.562854368768951,12.071833564307374,30
2311288,David Larsson,6600268,Kim Soo Garmark,15,15,11.317343966538163,11.317343966538163,30
1006406,Nina Torvund,6600268,Kim Soo Garmark,15,15,9.22529580346802,9.885935166891803,30
1006333,Kent Hansen,1123060,"Paweł ""Mumrikken"" Zalewski",12,18,7.277756693398195,11.116902535103442,30
1750663,Tore Mo,2660053,Morten Bjellås,16,14,4.041322512768518,3.2400977664819464,30
1006124,Albert-Roman Borrie Stensrød,1268827,Bastian Andreassen,13,17,4.474990262805066,5.846563085512091,30
1022496,Jozef Kwit,1946517,Ivan Tadic,15,15,2.3725567987862033,2.4633891850393486,30
1997987,Sven Høgdahl,4765825,Knut Holm,10,20,1.744836282295278,3.489672564590557,30
3595359,Øivind Bakken,4734030,Ronny,9,21,1.5703526540657502,3.66109285380933,30
2251353,Mentor Nuredini,2252446,Tor Bugten,9,21,1.420402280609928,3.194138560461264,30
1024806,Lars Nitteberg,1510340,Andris Viksnins,14,16,1.8517130187767044,2.139540836667238,30
2052753,Morten Falk,2140751,Jamal Malik,17,13,2.3544799543109844,1.7963731213113951,30
1033026,Robin Hagerup Ertesvåg,2085431,Andreas Gerwen,18,12,2.4447464647392736,1.6298309764928487,30
2194859,Eivind Yoo Yong Jae Johansen,62353570,Hallvard Olaussen,12,17,11.577994700416827,16.46943798873592,29
44184394,Per Arne Grotthing,54197755,Tom erik Lysenstøen,23,6,20.675359934317346,5.347634395977968,29
1024799,Stig Nesvik,81177493,Bjørn Wildhagen,20,9,19.06728528723972,8.582382952032598,29
13295035,Jan Olav Johnsen,58725133,Kjell-egil Woster,14,15,13.297906381253773,14.247756837057613,29
57799534,Iris Marie Evdahl,58725133,Kjell-egil Woster,15,14,14.247756837057613,13.297906381253773,29
1030563,Alexander Baranji,17978686,Ibra Alkhader,9,20,8.476361518629489,18.82028005826196,29
1006163,Bjørn Bratteberg,1006458,Roger Rasmussen,11,18,10.293094510403954,16.843245562479197,29
16476664,Øystein Følling,3185355,Ivar Lexi,18,11,15.411340872958402,9.701482003712872,29
1022496,Jozef Kwit,1272012,Erol Dane Mula,17,12,11.79084301502153,7.854557976160611,29
25875517,Christian Hedin,3682319,Lasse Rognlien,22,7,18.822432923132027,5.59473158419401,29
25875517,Christian Hedin,26005654,Jacob Sæther,12,17,10.371664924563685,14.542783469772004,29
13720633,Håkon Haukebøe,51736666,Yakup Aliz,15,14,10.193441057369256,10.014863531211441,29
16686499,Herman Aleksander Wium,26005654,Jacob Sæther,15,14,12.001008031457495,11.38332304261995,29
26005654,Jacob Sæther,51736666,Yakup Aliz,13,16,9.789657649720342,12.695307876889455,29
1006214,Emil André Gangfløt,1123060,"Paweł ""Mumrikken"" Zalewski",18,11,14.970424518075145,9.370863227443284,29
1006360,Lars Harby,1510340,Andris Viksnins,24,5,17.82714099965529,3.7271453958712217,29
1006431,Pål Daud Fillipsveen,1510340,Andris Viksnins,22,7,15.298927748216613,4.347702251721715,29
1006204,Egil Arne Sørensen,1006220,Erik Gårdelöf,14,15,10.184264197061763,11.026316679998413,29
1093760,Mindaugas Jomantas,8498578,Riaz Ali,22,7,16.89103825091757,5.359636401878366,29
1006220,Erik Gårdelöf,6839980,Daniel Lorentzen-Styr,15,14,10.397348379203015,7.602587901239933,29
49097056,Herman Maraas,54197755,Tom erik Lysenstøen,18,11,13.492181859141493,8.267770877321807,29
16686499,Herman Aleksander Wium,6180822,Christian Rundqvist   Trollhättans Bk,14,15,10.562854368768951,11.317343966538163,29
1006333,Kent Hansen,1566758,Tor-Arne Slorafoss,16,13,12.071833564307374,9.80836477099974,29
1006403,Niklas Engström-Øvretveit,1042070,Henrik Olsson,10,19,6.668357904587459,11.98785357625417,29
1006163,Bjørn Bratteberg,6691281,Andreas Wahr-Hansen,20,9,6.862756084673489,2.6946536209412795,29
1006184,Christian Johannessen,1006204,Egil Arne Sørensen,22,7,15.31973116822153,4.813349408043543,29
1277819,Lasse Kåring,1356128,Christian Moberg,15,14,5.398615977213672,6.459755913779146,29
16476664,Øystein Følling,6691281,Andreas Wahr-Hansen,20,9,6.517123628242197,2.9822279393023914,29
10220035,Marius Lamby Solvang,2827292,Simen Jøndal,16,13,5.742240004142841,4.523231547092033,29
7131339,Roger Mølmann,7719582,Astrid E. Pedersen,18,11,6.168437642454696,3.6881871058509517,29
1006171,Bjørnar Davidsen,1750663,Tore Mo,9,20,2.2677975883851804,5.03955019641151,29
1006157,Asle M. Johansen,1510340,Andris Viksnins,13,16,1.6769912318005458,2.4005188632774663,29
1708121,Petter Olsen,6839980,Daniel Lorentzen-Styr,15,14,3.389185496253035,3.1588976327709704,29
1751232,Øyvind Stenhaug,2053323,Ib Christiansen,10,19,1.5311545182415844,3.0756365526972833,29
3120055,Per Christian Slåtta,5140422,Tomas Gryczon,22,7,3.833781661205895,1.2100655312699429,29
3120055,Per Christian Slåtta,3428055,Rune Fevang,18,11,3.105914167686124,1.9273227700866014,29
1006215,Emil Andreassen,2947265,Bernjard David C Ruiz,19,10,3.385007874570341,1.753283812287788,29
2653483,Shakir Bajrami,4797871,Johannes Ulsund,17,12,3.005918591403339,2.121848328772495,29
1708121,Petter Olsen,2653483,Shakir Bajrami,14,15,2.4754380604929778,2.6522550648139047,29
1006174,Børre Kofoed Karaka,1024799,Stig Nesvik,20,9,2.665154890965653,1.2160053945676446,29
1006388,Mats Brujordet Schjetne,2126333,Senharip Azar,18,11,2.4447464647392736,1.494011728451778,29
1013991,Ahad Rashid,1612715,Kunta Kinte,11,18,1.4441614773159122,2.3498415352044426,29
51736666,Yakup Aliz,80088046,Kim Rui,13,15,12.909935836888872,14.931899350310946,28
54197755,Tom erik Lysenstøen,72868804,Sander Naas-Mælen,9,19,8.077738666870884,18.035063763059167,28
1006163,Bjørn Bratteberg,44184394,Per Arne Grotthing,17,11,15.921076542781384,10.332087163560649,28
1022496,Jozef Kwit,8498578,Riaz Ali,15,13,12.888626077170548,12.008273235478166,28
1024799,Stig Nesvik,31114699,Ferdinand Jaggi,11,17,8.063250871788256,12.822614619233144,28
1123060,"Paweł ""Mumrikken"" Zalewski",16686499,Herman Aleksander Wium,14,14,12.3929678142032,12.064175207242643,28
42921529,Joshua Turla Tuppal,51736666,Yakup Aliz,11,17,8.860160845953352,13.553535106498844,28
1006163,Bjørn Bratteberg,16476664,Øystein Følling,16,12,14.385548423890596,10.682545781908244,28
42921529,Joshua Turla Tuppal,44184394,Per Arne Grotthing,13,15,11.545624978318902,13.134278783593055,28
2581136,Mona Søvold Sunde,51736666,Yakup Aliz,9,19,5.94681320585409,14.013752473077849,28
24897019,Robert Hedin,3185355,Ivar Lexi,18,10,15.34805699227552,8.497792811936986,28
3682319,Lasse Rognlien,55415260,Dag Erik Wiig,17,11,14.675588683791897,9.451378853586153,28
26005654,Jacob Sæther,53649337,Erlend Helgesen,17,11,14.286923067047441,9.066385965785882,28
1298131,Jack Nordby,3682319,Lasse Rognlien,14,14,11.148356751557657,11.077469599090849,28
1006345,Kjetil Aasane Fredriksen,26005654,Jacob Sæther,15,13,12.925902007759975,11.202448406725312,28
1006345,Kjetil Aasane Fredriksen,1014092,Martin Meintjes,9,19,6.967186110692445,14.954031415308433,28
1006220,Erik Gårdelöf,1035589,Sebastian Mæhlum,16,12,12.121253614341027,9.256027296939981,28
1024799,Stig Nesvik,16144084,Truls Bakken,12,16,5.716442017711404,9.034690273129398,28
1006403,Niklas Engström-Øvretveit,1006453,Robin Nathan,13,15,9.80836477099974,11.317343966538163,28
1006292,Jan Thomassen,40384564,James Acker,16,12,12.071833564307374,9.053875173230528,28
16636270,Stian Wium,25875517,Christian Hedin,16,12,12.071833564307374,9.053875173230528,28
16144084,Truls Bakken,20010922,Tudor Pauliuc,11,17,8.299385575461317,12.826323162076585,28
1093760,Mindaugas Jomantas,6839980,Daniel Lorentzen-Styr,14,14,10.562854368768951,10.562854368768951,28
1006292,Jan Thomassen,6686119,Levi Pavdeja,10,18,7.419080021215664,11.79867610446208,28
1006549,Umar Hayat Ali,3212629,Rolf G. Sedsbøe Jensen,18,10,9.971682356992142,5.13880904245634,28
1006453,Robin Nathan,5140422,Tomas Gryczon,14,14,10.562854368768951,10.562854368768951,28
1006298,Jarek (Barracuda) Kapuściński,1024799,Stig Nesvik,17,11,10.748129751869849,7.337989653146401,28
20124274,Paolo Speciale,3428055,Rune Fevang,11,17,7.866569937060733,12.157426266366587,28
26143903,Katrine Sætereng,36990883,Anders Valde,11,17,6.400850702689368,9.975023272986363,28
1750663,Tore Mo,2252446,Tor Bugten,10,18,1.9130553528573377,3.9022970919883186,28
2827292,Simen Jøndal,7959797,Pergantis Zalachas,11,17,3.5577491900651945,5.587348701672899,28
1750663,Tore Mo,7131339,Roger Mølmann,11,17,3.084839824487451,4.839498718368786,28
1024799,Stig Nesvik,1356128,Christian Moberg,14,14,3.561273261883676,3.558543159351372,28
3428055,Rune Fevang,7121356,Roger Mølmann,8,20,2.0158200785646048,5.03955019641151,28
1061500,Jim Fors,1093760,Mindaugas Jomantas,10,18,1.4783521317712494,2.7036849904614253,28
1969223,Ole Andreas Sandvik,4765825,Knut Holm,8,20,1.3958690258362223,3.489672564590557,28
1750663,Tore Mo,4734030,Ronny,7,21,1.2167700419014473,3.6626177409183356,28
1033026,Robin Hagerup Ertesvåg,2084043,Mahmut Mutto,18,10,2.4447464647392736,1.3581924804107073,28
1006373,Mark McGauley,1033026,Robin Hagerup Ertesvåg,12,16,1.4594507326636341,1.8293299708064583,28
1006431,Pål Daud Fillipsveen,1022496,Jozef Kwit,21,6,18.397128722679955,5.2218493192025335,27
1024799,Stig Nesvik,2053323,Ib Christiansen,14,13,8.742060966178837,7.750267052584867,27
1093760,Mindaugas Jomantas,1095179,Ernesto Antonio Meléndez,20,7,14.05213423699204,3.2395432272553375,27
1093760,Mindaugas Jomantas,25875517,Christian Hedin,10,17,9.332866083143752,15.400585814283275,27
1006453,Robin Nathan,1093760,Mindaugas Jomantas,16,11,15.33401166930233,10.542133022645352,27
1093760,Mindaugas Jomantas,72868804,Sander Naas-Mælen,18,9,17.093777761365516,8.567961251950097,27
14638297,Joakim Langkås,70090471,Øyvind Risan,13,14,12.348055925449932,13.297906381253773,27
1093760,Mindaugas Jomantas,16686499,Herman Aleksander Wium,15,12,14.180661435374423,11.331110067962902,27
17978686,Ibra Alkhader,72868804,Sander Naas-Mælen,15,12,14.223742429870587,11.378993943896468,27
1006458,Roger Rasmussen,1272012,Erol Dane Mula,23,4,17.793441025098325,2.251549914212003,27
2194859,Eivind Yoo Yong Jae Johansen,7959797,Pergantis Zalachas,12,15,7.476117375796386,10.301276293412446,27
1006292,Jan Thomassen,1061867,Stig Ringebo,15,12,12.148228417028385,9.80063404293708,27
1960202,Ola Magnus Johnsen,25875517,Christian Hedin,17,10,14.395337894476707,8.131971099095713,27
2194859,Eivind Yoo Yong Jae Johansen,26005654,Jacob Sæther,5,22,3.9375009027171037,17.878455805481874,27
1006333,Kent Hansen,6839980,Daniel Lorentzen-Styr,17,10,4.7992722977032685,5.002102494105912,27
25875517,Christian Hedin,53649337,Erlend Helgesen,14,13,11.336688701407596,10.597251864549253,27
16476664,Øystein Følling,7959797,Pergantis Zalachas,19,8,11.494926421821463,4.390353789384723,27
24897019,Robert Hedin,6686119,Levi Pavdeja,14,13,10.94353113304154,10.29078780073966,27
1006204,Egil Arne Sørensen,17978686,Ibra Alkhader,12,15,10.108157207257614,12.635196509072017,27
1006403,Niklas Engström-Øvretveit,25875517,Christian Hedin,16,11,12.259437624606749,8.393187605611004,27
25484464,Joaquin K. Yovine,53204752,Julianne Myhren-heyerdahl,22,5,16.79180574814464,3.7895894638299192,27
1006271,Henrik Hagen,6686119,Levi Pavdeja,13,14,9.80836477099974,10.562854368768951,27
1566758,Tor-Arne Slorafoss,15982738,Asgeir Elfar Asgeirsson,13,14,9.80836477099974,10.562854368768951,27
2298416,Terje Kristoffersen,3532613,Tom Kristiansen,15,12,11.317343966538163,9.053875173230528,27
6600268,Kim Soo Garmark,9990106,Jonas Nyman Trollhättans BK,14,13,10.562854368768951,9.80836477099974,27
1014092,Martin Meintjes,1042070,Henrik Olsson,14,13,10.562854368768951,9.80836477099974,27
1006220,Erik Gårdelöf,5140422,Tomas Gryczon,20,7,14.445612439684721,5.281427184384475,27
1006281,Jan Atle Kofoed,6839980,Daniel Lorentzen-Styr,10,17,4.6624561699472284,7.947607639735692,27
4797871,Johannes Ulsund,7719582,Astrid E. Pedersen,16,11,5.571937602162285,3.895040833877778,27
10220035,Marius Lamby Solvang,6181993,Kim Bjørnstad,10,17,3.507399179102718,5.676945016083098,27
1006360,Lars Harby,1006372,Marius Nørsterud,14,13,4.701868976944404,4.227552697109594,27
1969223,Ole Andreas Sandvik,3428055,Rune Fevang,14,13,3.093587856942618,2.8819160073985484,27
2827292,Simen Jøndal,4742719,Adiil Lusjanii,17,10,3.601980085084943,2.007213356419049,27
1751232,Øyvind Stenhaug,2827292,Simen Jøndal,15,12,2.859313264896709,2.3199240928407696,27
3119948,Huan Bao Ngo,3256681,Alex Hoang Hai Nguyen,18,9,3.3279731031002493,1.704897695369822,27
3256681,Alex Hoang Hai Nguyen,3611862,Minh Cong Bui,10,17,1.8843341510399836,3.0186244442833376,27
2167690,Iselin Masternes,3081704,Sundar K,17,10,2.890022338758022,1.7205826692811144,27
1902521,Tom-Henrik Sandvik,4765825,Knut Holm,7,20,1.2213853976066944,3.489672564590557,27
2252446,Tor Bugten,2827292,Simen Jøndal,14,13,2.350570827549531,2.1755215869210227,27
1946517,Ivan Tadic,2252446,Tor Bugten,16,11,2.560536610613952,1.779607537463908,27
1022965,Tommy Bakke,1024799,Stig Nesvik,15,12,1.9769656475975248,1.5834283534123688,27
1537965,Lukas Andersson,2126333,Senharip Azar,9,18,1.2223732323696366,2.4447464647392736,27
53204752,Julianne Myhren-heyerdahl,63113578,Håkon Kristiansen,8,18,7.108312403499754,16.08858452264395,26
1006298,Jarek (Barracuda) Kapuściński,3185355,Ivar Lexi,16,10,12.792957072827168,8.290970885359796,26
1095179,Ernesto Antonio Meléndez,1123060,"Paweł ""Mumrikken"" Zalewski",10,16,9.294442366796073,15.007186566064863,26
53204752,Julianne Myhren-heyerdahl,7153377,Henning Ingvorsen,8,18,7.667005834651166,17.250763127965122,26
16144084,Truls Bakken,72868804,Sander Naas-Mælen,18,8,17.250763127965122,7.667005834651166,26
3185355,Ivar Lexi,53204752,Julianne Myhren-heyerdahl,18,8,13.909115453066423,6.039033898795336,26
1095179,Ernesto Antonio Meléndez,44184394,Per Arne Grotthing,11,15,8.924626985841561,12.402400446752814,26
17978686,Ibra Alkhader,53649337,Erlend Helgesen,19,7,16.055080761407197,6.061929976310863,26
1006163,Bjørn Bratteberg,1061867,Stig Ringebo,15,11,13.388276656046756,9.498747477902564,26
1024799,Stig Nesvik,24897019,Robert Hedin,8,18,6.660232083870929,14.68801026114316,26
1006292,Jan Thomassen,51736666,Yakup Aliz,15,11,13.369085989944923,9.803996392626276,26
1006163,Bjørn Bratteberg,1006292,Jan Thomassen,11,15,9.803996392626276,13.369085989944923,26
40844470,Øyvind Løvseth,7959797,Pergantis Zalachas,11,15,9.478994805690649,12.925902007759975,26
1960202,Ola Magnus Johnsen,2298416,Terje Kristoffersen,12,14,10.34072160620798,12.064175207242643,26
14638297,Joakim Langkås,7959797,Pergantis Zalachas,14,12,12.064175207242643,10.34072160620798,26
1027114,Jeremiah Torres,25743094,Mohamed Salkiny,8,18,6.893814404138653,15.164297931506068,26
14638297,Joakim Langkås,25743094,Mohamed Salkiny,18,8,14.111151952154447,6.3010863783080096,26
10220035,Marius Lamby Solvang,1566758,Tor-Arne Slorafoss,17,9,10.933487059814537,4.946789438893166,26
1272012,Erol Dane Mula,5140422,Tomas Gryczon,17,9,9.835973774711407,4.7583520089810305,26
1006431,Pål Daud Fillipsveen,63113578,Håkon Kristiansen,21,5,16.616356744544703,3.9614830679067667,26
1035589,Sebastian Mæhlum,3185355,Ivar Lexi,20,6,15.636270303673163,4.690189309596312,26
1286181,Petri Makkonen,34735372,Karl Våglund,17,9,12.819468451162564,6.790406379922896,26
15567079,Pawel Goik,6839980,Daniel Lorentzen-Styr,13,13,9.80836477099974,9.80836477099974,26
42921529,Joshua Turla Tuppal,6172489,Alban Richard,10,16,7.544895977692106,12.071833564307374,26
1286181,Petri Makkonen,6686119,Levi Pavdeja,13,13,9.80836477099974,9.80836477099974,26
1006204,Egil Arne Sørensen,1024799,Stig Nesvik,17,9,8.856911513096412,5.857610205516346,26
1277819,Lasse Kåring,5140422,Tomas Gryczon,21,5,6.3212715590831,1.3544461282696276,26
1006549,Umar Hayat Ali,1359835,Per Hagen,14,12,2.437274930210763,2.212253711864151,26
1286181,Petri Makkonen,2311288,David Larsson,5,21,1.0763686495954699,4.520748328300972,26
1969238,Audun Brede,5140422,Tomas Gryczon,20,6,3.509528892501615,1.0871236219494953,26
1006215,Emil Andreassen,2653483,Shakir Bajrami,15,11,2.6522550648139047,1.9449870475301967,26
1006215,Emil Andreassen,4989992,Ronny Andresen,20,6,3.5363400864185395,1.060902025925562,26
2792002,Shaq Bajrami,2947265,Bernjard David C Ruiz,20,6,3.489672564590557,1.0469017693771667,26
1969238,Audun Brede,2166616,Philippe Béal,13,13,1.9481832306172022,1.992983423553221,26
1670605,Bernadette Bodó,1969223,Ole Andreas Sandvik,15,11,2.0601219523091125,1.5251109103020464,26
2140751,Jamal Malik,2251353,Mentor Nuredini,13,13,1.8415339138098905,1.847826215019969,26
1027114,Jeremiah Torres,1946517,Ivan Tadic,18,8,2.5271312654072755,1.1243208904070217,26
2140752,Mats Larsen,2167690,Iselin Masternes,12,14,1.6607643797248244,1.9269674106483066,26
1006388,Mats Brujordet Schjetne,2084760,Adam Rydström,18,8,2.4447464647392736,1.0865539843285659,26
1075717,Bjørn Erik Øverland,1612715,Kunta Kinte,15,11,1.8892907522334679,1.3858125237855927,26
1006163,Bjørn Bratteberg,11218942,Stein Amundsen,7,18,6.509394304204948,17.432293334513137,25
44184394,Per Arne Grotthing,62353570,Hallvard Olaussen,20,5,19.57379096161969,4.900166142185166,25
1006431,Pål Daud Fillipsveen,3185355,Ivar Lexi,17,8,15.051411218911694,6.876722906799647,25
3682319,Lasse Rognlien,63113578,Håkon Kristiansen,16,9,14.04404978379064,8.528032808847241,25
1006220,Erik Gårdelöf,1006292,Jan Thomassen,19,6,15.829281655176526,4.8728771481175945,25
19030543,Martin Olsson,43127857,Manabu Sekiguchi,11,14,10.635926809698848,13.617508371296491,25
72868804,Sander Naas-Mælen,80088046,Kim Rui,9,16,8.734735715946208,15.571119160070124,25
19030543,Martin Olsson,25875517,Christian Hedin,9,16,6.424008859170132,11.887526758650132,25
1510340,Andris Viksnins,62353570,Hallvard Olaussen,17,8,15.365321088606299,6.897274274455696,25
1006453,Robin Nathan,16144084,Truls Bakken,18,7,17.250763127965122,6.70863010531977,25
1123060,"Paweł ""Mumrikken"" Zalewski",54197755,Tom erik Lysenstøen,18,7,17.250763127965122,6.70863010531977,25
25743094,Mohamed Salkiny,57799534,Iris Marie Evdahl,13,12,12.348055925449932,11.398205469646092,25
40844470,Øyvind Løvseth,44478316,Rune Stensvold,13,12,12.348055925449932,11.398205469646092,25
1024805,Audun Bjerve,7719582,Astrid E. Pedersen,12,13,10.620220242657506,11.272323065837693,25
19030543,Martin Olsson,63113578,Håkon Kristiansen,17,8,14.827882194895668,6.827526584161584,25
1006220,Erik Gårdelöf,1024799,Stig Nesvik,22,3,16.96729801177269,2.1713701395069607,25
1093760,Mindaugas Jomantas,44119141,Gaute Rogstad,15,10,13.369085989944923,8.912723993296614,25
3185355,Ivar Lexi,55415260,Dag Erik Wiig,12,13,10.498125524221447,11.29457039972502,25
1298131,Jack Nordby,51736666,Yakup Aliz,8,17,6.051219493144577,13.324335646130404,25
1006135,Anas Khan,17978686,Ibra Alkhader,15,10,12.925902007759975,8.617268005173317,25
1024799,Stig Nesvik,3682319,Lasse Rognlien,19,6,12.46815056182969,4.098928467731805,25
14638297,Joakim Langkås,26143903,Katrine Sætereng,19,6,14.954031415308433,4.526937586615264,25
3212629,Rolf G. Sedsbøe Jensen,8498578,Riaz Ali,21,4,17.692473287995934,3.3709848234000916,25
6686119,Levi Pavdeja,8498578,Riaz Ali,18,7,12.689946255344926,5.896425037566942,25
1006277,Ingolf Höns,3212629,Rolf G. Sedsbøe Jensen,10,15,8.423464339381345,12.635196509072017,25
17419783,Ketil Blix,55415260,Dag Erik Wiig,6,19,4.94994967857037,15.491791501601357,25
1024805,Audun Bjerve,51736666,Yakup Aliz,14,11,11.030674875221546,8.429171421197998,25
1272012,Erol Dane Mula,2581136,Mona Søvold Sunde,21,4,14.34323361910374,2.7824703985103034,25
1417853,Robin Hauge Pettersen,14638297,Joakim Langkås,11,14,8.299385575461317,10.562854368768951,25
20010922,Tudor Pauliuc,9990106,Jonas Nyman Trollhättans BK,11,14,8.299385575461317,10.562854368768951,25
10220035,Marius Lamby Solvang,25743094,Mohamed Salkiny,13,12,9.80836477099974,9.053875173230528,25
1006340,Kjartan Maraas,1006513,Thomas Fjæran,9,16,6.789512004423653,12.068256062310395,25
2581136,Mona Søvold Sunde,7719582,Astrid E. Pedersen,9,16,5.348994579573047,9.319666535823963,25
1272012,Erol Dane Mula,51736666,Yakup Aliz,14,11,9.973098762597337,7.979004386233528,25
3185355,Ivar Lexi,36225232,Adrian Winther,14,11,10.078347199535218,7.928862440627164,25
1272012,Erol Dane Mula,25484464,Joaquin K. Yovine,15,10,9.243445499086778,6.118009876041213,25
1006333,Kent Hansen,1006467,Roy Toycowboy Grimsen,15,10,9.094518214289922,6.052301533028655,25
1510340,Andris Viksnins,2252446,Tor Bugten,8,17,3.3858868060120084,6.192105203555713,25
3428055,Rune Fevang,3682319,Lasse Rognlien,13,12,6.643946216605775,6.118549347650407,25
1024799,Stig Nesvik,20809939,Gary Zacaria,13,12,6.577624973138932,6.077214778054198,25
1047734,Ole Kristian Rudshavn,1272012,Erol Dane Mula,14,11,4.752119416306784,2.954962502562294,25
1006333,Kent Hansen,1079105,Didrik Vatne,11,14,4.922288042878709,6.264730236391085,25
1750663,Tore Mo,7959797,Pergantis Zalachas,10,15,3.3279191892655544,5.0677555461958965,25
7131339,Roger Mølmann,8498578,Riaz Ali,12,13,4.156737525118714,4.484948452041164,25
1708121,Petter Olsen,2947265,Bernjard David C Ruiz,11,14,2.5892896060949373,3.0002196661749205,25
1006549,Umar Hayat Ali,1047734,Ole Kristian Rudshavn,8,17,2.0632663521064885,4.559024940306426,25
1006184,Christian Johannessen,1047734,Ole Kristian Rudshavn,10,15,2.3822622121307657,3.526754583797461,25
1969223,Ole Andreas Sandvik,4797871,Johannes Ulsund,16,9,3.0971367981022806,1.7411003881980887,25
1006171,Bjørnar Davidsen,6181993,Kim Bjørnstad,5,20,1.006113018593115,4.019117125719756,25
1006215,Emil Andreassen,2576372,Fadil Mustafa,10,15,1.7681700432092697,2.6522550648139047,25
3081704,Sundar K,4935731,Rj Velasquez,7,18,1.23151624829995,3.1594668508426045,25
1969238,Audun Brede,3428055,Rune Fevang,13,12,2.246065872643375,2.0784935365618806,25
1902521,Tom-Henrik Sandvik,2251353,Mentor Nuredini,12,13,1.931765618549738,1.9429825202212432,25
1902521,Tom-Henrik Sandvik,2252446,Tor Bugten,14,11,2.1315076830234636,1.7307550107744656,25
1751232,Øyvind Stenhaug,3081704,Sundar K,16,9,2.5452164030417572,1.433046884548562,25
1751232,Øyvind Stenhaug,2166616,Philippe Béal,7,18,1.002007532700012,2.5707056320368613,25
1027114,Jeremiah Torres,1071778,Deleted Account,16,9,2.226633115545405,1.2313206403424395,25
1013991,Ahad Rashid,1071778,Deleted Account,17,8,2.3076102846912794,1.1017401116505265,25
1751232,Øyvind Stenhaug,2052753,Morten Falk,6,19,0.8230822138379357,2.6145281494591535,25
63113578,Håkon Kristiansen,72868804,Sander Naas-Mælen,9,15,8.659322961911107,14.482617134729542,24
1006431,Pål Daud Fillipsveen,6600268,Kim Soo Garmark,13,11,8.56745782255493,7.896093276396395,24
1030563,Alexander Baranji,51736666,Yakup Aliz,13,11,11.294660450386784,10.494264855272233,24
1006372,Marius Nørsterud,1024799,Stig Nesvik,24,0,17.955612334393017,0.0,24
26143903,Katrine Sætereng,54197755,Tom erik Lysenstøen,20,4,18.431244986913526,3.7938918333195693,24
10220035,Marius Lamby Solvang,58725133,Kjell-egil Woster,12,12,11.398205469646092,11.398205469646092,24
1093760,Mindaugas Jomantas,14638297,Joakim Langkås,11,13,10.448355013842251,12.348055925449932,24
1093760,Mindaugas Jomantas,17978686,Ibra Alkhader,3,21,2.7996666031744226,19.489470430473315,24
1006292,Jan Thomassen,16686499,Herman Aleksander Wium,13,11,10.154356219280205,8.818372747882016,24
17978686,Ibra Alkhader,63113578,Håkon Kristiansen,21,3,17.11510633931577,2.3943109291679803,24
19030543,Martin Olsson,54197755,Tom erik Lysenstøen,16,8,13.189612206110507,6.865015771621249,24
24897019,Robert Hedin,5689902,Roger Andresen,21,3,18.74668600026122,2.6788114670453718,24
24897019,Robert Hedin,26143903,Katrine Sætereng,16,8,12.888584074735965,6.505378603931665,24
1006333,Kent Hansen,1298131,Jack Nordby,10,14,8.14646804765777,10.268800484342979,24
24897019,Robert Hedin,42921529,Joshua Turla Tuppal,18,6,14.103458012413583,4.653662035411024,24
1272012,Erol Dane Mula,42921529,Joshua Turla Tuppal,19,5,15.5597780292531,4.0919578328877275,24
1006431,Pål Daud Fillipsveen,1024805,Audun Bjerve,16,8,13.084389480871668,6.537077355638237,24
1006220,Erik Gårdelöf,53204752,Julianne Myhren-heyerdahl,23,1,18.126579016497946,0.8640694544767699,24
1123060,"Paweł ""Mumrikken"" Zalewski",6686119,Levi Pavdeja,14,10,8.96355202508944,6.564079048890188,24
1022496,Jozef Kwit,3212629,Rolf G. Sedsbøe Jensen,14,10,12.064175207242643,8.617268005173317,24
1006473,Rune Antonsen,7957612,Guido Thyssen,11,13,9.478994805690649,11.202448406725312,24
16636270,Stian Wium,7153377,Henning Ingvorsen,11,13,9.478994805690649,11.202448406725312,24
10585213,Veejay Adriano,25743094,Mohamed Salkiny,13,11,11.202448406725312,9.478994805690649,24
7153377,Henning Ingvorsen,7959797,Pergantis Zalachas,12,12,10.34072160620798,10.34072160620798,24
1006333,Kent Hansen,20124274,Paolo Speciale,9,15,7.2128621723251065,10.749340524815683,24
3212629,Rolf G. Sedsbøe Jensen,6686119,Levi Pavdeja,11,13,9.26581077331948,10.950503641195748,24
1006360,Lars Harby,42921529,Joshua Turla Tuppal,12,12,9.46461525967222,9.053875173230528,24
17419783,Ketil Blix,53204752,Julianne Myhren-heyerdahl,7,17,5.5131316827642065,13.2676299420644,24
1095179,Ernesto Antonio Meléndez,5140422,Tomas Gryczon,12,12,9.332398763933254,9.454349350264875,24
15982738,Asgeir Elfar Asgeirsson,7284524,Daniel Hult,15,9,11.317343966538163,6.790406379922896,24
1006549,Umar Hayat Ali,5140422,Tomas Gryczon,12,12,9.053875173230528,9.053875173230528,24
1006457,Roger Lysholm,6172489,Alban Richard,15,9,11.317343966538163,6.790406379922896,24
1006271,Henrik Hagen,17978686,Ibra Alkhader,11,13,8.299385575461317,9.80836477099974,24
1006288,Jan Kjetil Nordrum,1014092,Martin Meintjes,13,11,9.80836477099974,8.299385575461317,24
1272012,Erol Dane Mula,1510340,Andris Viksnins,16,8,6.359827665983698,3.7485334901796117,24
18284020,Nomen Nescio,2194859,Eivind Yoo Yong Jae Johansen,16,8,8.021473002819398,3.9791263544405875,24
20809939,Gary Zacaria,2252446,Tor Bugten,8,16,4.050154745521573,8.100309491043149,24
1566758,Tor-Arne Slorafoss,19913527,Wael Handal,13,11,6.340607295725779,5.421805782026245,24
2167690,Iselin Masternes,5140422,Tomas Gryczon,10,14,2.0675465039400667,3.6509404048148433,24
2252446,Tor Bugten,7131339,Roger Mølmann,15,9,5.565399681040734,3.3634578283124776,24
10220035,Marius Lamby Solvang,7131339,Roger Mølmann,12,12,4.239171160566739,4.198468284636192,24
3012666,Eirik Sandaaker,7959797,Pergantis Zalachas,14,10,4.427182730661632,3.0895449635109973,24
1006372,Marius Nørsterud,1006549,Umar Hayat Ali,10,14,2.964249780275655,4.151790894611089,24
1946517,Ivan Tadic,3428055,Rune Fevang,11,13,2.4669076664313305,2.8646391924163774,24
2251360,Joakim Elfstrøm,5916966,Per Christian Slåtta,4,20,0.8709042778043184,4.35452138902159,24
1022965,Tommy Bakke,2827292,Simen Jøndal,15,9,2.6522550648139047,1.5913530388883428,24
3595353,Knut Holm,3611862,Minh Cong Bui,17,7,2.878701104495807,1.184106918389554,24
1022588,Nikolaos Chatzitheodorou,1902521,Tom-Henrik Sandvik,12,12,1.8730643081022662,1.8978773782528133,24
1081697,Giena Tanilon,2052753,Morten Falk,16,8,2.2471423517350084,1.1235711758675047,24
1013991,Ahad Rashid,1561935,Øystein Holm Krøvel,15,9,2.0262930181790355,1.2043350909512682,24
1016894,Tommy Andersen,1612715,Kunta Kinte,6,18,0.765079875028856,2.3291811460668574,24
52645105,Tommy Bratseth,62353570,Hallvard Olaussen,5,18,4.334792076824269,15.348258806962802,23
11218942,Stein Amundsen,26143903,Katrine Sætereng,15,8,14.510537436210244,7.919436768636159,23
17419783,Ketil Blix,62353570,Hallvard Olaussen,6,17,4.821708600796182,14.371087324883232,23
1006549,Umar Hayat Ali,1123060,"Paweł ""Mumrikken"" Zalewski",16,7,15.43742530304603,6.760825949408565,23
3185355,Ivar Lexi,42921529,Joshua Turla Tuppal,12,11,9.942662053061976,9.088272230104222,23
1006453,Robin Nathan,2194859,Eivind Yoo Yong Jae Johansen,18,5,17.250763127965122,4.791878646656979,23
16144084,Truls Bakken,7153377,Henning Ingvorsen,6,17,5.750254375988375,16.292387398633725,23
13295035,Jan Olav Johnsen,8498578,Riaz Ali,12,11,11.398205469646092,10.448355013842251,23
1006360,Lars Harby,7153377,Henning Ingvorsen,15,8,13.40689754340373,7.038230783994804,23
1272012,Erol Dane Mula,40844470,Øyvind Løvseth,12,11,11.398205469646092,9.858472282799056,23
1022496,Jozef Kwit,1030563,Alexander Baranji,12,11,11.378993943896468,10.430744448571762,23
1006562,Yousef Austrheim,1024805,Audun Bjerve,10,13,8.929915274447922,11.280610224043961,23
1960202,Ola Magnus Johnsen,3682319,Lasse Rognlien,19,4,15.559514644909315,3.1874833123058375,23
1123060,"Paweł ""Mumrikken"" Zalewski",17978686,Ibra Alkhader,8,15,6.084489614721836,11.122499824966985,23
1006292,Jan Thomassen,17978686,Ibra Alkhader,8,15,6.8390323709797745,12.561687832392295,23
16144084,Truls Bakken,51736666,Yakup Aliz,12,11,10.531688432073949,9.688186675181726,23
1024805,Audun Bjerve,17978686,Ibra Alkhader,13,10,11.496659404799992,8.463315060868577,23
1006135,Anas Khan,7957612,Guido Thyssen,13,10,11.202448406725312,8.617268005173317,23
23594815,Svein Gjermundsen,25743094,Mohamed Salkiny,13,10,11.202448406725312,8.617268005173317,23
13295035,Jan Olav Johnsen,6600268,Kim Soo Garmark,13,10,11.202448406725312,8.617268005173317,23
1006135,Anas Khan,1298131,Jack Nordby,11,12,9.478994805690649,10.34072160620798,23
1670605,Bernadette Bodó,7957612,Guido Thyssen,12,11,10.34072160620798,9.478994805690649,23
13295035,Jan Olav Johnsen,43980262,Ask Benham,10,13,8.617268005173317,11.202448406725312,23
20361406,Amir Khan,26005654,Jacob Sæther,9,14,6.356673518522069,9.320993518528802,23
1006360,Lars Harby,30913960,Josef Knutsson,15,8,12.635196509072017,6.738771471505077,23
3185355,Ivar Lexi,3212629,Rolf G. Sedsbøe Jensen,9,14,7.581117905443211,11.792850075133883,23
24897019,Robert Hedin,5140422,Tomas Gryczon,19,4,13.994729787466225,3.1807310502043133,23
54197755,Tom erik Lysenstøen,7959797,Pergantis Zalachas,6,17,4.716452091039588,13.248989205467392,23
1298131,Jack Nordby,44184394,Per Arne Grotthing,8,15,6.3840602517882585,11.88481614065279,23
1035589,Sebastian Mæhlum,3682319,Lasse Rognlien,15,8,11.701306769245688,6.221394305103128,23
17978686,Ibra Alkhader,7719582,Astrid E. Pedersen,20,3,15.069944076252556,2.2300095051315494,23
15982738,Asgeir Elfar Asgeirsson,26005654,Jacob Sæther,14,9,10.562854368768951,6.790406379922896,23
24897019,Robert Hedin,7153377,Henning Ingvorsen,14,9,10.562854368768951,6.790406379922896,23
1006135,Anas Khan,49097056,Herman Maraas,12,11,9.053875173230528,8.299385575461317,23
1006214,Emil André Gangfløt,16476664,Øystein Følling,16,7,11.205081180124056,5.089015356913628,23
3428055,Rune Fevang,51736666,Yakup Aliz,6,17,4.290856329305855,12.157426266366587,23
16476664,Øystein Følling,7719582,Astrid E. Pedersen,15,8,8.95515927086323,4.859686193166889,23
24897019,Robert Hedin,6839980,Daniel Lorentzen-Styr,10,13,5.945644305793686,7.442202842466146,23
1006186,Christian Wikeby,1272012,Erol Dane Mula,8,15,4.412524272832388,7.771222341075045,23
1042070,Henrik Olsson,1047734,Ole Kristian Rudshavn,12,11,4.9088435134873105,4.03078209379286,23
2827292,Simen Jøndal,7131339,Roger Mølmann,6,17,1.9338320261758253,5.4894245010433576,23
1708121,Petter Olsen,8217316,Ida Amundsen Holtet,12,11,3.512624956348075,3.3598043586313437,23
2947262,Christian Lothar Ruiz,7719582,Astrid E. Pedersen,12,11,3.7564866134425854,3.4500426490986955,23
1277819,Lasse Kåring,4797871,Johannes Ulsund,15,8,4.045275322264463,2.2215442483918406,23
1075717,Bjørn Erik Øverland,1277819,Lasse Kåring,11,12,2.7421987213224273,2.9914895141699205,23
1359835,Per Hagen,6600268,Kim Soo Garmark,5,18,1.2121970160647986,4.363909257833274,23
1751232,Øyvind Stenhaug,3119948,Huan Bao Ngo,8,15,1.2810877543687234,2.6156309254143895,23
1751232,Øyvind Stenhaug,5140422,Tomas Gryczon,12,11,2.411040949084855,2.259989245556031,23
1902521,Tom-Henrik Sandvik,2052753,Morten Falk,10,13,1.634635714490282,1.8894150397827436,23
1013991,Ahad Rashid,1510340,Andris Viksnins,12,11,1.7035060669702136,1.7046222320410254,23
3543748,Thong Trong Ho,3611862,Minh Cong Bui,10,13,1.7189087197715358,2.323421046056657,23
1006171,Bjørnar Davidsen,1612715,Kunta Kinte,13,10,1.962494143231956,1.3020861572570241,23
3256681,Alex Hoang Hai Nguyen,4797871,Johannes Ulsund,13,10,2.4188070635076397,1.7984089670249928,23
1022496,Jozef Kwit,1061500,Jim Fors,10,13,1.7957620505785952,2.152132519366661,23
3120055,Per Christian Slåtta,5174448,Thomas Hilling Amundsen,14,9,2.5614044309139388,1.648693821951982,23
3081704,Sundar K,3120055,Per Christian Slåtta,13,10,2.334528681346934,1.7336715257068815,23
2653483,Shakir Bajrami,4742719,Adiil Lusjanii,8,15,1.4145360345674158,2.6522550648139047,23
3120055,Per Christian Slåtta,3595353,Knut Holm,8,15,1.3532650495880618,2.537371967977615,23
1022496,Jozef Kwit,2052753,Morten Falk,11,12,1.7787133586434791,1.9685467680903215,23
1902521,Tom-Henrik Sandvik,2241168,Trond L,8,15,1.1377526738035493,2.2609451043330777,23
2140722,Mats Larsen,2167690,Iselin Masternes,8,15,1.2376663368310614,2.2280051536708014,23
2653482,Adil Lusjani,3036771,Adrian Gawlak,13,10,2.0576810549531848,1.5828315807332192,23
2653482,Adil Lusjani,3119948,Huan Bao Ngo,13,10,2.0576810549531848,1.5828315807332192,23
2166616,Philippe Béal,2251353,Mentor Nuredini,5,18,0.7097698817838094,2.556410354991921,23
2052753,Morten Falk,2251360,Joakim Elfstrøm,12,11,1.7078951028880534,1.5655705109807156,23
1006171,Bjørnar Davidsen,1013991,Ahad Rashid,13,10,1.702748806072948,1.3096144748370522,23
1006220,Erik Gårdelöf,13720633,Håkon Haukebøe,19,3,16.541789814550448,3.0,22
26005654,Jacob Sæther,80088046,Kim Rui,13,9,12.340802603086809,8.739856161928973,22
1006458,Roger Rasmussen,71956222,Raymond Mælen,16,6,15.211156990395661,5.614415187493066,22
1960202,Ola Magnus Johnsen,26005654,Jacob Sæther,9,13,8.362486575215181,11.75454357995081,22
1123060,"Paweł ""Mumrikken"" Zalewski",25875517,Christian Hedin,15,7,12.803189177447562,5.871094077113165,22
1123060,"Paweł ""Mumrikken"" Zalewski",2194859,Eivind Yoo Yong Jae Johansen,18,4,17.250763127965122,3.8335029173255832,22
26143903,Katrine Sætereng,53649337,Erlend Helgesen,9,13,8.339475742901627,11.711187374408079,22
1006562,Yousef Austrheim,1022496,Jozef Kwit,12,10,11.398205469646092,9.49850455803841,22
1022496,Jozef Kwit,71956222,Raymond Mælen,15,7,14.223742429870587,6.6377464672729385,22
17978686,Ibra Alkhader,71956222,Raymond Mælen,13,9,12.327243439221174,8.53424545792235,22
1006163,Bjørn Bratteberg,73722376,Seva Tkach,20,2,18.407855883104826,1.7590213404319093,22
10220035,Marius Lamby Solvang,1960202,Ola Magnus Johnsen,10,12,9.03007725667906,11.228830374986131,22
1006399,Nedzat Cimilji,44184394,Per Arne Grotthing,12,10,10.43317849113917,8.913922824533916,22
1061867,Stig Ringebo,16144084,Truls Bakken,10,12,8.440332752610413,10.777045822191385,22
1006513,Thomas Fjæran,24897019,Robert Hedin,15,7,13.369085989944923,6.23890679530763,22
1006513,Thomas Fjæran,54197755,Tom erik Lysenstøen,20,2,17.465853110610375,1.7825447986593224,22
13720633,Håkon Haukebøe,54197755,Tom erik Lysenstøen,15,7,12.229552876266329,5.542081102395846,22
1006431,Pål Daud Fillipsveen,44184394,Per Arne Grotthing,14,8,11.642005681091842,6.505927979456085,22
1006431,Pål Daud Fillipsveen,42921529,Joshua Turla Tuppal,14,8,11.593333792421777,6.729888495359448,22
1006292,Jan Thomassen,3682319,Lasse Rognlien,17,5,14.114202864921317,4.249462596379919,22
1006431,Pål Daud Fillipsveen,26143903,Katrine Sætereng,15,7,11.824017659233405,5.683567062679063,22
1006333,Kent Hansen,1006406,Nina Torvund,12,10,10.34072160620798,7.589115580370067,22
1006450,Robert Farinetti,1022496,Jozef Kwit,12,10,10.34072160620798,8.617268005173317,22
1006333,Kent Hansen,43980262,Ask Benham,10,12,8.617268005173317,10.34072160620798,22
1006135,Anas Khan,7153377,Henning Ingvorsen,10,12,8.617268005173317,10.34072160620798,22
1006360,Lars Harby,10585213,Veejay Adriano,11,11,9.478994805690649,9.478994805690649,22
1006431,Pål Daud Fillipsveen,16686499,Herman Aleksander Wium,14,8,11.860558094582641,6.690197291478651,22
3185355,Ivar Lexi,44184394,Per Arne Grotthing,8,14,6.32439768907439,11.325864961967987,22
26005654,Jacob Sæther,55415260,Dag Erik Wiig,11,11,9.341136466294742,9.341136466294742,22
1006277,Ingolf Höns,3185355,Ivar Lexi,11,11,8.606983766012673,9.046201770883876,22
1024799,Stig Nesvik,25743094,Mohamed Salkiny,8,14,5.664542007420355,10.529763854684838,22
16476664,Øystein Følling,5140422,Tomas Gryczon,13,9,8.29511347093767,4.824479282836084,22
1566758,Tor-Arne Slorafoss,7719582,Astrid E. Pedersen,8,14,3.682004226027564,7.336427381988214,22
25484464,Joaquin K. Yovine,54197755,Tom erik Lysenstøen,17,5,12.98556885774175,3.6322583041323626,22
1006220,Erik Gårdelöf,42921529,Joshua Turla Tuppal,18,4,13.986544726672356,3.0759507804925676,22
10220035,Marius Lamby Solvang,20010922,Tudor Pauliuc,12,10,9.053875173230528,7.544895977692106,22
1286181,Petri Makkonen,6839980,Daniel Lorentzen-Styr,10,12,7.544895977692106,9.053875173230528,22
1093760,Mindaugas Jomantas,34735372,Karl Våglund,10,12,7.544895977692106,9.053875173230528,22
13874206,Torvald Asplund Trollhättan BK,15567079,Pawel Goik,12,10,9.053875173230528,7.544895977692106,22
1417853,Robin Hauge Pettersen,6180822,Christian Rundqvist   Trollhättans Bk,12,10,9.053875173230528,7.544895977692106,22
1006465,Ronny Oldervik,6600268,Kim Soo Garmark,12,10,9.053875173230528,7.544895977692106,22
13988242,Monika Goik,2298416,Terje Kristoffersen,10,12,7.544895977692106,9.053875173230528,22
1006195,Damianos Giallourakis,6172489,Alban Richard,10,12,7.544895977692106,9.053875173230528,22
1006288,Jan Kjetil Nordrum,6172489,Alban Richard,12,10,9.053875173230528,7.544895977692106,22
1061867,Stig Ringebo,6600268,Kim Soo Garmark,8,14,5.822049033122277,10.162760167095287,22
1006184,Christian Johannessen,1006281,Jan Atle Kofoed,19,3,6.44559324653715,0.6493844354810686,22
20124274,Paolo Speciale,53204752,Julianne Myhren-heyerdahl,22,0,15.733139874121465,0.0,22
2167690,Iselin Masternes,7719582,Astrid E. Pedersen,10,12,4.396088304300672,6.092370993139192,22
1006360,Lars Harby,6686119,Levi Pavdeja,15,7,8.713461358233808,4.169133505480924,22
1006298,Jarek (Barracuda) Kapuściński,1566758,Tor-Arne Slorafoss,13,9,8.3731826081017,5.242693364907406,22
1670605,Bernadette Bodó,7711820,Marie Hoff Petersen,10,12,6.07372275269124,7.2884673032294875,22
1123060,"Paweł ""Mumrikken"" Zalewski",8498578,Riaz Ali,12,10,7.2884673032294875,6.07372275269124,22
1441973,Geir Holmqvist,1960202,Ola Magnus Johnsen,12,10,7.2884673032294875,6.07372275269124,22
20361406,Amir Khan,20637220,Sindre Aarhus Narvestad,12,10,6.171290112764547,4.875567981065439,22
1006204,Egil Arne Sørensen,1093760,Mindaugas Jomantas,13,9,4.273034059388038,3.3191827240997607,22
12348586,Runar Leiren,17419783,Ketil Blix,15,7,7.686362586803973,3.515567800181948,22
24897019,Robert Hedin,6137239,Rudi Mathisen,15,7,7.95980965321426,3.714130208526606,22
19913527,Wael Handal,26005654,Jacob Sæther,10,12,5.172946887562548,6.233054661333625,22
5493128,Per christian Slåtta,7959797,Pergantis Zalachas,13,9,4.214595178086385,3.083132733264999,22
4797871,Johannes Ulsund,7131339,Roger Mølmann,6,16,1.9452010632586,5.686260669527701,22
3012666,Eirik Sandaaker,7719582,Astrid E. Pedersen,12,10,3.8301307088524537,3.3634629208881774,22
3585947,Didrik Voga Berg,6839980,Daniel Lorentzen-Styr,10,12,3.472329598861775,4.1396826363227905,22
1006220,Erik Gårdelöf,2639057,Ivan Blomqvist,8,14,2.564052896250988,3.952106512889791,22
1024799,Stig Nesvik,3012666,Eirik Sandaaker,12,10,3.859199988530698,3.226253500018702,22
1708121,Petter Olsen,1946517,Ivan Tadic,6,16,0.9590053095341211,2.893257589374649,22
1075717,Bjørn Erik Øverland,6839980,Daniel Lorentzen-Styr,12,10,2.9914895141699205,2.492907928474934,22
1946517,Ivan Tadic,4797871,Johannes Ulsund,10,12,2.1260791539401254,2.670624545370057,22
1006157,Asle M. Johansen,1024799,Stig Nesvik,11,11,1.5511041608002945,1.9042580099928037,22
1006163,Bjørn Bratteberg,3428055,Rune Fevang,16,6,3.915858399091631,1.4684468996593611,22
1006487,Desak Sri Pustini,2052753,Morten Falk,10,12,2.085718072215256,2.5296185834368963,22
1750663,Tore Mo,3012666,Eirik Sandaaker,13,9,2.7773546955405375,1.9037273500933196,22
3256681,Alex Hoang Hai Nguyen,3543748,Thong Trong Ho,12,10,2.135147808716103,1.9454252045334042,22
1969238,Audun Brede,2167690,Iselin Masternes,14,8,2.258640927240081,1.1923405718560687,22
1006215,Emil Andreassen,1750663,Tore Mo,12,10,2.104592630086976,1.739582187178022,22
2057268,Øyvind Stenhaug,4989992,Ronny Andresen,7,15,1.2377190302464889,2.6522550648139047,22
1969238,Audun Brede,3595353,Knut Holm,6,16,1.0209678425741333,2.7200729737880684,22
1022588,Nikolaos Chatzitheodorou,1946517,Ivan Tadic,15,7,2.407107278803233,1.111620551975934,22
2251353,Mentor Nuredini,2653482,Adil Lusjani,13,9,2.0661292012637094,1.4315885445853342,22
1006543,Trond Lid Cappelen,1946517,Ivan Tadic,14,8,1.9957669943379543,1.2028324569219286,22
2052753,Morten Falk,2140752,Mats Larsen,16,6,2.227387623055443,0.8352703586457915,22
2167253,Michel Mateos,2181146,Mentor Nuredini,14,8,1.9317798207622332,1.1038741832927046,22
1472748,Tommy Martinsen,2052753,Morten Falk,10,12,1.3628740713262497,1.6340081808415479,22
1006458,Roger Rasmussen,1033026,Robin Hagerup Ertesvåg,11,11,1.4541057337135102,1.4571295697424278,22
51736666,Yakup Aliz,80198077,Nils Vogt,13,8,12.773072590549122,7.901980012548043,21
1024799,Stig Nesvik,4849639,Petter Rognlien,15,6,10.115998361258427,4.536079289685768,21
16144084,Truls Bakken,81177493,Bjørn Wildhagen,18,3,17.250763127965122,2.8751271879941873,21
1123060,"Paweł ""Mumrikken"" Zalewski",3185355,Ivar Lexi,9,12,7.927267412050403,11.371257545131506,21
2194859,Eivind Yoo Yong Jae Johansen,6839980,Daniel Lorentzen-Styr,6,15,5.7328130228202525,14.332032557050628,21
40844470,Øyvind Løvseth,70090471,Øyvind Risan,9,12,8.54865410223457,11.398205469646092,21
1006562,Yousef Austrheim,7153377,Henning Ingvorsen,12,9,11.398205469646092,8.54865410223457,21
1022496,Jozef Kwit,25743094,Mohamed Salkiny,12,9,11.398205469646092,8.54865410223457,21
1272012,Erol Dane Mula,14638297,Joakim Langkås,10,11,9.49850455803841,10.448355013842251,21
13720633,Håkon Haukebøe,17978686,Ibra Alkhader,3,18,2.511785648792112,14.575714473557,21
10220035,Marius Lamby Solvang,2947265,Bernjard David C Ruiz,14,7,6.639546851959205,2.4370175704375665,21
2194859,Eivind Yoo Yong Jae Johansen,3682319,Lasse Rognlien,9,12,7.901746490074032,9.784544699263314,21
1006458,Roger Rasmussen,1030563,Alexander Baranji,18,3,16.843245562479197,2.807207593746533,21
26005654,Jacob Sæther,6686119,Levi Pavdeja,7,14,5.970927283934978,11.733316802574684,21
26005654,Jacob Sæther,63113578,Håkon Kristiansen,19,2,16.2584682167395,1.8608471196282255,21
1024805,Audun Bjerve,1123060,"Paweł ""Mumrikken"" Zalewski",9,12,7.703438070981905,10.444884675886522,21
1006220,Erik Gårdelöf,16476664,Øystein Følling,16,5,12.926147751134096,4.0809559790056,21
44184394,Per Arne Grotthing,51736666,Yakup Aliz,12,9,10.466371914352266,7.809546030479617,21
1030563,Alexander Baranji,26005654,Jacob Sæther,8,13,6.235932700172691,10.692980782812237,21
1006513,Thomas Fjæran,44184394,Per Arne Grotthing,13,8,10.948570183045582,6.654590061606162,21
1006431,Pål Daud Fillipsveen,6686119,Levi Pavdeja,9,12,5.464781099263967,8.829692555936552,21
1006204,Egil Arne Sørensen,7719582,Astrid E. Pedersen,12,9,10.34072160620798,7.755541204655985,21
10220035,Marius Lamby Solvang,16636270,Stian Wium,12,9,10.34072160620798,7.755541204655985,21
1006345,Kjetil Aasane Fredriksen,6686119,Levi Pavdeja,11,10,9.478994805690649,8.617268005173317,21
23594815,Svein Gjermundsen,3212629,Rolf G. Sedsbøe Jensen,11,10,9.478994805690649,8.617268005173317,21
1006345,Kjetil Aasane Fredriksen,1298131,Jack Nordby,12,9,10.34072160620798,7.755541204655985,21
2298416,Terje Kristoffersen,7153377,Henning Ingvorsen,9,12,7.755541204655985,10.34072160620798,21
1006214,Emil André Gangfløt,1006345,Kjetil Aasane Fredriksen,12,9,10.34072160620798,7.755541204655985,21
1960202,Ola Magnus Johnsen,54197755,Tom erik Lysenstøen,19,2,14.713849608300244,1.4540043876896083,21
10585213,Veejay Adriano,57799534,Iris Marie Evdahl,15,6,11.835761572013714,4.608681187492092,21
25875517,Christian Hedin,54197755,Tom erik Lysenstøen,17,4,14.115110271477885,3.3284299146584586,21
25743094,Mohamed Salkiny,30913960,Josef Knutsson,10,11,8.423464339381345,9.26581077331948,21
1006204,Egil Arne Sørensen,54197755,Tom erik Lysenstøen,18,3,14.678667175215637,2.430325574680248,21
1006360,Lars Harby,2581136,Mona Søvold Sunde,16,5,13.179004734111139,4.2117321696906735,21
1006513,Thomas Fjæran,17978686,Ibra Alkhader,14,7,11.263690357454426,5.749296545029491,21
53204752,Julianne Myhren-heyerdahl,7959797,Pergantis Zalachas,7,14,5.202060474727662,10.732639660527857,21
1061867,Stig Ringebo,5140422,Tomas Gryczon,16,5,12.16039415390286,4.1463041927418445,21
42921529,Joshua Turla Tuppal,54197755,Tom erik Lysenstøen,15,6,11.083477001824457,4.489951632481599,21
1510340,Andris Viksnins,19616722,Lobsang Thupten,10,11,6.596401545323796,7.3496407627950955,21
1510340,Andris Viksnins,7719582,Astrid E. Pedersen,13,8,6.458350405878547,3.3174678132831006,21
1006360,Lars Harby,16144084,Truls Bakken,17,4,10.318900484914467,2.1412244833320333,21
16686499,Herman Aleksander Wium,19616722,Lobsang Thupten,11,10,8.141416125320251,7.505008140897791,21
1006204,Egil Arne Sørensen,1006333,Kent Hansen,15,6,6.105133102301781,3.521205017826617,21
1006345,Kjetil Aasane Fredriksen,42921529,Joshua Turla Tuppal,12,9,9.053875173230528,6.790406379922896,21
24897019,Robert Hedin,40844470,Øyvind Løvseth,12,9,9.053875173230528,6.790406379922896,21
6172489,Alban Richard,9990106,Jonas Nyman Trollhättans BK,12,9,9.053875173230528,6.790406379922896,21
2080111,Casper Cappe Matikainen,24897019,Robert Hedin,12,9,9.053875173230528,6.790406379922896,21
3532613,Tom Kristiansen,40384564,James Acker,12,9,9.053875173230528,6.790406379922896,21
12836296,Kochar Habib Mushir,13988242,Monika Goik,12,9,9.053875173230528,6.790406379922896,21
16636270,Stian Wium,2311288,David Larsson,10,11,7.544895977692106,8.299385575461317,21
1006292,Jan Thomassen,7284524,Daniel Hult,9,12,6.790406379922896,9.053875173230528,21
1006450,Robert Farinetti,54197755,Tom erik Lysenstøen,12,9,9.053875173230528,6.790406379922896,21
12836296,Kochar Habib Mushir,16636270,Stian Wium,12,9,9.053875173230528,6.790406379922896,21
1006333,Kent Hansen,20361406,Amir Khan,10,11,7.479159843125754,8.22707582743833,21
1566758,Tor-Arne Slorafoss,1960202,Ola Magnus Johnsen,10,11,5.674077809456403,6.711777346218624,21
1006298,Jarek (Barracuda) Kapuściński,3682319,Lasse Rognlien,15,6,9.798980439662591,3.6868985781760797,21
16144084,Truls Bakken,3212629,Rolf G. Sedsbøe Jensen,11,10,7.866569937060733,7.151427215509758,21
3428055,Rune Fevang,7719582,Astrid E. Pedersen,7,14,4.001694592119469,9.34246179588875,21
1042070,Henrik Olsson,6686119,Levi Pavdeja,11,10,6.351655407744352,6.173932741320551,21
1566758,Tor-Arne Slorafoss,16476664,Øystein Følling,8,13,4.503314322556477,7.9796293193177155,21
1006298,Jarek (Barracuda) Kapuściński,2581136,Mona Søvold Sunde,12,9,6.166117820353231,3.3952597446714763,21
1123060,"Paweł ""Mumrikken"" Zalewski",1441973,Geir Holmqvist,9,12,5.466350477422116,7.2884673032294875,21
1277819,Lasse Kåring,7719582,Astrid E. Pedersen,13,8,4.916541936922087,3.147059129028754,21
1006215,Emil Andreassen,2053323,Ib Christiansen,12,9,2.865362966008223,1.7664034817108272,21
1006333,Kent Hansen,1510340,Andris Viksnins,12,9,3.577707440182242,2.5548566645722413,21
12165220,Rune Johnsen,7719582,Astrid E. Pedersen,12,9,4.118058772135821,3.0889235609622427,21
2194859,Eivind Yoo Yong Jae Johansen,7131339,Roger Mølmann,10,11,3.1716691838195104,3.5529317031118097,21
1708121,Petter Olsen,2166616,Philippe Béal,9,12,1.3815716849960324,1.9204649880914362,21
2166616,Philippe Béal,5140422,Tomas Gryczon,11,10,1.8897328367908968,1.8866274955214133,21
1006215,Emil Andreassen,1277819,Lasse Kåring,9,12,2.243617135627441,2.9914895141699205,21
1006215,Emil Andreassen,1075717,Bjørn Erik Øverland,4,17,0.42369662556361826,3.5211102961244434,21
1750663,Tore Mo,3119948,Huan Bao Ngo,5,16,0.8459903778647364,2.654918910893429,21
1006458,Roger Rasmussen,1046692,Mario He,10,11,1.9538766346926462,2.149264298161911,21
1097814,Mika Immonen,1286245,Kim Laaksonen,11,10,2.149264298161911,1.9538766346926462,21
1046692,Mario He,6082347,Pijus Labutis,10,11,1.9538766346926462,2.149264298161911,21
1006281,Jan Atle Kofoed,1093760,Mindaugas Jomantas,9,12,1.3846409458226128,1.8906222716458854,21
1006458,Roger Rasmussen,1359835,Per Hagen,8,13,1.454499745725457,2.0756302360189025,21
1006373,Mark McGauley,1272012,Erol Dane Mula,12,9,2.25675348798899,1.6931001109015655,21
2167690,Iselin Masternes,3120055,Per Christian Slåtta,8,13,1.3473253667932366,2.236296627548901,21
3081704,Sundar K,3119948,Huan Bao Ngo,10,11,1.632319805689297,1.8091386127696527,21
1751232,Øyvind Stenhaug,1946517,Ivan Tadic,10,11,1.4671023864154105,1.5951224094681138,21
2140742,Jamal Malik,2251353,Mentor Nuredini,9,12,1.3862316436547184,1.8535095169335076,21
1016894,Tommy Andersen,1946517,Ivan Tadic,5,16,0.6986020025494397,2.3470706364836045,21
1006360,Lars Harby,1359835,Per Hagen,9,12,1.3733113805189676,1.831535093375084,21
1015952,Marius Farås,1967863,Nate Komljenovic,9,12,1.2201196665742886,1.6389070759727202,21
1022496,Jozef Kwit,1075717,Bjørn Erik Øverland,5,16,0.6524723169105447,2.0521061679344488,21
62353570,Hallvard Olaussen,71956222,Raymond Mælen,6,14,5.814042564988663,13.512505254616084,20
26005654,Jacob Sæther,54197755,Tom erik Lysenstøen,15,5,13.231012443590041,4.219353464502452,20
53204752,Julianne Myhren-heyerdahl,71956222,Raymond Mælen,8,12,7.1145707836800085,10.894784620697504,20
54197755,Tom erik Lysenstøen,71956222,Raymond Mælen,4,16,3.7291753487477624,15.056028509789863,20
1960202,Ola Magnus Johnsen,3185355,Ivar Lexi,17,3,13.674219475702612,2.1811797793789864,20
1093760,Mindaugas Jomantas,44184394,Per Arne Grotthing,8,12,7.1068197927171255,10.753698954248677,20
7153377,Henning Ingvorsen,81177493,Bjørn Wildhagen,18,2,17.250763127965122,1.9167514586627916,20
1006420,Ole Tobias Tanilon Gangfløt,2194859,Eivind Yoo Yong Jae Johansen,16,4,15.287501394187336,3.821875348546835,20
1093760,Mindaugas Jomantas,44478316,Rune Stensvold,12,8,11.398205469646092,7.59880364643073,20
13295035,Jan Olav Johnsen,25743094,Mohamed Salkiny,8,12,7.59880364643073,11.398205469646092,20
1006360,Lars Harby,15567079,Pawel Goik,12,8,11.398205469646092,7.59880364643073,20
10220035,Marius Lamby Solvang,1272012,Erol Dane Mula,9,11,8.54865410223457,10.448355013842251,20
1024799,Stig Nesvik,7153377,Henning Ingvorsen,8,12,7.59880364643073,11.398205469646092,20
58725133,Kjell-egil Woster,7153377,Henning Ingvorsen,8,12,7.59880364643073,11.398205469646092,20
1006360,Lars Harby,14638297,Joakim Langkås,8,12,7.59880364643073,11.398205469646092,20
10220035,Marius Lamby Solvang,33729541,Eivind Yoo Yong Jae Johansen,11,9,9.76189020441204,7.878765564098748,20
1006549,Umar Hayat Ali,1095179,Ernesto Antonio Meléndez,9,11,3.95106967741458,6.4748366106735835,20
3183489,Knut-Håkon Helgesen,51736666,Yakup Aliz,4,16,3.543932015141997,14.175728060567991,20
1272012,Erol Dane Mula,53649337,Erlend Helgesen,10,10,8.732038557729782,8.824412727021612,20
1006292,Jan Thomassen,11218942,Stein Amundsen,12,8,10.902442329495038,7.34245421580782,20
1024805,Audun Bjerve,1960202,Ola Magnus Johnsen,9,11,8.10383248207248,9.602671485703446,20
63113578,Håkon Kristiansen,74738734,Frode Johansen,14,6,12.214278274897685,5.1474255860015194,20
1093760,Mindaugas Jomantas,24897019,Robert Hedin,11,9,8.937651448599212,7.765303760817762,20
1006406,Nina Torvund,16636270,Stian Wium,8,12,6.893814404138653,10.34072160620798,20
1006220,Erik Gårdelöf,23594815,Svein Gjermundsen,12,8,10.34072160620798,6.893814404138653,20
19030543,Martin Olsson,3212629,Rolf G. Sedsbøe Jensen,8,12,6.893814404138653,10.34072160620798,20
1006431,Pål Daud Fillipsveen,1670605,Bernadette Bodó,12,8,10.34072160620798,6.893814404138653,20
14638297,Joakim Langkås,23594815,Svein Gjermundsen,12,8,10.34072160620798,6.893814404138653,20
1006450,Robert Farinetti,7959797,Pergantis Zalachas,8,12,6.893814404138653,10.34072160620798,20
20124274,Paolo Speciale,26005654,Jacob Sæther,8,12,6.873312080390486,10.30996812058573,20
3682319,Lasse Rognlien,6600268,Kim Soo Garmark,5,15,4.032851388542409,11.16775626075284,20
1006204,Egil Arne Sørensen,25875517,Christian Hedin,13,7,10.950503641195748,5.896425037566942,20
1024799,Stig Nesvik,1566758,Tor-Arne Slorafoss,13,7,8.833535686739678,4.250657139306128,20
25875517,Christian Hedin,53204752,Julianne Myhren-heyerdahl,18,2,14.601807952540641,1.4978835817610103,20
1006431,Pål Daud Fillipsveen,25743094,Mohamed Salkiny,8,12,6.192495521186408,9.02998397872949,20
1022496,Jozef Kwit,6686119,Levi Pavdeja,7,13,5.790357588037379,10.764949233908196,20
1006204,Egil Arne Sørensen,1006292,Jan Thomassen,13,7,5.653268071321855,3.4011760519157135,20
17978686,Ibra Alkhader,8217316,Ida Amundsen Holtet,18,2,14.055195360966446,1.5910432345192973,20
1006220,Erik Gårdelöf,19616722,Lobsang Thupten,16,4,11.946649109234986,2.8966867982046685,20
17978686,Ibra Alkhader,8435377,Geir Anfinsen,11,9,8.535435205401308,6.983537895328343,20
17978686,Ibra Alkhader,8498578,Riaz Ali,18,2,13.642522069787715,1.5158357855319677,20
2581136,Mona Søvold Sunde,3212629,Rolf G. Sedsbøe Jensen,9,11,6.790406379922896,8.299385575461317,20
17978686,Ibra Alkhader,36990883,Anders Valde,12,8,9.053875173230528,6.035916782153685,20
1006288,Jan Kjetil Nordrum,1006431,Pål Daud Fillipsveen,12,8,9.053875173230528,6.035916782153685,20
1006271,Henrik Hagen,26143903,Katrine Sætereng,12,8,9.053875173230528,6.035916782153685,20
1272012,Erol Dane Mula,7284524,Daniel Hult,8,12,6.035916782153685,9.053875173230528,20
25484464,Joaquin K. Yovine,42921529,Joshua Turla Tuppal,8,12,6.035916782153685,9.053875173230528,20
1286181,Petri Makkonen,40844470,Øyvind Løvseth,12,8,9.053875173230528,6.035916782153685,20
1006220,Erik Gårdelöf,1006340,Kjartan Maraas,12,8,9.053875173230528,6.035916782153685,20
1006288,Jan Kjetil Nordrum,1006450,Robert Farinetti,11,9,8.299385575461317,6.790406379922896,20
1006135,Anas Khan,1006431,Pål Daud Fillipsveen,12,8,9.053875173230528,6.035916782153685,20
13295035,Jan Olav Johnsen,15567079,Pawel Goik,8,12,6.035916782153685,9.053875173230528,20
24897019,Robert Hedin,3212629,Rolf G. Sedsbøe Jensen,11,9,8.299385575461317,6.573827698371755,20
16636270,Stian Wium,36990883,Anders Valde,12,8,9.053875173230528,6.035916782153685,20
1006465,Ronny Oldervik,6839980,Daniel Lorentzen-Styr,8,12,6.035916782153685,9.053875173230528,20
1006135,Anas Khan,1006549,Umar Hayat Ali,8,12,6.035916782153685,9.053875173230528,20
12836296,Kochar Habib Mushir,6172489,Alban Richard,8,12,6.035916782153685,9.053875173230528,20
1035589,Sebastian Mæhlum,1093760,Mindaugas Jomantas,14,6,7.458184965250558,3.807168190986448,20
44184394,Per Arne Grotthing,6600268,Kim Soo Garmark,6,14,4.151644272579083,9.378963734386758,20
12348586,Runar Leiren,7719582,Astrid E. Pedersen,8,12,3.654667472209424,6.063794274248834,20
1024799,Stig Nesvik,16476664,Øystein Følling,10,10,1.9672844273022099,3.885669517063411,20
1006333,Kent Hansen,1006403,Niklas Engström-Øvretveit,8,12,3.7910674146455916,6.2357954639780075,20
1123060,"Paweł ""Mumrikken"" Zalewski",5140422,Tomas Gryczon,13,7,7.929882197641223,4.3196911651690915,20
26143903,Katrine Sætereng,45883531,Nico Garibaldi,12,8,7.2884673032294875,4.858978202152993,20
7711820,Marie Hoff Petersen,8498578,Riaz Ali,8,12,4.858978202152993,7.2884673032294875,20
17419783,Ketil Blix,2167690,Iselin Masternes,7,13,3.272448098819612,6.2280977807304945,20
1006171,Bjørnar Davidsen,1006178,Carl Kolrud,13,7,2.718268822971637,2.09386817094863,20
16282693,Mikko Virtanen,17419783,Ketil Blix,16,4,7.684847005455055,1.8665811999743145,20
15015523,Vijay Jadhav,1566758,Tor-Arne Slorafoss,12,8,5.355882873961988,3.5810674312246342,20
1024799,Stig Nesvik,15015523,Vijay Jadhav,11,9,4.640448083028326,3.8159466106493376,20
2252446,Tor Bugten,3428055,Rune Fevang,14,6,5.301767168927024,2.268832102109828,20
4797871,Johannes Ulsund,6181993,Kim Bjørnstad,7,13,2.123544400835555,3.034594611874215,20
1015461,Nils Arild Sabbasen,1510340,Andris Viksnins,7,13,2.184139590292527,3.64567382557232,20
2827292,Simen Jøndal,6181993,Kim Bjørnstad,7,13,1.7837149735369577,3.625765682858497,20
1510340,Andris Viksnins,3012666,Eirik Sandaaker,15,5,4.751747627201401,1.5778704451674417,20
1006171,Bjørnar Davidsen,1024799,Stig Nesvik,9,11,1.6951416055140545,2.6198805194853745,20
1006171,Bjørnar Davidsen,5493128,Per christian Slåtta,20,0,5.03955019641151,0.0,20
3428055,Rune Fevang,5129473,Andreas Bjørnhaug,7,13,1.5118052903471093,2.7109791989614713,20
1093760,Mindaugas Jomantas,1750663,Tore Mo,11,9,2.2995285635524985,1.882915146540737,20
1006332,Kent Halldin,1093760,Mindaugas Jomantas,15,5,2.4860014028591944,0.7362803121618866,20
1006281,Jan Atle Kofoed,1006332,Kent Halldin,5,15,0.8953353602874963,2.4860014028591944,20
5140422,Tomas Gryczon,5916966,Per Christian Slåtta,14,6,2.7964506469382107,1.2314622280037533,20
1286181,Petri Makkonen,6082347,Pijus Labutis,9,11,1.7584889712233815,2.149264298161911,20
1006195,Damianos Giallourakis,6186620,Wiktor Zieliński,9,11,1.7584889712233815,2.149264298161911,20
6082347,Pijus Labutis,6186620,Wiktor Zieliński,9,11,1.7584889712233815,2.149264298161911,20
3081704,Sundar K,5140422,Tomas Gryczon,11,9,1.9992375443202852,1.609845770791228,20
2947265,Bernjard David C Ruiz,4797871,Johannes Ulsund,8,12,1.4378499394756656,2.168987997051559,20
1946517,Ivan Tadic,2947265,Bernjard David C Ruiz,13,7,2.0944033507349076,1.1018082371878632,20
1750663,Tore Mo,2653482,Adil Lusjani,7,13,1.1065864969192551,2.0883712938494825,20
1006543,Trond Lid Cappelen,1022588,Nikolaos Chatzitheodorou,9,11,1.3656181438380472,1.6807439743544128,20
2140752,Mats Larsen,2251353,Mentor Nuredini,9,11,1.2634007176256201,1.5538056592101555,20
1902521,Tom-Henrik Sandvik,2431085,Shakir,14,6,2.0102956662386826,0.8615552855308638,20
1013991,Ahad Rashid,1024806,Lars Nitteberg,10,10,1.3408023326477518,1.323761129252109,20
1969238,Audun Brede,2053323,Ib Christiansen,6,14,0.8279056374695284,1.9621620537324813,20
1033026,Robin Hagerup Ertesvåg,1093760,Mindaugas Jomantas,12,8,1.4647477348967883,0.9580548843877701,20
1006171,Bjørnar Davidsen,1024806,Lars Nitteberg,13,7,1.6843912237261864,0.8981568991820378,20
17419783,Ketil Blix,63113578,Håkon Kristiansen,7,12,6.113257683701744,11.00914079002681,19
26143903,Katrine Sætereng,80088046,Kim Rui,10,9,9.899295960795198,8.909366364715678,19
1006431,Pål Daud Fillipsveen,11218942,Stein Amundsen,9,10,8.224177360310538,9.382263463700511,19
1006184,Christian Johannessen,1093760,Mindaugas Jomantas,14,5,8.933851242815422,2.352260220389437,19
1006333,Kent Hansen,54197755,Tom erik Lysenstøen,17,2,13.956412022973481,1.553140650080767,19
1006536,Tormod Rygge,1024799,Stig Nesvik,12,7,10.654466785073256,5.817634300551872,19
17419783,Ketil Blix,26005654,Jacob Sæther,8,11,5.392992771692611,7.913559391459401,19
6839980,Daniel Lorentzen-Styr,85089859,Stian Rekdal,10,9,9.603166518634296,8.64588730395709,19
1006372,Marius Nørsterud,7153377,Henning Ingvorsen,12,7,11.500508751976747,6.70863010531977,19
15567079,Pawel Goik,40844470,Øyvind Løvseth,7,12,6.648953190626888,11.398205469646092,19
1006562,Yousef Austrheim,1272012,Erol Dane Mula,7,12,6.648953190626888,11.398205469646092,19
16686499,Herman Aleksander Wium,70090471,Øyvind Risan,7,12,6.648953190626888,11.398205469646092,19
1006562,Yousef Austrheim,40844470,Øyvind Løvseth,7,12,6.648953190626888,11.398205469646092,19
1006458,Roger Rasmussen,77274373,Elin Demoniere,18,1,16.843245562479197,0.9357358645821776,19
13720633,Håkon Haukebøe,44184394,Per Arne Grotthing,6,13,5.028890966755731,10.87749120897579,19
1123060,"Paweł ""Mumrikken"" Zalewski",51736666,Yakup Aliz,12,7,10.018206135400131,6.122352559000881,19
3682319,Lasse Rognlien,51736666,Yakup Aliz,6,13,5.3258120521065555,11.640863244986038,19
1006360,Lars Harby,17978686,Ibra Alkhader,9,10,6.948329041193338,7.919807644109566,19
1006220,Erik Gårdelöf,44184394,Per Arne Grotthing,15,4,12.554752876843274,3.4141181878936657,19
10220035,Marius Lamby Solvang,3682319,Lasse Rognlien,7,12,5.4245588147693375,8.794935605628385,19
6600268,Kim Soo Garmark,73722376,Seva Tkach,15,4,13.369085989944923,3.5650895973186447,19
1006333,Kent Hansen,6686119,Levi Pavdeja,9,10,7.003828480214116,7.559498389498049,19
6839980,Daniel Lorentzen-Styr,7959797,Pergantis Zalachas,13,6,7.010385694993292,1.8805809768555752,19
26143903,Katrine Sætereng,44184394,Per Arne Grotthing,9,10,6.479399825016607,7.621350059053906,19
24897019,Robert Hedin,3682319,Lasse Rognlien,16,3,12.673902261032339,2.5769710680006854,19
10585213,Veejay Adriano,19030543,Martin Olsson,12,7,10.34072160620798,6.032087603621322,19
1006562,Yousef Austrheim,10585213,Veejay Adriano,8,11,6.893814404138653,9.478994805690649,19
16686499,Herman Aleksander Wium,1670605,Bernadette Bodó,12,7,10.34072160620798,6.032087603621322,19
15567079,Pawel Goik,25743094,Mohamed Salkiny,7,12,6.032087603621322,10.34072160620798,19
10220035,Marius Lamby Solvang,2298416,Terje Kristoffersen,7,12,6.032087603621322,10.34072160620798,19
1006450,Robert Farinetti,10585213,Veejay Adriano,12,7,10.34072160620798,6.032087603621322,19
1123060,"Paweł ""Mumrikken"" Zalewski",43980262,Ask Benham,12,7,10.34072160620798,6.032087603621322,19
1006220,Erik Gårdelöf,7153377,Henning Ingvorsen,12,7,10.34072160620798,6.032087603621322,19
1006220,Erik Gårdelöf,25875517,Christian Hedin,13,6,10.837145691777033,4.990347442507538,19
1006184,Christian Johannessen,17978686,Ibra Alkhader,9,10,6.982931231262781,7.048378600172298,19
1006184,Christian Johannessen,6686119,Levi Pavdeja,13,6,10.142364189924667,4.993744078332236,19
25743094,Mohamed Salkiny,2581136,Mona Søvold Sunde,14,5,11.792850075133883,4.2117321696906735,19
33729541,Eivind Yoo Yong Jae Johansen,6600268,Kim Soo Garmark,6,13,5.054078603628808,10.950503641195748,19
1006220,Erik Gårdelöf,53649337,Erlend Helgesen,15,4,12.274545121689506,3.252762321010371,19
1061867,Stig Ringebo,1298131,Jack Nordby,9,10,6.905329344654386,7.661327818128037,19
1042070,Henrik Olsson,44184394,Per Arne Grotthing,14,5,10.948413952312018,3.911474724984493,19
1272012,Erol Dane Mula,53204752,Julianne Myhren-heyerdahl,14,5,10.645746245143657,3.661231654168658,19
1006467,Roy Toycowboy Grimsen,3185355,Ivar Lexi,11,8,7.714737927627203,5.542729985745947,19
1006333,Kent Hansen,7719582,Astrid E. Pedersen,15,4,10.754419876253857,2.724254108842663,19
1006513,Thomas Fjæran,25484464,Joaquin K. Yovine,7,12,5.281427184384475,9.053875173230528,19
1417853,Robin Hauge Pettersen,3532613,Tom Kristiansen,12,7,9.053875173230528,5.281427184384475,19
1006340,Kjartan Maraas,25743094,Mohamed Salkiny,12,7,9.053875173230528,5.281427184384475,19
1006465,Ronny Oldervik,25484464,Joaquin K. Yovine,10,9,7.544895977692106,6.790406379922896,19
1006457,Roger Lysholm,16144084,Truls Bakken,11,8,8.299385575461317,6.035916782153685,19
13295035,Jan Olav Johnsen,2581136,Mona Søvold Sunde,11,8,8.299385575461317,6.035916782153685,19
1006271,Henrik Hagen,6180822,Christian Rundqvist   Trollhättans Bk,12,7,9.053875173230528,5.281427184384475,19
1006271,Henrik Hagen,26005654,Jacob Sæther,12,7,9.053875173230528,5.281427184384475,19
1006333,Kent Hansen,15982738,Asgeir Elfar Asgeirsson,12,7,9.053875173230528,5.281427184384475,19
1006457,Roger Lysholm,2298416,Terje Kristoffersen,12,7,9.053875173230528,5.281427184384475,19
1024799,Stig Nesvik,6686119,Levi Pavdeja,7,12,4.2362731678232235,7.4657371395273575,19
1006204,Egil Arne Sørensen,1042070,Henrik Olsson,5,14,3.6450216549251997,10.119638924486708,19
1006292,Jan Thomassen,1024799,Stig Nesvik,11,8,3.7303328495451,3.37790824633115,19
1510340,Andris Viksnins,16686499,Herman Aleksander Wium,11,8,7.192713063662075,5.213491872858764,19
1006403,Niklas Engström-Øvretveit,20124274,Paolo Speciale,13,6,6.954561948509699,2.8394206262074353,19
1006467,Roy Toycowboy Grimsen,7153377,Henning Ingvorsen,6,13,3.6442336516147447,7.895839578498611,19
1272012,Erol Dane Mula,1441973,Geir Holmqvist,7,12,4.251605926883869,7.2884673032294875,19
20361406,Amir Khan,2252446,Tor Bugten,10,9,5.509896433925937,5.04914072322546,19
6839980,Daniel Lorentzen-Styr,7962169,Patryk Statkiewicz,8,11,3.9642654669668422,5.529560017124955,19
24897019,Robert Hedin,7962169,Patryk Statkiewicz,9,10,4.509214704356846,4.786686176555034,19
19913527,Wael Handal,7719582,Astrid E. Pedersen,11,8,5.661007762890024,4.17525690256932,19
2167690,Iselin Masternes,26005654,Jacob Sæther,6,13,2.871439134041959,6.443053503206153,19
7959797,Pergantis Zalachas,8217316,Ida Amundsen Holtet,15,4,5.475078697590015,1.6351047322573513,19
1566758,Tor-Arne Slorafoss,18284020,Nomen Nescio,10,9,4.37441690739661,3.915993568416394,19
16590622,Kjetil Nordal,7719582,Astrid E. Pedersen,8,11,3.404253106467529,4.709752885954143,19
16978756,Kevin Jensen,2252446,Tor Bugten,8,11,3.088860561257363,4.253858591543297,19
1750663,Tore Mo,5493128,Per christian Slåtta,12,7,3.461701245345945,2.089585094918055,19
1010312,Mikael Øgaard,1268827,Bastian Andreassen,10,9,3.450690385309399,3.0971628938817712,19
1006458,Roger Rasmussen,1079105,Didrik Vatne,11,8,2.3204673811896632,2.136795338404595,19
10220035,Marius Lamby Solvang,1708121,Petter Olsen,10,9,3.413242427598341,3.041321053002879,19
5493128,Per christian Slåtta,8217316,Ida Amundsen Holtet,10,9,3.201324674809778,2.8692160293173568,19
1024799,Stig Nesvik,1967863,Nate Komljenovic,7,12,1.5287746013459518,1.8877863413498304,19
5129473,Andreas Bjørnhaug,7131339,Roger Mølmann,8,11,2.0240591049335386,2.769378307094395,19
1006184,Christian Johannessen,1006372,Marius Nørsterud,11,8,2.9683071745084986,2.3204930786779525,19
1006178,Carl Kolrud,1946517,Ivan Tadic,8,11,1.7398425132307003,2.2091458942896423,19
1012750,Frode Myhre Larsen,2827292,Simen Jøndal,10,9,2.0112001409590063,1.8528431515068853,19
1013991,Ahad Rashid,1027114,Jeremiah Torres,6,13,0.9991644686110479,2.1338333191260443,19
1012750,Frode Myhre Larsen,1750663,Tore Mo,12,7,2.2031608225647656,1.3646626848045418,19
1024799,Stig Nesvik,1612715,Kunta Kinte,3,16,0.3822622169522115,2.3181435795042455,19
3119948,Huan Bao Ngo,4797871,Johannes Ulsund,7,12,1.2430596070326931,2.2014110841623333,19
1072290,Fedor Gorst,1290151,Imran Majid,11,8,2.149264298161911,1.563101307754117,19
1750663,Tore Mo,2251353,Mentor Nuredini,7,12,1.163901706184652,1.8970646866432548,19
1022965,Tommy Bakke,4989992,Ronny Andresen,4,15,0.707268017283708,2.6522550648139047,19
1018030,Thomas Bestorp,2167690,Iselin Masternes,2,17,0.27353528409855116,2.5641375148988588,19
1969223,Ole Andreas Sandvik,2053323,Ib Christiansen,7,12,1.1522183052709534,2.0166081699920397,19
1750663,Tore Mo,3632537,Dennis Nilsen,8,11,1.3532793173812026,1.8607590613991536,19
1969223,Ole Andreas Sandvik,2166616,Philippe Béal,10,9,1.4327537979255824,1.26770162267499,19
1969223,Ole Andreas Sandvik,2140742,Jamal Malik,8,11,1.1403691938850617,1.5499561262638113,19
1069187,Thomas Erichsen,2251353,Mentor Nuredini,11,8,1.5891287390074664,1.1551412039133098,19
1022496,Jozef Kwit,1024806,Lars Nitteberg,10,9,1.323442396634753,1.157594813494011,19
2053323,Ib Christiansen,2167253,Michel Mateos,5,14,0.7116229595366891,1.9621620537324813,19
1969223,Ole Andreas Sandvik,1969238,Audun Brede,8,11,1.0877245595816705,1.5264746972625456,19
1024806,Lars Nitteberg,1561935,Øystein Holm Krøvel,5,14,0.665471012939811,1.860707676973341,19
1183869,Matias Myhrhaug,1751232,Øyvind Stenhaug,11,8,1.4149209686520146,1.0153410105465286,19
1075717,Bjørn Erik Øverland,1561935,Øystein Holm Krøvel,11,8,1.4402716917467369,1.0541097576384635,19
1015461,Nils Arild Sabbasen,1561935,Øystein Holm Krøvel,10,9,1.3097088187498769,1.1821540284082548,19
1006195,Damianos Giallourakis,1359835,Per Hagen,10,9,1.2367870717118927,1.1169401007532025,19
1006403,Niklas Engström-Øvretveit,6600268,Kim Soo Garmark,8,10,6.020448226830361,8.07615342313141,18
11218942,Stein Amundsen,1272012,Erol Dane Mula,8,10,7.627133953293106,8.950634971618257,18
26143903,Katrine Sætereng,5140422,Tomas Gryczon,10,8,8.567610388501558,7.1319296393768195,18
11218942,Stein Amundsen,44184394,Per Arne Grotthing,9,9,8.545553891549911,8.710479420907802,18
1006184,Christian Johannessen,44184394,Per Arne Grotthing,12,6,9.39874981185628,4.662002038425192,18
53649337,Erlend Helgesen,54197755,Tom erik Lysenstøen,13,5,11.878111279449605,4.658608004565684,18
1095179,Ernesto Antonio Meléndez,26005654,Jacob Sæther,11,7,9.467733314831035,6.1462101376504865,18
1510340,Andris Viksnins,3185355,Ivar Lexi,13,5,10.707957147799888,4.2512383049067735,18
1061867,Stig Ringebo,25743094,Mohamed Salkiny,8,10,6.680603448937639,7.833983952080123,18
1024805,Audun Bjerve,43127857,Manabu Sekiguchi,8,10,6.858127744414603,8.757195328622258,18
1061867,Stig Ringebo,26005654,Jacob Sæther,9,9,6.973548322010045,7.5131022528262585,18
1006333,Kent Hansen,3682319,Lasse Rognlien,12,6,9.390143734359304,3.9770182333912527,18
53060527,Mazen AlAli,54197755,Tom erik Lysenstøen,12,6,10.24956652466104,5.128545875604637,18
16636270,Stian Wium,43980262,Ask Benham,12,6,10.34072160620798,5.17036080310399,18
14638297,Joakim Langkås,15567079,Pawel Goik,10,8,8.617268005173317,6.893814404138653,18
1006473,Rune Antonsen,1123060,"Paweł ""Mumrikken"" Zalewski",7,11,6.032087603621322,9.478994805690649,18
26005654,Jacob Sæther,40844470,Øyvind Løvseth,12,6,10.34072160620798,5.17036080310399,18
1566758,Tor-Arne Slorafoss,24897019,Robert Hedin,7,11,5.896425037566942,9.26581077331948,18
10220035,Marius Lamby Solvang,6600268,Kim Soo Garmark,3,15,2.5270393018144044,12.635196509072017,18
17978686,Ibra Alkhader,30913960,Josef Knutsson,15,3,12.635196509072017,2.5270393018144044,18
1960202,Ola Magnus Johnsen,7711820,Marie Hoff Petersen,12,6,7.2884673032294875,4.07546845588405,18
1030563,Alexander Baranji,1272012,Erol Dane Mula,4,14,2.646420282459367,7.194972163200524,18
1960202,Ola Magnus Johnsen,25484464,Joaquin K. Yovine,14,4,10.791113395377593,2.970295741461973,18
1006220,Erik Gårdelöf,25484464,Joaquin K. Yovine,15,3,11.741125720747847,2.3204947268709377,18
1006281,Jan Atle Kofoed,17978686,Ibra Alkhader,3,15,2.348526049575955,11.742630247879777,18
1006360,Lars Harby,8435377,Geir Anfinsen,11,7,8.154055402508455,5.107858520206177,18
17978686,Ibra Alkhader,1960202,Ola Magnus Johnsen,14,4,10.648986001569797,3.0605378295415657,18
16144084,Truls Bakken,6839980,Daniel Lorentzen-Styr,6,12,3.457527494983653,7.264155704035906,18
1006333,Kent Hansen,58717324,Kjetil Kristensen,14,4,10.436643613769917,2.9587882548082383,18
1006453,Robin Nathan,49097056,Herman Maraas,12,6,9.053875173230528,4.526937586615264,18
6686119,Levi Pavdeja,7284524,Daniel Hult,12,6,9.053875173230528,4.526937586615264,18
14638297,Joakim Langkås,2080111,Casper Cappe Matikainen,7,11,5.281427184384475,8.299385575461317,18
2080111,Casper Cappe Matikainen,6600268,Kim Soo Garmark,12,6,9.053875173230528,4.526937586615264,18
1006288,Jan Kjetil Nordrum,2080111,Casper Cappe Matikainen,6,12,4.526937586615264,9.053875173230528,18
2080111,Casper Cappe Matikainen,6686119,Levi Pavdeja,11,7,8.299385575461317,5.281427184384475,18
2581136,Mona Søvold Sunde,7959797,Pergantis Zalachas,8,10,4.305062782788909,4.383401922323021,18
24897019,Robert Hedin,25875517,Christian Hedin,9,9,6.550905215901681,6.337212009128549,18
16636270,Stian Wium,1960202,Ola Magnus Johnsen,10,8,5.674077809456403,5.479845759198284,18
1510340,Andris Viksnins,7153377,Henning Ingvorsen,9,9,6.4083299460299274,6.353722271064639,18
42921529,Joshua Turla Tuppal,6691281,Andreas Wahr-Hansen,8,10,5.746549610820749,7.183187013525937,18
1272012,Erol Dane Mula,20124274,Paolo Speciale,7,11,3.5066857802212206,5.0367988935946615,18
1277819,Lasse Kåring,2581136,Mona Søvold Sunde,10,8,6.05290740280784,4.822528227709059,18
1670605,Bernadette Bodó,7153377,Henning Ingvorsen,6,12,3.6442336516147447,7.2884673032294875,18
1093760,Mindaugas Jomantas,2354012,Arvydas Gitenis,6,12,3.6442336516147447,7.2884673032294875,18
1024799,Stig Nesvik,20637220,Sindre Aarhus Narvestad,8,10,3.7134327391521738,5.276328650422963,18
1006372,Marius Nørsterud,1006458,Roger Rasmussen,8,10,2.09072139131464,1.8653021470262974,18
1708121,Petter Olsen,3428055,Rune Fevang,7,11,1.9001715846906213,3.1616222966988716,18
1277819,Lasse Kåring,1396429,Øyvind Stordahl,10,8,2.9921482988197634,2.385229302076016,18
1006178,Carl Kolrud,3428055,Rune Fevang,12,6,2.8442739190697375,1.4221369595348687,18
1006163,Bjørn Bratteberg,1006215,Emil Andreassen,12,6,2.9914895141699205,1.4957447570849605,18
1969223,Ole Andreas Sandvik,3595353,Knut Holm,7,11,1.385142455790918,2.1331395961698343,18
3543748,Thong Trong Ho,5140422,Tomas Gryczon,9,9,1.6362376833931203,1.720689603217161,18
3595359,Øivind Bakken,5140422,Tomas Gryczon,11,7,2.0127569721439587,1.1991947141997232,18
1006215,Emil Andreassen,1902521,Tom-Henrik Sandvik,10,8,1.7964484680871933,1.4463702628716528,18
1012750,Frode Myhre Larsen,1751232,Øyvind Stenhaug,10,8,1.6662921932000296,1.4453150290315215,18
1093760,Mindaugas Jomantas,2052753,Morten Falk,10,8,1.8898500189915293,1.599343192585273,18
1708121,Petter Olsen,4797871,Johannes Ulsund,7,11,1.2847693668619324,2.0907928886289127,18
1969238,Audun Brede,4797871,Johannes Ulsund,11,7,1.9286618669945077,1.2760316794943576,18
1006386,Matias Sætre,1290914,Mark Gray,7,11,1.3677136442848523,2.149264298161911,18
1097814,Mika Immonen,1160318,Niels Feijen,7,11,1.3677136442848523,2.149264298161911,18
1160318,Niels Feijen,6186620,Wiktor Zieliński,11,7,2.149264298161911,1.3677136442848523,18
3543748,Thong Trong Ho,4797871,Johannes Ulsund,6,12,1.1058505803174676,2.1708600952081807,18
2252446,Tor Bugten,3632537,Dennis Nilsen,11,7,1.8607590613991536,1.1841194027085522,18
1751232,Øyvind Stenhaug,2620565,Fadil,6,12,0.9455121196579366,1.8922524558257219,18
1006333,Kent Hansen,1047734,Ole Kristian Rudshavn,4,14,0.6639247128156943,2.3239962966107948,18
1006208,Eirik Riisnæs,1047734,Ole Kristian Rudshavn,9,9,1.4942203064691093,1.4941163857667634,18
1006174,Børre Kofoed Karaka,1071778,Deleted Account,11,7,1.6731563861358545,1.060486984335535,18
1708121,Petter Olsen,2140752,Mats Larsen,10,8,1.4007644575589877,1.1217214197298082,18
2052753,Morten Falk,2241168,Trond L,8,10,1.1130787259324983,1.390887093219205,18
1006373,Mark McGauley,1916867,Christian Sparrenlöv Fischer,0,18,0.0,2.4447464647392736,18
1006333,Kent Hansen,1033026,Robin Hagerup Ertesvåg,5,13,0.6357184295940804,1.6399761593701654,18
1006174,Børre Kofoed Karaka,1561935,Øystein Holm Krøvel,8,10,1.030847062810801,1.2886252463019485,18
1016894,Tommy Andersen,1510340,Andris Viksnins,7,11,0.8873843629573954,1.3937163898651397,18
1697350,Philippe Beal,1934110,Ivan Tadic,7,11,0.8986885258115899,1.4117380014720395,18
11218942,Stein Amundsen,3185355,Ivar Lexi,10,7,9.98295181652686,6.984216198203623,17
1006220,Erik Gårdelöf,1024805,Audun Bjerve,12,5,9.97631680500632,4.636473747810154,17
1006549,Umar Hayat Ali,1024805,Audun Bjerve,12,5,11.642180026543025,4.802050948011526,17
71956222,Raymond Mælen,80088046,Kim Rui,9,8,8.896534946150336,7.954582869212247,17
20396602,Erik Sørensen,72868804,Sander Naas-Mælen,8,9,7.862847165650598,8.878962238161687,17
44184394,Per Arne Grotthing,80088046,Kim Rui,9,8,8.807089733889915,7.878526116305854,17
1006292,Jan Thomassen,44184394,Per Arne Grotthing,8,9,7.258477359389481,8.141891258001118,17
1006298,Jarek (Barracuda) Kapuściński,2053323,Ib Christiansen,6,11,5.395592131132258,8.826752690068028,17
2194859,Eivind Yoo Yong Jae Johansen,63113578,Håkon Kristiansen,10,7,8.715981319263621,6.362176552506558,17
62353570,Hallvard Olaussen,80088046,Kim Rui,10,7,9.699924392919511,6.820370903061757,17
1095179,Ernesto Antonio Meléndez,1960202,Ola Magnus Johnsen,4,13,3.798018124715742,11.573327493147511,17
1123060,"Paweł ""Mumrikken"" Zalewski",43127857,Manabu Sekiguchi,10,7,9.495896977812357,6.692597197706332,17
1006420,Ole Tobias Tanilon Gangfløt,54197755,Tom erik Lysenstøen,15,2,14.332032557050628,1.9109376742734174,17
1123060,"Paweł ""Mumrikken"" Zalewski",44478316,Rune Stensvold,5,12,4.749252279019205,11.398205469646092,17
1093760,Mindaugas Jomantas,42921529,Joshua Turla Tuppal,13,4,10.998460247645033,3.132421443201269,17
1006204,Egil Arne Sørensen,26143903,Katrine Sætereng,10,7,7.944120953036537,5.955925929562741,17
2194859,Eivind Yoo Yong Jae Johansen,3183489,Knut-Håkon Helgesen,6,11,5.513284585580604,10.124543507216515,17
17978686,Ibra Alkhader,4849639,Petter Rognlien,16,1,13.250432025658224,0.8049471479743424,17
1298131,Jack Nordby,26005654,Jacob Sæther,7,10,6.291249224410645,8.6936004098549,17
1024805,Audun Bjerve,54197755,Tom erik Lysenstøen,13,4,10.99418116859545,3.53116072744452,17
16144084,Truls Bakken,43127857,Manabu Sekiguchi,5,12,4.501582644040056,10.834623445873733,17
1277043,Alexander Hagen,3185355,Ivar Lexi,9,8,8.05296371908485,7.131287347941931,17
1061867,Stig Ringebo,43127857,Manabu Sekiguchi,12,5,10.324383910737323,4.347490116438728,17
1024799,Stig Nesvik,1277043,Alexander Hagen,3,14,2.6092060418075387,12.248881792949389,17
19030543,Martin Olsson,52390867,Emil Johannesen,11,6,9.828424023668136,5.278874232778558,17
52390867,Emil Johannesen,54197755,Tom erik Lysenstøen,9,8,7.552403382622798,6.5585835652961775,17
1960202,Ola Magnus Johnsen,55415260,Dag Erik Wiig,15,2,13.14493393054921,1.80234471790857,17
1024805,Audun Bjerve,8435377,Geir Anfinsen,6,11,4.766317610256588,8.613111733457279,17
3183489,Knut-Håkon Helgesen,77274373,Elin Demoniere,11,6,9.85084306611421,5.384290970644712,17
1022496,Jozef Kwit,25875517,Christian Hedin,9,8,7.863257280576256,6.778091058403213,17
1006292,Jan Thomassen,78855460,Raymund Perez,15,2,13.369085989944923,1.7825447986593224,17
1006333,Kent Hansen,24897019,Robert Hedin,9,8,8.021451593966953,7.130179194637291,17
1006333,Kent Hansen,3183489,Knut-Håkon Helgesen,12,5,10.695268791955938,4.456361996648306,17
1022496,Jozef Kwit,1061867,Stig Ringebo,13,4,10.913848014005463,3.2620026060506575,17
1272012,Erol Dane Mula,7719582,Astrid E. Pedersen,10,7,8.124402277773154,5.398234543256379,17
1024805,Audun Bjerve,1298131,Jack Nordby,13,4,10.793866912334718,3.3493948446775867,17
17978686,Ibra Alkhader,6691281,Andreas Wahr-Hansen,15,2,11.787459267313265,1.492328502297263,17
1006214,Emil André Gangfløt,6686119,Levi Pavdeja,12,5,10.34072160620798,4.3086340025866585,17
3185355,Ivar Lexi,73722376,Seva Tkach,13,4,11.04016858628915,3.4258368143411704,17
1006220,Erik Gårdelöf,3212629,Rolf G. Sedsbøe Jensen,12,5,6.802352260177874,2.5409244335576284,17
1006431,Pål Daud Fillipsveen,1298131,Jack Nordby,12,5,9.993587011583847,4.142142954364084,17
10220035,Marius Lamby Solvang,24897019,Robert Hedin,4,13,3.369385735752539,10.950503641195748,17
26005654,Jacob Sæther,36990883,Anders Valde,10,7,7.289146802739239,4.899729999196138,17
16476664,Øystein Følling,3682319,Lasse Rognlien,9,8,6.18416684771001,5.239473612229167,17
16144084,Truls Bakken,17978686,Ibra Alkhader,4,13,3.22998875858708,10.156435078645393,17
1024799,Stig Nesvik,1042070,Henrik Olsson,4,13,3.025037834086713,9.724915614761363,17
1006333,Kent Hansen,25743094,Mohamed Salkiny,7,10,5.362086408951275,7.666247080297835,17
2581136,Mona Søvold Sunde,26143903,Katrine Sætereng,6,11,4.202590139590966,7.231395518964257,17
50993632,Kester Hvattum,7719582,Astrid E. Pedersen,6,11,4.5110360003889305,8.136699670129438,17
58717324,Kjetil Kristensen,7719582,Astrid E. Pedersen,6,11,4.512868476761572,8.253347928554051,17
1006345,Kjetil Aasane Fredriksen,1006513,Thomas Fjæran,5,12,3.7724479888460536,9.053875173230528,17
1093760,Mindaugas Jomantas,1286181,Petri Makkonen,5,12,3.7724479888460536,9.053875173230528,17
1006333,Kent Hansen,1006549,Umar Hayat Ali,6,11,4.526937586615264,8.299385575461317,17
19616722,Lobsang Thupten,53204752,Julianne Myhren-heyerdahl,11,6,8.162050285660818,4.365526897170673,17
19030543,Martin Olsson,1960202,Ola Magnus Johnsen,7,10,5.088308227835877,7.318142319422498,17
1006214,Emil André Gangfløt,6600268,Kim Soo Garmark,10,7,6.798748127538219,5.000776359759798,17
16476664,Øystein Følling,3212629,Rolf G. Sedsbøe Jensen,1,16,0.7151427215509759,11.442283544815611,17
1024799,Stig Nesvik,13720633,Håkon Haukebøe,10,7,6.574490824857654,4.602143577400358,17
1441973,Geir Holmqvist,2354012,Arvydas Gitenis,12,5,7.2884673032294875,3.0368613763456205,17
1960202,Ola Magnus Johnsen,36990883,Anders Valde,12,5,7.2884673032294875,3.0368613763456205,17
2581136,Mona Søvold Sunde,8498578,Riaz Ali,7,10,3.1244462121164935,4.654754078885261,17
16476664,Øystein Følling,1750663,Tore Mo,10,7,4.828973805183224,3.88214641839313,17
1510340,Andris Viksnins,16476664,Øystein Følling,9,8,3.310136450263721,3.253149005843457,17
1024799,Stig Nesvik,1047734,Ole Kristian Rudshavn,5,12,2.092556831320975,3.739557346156667,17
2827292,Simen Jøndal,7719582,Astrid E. Pedersen,7,10,2.247359023781046,3.445856731021883,17
3585947,Didrik Voga Berg,6686119,Levi Pavdeja,8,9,2.782420687009593,3.1298508794200335,17
1510340,Andris Viksnins,1708121,Petter Olsen,9,8,2.929676590946686,2.5563791446924418,17
1024799,Stig Nesvik,1708121,Petter Olsen,7,10,1.9283216270717591,2.9909009554845363,17
1042070,Henrik Olsson,7959797,Pergantis Zalachas,10,7,3.1622056121688673,2.2135439285182072,17
1969223,Ole Andreas Sandvik,5493128,Per christian Slåtta,10,7,2.6176532850183887,1.738698372456172,17
3012666,Eirik Sandaaker,6839980,Daniel Lorentzen-Styr,7,10,1.5035185775071318,2.5605953342404884,17
1006443,Philip Sanchez Gangfløt,6600268,Kim Soo Garmark,11,6,2.775225023074417,1.513759103495136,17
4889312,Hamza Malik,5140422,Tomas Gryczon,10,7,2.0511165932945703,1.379192305289139,17
1024799,Stig Nesvik,1081546,Bent Brørs,7,10,1.4573350481764655,1.9460918238664324,17
1751232,Øyvind Stenhaug,2947265,Bernjard David C Ruiz,4,13,0.7121502412628664,2.3632191306186288,17
1751232,Øyvind Stenhaug,2660053,Morten Bjellås,6,11,1.2834338244932624,2.3361307288992106,17
1006171,Bjørnar Davidsen,2052753,Morten Falk,9,8,1.8255491671020916,1.6317276950652078,17
1751232,Øyvind Stenhaug,3428055,Rune Fevang,3,14,0.6022573093436088,2.812073233080097,17
1016719,Sebastian Meling,3428055,Rune Fevang,10,7,2.001519385180723,1.4010635696265061,17
1090712,Ralf Souquet,1160318,Niels Feijen,9,8,1.7587670942192892,1.5633485281949238,17
1090712,Ralf Souquet,1286245,Kim Laaksonen,8,9,1.5633485281949238,1.7587670942192892,17
1091363,Sanjin Pehlivanovic,6186620,Wiktor Zieliński,11,6,2.149264298161911,1.1723259808155877,17
1290914,Mark Gray,6186620,Wiktor Zieliński,6,11,1.1723259808155877,2.149264298161911,17
1006195,Damianos Giallourakis,1090712,Ralf Souquet,11,6,2.149264298161911,1.1723259808155877,17
2947265,Bernjard David C Ruiz,4742719,Adiil Lusjanii,2,15,0.353634008641854,2.6522550648139047,17
1750663,Tore Mo,2947265,Bernjard David C Ruiz,7,10,1.17415105976446,1.6775328236330753,17
3120055,Per Christian Slåtta,4734030,Ronny,6,11,1.0330862680452109,1.89399149141622,17
3428055,Rune Fevang,3595353,Knut Holm,11,6,1.8660044508218119,1.0209678425741333,17
2167690,Iselin Masternes,2625188,Christian Garmann Schjelderup,7,10,1.085026402003566,1.5506119367133306,17
1751232,Øyvind Stenhaug,2167253,Michel Mateos,6,11,0.8701947147355081,1.5870837670386804,17
1016894,Tommy Andersen,16476664,Øystein Følling,9,8,1.2437782112937137,1.0689999480000225,17
1750663,Tore Mo,2167253,Michel Mateos,9,8,1.282184587311367,1.1317724632081734,17
2052753,Morten Falk,2167253,Michel Mateos,9,8,1.2467737297656545,1.104486551226858,17
1750663,Tore Mo,2140523,Ola Mo,9,8,1.2309087784434802,1.0941411363942046,17
1751232,Øyvind Stenhaug,1968343,Silje Jacobsen,9,8,1.2309087784434802,1.0941411363942046,17
1018030,Thomas Bestorp,2140751,Jamal Malik,9,8,1.2309087784434802,1.0941411363942046,17
1183869,Matias Myhrhaug,1697350,Philippe Beal,11,6,1.4071865262541539,0.7757176793912859,17
1429285,Kristoffer Fjellstad,1697350,Philippe Beal,7,10,0.9011693973834891,1.2662768874946986,17
1016894,Tommy Andersen,1022965,Tommy Bakke,9,8,1.1723270327345943,1.0536142124894945,17
1670605,Bernadette Bodó,1946517,Ivan Tadic,4,13,0.5316125937902718,1.729193630282163,17
1006215,Emil Andreassen,1022496,Jozef Kwit,11,6,1.2929176501603996,0.7051962589491915,17
1006458,Roger Rasmussen,1024799,Stig Nesvik,11,5,4.922774333308307,1.5272996190333163,16
54197755,Tom erik Lysenstøen,77274373,Elin Demoniere,8,8,7.586319279386755,7.657001280691231,16
1006163,Bjørn Bratteberg,13720633,Håkon Haukebøe,13,3,11.50101910838966,2.869700108332494,16
1006292,Jan Thomassen,2194859,Eivind Yoo Yong Jae Johansen,14,2,13.152790069749244,1.8304914136274375,16
19030543,Martin Olsson,51736666,Yakup Aliz,7,9,6.179705173223003,8.159564365382042,16
1095179,Ernesto Antonio Meléndez,75505852,Flavio Wicki,10,6,9.493689868271037,5.6472248465921275,16
53204752,Julianne Myhren-heyerdahl,6839980,Daniel Lorentzen-Styr,3,13,2.8664065114101263,12.421094882777211,16
6600268,Kim Soo Garmark,70090471,Øyvind Risan,10,6,9.49850455803841,5.699102734823047,16
1024799,Stig Nesvik,43127857,Manabu Sekiguchi,4,12,3.412897859044328,10.3637950188353,16
1073747,John Erstad,1123060,"Paweł ""Mumrikken"" Zalewski",7,9,6.590936241096526,8.47406088140982,16
10220035,Marius Lamby Solvang,1095179,Ernesto Antonio Meléndez,7,9,6.585915134134535,8.467366072127165,16
19030543,Martin Olsson,62353570,Hallvard Olaussen,8,8,7.040598457670838,7.149554317854551,16
26005654,Jacob Sæther,52390867,Emil Johannesen,13,3,10.538575795982442,2.2231863934297227,16
42921529,Joshua Turla Tuppal,43127857,Manabu Sekiguchi,4,12,3.555746059819672,10.413879628107338,16
1024799,Stig Nesvik,1061867,Stig Ringebo,5,11,3.6952916804417475,8.629766040073923,16
19030543,Martin Olsson,53060527,Mazen AlAli,8,8,7.213082695451497,7.12617517829103,16
43127857,Manabu Sekiguchi,8435377,Geir Anfinsen,7,9,6.342201690017333,8.15425931573657,16
16144084,Truls Bakken,6600268,Kim Soo Garmark,5,11,4.2438461462152075,9.386869397813975,16
20124274,Paolo Speciale,6600268,Kim Soo Garmark,6,10,4.795422523517665,7.114683921569291,16
1006333,Kent Hansen,1006359,Larry Skogheim,8,8,5.692806903222882,4.181968463017179,16
26005654,Jacob Sæther,8498578,Riaz Ali,12,4,10.077308465475598,3.47993730421533,16
10220035,Marius Lamby Solvang,8217316,Ida Amundsen Holtet,10,6,6.03998811779,4.102574008018688,16
24897019,Robert Hedin,54197755,Tom erik Lysenstøen,14,2,11.326829693607694,1.7904084593679221,16
1024799,Stig Nesvik,53649337,Erlend Helgesen,9,7,7.465170855844422,5.4082120981340935,16
1022496,Jozef Kwit,16144084,Truls Bakken,12,4,10.185856082914292,3.312637059779255,16
54197755,Tom erik Lysenstøen,73722376,Seva Tkach,4,12,3.469438894322671,10.448116865782419,16
1006333,Kent Hansen,1006399,Nedzat Cimilji,9,7,6.238891777220747,6.058601633851091,16
1024805,Audun Bjerve,25743094,Mohamed Salkiny,5,11,4.203951594784241,8.884462867060488,16
17978686,Ibra Alkhader,8970047,Ante Petricevic,12,4,10.11854562639563,3.4281253702570225,16
1006253,Gunder Eriksen,1022496,Jozef Kwit,6,10,5.17786164534648,8.629769408910802,16
6600268,Kim Soo Garmark,7153377,Henning Ingvorsen,9,7,7.755541204655985,6.032087603621322,16
1006220,Erik Gårdelöf,19030543,Martin Olsson,11,5,8.621470202425229,3.6189502325116014,16
26005654,Jacob Sæther,53204752,Julianne Myhren-heyerdahl,13,3,10.896354875231866,2.493805356007397,16
3185355,Ivar Lexi,8498578,Riaz Ali,7,9,5.896425037566942,7.581117905443211,16
1298131,Jack Nordby,25743094,Mohamed Salkiny,4,12,3.3550070636433262,9.02998397872949,16
16686499,Herman Aleksander Wium,17978686,Ibra Alkhader,5,11,4.036091786107156,8.810530999973984,16
10220035,Marius Lamby Solvang,16686499,Herman Aleksander Wium,6,10,2.8919710776113985,6.675086044825443,16
1006204,Egil Arne Sørensen,25743094,Mohamed Salkiny,9,7,6.990018032867346,5.7595127893097935,16
16476664,Øystein Følling,53649337,Erlend Helgesen,8,8,6.536352411558736,6.609728892581425,16
50993632,Kester Hvattum,52390867,Emil Johannesen,9,7,6.9451959682817686,5.440556323145799,16
1061867,Stig Ringebo,3682319,Lasse Rognlien,11,5,8.578525488983576,3.8202979517127553,16
3682319,Lasse Rognlien,7711820,Marie Hoff Petersen,13,3,9.652156045737268,2.1549561040577805,16
55415260,Dag Erik Wiig,62353570,Hallvard Olaussen,11,5,8.916029906071023,4.023425897000504,16
1006220,Erik Gårdelöf,63113578,Håkon Kristiansen,14,2,11.151533436539703,1.6032163481191182,16
1093760,Mindaugas Jomantas,16476664,Øystein Følling,11,5,8.679483416556229,4.010548037267965,16
2581136,Mona Søvold Sunde,3682319,Lasse Rognlien,2,14,1.5816300281201632,11.008841386174657,16
3682319,Lasse Rognlien,8435377,Geir Anfinsen,5,11,3.9108736464072784,8.587319157442751,16
1006431,Pål Daud Fillipsveen,2581136,Mona Søvold Sunde,12,4,8.403827585197748,2.7808934852503695,16
1035589,Sebastian Mæhlum,1042070,Henrik Olsson,10,6,7.632587023836938,4.5553518480068185,16
19616722,Lobsang Thupten,2194859,Eivind Yoo Yong Jae Johansen,9,7,6.779691482200083,5.155057346742642,16
17978686,Ibra Alkhader,19030543,Martin Olsson,11,5,8.291943449670443,3.840267785577602,16
26143903,Katrine Sætereng,30080695,Marek Zagrobelny,11,5,8.293903395573745,3.779676462444126,16
1006195,Damianos Giallourakis,13295035,Jan Olav Johnsen,10,6,7.544895977692106,4.526937586615264,16
1006195,Damianos Giallourakis,13874206,Torvald Asplund Trollhättan BK,10,6,7.544895977692106,4.526937586615264,16
1006450,Robert Farinetti,2080111,Casper Cappe Matikainen,6,10,4.526937586615264,7.544895977692106,16
1006204,Egil Arne Sørensen,1006340,Kjartan Maraas,12,4,8.659493461459501,2.8823683661546906,16
1006163,Bjørn Bratteberg,1042070,Henrik Olsson,3,13,2.2468253726415153,9.687373803506405,16
1006281,Jan Atle Kofoed,1024799,Stig Nesvik,8,8,4.479337712899621,4.854796912163887,16
1006281,Jan Atle Kofoed,19616722,Lobsang Thupten,8,8,4.631595815927964,5.599743966329108,16
1597907,Haukur Stefansson,16476664,Øystein Følling,6,10,3.9446944949145926,6.574490824857654,16
1093760,Mindaugas Jomantas,20361406,Amir Khan,10,6,5.926676789068092,3.5734061603661202,16
16144084,Truls Bakken,8498578,Riaz Ali,4,12,2.4294891010764963,7.2884673032294875,16
1093760,Mindaugas Jomantas,36216313,Bjørn-Kowalski Hansen,12,4,7.2884673032294875,2.4294891010764963,16
1006186,Christian Wikeby,5140422,Tomas Gryczon,12,4,7.2884673032294875,2.4294891010764963,16
1006186,Christian Wikeby,1960202,Ola Magnus Johnsen,4,12,2.4294891010764963,7.2884673032294875,16
1123060,"Paweł ""Mumrikken"" Zalewski",2354012,Arvydas Gitenis,12,4,7.2884673032294875,2.4294891010764963,16
16144084,Truls Bakken,2298416,Terje Kristoffersen,10,6,5.905160503005872,3.5100267990996827,16
1123060,"Paweł ""Mumrikken"" Zalewski",20264908,Bartosz Oldakowski,8,8,4.124895675418134,3.768588735861126,16
1006281,Jan Atle Kofoed,1510340,Andris Viksnins,11,5,5.8376413753305085,2.6537175140448044,16
5140422,Tomas Gryczon,7719582,Astrid E. Pedersen,6,10,2.3742141663431635,4.0594417300577055,16
1024799,Stig Nesvik,18284020,Nomen Nescio,9,7,3.74299978460551,2.8902420442289567,16
1006298,Jarek (Barracuda) Kapuściński,6691281,Andreas Wahr-Hansen,11,5,4.199947682917527,1.8971062801983838,16
1006467,Roy Toycowboy Grimsen,1024799,Stig Nesvik,11,5,3.4829690502300372,1.4030793526539165,16
1024799,Stig Nesvik,3585947,Didrik Voga Berg,5,11,1.7274771813245018,3.7917941134929545,16
1006164,Bjørn Erik Bergh,1079105,Didrik Vatne,8,8,2.7812748609611044,2.7812748609611044,16
10220035,Marius Lamby Solvang,7004013,Jone Berntsen Stava,9,7,2.96252430206695,2.286380166251013,16
3585947,Didrik Voga Berg,6600268,Kim Soo Garmark,5,11,1.6485085584345338,3.627315096009686,16
4797871,Johannes Ulsund,9209866,Johannes Sandström,6,10,1.9546326370931608,3.2577210618219348,16
2827292,Simen Jøndal,5493128,Per christian Slåtta,9,7,2.2308183323485773,1.7011115860476633,16
1006220,Erik Gårdelöf,1079105,Didrik Vatne,8,8,2.0058214141935085,2.3830894854208666,16
1093760,Mindaugas Jomantas,2043792,Vaios Evangelou,12,4,2.581657690106537,0.7534400402403819,16
1510340,Andris Viksnins,1902521,Tom-Henrik Sandvik,11,5,2.1695063927174267,0.8430519369149645,16
1024799,Stig Nesvik,1075717,Bjørn Erik Øverland,12,4,2.9914895141699205,0.9971631713899736,16
1969223,Ole Andreas Sandvik,5140422,Tomas Gryczon,9,7,1.9279920386528067,1.6085358782493622,16
1075717,Bjørn Erik Øverland,6600268,Kim Soo Garmark,7,9,1.7328777766496972,2.227985712835325,16
1006360,Lars Harby,1075717,Bjørn Erik Øverland,9,7,2.227985712835325,1.7328777766496972,16
1081546,Bent Brørs,2827292,Simen Jøndal,15,1,2.852057184101406,0.1659551980283371,16
1024799,Stig Nesvik,1393993,Ronny Sørlie,9,7,1.9530726954329536,1.5252061069644007,16
1006157,Asle M. Johansen,1006215,Emil Andreassen,8,8,1.0715146338403665,1.3551240700808713,16
1006487,Desak Sri Pustini,1024799,Stig Nesvik,6,10,1.2686878467816174,2.0901013860683073,16
3119948,Huan Bao Ngo,3543748,Thong Trong Ho,10,6,2.095366044670363,1.205533524526223,16
2827292,Simen Jøndal,3595359,Øivind Bakken,3,13,0.5431428236442704,2.410361776546752,16
1750663,Tore Mo,2792002,Shaq Bajrami,9,7,1.6857792882825164,1.2913846469628394,16
1510340,Andris Viksnins,1612715,Kunta Kinte,8,8,1.2302187532181548,1.3218207592662554,16
1006388,Mats Brujordet Schjetne,1046692,Mario He,7,9,1.3679299621705583,1.7587670942192892,16
1072290,Fedor Gorst,1090712,Ralf Souquet,7,9,1.3679299621705583,1.7587670942192892,16
1006386,Matias Sætre,1072290,Fedor Gorst,5,11,0.9769383173463231,2.149264298161911,16
1046692,Mario He,6100647,Konrad Juszczyszyn,11,5,2.149264298161911,0.9769383173463231,16
1006458,Roger Rasmussen,1161937,Ivo Aarts,6,10,1.1201947543011321,1.8669912571685534,16
2167690,Iselin Masternes,5174448,Thomas Hilling Amundsen,8,8,1.4558996077209025,1.4607026136168877,16
3120055,Per Christian Slåtta,4797871,Johannes Ulsund,8,8,1.3728939085038474,1.3698576092440027,16
3120055,Per Christian Slåtta,3595359,Øivind Bakken,11,5,1.8879188928965305,0.8593870737410867,16
16476664,Øystein Følling,1946517,Ivan Tadic,6,10,0.9639037461682722,1.5389728522749624,16
1751232,Øyvind Stenhaug,1944804,Tommy Martinsen,10,6,1.5423346588031053,0.9581470947504558,16
1969223,Ole Andreas Sandvik,2052753,Morten Falk,10,6,1.4231895381197135,0.8821389644937586,16
1670605,Bernadette Bodó,1751232,Øyvind Stenhaug,11,5,1.4753080582504903,0.6620976623923198,16
1006174,Børre Kofoed Karaka,16476664,Øystein Følling,8,8,1.104642270514653,1.169253353288523,16
1969223,Ole Andreas Sandvik,2140751,Jamal Malik,7,9,1.0089741330164845,1.2948837948943914,16
1969238,Audun Brede,2140742,Jamal Malik,8,8,1.104486551226858,1.1087894568540664,16
1612717,Mentor Nuredini,2241168,Trond L,6,10,0.8352703586457915,1.390887093219205,16
1697350,Philippe Beal,1946517,Ivan Tadic,6,10,0.7938803056771055,1.3325231654036631,16
1006157,Asle M. Johansen,1006171,Bjørnar Davidsen,7,9,0.9027700382474905,1.170199449425694,16
1156277,Mathias Hæreid,1751232,Øyvind Stenhaug,8,8,1.0318089107047088,1.0300898555538747,16
1043840,Elisabeth Synnøve Roaas,1697350,Philippe Beal,6,10,0.7695783873031722,1.280364361506476,16
3185355,Ivar Lexi,80088046,Kim Rui,11,4,10.779351512413939,3.9949424732929524,15
17419783,Ketil Blix,54197755,Tom erik Lysenstøen,8,7,6.851412370924711,6.0316751038393885,15
48159925,Ole-Jakob Rosenvold,54197755,Tom erik Lysenstøen,12,3,11.200460970540318,2.78245596572833,15
44119141,Gaute Rogstad,77274373,Elin Demoniere,7,8,6.470911024003084,7.461266030186256,15
1030563,Alexander Baranji,3185355,Ivar Lexi,9,6,8.682466492793868,5.761809065453662,15
11218942,Stein Amundsen,48159925,Ole-Jakob Rosenvold,10,5,9.808409351087075,4.736187828555763,15
1006298,Jarek (Barracuda) Kapuściński,44184394,Per Arne Grotthing,5,10,4.912872486292,9.825744972584,15
25875517,Christian Hedin,44184394,Per Arne Grotthing,9,6,8.371394739172887,5.248525185456901,15
2053323,Ib Christiansen,26143903,Katrine Sætereng,5,10,4.906006090177309,8.480342108102358,15
1006549,Umar Hayat Ali,10220035,Marius Lamby Solvang,9,6,8.610498202455949,5.721338802458059,15
1006333,Kent Hansen,17419783,Ketil Blix,12,3,10.002336952673076,2.500584238168269,15
1510340,Andris Viksnins,3682319,Lasse Rognlien,10,5,7.970727019341886,4.803434511528256,15
1093760,Mindaugas Jomantas,3185355,Ivar Lexi,10,5,8.168869202328581,3.882138879736963,15
1093760,Mindaugas Jomantas,54197755,Tom erik Lysenstøen,14,1,12.209234877886727,0.968252737928536,15
53060527,Mazen AlAli,53204752,Julianne Myhren-heyerdahl,10,5,9.11458211106862,4.521815091268912,15
1093760,Mindaugas Jomantas,2194859,Eivind Yoo Yong Jae Johansen,12,3,10.050653518620045,2.5126633796550117,15
1093760,Mindaugas Jomantas,26143903,Katrine Sætereng,6,9,4.252398847785749,6.70672654259635,15
13720633,Håkon Haukebøe,7959797,Pergantis Zalachas,9,6,6.982516074026946,4.541849561291527,15
19030543,Martin Olsson,71956222,Raymond Mælen,9,6,8.063554948671712,5.293885513837958,15
1123060,"Paweł ""Mumrikken"" Zalewski",1510340,Andris Viksnins,6,9,4.5390036678433345,6.905492237033168,15
1272012,Erol Dane Mula,26005654,Jacob Sæther,8,7,5.866601169163541,6.191505339772943,15
44119141,Gaute Rogstad,63113578,Håkon Kristiansen,7,8,5.850296062633617,7.047478897364933,15
62353570,Hallvard Olaussen,71803366,Jakob Corcoran-Øien,10,5,8.733895050393539,4.201136964414498,15
1006220,Erik Gårdelöf,8435377,Geir Anfinsen,7,8,5.686078500232436,6.589246112757447,15
20124274,Paolo Speciale,43127857,Manabu Sekiguchi,7,8,6.2435992003299425,7.092135768358534,15
16144084,Truls Bakken,20124274,Paolo Speciale,5,10,3.5345540486790656,4.594714860899388,15
19030543,Martin Olsson,53204752,Julianne Myhren-heyerdahl,12,3,10.627848910765213,2.646890778795708,15
1006360,Lars Harby,24897019,Robert Hedin,8,7,6.920066935695987,5.773733855917528,15
1006163,Bjørn Bratteberg,55415260,Dag Erik Wiig,12,3,10.57102324543857,2.6586375598160332,15
1024805,Audun Bjerve,2947265,Bernjard David C Ruiz,7,8,6.067647553430361,6.934454346777556,15
40844470,Øyvind Løvseth,6600268,Kim Soo Garmark,6,9,5.190980106992336,7.786470160488503,15
16686499,Herman Aleksander Wium,6600268,Kim Soo Garmark,3,12,2.56907846824161,10.223490702457326,15
16636270,Stian Wium,17978686,Ibra Alkhader,3,12,2.445677170495302,9.699747463014553,15
19616722,Lobsang Thupten,3212629,Rolf G. Sedsbøe Jensen,0,15,0.0,12.635196509072017,15
24897019,Robert Hedin,33729541,Eivind Yoo Yong Jae Johansen,9,6,7.581117905443211,5.054078603628808,15
1006277,Ingolf Höns,8498578,Riaz Ali,12,3,10.108157207257614,2.5270393018144044,15
33729541,Eivind Yoo Yong Jae Johansen,6686119,Levi Pavdeja,2,13,1.6846928678762696,10.950503641195748,15
62353570,Hallvard Olaussen,7959797,Pergantis Zalachas,7,8,5.643759359579791,6.440394263558547,15
1960202,Ola Magnus Johnsen,63113578,Håkon Kristiansen,14,1,11.202731903038423,0.830310668143189,15
10220035,Marius Lamby Solvang,16476664,Øystein Følling,6,9,2.5462622003756272,5.114193334494277,15
52390867,Emil Johannesen,7719582,Astrid E. Pedersen,8,7,5.876906955255106,5.309990123189021,15
1006431,Pål Daud Fillipsveen,25484464,Joaquin K. Yovine,9,6,7.115438782921825,4.662728578052333,15
3682319,Lasse Rognlien,53204752,Julianne Myhren-heyerdahl,13,2,9.919136472620453,1.4955226447816505,15
1006467,Roy Toycowboy Grimsen,17978686,Ibra Alkhader,3,12,2.358976336334313,9.43590534533725,15
1006184,Christian Johannessen,1960202,Ola Magnus Johnsen,13,2,9.798178325588992,1.5003092558625566,15
1024799,Stig Nesvik,1095179,Ernesto Antonio Meléndez,6,9,4.569626913051186,6.852754128255579,15
1006204,Egil Arne Sørensen,16144084,Truls Bakken,9,6,5.947370879747749,4.174477232299049,15
3682319,Lasse Rognlien,6839980,Daniel Lorentzen-Styr,5,10,3.6133411539868376,7.1613727163334815,15
1006204,Egil Arne Sørensen,1960202,Ola Magnus Johnsen,7,8,5.082951650296645,5.842350751361255,15
1006184,Christian Johannessen,1035589,Sebastian Mæhlum,6,9,4.390201318844633,6.625035806183867,15
1006220,Erik Gårdelöf,1123060,"Paweł ""Mumrikken"" Zalewski",8,7,5.272485476589578,3.2959357686235524,15
1960202,Ola Magnus Johnsen,25743094,Mohamed Salkiny,9,6,6.5819086548058765,4.381457618170145,15
17419783,Ketil Blix,7719582,Astrid E. Pedersen,6,9,3.056990516232272,4.944809163590835,15
1035589,Sebastian Mæhlum,24897019,Robert Hedin,9,6,6.533511348910974,4.362098569282372,15
1006214,Emil André Gangfløt,1042070,Henrik Olsson,14,1,9.69679651132588,0.6616255873149286,15
13295035,Jan Olav Johnsen,51736666,Yakup Aliz,5,10,3.287245412428827,6.574490824857654,15
1006406,Nina Torvund,1123060,"Paweł ""Mumrikken"" Zalewski",7,8,4.288229353345321,4.916052111698198,15
19913527,Wael Handal,8217316,Ida Amundsen Holtet,10,5,5.048492558433891,2.5242462792169453,15
2167690,Iselin Masternes,3428055,Rune Fevang,2,13,0.9791720819098977,3.596224316371755,15
18284020,Nomen Nescio,19913527,Wael Handal,11,4,5.064402268202066,1.8610991090825473,15
15015523,Vijay Jadhav,7719582,Astrid E. Pedersen,6,9,2.3451056973611744,3.642130421209758,15
10220035,Marius Lamby Solvang,7719582,Astrid E. Pedersen,8,7,3.1981364236441947,2.8309997988424374,15
4797871,Johannes Ulsund,7959797,Pergantis Zalachas,8,7,3.0079705193961086,2.6544868321779043,15
2194859,Eivind Yoo Yong Jae Johansen,5493128,Per christian Slåtta,6,9,2.0651395449150476,2.920433805900394,15
1902521,Tom-Henrik Sandvik,5493128,Per christian Slåtta,7,8,2.0394499166988735,2.6286939734598533,15
2947265,Bernjard David C Ruiz,7959797,Pergantis Zalachas,11,4,3.8436074031412035,1.3956990031065084,15
2947265,Bernjard David C Ruiz,5493128,Per christian Slåtta,13,2,4.521541212776258,0.6916964134103958,15
3012666,Eirik Sandaaker,7131339,Roger Mølmann,4,11,1.3451833493841836,3.711932392920985,15
1510340,Andris Viksnins,1967863,Nate Komljenovic,5,10,1.0944442848473646,2.21997611463978,15
1015461,Nils Arild Sabbasen,6600268,Kim Soo Garmark,4,11,1.2060776999433052,2.948129240044829,15
7959797,Pergantis Zalachas,8306234,Frode Ellingsen,11,4,3.465665628184225,1.2604954553058978,15
2947262,Christian Lothar Ruiz,3012666,Eirik Sandaaker,5,10,1.5445661763906564,3.0891323527813124,15
1272012,Erol Dane Mula,2639057,Ivan Blomqvist,1,14,0.23638592239626824,3.4099153248166654,15
1750663,Tore Mo,2057268,Øyvind Stenhaug,6,9,1.1151330268181732,1.6896511223205353,15
2057268,Øyvind Stenhaug,3595359,Øivind Bakken,6,9,1.1275639618105036,1.6956850090225146,15
1510340,Andris Viksnins,6181993,Kim Bjørnstad,7,8,1.4543933202434713,1.6590153813372204,15
1006543,Trond Lid Cappelen,6181993,Kim Bjørnstad,5,10,1.0088956534333886,2.017791306866777,15
1016719,Sebastian Meling,1093760,Mindaugas Jomantas,9,6,1.4932849577251188,0.9698497644052853,15
1006195,Damianos Giallourakis,6100647,Konrad Juszczyszyn,9,6,1.7587670942192892,1.1725113961461928,15
1006458,Roger Rasmussen,1097814,Mika Immonen,4,11,0.7815506538770585,2.149264298161911,15
1024799,Stig Nesvik,2043792,Vaios Evangelou,6,9,1.0444618370502399,1.523843643920193,15
1006281,Jan Atle Kofoed,1022496,Jozef Kwit,9,6,1.3568104311624392,0.9252593361590625,15
3081704,Sundar K,3256681,Alex Hoang Hai Nguyen,9,6,1.5480587327624422,1.053002034226009,15
3120055,Per Christian Slåtta,4935731,Rj Velasquez,3,12,0.5304510129627811,2.121804051851124,15
1969238,Audun Brede,3081704,Sundar K,7,8,1.184106918389554,1.3654878424473595,15
1006208,Eirik Riisnæs,1006333,Kent Hansen,7,8,1.162336157922438,1.3044277302527467,15
1091521,Silje Jacobsen,1751232,Øyvind Stenhaug,7,8,0.9707221025952171,1.063819626524319,15
1022588,Nikolaos Chatzitheodorou,2052753,Morten Falk,6,9,0.9504014019041953,1.4273582365169522,15
2140722,Mats Larsen,2625188,Christian Garmann Schjelderup,8,7,1.2593332937093866,1.1079821065132534,15
1751232,Øyvind Stenhaug,2625188,Christian Garmann Schjelderup,9,6,1.4109105069165182,0.9427669775627429,15
2251353,Mentor Nuredini,3036771,Adrian Gawlak,6,9,0.9476101553505004,1.420370836481035,15
1751232,Øyvind Stenhaug,2167690,Iselin Masternes,2,13,0.31241629484975375,1.9652590209924758,15
1016894,Tommy Andersen,1022588,Nikolaos Chatzitheodorou,7,8,1.022510996390402,1.1775652373700742,15
2140742,Jamal Malik,2166616,Philippe Béal,7,8,0.9658899103811165,1.1361719110223922,15
1006174,Børre Kofoed Karaka,1016894,Tommy Andersen,7,8,0.8900002781054008,1.110888905188486,15
1022965,Tommy Bakke,1024806,Lars Nitteberg,7,8,0.9148886182551847,1.0718392525729865,15
1013991,Ahad Rashid,1016894,Tommy Andersen,9,6,1.2533689687305836,0.8491122595713185,15
1024806,Lars Nitteberg,1071778,Deleted Account,4,11,0.5442745916863762,1.5172189736763315,15
1472748,Tommy Martinsen,1750663,Tore Mo,4,11,0.553259148127828,1.5168212224034827,15
2053323,Ib Christiansen,2166616,Philippe Béal,9,6,1.249281415571062,0.8266863129082267,15
1084882,Remi Kwit,2140722,Mats Larsen,6,9,0.8316171171529132,1.249281415571062,15
1081697,Giena Tanilon,2167690,Iselin Masternes,7,8,0.9831247788840666,1.1235711758675047,15
1612717,Mentor Nuredini,2167253,Michel Mateos,8,7,1.113693811527722,0.9744820850867567,15
1902521,Tom-Henrik Sandvik,1957536,Sebastian Yet,8,7,1.113693811527722,0.9744820850867567,15
1969223,Ole Andreas Sandvik,2230546,Tor B.,7,8,0.9744820850867567,1.113693811527722,15
2167253,Michel Mateos,2241168,Trond L,5,10,0.6960586322048262,1.390887093219205,15
1024799,Stig Nesvik,1561576,Antonio Hagen,10,5,1.2716145833747765,0.6216420980464257,15
1024806,Lars Nitteberg,1612715,Kunta Kinte,8,7,1.0244076863110705,0.9038591619116865,15
11218942,Stein Amundsen,3682319,Lasse Rognlien,10,4,9.400294547646066,3.7026760371765564,14
53060527,Mazen AlAli,63113578,Håkon Kristiansen,10,4,9.878256503361445,3.9949424732929524,14
3185355,Ivar Lexi,6839980,Daniel Lorentzen-Styr,5,9,4.587646230231767,7.231711761619282,14
71956222,Raymond Mælen,80198077,Nils Vogt,9,5,8.926347473862768,4.956575457256981,14
11218942,Stein Amundsen,80198077,Nils Vogt,7,7,6.960260010560717,6.960260010560717,14
11218942,Stein Amundsen,51736666,Yakup Aliz,7,7,6.925133320939389,6.925133320939389,14
2053323,Ib Christiansen,43127857,Manabu Sekiguchi,2,12,1.9667569624977306,11.800541774986387,14
1024799,Stig Nesvik,11218942,Stein Amundsen,6,8,5.913334466773614,7.884445955698153,14
19030543,Martin Olsson,26143903,Katrine Sætereng,6,8,4.600151450547063,7.334787401217412,14
44184394,Per Arne Grotthing,53649337,Erlend Helgesen,5,9,4.491272624264849,8.686698092759734,14
13720633,Håkon Haukebøe,2194859,Eivind Yoo Yong Jae Johansen,10,4,8.767396626977082,3.7082276018689315,14
2194859,Eivind Yoo Yong Jae Johansen,43127857,Manabu Sekiguchi,8,6,7.647991024383146,5.74553400468868,14
17419783,Ketil Blix,26143903,Katrine Sætereng,3,11,1.6585086802205702,8.323074720283048,14
1030563,Alexander Baranji,2194859,Eivind Yoo Yong Jae Johansen,9,5,8.421622781239599,4.678679322910888,14
1298131,Jack Nordby,2194859,Eivind Yoo Yong Jae Johansen,14,0,10.904881252782388,0.0,14
25743094,Mohamed Salkiny,53204752,Julianne Myhren-heyerdahl,12,2,9.793037938750846,1.8386150513565507,14
1006163,Bjørn Bratteberg,20124274,Paolo Speciale,10,4,5.6840150741118585,1.6740454650567798,14
2947262,Christian Lothar Ruiz,3682319,Lasse Rognlien,6,8,5.04958641104498,6.877763384869557,14
1006333,Kent Hansen,3185355,Ivar Lexi,8,6,7.139678788573854,5.392243063228716,14
19030543,Martin Olsson,27634768,Roger Andresen,6,8,5.0941316423920355,6.981685375631566,14
1006186,Christian Wikeby,19616722,Lobsang Thupten,8,6,7.064603524100743,5.219305275834818,14
1006536,Tormod Rygge,24897019,Robert Hedin,5,9,4.075467581559443,7.457601374918238,14
25875517,Christian Hedin,8217316,Ida Amundsen Holtet,11,3,9.519822734272125,2.479120491956575,14
1298131,Jack Nordby,5689902,Roger Andresen,12,2,10.695268791955938,1.7825447986593224,14
1006163,Bjørn Bratteberg,6600268,Kim Soo Garmark,5,9,4.41325272334165,7.939170997325693,14
1006431,Pål Daud Fillipsveen,24897019,Robert Hedin,8,6,6.994672378705854,5.150668002553989,14
6600268,Kim Soo Garmark,75512620,Trond Evjen,13,1,11.360062208694195,0.8756246876344173,14
16476664,Øystein Følling,43127857,Manabu Sekiguchi,6,8,5.270391798240102,7.027189064320135,14
1006292,Jan Thomassen,54197755,Tom erik Lysenstøen,11,3,9.45930551321465,2.6153188297456045,14
1024805,Audun Bjerve,1272012,Erol Dane Mula,5,9,3.91720516258555,7.08154157192416,14
26143903,Katrine Sætereng,3682319,Lasse Rognlien,7,7,6.094931384141755,5.988165133646521,14
25743094,Mohamed Salkiny,2947265,Bernjard David C Ruiz,12,2,10.401681520166333,1.7336135866943887,14
25743094,Mohamed Salkiny,3682319,Lasse Rognlien,12,2,10.024417085381257,1.6707361808968764,14
1960202,Ola Magnus Johnsen,6686119,Levi Pavdeja,7,7,5.86445495423986,5.942875370096165,14
3682319,Lasse Rognlien,7719582,Astrid E. Pedersen,7,7,4.657734814068171,3.7661209252244823,14
1006184,Christian Johannessen,25743094,Mohamed Salkiny,5,9,4.236048767095119,7.548282875234899,14
53204752,Julianne Myhren-heyerdahl,55415260,Dag Erik Wiig,2,12,1.6697751055353467,9.971031940131034,14
10220035,Marius Lamby Solvang,1298131,Jack Nordby,6,8,3.5611584092917568,4.248260501701815,14
19616722,Lobsang Thupten,3185355,Ivar Lexi,4,10,3.125470066529106,8.00973869229315,14
1298131,Jack Nordby,25875517,Christian Hedin,8,6,6.605595719999763,4.9541967899998225,14
1510340,Andris Viksnins,25743094,Mohamed Salkiny,0,14,0.0,11.792850075133883,14
17978686,Ibra Alkhader,71804122,Henning Hagen,10,4,8.237621993278209,3.2737935094873065,14
25875517,Christian Hedin,6686119,Levi Pavdeja,4,10,3.0836653630979884,7.66466565179428,14
1272012,Erol Dane Mula,63113578,Håkon Kristiansen,8,6,6.311116001940644,4.776299757032472,14
42921529,Joshua Turla Tuppal,5140422,Tomas Gryczon,12,2,9.734627293059607,1.6511937542339967,14
1027114,Jeremiah Torres,44184394,Per Arne Grotthing,8,6,6.30980093769287,4.635121471714519,14
1093760,Mindaugas Jomantas,1298131,Jack Nordby,11,3,4.185707281660443,2.4471997112641044,14
1042070,Henrik Olsson,24897019,Robert Hedin,10,4,6.84611577696647,3.2007949335340715,14
24897019,Robert Hedin,25484464,Joaquin K. Yovine,7,7,5.222720940540645,5.123042518569759,14
1006403,Niklas Engström-Øvretveit,44184394,Per Arne Grotthing,6,8,4.000209429654971,5.4009570934907405,14
16144084,Truls Bakken,42921529,Joshua Turla Tuppal,9,5,6.563299538550411,3.840267785577602,14
19616722,Lobsang Thupten,7719582,Astrid E. Pedersen,9,5,5.480378824501632,2.887877080442421,14
1006431,Pål Daud Fillipsveen,8498578,Riaz Ali,7,7,4.523366708618041,4.687300384456057,14
1006406,Nina Torvund,1272012,Erol Dane Mula,6,8,4.3731407736197445,5.466513712690781,14
1006288,Jan Kjetil Nordrum,1006513,Thomas Fjæran,12,2,9.053875173230528,1.5089791955384215,14
1006195,Damianos Giallourakis,1093760,Mindaugas Jomantas,8,6,3.509795907392523,0.7453565883521348,14
1006163,Bjørn Bratteberg,16144084,Truls Bakken,9,5,5.600325492664795,2.832588454194724,14
1123060,"Paweł ""Mumrikken"" Zalewski",24897019,Robert Hedin,9,5,5.77043330293009,2.5393241230964985,14
1042070,Henrik Olsson,1061867,Stig Ringebo,8,6,5.8603354617626655,4.395251596321999,14
1006214,Emil André Gangfløt,51736666,Yakup Aliz,9,5,6.5720573689613095,3.651142982756283,14
1006340,Kjartan Maraas,53204752,Julianne Myhren-heyerdahl,6,8,4.355603060762693,5.783967039227775,14
1006220,Erik Gårdelöf,20361406,Amir Khan,9,5,6.374990708828647,3.620858497755836,14
1298131,Jack Nordby,4849639,Petter Rognlien,10,4,7.183187013525937,2.8732748054103743,14
1006220,Erik Gårdelöf,36990883,Anders Valde,14,0,8.683934615528706,0.0,14
13295035,Jan Olav Johnsen,1597907,Haukur Stefansson,10,4,6.574490824857654,2.6297963299430616,14
1006360,Lars Harby,1277819,Lasse Kåring,10,4,5.349761796095397,1.9068682216425126,14
1006467,Roy Toycowboy Grimsen,16144084,Truls Bakken,12,2,7.2884673032294875,1.2147445505382481,14
2298416,Terje Kristoffersen,26005654,Jacob Sæther,6,8,3.4864057257397962,4.732338365240441,14
1006360,Lars Harby,7962169,Patryk Statkiewicz,5,9,2.6658761764820436,4.8143761126205,14
1047734,Ole Kristian Rudshavn,7962169,Patryk Statkiewicz,7,7,3.59688652281438,3.5102972962008447,14
19913527,Wael Handal,2167690,Iselin Masternes,8,6,4.051237956359655,3.0384284672697413,14
1006431,Pål Daud Fillipsveen,6839980,Daniel Lorentzen-Styr,3,11,1.199181643719216,4.759870202506446,14
1510340,Andris Viksnins,1566758,Tor-Arne Slorafoss,9,5,4.194715588309459,2.3294775537243337,14
1566758,Tor-Arne Slorafoss,21530185,Ayet Rahimi,9,5,4.186437737304304,2.325338628221756,14
6686119,Levi Pavdeja,7962169,Patryk Statkiewicz,5,9,2.237403655853958,4.011608307662161,14
7719582,Astrid E. Pedersen,8217316,Ida Amundsen Holtet,10,4,3.7709161496731527,1.5169566269386126,14
16476664,Øystein Følling,3428055,Rune Fevang,5,9,1.9053164389851684,3.4303480776940503,14
10220035,Marius Lamby Solvang,3012666,Eirik Sandaaker,12,2,4.151845957338413,0.651544212364387,14
11193832,Susann Lamby Solvang,7719582,Astrid E. Pedersen,2,12,0.6813709994787337,4.101937476197955,14
1024799,Stig Nesvik,1268827,Bastian Andreassen,7,7,2.0203354081160545,1.6054511564232592,14
5493128,Per christian Slåtta,6181993,Kim Bjørnstad,6,8,2.0341041266066404,2.7121388354755207,14
2581136,Mona Søvold Sunde,2947265,Bernjard David C Ruiz,5,9,1.6246510234733686,2.92783748495703,14
5140422,Tomas Gryczon,9209866,Johannes Sandström,7,7,2.2919965026278764,2.286200622951615,14
1708121,Petter Olsen,6181993,Kim Bjørnstad,5,9,1.5833126635982406,2.8479986061757474,14
1277819,Lasse Kåring,7004013,Jone Berntsen Stava,9,5,2.724631495709619,1.5133861892806875,14
2947265,Bernjard David C Ruiz,5140422,Tomas Gryczon,9,5,1.9321966726148487,1.080008565621341,14
1024799,Stig Nesvik,6907086,Elens Zommers,8,6,2.0426745186163218,1.5320058889622412,14
1006145,Aria Senemar,1006163,Bjørn Bratteberg,6,8,1.5320058889622412,2.0426745186163218,14
1006145,Aria Senemar,1024799,Stig Nesvik,8,6,2.0426745186163218,1.4189961660425388,14
1006178,Carl Kolrud,1969223,Ole Andreas Sandvik,8,6,1.9848625812545928,1.4886469359409447,14
1006204,Egil Arne Sørensen,1006281,Jan Atle Kofoed,5,9,0.7691520480094804,1.4064791912606314,14
1946517,Ivan Tadic,7131339,Roger Mølmann,6,8,1.317990168548738,1.7573202247316508,14
1006171,Bjørnar Davidsen,3428055,Rune Fevang,7,7,1.476050627093105,1.466744222398639,14
1006303,Joakim Haugen,1090712,Ralf Souquet,5,9,0.9770928301218273,1.7587670942192892,14
1091363,Sanjin Pehlivanovic,1286181,Petri Makkonen,9,5,1.7587670942192892,0.9770928301218273,14
1006195,Damianos Giallourakis,1091363,Sanjin Pehlivanovic,9,5,1.7587670942192892,0.9770928301218273,14
1046692,Mario He,1286245,Kim Laaksonen,5,9,0.9770928301218273,1.7587670942192892,14
1286245,Kim Laaksonen,1290151,Imran Majid,3,11,0.5861629904077938,2.149264298161911,14
1022496,Jozef Kwit,1967863,Nate Komljenovic,7,7,1.1608896602024836,1.2117687016668721,14
1006281,Jan Atle Kofoed,1272012,Erol Dane Mula,5,9,0.9335169754129887,1.6793872673123131,14
1944804,Tommy Martinsen,3081704,Sundar K,6,8,0.9581470947504558,1.3556748028987973,14
2947260,Jasper Nicolaysen,3081704,Sundar K,7,7,1.2412854074374893,1.1995072935680775,14
1006215,Emil Andreassen,1708121,Petter Olsen,7,7,1.277471812223381,1.2576714644269549,14
1969223,Ole Andreas Sandvik,4935731,Rj Velasquez,7,7,1.2253378905127148,1.224563489070524,14
2166616,Philippe Béal,3595359,Øivind Bakken,5,9,0.860905223371009,1.5443410732506224,14
3256681,Alex Hoang Hai Nguyen,3595359,Øivind Bakken,8,6,1.355527207608327,1.015699503291958,14
1902521,Tom-Henrik Sandvik,2653482,Adil Lusjani,7,7,1.1472512928053564,1.1540879887312032,14
2167690,Iselin Masternes,3256681,Alex Hoang Hai Nguyen,7,7,1.1811370769921414,1.184106918389554,14
2167690,Iselin Masternes,3119948,Huan Bao Ngo,6,8,0.973414343623251,1.2741703963143485,14
1033026,Robin Hagerup Ertesvåg,1946517,Ivan Tadic,11,3,1.808391722305995,0.498099682999706,14
1022588,Nikolaos Chatzitheodorou,1071778,Deleted Account,2,12,0.32353900631995297,1.9244912584462754,14
1969223,Ole Andreas Sandvik,2653482,Adil Lusjani,6,8,0.9321822294380991,1.242909639250799,14
1751232,Øyvind Stenhaug,3036771,Adrian Gawlak,5,9,0.7914157903666096,1.4231497230964851,14
1022588,Nikolaos Chatzitheodorou,1561935,Øystein Holm Krøvel,8,6,1.175117029110939,0.878894573573864,14
1022496,Jozef Kwit,2043792,Vaios Evangelou,9,5,1.3095980856443603,0.7275544920246446,14
1708121,Petter Olsen,2251353,Mentor Nuredini,10,4,1.4120269838720199,0.5655670949525718,14
1006543,Trond Lid Cappelen,1071778,Deleted Account,7,7,1.0006935538600081,1.0006935538600081,14
1708121,Petter Olsen,2140751,Jamal Malik,8,6,1.1235711758675047,0.8426783819006285,14
2167690,Iselin Masternes,2267856,Jimmy Andersson,6,8,0.8426783819006285,1.1235711758675047,14
2140752,Mats Larsen,2166616,Philippe Béal,8,6,1.1235711758675047,0.8426783819006285,14
1751232,Øyvind Stenhaug,2140751,Jamal Malik,6,8,0.8352703586457915,1.113693811527722,14
2140751,Jamal Malik,2194859,Eivind Yoo Yong Jae Johansen,6,8,0.8352703586457915,1.113693811527722,14
1472755,Georgina Askeland,1612717,Mentor Nuredini,8,6,1.113693811527722,0.8352703586457915,14
1013991,Ahad Rashid,1022965,Tommy Bakke,9,5,1.182213902833704,0.6091902168402579,14
2167253,Michel Mateos,2167690,Iselin Masternes,9,5,1.2430831920725998,0.6899213645579403,14
1472748,Tommy Martinsen,1968343,Silje Jacobsen,9,5,1.2309087784434802,0.6838382102463779,14
1472755,Georgina Askeland,1697350,Philippe Beal,8,6,1.0353861887813876,0.7853088770589742,14
1006174,Børre Kofoed Karaka,1561576,Antonio Hagen,10,4,1.3276575043957446,0.5343582588241518,14
1946517,Ivan Tadic,1969238,Audun Brede,7,7,0.9118731848724644,0.9089800481523063,14
1697350,Philippe Beal,1708121,Petter Olsen,5,9,0.6275300216247958,1.1514647322447904,14
1006487,Desak Sri Pustini,1013991,Ahad Rashid,7,7,0.9095556058035449,0.9101311634547835,14
1969239,Leko Antonijevic,1969407,Alexander Reyes Monsen,10,4,1.2968984754997555,0.5187593901999022,14
1006220,Erik Gårdelöf,1006549,Umar Hayat Ali,6,7,5.9562052529051925,6.912410505810385,13
13720633,Håkon Haukebøe,1960202,Ola Magnus Johnsen,3,10,2.9911828294874447,9.323510691295022,13
3682319,Lasse Rognlien,80198077,Nils Vogt,8,5,7.989884946585904,4.99367809161619,13
63113578,Håkon Kristiansen,75505852,Flavio Wicki,6,7,5.799865066871848,6.891742358265267,13
53204752,Julianne Myhren-heyerdahl,6600268,Kim Soo Garmark,1,12,0.8428794631539857,10.878064511339812,13
1006549,Umar Hayat Ali,26005654,Jacob Sæther,9,4,8.691879237898283,3.4536419262516542,13
1006549,Umar Hayat Ali,72868804,Sander Naas-Mælen,9,4,8.674031669889631,3.8754858477587084,13
1006549,Umar Hayat Ali,43127857,Manabu Sekiguchi,7,6,6.76920030983372,5.7923787162391545,13
53649337,Erlend Helgesen,72868804,Sander Naas-Mælen,6,7,5.791132061839822,6.756320738813126,13
13720633,Håkon Haukebøe,43127857,Manabu Sekiguchi,8,5,7.210461810274525,4.255782585300489,13
1006549,Umar Hayat Ali,1022496,Jozef Kwit,10,3,8.81706612476574,2.7074730257732047,13
1006204,Egil Arne Sørensen,43127857,Manabu Sekiguchi,4,9,3.4639178732529925,7.870701895412118,13
1298131,Jack Nordby,43127857,Manabu Sekiguchi,6,7,5.3583291366101005,5.840328251875062,13
1006292,Jan Thomassen,1123060,"Paweł ""Mumrikken"" Zalewski",3,10,2.655624230862983,8.957773881931065,13
1510340,Andris Viksnins,17419783,Ketil Blix,9,4,6.476485906079036,2.764935970131285,13
1272012,Erol Dane Mula,73722376,Seva Tkach,9,4,7.992134964243863,3.4660055275676407,13
4849639,Petter Rognlien,57799534,Iris Marie Evdahl,5,8,3.959214478670922,6.395865961462526,13
1024799,Stig Nesvik,1960202,Ola Magnus Johnsen,7,6,5.457414638165809,5.283011366199277,13
1960202,Ola Magnus Johnsen,26143903,Katrine Sætereng,9,4,8.043032671030668,3.5264694584780405,13
16144084,Truls Bakken,26143903,Katrine Sætereng,12,1,10.281520451299981,0.9020256639446902,13
63113578,Håkon Kristiansen,6691281,Andreas Wahr-Hansen,0,13,0.0,11.22932733358357,13
1022496,Jozef Kwit,53649337,Erlend Helgesen,7,6,5.992180961856974,5.23410105513839,13
1006333,Kent Hansen,25875517,Christian Hedin,8,5,5.979453054108925,4.2349916958860065,13
44119141,Gaute Rogstad,73722376,Seva Tkach,4,9,3.5650895973186447,8.021451593966953,13
16144084,Truls Bakken,5140422,Tomas Gryczon,9,4,7.527155387938879,3.560581963355781,13
13720633,Håkon Haukebøe,7906080,Alessandro Luca,8,5,7.101499072210223,4.431062599693388,13
1123060,"Paweł ""Mumrikken"" Zalewski",1277043,Alexander Hagen,10,3,8.834225597867798,2.646355789789514,13
1006333,Kent Hansen,55415260,Dag Erik Wiig,7,6,6.187928762146573,5.255039609935386,13
52390867,Emil Johannesen,73722376,Seva Tkach,5,8,4.367820424560586,6.974396487268889,13
26005654,Jacob Sæther,8970047,Ante Petricevic,8,5,6.607726615266166,3.9691946046183015,13
1006359,Larry Skogheim,24897019,Robert Hedin,3,10,2.638532010647864,8.795106702159547,13
1960202,Ola Magnus Johnsen,42921529,Joshua Turla Tuppal,7,6,6.060498882455499,5.079604174359801,13
1006292,Jan Thomassen,7719582,Astrid E. Pedersen,9,4,7.769277532485982,3.456413362862013,13
13720633,Håkon Haukebøe,73722376,Seva Tkach,6,7,5.185538346969908,6.07154539273127,13
1006360,Lars Harby,3185355,Ivar Lexi,9,4,7.321665139044249,3.390037911820396,13
24897019,Robert Hedin,7959797,Pergantis Zalachas,10,3,7.766420266151909,2.2545717318598353,13
51736666,Yakup Aliz,6600268,Kim Soo Garmark,5,8,3.602960457693363,6.487593030442964,13
56994721,Rolf-Tommy Østensson,6686119,Levi Pavdeja,3,10,2.539856817195707,8.398025603321996,13
1022496,Jozef Kwit,3185355,Ivar Lexi,11,2,9.30128825303471,1.6585216770967377,13
1006214,Emil André Gangfløt,1006549,Umar Hayat Ali,6,7,5.057276778923914,5.900156242077899,13
13295035,Jan Olav Johnsen,17978686,Ibra Alkhader,3,10,2.4380244868297933,7.97572511837904,13
26005654,Jacob Sæther,30913960,Josef Knutsson,2,11,1.6846928678762696,9.26581077331948,13
1510340,Andris Viksnins,30913960,Josef Knutsson,8,5,6.738771471505077,4.2117321696906735,13
1510340,Andris Viksnins,6600268,Kim Soo Garmark,3,10,2.025162889441801,5.932055617654848,13
1006513,Thomas Fjæran,26005654,Jacob Sæther,10,3,7.956487629011548,2.4289998293346526,13
16476664,Øystein Følling,54197755,Tom erik Lysenstøen,9,4,6.981561429454215,2.9080087753792165,13
1024805,Audun Bjerve,63113578,Håkon Kristiansen,10,3,8.150540436137597,2.4365363641499576,13
53204752,Julianne Myhren-heyerdahl,58717324,Kjetil Kristensen,4,9,3.0527867990912543,7.0407855922458475,13
34163575,Brahim Sandli,55415260,Dag Erik Wiig,7,6,5.74278099761812,4.939022405821643,13
1006333,Kent Hansen,8217316,Ida Amundsen Holtet,7,6,3.751933459679212,2.4664882907726384,13
26005654,Jacob Sæther,8217316,Ida Amundsen Holtet,5,8,3.2086651421047256,4.80029135051754,13
16476664,Øystein Følling,25875517,Christian Hedin,3,10,2.265404341076856,7.675878722627996,13
1006220,Erik Gårdelöf,1006281,Jan Atle Kofoed,10,3,5.169367913616869,1.9253657144994363,13
1042070,Henrik Olsson,5140422,Tomas Gryczon,11,2,8.328501705079589,1.5936820101192046,13
1006340,Kjartan Maraas,17978686,Ibra Alkhader,3,10,2.345209892667515,7.754426387520339,13
1006340,Kjartan Maraas,25484464,Joaquin K. Yovine,6,7,4.189024756550773,4.7910417269042505,13
1006360,Lars Harby,5140422,Tomas Gryczon,12,1,8.689299452127221,0.786325445444771,13
17978686,Ibra Alkhader,26143903,Katrine Sætereng,12,1,9.264796112290645,0.7828511874421162,13
3682319,Lasse Rognlien,7131339,Roger Mølmann,7,6,5.391757951990594,4.52070640444426,13
1035589,Sebastian Mæhlum,17978686,Ibra Alkhader,1,12,0.7759486550364827,9.311383860437791,13
1095179,Ernesto Antonio Meléndez,20361406,Amir Khan,8,5,6.159736300910549,3.8382722002014016,13
1006333,Kent Hansen,16144084,Truls Bakken,3,10,1.9774309457485582,7.027076119959199,13
1006290,Jan Ove Kvalsund Hansen,25743094,Mohamed Salkiny,5,8,3.840267785577602,6.144428456924162,13
1006290,Jan Ove Kvalsund Hansen,2084051,Arian Kvalsund Hansen,5,8,3.840267785577602,6.144428456924162,13
16686499,Herman Aleksander Wium,50993632,Kester Hvattum,6,7,4.505827255272057,5.207253074140224,13
44184394,Per Arne Grotthing,58717324,Kjetil Kristensen,8,5,5.930989855943454,3.6189502325116014,13
1006406,Nina Torvund,1024799,Stig Nesvik,9,4,6.3194726488576505,3.026242649362485,13
1006204,Egil Arne Sørensen,2080111,Casper Cappe Matikainen,3,10,2.2634687933076325,7.544895977692106,13
19030543,Martin Olsson,20264908,Bartosz Oldakowski,5,8,3.7033265935045345,5.943056587481748,13
1006220,Erik Gårdelöf,20264908,Bartosz Oldakowski,5,8,2.770871087222001,4.369574243102008,13
1006281,Jan Atle Kofoed,1042070,Henrik Olsson,6,7,1.6782290138699625,4.0752713485355345,13
1067228,Roy Steffensen,6600268,Kim Soo Garmark,9,4,6.533511348910974,2.8823683661546906,13
1006281,Jan Atle Kofoed,1960202,Ola Magnus Johnsen,7,6,5.0692018968581705,4.345030197307003,13
1006204,Egil Arne Sørensen,1298131,Jack Nordby,7,6,5.0692018968581705,4.345030197307003,13
36225232,Adrian Winther,54197755,Tom erik Lysenstøen,10,3,7.183187013525937,2.1549561040577805,13
1006204,Egil Arne Sørensen,3682319,Lasse Rognlien,9,4,6.1098625730616245,2.6976034100017108,13
1006214,Emil André Gangfløt,6839980,Daniel Lorentzen-Styr,11,2,7.240972584562025,1.3222263538745986,13
1006298,Jarek (Barracuda) Kapuściński,1006340,Kjartan Maraas,12,1,7.8516526276256275,0.6574490824857654,13
1006340,Kjartan Maraas,1597907,Haukur Stefansson,3,10,1.972347247457296,6.574490824857654,13
1272012,Erol Dane Mula,1277819,Lasse Kåring,7,6,3.398083012472794,3.211836724998051,13
1006360,Lars Harby,3212629,Rolf G. Sedsbøe Jensen,9,4,2.6229620749682594,1.5983362419078175,13
1022496,Jozef Kwit,2298416,Terje Kristoffersen,8,5,2.8384558682650525,2.641921577482062,13
1441973,Geir Holmqvist,2581136,Mona Søvold Sunde,12,1,7.2884673032294875,0.6073722752691241,13
1006186,Christian Wikeby,45883531,Nico Garibaldi,12,1,7.2884673032294875,0.6073722752691241,13
1006360,Lars Harby,20264908,Bartosz Oldakowski,8,5,4.826822658679986,3.0154282996934705,13
1006431,Pål Daud Fillipsveen,2298416,Terje Kristoffersen,7,6,4.200819195665533,3.6067819833973416,13
1006403,Niklas Engström-Øvretveit,1006467,Roy Toycowboy Grimsen,5,8,2.9967852549585783,4.805496085380772,13
28197979,Kalsang Kalsang,8217316,Ida Amundsen Holtet,2,11,1.0614198611719141,5.8376413753305085,13
1510340,Andris Viksnins,18284020,Nomen Nescio,6,7,2.9369079414027555,3.550572002704765,13
1272012,Erol Dane Mula,18284020,Nomen Nescio,10,3,5.171411948802604,1.5926333751029278,13
10220035,Marius Lamby Solvang,3428055,Rune Fevang,7,6,3.006278433516829,2.1361010596535297,13
5140422,Tomas Gryczon,7222054,Leif Norvald Nilsen,4,9,1.492344157801975,3.3155164978217013,13
16282693,Mikko Virtanen,2167690,Iselin Masternes,5,8,2.3137541553260736,3.810571763418655,13
1006298,Jarek (Barracuda) Kapuściński,7962169,Patryk Statkiewicz,6,7,2.6848843870247494,3.132365118195541,13
1006399,Nedzat Cimilji,1566758,Tor-Arne Slorafoss,7,6,3.132365118195541,2.6848843870247494,13
15015523,Vijay Jadhav,20361406,Amir Khan,6,7,2.6848843870247494,3.132365118195541,13
20361406,Amir Khan,7962169,Patryk Statkiewicz,6,7,2.6848843870247494,3.132365118195541,13
2639057,Ivan Blomqvist,6839980,Daniel Lorentzen-Styr,6,7,2.51106819758517,2.929579563849365,13
3012666,Eirik Sandaaker,4797871,Johannes Ulsund,5,8,1.8268563572968937,2.9543288011571054,13
1024799,Stig Nesvik,6181993,Kim Bjørnstad,5,8,1.8637029675862433,3.006743892667063,13
10220035,Marius Lamby Solvang,5493128,Per christian Slåtta,11,2,3.8897745924747924,0.6871627216398067,13
1510340,Andris Viksnins,8498578,Riaz Ali,9,4,3.081689327326843,1.375047781270753,13
2947265,Bernjard David C Ruiz,8498578,Riaz Ali,7,6,2.4264702377244842,2.1045321058087354,13
2053323,Ib Christiansen,2660053,Morten Bjellås,8,5,2.1958382187596954,1.598035424844947,13
1510340,Andris Viksnins,2053323,Ib Christiansen,6,7,1.241617939433961,1.9339234165027364,13
2194859,Eivind Yoo Yong Jae Johansen,7004013,Jone Berntsen Stava,5,8,1.649218467800354,2.639624584093199,13
1006184,Christian Johannessen,1024799,Stig Nesvik,12,1,3.276723597889129,0.3296591211544988,13
1006215,Emil Andreassen,5493128,Per christian Slåtta,6,7,1.4925794975520965,1.8916973558273282,13
1277819,Lasse Kåring,5516156,Freddy Jansson,6,7,1.8208906221762606,2.124372392538971,13
1006124,Albert-Roman Borrie Stensrød,2639057,Ivan Blomqvist,7,6,2.1119779992927237,1.8102668565366205,13
1006145,Aria Senemar,1510340,Andris Viksnins,8,5,2.0426745186163218,1.276671574135201,13
1277819,Lasse Kåring,1969223,Ole Andreas Sandvik,6,7,1.5097957367638133,1.7484964629790845,13
1093760,Mindaugas Jomantas,1902521,Tom-Henrik Sandvik,9,4,2.1386447330699974,0.9651747616058552,13
1359835,Per Hagen,4743665,Morten Bakken,11,2,2.4639545661142557,0.44233227643968,13
1075717,Bjørn Erik Øverland,2827292,Simen Jøndal,12,1,2.9914895141699205,0.2492907928474934,13
4889312,Hamza Malik,4889376,Tayab Malik,7,6,1.5619899443337317,1.3844842960068124,13
4889376,Tayab Malik,5140422,Tomas Gryczon,7,6,1.308455667767814,1.202375300968212,13
1006467,Roy Toycowboy Grimsen,1393993,Ronny Sørlie,7,6,1.5376401212939523,1.3179772468233877,13
1024799,Stig Nesvik,5129473,Andreas Bjørnhaug,6,7,1.2274271420413059,1.4673011761694115,13
1006215,Emil Andreassen,1612715,Kunta Kinte,8,5,1.4027991087851965,0.8334070037335246,13
1012750,Frode Myhre Larsen,1708121,Petter Olsen,10,3,2.048907240742587,0.608786139266079,13
1006487,Desak Sri Pustini,4797871,Johannes Ulsund,7,6,1.4752373284251845,1.2667934713192912,13
1006178,Carl Kolrud,7121356,Roger Mølmann,6,7,1.289117006722717,1.503969841176503,13
1006178,Carl Kolrud,1006487,Desak Sri Pustini,6,7,1.2650791860152768,1.4558941997616228,13
2660053,Morten Bjellås,3543748,Thong Trong Ho,8,5,1.6392173880527556,1.0328262800907593,13
1006487,Desak Sri Pustini,1510340,Andris Viksnins,8,5,1.3743735512413922,0.8168766231706718,13
1006215,Emil Andreassen,1359835,Per Hagen,4,9,0.5783746419796382,1.4120096879023671,13
1969238,Audun Brede,4889376,Tayab Malik,5,8,0.9452007920032657,1.4756518049660465,13
2660053,Morten Bjellås,4797871,Johannes Ulsund,5,8,0.9921806665084856,1.5945530111311614,13
1006458,Roger Rasmussen,2080111,Casper Cappe Matikainen,4,9,0.7816742640974619,1.7587670942192892,13
1006195,Damianos Giallourakis,1286245,Kim Laaksonen,4,9,0.7816742640974619,1.7587670942192892,13
3119948,Huan Bao Ngo,3428055,Rune Fevang,7,6,1.307406532287176,1.1117999214244147,13
1006373,Mark McGauley,1093760,Mindaugas Jomantas,10,3,1.8800334678687989,0.5636533770874239,13
1006178,Carl Kolrud,1006215,Emil Andreassen,5,8,0.8341160538440889,1.298594127469606,13
3428055,Rune Fevang,3543748,Thong Trong Ho,6,7,1.0422761949775048,1.2237622349337174,13
1750663,Tore Mo,2947260,Jasper Nicolaysen,10,3,1.6301154099209474,0.49178255933621295,13
1902521,Tom-Henrik Sandvik,2230546,Tor B.,2,11,0.2784234528819305,1.6189260075912872,13
1047734,Ole Kristian Rudshavn,1061867,Stig Ringebo,6,7,0.9958886732300397,1.1618701187683798,13
1006208,Eirik Riisnæs,1093760,Mindaugas Jomantas,8,5,1.3277465742667083,0.8298284851616913,13
2620565,Fadil,2625188,Christian Garmann Schjelderup,4,9,0.621654780038444,1.4015927181502097,13
1751232,Øyvind Stenhaug,2140722,Mats Larsen,9,4,1.420398401363007,0.6248325896995075,13
2625188,Christian Garmann Schjelderup,3081704,Sundar K,6,7,0.9496989484399315,1.1079821065132534,13
2620565,Fadil,3036771,Adrian Gawlak,6,7,0.9496989484399315,1.1079821065132534,13
1708121,Petter Olsen,2052753,Morten Falk,1,12,0.14044639698343808,1.7539064090339678,13
1071778,Deleted Account,2052753,Morten Falk,8,5,1.2496039237053738,0.7768524988305263,13
1071778,Deleted Account,1902521,Tom-Henrik Sandvik,8,5,1.2440339537046776,0.7775212210654234,13
2166616,Philippe Béal,2625188,Christian Garmann Schjelderup,9,4,1.3359152625703492,0.5891757691062002,13
2298416,Terje Kristoffersen,3212629,Rolf G. Sedsbøe Jensen,6,7,0.9178071837616144,1.0707750477218836,13
1006543,Trond Lid Cappelen,1016894,Tommy Andersen,9,4,1.3058944831293178,0.58079493977531,13
1069187,Thomas Erichsen,2431088,Chalak,7,6,1.005147833119341,0.8615552855308638,13
2140752,Mats Larsen,2431086,Adil,6,7,0.8615552855308638,1.005147833119341,13
1016894,Tommy Andersen,1024806,Lars Nitteberg,6,7,0.7965627349340545,0.9557600512595388,13
1006543,Trond Lid Cappelen,1013991,Ahad Rashid,5,8,0.7004391063519005,1.1236849310123178,13
1013991,Ahad Rashid,1946517,Ivan Tadic,8,5,1.119277938262695,0.7041378090890217,13
1751232,Øyvind Stenhaug,2251359,Gustav Leennatsso,6,7,0.8539475514440269,0.9962721433513647,13
2052753,Morten Falk,2357139,Aaron Rossel,7,6,0.9962721433513647,0.8539475514440269,13
1081697,Giena Tanilon,2140752,Mats Larsen,8,5,1.1235711758675047,0.7022319849171904,13
1071778,Deleted Account,1510340,Andris Viksnins,10,3,1.3400768376664,0.396662412715918,13
1472755,Georgina Askeland,2230546,Tor B.,5,8,0.6960586322048262,1.113693811527722,13
2230546,Tor B.,2241168,Trond L,5,8,0.6960586322048262,1.113693811527722,13
1013991,Ahad Rashid,1967863,Nate Komljenovic,5,8,0.6766588229877853,1.0942376823588709,13
1429285,Kristoffer Fjellstad,2167690,Iselin Masternes,7,6,0.9658899103811165,0.8230605685038062,13
1084882,Remi Kwit,2167690,Iselin Masternes,7,6,0.9658899103811165,0.8279056374695284,13
1944588,Drilon Disha,1969238,Audun Brede,6,7,0.8279056374695284,0.9658899103811165,13
2140523,Ola Mo,2167690,Iselin Masternes,4,9,0.5470705681971023,1.2309087784434802,13
1472748,Tommy Martinsen,2167690,Iselin Masternes,9,4,1.2309087784434802,0.5470705681971023,13
1006174,Børre Kofoed Karaka,1359835,Per Hagen,6,7,0.8015373882362276,0.9351269529422654,13
1006171,Bjørnar Davidsen,1006215,Emil Andreassen,8,5,1.0205550624984627,0.6334088475329207,13
1006145,Aria Senemar,1006174,Børre Kofoed Karaka,7,6,0.9227743333083038,0.7909494285499747,13
1006157,Asle M. Johansen,1006186,Christian Wikeby,6,7,0.7909494285499747,0.9227743333083038,13
1006174,Børre Kofoed Karaka,1298131,Jack Nordby,6,7,0.7909494285499747,0.9227743333083038,13
1006145,Aria Senemar,1006204,Egil Arne Sørensen,7,6,0.9227743333083038,0.7909494285499747,13
1006171,Bjørnar Davidsen,1561935,Øystein Holm Krøvel,8,5,1.0387754863011462,0.6434216396299087,13
1015461,Nils Arild Sabbasen,1612715,Kunta Kinte,5,8,0.629211367734228,1.0080773397139997,13
1006195,Damianos Giallourakis,1016719,Sebastian Meling,10,3,1.231313162836894,0.36939394885106824,13
1000003,Thomas Elmgren Stavang,1014998,Ivan Crenn,7,6,0.8223240741658832,0.7048492064278998,13
1006215,Emil Andreassen,1036778,Ronald Natifu,7,6,0.8223240741658832,0.7048492064278998,13
1024805,Audun Bjerve,3183489,Knut-Håkon Helgesen,7,5,6.697531316150676,4.697531316150676,12
1960202,Ola Magnus Johnsen,44184394,Per Arne Grotthing,5,7,4.766678176396877,6.493766674747336,12
3185355,Ivar Lexi,62353570,Hallvard Olaussen,8,4,7.989884946585904,3.9949424732929524,12
75505852,Flavio Wicki,77274373,Elin Demoniere,8,4,7.863310125067937,3.9121070255940262,12
1006184,Christian Johannessen,80088046,Kim Rui,9,3,8.829697964981365,2.934530193681116,12
1006163,Bjørn Bratteberg,53204752,Julianne Myhren-heyerdahl,12,0,9.911971050476893,0.0,12
11218942,Stein Amundsen,62353570,Hallvard Olaussen,10,2,9.628457003030451,1.8444397132766661,12
19030543,Martin Olsson,80198077,Nils Vogt,8,4,7.919436768636159,3.959718384318079,12
3183489,Knut-Håkon Helgesen,44184394,Per Arne Grotthing,4,8,3.942222977849076,7.884445955698153,12
12348586,Runar Leiren,62353570,Hallvard Olaussen,6,6,5.505481022395817,5.8785367349692805,12
1006184,Christian Johannessen,1095179,Ernesto Antonio Meléndez,10,2,8.609517630463081,1.5657023748842325,12
1093760,Mindaugas Jomantas,19030543,Martin Olsson,5,7,4.884329657068584,6.8380615198960175,12
1510340,Andris Viksnins,53204752,Julianne Myhren-heyerdahl,6,6,4.587202970440138,4.831665661866353,12
3682319,Lasse Rognlien,71956222,Raymond Mælen,3,9,2.839724467092891,8.519173401278675,12
54197755,Tom erik Lysenstøen,8270907,Christian Söderström,1,11,0.9609241393006744,9.928065400201737,12
1123060,"Paweł ""Mumrikken"" Zalewski",71956222,Raymond Mælen,7,5,6.651400735796509,4.707811600783233,12
17419783,Ketil Blix,43127857,Manabu Sekiguchi,3,9,2.8664065114101263,8.599219534230379,12
17419783,Ketil Blix,81177493,Bjørn Wildhagen,2,10,1.902519383174527,9.529433498070416,12
1073747,John Erstad,80088046,Kim Rui,9,3,8.479276196407763,2.8259907892194263,12
1006562,Yousef Austrheim,1093760,Mindaugas Jomantas,8,4,7.396974405330591,3.678131446439083,12
1006549,Umar Hayat Ali,6686119,Levi Pavdeja,7,5,6.521210217407993,4.658007298148566,12
2194859,Eivind Yoo Yong Jae Johansen,74738734,Frode Johansen,9,3,8.132543570396459,2.687220825894147,12
1006403,Niklas Engström-Øvretveit,1510340,Andris Viksnins,8,4,6.777115176351509,3.571552724975292,12
24897019,Robert Hedin,52645105,Tommy Bratseth,10,2,8.71974343196982,1.6753979830427232,12
1006214,Emil André Gangfløt,1006298,Jarek (Barracuda) Kapuściński,11,1,9.664888953033609,0.9222198566383331,12
1272012,Erol Dane Mula,44184394,Per Arne Grotthing,10,2,8.841034298206985,1.7682068596413971,12
1024805,Audun Bjerve,1510340,Andris Viksnins,6,6,5.194984800361698,5.257762044394356,12
43127857,Manabu Sekiguchi,52390867,Emil Johannesen,9,3,7.658240693835381,2.5148431853867788,12
1061867,Stig Ringebo,42921529,Joshua Turla Tuppal,8,4,6.708310488714725,3.6401989102702315,12
1006360,Lars Harby,80198077,Nils Vogt,10,2,9.071786190114283,1.8143572380228565,12
1024799,Stig Nesvik,2947265,Bernjard David C Ruiz,7,5,6.342201690017333,4.530144064298096,12
71803366,Jakob Corcoran-Øien,74738734,Frode Johansen,7,5,6.234933071132212,4.48248798635585,12
19030543,Martin Olsson,77274373,Elin Demoniere,10,2,8.902117443255761,1.768544123878962,12
19030543,Martin Olsson,6691281,Andreas Wahr-Hansen,7,5,6.231680970738925,4.447253524839289,12
16476664,Øystein Følling,26005654,Jacob Sæther,6,6,4.834697345048886,5.152885685280218,12
1006360,Lars Harby,51736666,Yakup Aliz,7,5,6.273866678702347,4.481333341930248,12
26143903,Katrine Sætereng,53060527,Mazen AlAli,9,3,7.872637346729621,2.640359337971943,12
24897019,Robert Hedin,53649337,Erlend Helgesen,5,7,4.053463329104195,5.905401280949253,12
34163575,Brahim Sandli,54197755,Tom erik Lysenstøen,7,5,5.984604558044961,4.316918805782896,12
1298131,Jack Nordby,3183489,Knut-Håkon Helgesen,4,8,3.5650895973186447,7.130179194637291,12
1022496,Jozef Kwit,78855460,Raymund Perez,12,0,10.695268791955938,0.0,12
1006163,Bjørn Bratteberg,3682319,Lasse Rognlien,8,4,6.807811580806342,3.0905534444979517,12
3682319,Lasse Rognlien,44184394,Per Arne Grotthing,2,10,1.7568661624531852,8.799889689690096,12
13720633,Håkon Haukebøe,52390867,Emil Johannesen,5,7,4.326374261823743,6.110545323380354,12
1006403,Niklas Engström-Øvretveit,1024805,Audun Bjerve,4,8,3.369609022911383,6.657194760055183,12
1006163,Bjørn Bratteberg,1006403,Niklas Engström-Øvretveit,9,3,4.4267107397241965,1.945438826278804,12
1010312,Mikael Øgaard,6600268,Kim Soo Garmark,10,2,7.622378893316316,1.5520624861040182,12
19030543,Martin Olsson,2581136,Mona Søvold Sunde,9,3,7.208741722734704,2.402913907578235,12
1006513,Thomas Fjæran,52390867,Emil Johannesen,12,0,10.199313523138965,0.0,12
1006214,Emil André Gangfløt,1022496,Jozef Kwit,11,1,9.21116317471749,0.8183174486768247,12
1022496,Jozef Kwit,1024805,Audun Bjerve,3,9,2.552323569262594,7.656970707787783,12
1006448,Roald Pettersen,43127857,Manabu Sekiguchi,4,8,3.4366560401952433,6.873312080390486,12
1298131,Jack Nordby,20124274,Paolo Speciale,6,6,5.154984060292865,5.154984060292865,12
20361406,Amir Khan,55415260,Dag Erik Wiig,8,4,6.842943408438719,3.421471704219359,12
2581136,Mona Søvold Sunde,30913960,Josef Knutsson,1,11,0.8423464339381348,9.26581077331948,12
25743094,Mohamed Salkiny,26005654,Jacob Sæther,3,9,2.5270393018144044,7.581117905443211,12
2581136,Mona Søvold Sunde,26005654,Jacob Sæther,3,9,2.5270393018144044,7.581117905443211,12
24897019,Robert Hedin,43127857,Manabu Sekiguchi,5,7,4.127984385584992,5.779178139818989,12
1030563,Alexander Baranji,1510340,Andris Viksnins,6,6,2.1786446539478925,2.8521770583846138,12
1006281,Jan Atle Kofoed,1006431,Pål Daud Fillipsveen,3,9,2.2145829902652037,6.443490517137789,12
1006403,Niklas Engström-Øvretveit,1093760,Mindaugas Jomantas,5,7,3.804919502367932,4.599566480646686,12
1006220,Erik Gårdelöf,1095179,Ernesto Antonio Meléndez,9,3,7.059956243238432,2.3533187477461435,12
1298131,Jack Nordby,7959797,Pergantis Zalachas,5,7,2.2145355174602415,3.749940862182903,12
1123060,"Paweł ""Mumrikken"" Zalewski",25743094,Mohamed Salkiny,5,7,3.7679761113498356,5.376343647847561,12
1042070,Henrik Olsson,1095179,Ernesto Antonio Meléndez,10,2,7.825637357840465,1.558784559827847,12
1042070,Henrik Olsson,26088853,Simeon Ivanov,9,3,7.054766315874247,2.351588771958083,12
1095179,Ernesto Antonio Meléndez,16476664,Øystein Følling,8,4,6.2351382393113886,3.117569119655694,12
1035589,Sebastian Mæhlum,16476664,Øystein Følling,7,5,5.41795724205449,3.85921826038108,12
1006281,Jan Atle Kofoed,1006549,Umar Hayat Ali,3,9,1.0163432918786788,3.6959792186636466,12
1006214,Emil André Gangfløt,1006333,Kent Hansen,8,4,6.052485298724969,3.026242649362485,12
1006163,Bjørn Bratteberg,1015461,Nils Arild Sabbasen,9,3,6.80043672811619,2.2668122427053965,12
24897019,Robert Hedin,53204752,Julianne Myhren-heyerdahl,9,3,6.617341346773231,2.161776274616018,12
1006375,Maron Pettersen,10585213,Veejay Adriano,2,10,1.5064457575788828,7.532228787894414,12
1015919,Ahmed Abiev,6686119,Levi Pavdeja,8,4,6.018124484174577,3.0090622420872886,12
1006204,Egil Arne Sørensen,1510340,Andris Viksnins,9,3,5.961670018073047,1.862385948830556,12
1006281,Jan Atle Kofoed,1006292,Jan Thomassen,5,7,2.7168647681259994,3.2038954446653785,12
1960202,Ola Magnus Johnsen,49097056,Herman Maraas,9,3,6.640458711547171,2.2102166663015446,12
1006184,Christian Johannessen,3185355,Ivar Lexi,11,1,8.004595987209877,0.7228748996297001,12
1006204,Egil Arne Sørensen,51736666,Yakup Aliz,7,5,5.085888868284273,3.6479880466636474,12
20264908,Bartosz Oldakowski,44184394,Per Arne Grotthing,9,3,6.06989776002236,2.1906857896537697,12
1093760,Mindaugas Jomantas,20264908,Bartosz Oldakowski,8,4,5.457193893816716,2.4080678814139103,12
1006360,Lars Harby,7959797,Pergantis Zalachas,5,7,3.620858497755836,5.0692018968581705,12
1006204,Egil Arne Sørensen,59525161,Wojciech Wajda,6,6,4.345030197307003,4.345030197307003,12
1006292,Jan Thomassen,7959797,Pergantis Zalachas,6,6,4.345030197307003,4.345030197307003,12
1123060,"Paweł ""Mumrikken"" Zalewski",16636270,Stian Wium,7,5,5.0692018968581705,3.620858497755836,12
1006360,Lars Harby,16686499,Herman Aleksander Wium,6,6,4.345030197307003,4.345030197307003,12
19616722,Lobsang Thupten,7959797,Pergantis Zalachas,6,6,4.345030197307003,4.345030197307003,12
20264908,Bartosz Oldakowski,59525161,Wojciech Wajda,6,6,4.345030197307003,4.345030197307003,12
36225232,Adrian Winther,49097056,Herman Maraas,4,8,2.8823683661546906,5.771585156582463,12
1006333,Kent Hansen,36225232,Adrian Winther,10,2,7.183187013525937,1.4366374027051871,12
6691281,Andreas Wahr-Hansen,7711820,Marie Hoff Petersen,10,2,7.183187013525937,1.4366374027051871,12
1006298,Jarek (Barracuda) Kapuściński,4849639,Petter Rognlien,10,2,7.183187013525937,1.4366374027051871,12
1006186,Christian Wikeby,53204752,Julianne Myhren-heyerdahl,10,2,7.183187013525937,1.4366374027051871,12
51736666,Yakup Aliz,6691281,Andreas Wahr-Hansen,10,2,7.183187013525937,1.4366374027051871,12
1010312,Mikael Øgaard,1042070,Henrik Olsson,6,6,2.783127165828421,2.0534973253922635,12
7131339,Roger Mølmann,8435377,Geir Anfinsen,2,10,1.0175505453116482,3.972499398465801,12
1006298,Jarek (Barracuda) Kapuściński,31114699,Ferdinand Jaggi,10,2,6.574490824857654,1.3148981649715308,12
20361406,Amir Khan,6839980,Daniel Lorentzen-Styr,4,8,2.5992262812231446,5.198452562446289,12
1272012,Erol Dane Mula,36216313,Bjørn-Kowalski Hansen,12,0,7.2884673032294875,0.0,12
1566758,Tor-Arne Slorafoss,20361406,Amir Khan,3,9,1.814066082949557,5.415540032224653,12
1006298,Jarek (Barracuda) Kapuściński,8498578,Riaz Ali,6,6,2.754275076267173,3.3856754985295137,12
2053323,Ib Christiansen,7959797,Pergantis Zalachas,5,7,1.6288605309109674,2.915022006582899,12
1566758,Tor-Arne Slorafoss,26005654,Jacob Sæther,6,6,3.13989718329861,3.16088967840102,12
12348586,Runar Leiren,2166616,Philippe Béal,9,3,4.752342081199364,1.6119335818541252,12
1272012,Erol Dane Mula,24452485,Mahran Alhadad,11,1,5.8376413753305085,0.5308777917009759,12
1750663,Tore Mo,8217316,Ida Amundsen Holtet,10,2,4.303749327587573,0.6597441476330771,12
1566758,Tor-Arne Slorafoss,2053323,Ib Christiansen,7,5,3.5073002603666903,2.5548608363508087,12
19913527,Wael Handal,3682319,Lasse Rognlien,5,7,2.538453754133953,3.559688142882505,12
10220035,Marius Lamby Solvang,2581136,Mona Søvold Sunde,8,4,3.3749377248882437,1.6874688624441219,12
1006186,Christian Wikeby,1006403,Niklas Engström-Øvretveit,5,7,2.237403655853958,3.132365118195541,12
1006403,Niklas Engström-Øvretveit,1079105,Didrik Vatne,5,7,2.237403655853958,3.132365118195541,12
1006298,Jarek (Barracuda) Kapuściński,1695480,Korab Neziri,7,5,3.132365118195541,2.237403655853958,12
1006333,Kent Hansen,6545064,Kim-Olaf Sørensen,7,5,3.132365118195541,2.237403655853958,12
1024799,Stig Nesvik,1079105,Didrik Vatne,5,7,2.237403655853958,3.132365118195541,12
1079105,Didrik Vatne,20637220,Sindre Aarhus Narvestad,7,5,3.132365118195541,2.237403655853958,12
1006184,Christian Johannessen,1006373,Mark McGauley,5,7,1.385165284318383,2.0611728014479618,12
2252446,Tor Bugten,5140422,Tomas Gryczon,8,4,3.0821460121820077,1.5452742395190389,12
4797871,Johannes Ulsund,5140422,Tomas Gryczon,5,7,1.8526747303588371,2.513670923960047,12
6181993,Kim Bjørnstad,6691281,Andreas Wahr-Hansen,8,4,2.8487652897789446,1.4763166298299621,12
16476664,Øystein Følling,5493128,Per christian Slåtta,6,6,1.9544586217360504,2.1330612077417648,12
2947265,Bernjard David C Ruiz,7131339,Roger Mølmann,4,8,1.3895867538632793,2.7714822232049774,12
2053323,Ib Christiansen,7719582,Astrid E. Pedersen,9,3,3.0276283577843315,1.001236169082728,12
10220035,Marius Lamby Solvang,10540801,Vasileios Nikolaou,7,5,2.421658420922404,1.7299746607693907,12
5493128,Per christian Slåtta,8498578,Riaz Ali,6,6,2.0192569473084334,1.996986178361123,12
1510340,Andris Viksnins,2947262,Christian Lothar Ruiz,8,4,2.617845604015861,1.3031268655076493,12
2194859,Eivind Yoo Yong Jae Johansen,6691281,Andreas Wahr-Hansen,8,4,2.5555664684437285,1.28632952237919,12
1708121,Petter Olsen,7959797,Pergantis Zalachas,3,9,0.947462213200406,2.8635040523370976,12
5140422,Tomas Gryczon,7401493,Simen Skattum,7,5,2.139211522764748,1.5254958588736192,12
2660053,Morten Bjellås,2827292,Simen Jøndal,2,10,0.5147114422698499,2.3132971375262548,12
1024799,Stig Nesvik,8970047,Ante Petricevic,9,3,2.6939946360602613,0.894460988278506,12
1510340,Andris Viksnins,3073760,Ronny Jakobsen,4,8,1.139161223674415,2.1819543613196575,12
1006163,Bjørn Bratteberg,1946517,Ivan Tadic,8,4,2.0426745186163218,1.0213372593081609,12
1006145,Aria Senemar,5493128,Per christian Slåtta,8,4,2.0426745186163218,1.0213372593081609,12
1047734,Ole Kristian Rudshavn,1075717,Bjørn Erik Øverland,9,3,2.227985712835325,0.7426619042784417,12
1075717,Bjørn Erik Øverland,1272012,Erol Dane Mula,3,9,0.7426619042784417,2.227985712835325,12
1006184,Christian Johannessen,1075717,Bjørn Erik Øverland,9,3,2.227985712835325,0.7426619042784417,12
1006333,Kent Hansen,3428055,Rune Fevang,5,7,1.2237057497161343,1.713188049602588,12
1006186,Christian Wikeby,1014552,Baard Onsum,6,6,1.2892735019414538,1.2083123247740488,12
1006215,Emil Andreassen,7131339,Roger Mølmann,4,8,0.8747693114214917,1.7495386228429834,12
1006487,Desak Sri Pustini,1969223,Ole Andreas Sandvik,8,4,1.715025498856635,0.8575127494283173,12
3405178,Lag 5,3405185,lag 12,8,4,1.5823288533679074,0.7685058894842826,12
2052753,Morten Falk,6181993,Kim Bjørnstad,4,8,0.8086670409425072,1.6263465339481966,12
2167690,Iselin Masternes,3012666,Eirik Sandaaker,5,7,1.0195946318188385,1.4297672958923981,12
1015952,Marius Farås,1022496,Jozef Kwit,6,6,0.8403182944784424,0.889241810626272,12
1160318,Niels Feijen,2049369,Mickey Krause,9,3,1.7587670942192892,0.5862556980730964,12
1006214,Emil André Gangfløt,6186620,Wiktor Zieliński,1,11,0.19538766346926462,2.149264298161911,12
1160318,Niels Feijen,2298416,Terje Kristoffersen,7,5,1.366996434807274,0.9764260248623385,12
4742719,Adiil Lusjanii,4797871,Johannes Ulsund,7,5,1.280049913416993,0.9047947581153646,12
2947265,Bernjard David C Ruiz,3595359,Øivind Bakken,6,6,1.100755176473955,1.0872632836974916,12
2166616,Philippe Béal,3428055,Rune Fevang,6,6,1.076844290985871,1.0554597497753364,12
3256681,Alex Hoang Hai Nguyen,5140422,Tomas Gryczon,6,6,1.0151428476875397,1.0277334303471366,12
1969238,Audun Brede,3439621,Qani Rahimi,6,6,1.0422761949775048,1.033286475127316,12
1022588,Nikolaos Chatzitheodorou,2053323,Ib Christiansen,6,6,0.9645475901214005,0.965263684153354,12
3036771,Adrian Gawlak,3119948,Huan Bao Ngo,9,3,1.4259533295884248,0.4748494742199657,12
2140722,Mats Larsen,3081704,Sundar K,7,5,1.1079821065132534,0.7914157903666096,12
1902521,Tom-Henrik Sandvik,2947262,Christian Lothar Ruiz,4,8,0.6296389733541712,1.257885427083758,12
2252446,Tor Bugten,2947262,Christian Lothar Ruiz,8,4,1.2551003878345892,0.6275501939172946,12
1670605,Bernadette Bodó,1969238,Audun Brede,5,7,0.6826105655290498,0.9728268331781025,12
2140751,Jamal Malik,2140752,Mats Larsen,1,11,0.1448679808875251,1.5581751185300798,12
2140752,Mats Larsen,2167253,Michel Mateos,5,7,0.7179627379423865,1.005147833119341,12
1969223,Ole Andreas Sandvik,2431087,Mads Gjefsen,5,7,0.7179627379423865,1.005147833119341,12
1069187,Thomas Erichsen,1750663,Tore Mo,7,5,1.005147833119341,0.7179627379423865,12
2140751,Jamal Malik,2431086,Adil,7,5,1.005147833119341,0.7179627379423865,12
2431085,Shakir,2431087,Mads Gjefsen,7,5,1.005147833119341,0.7179627379423865,12
1969238,Audun Brede,2167253,Michel Mateos,3,9,0.42697377572201345,1.2710213646132393,12
2251359,Gustav Leennatsso,2252446,Tor Bugten,5,7,0.7116229595366891,0.9962721433513647,12
1268827,Bastian Andreassen,1946517,Ivan Tadic,4,8,0.5617855879337523,1.1235711758675047,12
2140751,Jamal Malik,2166616,Philippe Béal,8,4,1.1235711758675047,0.5617855879337523,12
2140752,Mats Larsen,2267856,Jimmy Andersson,8,4,1.1235711758675047,0.5617855879337523,12
1957536,Sebastian Yet,1969223,Ole Andreas Sandvik,4,8,0.556846905763861,1.113693811527722,12
1969238,Audun Brede,2140752,Mats Larsen,4,8,0.556846905763861,1.113693811527722,12
1429285,Kristoffer Fjellstad,2140722,Mats Larsen,7,5,0.9658899103811165,0.6899213645579403,12
1018030,Thomas Bestorp,1472748,Tommy Martinsen,3,9,0.4103029261478267,1.2309087784434802,12
1902521,Tom-Henrik Sandvik,2140752,Mats Larsen,9,3,1.2309087784434802,0.4103029261478267,12
1006430,Pak San Li,1027114,Jeremiah Torres,7,5,0.9489321690010889,0.6778086921436349,12
1015952,Marius Farås,1510340,Andris Viksnins,8,4,1.0609127397807612,0.5257589953476187,12
1697350,Philippe Beal,1902521,Tom-Henrik Sandvik,3,9,0.3822287299904774,1.1601037772957374,12
1472748,Tommy Martinsen,1751232,Øyvind Stenhaug,6,6,0.7870345657376017,0.780646486051424,12
1183869,Matias Myhrhaug,1902521,Tom-Henrik Sandvik,2,10,0.25482502483111646,1.2937718319795692,12
1033026,Robin Hagerup Ertesvåg,1561576,Antonio Hagen,7,5,0.9351269529422654,0.6679478235301897,12
1013991,Ahad Rashid,1075717,Bjørn Erik Øverland,7,5,0.9351269529422654,0.6679478235301897,12
1075717,Bjørn Erik Øverland,1359835,Per Hagen,5,7,0.6679478235301897,0.9351269529422654,12
1013991,Ahad Rashid,1047734,Ole Kristian Rudshavn,5,7,0.6679478235301897,0.9351269529422654,12
1006333,Kent Hansen,1013991,Ahad Rashid,7,5,0.9351269529422654,0.6679478235301897,12
1006281,Jan Atle Kofoed,1006373,Mark McGauley,5,7,0.6591245237916457,0.9227743333083038,12
1697351,Per Ingvarsson,1934129,Johnny Lotto,5,7,0.6456095949371942,0.9182273303961751,12
1006174,Børre Kofoed Karaka,1510340,Andris Viksnins,5,7,0.6490298814269786,0.9084121195398609,12
1006171,Bjørnar Davidsen,1561576,Antonio Hagen,9,3,1.150720467101276,0.3862120536031808,12
1472748,Tommy Martinsen,1472755,Georgina Askeland,7,5,0.8998244503526606,0.6444431988357643,12
1091521,Silje Jacobsen,1156277,Mathias Hæreid,7,5,0.8998244503526606,0.6427317502519004,12
1043840,Elisabeth Synnøve Roaas,1934110,Ivan Tadic,5,7,0.6427317502519004,0.8998244503526606,12
1156277,Mathias Hæreid,1670605,Bernadette Bodó,7,5,0.8998244503526606,0.6427317502519004,12
1472748,Tommy Martinsen,1697350,Philippe Beal,5,7,0.6427317502519004,0.8998244503526606,12
1043840,Elisabeth Synnøve Roaas,1472755,Georgina Askeland,7,5,0.8998244503526606,0.6427317502519004,12
1751232,Øyvind Stenhaug,1946144,Sebastian Solberg,7,5,0.8998244503526606,0.6427317502519004,12
1934110,Ivan Tadic,1946144,Sebastian Solberg,7,5,0.8998244503526606,0.6427317502519004,12
1022965,Tommy Bakke,1561576,Antonio Hagen,7,5,0.8857724758287052,0.633174446479085,12
1084882,Remi Kwit,1183869,Matias Myhrhaug,7,5,0.8890981769897183,0.6331414014300288,12
1006157,Asle M. Johansen,1075717,Bjørn Erik Øverland,7,5,0.8829046418367715,0.6275374285601845,12
1006145,Aria Senemar,1298131,Jack Nordby,7,5,0.8223240741658832,0.5873743386899165,12
1006204,Egil Arne Sørensen,1006372,Marius Nørsterud,5,7,0.5873743386899165,0.8223240741658832,12
1006208,Eirik Riisnæs,1006292,Jan Thomassen,7,5,0.8223240741658832,0.5873743386899165,12
1006208,Eirik Riisnæs,1006458,Roger Rasmussen,5,7,0.5873743386899165,0.8223240741658832,12
1272012,Erol Dane Mula,3183489,Knut-Håkon Helgesen,9,2,8.596537628391376,1.9193075256782755,11
11218942,Stein Amundsen,71956222,Raymond Mælen,10,1,9.98735618323238,0.9987356183232381,11
1006184,Christian Johannessen,26005654,Jacob Sæther,6,5,4.908384543280484,4.711631924303459,11
44184394,Per Arne Grotthing,48159925,Ole-Jakob Rosenvold,7,4,6.289647565717644,3.3029026041604967,11
72868804,Sander Naas-Mælen,77274373,Elin Demoniere,8,3,7.6141118094813525,2.8621561184242754,11
1006220,Erik Gårdelöf,80088046,Kim Rui,10,1,9.911828294874445,0.9911828294874446,11
71956222,Raymond Mælen,75505852,Flavio Wicki,5,6,4.949647980397599,5.939577576477119,11
1006163,Bjørn Bratteberg,42921529,Joshua Turla Tuppal,4,7,3.732628221734297,6.4784530028174006,11
1006549,Umar Hayat Ali,71956222,Raymond Mælen,9,2,8.788477452247456,1.936505475857072,11
20396602,Erik Sørensen,62353570,Hallvard Olaussen,4,7,3.5631571345454134,6.325936919853583,11
52645105,Tommy Bratseth,77274373,Elin Demoniere,6,5,5.4242697896847165,4.659861995049687,11
11218942,Stein Amundsen,72868804,Sander Naas-Mælen,10,1,9.520990867989731,0.9304235598141127,11
1006298,Jarek (Barracuda) Kapuściński,53649337,Erlend Helgesen,3,8,2.908422809743101,7.755794159314937,11
1006184,Christian Johannessen,53649337,Erlend Helgesen,6,5,5.816845619486203,4.847371349571835,11
1006298,Jarek (Barracuda) Kapuściński,54197755,Tom erik Lysenstøen,6,5,5.810118127681524,4.83391636596248,11
1006214,Emil André Gangfløt,1095179,Ernesto Antonio Meléndez,8,3,7.607923259557678,2.858725332495405,11
53649337,Erlend Helgesen,62353570,Hallvard Olaussen,9,2,8.686698092759734,1.9303773539466076,11
1006420,Ole Tobias Tanilon Gangfløt,1024799,Stig Nesvik,2,9,1.9109376742734174,8.599219534230379,11
1030563,Alexander Baranji,72868804,Sander Naas-Mælen,5,6,4.741247476623528,5.689496971948233,11
1510340,Andris Viksnins,42921529,Joshua Turla Tuppal,4,7,3.518359182640563,6.224589319998661,11
1024799,Stig Nesvik,1030563,Alexander Baranji,3,8,2.0824611021357318,3.782951688413931,11
10220035,Marius Lamby Solvang,6686119,Levi Pavdeja,2,9,1.888119601640114,8.056281200760177,11
43127857,Manabu Sekiguchi,63113578,Håkon Kristiansen,8,3,7.000884125104512,2.7666595699149994,11
1073747,John Erstad,2063761,Kurt Anders Lund,9,2,8.485795340155192,1.8857322978122655,11
26005654,Jacob Sæther,33729541,Eivind Yoo Yong Jae Johansen,9,2,8.029054273355989,1.8831246403132933,11
62353570,Hallvard Olaussen,73722376,Seva Tkach,9,2,8.405685866935404,1.8714717291643552,11
1024805,Audun Bjerve,53649337,Erlend Helgesen,4,7,3.6214464470904124,6.2063320431226705,11
44184394,Per Arne Grotthing,73722376,Seva Tkach,7,4,6.501211967080111,3.7187560013517817,11
1095179,Ernesto Antonio Meléndez,26143903,Katrine Sætereng,5,6,3.9903205321441133,5.241358892755108,11
1006399,Nedzat Cimilji,17978686,Ibra Alkhader,7,4,6.382832562231284,3.612670450100046,11
2947265,Bernjard David C Ruiz,63113578,Håkon Kristiansen,8,3,7.002904407879348,2.587363717027386,11
1006163,Bjørn Bratteberg,1024805,Audun Bjerve,4,7,2.9599823852065645,5.848701264950637,11
1061867,Stig Ringebo,1960202,Ola Magnus Johnsen,2,9,1.7512493752688345,8.038391845594811,11
1006333,Kent Hansen,2194859,Eivind Yoo Yong Jae Johansen,10,1,8.116210381921166,0.7479159843125756,11
16476664,Øystein Følling,26143903,Katrine Sætereng,7,4,5.314068168636948,3.6081026557787608,11
55415260,Dag Erik Wiig,7959797,Pergantis Zalachas,6,5,5.33606332679854,4.436886221414981,11
1006431,Pål Daud Fillipsveen,2194859,Eivind Yoo Yong Jae Johansen,10,1,8.397780410883348,0.8991771053835586,11
1006333,Kent Hansen,53204752,Julianne Myhren-heyerdahl,4,7,3.3171846088134704,5.859430632007074,11
54197755,Tom erik Lysenstøen,8498578,Riaz Ali,3,8,2.422848122045512,6.771205522419441,11
19616722,Lobsang Thupten,8498578,Riaz Ali,4,7,3.5850666735441985,5.107554782424225,11
53060527,Mazen AlAli,71956222,Raymond Mælen,7,4,6.091908176736196,3.49102683378757,11
74738734,Frode Johansen,77274373,Elin Demoniere,8,3,7.054511717793114,2.642992485570489,11
26088853,Simeon Ivanov,7959797,Pergantis Zalachas,7,4,5.823522838533446,3.3534683685725413,11
1006333,Kent Hansen,43127857,Manabu Sekiguchi,1,10,0.878398633040017,8.799579503301045,11
16144084,Truls Bakken,55415260,Dag Erik Wiig,6,5,5.270391798240102,4.391993165200085,11
1006220,Erik Gårdelöf,1061867,Stig Ringebo,6,5,4.6700913031457025,3.9980747479103504,11
1006220,Erik Gårdelöf,26143903,Katrine Sætereng,9,2,7.815057191252323,1.7281389089535397,11
1006292,Jan Thomassen,52645105,Tommy Bratseth,9,2,7.797433377661112,1.7358083109170832,11
44184394,Per Arne Grotthing,6686119,Levi Pavdeja,4,7,3.395597335852487,5.980052701736031,11
55415260,Dag Erik Wiig,63113578,Håkon Kristiansen,8,3,6.627540034834598,2.543478003599531,11
1006214,Emil André Gangfløt,26143903,Katrine Sætereng,11,0,8.59992996327436,0.0,11
1006277,Ingolf Höns,1006549,Umar Hayat Ali,5,6,4.214397315769928,5.057276778923914,11
10220035,Marius Lamby Solvang,53649337,Erlend Helgesen,6,5,4.4593008072938884,3.9686318173515005,11
17419783,Ketil Blix,42921529,Joshua Turla Tuppal,3,8,2.288803586241431,6.25088240259796,11
10220035,Marius Lamby Solvang,3185355,Ivar Lexi,5,6,3.7221221791590655,4.108262161658241,11
53649337,Erlend Helgesen,6686119,Levi Pavdeja,4,7,3.3139704531374985,5.8049512288712215,11
17419783,Ketil Blix,7959797,Pergantis Zalachas,4,7,3.259641818793111,5.672973620865668,11
63113578,Håkon Kristiansen,69888928,T M.H,4,7,3.306245163695025,5.75403018871454,11
3185355,Ivar Lexi,5140422,Tomas Gryczon,5,6,4.1463041927418445,4.9755650312902135,11
16476664,Øystein Følling,44184394,Per Arne Grotthing,5,6,3.997841039570904,4.689113806336718,11
1272012,Erol Dane Mula,25875517,Christian Hedin,5,6,4.021680693756522,4.816005308919969,11
1042070,Henrik Olsson,1093760,Mindaugas Jomantas,10,1,7.846642296790007,0.8157332370880348,11
1030563,Alexander Baranji,3682319,Lasse Rognlien,3,8,2.207378761608686,6.039015613782298,11
43127857,Manabu Sekiguchi,62353570,Hallvard Olaussen,8,3,6.456643068703945,2.4333066125953255,11
17978686,Ibra Alkhader,19616722,Lobsang Thupten,9,2,7.096679093812584,1.5810397121317084,11
1006281,Jan Atle Kofoed,1024805,Audun Bjerve,6,5,4.815495185242307,3.9963603346642174,11
1027114,Jeremiah Torres,3682319,Lasse Rognlien,8,3,6.431435100397457,2.411788162649046,11
1510340,Andris Viksnins,24897019,Robert Hedin,5,6,3.8646290316346756,4.452533595600337,11
1006281,Jan Atle Kofoed,5140422,Tomas Gryczon,5,6,4.0018867461862255,4.802264095423471,11
1006431,Pål Daud Fillipsveen,1095179,Ernesto Antonio Meléndez,9,2,7.055979188949853,1.5645314730693456,11
26088853,Simeon Ivanov,55415260,Dag Erik Wiig,7,4,5.553241999722433,3.1732811426985332,11
1298131,Jack Nordby,7131339,Roger Mølmann,2,9,1.0199616967375391,5.543705347766277,11
25484464,Joaquin K. Yovine,3682319,Lasse Rognlien,5,6,3.721636677253615,3.8151365121733183,11
1042070,Henrik Olsson,25484464,Joaquin K. Yovine,9,2,7.009618853354816,1.5607579535862215,11
1035589,Sebastian Mæhlum,8435377,Geir Anfinsen,5,6,3.8797432751824132,4.655691930218896,11
1960202,Ola Magnus Johnsen,53204752,Julianne Myhren-heyerdahl,8,3,5.987627091792534,2.1906857896537697,11
1960202,Ola Magnus Johnsen,7719582,Astrid E. Pedersen,9,2,6.750334812564828,1.4734488427909282,11
16686499,Herman Aleksander Wium,52390867,Emil Johannesen,8,3,5.968133361421002,2.2231863934297227,11
52390867,Emil Johannesen,6691281,Andreas Wahr-Hansen,3,8,2.2826408618423333,5.8046027472372606,11
16636270,Stian Wium,16686499,Herman Aleksander Wium,7,4,4.165597120308478,2.797690034406372,11
1006549,Umar Hayat Ali,53204752,Julianne Myhren-heyerdahl,10,1,7.527442196556318,0.7522655605218221,11
24897019,Robert Hedin,49097056,Herman Maraas,7,4,5.242603019206503,2.989619931954886,11
25484464,Joaquin K. Yovine,25875517,Christian Hedin,6,5,4.204648009790307,3.55298861117121,11
1006214,Emil André Gangfløt,1061867,Stig Ringebo,8,3,5.89063860100405,2.2192363149100833,11
26005654,Jacob Sæther,7719582,Astrid E. Pedersen,5,6,3.2537168812214357,3.2893809094070994,11
1006403,Niklas Engström-Øvretveit,1960202,Ola Magnus Johnsen,3,8,2.219986788904923,5.893859656751906,11
25484464,Joaquin K. Yovine,9835810,Navid Eslah,2,9,1.4604571931025132,6.5720573689613095,11
1006204,Egil Arne Sørensen,1061867,Stig Ringebo,5,6,3.5799092896068743,4.356497913551647,11
19030543,Martin Olsson,6839980,Daniel Lorentzen-Styr,4,7,2.8966867982046685,5.0692018968581705,11
1006204,Egil Arne Sørensen,8435377,Geir Anfinsen,5,6,3.602960457693363,4.271670020830485,11
51736666,Yakup Aliz,54197755,Tom erik Lysenstøen,10,1,7.183187013525937,0.7183187013525936,11
3682319,Lasse Rognlien,7959797,Pergantis Zalachas,7,4,3.461100149407204,1.6425754493604532,11
1006431,Pål Daud Fillipsveen,20124274,Paolo Speciale,6,5,3.8965753872318483,2.9967852549585783,11
6691281,Andreas Wahr-Hansen,7719582,Astrid E. Pedersen,4,7,2.7610815981141497,4.831892796699762,11
20361406,Amir Khan,7959797,Pergantis Zalachas,9,2,5.943805258502406,1.3150228556233854,11
1006360,Lars Harby,1298131,Jack Nordby,8,3,5.297492768268006,1.982500820256586,11
1006360,Lars Harby,20361406,Amir Khan,8,3,5.303262195234977,1.9987366916322502,11
1006298,Jarek (Barracuda) Kapuściński,2194859,Eivind Yoo Yong Jae Johansen,8,3,5.025415103047111,1.9463318752379064,11
1277819,Lasse Kåring,26005654,Jacob Sæther,5,6,3.0432222478734032,3.4864057257397962,11
2194859,Eivind Yoo Yong Jae Johansen,24833275,Marte Stulen Aamodt,7,4,4.354399756651817,2.5015885241988927,11
1006467,Roy Toycowboy Grimsen,2298416,Terje Kristoffersen,3,8,1.830203297496222,4.859025840594372,11
1006360,Lars Harby,26143903,Katrine Sætereng,8,3,4.859025840594372,1.814066082949557,11
1566758,Tor-Arne Slorafoss,2581136,Mona Søvold Sunde,8,3,4.292272769879491,1.541447690623227,11
1006298,Jarek (Barracuda) Kapuściński,20264908,Bartosz Oldakowski,3,8,1.8087226350234742,4.826822658679986,11
1093760,Mindaugas Jomantas,1277819,Lasse Kåring,6,5,3.4864057257397962,2.9053381047831635,11
20637220,Sindre Aarhus Narvestad,8498578,Riaz Ali,6,5,3.4864057257397962,2.9053381047831635,11
16144084,Truls Bakken,2252446,Tor Bugten,6,5,3.4864057257397962,2.9053381047831635,11
1047734,Ole Kristian Rudshavn,24897019,Robert Hedin,6,5,3.15726492808107,2.631054106734225,11
1960202,Ola Magnus Johnsen,24897019,Robert Hedin,6,5,3.15726492808107,2.631054106734225,11
1067228,Roy Steffensen,20361406,Amir Khan,9,2,4.688204992456993,1.0418233316571093,11
19913527,Wael Handal,3428055,Rune Fevang,6,5,3.0171386385647163,2.4678358029835,11
1510340,Andris Viksnins,30584953,Mattias Beckman,8,3,3.996310720474614,1.5085693192823582,11
19913527,Wael Handal,5140422,Tomas Gryczon,5,6,2.538453754133953,3.052447614139943,11
1095179,Ernesto Antonio Meléndez,18284020,Nomen Nescio,6,5,3.0204275883572675,2.517022990297723,11
16282693,Mikko Virtanen,24833275,Marte Stulen Aamodt,7,4,3.4446004256180602,1.9670932332865045,11
1566758,Tor-Arne Slorafoss,7959797,Pergantis Zalachas,7,4,3.209514707908088,1.828803115004015,11
15015523,Vijay Jadhav,7959797,Pergantis Zalachas,5,6,2.1255068079067967,2.4586475274138233,11
1006399,Nedzat Cimilji,20124274,Paolo Speciale,4,7,1.7899229246831663,3.132365118195541,11
1006298,Jarek (Barracuda) Kapuściński,1006399,Nedzat Cimilji,7,4,3.132365118195541,1.7899229246831663,11
1006298,Jarek (Barracuda) Kapuściński,1006403,Niklas Engström-Øvretveit,4,7,1.7899229246831663,3.132365118195541,11
20637220,Sindre Aarhus Narvestad,7962169,Patryk Statkiewicz,7,4,3.132365118195541,1.7899229246831663,11
1006373,Mark McGauley,6600268,Kim Soo Garmark,5,6,1.868859410916236,2.088981963816003,11
20264908,Bartosz Oldakowski,6686119,Levi Pavdeja,5,6,2.1326761226900732,2.559211347228088,11
20264908,Bartosz Oldakowski,6600268,Kim Soo Garmark,5,6,2.1326761226900732,2.559211347228088,11
1047734,Ole Kristian Rudshavn,7959797,Pergantis Zalachas,7,4,2.929579563849365,1.6740454650567798,11
2194859,Eivind Yoo Yong Jae Johansen,2252446,Tor Bugten,4,7,1.5218712163840933,2.6716970681470755,11
6181993,Kim Bjørnstad,8498578,Riaz Ali,5,6,1.7449596613086957,2.2335956831526214,11
6181993,Kim Bjørnstad,7719582,Astrid E. Pedersen,8,3,3.036452653840747,1.1260647992061206,11
2581136,Mona Søvold Sunde,3012666,Eirik Sandaaker,5,6,1.8286383189969997,2.107720559372637,11
2053323,Ib Christiansen,5140422,Tomas Gryczon,7,4,2.1414287524001208,1.1944911971211865,11
1272012,Erol Dane Mula,2827292,Simen Jøndal,10,1,2.6776760317175,0.1876466835136642,11
1708121,Petter Olsen,2194859,Eivind Yoo Yong Jae Johansen,7,4,2.203925200792612,1.3354626259460192,11
5140422,Tomas Gryczon,8498578,Riaz Ali,4,7,1.357573961354193,2.3776351118903785,11
1015461,Nils Arild Sabbasen,6181993,Kim Bjørnstad,5,6,1.5580044900356949,1.3486927159241122,11
10220035,Marius Lamby Solvang,1277819,Lasse Kåring,5,6,1.6216636612592104,1.9459963935110525,11
1277819,Lasse Kåring,1902521,Tom-Henrik Sandvik,8,3,2.2982413462031728,0.827656111111879,11
1277819,Lasse Kåring,16476664,Øystein Følling,5,6,1.5847156552418729,1.8991334013317094,11
1006145,Aria Senemar,4797871,Johannes Ulsund,8,3,2.0426745186163218,0.7660029444811207,11
1006145,Aria Senemar,1272012,Erol Dane Mula,8,3,2.0426745186163218,0.7660029444811207,11
1902521,Tom-Henrik Sandvik,4797871,Johannes Ulsund,7,4,1.648435647062316,0.9302265816674868,11
1006178,Carl Kolrud,4797871,Johannes Ulsund,5,6,1.2355952378011175,1.4919428529296133,11
1006360,Lars Harby,2639057,Ivan Blomqvist,2,9,0.4951079361856278,2.227985712835325,11
1075717,Bjørn Erik Øverland,2639057,Ivan Blomqvist,2,9,0.4951079361856278,2.227985712835325,11
1047734,Ole Kristian Rudshavn,2639057,Ivan Blomqvist,9,2,2.227985712835325,0.4951079361856278,11
2827292,Simen Jøndal,7401491,Morten Bjellås,5,6,1.1941547440126128,1.4197312155387272,11
1006214,Emil André Gangfløt,1079105,Didrik Vatne,7,4,1.6628482892526473,0.9501990224300841,11
1006124,Albert-Roman Borrie Stensrød,1006195,Damianos Giallourakis,4,7,0.9335167596703806,1.6336543294231662,11
2167690,Iselin Masternes,4889312,Hamza Malik,6,5,1.2630277187027388,1.0650420199731383,11
1006171,Bjørnar Davidsen,1969223,Ole Andreas Sandvik,5,6,1.0443523925347558,1.2741611168556295,11
1751232,Øyvind Stenhaug,5493128,Per christian Slåtta,4,7,0.8575169437386598,1.4796038669150273,11
3405179,Lag 6,3405183,Lag 10,6,5,1.209405177225602,0.9549677275554354,11
1902521,Tom-Henrik Sandvik,3012666,Eirik Sandaaker,7,4,1.4516242266416972,0.8294995580809696,11
1093760,Mindaugas Jomantas,6181993,Kim Bjørnstad,7,4,1.4208001041888765,0.8221857190372805,11
1006215,Emil Andreassen,1093760,Mindaugas Jomantas,2,9,0.3698694465358338,1.739609983699125,11
1006171,Bjørnar Davidsen,1093760,Mindaugas Jomantas,3,8,0.6049143315555241,1.6154965113111803,11
2053323,Ib Christiansen,6550335,Usama Javed,3,8,0.5978027939147482,1.594140783772662,11
1708121,Petter Olsen,2057268,Øyvind Stenhaug,3,8,0.5498120604292176,1.474244459599436,11
1006171,Bjørnar Davidsen,1967863,Nate Komljenovic,3,8,0.5951614942432197,1.5870973179819197,11
1290914,Mark Gray,2827292,Simen Jøndal,7,4,1.3669910301340573,0.7811377315051756,11
3119948,Huan Bao Ngo,5140422,Tomas Gryczon,6,5,1.0371012340247192,0.9007447134848381,11
1006453,Robin Nathan,1272012,Erol Dane Mula,6,5,1.1657319715102832,0.9714433095919027,11
1006215,Emil Andreassen,2792002,Shaq Bajrami,7,4,1.283479469897662,0.7447681251049983,11
1967863,Nate Komljenovic,2252446,Tor Bugten,5,6,0.9418000503004774,1.061442067413506,11
1967863,Nate Komljenovic,2827292,Simen Jøndal,8,3,1.4345954548015407,0.5629400505409926,11
1006281,Jan Atle Kofoed,3428055,Rune Fevang,6,5,1.1201947543011321,0.9334956285842768,11
1006147,Arild Kråkvik,1006333,Kent Hansen,8,3,1.4074286541851417,0.5307877924843529,11
3595359,Øivind Bakken,4797871,Johannes Ulsund,6,5,1.0659642505551805,0.8931242760064572,11
5140422,Tomas Gryczon,5174448,Thomas Hilling Amundsen,4,7,0.7215280201873944,1.2702123137470733,11
1750663,Tore Mo,3081704,Sundar K,5,6,0.8055777562375059,1.0168961800046445,11
3081704,Sundar K,5076344,Hamad Malik,6,5,1.060902025925562,0.884085021604635,11
1018030,Thomas Bestorp,3120055,Per Christian Slåtta,5,6,0.884085021604635,1.060902025925562,11
2167690,Iselin Masternes,5076344,Hamad Malik,6,5,1.060902025925562,0.884085021604635,11
3120055,Per Christian Slåtta,4889312,Hamza Malik,6,5,1.060902025925562,0.884085021604635,11
2166616,Philippe Béal,4797871,Johannes Ulsund,7,4,1.1720135637989026,0.6844616355269506,11
3080986,Qazim Redzepi,3439621,Qani Rahimi,5,6,0.8685634958145872,1.0422761949775048,11
3428055,Rune Fevang,3635527,Per Ståle,7,4,1.184106918389554,0.6766325247940309,11
2167690,Iselin Masternes,3635527,Per Ståle,7,4,1.184106918389554,0.6766325247940309,11
1006215,Emil Andreassen,1946517,Ivan Tadic,1,10,0.16618828980109507,1.530459476468289,11
1006208,Eirik Riisnæs,1006359,Larry Skogheim,8,3,1.3278515643067197,0.4979443366150199,11
1751232,Øyvind Stenhaug,3256681,Alex Hoang Hai Nguyen,5,6,0.8120522452070225,0.9710157609437493,11
1157968,Jesper Gustafsson,2252446,Tor Bugten,6,5,0.9709955443289792,0.8070131175516233,11
2620564,Ridvan,3218903,Amir Bajrami,6,5,0.9581470947504558,0.7984559122920465,11
1016897,Hannes Ragnar Leifsson,2620564,Ridvan,5,6,0.7984559122920465,0.9581470947504558,11
1944804,Tommy Martinsen,3119948,Huan Bao Ngo,3,8,0.4769661732084345,1.2733147113336876,11
2140742,Jamal Malik,3119948,Huan Bao Ngo,4,7,0.6331326322932876,1.1079821065132534,11
2140722,Mats Larsen,2620565,Fadil,7,4,1.1079821065132534,0.6101769277836003,11
1750663,Tore Mo,3036771,Adrian Gawlak,4,7,0.6331326322932876,1.1079821065132534,11
2140742,Jamal Malik,2653482,Adil Lusjani,3,8,0.4423704632877219,1.2554389276091606,11
1016894,Tommy Andersen,1071778,Deleted Account,5,6,0.6930909569345864,0.8507822567339456,11
1006373,Mark McGauley,1061500,Jim Fors,7,4,1.0707750477218836,0.6118714558410763,11
1006549,Umar Hayat Ali,1298131,Jack Nordby,6,5,0.9178071837616144,0.7648393198013453,11
1006514,Thomas Pedersen,2298416,Terje Kristoffersen,5,6,0.7648393198013453,0.9178071837616144,11
1006360,Lars Harby,1277043,Alexander Hagen,7,4,1.0707750477218836,0.6118714558410763,11
1022588,Nikolaos Chatzitheodorou,1024799,Stig Nesvik,6,5,0.8860497399207039,0.7399017321700566,11
1024799,Stig Nesvik,1561935,Øystein Holm Krøvel,3,8,0.43847000748319603,1.0853223770307052,11
1006431,Pål Daud Fillipsveen,1081546,Bent Brørs,5,6,0.7221181327026378,0.8665417592431653,11
1081546,Bent Brørs,1359835,Per Hagen,5,6,0.7221181327026378,0.8665417592431653,11
1006543,Trond Lid Cappelen,1024806,Lars Nitteberg,8,3,1.146266920898555,0.4295305042686309,11
1902521,Tom-Henrik Sandvik,2167253,Michel Mateos,7,4,1.005147833119341,0.5619343164388293,11
1013991,Ahad Rashid,16476664,Øystein Følling,5,6,0.7110366143609699,0.8465038452628992,11
2166616,Philippe Béal,2251359,Gustav Leennatsso,4,7,0.5692983676293513,0.9962721433513647,11
1081697,Giena Tanilon,1670605,Bernadette Bodó,8,3,1.1235711758675047,0.42133919095031425,11
1670605,Bernadette Bodó,2267856,Jimmy Andersson,3,8,0.42133919095031425,1.1235711758675047,11
1013991,Ahad Rashid,1944631,Lars Haakon Lunde,3,8,0.41395281873476414,1.1038741832927046,11
1027114,Jeremiah Torres,1944631,Lars Haakon Lunde,3,8,0.41395281873476414,1.1038741832927046,11
1183869,Matias Myhrhaug,2052753,Morten Falk,3,8,0.40131836970637497,1.0996627002832415,11
1902521,Tom-Henrik Sandvik,1944588,Drilon Disha,4,7,0.5519370916463522,0.9658899103811165,11
1183869,Matias Myhrhaug,2167253,Michel Mateos,4,7,0.5519370916463522,0.9658899103811165,11
1006430,Pak San Li,1022496,Jozef Kwit,6,5,0.8111854768260689,0.6672797727153541,11
1006178,Carl Kolrud,1022965,Tommy Bakke,4,7,0.5262056385087676,0.9317271725142268,11
1022965,Tommy Bakke,1027114,Jeremiah Torres,4,7,0.52935714268079,0.9295974524499122,11
1022496,Jozef Kwit,1612715,Kunta Kinte,2,9,0.26461630705328476,1.1790781283088725,11
1006157,Asle M. Johansen,1022496,Jozef Kwit,8,3,1.0357819511174127,0.38411818565658135,11
1006174,Børre Kofoed Karaka,1006333,Kent Hansen,4,7,0.5343582588241518,0.9351269529422654,11
1047734,Ole Kristian Rudshavn,1093760,Mindaugas Jomantas,7,4,0.9351269529422654,0.5343582588241518,11
1006157,Asle M. Johansen,1006487,Desak Sri Pustini,4,7,0.5280297973637049,0.9240521453864836,11
1006487,Desak Sri Pustini,1612715,Kunta Kinte,8,3,1.0467891875636073,0.39370474623182805,11
1033026,Robin Hagerup Ertesvåg,1298131,Jack Nordby,7,4,0.9227743333083038,0.5272996190333166,11
1013991,Ahad Rashid,1934129,Johnny Lotto,5,6,0.6404599011697589,0.7701421757612098,11
1472755,Georgina Askeland,1934110,Ivan Tadic,4,7,0.5141854002015204,0.8998244503526606,11
1156277,Mathias Hæreid,1946144,Sebastian Solberg,4,7,0.5141854002015204,0.8998244503526606,11
1091521,Silje Jacobsen,1670605,Bernadette Bodó,4,7,0.5141854002015204,0.8998244503526606,11
1043840,Elisabeth Synnøve Roaas,1472748,Tommy Martinsen,7,4,0.8998244503526606,0.5141854002015204,11
1183869,Matias Myhrhaug,1922791,Ole Sandvik,3,8,0.3822287299904774,1.0192766133079398,11
1006281,Jan Atle Kofoed,1670605,Bernadette Bodó,6,5,0.7453565883521348,0.6211304902934457,11
1006281,Jan Atle Kofoed,1006453,Robin Nathan,5,6,0.6211304902934457,0.7453565883521348,11
1561935,Øystein Holm Krøvel,1670605,Bernadette Bodó,6,5,0.7453565883521348,0.6211304902934457,11
1006281,Jan Atle Kofoed,1006328,Lioness Princess,6,5,0.7453565883521348,0.6211304902934457,11
1006195,Damianos Giallourakis,1006458,Roger Rasmussen,6,5,0.7453565883521348,0.6211304902934457,11
1018532,Goran Nikolic,1033026,Robin Hagerup Ertesvåg,4,7,0.46989947095193324,0.8223240741658832,11
1006453,Robin Nathan,1014998,Ivan Crenn,6,5,0.7048492064278998,0.5873743386899165,11
1006145,Aria Senemar,1018532,Goran Nikolic,5,6,0.5873743386899165,0.7048492064278998,11
1000003,Thomas Elmgren Stavang,1006373,Mark McGauley,5,6,0.5296207819545228,0.6355449383454274,11
1006333,Kent Hansen,13720633,Håkon Haukebøe,6,4,5.650241695834913,3.8834138986116375,10
51736666,Yakup Aliz,62353570,Hallvard Olaussen,5,5,4.99367809161619,4.99367809161619,10
17419783,Ketil Blix,53060527,Mazen AlAli,3,7,2.9873813356263,6.973498289575838,10
1006549,Umar Hayat Ali,6839980,Daniel Lorentzen-Styr,7,3,6.861454108688084,2.8791274932785536,10
1006340,Kjartan Maraas,53649337,Erlend Helgesen,4,6,3.977291434606124,5.965937151909186,10
1024805,Audun Bjerve,2194859,Eivind Yoo Yong Jae Johansen,8,2,7.911945080554554,1.9779862701386386,10
71956222,Raymond Mælen,82125409,Ralfs Savielis,8,2,7.919436768636159,1.9798591921590396,10
11218942,Stein Amundsen,3183489,Knut-Håkon Helgesen,6,4,5.887207308212771,3.9248048721418467,10
3183489,Knut-Håkon Helgesen,80198077,Nils Vogt,4,6,3.9248048721418467,5.887207308212771,10
51736666,Yakup Aliz,53649337,Erlend Helgesen,5,5,4.548413616335502,4.548413616335502,10
72868804,Sander Naas-Mælen,85089859,Stian Rekdal,2,8,1.9279366201910413,7.741371992827384,10
3183489,Knut-Håkon Helgesen,44119141,Gaute Rogstad,4,6,3.828637996568498,5.376337656559011,10
44184394,Per Arne Grotthing,6839980,Daniel Lorentzen-Styr,6,4,5.3995946112909605,3.659506470071664,10
1006549,Umar Hayat Ali,63113578,Håkon Kristiansen,10,0,8.612692214072577,0.0,10
3185355,Ivar Lexi,53649337,Erlend Helgesen,3,7,2.7146360719501925,6.241401189182848,10
26143903,Katrine Sætereng,6600268,Kim Soo Garmark,4,6,3.281199610111484,5.412064400680272,10
1006403,Niklas Engström-Øvretveit,3185355,Ivar Lexi,4,6,3.7264058385188528,4.741136254127046,10
62353570,Hallvard Olaussen,77274373,Elin Demoniere,8,2,7.329078336823565,1.832269584205891,10
1510340,Andris Viksnins,63113578,Håkon Kristiansen,6,4,4.965955620449109,3.3894802038481724,10
1006448,Roald Pettersen,71956222,Raymond Mælen,4,6,3.656353947649154,5.4845309214737314,10
13720633,Håkon Haukebøe,6600268,Kim Soo Garmark,1,9,0.7334693178863355,7.2960610654773905,10
52390867,Emil Johannesen,62353570,Hallvard Olaussen,5,5,4.325945213678222,4.154063717199106,10
54197755,Tom erik Lysenstøen,6691281,Andreas Wahr-Hansen,0,10,0.0,8.239325943608375,10
1006431,Pål Daud Fillipsveen,8435377,Geir Anfinsen,5,5,3.8679968629539205,4.0839439295109665,10
3183489,Knut-Håkon Helgesen,53060527,Mazen AlAli,5,5,4.48636797351196,4.474487800406216,10
1006220,Erik Gårdelöf,7959797,Pergantis Zalachas,9,1,7.5507834918346415,0.8991771053835586,10
19616722,Lobsang Thupten,79780879,Kim Alexander Foss,8,2,7.184321618618783,1.7960804046546957,10
1006373,Mark McGauley,1024799,Stig Nesvik,6,4,2.544564598766654,3.0154847628684216,10
1006431,Pål Daud Fillipsveen,54197755,Tom erik Lysenstøen,9,1,7.625304826776729,0.8952042296839611,10
1061867,Stig Ringebo,55415260,Dag Erik Wiig,6,4,5.340872945033671,3.560581963355781,10
63113578,Håkon Kristiansen,71803366,Jakob Corcoran-Øien,3,7,2.5264790729510054,5.8749072502375155,10
20124274,Paolo Speciale,26088853,Simeon Ivanov,7,3,6.176078483856653,2.646890778795708,10
6600268,Kim Soo Garmark,8970047,Ante Petricevic,10,0,8.64205002089538,0.0,10
1006333,Kent Hansen,16476664,Øystein Følling,4,6,3.513594532160068,5.270391798240102,10
1006399,Nedzat Cimilji,51736666,Yakup Aliz,5,5,4.339520777292708,4.34501975140464,10
2947265,Bernjard David C Ruiz,3682319,Lasse Rognlien,6,4,5.2008407600831665,3.4672271733887774,10
2947262,Christian Lothar Ruiz,7959797,Pergantis Zalachas,5,5,2.7239995929507583,3.2606777175458292,10
1022496,Jozef Kwit,54197755,Tom erik Lysenstøen,8,2,6.719210766259218,1.7281389089535397,10
1006399,Nedzat Cimilji,6686119,Levi Pavdeja,3,7,2.5922083634303097,5.649470975607552,10
1006448,Roald Pettersen,5140422,Tomas Gryczon,5,5,4.3148847044554,4.3148847044554,10
72868804,Sander Naas-Mælen,73722376,Seva Tkach,4,6,3.4442987487280794,5.1474255860015194,10
19030543,Martin Olsson,8217316,Ida Amundsen Holtet,4,6,3.337542326754527,5.006313490131791,10
1024805,Audun Bjerve,53204752,Julianne Myhren-heyerdahl,6,4,5.078838709787572,3.36648274787017,10
16144084,Truls Bakken,3185355,Ivar Lexi,4,6,3.374007027568892,5.061010541353339,10
1006443,Philip Sanchez Gangfløt,3212629,Rolf G. Sedsbøe Jensen,4,6,3.3715178526159426,5.057276778923914,10
1123060,"Paweł ""Mumrikken"" Zalewski",1298131,Jack Nordby,4,6,3.3715178526159426,4.648679655383916,10
1006277,Ingolf Höns,6839980,Daniel Lorentzen-Styr,5,5,4.214397315769928,4.214397315769928,10
25875517,Christian Hedin,36990883,Anders Valde,6,4,4.873099612219979,3.003163519208072,10
10220035,Marius Lamby Solvang,26143903,Katrine Sætereng,5,5,3.280621638110583,3.741187256011008,10
1006214,Emil André Gangfløt,44184394,Per Arne Grotthing,7,3,5.371115753735263,2.327148878483115,10
10220035,Marius Lamby Solvang,1030563,Alexander Baranji,2,8,1.6679910983299449,6.309094318775385,10
69888928,T M.H,7959797,Pergantis Zalachas,6,4,4.986605697067429,3.324403798044952,10
53204752,Julianne Myhren-heyerdahl,6686119,Levi Pavdeja,1,9,0.8229896774037768,7.443512050331053,10
1006513,Thomas Fjæran,1960202,Ola Magnus Johnsen,9,1,7.385631208099766,0.830310668143189,10
54197755,Tom erik Lysenstøen,55415260,Dag Erik Wiig,1,9,0.7228748996297001,7.1005127313240095,10
1093760,Mindaugas Jomantas,53649337,Erlend Helgesen,5,5,4.08228637248523,4.089526746575341,10
25743094,Mohamed Salkiny,53649337,Erlend Helgesen,7,3,5.706576453529124,2.4580602723992717,10
1006549,Umar Hayat Ali,25875517,Christian Hedin,7,3,5.692473714010391,2.4150600174780283,10
1006214,Emil André Gangfløt,42921529,Joshua Turla Tuppal,8,2,6.361269230405986,1.6366348973536493,10
1006214,Emil André Gangfløt,26005654,Jacob Sæther,10,0,7.5157639848151,0.0,10
44184394,Per Arne Grotthing,50993632,Kester Hvattum,8,2,6.3257681585868095,1.5314176051173352,10
1024805,Audun Bjerve,44184394,Per Arne Grotthing,5,5,4.00695306422027,3.964743984455801,10
17978686,Ibra Alkhader,26088853,Simeon Ivanov,9,1,6.9720855480715045,0.7943246151634469,10
1006333,Kent Hansen,2581136,Mona Søvold Sunde,8,2,4.698292977806245,0.7675164607829597,10
53649337,Erlend Helgesen,6600268,Kim Soo Garmark,1,9,0.7465766646590712,6.882167001652279,10
17978686,Ibra Alkhader,3185355,Ivar Lexi,9,1,6.84926165986513,0.7399955963016411,10
1006467,Roy Toycowboy Grimsen,6839980,Daniel Lorentzen-Styr,5,5,3.931627227223855,3.931627227223855,10
1024799,Stig Nesvik,26088853,Simeon Ivanov,1,9,0.7838629239860275,7.054766315874247,10
26143903,Katrine Sætereng,3185355,Ivar Lexi,5,5,3.914255937210581,3.914255937210581,10
17419783,Ketil Blix,58717324,Kjetil Kristensen,2,8,1.4586106177878595,5.908437935643853,10
19030543,Martin Olsson,8498578,Riaz Ali,6,4,4.608321342693122,3.0722142284620815,10
12042235,Evert Andersson,19030543,Martin Olsson,5,5,3.840267785577602,3.840267785577602,10
1095179,Ernesto Antonio Meléndez,58717324,Kjetil Kristensen,8,2,6.102508186983993,1.5198364883746616,10
16686499,Herman Aleksander Wium,6691281,Andreas Wahr-Hansen,4,6,3.0224163236071955,4.554729310926709,10
42921529,Joshua Turla Tuppal,58717324,Kjetil Kristensen,7,3,5.223745596615962,2.247220143861016,10
1286181,Petri Makkonen,13874206,Torvald Asplund Trollhättan BK,6,4,4.526937586615264,3.017958391076843,10
1417853,Robin Hauge Pettersen,7719582,Astrid E. Pedersen,10,0,7.534090505297042,0.0,10
25743094,Mohamed Salkiny,49097056,Herman Maraas,9,1,6.696347375470217,0.7498899379776721,10
1272012,Erol Dane Mula,16144084,Truls Bakken,9,1,5.978215438455681,0.7489417908805052,10
1024799,Stig Nesvik,20361406,Amir Khan,4,6,2.991663937250302,4.487495905875453,10
30080695,Marek Zagrobelny,42921529,Joshua Turla Tuppal,6,4,4.487495905875453,2.991663937250302,10
1061867,Stig Ringebo,51736666,Yakup Aliz,3,7,2.1177191224648055,5.034773760019392,10
1030563,Alexander Baranji,1035589,Sebastian Mæhlum,6,4,4.434350016530097,2.956233344353398,10
1006281,Jan Atle Kofoed,3185355,Ivar Lexi,5,5,2.6841128116113344,3.175729700521506,10
1061867,Stig Ringebo,49097056,Herman Maraas,8,2,5.840915718804245,1.4586106177878595,10
1006214,Emil André Gangfløt,1067228,Roy Steffensen,8,2,5.645194600294792,1.4187545690978283,10
1006220,Erik Gårdelöf,1067228,Roy Steffensen,7,3,5.046610295055501,2.1906857896537697,10
20264908,Bartosz Oldakowski,7153377,Henning Ingvorsen,3,7,2.172515098653501,5.0692018968581705,10
1024799,Stig Nesvik,20124274,Paolo Speciale,4,6,2.278246012304421,4.178505598858642,10
1006431,Pål Daud Fillipsveen,51736666,Yakup Aliz,6,4,4.160165872160599,2.7734439147737326,10
16476664,Øystein Følling,6839980,Daniel Lorentzen-Styr,3,7,1.5102137941786336,3.8819332335863344,10
16686499,Herman Aleksander Wium,7959797,Pergantis Zalachas,4,6,2.664982255509667,3.9974733832645004,10
2167690,Iselin Masternes,49097056,Herman Maraas,6,4,3.9974733832645004,2.664982255509667,10
1024805,Audun Bjerve,26143903,Katrine Sætereng,4,6,2.664982255509667,3.9974733832645004,10
52796236,Maija Uleberg,52796242,Hanne-Therése Runestad,6,4,3.9772419498658502,2.6514946332439004,10
1006204,Egil Arne Sørensen,1006360,Lars Harby,2,8,1.3115838433922067,4.056344948901182,10
1006373,Mark McGauley,6839980,Daniel Lorentzen-Styr,6,4,1.513759103495136,1.7931432602480137,10
1272012,Erol Dane Mula,1298131,Jack Nordby,8,2,2.242671878459088,0.3218366918970381,10
1006360,Lars Harby,2298416,Terje Kristoffersen,5,5,3.018135647245984,3.0422880336817735,10
1006406,Nina Torvund,8498578,Riaz Ali,9,1,5.415540032224653,0.5993570509917157,10
1006406,Nina Torvund,20124274,Paolo Speciale,9,1,5.404853136372488,0.5993570509917157,10
1015461,Nils Arild Sabbasen,2298416,Terje Kristoffersen,4,6,2.3242704838265307,3.4864057257397962,10
1277819,Lasse Kåring,7959797,Pergantis Zalachas,6,4,2.450942347687827,2.0619149316629866,10
24833275,Marte Stulen Aamodt,26143903,Katrine Sætereng,3,7,1.4687581228648465,3.653908030513122,10
1510340,Andris Viksnins,16144084,Truls Bakken,2,8,1.1167532420265778,4.271473040707974,10
16641289,Michael Götze,7932294,Morten Børja,5,5,2.7188404723139445,2.7187401458731126,10
1566758,Tor-Arne Slorafoss,5140422,Tomas Gryczon,7,3,3.677208377249985,1.569948591649305,10
1566758,Tor-Arne Slorafoss,3428055,Rune Fevang,7,3,3.677208377249985,1.569948591649305,10
1272012,Erol Dane Mula,19616722,Lobsang Thupten,8,2,4.06249560629225,1.0610841389418766,10
18284020,Nomen Nescio,7719582,Astrid E. Pedersen,6,4,3.18325241682563,2.122168277883753,10
1006281,Jan Atle Kofoed,30080695,Marek Zagrobelny,6,4,3.18325241682563,2.122168277883753,10
1272012,Erol Dane Mula,7962169,Patryk Statkiewicz,4,6,2.122168277883753,3.18325241682563,10
20361406,Amir Khan,29331970,Arne Pedersen,8,2,4.094236910366108,1.0144810574851244,10
20396602,Erik Sørensen,2581136,Mona Søvold Sunde,7,3,3.5574370324613622,1.5217215862276867,10
1006360,Lars Harby,20809939,Gary Zacaria,6,4,3.0204275883572675,2.013618392238178,10
2053323,Ib Christiansen,3428055,Rune Fevang,5,5,2.284116270001989,1.6288605309109674,10
17419783,Ketil Blix,18284020,Nomen Nescio,5,5,2.3315501770103255,2.3315501770103255,10
1695480,Korab Neziri,6545064,Kim-Olaf Sørensen,3,7,1.3424421935123747,3.132365118195541,10
20124274,Paolo Speciale,6545064,Kim-Olaf Sørensen,7,3,3.132365118195541,1.3424421935123747,10
1006373,Mark McGauley,1042070,Henrik Olsson,3,7,0.8149149617606385,1.8174766070349415,10
15015523,Vijay Jadhav,16144084,Truls Bakken,3,7,1.2568585291407601,2.9740074047012204,10
1047734,Ole Kristian Rudshavn,1123060,"Paweł ""Mumrikken"" Zalewski",6,4,2.559211347228088,1.7061408981520585,10
1006298,Jarek (Barracuda) Kapuściński,7222054,Leif Norvald Nilsen,5,5,1.9392964627260934,1.942732966145149,10
10220035,Marius Lamby Solvang,16590622,Kjetil Nordal,7,3,2.70174893536158,1.1598431408344836,10
2252446,Tor Bugten,7959797,Pergantis Zalachas,5,5,1.796472436509393,1.600221101403223,10
1006298,Jarek (Barracuda) Kapuściński,2252446,Tor Bugten,5,5,1.870244112177058,1.9002959793915633,10
7004013,Jone Berntsen Stava,7719582,Astrid E. Pedersen,5,5,1.5892820145195472,1.8049015026375375,10
12339043,Magnus Groseth,7719582,Astrid E. Pedersen,7,3,2.443529369689235,1.0384237408767076,10
3253188,Tor Einar Johansen,5140422,Tomas Gryczon,5,5,1.7624468436562561,1.7593292486446546,10
7131339,Roger Mølmann,7222054,Leif Norvald Nilsen,6,4,2.018120678148954,1.345413785432636,10
2639057,Ivan Blomqvist,3212629,Rolf G. Sedsbøe Jensen,6,4,2.06894496006536,1.3792966400435733,10
1268827,Bastian Andreassen,2639057,Ivan Blomqvist,4,6,1.3792966400435733,2.06894496006536,10
1277819,Lasse Kåring,8498578,Riaz Ali,1,9,0.34355104620502913,3.0858877060792227,10
1268827,Bastian Andreassen,6839980,Daniel Lorentzen-Styr,4,6,1.3689982169281756,2.0534973253922635,10
1015461,Nils Arild Sabbasen,5493128,Per christian Slåtta,4,6,1.0816782799611966,1.8511767014222646,10
1967863,Nate Komljenovic,6181993,Kim Bjørnstad,7,3,1.445210448332126,0.7430459397041591,10
1015461,Nils Arild Sabbasen,8217316,Ida Amundsen Holtet,5,5,1.5977802960825518,1.5476254147239457,10
1015461,Nils Arild Sabbasen,7131339,Roger Mølmann,4,6,0.9902145673690086,1.7867061555795074,10
1277819,Lasse Kåring,3428055,Rune Fevang,6,4,1.7648615380822803,1.0168760084388337,10
6181993,Kim Bjørnstad,7131339,Roger Mølmann,5,5,1.5847156552418729,1.5819096719546082,10
1006246,Gavin Powell,6600268,Kim Soo Garmark,3,7,0.9172378114845348,2.1402215601305814,10
1006246,Gavin Powell,1047734,Ole Kristian Rudshavn,3,7,0.9172378114845348,2.1402215601305814,10
1047734,Ole Kristian Rudshavn,1079105,Didrik Vatne,3,7,0.9172378114845348,2.1402215601305814,10
1006214,Emil André Gangfløt,2639057,Ivan Blomqvist,3,7,0.9051334282683101,2.1119779992927237,10
1006124,Albert-Roman Borrie Stensrød,1047734,Ole Kristian Rudshavn,7,3,2.1119779992927237,0.9051334282683101,10
1006163,Bjørn Bratteberg,5493128,Per christian Slåtta,8,2,2.0426745186163218,0.5106686296540804,10
1272012,Erol Dane Mula,4797871,Johannes Ulsund,8,2,2.0426745186163218,0.5106686296540804,10
1006373,Mark McGauley,2639057,Ivan Blomqvist,6,4,1.513759103495136,1.0091727356634241,10
1006178,Carl Kolrud,1298131,Jack Nordby,2,8,0.49951156230231686,1.980506801289134,10
4742719,Adiil Lusjanii,6839980,Daniel Lorentzen-Styr,5,5,1.1168121023946962,1.1827955040752443,10
1006281,Jan Atle Kofoed,1359835,Per Hagen,0,10,0.0,2.2728302240408946,10
3595359,Øivind Bakken,7131339,Roger Mølmann,3,7,0.6541658889493087,1.528969506226157,10
7100105,Filip,7401493,Simen Skattum,5,5,1.1031886416376988,1.1031886416376988,10
1969238,Audun Brede,7654643,Raymond Alstad,5,5,1.0992978406933651,1.0973524402211983,10
1510340,Andris Viksnins,5129473,Andreas Bjørnhaug,6,4,1.2486088483140385,0.8747693114214917,10
1006281,Jan Atle Kofoed,7121356,Roger Mølmann,6,4,1.2987688709621372,0.8658459139747582,10
1015461,Nils Arild Sabbasen,2660053,Morten Bjellås,4,6,0.8658459139747582,1.2987688709621372,10
3405176,Lag 3,3405179,Lag 6,5,5,1.0113335854662653,0.9776262647551067,10
3405180,Lag 7,3405184,Lag 11,5,5,1.0456018763541208,1.0456018763541208,10
3428055,Rune Fevang,6181993,Kim Bjørnstad,0,10,0.0,2.073761094083885,10
1393993,Ronny Sørlie,1969223,Ole Andreas Sandvik,6,4,1.2460899777975438,0.8322605190951035,10
1393993,Ronny Sørlie,6181993,Kim Bjørnstad,3,7,0.6202921604722783,1.4488754645090238,10
1006430,Pak San Li,1015461,Nils Arild Sabbasen,4,6,0.5617855879337523,1.040715097378368,10
1006487,Desak Sri Pustini,1093760,Mindaugas Jomantas,5,5,1.0168821261595844,1.0250196431373466,10
1969238,Audun Brede,2947260,Jasper Nicolaysen,4,6,0.8077402891917377,1.1582562464803579,10
1006171,Bjørnar Davidsen,5129473,Andreas Bjørnhaug,6,4,1.1956055878294964,0.797070391886331,10
1751232,Øyvind Stenhaug,5129473,Andreas Bjørnhaug,4,6,0.7865518051546269,1.1798277077319403,10
1006228,Espen M. Andersen,1286245,Kim Laaksonen,1,9,0.19541856602436547,1.7587670942192892,10
1072290,Fedor Gorst,1750663,Tore Mo,7,3,1.366994633247161,0.5858548428202117,10
1075717,Bjørn Erik Øverland,1160318,Niels Feijen,3,7,0.5858383716558626,1.3669562005303464,10
1093760,Mindaugas Jomantas,2827292,Simen Jøndal,5,5,0.8531216422667499,0.8763360568418,10
1006415,Olav Skrudland,1272012,Erol Dane Mula,2,8,0.3705769248719961,1.4823076994879845,10
1006215,Emil Andreassen,3595359,Øivind Bakken,7,3,1.2631198915064954,0.539958595525357,10
1006215,Emil Andreassen,1969223,Ole Andreas Sandvik,5,5,0.9054582470054906,0.9062604993741853,10
4889312,Hamza Malik,4935731,Rj Velasquez,4,6,0.707268017283708,1.060902025925562,10
3081704,Sundar K,4889376,Tayab Malik,4,6,0.707268017283708,1.060902025925562,10
2827292,Simen Jøndal,2947260,Jasper Nicolaysen,6,4,0.9371753780772252,0.6813128270975544,10
1708121,Petter Olsen,2620565,Fadil,7,3,1.2114109497283638,0.5211380974887524,10
1969238,Audun Brede,3543748,Thong Trong Ho,7,3,1.184106918389554,0.5074743935955232,10
1006333,Kent Hansen,1014552,Baard Onsum,4,6,0.6638207921133484,0.9806206319305685,10
1022588,Nikolaos Chatzitheodorou,2251353,Mentor Nuredini,4,6,0.6603539834476042,0.9905309751714064,10
1946517,Ivan Tadic,2241168,Trond L,4,6,0.5667830103798912,0.9192561957231051,10
2241168,Trond L,2252446,Tor Bugten,7,3,1.1472512928053564,0.46886576934092267,10
1751232,Øyvind Stenhaug,2576372,Fadil Mustafa,6,4,0.9265894711775502,0.620969560999379,10
2625188,Christian Garmann Schjelderup,2653482,Adil Lusjani,0,10,0.0,1.5620897889681744,10
2052753,Morten Falk,2947265,Bernjard David C Ruiz,7,3,1.0947867510706462,0.47275142487484756,10
1946517,Ivan Tadic,2043792,Vaios Evangelou,6,4,0.9350958275909267,0.6220169768523387,10
2298416,Terje Kristoffersen,2828304,Robin Nordbøen,6,4,0.9178071837616144,0.6118714558410763,10
1359835,Per Hagen,2827292,Simen Jøndal,7,3,1.0566282549725392,0.4528406807025168,10
1006543,Trond Lid Cappelen,1024799,Stig Nesvik,6,4,0.877094094888825,0.5866582752129498,10
1022588,Nikolaos Chatzitheodorou,16476664,Øystein Følling,2,8,0.28845580800451515,1.1615382926532918,10
1006543,Trond Lid Cappelen,1022965,Tommy Bakke,6,4,0.8616177370838792,0.5744118247225861,10
1969223,Ole Andreas Sandvik,2431088,Chalak,7,3,1.005147833119341,0.43077764276543196,10
1091521,Silje Jacobsen,2431085,Shakir,3,7,0.43077764276543196,1.005147833119341,10
1902521,Tom-Henrik Sandvik,2431086,Adil,7,3,1.005147833119341,0.43077764276543196,10
1670605,Bernadette Bodó,2251360,Joakim Elfstrøm,7,3,0.9962721433513647,0.42697377572201345,10
2251360,Joakim Elfstrøm,2252446,Tor Bugten,3,7,0.42697377572201345,0.9962721433513647,10
1670605,Bernadette Bodó,1708121,Petter Olsen,2,8,0.28089279396687616,1.1235711758675047,10
1969238,Audun Brede,2194859,Eivind Yoo Yong Jae Johansen,8,2,1.113693811527722,0.2784234528819305,10
1751232,Øyvind Stenhaug,2194859,Eivind Yoo Yong Jae Johansen,8,2,1.113693811527722,0.2784234528819305,10
2052753,Morten Falk,2181146,Mentor Nuredini,3,7,0.41395281873476414,0.9658899103811165,10
1751232,Øyvind Stenhaug,1944588,Drilon Disha,3,7,0.41395281873476414,0.9658899103811165,10
1429285,Kristoffer Fjellstad,2181146,Mentor Nuredini,3,7,0.41395281873476414,0.9658899103811165,10
1024806,Lars Nitteberg,1967863,Nate Komljenovic,3,7,0.40488833923192824,0.950154045123731,10
1071778,Deleted Account,1946517,Ivan Tadic,7,3,0.9525498798627346,0.40909702252727814,10
1022496,Jozef Kwit,1561576,Antonio Hagen,8,2,1.0357819511174127,0.25034539575445636,10
1006171,Bjørnar Davidsen,1016894,Tommy Andersen,6,4,0.7782510780132562,0.5280297973637049,10
1006333,Kent Hansen,1075717,Bjørn Erik Øverland,3,7,0.3954747142749874,0.9227743333083038,10
1006281,Jan Atle Kofoed,1015461,Nils Arild Sabbasen,7,3,0.9227743333083038,0.3954747142749874,10
1006186,Christian Wikeby,1075717,Bjørn Erik Øverland,4,6,0.5272996190333166,0.7909494285499747,10
1612715,Kunta Kinte,1697351,Per Ingvarsson,5,5,0.6553789409248273,0.6565402960938554,10
1016894,Tommy Andersen,1934129,Johnny Lotto,8,2,1.0260989513208991,0.2565247378302248,10
1043840,Elisabeth Synnøve Roaas,1751232,Øyvind Stenhaug,3,7,0.3856390501511403,0.8998244503526606,10
1751232,Øyvind Stenhaug,1934110,Ivan Tadic,7,3,0.8998244503526606,0.3856390501511403,10
1059772,Magnus Olaussen,1612715,Kunta Kinte,4,6,0.506275570573878,0.7594133558608168,10
1183869,Matias Myhrhaug,1429285,Kristoffer Fjellstad,7,3,0.8795542544897977,0.3771920109720114,10
1006328,Lioness Princess,1093760,Mindaugas Jomantas,4,6,0.4969043922347566,0.7453565883521348,10
1006458,Roger Rasmussen,1298131,Jack Nordby,6,4,0.7453565883521348,0.4969043922347566,10
1359835,Per Hagen,1561935,Øystein Holm Krøvel,6,4,0.7453565883521348,0.4969043922347566,10
1006157,Asle M. Johansen,1061500,Jim Fors,4,6,0.47059357599451634,0.7058903639917744,10
1006453,Robin Nathan,1033026,Robin Hagerup Ertesvåg,3,7,0.3524246032139499,0.8223240741658832,10
1006208,Eirik Riisnæs,1013249,Jan Verner Bjørklund,7,3,0.8223240741658832,0.3524246032139499,10
3185355,Ivar Lexi,80198077,Nils Vogt,6,3,5.992413709939428,2.9962068549697145,9
12348586,Runar Leiren,72868804,Sander Naas-Mælen,5,4,4.923540490465085,3.977408073005176,9
1095179,Ernesto Antonio Meléndez,3185355,Ivar Lexi,4,5,3.762241223767381,4.831184674833812,9
1030563,Alexander Baranji,80088046,Kim Rui,3,6,2.982968575954593,5.965937151909186,9
1006292,Jan Thomassen,1024805,Audun Bjerve,6,3,5.887515607066937,2.7948043788891397,9
1960202,Ola Magnus Johnsen,5140422,Tomas Gryczon,7,2,5.933522444069077,1.973606881302388,9
1006298,Jarek (Barracuda) Kapuściński,26143903,Katrine Sætereng,3,6,2.292785061427668,5.887207308212771,9
17419783,Ketil Blix,2194859,Eivind Yoo Yong Jae Johansen,6,3,5.456041431146197,2.7280207155730984,9
1030563,Alexander Baranji,48159925,Ole-Jakob Rosenvold,4,5,3.907463725654867,4.884329657068584,9
44119141,Gaute Rogstad,80088046,Kim Rui,3,6,2.8827724179020233,5.813370212143173,9
63113578,Håkon Kristiansen,80088046,Kim Rui,2,7,1.8608471196282255,6.652292033497601,9
3183489,Knut-Håkon Helgesen,71956222,Raymond Mælen,2,7,1.9537318628274336,6.591281118906783,9
1006333,Kent Hansen,72868804,Sander Naas-Mælen,5,4,4.8412636896426795,3.873010951714144,9
43127857,Manabu Sekiguchi,72868804,Sander Naas-Mælen,9,0,8.587341696244806,0.0,9
42921529,Joshua Turla Tuppal,53649337,Erlend Helgesen,5,4,4.471859446953602,3.805014053335459,9
26143903,Katrine Sætereng,53204752,Julianne Myhren-heyerdahl,8,1,6.854316597418201,0.7623256360206855,9
1006163,Bjørn Bratteberg,1095179,Ernesto Antonio Meléndez,3,6,2.7703800314634206,5.565402973949105,9
1006163,Bjørn Bratteberg,17419783,Ketil Blix,6,3,5.5992406728342425,2.78313995316606,9
1960202,Ola Magnus Johnsen,62353570,Hallvard Olaussen,3,6,2.807207593746533,5.614415187493066,9
42270385,Kamal Jr,53060527,Mazen AlAli,5,4,4.672763686503555,3.738210949202844,9
43127857,Manabu Sekiguchi,71956222,Raymond Mælen,5,4,4.652117799070564,3.721694239256451,9
71956222,Raymond Mælen,73722376,Seva Tkach,3,6,2.7912706794423383,5.357374457606858,9
1006220,Erik Gårdelöf,73722376,Seva Tkach,9,0,8.298409436802093,0.0,9
17978686,Ibra Alkhader,7959797,Pergantis Zalachas,7,2,5.6971780379773245,1.6934680300217124,9
1030563,Alexander Baranji,53204752,Julianne Myhren-heyerdahl,5,4,4.1082970383784145,3.351736376037793,9
2053323,Ib Christiansen,6691281,Andreas Wahr-Hansen,5,4,3.2373727444213696,3.656353947649154,9
44119141,Gaute Rogstad,53060527,Mazen AlAli,4,5,3.549504719294259,4.510440164380563,9
19030543,Martin Olsson,3183489,Knut-Håkon Helgesen,2,7,1.8040513278893804,6.346275902104303,9
26143903,Katrine Sætereng,8435377,Geir Anfinsen,1,8,0.9060288128596192,6.801083120446325,9
7959797,Pergantis Zalachas,80198077,Nils Vogt,4,5,3.612670450100046,4.515838062625058,9
1960202,Ola Magnus Johnsen,76192783,Chris Wells,8,1,7.193487368835891,0.9031676125250115,9
54197755,Tom erik Lysenstøen,74738734,Frode Johansen,5,4,4.423531313249237,3.49035956058354,9
1006536,Tormod Rygge,26005654,Jacob Sæther,5,4,4.481333341930248,3.5850666735441985,9
20124274,Paolo Speciale,3682319,Lasse Rognlien,6,3,5.364434099153934,2.682217049576967,9
1006163,Bjørn Bratteberg,25875517,Christian Hedin,6,3,5.317275119632066,2.6586375598160332,9
13720633,Håkon Haukebøe,27634768,Roger Andresen,5,4,4.288041237675903,3.3303180367284826,9
24897019,Robert Hedin,26005654,Jacob Sæther,6,3,4.85106018734665,2.6424352390435466,9
1093760,Mindaugas Jomantas,8217316,Ida Amundsen Holtet,8,1,6.796588542798688,0.8157332370880348,9
1010312,Mikael Øgaard,73722376,Seva Tkach,8,1,7.020541431401488,0.8795106702159546,9
51736666,Yakup Aliz,55415260,Dag Erik Wiig,6,3,5.247105382941911,2.623552691470956,9
53204752,Julianne Myhren-heyerdahl,73722376,Seva Tkach,2,7,1.7413072850290152,6.063868691107842,9
2581136,Mona Søvold Sunde,54197755,Tom erik Lysenstøen,5,4,4.126861731750741,3.369360489542339,9
1006253,Gunder Eriksen,5140422,Tomas Gryczon,5,4,4.3148847044554,3.4519077635643196,9
1006448,Roald Pettersen,1022496,Jozef Kwit,3,6,2.5889308226732397,5.17786164534648,9
25875517,Christian Hedin,42921529,Joshua Turla Tuppal,7,2,5.819363117065237,1.6543041034344264,9
33729541,Eivind Yoo Yong Jae Johansen,53060527,Mazen AlAli,2,7,1.7069565405287994,5.9762375476412375,9
1272012,Erol Dane Mula,25743094,Mohamed Salkiny,5,4,4.270869178702536,3.4166953429620284,9
1277043,Alexander Hagen,55415260,Dag Erik Wiig,4,5,3.4063544578958385,4.257943072369798,9
69888928,T M.H,71402752,Enrique Mohamed ”Saleh“ Saleh Ruzafa,6,3,4.983903314441541,2.4877825156451063,9
1006239,Frank Hjeldnes,19616722,Lobsang Thupten,4,5,3.374007027568892,4.217508784461115,9
1006186,Christian Wikeby,1298131,Jack Nordby,5,4,2.169758551630003,3.374007027568892,9
1006214,Emil André Gangfløt,16686499,Herman Aleksander Wium,8,1,6.743035705231884,0.8428794631539857,9
1014092,Martin Meintjes,16686499,Herman Aleksander Wium,7,2,5.900156242077899,1.6857589263079713,9
1006443,Philip Sanchez Gangfløt,48159925,Ole-Jakob Rosenvold,6,3,5.057276778923914,2.528638389461957,9
20124274,Paolo Speciale,6686119,Levi Pavdeja,4,5,3.3715178526159426,4.214397315769928,9
24897019,Robert Hedin,8270907,Christian Söderström,5,4,4.214397315769928,3.3715178526159426,9
1006250,Geir Tollefsrud,1006431,Pål Daud Fillipsveen,3,6,2.528638389461957,5.057276778923914,9
1014092,Martin Meintjes,30913960,Josef Knutsson,7,2,5.900156242077899,1.6857589263079713,9
1006513,Thomas Fjæran,13295035,Jan Olav Johnsen,4,5,3.3715178526159426,4.214397315769928,9
1006431,Pål Daud Fillipsveen,1014092,Martin Meintjes,6,3,5.057276778923914,2.528638389461957,9
14638297,Joakim Langkås,17978686,Ibra Alkhader,7,2,5.900156242077899,1.6857589263079713,9
43127857,Manabu Sekiguchi,53649337,Erlend Helgesen,6,3,5.0421034486937195,2.5210517243468598,9
1024799,Stig Nesvik,52390867,Emil Johannesen,3,6,2.516255297732495,5.03251059546499,9
1510340,Andris Viksnins,52390867,Emil Johannesen,6,3,5.03251059546499,2.516255297732495,9
1298131,Jack Nordby,33729541,Eivind Yoo Yong Jae Johansen,8,1,6.701591932170893,0.8376989915213616,9
10220035,Marius Lamby Solvang,1061867,Stig Ringebo,4,5,3.3170433541934754,4.1463041927418445,9
16476664,Øystein Følling,24897019,Robert Hedin,3,6,2.476790631350995,4.953581262701991,9
17419783,Ketil Blix,19030543,Martin Olsson,2,7,1.6511937542339967,5.757339854498468,9
1006292,Jan Thomassen,7711820,Marie Hoff Petersen,4,5,3.152425112386436,3.9056479911758775,9
36990883,Anders Valde,5140422,Tomas Gryczon,6,3,4.9316946260130194,2.4658473130065097,9
62353570,Hallvard Olaussen,68817391,Stian Espelid,6,3,4.8240663738137055,2.4013424102792014,9
1006220,Erik Gårdelöf,1006453,Robin Nathan,5,4,4.060645226412316,3.2485161811298524,9
1095179,Ernesto Antonio Meléndez,53649337,Erlend Helgesen,5,4,4.00695306422027,3.2197885918973697,9
21900748,Leoncio Jr Licarte,42921529,Joshua Turla Tuppal,5,4,3.7714059245772082,3.1270467381618623,9
1006281,Jan Atle Kofoed,1298131,Jack Nordby,3,6,2.4011320477117355,4.802264095423471,9
1095179,Ernesto Antonio Meléndez,1298131,Jack Nordby,4,5,3.131404749768465,3.914255937210581,9
1035589,Sebastian Mæhlum,5140422,Tomas Gryczon,5,4,3.914255937210581,3.131404749768465,9
16476664,Øystein Følling,40844470,Øyvind Løvseth,6,3,4.676353679483541,2.33817683974177,9
1035589,Sebastian Mæhlum,1095179,Ernesto Antonio Meléndez,6,3,4.676353679483541,2.33817683974177,9
16476664,Øystein Følling,8435377,Geir Anfinsen,6,3,4.655691930218896,2.3278459651094483,9
42921529,Joshua Turla Tuppal,63511876,Ingebrigt Magne Dale,8,1,6.106565286607684,0.7700806593113,9
2084051,Arian Kvalsund Hansen,6839980,Daniel Lorentzen-Styr,6,3,4.608321342693122,2.304160671346561,9
16144084,Truls Bakken,19616722,Lobsang Thupten,6,3,4.608321342693122,2.304160671346561,9
25743094,Mohamed Salkiny,6839980,Daniel Lorentzen-Styr,4,5,3.0722142284620815,3.840267785577602,9
17978686,Ibra Alkhader,2084051,Arian Kvalsund Hansen,6,3,4.608321342693122,2.304160671346561,9
26005654,Jacob Sæther,50993632,Kester Hvattum,8,1,5.968133361421002,0.7311530530744725,9
1015461,Nils Arild Sabbasen,16686499,Herman Aleksander Wium,3,6,2.2711264059909286,4.546566975267389,9
1006288,Jan Kjetil Nordrum,1123060,"Paweł ""Mumrikken"" Zalewski",4,5,3.0143808890798685,3.7679761113498356,9
10585213,Veejay Adriano,25875517,Christian Hedin,5,4,3.766114393947207,3.0128915151577655,9
15982738,Asgeir Elfar Asgeirsson,20010922,Tudor Pauliuc,5,4,3.765593277932039,3.012474622345631,9
1006562,Yousef Austrheim,49097056,Herman Maraas,4,5,3.012474622345631,3.765593277932039,9
34735372,Karl Våglund,57799534,Iris Marie Evdahl,4,5,3.012474622345631,3.765593277932039,9
15982738,Asgeir Elfar Asgeirsson,40844470,Øyvind Løvseth,5,4,3.765593277932039,3.012474622345631,9
1015919,Ahmed Abiev,13295035,Jan Olav Johnsen,4,5,3.012474622345631,3.765593277932039,9
1272012,Erol Dane Mula,13295035,Jan Olav Johnsen,4,5,3.012474622345631,3.765593277932039,9
24833275,Marte Stulen Aamodt,57799534,Iris Marie Evdahl,5,4,3.765593277932039,3.012474622345631,9
1006562,Yousef Austrheim,25484464,Joaquin K. Yovine,5,4,3.765593277932039,3.012474622345631,9
1015919,Ahmed Abiev,26088853,Simeon Ivanov,9,0,6.770390044696399,0.0,9
25875517,Christian Hedin,30080695,Marek Zagrobelny,5,4,3.7395799215628776,2.991663937250302,9
1030563,Alexander Baranji,49097056,Herman Maraas,5,4,3.6836221069773205,2.960004903848675,9
1010312,Mikael Øgaard,17978686,Ibra Alkhader,6,3,4.433431227997493,2.2134444390925694,9
1010308,Emil Braserud,19030543,Martin Olsson,8,1,5.91996477041313,0.7399955963016411,9
1042070,Henrik Olsson,1123060,"Paweł ""Mumrikken"" Zalewski",8,1,5.643790544995807,0.7399955963016411,9
1006184,Christian Johannessen,49097056,Herman Maraas,6,3,4.434350016530097,2.2171750082650483,9
1006184,Christian Johannessen,1042070,Henrik Olsson,6,3,4.434350016530097,2.1222215751503284,9
1006184,Christian Johannessen,1061867,Stig Ringebo,8,1,5.81140196162324,0.7390583360883495,9
20264908,Bartosz Oldakowski,8435377,Geir Anfinsen,5,4,3.6836221069773205,2.9468976855818565,9
6839980,Daniel Lorentzen-Styr,8970047,Ante Petricevic,8,1,3.7075641180421015,0.7367244213954641,9
1006403,Niklas Engström-Øvretveit,1272012,Erol Dane Mula,2,7,1.4099071163559365,5.020222186370879,9
1042070,Henrik Olsson,1510340,Andris Viksnins,6,3,4.395251596321999,2.197625798160999,9
1031037,Sverre Kringler,3185355,Ivar Lexi,4,5,2.9209143862050264,3.651142982756283,9
2581136,Mona Søvold Sunde,4849639,Petter Rognlien,5,4,3.651142982756283,2.9209143862050264,9
1030563,Alexander Baranji,19030543,Martin Olsson,5,4,3.651142982756283,2.9209143862050264,9
1510340,Andris Viksnins,27634768,Roger Andresen,4,5,2.9209143862050264,3.651142982756283,9
1035589,Sebastian Mæhlum,27634768,Roger Andresen,5,4,3.651142982756283,2.9209143862050264,9
1014093,Espen Tingvoll,44184394,Per Arne Grotthing,5,4,3.651142982756283,2.9209143862050264,9
1061867,Stig Ringebo,16476664,Øystein Følling,7,2,5.052803315587334,1.4310587629667824,9
25484464,Joaquin K. Yovine,3185355,Ivar Lexi,5,4,3.651142982756283,2.9209143862050264,9
1030563,Alexander Baranji,27634768,Roger Andresen,4,5,2.9209143862050264,3.651142982756283,9
1035589,Sebastian Mæhlum,2581136,Mona Søvold Sunde,5,4,3.651142982756283,2.9209143862050264,9
1061867,Stig Ringebo,27634768,Roger Andresen,5,4,3.651142982756283,2.9209143862050264,9
1042070,Henrik Olsson,1067228,Roy Steffensen,4,5,2.9209143862050264,3.651142982756283,9
44184394,Per Arne Grotthing,49097056,Herman Maraas,6,3,4.375831853363579,2.1879159266817894,9
1006340,Kjartan Maraas,3682319,Lasse Rognlien,6,3,4.375831853363579,2.1879159266817894,9
1006184,Christian Johannessen,6839980,Daniel Lorentzen-Styr,8,1,5.771299165662796,0.6977336561496092,9
1006406,Nina Torvund,51736666,Yakup Aliz,4,5,2.9080087753792165,3.6350109692240204,9
1006340,Kjartan Maraas,24897019,Robert Hedin,5,4,3.6350109692240204,2.9080087753792165,9
42921529,Joshua Turla Tuppal,7906080,Alessandro Luca,7,2,5.072956641256864,1.4489578852216412,9
17691844,Ketil Blix,59841508,Bjørn Inge Sørensen,5,4,3.625633564259154,2.9005068514073233,9
1006339,Kim Ronny Nygård,59841508,Bjørn Inge Sørensen,5,4,3.625633564259154,2.9005068514073233,9
1006339,Kim Ronny Nygård,17691844,Ketil Blix,6,3,4.350760277110985,2.1753801385554925,9
20361406,Amir Khan,24897019,Robert Hedin,3,6,2.172515098653501,4.345030197307003,9
10220035,Marius Lamby Solvang,59496361,Wojciech Wajda,5,4,3.6189502325116014,2.895160186009281,9
1006204,Egil Arne Sørensen,42921529,Joshua Turla Tuppal,5,4,3.6189502325116014,2.895160186009281,9
1061867,Stig Ringebo,36225232,Adrian Winther,5,4,3.6189502325116014,2.895160186009281,9
53204752,Julianne Myhren-heyerdahl,53649337,Erlend Helgesen,4,5,2.895160186009281,3.6189502325116014,9
54197755,Tom erik Lysenstøen,8435377,Geir Anfinsen,4,5,2.8823683661546906,3.602960457693363,9
1006298,Jarek (Barracuda) Kapuściński,1093760,Mindaugas Jomantas,5,4,3.602960457693363,2.8823683661546906,9
1006204,Egil Arne Sørensen,3185355,Ivar Lexi,6,3,3.8448128866695273,1.2042969494910003,9
1035589,Sebastian Mæhlum,1272012,Erol Dane Mula,4,5,2.8823683661546906,3.602960457693363,9
3428055,Rune Fevang,53204752,Julianne Myhren-heyerdahl,5,4,3.5757136077548797,2.8605708862039037,9
1006333,Kent Hansen,5140422,Tomas Gryczon,7,2,3.5138504862085953,0.7675164607829597,9
1042070,Henrik Olsson,7131339,Roger Mølmann,7,2,2.9952317549846788,0.6324411224337735,9
7959797,Pergantis Zalachas,9221877,Johnny Wu,6,3,3.119822785992032,1.7332747168646576,9
1006298,Jarek (Barracuda) Kapuściński,20361406,Amir Khan,7,2,4.379948494020557,1.1987141019834313,9
1006214,Emil André Gangfløt,1272012,Erol Dane Mula,8,1,5.364736727832546,0.6385809013839867,9
1006360,Lars Harby,1084127,Simen Ekern Bakken,3,6,2.0086920737576364,4.017384147515273,9
1298131,Jack Nordby,16686499,Herman Aleksander Wium,6,3,3.9974733832645004,1.9987366916322502,9
2167690,Iselin Masternes,7959797,Pergantis Zalachas,3,6,1.9987366916322502,3.9974733832645004,9
26005654,Jacob Sæther,7959797,Pergantis Zalachas,3,6,1.9987366916322502,3.9974733832645004,9
13720633,Håkon Haukebøe,2167690,Iselin Masternes,6,3,3.9974733832645004,1.9987366916322502,9
1006431,Pål Daud Fillipsveen,7959797,Pergantis Zalachas,6,3,3.9974733832645004,1.9987366916322502,9
20361406,Amir Khan,26143903,Katrine Sætereng,6,3,3.9974733832645004,1.9987366916322502,9
1006204,Egil Arne Sørensen,1006403,Niklas Engström-Øvretveit,6,3,3.550911076953256,1.6751298630398668,9
1006360,Lars Harby,16476664,Øystein Følling,8,1,4.332011431749475,0.5034045980595445,9
16144084,Truls Bakken,6686119,Levi Pavdeja,1,8,0.41895284304692004,4.049742411091891,9
1006204,Egil Arne Sørensen,1006431,Pål Daud Fillipsveen,4,5,2.50869242408045,3.0845495095364472,9
2053323,Ib Christiansen,3682319,Lasse Rognlien,5,4,2.599759058231531,2.2620018707333687,9
1006406,Nina Torvund,20264908,Bartosz Oldakowski,1,8,0.604688694316519,4.826822658679986,9
1006467,Roy Toycowboy Grimsen,2194859,Eivind Yoo Yong Jae Johansen,6,3,3.1521586106561332,1.116136093863334,9
20361406,Amir Khan,5145209,Frode Lystad,5,4,2.9967852549585783,2.3974282039668626,9
1093760,Mindaugas Jomantas,20124274,Paolo Speciale,2,7,1.0389786457250256,3.8760284444251982,9
1006406,Nina Torvund,9835810,Navid Eslah,4,5,2.382624145596222,2.9782801819952773,9
20637220,Sindre Aarhus Narvestad,2298416,Terje Kristoffersen,3,6,1.743202862869898,3.4864057257397962,9
1006204,Egil Arne Sørensen,25946332,Peder Hammer,4,5,2.233800856730543,2.7922510709131787,9
1006183,Christel Hanah Johnsen,25946332,Peder Hammer,5,4,2.7922510709131787,2.233800856730543,9
17693218,Romain Rolland,30080695,Marek Zagrobelny,4,5,2.1235111668039037,2.65438895850488,9
1277819,Lasse Kåring,18284020,Nomen Nescio,4,5,2.1235111668039037,2.65438895850488,9
19913527,Wael Handal,6137239,Rudi Mathisen,3,6,1.5916262084128148,3.18325241682563,9
1006431,Pål Daud Fillipsveen,7962169,Patryk Statkiewicz,3,6,1.5786324640405347,3.15726492808107,9
34163575,Brahim Sandli,34719502,Jonathan Storvik,3,6,1.548956096546895,3.09791219309379,9
12348586,Runar Leiren,2581136,Mona Søvold Sunde,4,5,2.035715446233676,2.540704864555096,9
5140422,Tomas Gryczon,7906080,Alessandro Luca,7,2,2.798423697617904,0.5129743884317702,9
20124274,Paolo Speciale,6839980,Daniel Lorentzen-Styr,5,4,2.517022990297723,2.013618392238178,9
1042070,Henrik Olsson,20124274,Paolo Speciale,7,2,3.48612347966817,1.006809196119089,9
19913527,Wael Handal,6686119,Levi Pavdeja,3,6,1.5102137941786336,3.0204275883572675,9
1024799,Stig Nesvik,25875517,Christian Hedin,4,5,2.013618392238178,2.517022990297723,9
1095179,Ernesto Antonio Meléndez,20124274,Paolo Speciale,4,5,2.013618392238178,2.517022990297723,9
20809939,Gary Zacaria,25875517,Christian Hedin,5,4,2.517022990297723,2.013618392238178,9
1418791,Ali Andre Chihab Netland,2194859,Eivind Yoo Yong Jae Johansen,4,5,1.8569580765568345,2.3211975956960433,9
16590622,Kjetil Nordal,26005654,Jacob Sæther,4,5,1.8569580765568345,2.3211975956960433,9
1566758,Tor-Arne Slorafoss,6686119,Levi Pavdeja,7,2,3.132365118195541,0.8949614623415831,9
1006220,Erik Gårdelöf,1006450,Robert Farinetti,6,3,2.5914541618254674,1.2957270809127337,9
1024799,Stig Nesvik,17693218,Romain Rolland,5,4,2.0947642152346004,1.6758113721876802,9
17073727,Svein Roger Hansen,6839980,Daniel Lorentzen-Styr,3,6,1.2555340987925847,2.51106819758517,9
19913527,Wael Handal,2194859,Eivind Yoo Yong Jae Johansen,6,3,2.51106819758517,1.2555340987925847,9
1006204,Egil Arne Sørensen,19913527,Wael Handal,6,3,2.51106819758517,1.2555340987925847,9
18284020,Nomen Nescio,2639057,Ivan Blomqvist,2,7,0.8370227325283899,2.929579563849365,9
1047734,Ole Kristian Rudshavn,6839980,Daniel Lorentzen-Styr,8,1,3.34809093011356,0.41851136626419494,9
1067228,Roy Steffensen,17693218,Romain Rolland,5,4,2.0532193117005666,1.6425754493604532,9
1008226,John Ove Løvdal,17693218,Romain Rolland,5,4,2.0532193117005666,1.6425754493604532,9
1006431,Pål Daud Fillipsveen,1750663,Tore Mo,4,5,1.6425754493604532,2.0532193117005666,9
1008226,John Ove Løvdal,1566758,Tor-Arne Slorafoss,4,5,1.6425754493604532,2.0532193117005666,9
1750663,Tore Mo,3682319,Lasse Rognlien,4,5,1.6425754493604532,2.0532193117005666,9
10220035,Marius Lamby Solvang,20124274,Paolo Speciale,5,4,2.0532193117005666,1.6425754493604532,9
1006536,Tormod Rygge,10220035,Marius Lamby Solvang,4,5,1.6425754493604532,2.0532193117005666,9
10220035,Marius Lamby Solvang,2167690,Iselin Masternes,4,5,1.6425754493604532,2.0532193117005666,9
16636270,Stian Wium,7719582,Astrid E. Pedersen,4,5,1.6425754493604532,2.0532193117005666,9
1566758,Tor-Arne Slorafoss,2167690,Iselin Masternes,5,4,2.0532193117005666,1.6425754493604532,9
15015523,Vijay Jadhav,1510340,Andris Viksnins,4,5,1.5488691036186502,1.898699085636269,9
1750663,Tore Mo,1997987,Sven Høgdahl,3,6,1.166670730712806,1.9203426378366137,9
16978756,Kevin Jensen,7959797,Pergantis Zalachas,5,4,1.932438639549625,1.543555987809511,9
1006298,Jarek (Barracuda) Kapuściński,10220035,Marius Lamby Solvang,6,3,2.302594598493267,1.1615159755842226,9
1006298,Jarek (Barracuda) Kapuściński,7959797,Pergantis Zalachas,4,5,1.4998943242548137,1.895365420416662,9
1024799,Stig Nesvik,16590622,Kjetil Nordal,4,5,1.5282954323826354,1.8918411952242642,9
1006215,Emil Andreassen,6181993,Kim Bjørnstad,2,7,0.7675164607829597,2.1599185511407804,9
16590622,Kjetil Nordal,6691281,Andreas Wahr-Hansen,2,7,0.7590833949008091,2.654270925910623,9
6691281,Andreas Wahr-Hansen,7959797,Pergantis Zalachas,7,2,2.644386708633786,0.7440907292422226,9
1997987,Sven Høgdahl,4797871,Johannes Ulsund,3,6,1.1260647992061206,1.866177359375974,9
1081624,Jan SuperMario Johansen,6600268,Kim Soo Garmark,5,4,1.7584349866098992,1.4067479892879193,9
1510340,Andris Viksnins,2660053,Morten Bjellås,6,3,1.7955735320851676,0.8977867660425837,9
2660053,Morten Bjellås,7959797,Pergantis Zalachas,3,6,0.9970986364202107,1.9941972728404214,9
1268827,Bastian Andreassen,8498578,Riaz Ali,5,4,1.7394426141491786,1.391554091319343,9
1006431,Pål Daud Fillipsveen,3585947,Didrik Voga Berg,4,5,1.391554091319343,1.7394426141491786,9
1006147,Arild Kråkvik,12042235,Evert Andersson,5,4,1.7394426141491786,1.391554091319343,9
13507978,Sondre Noraberg,6839980,Daniel Lorentzen-Styr,4,5,1.391554091319343,1.7394426141491786,9
1006431,Pål Daud Fillipsveen,12042235,Evert Andersson,5,4,1.7394426141491786,1.391554091319343,9
1010312,Mikael Øgaard,6839980,Daniel Lorentzen-Styr,4,5,1.391554091319343,1.7394426141491786,9
1006372,Marius Nørsterud,1272012,Erol Dane Mula,5,4,1.7394426141491786,1.391554091319343,9
1006360,Lars Harby,3585947,Didrik Voga Berg,4,5,1.391554091319343,1.7394426141491786,9
1079105,Didrik Vatne,8206764,Grzegorz Tabor,5,4,1.7382967881006903,1.3906374304805522,9
1006145,Aria Senemar,8206764,Grzegorz Tabor,4,5,1.3906374304805522,1.7382967881006903,9
1006431,Pål Daud Fillipsveen,3532613,Tom Kristiansen,4,5,1.3906374304805522,1.7382967881006903,9
1006124,Albert-Roman Borrie Stensrød,8498578,Riaz Ali,6,3,2.06894496006536,1.0344724800326799,9
1268827,Bastian Andreassen,6691281,Andreas Wahr-Hansen,6,3,2.06894496006536,1.0344724800326799,9
1298131,Jack Nordby,2947265,Bernjard David C Ruiz,5,4,1.7177552310251456,1.3742041848201165,9
1006360,Lars Harby,1006513,Thomas Fjæran,6,3,2.0534973253922635,1.0267486626961317,9
1006360,Lars Harby,1268827,Bastian Andreassen,6,3,2.0534973253922635,1.0267486626961317,9
2194859,Eivind Yoo Yong Jae Johansen,8217316,Ida Amundsen Holtet,5,4,1.6579688239266828,1.3263750591413461,9
1027114,Jeremiah Torres,1967863,Nate Komljenovic,2,7,0.27353528409855116,1.7308176011563194,9
1006333,Kent Hansen,7959797,Pergantis Zalachas,6,3,1.9779547269269928,0.9889773634634964,9
1006220,Erik Gårdelöf,6137239,Rudi Mathisen,6,3,1.9779547269269928,0.9889773634634964,9
10220035,Marius Lamby Solvang,6839980,Daniel Lorentzen-Styr,6,3,1.9779547269269928,0.9889773634634964,9
1024799,Stig Nesvik,9209866,Johannes Sandström,5,4,1.64335023010162,1.314680184081296,9
6181993,Kim Bjørnstad,7959797,Pergantis Zalachas,7,2,2.2505506776749207,0.6444423160992732,9
3585947,Didrik Voga Berg,4797871,Johannes Ulsund,4,5,1.303088424728774,1.6288605309109674,9
10220035,Marius Lamby Solvang,10570834,Alexander Kjos Hartz,5,4,1.6216636612592104,1.2973309290073682,9
1014095,Odd Sebastian Bobby Fischer,1277819,Lasse Kåring,2,7,0.5768185069991155,2.051920082987054,9
2194859,Eivind Yoo Yong Jae Johansen,2947260,Jasper Nicolaysen,4,5,1.2858582479588299,1.6073228099485373,9
5140422,Tomas Gryczon,8217316,Ida Amundsen Holtet,8,1,2.2191909102998375,0.25535394500940806,9
2298416,Terje Kristoffersen,6600268,Kim Soo Garmark,5,4,1.5811028060844337,1.264882244867547,9
1708121,Petter Olsen,7719582,Astrid E. Pedersen,5,4,1.5791036886673435,1.2632829509338748,9
1022496,Jozef Kwit,1510340,Andris Viksnins,2,7,0.2570927001007602,1.4491443720746764,9
1708121,Petter Olsen,7004013,Jone Berntsen Stava,5,4,1.5377059457705076,1.230164756616406,9
1006171,Bjørnar Davidsen,5689902,Roger Andresen,4,5,1.230164756616406,1.5377059457705076,9
1079105,Didrik Vatne,6600268,Kim Soo Garmark,7,2,2.1402215601305814,0.6114918743230232,9
7004013,Jone Berntsen Stava,8217316,Ida Amundsen Holtet,4,5,1.208563531407023,1.5107044142587789,9
2660053,Morten Bjellås,3012666,Eirik Sandaaker,4,5,1.020256069690722,1.1380884333530115,9
1510340,Andris Viksnins,8970047,Ante Petricevic,5,4,1.5027044930338929,1.1979126830845666,9
1081697,Giena Tanilon,8970047,Ante Petricevic,4,5,1.1979126830845666,1.4973908538557081,9
1298131,Jack Nordby,3012666,Eirik Sandaaker,4,5,1.1873452666890016,1.4841815833612522,9
1298131,Jack Nordby,8969328,Trygve Jensen,4,5,1.1873452666890016,1.4841815833612522,9
6691281,Andreas Wahr-Hansen,8217316,Ida Amundsen Holtet,7,2,1.9948894733800682,0.5521902616816585,9
1006372,Marius Nørsterud,1095179,Ernesto Antonio Meléndez,2,7,0.5917978404978899,2.071292441742614,9
1006186,Christian Wikeby,1946517,Ivan Tadic,5,4,1.2824359710794255,1.0259487768635405,9
1006186,Christian Wikeby,1750663,Tore Mo,5,4,1.2824359710794255,1.0259487768635405,9
7131339,Roger Mølmann,8227535,Martin Elgsæter,7,2,1.7649756561266634,0.5061915491221716,9
1272012,Erol Dane Mula,2043792,Vaios Evangelou,6,3,1.513759103495136,0.7568795517475682,9
1006332,Kent Halldin,1356128,Christian Moberg,6,3,1.513759103495136,0.7568795517475682,9
1042070,Henrik Olsson,1359835,Per Hagen,6,3,1.513759103495136,0.7568795517475682,9
1006373,Mark McGauley,1006443,Philip Sanchez Gangfløt,3,6,0.7568795517475682,1.513759103495136,9
1006332,Kent Halldin,6600268,Kim Soo Garmark,4,5,1.0091727356634241,1.2614659195792801,9
1081697,Giena Tanilon,3073760,Ronny Jakobsen,1,8,0.24865227365766393,1.9892181892613114,9
1006549,Umar Hayat Ali,2639057,Ivan Blomqvist,5,4,1.1819296119813412,0.945543689585073,9
1393993,Ronny Sørlie,1946517,Ivan Tadic,3,6,0.6465546090821424,1.300788506114523,9
1708121,Petter Olsen,7222054,Leif Norvald Nilsen,2,7,0.44030060279810435,1.5405646828648778,9
1969223,Ole Andreas Sandvik,5129473,Andreas Bjørnhaug,5,4,1.0752894491709153,0.8095767283365347,9
1006178,Carl Kolrud,1510340,Andris Viksnins,4,5,0.5187593901999022,1.0044591589714673,9
2167690,Iselin Masternes,3543748,Thong Trong Ho,3,6,0.607344615079911,1.228903350340328,9
2251353,Mentor Nuredini,4742719,Adiil Lusjanii,3,6,0.5442211465822455,1.1360861972539715,9
2827292,Simen Jøndal,3119948,Huan Bao Ngo,6,3,1.2321315075438182,0.626516844086307,9
1015461,Nils Arild Sabbasen,1393993,Ronny Sørlie,6,3,1.2610865272091716,0.6268208112124084,9
2052753,Morten Falk,4797871,Johannes Ulsund,5,4,1.0564720159924414,0.8268732038270107,9
1751232,Øyvind Stenhaug,3012666,Eirik Sandaaker,4,5,0.8462502106521462,1.0480415493153297,9
3595359,Øivind Bakken,6839980,Daniel Lorentzen-Styr,6,3,1.2721050976359456,0.6360525488179727,9
3405181,Lag 8,3405183,Lag 10,1,8,0.18646183807115277,1.5823288533679074,9
1751232,Øyvind Stenhaug,5916966,Per Christian Slåtta,5,4,1.026823973520517,0.8203693684851132,9
1946517,Ivan Tadic,6475205,Yorkey Ronald,8,1,1.6235901249393816,0.20193507229793442,9
1272012,Erol Dane Mula,3543748,Thong Trong Ho,5,4,1.0007596925903615,0.8006077540722892,9
1750663,Tore Mo,3543748,Thong Trong Ho,5,4,1.0007596925903615,0.8006077540722892,9
1006333,Kent Hansen,1751232,Øyvind Stenhaug,4,5,0.8006077540722892,1.0007596925903615,9
5129473,Andreas Bjørnhaug,6181993,Kim Bjørnstad,3,6,0.5978027939147482,1.1956055878294964,9
2053323,Ib Christiansen,4797871,Johannes Ulsund,4,5,0.7318418512949689,0.9553097769798338,9
1006195,Damianos Giallourakis,1006388,Mats Brujordet Schjetne,5,4,0.9764105830304409,0.7811284664243527,9
1006195,Damianos Giallourakis,6088513,Christopher Koba,4,5,0.7811284664243527,0.9764105830304409,9
1006458,Roger Rasmussen,2827292,Simen Jøndal,5,4,0.9501954626191199,0.7601563700952959,9
1967863,Nate Komljenovic,4742719,Adiil Lusjanii,5,4,0.9418000503004774,0.7534400402403819,9
1006281,Jan Atle Kofoed,1967863,Nate Komljenovic,5,4,0.938233417568321,0.7505867340546568,9
1006261,Hasan Emre Vural,1006458,Roger Rasmussen,4,5,0.7505867340546568,0.938233417568321,9
1006458,Roger Rasmussen,1042070,Henrik Olsson,4,5,0.7505867340546568,0.938233417568321,9
1006371,Marius Fredriksen,3428055,Rune Fevang,3,6,0.5600973771505662,1.1201947543011321,9
1006513,Thomas Fjæran,3428055,Rune Fevang,5,4,0.9264423121799903,0.7411538497439922,9
1006415,Olav Skrudland,1006513,Thomas Fjæran,5,4,0.9264423121799903,0.7411538497439922,9
1006147,Arild Kråkvik,1006281,Jan Atle Kofoed,4,5,0.7397388930716676,0.9246736163395846,9
3595359,Øivind Bakken,4742719,Adiil Lusjanii,5,4,0.8788519800104291,0.7257162492391953,9
1006215,Emil Andreassen,16476664,Øystein Følling,5,4,0.8514647011664878,0.5006907915089127,9
1018030,Thomas Bestorp,1969238,Audun Brede,6,3,1.060902025925562,0.5304510129627811,9
1969223,Ole Andreas Sandvik,3119948,Huan Bao Ngo,5,4,0.8409761994677014,0.666406021621251,9
1510340,Andris Viksnins,1751232,Øyvind Stenhaug,6,3,1.031006131996496,0.5189266893098088,9
3428055,Rune Fevang,3439621,Qani Rahimi,6,3,1.0422761949775048,0.5211380974887524,9
3611862,Minh Cong Bui,4797871,Johannes Ulsund,2,7,0.3474253983258349,1.2136964841962774,9
2827292,Simen Jøndal,3595353,Knut Holm,3,6,0.516560153076694,1.0376710579666721,9
1014095,Odd Sebastian Bobby Fischer,3595353,Knut Holm,2,7,0.3443734353844627,1.2053070238456194,9
1969238,Audun Brede,3595359,Øivind Bakken,4,5,0.6887241786968072,0.860905223371009,9
3120055,Per Christian Slåtta,4762948,Drilon Disha,4,5,0.6887241786968072,0.860905223371009,9
4734030,Ronny,4762948,Drilon Disha,5,4,0.860905223371009,0.6887241786968072,9
3428055,Rune Fevang,4762948,Drilon Disha,4,5,0.6887241786968072,0.860905223371009,9
2166616,Philippe Béal,4734030,Ronny,2,7,0.3443620893484036,1.2052673127194127,9
8383376,Hans Petter Ilstad,8383377,Tina Lindvall,5,4,0.8533144752213974,0.6826515801771179,9
1006208,Eirik Riisnæs,1298131,Jack Nordby,6,3,0.996354712384098,0.49817735619204895,9
1006208,Eirik Riisnæs,1359835,Per Hagen,6,3,0.996354712384098,0.49817735619204895,9
1006208,Eirik Riisnæs,1081546,Bent Brørs,8,1,1.3276415842266969,0.1659551980283371,9
2085426,Minh Bui Cong,2576372,Fadil Mustafa,3,6,0.49053635360524317,0.9767836897146849,9
2085426,Minh Bui Cong,3119948,Huan Bao Ngo,3,6,0.490539555083433,0.9760485183703733,9
2241168,Trond L,2827292,Simen Jøndal,7,2,1.1450678833821448,0.32654117743358485,9
1012750,Frode Myhre Larsen,3119948,Huan Bao Ngo,6,3,0.971002954968214,0.48981176615037725,9
1279214,Daniel Axeborg,1510340,Andris Viksnins,5,4,0.744740308321109,0.5141854002015204,9
1006147,Arild Kråkvik,1298131,Jack Nordby,3,6,0.4827550378455572,0.9655100756911144,9
1944804,Tommy Martinsen,2251353,Mentor Nuredini,3,6,0.4790735473752279,0.9581470947504558,9
2620564,Ridvan,3119948,Huan Bao Ngo,3,6,0.4790735473752279,0.9581470947504558,9
2167690,Iselin Masternes,2620565,Fadil,2,7,0.3165663161466438,1.1079821065132534,9
2251353,Mentor Nuredini,2620565,Fadil,2,7,0.3165663161466438,1.1079821065132534,9
1902521,Tom-Henrik Sandvik,2043792,Vaios Evangelou,2,7,0.29102179680985785,1.0506266885713882,9
2140722,Mats Larsen,2140742,Jamal Malik,5,4,0.7520048085571771,0.5978420425950796,9
1061500,Jim Fors,1359835,Per Hagen,3,6,0.4589035918808072,0.9178071837616144,9
1006193,Dag Johnsen,2828304,Robin Nordbøen,3,6,0.4589035918808072,0.9178071837616144,9
1006373,Mark McGauley,1006514,Thomas Pedersen,6,3,0.9178071837616144,0.4589035918808072,9
1298131,Jack Nordby,1359835,Per Hagen,3,6,0.4589035918808072,0.9178071837616144,9
2140742,Jamal Malik,2252446,Tor Bugten,1,8,0.14232459190733782,1.1443833711199018,9
1751232,Øyvind Stenhaug,2576334,Ridvan Avdi,5,4,0.7269172809847059,0.5840038587046528,9
1006374,Markus Kotvojs,1016894,Tommy Andersen,1,8,0.1474568210959073,1.1796545687672584,9
1006174,Børre Kofoed Karaka,2241168,Trond L,6,3,0.8808318349108696,0.44041591745543474,9
1006543,Trond Lid Cappelen,1022496,Jozef Kwit,7,2,0.9803073110656886,0.2809775668115838,9
2251353,Mentor Nuredini,2431085,Shakir,2,7,0.2871850951769546,1.005147833119341,9
2167253,Michel Mateos,2431087,Mads Gjefsen,2,7,0.2871850951769546,1.005147833119341,9
1069187,Thomas Erichsen,2167253,Michel Mateos,2,7,0.2871850951769546,1.005147833119341,9
2140751,Jamal Malik,2431085,Shakir,2,7,0.2871850951769546,1.005147833119341,9
2251353,Mentor Nuredini,2251359,Gustav Leennatsso,2,7,0.28464918381467563,0.9962721433513647,9
1670605,Bernadette Bodó,2357139,Aaron Rossel,1,8,0.14232459190733782,1.1385967352587025,9
1006430,Pak San Li,1946517,Ivan Tadic,3,6,0.42133919095031425,0.8223163983361808,9
1081697,Giena Tanilon,2267856,Jimmy Andersson,8,1,1.1235711758675047,0.14044639698343808,9
1081697,Giena Tanilon,2251353,Mentor Nuredini,8,1,1.1235711758675047,0.14044639698343808,9
1670605,Bernadette Bodó,1902521,Tom-Henrik Sandvik,7,2,0.9450782331505874,0.2652281849451903,9
1013991,Ahad Rashid,1944604,Antonio De La Garza,4,5,0.5488995669935683,0.691154205432242,9
1015952,Marius Farås,1016894,Tommy Andersen,8,1,1.0917882106222565,0.13798427291158805,9
1084882,Remi Kwit,1429285,Kristoffer Fjellstad,2,7,0.25145641724689294,0.9658899103811165,9
1697350,Philippe Beal,1751232,Øyvind Stenhaug,6,3,0.7921434041927002,0.39253055145347937,9
1006225,Espen Hauge,1006281,Jan Atle Kofoed,2,7,0.2636498095166583,0.9227743333083038,9
1024799,Stig Nesvik,1033026,Robin Hagerup Ertesvåg,2,7,0.2636498095166583,0.9227743333083038,9
1006225,Espen Hauge,1075717,Bjørn Erik Øverland,2,7,0.2636498095166583,0.9227743333083038,9
1006186,Christian Wikeby,1033026,Robin Hagerup Ertesvåg,2,7,0.2636498095166583,0.9227743333083038,9
1006332,Kent Halldin,1006458,Roger Rasmussen,2,7,0.2636498095166583,0.9227743333083038,9
1006171,Bjørnar Davidsen,1015952,Marius Farås,7,2,0.9135921722583362,0.261108922352374,9
1510340,Andris Viksnins,1561576,Antonio Hagen,6,3,0.7702158074467952,0.38906954264992666,9
1022496,Jozef Kwit,1561935,Øystein Holm Krøvel,4,5,0.5119701403047795,0.6320925905326624,9
1708121,Petter Olsen,1957536,Sebastian Yet,6,3,0.7747009974700083,0.3873504987350041,9
1510340,Andris Viksnins,1561935,Øystein Holm Krøvel,4,5,0.5141854002015204,0.6370954673980332,9
1670605,Bernadette Bodó,1946144,Sebastian Solberg,2,7,0.2570927001007602,0.8998244503526606,9
1472748,Tommy Martinsen,1934110,Ivan Tadic,2,7,0.2570927001007602,0.8998244503526606,9
1024799,Stig Nesvik,1059772,Magnus Olaussen,5,4,0.5963217846179628,0.4867532052441511,9
1006157,Asle M. Johansen,1006174,Børre Kofoed Karaka,5,4,0.6253104330786882,0.4990316225865544,9
1006157,Asle M. Johansen,1561576,Antonio Hagen,6,3,0.7499300746484636,0.37551809363168454,9
1006215,Emil Andreassen,1015461,Nils Arild Sabbasen,4,5,0.47059357599451634,0.6183391855075417,9
1006195,Damianos Giallourakis,1561576,Antonio Hagen,8,1,0.993808784469513,0.12422609805868914,9
1006195,Damianos Giallourakis,1006453,Robin Nathan,6,3,0.7453565883521348,0.37267829417606746,9
1006220,Erik Gårdelöf,1006239,Frank Hjeldnes,5,4,0.6183861207844895,0.4947088966275916,9
1016719,Sebastian Meling,1561576,Antonio Hagen,5,4,0.615656581418447,0.49252526513475764,9
1030563,Alexander Baranji,1359835,Per Hagen,5,4,0.615656581418447,0.49252526513475764,9
1006458,Roger Rasmussen,1006549,Umar Hayat Ali,5,4,0.615656581418447,0.49252526513475764,9
1006171,Bjørnar Davidsen,1016719,Sebastian Meling,4,5,0.49252526513475764,0.615656581418447,9
1016719,Sebastian Meling,1030563,Alexander Baranji,5,4,0.615656581418447,0.49252526513475764,9
1006163,Bjørn Bratteberg,1006332,Kent Halldin,2,7,0.23494973547596662,0.8223240741658832,9
1006145,Aria Senemar,1010309,Tom-Kristoffer Lindblad,7,2,0.8223240741658832,0.23494973547596662,9
1000003,Thomas Elmgren Stavang,1006458,Roger Rasmussen,2,7,0.23494973547596662,0.8223240741658832,9
1006332,Kent Halldin,1006372,Marius Nørsterud,7,2,0.8223240741658832,0.23494973547596662,9
1013249,Jan Verner Bjørklund,1014998,Ivan Crenn,3,6,0.3524246032139499,0.7048492064278998,9
1000003,Thomas Elmgren Stavang,1022965,Tommy Bakke,6,3,0.7048492064278998,0.3524246032139499,9
1006292,Jan Thomassen,1006453,Robin Nathan,6,3,0.7048492064278998,0.3524246032139499,9
1006215,Emil Andreassen,1006372,Marius Nørsterud,3,6,0.3524246032139499,0.7048492064278998,9
1006458,Roger Rasmussen,1018532,Goran Nikolic,7,2,0.8223240741658832,0.23494973547596662,9
1006515,Thorbjørn Vildar Dahl Eriksen,1033026,Robin Hagerup Ertesvåg,3,6,0.3177724691727137,0.6355449383454274,9
1000003,Thomas Elmgren Stavang,1061500,Jim Fors,5,4,0.5296207819545228,0.42369662556361826,9
1014093,Espen Tingvoll,1075717,Bjørn Erik Øverland,5,4,0.5296207819545228,0.42369662556361826,9
1006373,Mark McGauley,1281902,Bjørn Edvardsen,5,4,0.5296207819545228,0.42369662556361826,9
1006281,Jan Atle Kofoed,1033026,Robin Hagerup Ertesvåg,4,5,0.42369662556361826,0.5296207819545228,9
1006195,Damianos Giallourakis,1014093,Espen Tingvoll,5,4,0.5296207819545228,0.42369662556361826,9
1006197,Daniel Salole,1006515,Thorbjørn Vildar Dahl Eriksen,5,4,0.5296207819545228,0.42369662556361826,9
1006197,Daniel Salole,1014093,Espen Tingvoll,5,4,0.5296207819545228,0.42369662556361826,9
1006195,Damianos Giallourakis,1033026,Robin Hagerup Ertesvåg,4,5,0.42369662556361826,0.5296207819545228,9
11218942,Stein Amundsen,2194859,Eivind Yoo Yong Jae Johansen,6,2,5.844439713276666,1.8444397132766661,8
48159925,Ole-Jakob Rosenvold,6600268,Kim Soo Garmark,4,4,3.991163307704765,3.982326615409529,8
16144084,Truls Bakken,80088046,Kim Rui,4,4,3.9949424732929524,3.9949424732929524,8
1095179,Ernesto Antonio Meléndez,1272012,Erol Dane Mula,2,6,1.6841076263989538,5.359378560502672,8
1006340,Kjartan Maraas,80198077,Nils Vogt,6,2,5.965937151909186,1.988645717303062,8
2194859,Eivind Yoo Yong Jae Johansen,77274373,Elin Demoniere,2,6,1.872721491691548,5.618164475074644,8
1006292,Jan Thomassen,1006431,Pål Daud Fillipsveen,3,5,2.9735484884623338,4.955914147437223,8
62353570,Hallvard Olaussen,75505852,Flavio Wicki,5,3,4.777279001638003,2.9735484884623338,8
2194859,Eivind Yoo Yong Jae Johansen,3185355,Ivar Lexi,3,5,2.931903039829026,4.919763562193692,8
1024799,Stig Nesvik,80088046,Kim Rui,2,6,1.9194183288523692,5.839537815232136,8
1006298,Jarek (Barracuda) Kapuściński,1030563,Alexander Baranji,1,7,0.986803440651194,5.893545637842682,8
3183489,Knut-Håkon Helgesen,3185355,Ivar Lexi,2,6,1.971111488924538,5.913334466773614,8
62353570,Hallvard Olaussen,69888928,T M.H,4,4,3.767769437585249,3.5933158973214216,8
1006298,Jarek (Barracuda) Kapuściński,1095179,Ernesto Antonio Meléndez,4,4,3.8558732403820826,3.898276189453309,8
1030563,Alexander Baranji,43127857,Manabu Sekiguchi,2,6,1.836290340174997,5.743754065829864,8
1024799,Stig Nesvik,17419783,Ketil Blix,7,1,6.756486056471487,0.972549799588916,8
52645105,Tommy Bratseth,72868804,Sander Naas-Mælen,6,2,5.783809860573124,1.9279366201910413,8
8270907,Christian Söderström,85089859,Stian Rekdal,5,3,4.804620696503372,2.8827724179020233,8
1024799,Stig Nesvik,72868804,Sander Naas-Mælen,5,3,4.7833922191582126,2.870035331494927,8
3183489,Knut-Håkon Helgesen,62353570,Hallvard Olaussen,4,4,3.7593990144543366,3.6585347753372863,8
12042235,Evert Andersson,6686119,Levi Pavdeja,3,5,2.832179402460171,4.720299004100285,8
71956222,Raymond Mælen,7719582,Astrid E. Pedersen,3,5,2.82468696046994,4.707811600783233,8
33729541,Eivind Yoo Yong Jae Johansen,80088046,Kim Rui,3,5,2.82468696046994,4.707811600783233,8
1123060,"Paweł ""Mumrikken"" Zalewski",7719582,Astrid E. Pedersen,5,3,4.707811600783233,2.82468696046994,8
1095179,Ernesto Antonio Meléndez,80088046,Kim Rui,3,5,2.82468696046994,4.707811600783233,8
1073747,John Erstad,7719582,Astrid E. Pedersen,5,3,4.707811600783233,2.82468696046994,8
1006549,Umar Hayat Ali,73722376,Seva Tkach,5,3,4.699443089179915,2.819665853507949,8
26143903,Katrine Sætereng,83475292,Trym Lurås,8,0,7.476421898405689,0.0,8
1006163,Bjørn Bratteberg,1038588,Lucas Baranji,4,4,3.738210949202844,3.738210949202844,8
31114699,Ferdinand Jaggi,63113578,Håkon Kristiansen,6,2,5.404093070151059,1.6658821209482146,8
1510340,Andris Viksnins,26143903,Katrine Sætereng,7,1,6.492537638455464,0.934552737300711,8
54197755,Tom erik Lysenstøen,81875407,Sa-Lee Suwannachuen,3,5,2.78245596572833,4.621630213733885,8
11218942,Stein Amundsen,1123060,"Paweł ""Mumrikken"" Zalewski",5,3,4.637426609547216,2.78245596572833,8
1510340,Andris Viksnins,43127857,Manabu Sekiguchi,1,7,0.9181451700874985,6.28362321532344,8
17978686,Ibra Alkhader,2194859,Eivind Yoo Yong Jae Johansen,7,1,6.107646139185929,0.9152457068137188,8
6691281,Andreas Wahr-Hansen,77274373,Elin Demoniere,7,1,6.39861940838602,0.9140884869122885,8
44119141,Gaute Rogstad,54197755,Tom erik Lysenstøen,6,2,5.296765609825334,1.572650890889542,8
1024799,Stig Nesvik,8435377,Geir Anfinsen,2,6,1.8120576257192385,5.4361728771577145,8
1006399,Nedzat Cimilji,6600268,Kim Soo Garmark,3,5,2.7095028375750347,4.374784234359177,8
1024805,Audun Bjerve,55415260,Dag Erik Wiig,5,3,4.500004899457651,2.662003348072815,8
1093760,Mindaugas Jomantas,52645105,Tommy Bratseth,6,2,5.269970832601283,1.798354210767117,8
1006186,Christian Wikeby,51736666,Yakup Aliz,6,2,5.377600010316297,1.7925333367720993,8
1006360,Lars Harby,53060527,Mazen AlAli,7,1,6.273866678702347,0.8962666683860496,8
1006333,Kent Hansen,5689902,Roger Andresen,5,3,4.481333341930248,2.688800005158149,8
1006186,Christian Wikeby,1006360,Lars Harby,1,7,0.8962666683860496,6.273866678702347,8
5140422,Tomas Gryczon,55415260,Dag Erik Wiig,4,4,3.560581963355781,3.560581963355781,8
25875517,Christian Hedin,6600268,Kim Soo Garmark,3,5,2.662003348072815,4.436672246788024,8
1014092,Martin Meintjes,24897019,Robert Hedin,5,3,4.436672246788024,2.662003348072815,8
19030543,Martin Olsson,3185355,Ivar Lexi,2,6,1.77466889871521,4.891837439659436,8
1006163,Bjørn Bratteberg,26088853,Simeon Ivanov,7,1,6.179429400895857,0.8834138986116373,8
1566758,Tor-Arne Slorafoss,63113578,Håkon Kristiansen,4,4,3.304788495205546,3.454387968442478,8
26005654,Jacob Sæther,56994721,Rolf-Tommy Østensson,5,3,4.37258781911826,2.623552691470956,8
52390867,Emil Johannesen,63113578,Håkon Kristiansen,6,2,5.046113305500255,1.62940367785987,8
52390867,Emil Johannesen,75512620,Trond Evjen,4,4,3.4749379438652355,3.4903594848181507,8
44184394,Per Arne Grotthing,53204752,Julianne Myhren-heyerdahl,8,0,6.532705751651232,0.0,8
44119141,Gaute Rogstad,53204752,Julianne Myhren-heyerdahl,5,3,4.150773358233093,2.5889308226732397,8
73722376,Seva Tkach,74738734,Frode Johansen,8,0,6.87337946778368,0.0,8
1006214,Emil André Gangfløt,3185355,Ivar Lexi,7,1,5.618663075556642,0.8602516965313083,8
1006220,Erik Gårdelöf,56994721,Rolf-Tommy Østensson,5,3,4.301258482656541,2.49895854479749,8
1298131,Jack Nordby,8270907,Christian Söderström,2,6,1.7183280200976216,5.154984060292865,8
3682319,Lasse Rognlien,8270907,Christian Söderström,6,2,5.154984060292865,1.7183280200976216,8
1006448,Roald Pettersen,55415260,Dag Erik Wiig,2,6,1.7183280200976216,5.154984060292865,8
1006333,Kent Hansen,8270907,Christian Söderström,6,2,5.154984060292865,1.7183280200976216,8
20124274,Paolo Speciale,55415260,Dag Erik Wiig,6,2,5.154984060292865,1.7183280200976216,8
1006448,Roald Pettersen,73722376,Seva Tkach,5,3,4.276839630274199,2.5661037781645195,8
25743094,Mohamed Salkiny,6686119,Levi Pavdeja,4,4,3.4166953429620284,3.4166953429620284,8
1006399,Nedzat Cimilji,1960202,Ola Magnus Johnsen,3,5,2.5580001319178303,4.263333553196384,8
26005654,Jacob Sæther,27634768,Roger Andresen,6,2,4.701386147822964,1.6977986679262436,8
42921529,Joshua Turla Tuppal,7711820,Marie Hoff Petersen,4,4,3.1031703932605468,3.1934492713633285,8
3399547,Per Yngvar Hodnebrog,44184394,Per Arne Grotthing,6,2,5.057276778923914,1.6857589263079713,8
1006277,Ingolf Höns,1298131,Jack Nordby,4,4,3.3715178526159426,3.3715178526159426,8
20361406,Amir Khan,3532613,Tom Kristiansen,4,4,3.3715178526159426,3.3715178526159426,8
20124274,Paolo Speciale,44478316,Rune Stensvold,5,3,4.214397315769928,2.528638389461957,8
1006549,Umar Hayat Ali,36990883,Anders Valde,7,1,5.900156242077899,0.8428794631539857,8
1006214,Emil André Gangfløt,19616722,Lobsang Thupten,8,0,6.743035705231884,0.0,8
1006250,Geir Tollefsrud,6839980,Daniel Lorentzen-Styr,4,4,3.3715178526159426,3.3715178526159426,8
30913960,Josef Knutsson,3399547,Per Yngvar Hodnebrog,5,3,4.214397315769928,2.528638389461957,8
1014092,Martin Meintjes,16636270,Stian Wium,5,3,4.214397315769928,2.528638389461957,8
1006420,Ole Tobias Tanilon Gangfløt,3212629,Rolf G. Sedsbøe Jensen,2,6,1.6857589263079713,5.057276778923914,8
2947265,Bernjard David C Ruiz,3399547,Per Yngvar Hodnebrog,4,4,3.3715178526159426,3.3715178526159426,8
1006250,Geir Tollefsrud,1006345,Kjetil Aasane Fredriksen,4,4,3.3715178526159426,3.3715178526159426,8
1298131,Jack Nordby,14638297,Joakim Langkås,3,5,2.528638389461957,4.214397315769928,8
1006420,Ole Tobias Tanilon Gangfløt,1670605,Bernadette Bodó,6,2,5.057276778923914,1.6857589263079713,8
1014092,Martin Meintjes,42921529,Joshua Turla Tuppal,6,2,5.057276778923914,1.6857589263079713,8
1006443,Philip Sanchez Gangfløt,3532613,Tom Kristiansen,5,3,4.214397315769928,2.528638389461957,8
1006420,Ole Tobias Tanilon Gangfløt,7904326,Silja Vepsä,6,2,5.057276778923914,1.6857589263079713,8
1035192,Kjell Martin Andersen,7711820,Marie Hoff Petersen,5,3,4.214397315769928,2.528638389461957,8
1006420,Ole Tobias Tanilon Gangfløt,1272012,Erol Dane Mula,4,4,3.3715178526159426,3.3715178526159426,8
1006420,Ole Tobias Tanilon Gangfløt,14638297,Joakim Langkås,3,5,2.528638389461957,4.214397315769928,8
1006277,Ingolf Höns,1006431,Pål Daud Fillipsveen,5,3,4.214397315769928,2.528638389461957,8
10220035,Marius Lamby Solvang,6691281,Andreas Wahr-Hansen,2,6,1.6775035318216631,5.03251059546499,8
1006204,Egil Arne Sørensen,52390867,Emil Johannesen,6,2,5.03251059546499,1.6775035318216631,8
1006292,Jan Thomassen,3185355,Ivar Lexi,5,3,4.1884949576068085,2.513096974564085,8
1298131,Jack Nordby,3185355,Ivar Lexi,2,6,1.6753979830427232,5.02619394912817,8
25875517,Christian Hedin,71804122,Henning Hagen,8,0,6.613395893192253,0.0,8
1006562,Yousef Austrheim,42921529,Joshua Turla Tuppal,3,5,2.4946331665312176,4.147917302933763,8
51736666,Yakup Aliz,8970047,Ante Petricevic,6,2,4.90913751741623,1.660621336286378,8
1006145,Aria Senemar,1006513,Thomas Fjæran,3,5,2.490932004429567,4.151553340715945,8
1006513,Thomas Fjæran,71804122,Henning Hagen,5,3,4.151553340715945,2.490932004429567,8
1006562,Yousef Austrheim,17978686,Ibra Alkhader,0,8,0.0,6.569597476853751,8
54197755,Tom erik Lysenstøen,6686119,Levi Pavdeja,0,8,0.0,6.301020951702396,8
36990883,Anders Valde,43127857,Manabu Sekiguchi,2,6,1.6438982086710066,4.9316946260130194,8
1006513,Thomas Fjæran,1030563,Alexander Baranji,5,3,4.0967671206654535,2.4580602723992717,8
1042070,Henrik Olsson,3682319,Lasse Rognlien,6,2,4.876519482112642,1.5957065933449375,8
63113578,Håkon Kristiansen,7719582,Astrid E. Pedersen,1,7,0.7565606623406212,5.4996707456089435,8
17419783,Ketil Blix,3119948,Huan Bao Ngo,2,6,1.5518973100729654,4.7254584600565614,8
3119948,Huan Bao Ngo,55415260,Dag Erik Wiig,3,5,2.408236124336609,4.008990822811099,8
17978686,Ibra Alkhader,7153377,Henning Ingvorsen,6,2,4.77500662133579,1.5694441699595745,8
1095179,Ernesto Antonio Meléndez,8270907,Christian Söderström,5,3,4.0018867461862255,2.4011320477117355,8
1030563,Alexander Baranji,44184394,Per Arne Grotthing,2,6,1.5957065933449375,4.4799700791061765,8
1027114,Jeremiah Torres,3185355,Ivar Lexi,5,3,3.9842050252980115,2.390523015178807,8
1006340,Kjartan Maraas,54197755,Tom erik Lysenstøen,8,0,6.203541110016272,0.0,8
1006220,Erik Gårdelöf,8498578,Riaz Ali,6,2,4.710654813447541,1.5610027915603237,8
1006214,Emil André Gangfløt,1006403,Niklas Engström-Øvretveit,7,1,5.286618552857473,0.7399955963016411,8
5140422,Tomas Gryczon,8435377,Geir Anfinsen,4,4,3.145301781779084,3.145301781779084,8
1510340,Andris Viksnins,1960202,Ola Magnus Johnsen,3,5,2.3411369303793323,3.9018948839655536,8
1042070,Henrik Olsson,40844470,Øyvind Løvseth,6,2,4.676353679483541,1.558784559827847,8
13720633,Håkon Haukebøe,3119948,Huan Bao Ngo,7,1,5.445415084765141,0.7793922799139235,8
3119948,Huan Bao Ngo,63113578,Håkon Kristiansen,4,4,3.1106970850275233,3.103825050399353,8
1006281,Jan Atle Kofoed,7719582,Astrid E. Pedersen,7,1,5.323827060747871,0.7432780305288735,8
5140422,Tomas Gryczon,53204752,Julianne Myhren-heyerdahl,7,1,5.319915072729634,0.7725202452857531,8
1006163,Bjørn Bratteberg,1006281,Jan Atle Kofoed,4,4,2.999914750897921,3.0803226372452,8
16476664,Øystein Følling,42921529,Joshua Turla Tuppal,4,4,3.0358296699341727,3.066278367791657,8
12042235,Evert Andersson,7959797,Pergantis Zalachas,6,2,4.608321342693122,1.5361071142310407,8
19616722,Lobsang Thupten,7153377,Henning Ingvorsen,2,6,1.5361071142310407,4.608321342693122,8
6839980,Daniel Lorentzen-Styr,8498578,Riaz Ali,6,2,4.608321342693122,1.5361071142310407,8
20361406,Amir Khan,3073760,Ronny Jakobsen,3,5,2.2971264076760027,3.828544012793338,8
1015461,Nils Arild Sabbasen,42921529,Joshua Turla Tuppal,3,5,2.2797547325619925,3.799591220936654,8
1006214,Emil André Gangfløt,1006288,Jan Kjetil Nordrum,3,5,2.2607856668099013,3.7679761113498356,8
25875517,Christian Hedin,7719582,Astrid E. Pedersen,5,3,3.7679761113498356,2.2607856668099013,8
1061867,Stig Ringebo,48190969,Rune Vestøl,3,5,2.2607856668099013,3.7679761113498356,8
1123060,"Paweł ""Mumrikken"" Zalewski",2298416,Terje Kristoffersen,5,3,3.7679761113498356,2.2607856668099013,8
1006288,Jan Kjetil Nordrum,25743094,Mohamed Salkiny,5,3,3.7679761113498356,2.2607856668099013,8
1417853,Robin Hauge Pettersen,6686119,Levi Pavdeja,4,4,3.0128915151577655,3.0128915151577655,8
1006292,Jan Thomassen,1015919,Ahmed Abiev,5,3,3.766114393947207,2.2596686363683243,8
1006549,Umar Hayat Ali,1417853,Robin Hauge Pettersen,4,4,3.0128915151577655,3.0128915151577655,8
1006186,Christian Wikeby,49097056,Herman Maraas,3,5,2.259355966759223,3.765593277932039,8
1015919,Ahmed Abiev,2080111,Casper Cappe Matikainen,3,5,2.259355966759223,3.765593277932039,8
13295035,Jan Olav Johnsen,7711820,Marie Hoff Petersen,5,3,3.765593277932039,2.259355966759223,8
6686119,Levi Pavdeja,7719582,Astrid E. Pedersen,4,4,2.9562980929843667,2.8507697947785235,8
42921529,Joshua Turla Tuppal,7959797,Pergantis Zalachas,6,2,4.487495905875453,1.495831968625151,8
2581136,Mona Søvold Sunde,30080695,Marek Zagrobelny,2,6,1.495831968625151,4.487495905875453,8
17978686,Ibra Alkhader,20264908,Bartosz Oldakowski,3,5,2.239729993977214,3.732883323295356,8
54197755,Tom erik Lysenstøen,61176751,Santina Lafjell Crolla,4,4,2.9497025132491563,2.952967928801277,8
1006204,Egil Arne Sørensen,20264908,Bartosz Oldakowski,5,3,3.6673465894316775,2.2004079536590067,8
1031037,Sverre Kringler,20264908,Bartosz Oldakowski,3,5,2.2004079536590067,3.6673465894316775,8
1006403,Niklas Engström-Øvretveit,36990883,Anders Valde,7,1,4.984751182331778,0.7334693178863355,8
1006277,Ingolf Höns,1042070,Henrik Olsson,6,2,4.395251596321999,1.4650838654406662,8
16476664,Øystein Følling,49097056,Herman Maraas,5,3,3.651142982756283,2.1906857896537697,8
1030563,Alexander Baranji,2581136,Mona Søvold Sunde,5,3,3.651142982756283,2.1906857896537697,8
54197755,Tom erik Lysenstøen,9835810,Navid Eslah,3,5,2.1906857896537697,3.651142982756283,8
19030543,Martin Olsson,4849639,Petter Rognlien,3,5,2.1906857896537697,3.651142982756283,8
16144084,Truls Bakken,20264908,Bartosz Oldakowski,5,3,3.651142982756283,2.1906857896537697,8
1014093,Espen Tingvoll,1123060,"Paweł ""Mumrikken"" Zalewski",3,5,2.1906857896537697,3.651142982756283,8
1061867,Stig Ringebo,6181993,Kim Bjørnstad,5,3,3.651142982756283,2.1906857896537697,8
1061867,Stig Ringebo,25875517,Christian Hedin,3,5,2.1906857896537697,3.651142982756283,8
1006406,Nina Torvund,7719582,Astrid E. Pedersen,4,4,2.9080087753792165,2.9080087753792165,8
1006292,Jan Thomassen,1006403,Niklas Engström-Øvretveit,5,3,3.6350109692240204,2.1810065815344126,8
1006340,Kjartan Maraas,1272012,Erol Dane Mula,3,5,2.1810065815344126,3.6350109692240204,8
1298131,Jack Nordby,24897019,Robert Hedin,7,1,5.067293631613936,0.7241716995511671,8
20264908,Bartosz Oldakowski,24897019,Robert Hedin,1,7,0.7241716995511671,5.0692018968581705,8
1123060,"Paweł ""Mumrikken"" Zalewski",59496361,Wojciech Wajda,3,5,2.1713701395069607,3.6189502325116014,8
2194859,Eivind Yoo Yong Jae Johansen,59496361,Wojciech Wajda,5,3,3.6189502325116014,2.1713701395069607,8
36225232,Adrian Winther,58717324,Kjetil Kristensen,3,5,2.1713701395069607,3.6189502325116014,8
1006204,Egil Arne Sørensen,2194859,Eivind Yoo Yong Jae Johansen,5,3,3.6189502325116014,2.1713701395069607,8
19030543,Martin Olsson,24897019,Robert Hedin,3,5,2.1713701395069607,3.6189502325116014,8
1298131,Jack Nordby,53649337,Erlend Helgesen,5,3,3.6189502325116014,2.1713701395069607,8
1006333,Kent Hansen,1035589,Sebastian Mæhlum,4,4,2.8823683661546906,2.8823683661546906,8
53204752,Julianne Myhren-heyerdahl,8435377,Geir Anfinsen,3,5,2.161776274616018,3.602960457693363,8
28065760,Line Marie H. Steffensen,52324939,Saga Hedin,1,7,0.7169545838614361,5.018682087030053,8
1010312,Mikael Øgaard,1067228,Roy Steffensen,7,1,4.459682572917855,0.5438082250391215,8
1006298,Jarek (Barracuda) Kapuściński,6686119,Levi Pavdeja,1,7,0.6516593986190967,4.649725278311476,8
1006184,Christian Johannessen,1006360,Lars Harby,5,3,2.525365244748168,1.8105892476697814,8
1006233,Eystein Gangfløt,1084127,Simen Ekern Bakken,2,6,1.3391280491717577,4.017384147515273,8
24833275,Marte Stulen Aamodt,52796236,Maija Uleberg,3,5,1.9886209749329253,3.3143682915548753,8
26005654,Jacob Sæther,6839980,Daniel Lorentzen-Styr,1,7,0.6357594299184145,4.361581403250022,8
1006220,Erik Gårdelöf,1010312,Mikael Øgaard,3,5,1.9386007709809194,3.2310012849681993,8
6600268,Kim Soo Garmark,6691281,Andreas Wahr-Hansen,7,1,3.3175038587194154,0.6020169703534776,8
20124274,Paolo Speciale,2298416,Terje Kristoffersen,5,3,2.9967852549585783,1.798071152975147,8
20124274,Paolo Speciale,26143903,Katrine Sætereng,5,3,2.9967852549585783,1.798071152975147,8
1006186,Christian Wikeby,7711820,Marie Hoff Petersen,7,1,2.81581098672914,0.5559974425907681,8
1006183,Christel Hanah Johnsen,20361406,Amir Khan,3,5,1.6679923277723043,2.7799872129538405,8
26005654,Jacob Sæther,30584953,Mattias Beckman,6,2,3.1069454806799106,0.9966745992171901,8
17419783,Ketil Blix,2166616,Philippe Béal,3,5,1.5284749174911139,2.6309168601815345,8
1006147,Arild Kråkvik,30080695,Marek Zagrobelny,5,3,2.65438895850488,1.5926333751029278,8
26005654,Jacob Sæther,7962169,Patryk Statkiewicz,2,6,1.0610841389418766,3.18325241682563,8
18284020,Nomen Nescio,6839980,Daniel Lorentzen-Styr,2,6,1.0610841389418766,3.18325241682563,8
17978686,Ibra Alkhader,7962169,Patryk Statkiewicz,2,6,1.0524216426936899,3.15726492808107,8
12348586,Runar Leiren,26005654,Jacob Sæther,3,5,1.4991825021523828,2.4728195142785454,8
1006281,Jan Atle Kofoed,1277043,Alexander Hagen,3,5,1.562734997485664,2.6045583291427734,8
1272012,Erol Dane Mula,2252446,Tor Bugten,5,3,2.6045583291427734,1.562734997485664,8
12348586,Runar Leiren,2167690,Iselin Masternes,5,3,2.581593494244825,1.548956096546895,8
1006186,Christian Wikeby,6839980,Daniel Lorentzen-Styr,5,3,1.5329086170476978,0.7694615826476554,8
20809939,Gary Zacaria,7962169,Patryk Statkiewicz,5,3,2.517022990297723,1.5102137941786336,8
16476664,Øystein Følling,2167690,Iselin Masternes,5,3,2.517022990297723,1.5102137941786336,8
1047734,Ole Kristian Rudshavn,17978686,Ibra Alkhader,5,3,2.517022990297723,1.5102137941786336,8
1750663,Tore Mo,2167690,Iselin Masternes,5,3,2.517022990297723,0.7805978797510278,8
20124274,Paolo Speciale,7962169,Patryk Statkiewicz,5,3,2.517022990297723,1.5102137941786336,8
1006360,Lars Harby,1042070,Henrik Olsson,2,6,1.006809196119089,3.0204275883572675,8
20809939,Gary Zacaria,6686119,Levi Pavdeja,2,6,1.006809196119089,3.0204275883572675,8
7222054,Leif Norvald Nilsen,7959797,Pergantis Zalachas,5,3,1.9610682851863124,1.4950118988257852,8
1510340,Andris Viksnins,2167690,Iselin Masternes,5,3,2.3211975956960433,1.392718557417626,8
20361406,Amir Khan,2167690,Iselin Masternes,3,5,1.392718557417626,2.3211975956960433,8
17419783,Ketil Blix,19913527,Wael Handal,3,5,1.392718557417626,2.3211975956960433,8
1123060,"Paweł ""Mumrikken"" Zalewski",20637220,Sindre Aarhus Narvestad,1,7,0.44748073117079157,3.132365118195541,8
16590622,Kjetil Nordal,17419783,Ketil Blix,6,2,2.4360332997090564,0.7777804871418706,8
1047734,Ole Kristian Rudshavn,20264908,Bartosz Oldakowski,6,2,2.559211347228088,0.8530704490760292,8
1277819,Lasse Kåring,6686119,Levi Pavdeja,5,3,2.0947642152346004,1.2568585291407601,8
1277819,Lasse Kåring,16144084,Truls Bakken,5,3,2.0947642152346004,1.2568585291407601,8
16144084,Truls Bakken,2660053,Morten Bjellås,6,2,2.51106819758517,0.8370227325283899,8
1272012,Erol Dane Mula,16590622,Kjetil Nordal,6,2,2.51106819758517,0.8370227325283899,8
20124274,Paolo Speciale,2639057,Ivan Blomqvist,1,7,0.41851136626419494,2.929579563849365,8
20124274,Paolo Speciale,2167690,Iselin Masternes,3,5,1.2319315870203398,2.0532193117005666,8
16686499,Herman Aleksander Wium,4849639,Petter Rognlien,3,5,1.2319315870203398,2.0532193117005666,8
1067228,Roy Steffensen,6686119,Levi Pavdeja,3,5,1.2319315870203398,2.0532193117005666,8
4849639,Petter Rognlien,7719582,Astrid E. Pedersen,3,5,1.2319315870203398,2.0532193117005666,8
1006147,Arild Kråkvik,1006372,Marius Nørsterud,3,5,1.0436655684895073,1.7394426141491786,8
2639057,Ivan Blomqvist,7959797,Pergantis Zalachas,5,3,1.7382967881006903,1.042978072860414,8
1006458,Roger Rasmussen,13507978,Sondre Noraberg,5,3,1.7382967881006903,1.042978072860414,8
1750663,Tore Mo,8206764,Grzegorz Tabor,3,5,1.042978072860414,1.7382967881006903,8
1006164,Bjørn Erik Bergh,1272012,Erol Dane Mula,5,3,1.7382967881006903,1.042978072860414,8
1006431,Pål Daud Fillipsveen,1079105,Didrik Vatne,3,5,1.042978072860414,1.7382967881006903,8
1006458,Roger Rasmussen,3532613,Tom Kristiansen,5,3,1.7382967881006903,1.042978072860414,8
1006164,Bjørn Erik Bergh,6600268,Kim Soo Garmark,5,3,1.7382967881006903,1.042978072860414,8
1272012,Erol Dane Mula,7959797,Pergantis Zalachas,6,2,2.06894496006536,0.6896483200217867,8
1015919,Ahmed Abiev,12339043,Magnus Groseth,5,3,1.7123306332948918,1.027398379976935,8
1006220,Erik Gårdelöf,3585947,Didrik Voga Berg,6,2,2.0534973253922635,0.6844991084640878,8
1006124,Albert-Roman Borrie Stensrød,1006513,Thomas Fjæran,6,2,2.0534973253922635,0.6844991084640878,8
12165220,Rune Johnsen,12348598,Runar Leiren,6,2,2.052198712581115,0.6840662375270383,8
5140422,Tomas Gryczon,7004013,Jone Berntsen Stava,5,3,1.6579688239266828,0.9947812943560096,8
11381914,Håvard Dyvesveen,1708121,Petter Olsen,3,5,0.9947812943560096,1.6579688239266828,8
1006333,Kent Hansen,7004013,Jone Berntsen Stava,3,5,0.9947812943560096,1.6579688239266828,8
1006333,Kent Hansen,3585947,Didrik Voga Berg,5,3,1.6493603690826928,0.9896162214496156,8
1006184,Christian Johannessen,6137239,Rudi Mathisen,6,2,1.9779547269269928,0.6593182423089976,8
1750663,Tore Mo,6600268,Kim Soo Garmark,2,6,0.6593182423089976,1.9779547269269928,8
1006281,Jan Atle Kofoed,6137239,Rudi Mathisen,2,6,0.6593182423089976,1.9779547269269928,8
1006184,Christian Johannessen,10220035,Marius Lamby Solvang,6,2,1.9779547269269928,0.6593182423089976,8
3012666,Eirik Sandaaker,6181993,Kim Bjørnstad,1,7,0.317223729377101,2.2505506776749207,8
3585947,Didrik Voga Berg,9588856,Michel Mateos,5,3,1.6288605309109674,0.9773163185465805,8
3012666,Eirik Sandaaker,9209866,Johannes Sandström,3,5,0.9773163185465805,1.6288605309109674,8
3428055,Rune Fevang,9209866,Johannes Sandström,5,3,1.6288605309109674,0.9773163185465805,8
10570834,Alexander Kjos Hartz,6691281,Andreas Wahr-Hansen,3,5,0.9729981967555261,1.6216636612592104,8
1277819,Lasse Kåring,8217316,Ida Amundsen Holtet,3,5,0.9601326608419338,1.600221101403223,8
2827292,Simen Jøndal,3585947,Didrik Voga Berg,5,3,1.600221101403223,0.6721157514627492,8
1006403,Niklas Engström-Øvretveit,7131339,Roger Mølmann,3,5,0.9486616836506603,1.5811028060844337,8
2827292,Simen Jøndal,2947262,Christian Lothar Ruiz,3,5,0.9267397058343939,1.5445661763906564,8
1006215,Emil Andreassen,6691281,Andreas Wahr-Hansen,3,5,0.926715279195907,1.5445254653265117,8
1157968,Jesper Gustafsson,5140422,Tomas Gryczon,5,3,1.5107044142587789,0.9064226485552673,8
1157968,Jesper Gustafsson,3428055,Rune Fevang,5,3,1.5107044142587789,0.9064226485552673,8
6839980,Daniel Lorentzen-Styr,7004013,Jone Berntsen Stava,6,2,1.6251539511235973,0.5104360927100429,8
1006124,Albert-Roman Borrie Stensrød,1079105,Didrik Vatne,1,7,0.3017111427561034,2.1119779992927237,8
1006183,Christel Hanah Johnsen,1024799,Stig Nesvik,3,5,0.898434512313425,1.4973908538557081,8
1396429,Øyvind Stordahl,1750663,Tore Mo,5,3,1.49076831379751,0.894460988278506,8
1006178,Carl Kolrud,7959797,Pergantis Zalachas,5,3,1.4841815833612522,0.8905089500167512,8
1902521,Tom-Henrik Sandvik,7959797,Pergantis Zalachas,3,5,0.8905089500167512,1.4841815833612522,8
1006178,Carl Kolrud,3073760,Ronny Jakobsen,3,5,0.8905089500167512,1.4841815833612522,8
3073760,Ronny Jakobsen,6839980,Daniel Lorentzen-Styr,5,3,1.4841815833612522,0.8905089500167512,8
1006163,Bjørn Bratteberg,4797871,Johannes Ulsund,8,0,2.0426745186163218,0.0,8
5140422,Tomas Gryczon,8306234,Frode Ellingsen,6,2,1.5253140126582505,0.5084380042194169,8
1708121,Petter Olsen,4742719,Adiil Lusjanii,2,6,0.46890211613278676,1.4439957813877449,8
1093760,Mindaugas Jomantas,7980809,Jan Petter Svendsen,2,6,0.5045863678317121,1.513759103495136,8
1006225,Espen Hauge,1042070,Henrik Olsson,2,6,0.5045863678317121,1.513759103495136,8
2639057,Ivan Blomqvist,4743665,Morten Bakken,2,6,0.5045863678317121,1.513759103495136,8
1006225,Espen Hauge,4743665,Morten Bakken,5,3,1.2614659195792801,0.7568795517475682,8
1006332,Kent Halldin,1272012,Erol Dane Mula,6,2,1.513759103495136,0.5045863678317121,8
6600268,Kim Soo Garmark,7980809,Jan Petter Svendsen,5,3,1.2614659195792801,0.7568795517475682,8
1024799,Stig Nesvik,7401491,Morten Bjellås,4,4,0.9437261275932332,0.9602942241887433,8
1006163,Bjørn Bratteberg,1081546,Bent Brørs,4,4,0.9685782724864985,0.9685782724864985,8
1014552,Baard Onsum,1024799,Stig Nesvik,6,2,1.1475256500656763,0.4078347211442611,8
1750663,Tore Mo,3595353,Knut Holm,2,6,0.39282444601977107,1.1784733380593133,8
3485006,Cyril Vella,7401493,Simen Skattum,4,4,0.8757398580366834,0.8767104046518751,8
7654573,Sam Musallam Burnieh,7654643,Raymond Alstad,5,3,1.0934616392768646,0.6560769835661188,8
1750663,Tore Mo,2251360,Joakim Elfstrøm,3,5,0.6445585033613586,1.0838840640868637,8
1006333,Kent Hansen,2660053,Morten Bjellås,6,2,1.2987688709621372,0.4329229569873791,8
1750663,Tore Mo,4742719,Adiil Lusjanii,2,6,0.3879930592639323,1.163979177791797,8
2057268,Øyvind Stenhaug,5140422,Tomas Gryczon,5,3,0.9545303224294673,0.5656810428620923,8
3405176,Lag 3,3405184,Lag 11,1,7,0.20912037527082417,1.4638426268957692,8
2167690,Iselin Masternes,2660053,Morten Bjellås,3,5,0.6068619962727453,1.011834482308015,8
1708121,Petter Olsen,2792002,Shaq Bajrami,5,3,0.9885010734389453,0.5979379814795939,8
1969223,Ole Andreas Sandvik,2792002,Shaq Bajrami,3,5,0.619375906428054,1.016037882135223,8
1751232,Øyvind Stenhaug,1997987,Sven Høgdahl,1,7,0.20645863547601798,1.2725893415337155,8
1969223,Ole Andreas Sandvik,1997987,Sven Høgdahl,4,4,0.7636038104303116,0.7013730789565511,8
1006171,Bjørnar Davidsen,1946517,Ivan Tadic,5,3,1.009675361489672,0.6058052168938033,8
1272012,Erol Dane Mula,6181993,Kim Bjørnstad,5,3,1.0007596925903615,0.6004558155542169,8
3405175,Lag 2,3405177,Lag 4,3,5,0.5593855142134583,0.9433579738672512,8
2053323,Ib Christiansen,3119948,Huan Bao Ngo,5,3,0.9553097769798338,0.5520035500762779,8
1916867,Christian Sparrenlöv Fischer,6082347,Pijus Labutis,5,3,0.9764105830304409,0.5858463498182646,8
1290151,Imran Majid,1290914,Mark Gray,5,3,0.9764105830304409,0.5858463498182646,8
3256681,Alex Hoang Hai Nguyen,3428055,Rune Fevang,4,4,0.7796166437716204,0.7546213301281346,8
1093760,Mindaugas Jomantas,2252446,Tor Bugten,5,3,0.9418000503004774,0.5650800301802864,8
1006373,Mark McGauley,1967863,Nate Komljenovic,5,3,0.9418000503004774,0.5650800301802864,8
1006183,Christel Hanah Johnsen,1006458,Roger Rasmussen,3,5,0.5629400505409926,0.938233417568321,8
1272012,Erol Dane Mula,5670467,Tasos Mertzanis,5,3,0.938233417568321,0.5629400505409926,8
1042070,Henrik Olsson,3428055,Rune Fevang,5,3,0.938233417568321,0.5629400505409926,8
2827292,Simen Jøndal,5698300,Don Caram,5,3,0.938233417568321,0.5629400505409926,8
1006281,Jan Atle Kofoed,1006458,Roger Rasmussen,5,3,0.938233417568321,0.5629400505409926,8
1272012,Erol Dane Mula,1967863,Nate Komljenovic,5,3,0.938233417568321,0.5629400505409926,8
3405177,Lag 4,3405184,Lag 11,4,4,0.7458473522846111,0.7458473522846111,8
1272012,Erol Dane Mula,1750663,Tore Mo,7,1,1.2196861794213427,0.18528846243599806,8
1006281,Jan Atle Kofoed,3595359,Øivind Bakken,5,3,0.9246736163395846,0.5548041698037507,8
1035589,Sebastian Mæhlum,1750663,Tore Mo,5,3,0.9246736163395846,0.5548041698037507,8
1024799,Stig Nesvik,5493801,Rune Greaker,3,5,0.5548041698037507,0.9246736163395846,8
2947260,Jasper Nicolaysen,5140422,Tomas Gryczon,4,4,0.7109843974276344,0.710543000424045,8
2947260,Jasper Nicolaysen,3428055,Rune Fevang,1,7,0.17525797864431011,1.2537904072210195,8
4742719,Adiil Lusjanii,4935731,Rj Velasquez,4,4,0.7351917525153869,0.7335657906760865,8
3543748,Thong Trong Ho,5174448,Thomas Hilling Amundsen,3,5,0.5455426802659998,0.9135307422722853,8
1902521,Tom-Henrik Sandvik,4935731,Rj Velasquez,5,3,0.8879968477978253,0.5327981086786953,8
2167690,Iselin Masternes,4935731,Rj Velasquez,2,6,0.353634008641854,1.060902025925562,8
3120055,Per Christian Slåtta,4889376,Tayab Malik,6,2,1.060902025925562,0.353634008641854,8
2947265,Bernjard David C Ruiz,4989992,Ronny Andresen,4,4,0.7018097015239827,0.7033652754174671,8
2947260,Jasper Nicolaysen,3119948,Huan Bao Ngo,2,6,0.33638550633103337,1.003679037484213,8
3595353,Knut Holm,4742719,Adiil Lusjanii,3,5,0.516560153076694,0.8670375143439012,8
1006430,Pak San Li,2251353,Mentor Nuredini,6,2,1.023977370265677,0.34132579008855896,8
1006543,Trond Lid Cappelen,1750663,Tore Mo,7,1,1.1411746422139082,0.15898561153758564,8
3080986,Qazim Redzepi,3256681,Alex Hoang Hai Nguyen,4,4,0.6552625343961619,0.655281871452986,8
2166616,Philippe Béal,3119948,Huan Bao Ngo,3,5,0.47699862067962295,0.8149487034741101,8
1022496,Jozef Kwit,1750663,Tore Mo,6,2,0.996354712384098,0.332118237461366,8
1359835,Per Hagen,2052753,Morten Falk,6,2,0.996354712384098,0.332118237461366,8
1022588,Nikolaos Chatzitheodorou,2252446,Tor Bugten,2,6,0.33090802482214643,0.97970997334185,8
1708121,Petter Olsen,2252446,Tor Bugten,2,6,0.3294459586254578,0.9883378758763735,8
2053323,Ib Christiansen,2251353,Mentor Nuredini,5,3,0.7775604431281323,0.4711417112204306,8
1022588,Nikolaos Chatzitheodorou,1969223,Ole Andreas Sandvik,5,3,0.8214314871404329,0.49416893793818667,8
2053323,Ib Christiansen,2252446,Tor Bugten,7,1,1.060951948318078,0.1416957525949728,8
1022588,Nikolaos Chatzitheodorou,2827292,Simen Jøndal,4,4,0.6381200629367582,0.6480949242236992,8
1279214,Daniel Axeborg,2252446,Tor Bugten,4,4,0.6501968109604652,0.6293433608153217,8
1014552,Baard Onsum,1272012,Erol Dane Mula,2,6,0.3218366918970381,0.9655100756911144,8
1016897,Hannes Ragnar Leifsson,3218903,Amir Bajrami,6,2,0.9581470947504558,0.3193823649168186,8
2251353,Mentor Nuredini,3081704,Sundar K,6,2,0.9581470947504558,0.3193823649168186,8
2140742,Jamal Malik,3036771,Adrian Gawlak,1,7,0.1582831580733219,1.1079821065132534,8
2620565,Fadil,3081704,Sundar K,7,1,1.1079821065132534,0.1582831580733219,8
1751232,Øyvind Stenhaug,2653482,Adil Lusjani,4,4,0.6181194665338783,0.6086887391504618,8
2043792,Vaios Evangelou,2947265,Bernjard David C Ruiz,7,1,1.0906000718040114,0.15550424421308467,8
1751232,Øyvind Stenhaug,2923223,Christian Lothar Ruiz,5,3,0.7789014626070359,0.46720285341006024,8
1751232,Øyvind Stenhaug,2140742,Jamal Malik,3,5,0.4289024035948745,0.7423518946742859,8
1016894,Tommy Andersen,1022496,Jozef Kwit,2,6,0.27986134539987834,0.8679889643526204,8
1006193,Dag Johnsen,1006360,Lars Harby,2,6,0.30593572792053814,0.9178071837616144,8
1277043,Alexander Hagen,1359835,Per Hagen,2,6,0.30593572792053814,0.9178071837616144,8
1047734,Ole Kristian Rudshavn,3212629,Rolf G. Sedsbøe Jensen,3,5,0.4589035918808072,0.7648393198013453,8
1006543,Trond Lid Cappelen,1561935,Øystein Holm Krøvel,7,1,0.9987202466885785,0.1385966408457416,8
2576334,Ridvan Avdi,2576372,Fadil Mustafa,2,6,0.2949136421918146,0.8827950293783899,8
2140722,Mats Larsen,2251353,Mentor Nuredini,4,4,0.5902827254785215,0.5907381665734136,8
2653482,Adil Lusjani,2684489,Bjørn,4,4,0.591649048763198,0.591649048763198,8
2431085,Shakir,2431086,Adil,3,5,0.4339638657773077,0.7230597506670905,8
1024806,Lars Nitteberg,1027114,Jeremiah Torres,4,4,0.5705616277746779,0.5718248879200046,8
2251360,Joakim Elfstrøm,2357139,Aaron Rossel,7,1,0.9962721433513647,0.14232459190733782,8
2052753,Morten Falk,2053323,Ib Christiansen,7,1,0.9962721433513647,0.14232459190733782,8
2052753,Morten Falk,2267856,Jimmy Andersson,8,0,1.1235711758675047,0.0,8
1006178,Carl Kolrud,1016894,Tommy Andersen,4,4,0.5311155007631236,0.5593181670324615,8
1015952,Marius Farås,3545840,Ben Litvak,3,5,0.41763517932289573,0.6960586322048262,8
1957536,Sebastian Yet,2230546,Tor B.,0,8,0.0,1.113693811527722,8
1472755,Georgina Askeland,2241168,Trond L,0,8,0.0,1.113693811527722,8
1670605,Bernadette Bodó,2140752,Mats Larsen,0,8,0.0,1.113693811527722,8
1969238,Audun Brede,2140751,Jamal Malik,8,0,1.113693811527722,0.0,8
1944588,Drilon Disha,2053323,Ib Christiansen,1,7,0.13798427291158805,0.9658899103811165,8
1006458,Roger Rasmussen,1075717,Bjørn Erik Øverland,7,1,0.9227743333083038,0.13182490475832914,8
1006373,Mark McGauley,1022496,Jozef Kwit,7,1,0.9227743333083038,0.13182490475832914,8
1006171,Bjørnar Davidsen,1006174,Børre Kofoed Karaka,4,4,0.49831868799230095,0.47326330737996275,8
1006178,Carl Kolrud,1612715,Kunta Kinte,2,6,0.2593796950999511,0.7702158074467952,8
1670605,Bernadette Bodó,1969407,Alexander Reyes Monsen,3,5,0.38906954264992666,0.6484492377498778,8
1969223,Ole Andreas Sandvik,1969407,Alexander Reyes Monsen,3,5,0.38906954264992666,0.6484492377498778,8
1006157,Asle M. Johansen,1957539,Johny Lotto,5,3,0.6455841645583402,0.3873504987350041,8
1016894,Tommy Andersen,1561935,Øystein Holm Krøvel,4,4,0.5119252348522583,0.5051447388044719,8
1091521,Silje Jacobsen,1946144,Sebastian Solberg,1,7,0.1285463500503801,0.8998244503526606,8
1059772,Magnus Olaussen,1561576,Antonio Hagen,4,4,0.5006957003864438,0.4995871333327728,8
1298131,Jack Nordby,1561576,Antonio Hagen,6,2,0.7453565883521348,0.2484521961173783,8
1006150,BArild Sørum,1384599,Hamid Alizadeh,5,3,0.6183861207844895,0.3710316724706937,8
1006220,Erik Gårdelöf,1006327,Ken Simon Røed,5,3,0.6183861207844895,0.3710316724706937,8
1359835,Per Hagen,1561576,Antonio Hagen,5,3,0.615656581418447,0.36939394885106824,8
1006239,Frank Hjeldnes,1061500,Jim Fors,3,5,0.36939394885106824,0.615656581418447,8
1006458,Roger Rasmussen,1061500,Jim Fors,2,6,0.24626263256737882,0.7387878977021365,8
1022496,Jozef Kwit,1059772,Magnus Olaussen,4,4,0.47059357599451634,0.44687584945186876,8
1013249,Jan Verner Bjørklund,1022965,Tommy Bakke,7,1,0.8223240741658832,0.11747486773798331,8
1010309,Tom-Kristoffer Lindblad,1093760,Mindaugas Jomantas,6,2,0.7048492064278998,0.23494973547596662,8
1018532,Goran Nikolic,1036778,Ronald Natifu,6,2,0.7048492064278998,0.23494973547596662,8
1006215,Emil Andreassen,1006458,Roger Rasmussen,1,7,0.11747486773798331,0.8223240741658832,8
1006333,Kent Hansen,1010309,Tom-Kristoffer Lindblad,6,2,0.7048492064278998,0.23494973547596662,8
1006197,Daniel Salole,1006281,Jan Atle Kofoed,3,5,0.3177724691727137,0.5296207819545228,8
1024799,Stig Nesvik,1043841,Elisabeth Synnøve Roaas,5,3,0.5296207819545228,0.3177724691727137,8
1006174,Børre Kofoed Karaka,1281902,Bjørn Edvardsen,5,3,0.5296207819545228,0.3177724691727137,8
1000003,Thomas Elmgren Stavang,1006220,Erik Gårdelöf,3,5,0.3177724691727137,0.5296207819545228,8
1006373,Mark McGauley,1043841,Elisabeth Synnøve Roaas,5,3,0.5296207819545228,0.3177724691727137,8
1006281,Jan Atle Kofoed,1075717,Bjørn Erik Øverland,5,3,0.5296207819545228,0.3177724691727137,8
1006453,Robin Nathan,17419783,Ketil Blix,4,3,4.0,3.0,7
1006431,Pål Daud Fillipsveen,48159925,Ole-Jakob Rosenvold,7,0,6.061661637903898,0.0,7
1024805,Audun Bjerve,80088046,Kim Rui,4,3,3.982326615409529,3.0,7
17419783,Ketil Blix,77274373,Elin Demoniere,4,3,3.968582725571014,2.813732718286846,7
54197755,Tom erik Lysenstøen,75505852,Flavio Wicki,1,6,0.9781026264525962,5.930514734327503,7
17419783,Ketil Blix,75505852,Flavio Wicki,4,3,3.8419109499231423,2.8431753315999044,7
1006184,Christian Johannessen,1006458,Roger Rasmussen,3,4,2.9867449615571466,3.982326615409529,7
11218942,Stein Amundsen,53649337,Erlend Helgesen,3,4,2.982968575954593,3.977291434606124,7
12348586,Runar Leiren,44119141,Gaute Rogstad,2,5,1.5936820101192046,4.576650586073797,7
20396602,Erik Sørensen,44119141,Gaute Rogstad,2,5,1.7947002078887762,4.583723274429083,7
53649337,Erlend Helgesen,75505852,Flavio Wicki,4,3,3.9647313179497785,2.9735484884623338,7
1006431,Pål Daud Fillipsveen,75505852,Flavio Wicki,5,2,4.955914147437223,1.9823656589748893,7
1006292,Jan Thomassen,53649337,Erlend Helgesen,5,2,4.955914147437223,1.9823656589748893,7
1006431,Pål Daud Fillipsveen,80088046,Kim Rui,4,3,3.9647313179497785,2.9735484884623338,7
1006298,Jarek (Barracuda) Kapuściński,19030543,Martin Olsson,6,1,5.939577576477119,0.9899295960795198,7
26143903,Katrine Sætereng,42921529,Joshua Turla Tuppal,4,3,3.0668048052531347,2.960410321953582,7
1073747,John Erstad,1960202,Ola Magnus Johnsen,4,3,3.9124105058103846,2.9343078793577884,7
19030543,Martin Olsson,48159925,Ole-Jakob Rosenvold,6,1,5.861195588482301,0.9768659314137168,7
1006549,Umar Hayat Ali,3682319,Lasse Rognlien,5,2,4.868873068919168,1.9475492275676671,7
1006298,Jarek (Barracuda) Kapuściński,80198077,Nils Vogt,2,5,1.9365181096844366,4.8370045294643935,7
53060527,Mazen AlAli,80088046,Kim Rui,6,1,5.634907396488282,0.968252737928536,7
13720633,Håkon Haukebøe,77274373,Elin Demoniere,3,4,2.7485437196064266,3.7167964575349624,7
52645105,Tommy Bratseth,63113578,Håkon Kristiansen,4,3,3.6615502068854298,2.6975818967899095,7
44119141,Gaute Rogstad,8270907,Christian Söderström,4,3,3.8436965572026978,2.8827724179020233,7
54197755,Tom erik Lysenstøen,57799534,Iris Marie Evdahl,3,4,2.6885253122884074,3.4576322957244456,7
1014993,Tron Vidar Engebakk,1022496,Jozef Kwit,3,4,2.857373350509646,3.8098311340128617,7
1006399,Nedzat Cimilji,1024799,Stig Nesvik,4,3,3.8098311340128617,2.857373350509646,7
1006549,Umar Hayat Ali,53649337,Erlend Helgesen,4,3,3.805014053335459,2.8537605400015944,7
2063761,Kurt Anders Lund,62353570,Hallvard Olaussen,5,2,4.720299004100285,1.888119601640114,7
1022496,Jozef Kwit,2063761,Kurt Anders Lund,5,2,4.720299004100285,1.888119601640114,7
2063761,Kurt Anders Lund,2194859,Eivind Yoo Yong Jae Johansen,5,2,4.720299004100285,1.888119601640114,7
10220035,Marius Lamby Solvang,80088046,Kim Rui,2,5,1.8831246403132933,4.707811600783233,7
1073747,John Erstad,71956222,Raymond Mælen,5,2,4.707811600783233,1.8831246403132933,7
1095179,Ernesto Antonio Meléndez,33729541,Eivind Yoo Yong Jae Johansen,5,2,4.707811600783233,1.8831246403132933,7
16553469,Márk Szabo,5738538,Benjamin Herland Aralden,4,3,3.7548009595575764,2.8161007196681824,7
1038588,Lucas Baranji,1095179,Ernesto Antonio Meléndez,3,4,2.8036582119021327,3.738210949202844,7
1024805,Audun Bjerve,1073747,John Erstad,2,5,1.8632029192594264,4.658007298148566,7
1095179,Ernesto Antonio Meléndez,6686119,Levi Pavdeja,2,5,1.8632029192594264,4.658007298148566,7
1006399,Nedzat Cimilji,1006403,Niklas Engström-Øvretveit,4,3,3.69354948284165,2.7701621121312376,7
1006292,Jan Thomassen,1035589,Sebastian Mæhlum,4,3,3.69354948284165,2.7701621121312376,7
1006420,Ole Tobias Tanilon Gangfløt,3185355,Ivar Lexi,5,2,4.611099283191665,1.8444397132766661,7
1006448,Roald Pettersen,2194859,Eivind Yoo Yong Jae Johansen,2,5,1.8386150513565507,4.135741459032554,7
6686119,Levi Pavdeja,73722376,Seva Tkach,5,2,4.596537628391377,1.8386150513565507,7
16686499,Herman Aleksander Wium,44184394,Per Arne Grotthing,2,5,1.8386150513565507,4.596537628391377,7
1006448,Roald Pettersen,6686119,Levi Pavdeja,2,5,1.8386150513565507,4.596537628391377,7
1006292,Jan Thomassen,1095179,Ernesto Antonio Meléndez,4,3,3.2075433587205806,2.519017386174009,7
26143903,Katrine Sætereng,2947265,Bernjard David C Ruiz,4,3,3.656353947649154,2.7422654607368653,7
3682319,Lasse Rognlien,57799534,Iris Marie Evdahl,4,3,3.2141230161029193,2.7422654607368653,7
13720633,Håkon Haukebøe,74738734,Frode Johansen,4,3,3.510470107609141,2.68690624848231,7
2053323,Ib Christiansen,24897019,Robert Hedin,2,5,1.8143572380228565,4.5358930950571414,7
1006360,Lars Harby,1402248,Trond Engebakk,5,2,4.5358930950571414,1.8143572380228565,7
1024799,Stig Nesvik,1402248,Trond Engebakk,2,5,1.8143572380228565,4.5358930950571414,7
1006292,Jan Thomassen,1402248,Trond Engebakk,4,3,3.628714476045713,2.7215358570342847,7
52390867,Emil Johannesen,77274373,Elin Demoniere,5,2,4.522137766468238,1.8040513278893804,7
1006292,Jan Thomassen,1960202,Ola Magnus Johnsen,4,3,3.612670450100046,2.7095028375750347,7
2194859,Eivind Yoo Yong Jae Johansen,79717822,Julian Gheorghiu-Foss,4,3,3.5944346154218128,2.695257510038254,7
55415260,Dag Erik Wiig,6600268,Kim Soo Garmark,2,5,1.798354210767117,4.495885526917792,7
1024805,Audun Bjerve,11218942,Stein Amundsen,3,4,2.6975313161506755,3.596708421534234,7
16476664,Øystein Følling,6600268,Kim Soo Garmark,2,5,1.798354210767117,4.495885526917792,7
53204752,Julianne Myhren-heyerdahl,74738734,Frode Johansen,3,4,2.639347487356363,3.537387689683711,7
19616722,Lobsang Thupten,53060527,Mazen AlAli,4,3,3.5921608093093913,2.6941206069820436,7
19616722,Lobsang Thupten,26143903,Katrine Sætereng,2,5,1.7925333367720993,4.481333341930248,7
26143903,Katrine Sætereng,7711820,Marie Hoff Petersen,5,2,4.481333341930248,1.7925333367720993,7
1157968,Jesper Gustafsson,2660053,Morten Bjellås,4,3,3.5850666735441985,2.688800005158149,7
1006147,Arild Kråkvik,53204752,Julianne Myhren-heyerdahl,4,3,3.5850666735441985,2.688800005158149,7
1006333,Kent Hansen,19030543,Martin Olsson,5,2,4.481333341930248,1.4799911926032823,7
26005654,Jacob Sæther,2660053,Morten Bjellås,5,2,4.481333341930248,1.7925333367720993,7
1006333,Kent Hansen,73722376,Seva Tkach,4,3,3.5808169187358443,2.685612689051883,7
1006431,Pål Daud Fillipsveen,76192783,Chris Wells,5,2,4.476021148419806,1.7904084593679221,7
1006448,Roald Pettersen,26005654,Jacob Sæther,4,3,3.576289399435956,2.682217049576967,7
1006448,Roald Pettersen,20124274,Paolo Speciale,2,5,1.788144699717978,4.470361749294945,7
1022496,Jozef Kwit,20124274,Paolo Speciale,1,6,0.71018367523002,4.996656749895996,7
25875517,Christian Hedin,5140422,Tomas Gryczon,6,1,5.317275119632066,0.8862125199386777,7
27634768,Roger Andresen,52390867,Emil Johannesen,1,6,0.8640694544767699,5.2508459232463425,7
19030543,Martin Olsson,71803366,Jakob Corcoran-Øien,6,1,5.113589905846507,0.8183174486768247,7
1006333,Kent Hansen,1006562,Yousef Austrheim,2,5,1.6242580905649262,4.203214933070664,7
16476664,Øystein Følling,26088853,Simeon Ivanov,2,5,1.764593852530472,4.41148463132618,7
20396602,Erik Sørensen,53204752,Julianne Myhren-heyerdahl,3,4,2.5614348575900743,3.3582758626496765,7
12348586,Runar Leiren,5689902,Roger Andresen,4,3,3.529187705060944,2.646890778795708,7
77926909,Fredrik August Svendsen,77931460,Daniel Nordhaug,3,4,2.641866542778426,3.5224887237045683,7
6691281,Andreas Wahr-Hansen,72868804,Sander Naas-Mælen,4,3,3.5224887237045683,2.641866542778426,7
52390867,Emil Johannesen,77931454,Knut Røte,4,3,3.5224887237045683,2.641866542778426,7
77926909,Fredrik August Svendsen,77931466,Aksel Nergaard,3,4,2.641866542778426,3.5224887237045683,7
26005654,Jacob Sæther,77931514,Kevin Le Falconelli,4,3,3.5224887237045683,2.641866542778426,7
31114699,Ferdinand Jaggi,72868804,Sander Naas-Mælen,4,3,3.5224887237045683,2.641866542778426,7
52390867,Emil Johannesen,77931466,Aksel Nergaard,3,4,2.641866542778426,3.5224887237045683,7
31114699,Ferdinand Jaggi,77931514,Kevin Le Falconelli,4,3,3.5224887237045683,2.641866542778426,7
31114699,Ferdinand Jaggi,77931460,Daniel Nordhaug,4,3,3.5224887237045683,2.641866542778426,7
1277043,Alexander Hagen,42270385,Kamal Jr,5,2,4.3975533510797735,1.7590213404319093,7
1006292,Jan Thomassen,1010312,Mikael Øgaard,0,7,0.0,6.141030761185533,7
1030563,Alexander Baranji,75512620,Trond Evjen,5,2,4.3975533510797735,1.7590213404319093,7
1006359,Larry Skogheim,1123060,"Paweł ""Mumrikken"" Zalewski",3,4,2.638532010647864,3.5180426808638185,7
43127857,Manabu Sekiguchi,56994721,Rolf-Tommy Østensson,6,1,5.247105382941911,0.874517563823652,7
1061867,Stig Ringebo,1073747,John Erstad,2,5,1.7435117493380974,4.358779373345244,7
1006220,Erik Gårdelöf,1073747,John Erstad,4,3,3.4870234986761948,2.615267624007146,7
1006399,Nedzat Cimilji,26143903,Katrine Sætereng,2,5,1.7413072850290152,4.353268212572538,7
51736666,Yakup Aliz,9924259,Amin Asil,4,3,3.4826145700580304,2.6119609275435227,7
3682319,Lasse Rognlien,9924259,Amin Asil,2,5,1.7413072850290152,4.353268212572538,7
26143903,Katrine Sætereng,55415260,Dag Erik Wiig,5,2,4.353268212572538,1.7413072850290152,7
4849639,Petter Rognlien,74738734,Frode Johansen,4,3,3.4826145700580304,2.6119609275435227,7
53060527,Mazen AlAli,8270907,Christian Söderström,3,4,2.6119609275435227,3.4826145700580304,7
1006399,Nedzat Cimilji,24897019,Robert Hedin,5,2,4.136178473446018,1.329123703223703,7
17978686,Ibra Alkhader,53060527,Mazen AlAli,6,1,5.190980106992336,0.8651633511653893,7
1006431,Pål Daud Fillipsveen,13720633,Håkon Haukebøe,5,2,4.32034727238385,1.7281389089535397,7
1006253,Gunder Eriksen,1006448,Roald Pettersen,3,4,2.5889308226732397,3.4519077635643196,7
1006399,Nedzat Cimilji,1024805,Audun Bjerve,4,3,3.441006786125233,2.580755089593925,7
1006220,Erik Gårdelöf,8270907,Christian Söderström,5,2,4.301258482656541,1.7205033930626166,7
1006292,Jan Thomassen,25875517,Christian Hedin,3,4,2.569352420285873,3.4258032270478305,7
1006399,Nedzat Cimilji,25875517,Christian Hedin,4,3,3.4258032270478305,2.569352420285873,7
33729541,Eivind Yoo Yong Jae Johansen,71956222,Raymond Mælen,3,4,2.5661037781645195,3.421471704219359,7
27634768,Roger Andresen,73722376,Seva Tkach,3,4,2.5661037781645195,3.421471704219359,7
1006333,Kent Hansen,8970047,Ante Petricevic,7,0,5.847053978404496,0.0,7
1277043,Alexander Hagen,26005654,Jacob Sæther,5,2,4.257943072369798,1.7031772289479192,7
1277043,Alexander Hagen,3682319,Lasse Rognlien,4,3,3.4063544578958385,2.128750417241933,7
1014092,Martin Meintjes,25875517,Christian Hedin,7,0,5.900156242077899,0.0,7
6686119,Levi Pavdeja,73998136,Andreas Langkås,6,1,5.057276778923914,0.8428794631539857,7
1006345,Kjetil Aasane Fredriksen,5140422,Tomas Gryczon,6,1,5.057276778923914,0.8428794631539857,7
1006239,Frank Hjeldnes,44119141,Gaute Rogstad,5,2,4.214397315769928,1.6857589263079713,7
1035192,Kjell Martin Andersen,6691281,Andreas Wahr-Hansen,6,1,5.057276778923914,0.8428794631539857,7
10220035,Marius Lamby Solvang,40384564,James Acker,4,3,3.3715178526159426,2.528638389461957,7
1006197,Daniel Salole,7711820,Marie Hoff Petersen,5,2,4.214397315769928,1.6857589263079713,7
1123060,"Paweł ""Mumrikken"" Zalewski",36216313,Bjørn-Kowalski Hansen,4,3,3.3715178526159426,2.528638389461957,7
1006403,Niklas Engström-Øvretveit,54197755,Tom erik Lysenstøen,5,2,4.214397315769928,1.6857589263079713,7
20361406,Amir Khan,40844470,Øyvind Løvseth,3,4,2.528638389461957,3.3715178526159426,7
1006239,Frank Hjeldnes,26005654,Jacob Sæther,5,2,4.214397315769928,1.6857589263079713,7
1035192,Kjell Martin Andersen,13295035,Jan Olav Johnsen,5,2,4.214397315769928,1.6857589263079713,7
1006431,Pål Daud Fillipsveen,52390867,Emil Johannesen,6,1,5.057276778923914,0.8428794631539857,7
26143903,Katrine Sætereng,36216313,Bjørn-Kowalski Hansen,5,2,4.214397315769928,1.6857589263079713,7
44184394,Per Arne Grotthing,6691281,Andreas Wahr-Hansen,4,3,3.3715178526159426,2.528638389461957,7
1036625,Elias Rytterager Johnsen,26005654,Jacob Sæther,4,3,3.3715178526159426,2.528638389461957,7
1356128,Christian Moberg,20124274,Paolo Speciale,2,5,1.6857589263079713,4.214397315769928,7
24897019,Robert Hedin,8498578,Riaz Ali,3,4,2.528638389461957,3.3715178526159426,7
1006277,Ingolf Höns,10585213,Veejay Adriano,5,2,4.214397315769928,1.6857589263079713,7
1006403,Niklas Engström-Øvretveit,1014092,Martin Meintjes,1,6,0.8428794631539857,5.057276778923914,7
14638297,Joakim Langkås,8970047,Ante Petricevic,7,0,5.900156242077899,0.0,7
1006431,Pål Daud Fillipsveen,6691281,Andreas Wahr-Hansen,6,1,5.03251059546499,0.8387517659108316,7
1061867,Stig Ringebo,1510340,Andris Viksnins,5,2,4.1884949576068085,1.6753979830427232,7
2947265,Bernjard David C Ruiz,53649337,Erlend Helgesen,4,3,3.3465504602301954,2.5099128451726465,7
2947265,Bernjard David C Ruiz,31114699,Ferdinand Jaggi,3,4,2.5099128451726465,3.3465504602301954,7
1006360,Lars Harby,31114699,Ferdinand Jaggi,5,2,4.183188075287744,1.6732752301150977,7
1006431,Pål Daud Fillipsveen,25875517,Christian Hedin,1,6,0.8339955491649724,4.8877796902273145,7
63113578,Håkon Kristiansen,71402752,Enrique Mohamed ”Saleh“ Saleh Ruzafa,3,4,2.4696238812951794,3.280726085493621,7
1006292,Jan Thomassen,1298131,Jack Nordby,5,2,4.133210341006363,1.6532841364025452,7
71804122,Henning Hagen,8217316,Ida Amundsen Holtet,7,0,5.731901980563469,0.0,7
1006453,Robin Nathan,6686119,Levi Pavdeja,3,4,2.4689690322113305,3.2919587096151073,7
27634768,Roger Andresen,7959797,Pergantis Zalachas,3,4,2.4658473130065097,3.287796417342013,7
19030543,Martin Olsson,7959797,Pergantis Zalachas,4,3,3.287796417342013,2.4658473130065097,7
19030543,Martin Olsson,55415260,Dag Erik Wiig,3,4,2.4658473130065097,3.287796417342013,7
1272012,Erol Dane Mula,56994721,Rolf-Tommy Østensson,4,3,3.2774136965323626,2.4580602723992717,7
1006184,Christian Johannessen,1006513,Thomas Fjæran,2,5,1.6387068482661813,4.0967671206654535,7
52645105,Tommy Bratseth,55415260,Dag Erik Wiig,1,6,0.8183174486768247,4.85608439374221,7
1006515,Thorbjørn Vildar Dahl Eriksen,25875517,Christian Hedin,4,3,3.234077867383821,2.4255584005378656,7
1095179,Ernesto Antonio Meléndez,19616722,Lobsang Thupten,5,2,4.00695306422027,1.6027812256881082,7
3183489,Knut-Håkon Helgesen,7153377,Henning Ingvorsen,2,5,1.6027812256881082,4.00695306422027,7
1095179,Ernesto Antonio Meléndez,7153377,Henning Ingvorsen,2,5,1.6027812256881082,4.00695306422027,7
44184394,Per Arne Grotthing,8270907,Christian Söderström,6,1,4.802264095423471,0.8003773492372451,7
1027114,Jeremiah Torres,26005654,Jacob Sæther,2,5,1.5936820101192046,3.9842050252980115,7
1027114,Jeremiah Torres,1042070,Henrik Olsson,3,4,2.390523015178807,3.1873640202384093,7
1042070,Henrik Olsson,26005654,Jacob Sæther,5,2,3.7137741898086643,1.5936820101192046,7
2053323,Ib Christiansen,3185355,Ivar Lexi,2,5,1.5886492303268938,3.9716230758172344,7
26088853,Simeon Ivanov,54197755,Tom erik Lysenstøen,4,3,3.071196867614076,2.347606647810437,7
17419783,Ketil Blix,26088853,Simeon Ivanov,2,5,1.5657023748842325,3.9456632319081324,7
1006184,Christian Johannessen,8270907,Christian Söderström,4,3,3.1632600562403264,2.372445042180245,7
25484464,Joaquin K. Yovine,6600268,Kim Soo Garmark,1,6,0.7873209195892309,4.316940954624983,7
26143903,Katrine Sætereng,7131339,Roger Mølmann,6,1,4.697107124652697,0.7828511874421162,7
1042070,Henrik Olsson,6839980,Daniel Lorentzen-Styr,3,4,2.3411369303793323,3.121515907172443,7
1093760,Mindaugas Jomantas,19616722,Lobsang Thupten,6,1,3.95956582671182,0.7700806593113,7
2084051,Arian Kvalsund Hansen,8217316,Ida Amundsen Holtet,6,1,4.608321342693122,0.7680535571155204,7
1006290,Jan Ove Kvalsund Hansen,16144084,Truls Bakken,6,1,4.608321342693122,0.7680535571155204,7
1006290,Jan Ove Kvalsund Hansen,26143903,Katrine Sætereng,6,1,4.608321342693122,0.7680535571155204,7
1006184,Christian Johannessen,16476664,Øystein Følling,5,2,3.8333908819843847,1.533356352793754,7
42921529,Joshua Turla Tuppal,53204752,Julianne Myhren-heyerdahl,7,0,5.09749130783807,0.0,7
1006163,Bjørn Bratteberg,2194859,Eivind Yoo Yong Jae Johansen,6,1,4.533624485410793,0.7556040809017989,7
1006204,Egil Arne Sørensen,1006513,Thomas Fjæran,2,5,1.5071904445399342,3.7679761113498356,7
1006340,Kjartan Maraas,26005654,Jacob Sæther,2,5,1.5071904445399342,3.7679761113498356,7
1061867,Stig Ringebo,2311288,David Larsson,2,5,1.5071904445399342,3.7679761113498356,7
1006288,Jan Kjetil Nordrum,2298416,Terje Kristoffersen,5,2,3.7679761113498356,1.5071904445399342,7
1006549,Umar Hayat Ali,40844470,Øyvind Løvseth,5,2,3.766114393947207,1.5064457575788828,7
1006195,Damianos Giallourakis,1006375,Maron Pettersen,4,3,3.0128915151577655,2.2596686363683243,7
25484464,Joaquin K. Yovine,6686119,Levi Pavdeja,4,3,3.0128915151577655,2.2596686363683243,7
2080111,Casper Cappe Matikainen,7711820,Marie Hoff Petersen,5,2,3.765593277932039,1.5062373111728156,7
1015919,Ahmed Abiev,1272012,Erol Dane Mula,4,3,3.012474622345631,2.259355966759223,7
20010922,Tudor Pauliuc,40844470,Øyvind Løvseth,2,5,1.5062373111728156,3.765593277932039,7
1006124,Albert-Roman Borrie Stensrød,20010922,Tudor Pauliuc,5,2,3.765593277932039,1.5062373111728156,7
25484464,Joaquin K. Yovine,49097056,Herman Maraas,2,5,1.5062373111728156,3.765593277932039,7
24833275,Marte Stulen Aamodt,34735372,Karl Våglund,5,2,3.765593277932039,1.5062373111728156,7
1006186,Christian Wikeby,1006220,Erik Gårdelöf,5,2,3.765593277932039,1.5062373111728156,7
6545064,Kim-Olaf Sørensen,6839980,Daniel Lorentzen-Styr,2,5,1.5062373111728156,3.765593277932039,7
1006549,Umar Hayat Ali,49471744,Nikola Ljusic,5,2,3.761327802609111,1.5045311210436443,7
1006220,Erik Gårdelöf,13295035,Jan Olav Johnsen,5,2,3.761327802609111,1.5045311210436443,7
1006220,Erik Gårdelöf,1015919,Ahmed Abiev,2,5,1.5045311210436443,3.761327802609111,7
1597907,Haukur Stefansson,54197755,Tom erik Lysenstøen,4,3,2.9995597519106885,2.2496698139330165,7
1093760,Mindaugas Jomantas,3682319,Lasse Rognlien,5,2,2.9833964220308276,1.4997798759553442,7
13720633,Håkon Haukebøe,26143903,Katrine Sætereng,6,1,3.8587589544956398,0.537311193951375,7
2581136,Mona Søvold Sunde,25875517,Christian Hedin,1,6,0.7479159843125756,4.487495905875453,7
1061867,Stig Ringebo,1067228,Roy Steffensen,4,3,2.986306658636285,2.239729993977214,7
1006406,Nina Torvund,1042070,Henrik Olsson,2,5,1.4931533293181425,3.732883323295356,7
20264908,Bartosz Oldakowski,26005654,Jacob Sæther,5,2,3.7281635340198918,1.4912654136079566,7
1006163,Bjørn Bratteberg,1006214,Emil André Gangfløt,2,5,1.4799911926032823,3.699977981508206,7
1010308,Emil Braserud,1960202,Ola Magnus Johnsen,3,4,2.219986788904923,2.9599823852065645,7
1035589,Sebastian Mæhlum,49097056,Herman Maraas,6,1,4.434350016530097,0.7390583360883495,7
53204752,Julianne Myhren-heyerdahl,61176751,Santina Lafjell Crolla,3,4,2.2171750082650483,2.9497025132491563,7
13720633,Håkon Haukebøe,6691281,Andreas Wahr-Hansen,3,4,2.2101732641863925,2.9468976855818565,7
1006204,Egil Arne Sørensen,8970047,Ante Petricevic,5,2,3.6836221069773205,1.4734488427909282,7
1061867,Stig Ringebo,1123060,"Paweł ""Mumrikken"" Zalewski",2,5,1.4715858410724574,3.6789646026811433,7
1024805,Audun Bjerve,6600268,Kim Soo Garmark,2,5,1.466938635772671,3.6673465894316775,7
16686499,Herman Aleksander Wium,18284020,Nomen Nescio,4,3,2.92461221229789,2.1934591592234174,7
1014093,Espen Tingvoll,1093760,Mindaugas Jomantas,2,5,1.4604571931025132,3.651142982756283,7
3682319,Lasse Rognlien,49097056,Herman Maraas,5,2,3.651142982756283,1.4604571931025132,7
1006281,Jan Atle Kofoed,1061867,Stig Ringebo,3,4,2.1906857896537697,2.9209143862050264,7
27634768,Roger Andresen,4849639,Petter Rognlien,5,2,3.651142982756283,1.4604571931025132,7
1031037,Sverre Kringler,1093760,Mindaugas Jomantas,2,5,1.4604571931025132,3.651142982756283,7
1042070,Henrik Olsson,51736666,Yakup Aliz,2,5,1.4604571931025132,3.651142982756283,7
1006403,Niklas Engström-Øvretveit,24897019,Robert Hedin,5,2,3.6350109692240204,1.4540043876896083,7
1006214,Emil André Gangfløt,1006292,Jan Thomassen,5,2,3.6350109692240204,1.4540043876896083,7
17419783,Ketil Blix,60020002,Yousef Hjelde Elmofty,4,3,2.9043319423677643,2.178248956775823,7
25741009,Heidi Tobiassen,59841508,Bjørn Inge Sørensen,4,3,2.9043319423677643,2.178248956775823,7
25741009,Heidi Tobiassen,36225232,Adrian Winther,3,4,2.178248956775823,2.9043319423677643,7
20396602,Erik Sørensen,42921529,Joshua Turla Tuppal,4,3,2.9043319423677643,2.178248956775823,7
25741009,Heidi Tobiassen,7719582,Astrid E. Pedersen,3,4,2.178248956775823,2.9043319423677643,7
1061867,Stig Ringebo,13720633,Håkon Haukebøe,4,3,2.895160186009281,2.1713701395069607,7
1510340,Andris Viksnins,58717324,Kjetil Kristensen,5,2,3.6189502325116014,1.4475800930046405,7
1006333,Kent Hansen,49097056,Herman Maraas,2,5,1.4411841830773453,3.602960457693363,7
1061867,Stig Ringebo,25484464,Joaquin K. Yovine,5,2,3.602960457693363,1.4411841830773453,7
1272012,Erol Dane Mula,19030543,Martin Olsson,5,2,3.602960457693363,1.4411841830773453,7
1006184,Christian Johannessen,1067228,Roy Steffensen,4,3,2.6975291532280132,2.0872356203231632,7
1024799,Stig Nesvik,1067228,Roy Steffensen,0,7,0.0,3.9816102742359165,7
1006360,Lars Harby,16636270,Stian Wium,6,1,3.9974733832645004,0.6662455638774167,7
13720633,Håkon Haukebøe,16636270,Stian Wium,6,1,3.9974733832645004,0.6662455638774167,7
1067228,Roy Steffensen,6839980,Daniel Lorentzen-Styr,5,2,2.948829268017465,1.087616450078243,7
1006298,Jarek (Barracuda) Kapuściński,1006431,Pål Daud Fillipsveen,2,5,1.3115838433922067,3.074546698962179,7
1006214,Emil André Gangfløt,1024799,Stig Nesvik,5,2,3.257915718630113,1.2975545834919375,7
1006220,Erik Gårdelöf,7284524,Daniel Hult,4,3,2.5848010279745592,1.9386007709809194,7
16144084,Truls Bakken,26005654,Jacob Sæther,5,2,2.86926591397157,1.271518859836829,7
1024799,Stig Nesvik,45883531,Nico Garibaldi,4,3,2.440271063328296,1.830203297496222,7
20361406,Amir Khan,45883531,Nico Garibaldi,3,4,1.830203297496222,2.440271063328296,7
1006467,Roy Toycowboy Grimsen,10220035,Marius Lamby Solvang,3,4,1.830203297496222,2.440271063328296,7
1093760,Mindaugas Jomantas,33336508,Paweł Chołodowski,3,4,1.830203297496222,2.440271063328296,7
1095179,Ernesto Antonio Meléndez,2298416,Terje Kristoffersen,4,3,2.418754777266076,1.814066082949557,7
1006281,Jan Atle Kofoed,44184394,Per Arne Grotthing,4,3,2.418754777266076,1.814066082949557,7
17693218,Romain Rolland,26143903,Katrine Sætereng,3,4,1.814066082949557,2.418754777266076,7
1006431,Pål Daud Fillipsveen,16144084,Truls Bakken,4,3,2.418754777266076,1.814066082949557,7
26143903,Katrine Sætereng,8498578,Riaz Ali,4,3,2.4080678814139103,1.8060509110604328,7
1566758,Tor-Arne Slorafoss,25484464,Joaquin K. Yovine,3,4,1.8060509110604328,2.4080678814139103,7
1006406,Nina Torvund,1093760,Mindaugas Jomantas,4,3,2.4080678814139103,1.8060509110604328,7
1006467,Roy Toycowboy Grimsen,26143903,Katrine Sætereng,2,5,1.1987141019834313,2.9967852549585783,7
1006406,Nina Torvund,26005654,Jacob Sæther,5,2,2.9967852549585783,1.1987141019834313,7
1006403,Niklas Engström-Øvretveit,5145209,Frode Lystad,5,2,2.9967852549585783,1.1987141019834313,7
1272012,Erol Dane Mula,9835810,Navid Eslah,2,5,1.191312072798111,2.9782801819952773,7
2167690,Iselin Masternes,24833275,Marte Stulen Aamodt,5,2,2.692234087536643,0.9966702208433159,7
1006147,Arild Kråkvik,1006183,Christel Hanah Johnsen,2,5,1.1169004283652715,2.7922510709131787,7
1015461,Nils Arild Sabbasen,25484464,Joaquin K. Yovine,3,4,1.6751298630398668,2.2335064840531555,7
15113617,Fatlum Krasniqi,9287997,Bengt Bårdsen,3,4,1.6344806055901224,2.1793074741201632,7
1006204,Egil Arne Sørensen,12309862,Aleksander Gill,3,4,1.6344806055901224,2.1793074741201632,7
15113617,Fatlum Krasniqi,18904714,Janna Flottorp,3,4,1.6344806055901224,2.1793074741201632,7
2298198,Kenneth Mydland,9287997,Bengt Bårdsen,4,3,2.1793074741201632,1.6344806055901224,7
26005654,Jacob Sæther,2639057,Ivan Blomqvist,2,5,1.0617555834019519,2.65438895850488,7
16636270,Stian Wium,1750663,Tore Mo,5,2,2.65438895850488,1.0617555834019519,7
1024799,Stig Nesvik,28197979,Kalsang Kalsang,6,1,3.18325241682563,0.5305420694709383,7
24897019,Robert Hedin,30080695,Marek Zagrobelny,6,1,3.18325241682563,0.5305420694709383,7
19913527,Wael Handal,2581136,Mona Søvold Sunde,6,1,3.18325241682563,0.5305420694709383,7
1272012,Erol Dane Mula,8217316,Ida Amundsen Holtet,6,1,3.18325241682563,0.5305420694709383,7
1006360,Lars Harby,18284020,Nomen Nescio,6,1,3.18325241682563,0.5305420694709383,7
1006431,Pål Daud Fillipsveen,1047734,Ole Kristian Rudshavn,1,6,0.5262108213468449,3.15726492808107,7
16476664,Øystein Følling,34802578,Anders Valde,3,4,1.5696703444048947,2.0928937925398596,7
16476664,Øystein Følling,21530185,Ayet Rahimi,3,4,1.5696703444048947,2.0928937925398596,7
1067228,Roy Steffensen,20124274,Paolo Speciale,3,4,1.562734997485664,2.0836466633142186,7
19913527,Wael Handal,2053323,Ib Christiansen,3,4,1.548956096546895,2.06527479539586,7
16476664,Øystein Følling,30143524,Paulina Statkiewicz,4,3,2.06527479539586,1.548956096546895,7
20361406,Amir Khan,3682319,Lasse Rognlien,4,3,2.06527479539586,1.548956096546895,7
2167690,Iselin Masternes,34719502,Jonathan Storvik,6,1,3.09791219309379,0.516318698848965,7
16476664,Øystein Følling,30584953,Mattias Beckman,3,4,1.5284749174911139,2.0379665566548186,7
16144084,Truls Bakken,3428055,Rune Fevang,3,4,1.5284749174911139,2.0379665566548186,7
1510340,Andris Viksnins,29331970,Arne Pedersen,3,4,1.5217215862276867,2.028962114970249,7
29331970,Arne Pedersen,3682319,Lasse Rognlien,3,4,1.5217215862276867,2.028962114970249,7
3682319,Lasse Rognlien,6686119,Levi Pavdeja,2,5,1.006809196119089,2.517022990297723,7
1566758,Tor-Arne Slorafoss,2194859,Eivind Yoo Yong Jae Johansen,5,2,2.517022990297723,1.006809196119089,7
17978686,Ibra Alkhader,3428055,Rune Fevang,5,2,2.517022990297723,1.006809196119089,7
1510340,Andris Viksnins,7962169,Patryk Statkiewicz,2,5,1.006809196119089,2.517022990297723,7
1277819,Lasse Kåring,4849639,Petter Rognlien,5,2,2.517022990297723,1.006809196119089,7
7222054,Leif Norvald Nilsen,7719582,Astrid E. Pedersen,6,1,2.9900237976515704,0.4983372996085951,7
17419783,Ketil Blix,24833275,Marte Stulen Aamodt,3,4,1.4862562617982649,1.9670932332865045,7
20809939,Gary Zacaria,3682319,Lasse Rognlien,3,4,1.4687581228648465,1.9583441638197954,7
30080695,Marek Zagrobelny,30584953,Mattias Beckman,4,3,1.9583441638197954,1.4687581228648465,7
1510340,Andris Viksnins,20809939,Gary Zacaria,3,4,1.4687581228648465,1.9583441638197954,7
2167690,Iselin Masternes,26005630,Cathrine Fjermerås,3,4,1.405138494460062,1.873517992613416,7
16476664,Øystein Følling,2581136,Mona Søvold Sunde,4,3,1.873517992613416,1.405138494460062,7
10220035,Marius Lamby Solvang,16282693,Mikko Virtanen,3,4,1.405138494460062,1.873517992613416,7
1566758,Tor-Arne Slorafoss,8217316,Ida Amundsen Holtet,4,3,1.8652401416082602,1.3989301062061952,7
21530185,Ayet Rahimi,7959797,Pergantis Zalachas,4,3,1.8652401416082602,1.3989301062061952,7
19616722,Lobsang Thupten,21530185,Ayet Rahimi,2,5,0.9284790382784173,2.3211975956960433,7
10220035,Marius Lamby Solvang,21530185,Ayet Rahimi,5,2,2.3211975956960433,0.9284790382784173,7
19616722,Lobsang Thupten,20361406,Amir Khan,2,5,0.9284790382784173,2.3211975956960433,7
1418791,Ali Andre Chihab Netland,19913527,Wael Handal,2,5,0.9284790382784173,2.3211975956960433,7
10220035,Marius Lamby Solvang,19913527,Wael Handal,5,2,2.3211975956960433,0.9284790382784173,7
1006204,Egil Arne Sørensen,1566758,Tor-Arne Slorafoss,5,2,2.0947642152346004,0.8379056860938401,7
17693218,Romain Rolland,6600268,Kim Soo Garmark,2,5,0.8379056860938401,2.0947642152346004,7
1277819,Lasse Kåring,15015523,Vijay Jadhav,5,2,2.0947642152346004,0.8379056860938401,7
1047734,Ole Kristian Rudshavn,15015523,Vijay Jadhav,7,0,2.929579563849365,0.0,7
19913527,Wael Handal,2639057,Ivan Blomqvist,0,7,0.0,2.929579563849365,7
1272012,Erol Dane Mula,17073727,Svein Roger Hansen,6,1,2.51106819758517,0.41851136626419494,7
1277819,Lasse Kåring,16590622,Kjetil Nordal,1,6,0.41851136626419494,2.51106819758517,7
1006536,Tormod Rygge,1750663,Tore Mo,5,2,2.0532193117005666,0.8212877246802266,7
1006431,Pål Daud Fillipsveen,16636270,Stian Wium,2,5,0.8212877246802266,2.0532193117005666,7
1960202,Ola Magnus Johnsen,7959797,Pergantis Zalachas,5,2,2.0532193117005666,0.8212877246802266,7
1006292,Jan Thomassen,1006536,Tormod Rygge,2,5,0.8212877246802266,2.0532193117005666,7
1067228,Roy Steffensen,4849639,Petter Rognlien,2,5,0.8212877246802266,2.0532193117005666,7
16636270,Stian Wium,6686119,Levi Pavdeja,5,2,2.0532193117005666,0.8212877246802266,7
15015523,Vijay Jadhav,2252446,Tor Bugten,3,4,1.171848362410454,1.5624644832139387,7
16476664,Øystein Følling,2252446,Tor Bugten,0,7,0.0,2.703588189129504,7
1997987,Sven Høgdahl,7959797,Pergantis Zalachas,4,3,1.5555609742837413,1.166670730712806,7
17431444,Kathrine Eikeseth,3012666,Eirik Sandaaker,3,4,1.166670730712806,1.5555609742837413,7
16978756,Kevin Jensen,6691281,Andreas Wahr-Hansen,3,4,1.166670730712806,1.5555609742837413,7
17431444,Kathrine Eikeseth,7222054,Leif Norvald Nilsen,4,3,1.5555609742837413,1.166670730712806,7
16978756,Kevin Jensen,7131339,Roger Mølmann,3,4,1.166670730712806,1.5555609742837413,7
10220035,Marius Lamby Solvang,1997987,Sven Høgdahl,3,4,1.166670730712806,1.5555609742837413,7
1510340,Andris Viksnins,16978756,Kevin Jensen,4,3,1.5418453279308049,1.1563839959481037,7
15015007,Nikola Tadijanović,5140422,Tomas Gryczon,3,4,1.1512746911744394,1.5350329215659193,7
1006333,Kent Hansen,2252446,Tor Bugten,4,3,1.5350329215659193,1.1512746911744394,7
15015007,Nikola Tadijanović,2581136,Mona Søvold Sunde,3,4,1.1512746911744394,1.5350329215659193,7
16476664,Øystein Følling,8217316,Ida Amundsen Holtet,3,4,1.141123705915565,1.291598871895003,7
2252446,Tor Bugten,7719582,Astrid E. Pedersen,6,1,2.272185929540153,0.38037456863852165,7
10220035,Marius Lamby Solvang,2252446,Tor Bugten,4,3,1.5214982745540866,1.141123705915565,7
2252446,Tor Bugten,2581136,Mona Søvold Sunde,4,3,1.5080829648327845,1.1310622236245884,7
16476664,Øystein Følling,2194859,Eivind Yoo Yong Jae Johansen,3,4,1.1310622236245884,1.5080829648327845,7
16476664,Øystein Følling,4849639,Petter Rognlien,4,3,1.5080829648327845,1.1310622236245884,7
4849639,Petter Rognlien,7131339,Roger Mølmann,3,4,1.1260647992061206,1.5014197322748275,7
11193832,Susann Lamby Solvang,1946517,Ivan Tadic,3,4,1.0677903775501196,1.4237205034001597,7
12165220,Rune Johnsen,2053323,Ib Christiansen,3,4,1.0677903775501196,1.4237205034001597,7
7719582,Astrid E. Pedersen,8329325,Frode Ellingsen,4,3,1.4174300133986772,1.063072510049008,7
1015461,Nils Arild Sabbasen,2947265,Bernjard David C Ruiz,3,4,1.0584033846972343,1.4112045129296455,7
2298416,Terje Kristoffersen,7959797,Pergantis Zalachas,4,3,1.4112045129296455,1.0584033846972343,7
2053323,Ib Christiansen,2298416,Terje Kristoffersen,3,4,1.0584033846972343,1.4112045129296455,7
1006147,Arild Kråkvik,3585947,Didrik Voga Berg,2,5,0.6957770456596715,1.7394426141491786,7
3532613,Tom Kristiansen,6686119,Levi Pavdeja,2,5,0.6957770456596715,1.7394426141491786,7
1006145,Aria Senemar,2639057,Ivan Blomqvist,2,5,0.6953187152402761,1.7382967881006903,7
13507978,Sondre Noraberg,7959797,Pergantis Zalachas,5,2,1.7382967881006903,0.6953187152402761,7
1510340,Andris Viksnins,3585947,Didrik Voga Berg,2,5,0.6953187152402761,1.7382967881006903,7
1006372,Marius Nørsterud,2639057,Ivan Blomqvist,2,5,0.6953187152402761,1.7382967881006903,7
1006328,Lioness Princess,6600268,Kim Soo Garmark,2,5,0.6953187152402761,1.7382967881006903,7
1006164,Bjørn Erik Bergh,6839980,Daniel Lorentzen-Styr,5,2,1.7382967881006903,0.6953187152402761,7
5493128,Per christian Slåtta,8206764,Grzegorz Tabor,3,4,1.0398214213900916,1.3864285618534553,7
12339043,Magnus Groseth,9209866,Johannes Sandström,3,4,1.0398214213900916,1.3864285618534553,7
1006487,Desak Sri Pustini,3012666,Eirik Sandaaker,3,4,1.0398214213900916,1.3864285618534553,7
13381909,Kjartan Madsen,9209866,Johannes Sandström,3,4,1.0398214213900916,1.3864285618534553,7
10540801,Vasileios Nikolaou,5140422,Tomas Gryczon,6,1,2.07505128045904,0.3466071404633638,7
2947265,Bernjard David C Ruiz,3012666,Eirik Sandaaker,4,3,1.3864285618534553,1.0398214213900916,7
1510340,Andris Viksnins,8206764,Grzegorz Tabor,3,4,1.0398214213900916,1.3864285618534553,7
1272012,Erol Dane Mula,3212629,Rolf G. Sedsbøe Jensen,1,6,0.34482416001089333,2.06894496006536,7
2639057,Ivan Blomqvist,6691281,Andreas Wahr-Hansen,6,1,2.06894496006536,0.34482416001089333,7
1268827,Bastian Andreassen,1272012,Erol Dane Mula,6,1,2.06894496006536,0.34482416001089333,7
3212629,Rolf G. Sedsbøe Jensen,7959797,Pergantis Zalachas,6,1,2.06894496006536,0.34482416001089333,7
11273659,Grzegorz Tabor,8498578,Riaz Ali,5,2,1.7177552310251456,0.6871020924100583,7
11273659,Grzegorz Tabor,1298131,Jack Nordby,2,5,0.6871020924100583,1.7177552310251456,7
1015461,Nils Arild Sabbasen,10220035,Marius Lamby Solvang,4,3,1.3560694177377604,1.0170520633033202,7
10220035,Marius Lamby Solvang,11381914,Håvard Dyvesveen,5,2,1.6579688239266828,0.6631875295706731,7
1967863,Nate Komljenovic,7131339,Roger Mølmann,4,3,1.3205146750084926,0.9903860062563694,7
1015461,Nils Arild Sabbasen,3585947,Didrik Voga Berg,2,5,0.6597441476330771,1.6493603690826928,7
1006373,Mark McGauley,1750663,Tore Mo,5,2,1.6493603690826928,0.6597441476330771,7
1006333,Kent Hansen,1006373,Mark McGauley,2,5,0.6597441476330771,1.6493603690826928,7
1006281,Jan Atle Kofoed,7959797,Pergantis Zalachas,6,1,1.9779547269269928,0.3296591211544988,7
1750663,Tore Mo,6137239,Rudi Mathisen,1,6,0.3296591211544988,1.9779547269269928,7
1014095,Odd Sebastian Bobby Fischer,1024799,Stig Nesvik,1,6,0.19690375817836284,1.572367034701605,7
10220035,Marius Lamby Solvang,3585947,Didrik Voga Berg,2,5,0.651544212364387,1.6288605309109674,7
2947262,Christian Lothar Ruiz,7131339,Roger Mølmann,2,5,0.6486654645036841,1.6216636612592104,7
1708121,Petter Olsen,8435377,Geir Anfinsen,3,4,0.9686991539212524,1.291598871895003,7
1750663,Tore Mo,7004013,Jone Berntsen Stava,4,3,1.291598871895003,0.9686991539212524,7
2581136,Mona Søvold Sunde,2947260,Jasper Nicolaysen,5,2,1.6073228099485373,0.6429291239794149,7
2252446,Tor Bugten,3585947,Didrik Voga Berg,2,5,0.6400884405612892,1.600221101403223,7
3585947,Didrik Voga Berg,7131339,Roger Mølmann,2,5,0.6400884405612892,1.600221101403223,7
1510340,Andris Viksnins,8217316,Ida Amundsen Holtet,5,2,1.600221101403223,0.6400884405612892,7
3012666,Eirik Sandaaker,3585947,Didrik Voga Berg,2,5,0.6400884405612892,1.600221101403223,7
1708121,Petter Olsen,3585947,Didrik Voga Berg,2,5,0.6400884405612892,1.600221101403223,7
1510340,Andris Viksnins,3587297,Didrik V Berg,6,1,1.911780924797402,0.3186301541329003,7
1969223,Ole Andreas Sandvik,3587297,Didrik V Berg,3,4,0.9516711881313031,1.268894917508404,7
1277819,Lasse Kåring,6181993,Kim Bjørnstad,4,3,1.268894917508404,0.9516711881313031,7
1006403,Niklas Engström-Øvretveit,7959797,Pergantis Zalachas,2,5,0.6324411224337735,1.5811028060844337,7
1006281,Jan Atle Kofoed,2298416,Terje Kristoffersen,2,5,0.6324411224337735,1.5811028060844337,7
1006281,Jan Atle Kofoed,6600268,Kim Soo Garmark,2,5,0.6324411224337735,1.5811028060844337,7
2298416,Terje Kristoffersen,6839980,Daniel Lorentzen-Styr,2,5,0.6324411224337735,1.5811028060844337,7
1277819,Lasse Kåring,3012666,Eirik Sandaaker,4,3,1.241103999335466,0.9308279995015996,7
1015461,Nils Arild Sabbasen,6691281,Andreas Wahr-Hansen,3,4,0.926715279195907,1.2356203722612094,7
1510340,Andris Viksnins,7004013,Jone Berntsen Stava,4,3,1.230164756616406,0.9226235674623045,7
1708121,Petter Olsen,5689902,Roger Andresen,3,4,0.9226235674623045,1.230164756616406,7
5493128,Per christian Slåtta,5689902,Roger Andresen,4,3,1.230164756616406,0.9226235674623045,7
1006183,Christel Hanah Johnsen,6839980,Daniel Lorentzen-Styr,3,4,0.9185442725626463,1.224725696750195,7
1006183,Christel Hanah Johnsen,8217316,Ida Amundsen Holtet,3,4,0.9185442725626463,1.224725696750195,7
6839980,Daniel Lorentzen-Styr,8217316,Ida Amundsen Holtet,4,3,1.224725696750195,0.9185442725626463,7
6691281,Andreas Wahr-Hansen,7401493,Simen Skattum,4,3,1.2193144346860705,0.9144858260145529,7
6839980,Daniel Lorentzen-Styr,7401493,Simen Skattum,4,3,1.2193144346860705,0.9144858260145529,7
1277819,Lasse Kåring,8306234,Frode Ellingsen,3,4,0.9104453110881302,1.2139270814508403,7
1157968,Jesper Gustafsson,6839980,Daniel Lorentzen-Styr,2,5,0.6042817657035116,1.5107044142587789,7
1396429,Øyvind Stordahl,2792002,Shaq Bajrami,4,3,1.2032263222627513,0.9024197416970634,7
6839980,Daniel Lorentzen-Styr,9014911,Erik Forsberg,4,3,1.2032263222627513,0.9024197416970634,7
1006183,Christel Hanah Johnsen,1510340,Andris Viksnins,5,2,1.4973908538557081,0.5989563415422833,7
1006183,Christel Hanah Johnsen,1277819,Lasse Kåring,5,2,1.4973908538557081,0.5989563415422833,7
1006178,Carl Kolrud,6691281,Andreas Wahr-Hansen,2,5,0.5936726333445008,1.4841815833612522,7
3073760,Ronny Jakobsen,8969328,Trygve Jensen,4,3,1.1873452666890016,0.8905089500167512,7
1006186,Christian Wikeby,1356128,Christian Moberg,2,5,0.5129743884317702,1.2824359710794255,7
1006186,Christian Wikeby,1277819,Lasse Kåring,5,2,1.2824359710794255,0.5129743884317702,7
1902521,Tom-Henrik Sandvik,6839980,Daniel Lorentzen-Styr,3,4,0.7626570063291254,1.0168760084388337,7
4742719,Adiil Lusjanii,6691281,Andreas Wahr-Hansen,6,1,1.5085546671367325,0.2530957745610858,7
4743665,Morten Bakken,8340868,Enrique (El Zagal) Ruzafa,6,1,1.513759103495136,0.25229318391585603,7
6839980,Daniel Lorentzen-Styr,8340868,Enrique (El Zagal) Ruzafa,5,2,1.2614659195792801,0.5045863678317121,7
5493128,Per christian Slåtta,8227535,Martin Elgsæter,4,3,0.9946090946306557,0.7459568209729918,7
1081697,Giena Tanilon,2827292,Simen Jøndal,4,3,0.9946090946306557,0.7459568209729918,7
1708121,Petter Olsen,8227535,Martin Elgsæter,4,3,0.9946090946306557,0.7459568209729918,7
1510340,Andris Viksnins,7121356,Roger Mølmann,3,4,0.7459568209729918,0.9946090946306557,7
1902521,Tom-Henrik Sandvik,7401491,Morten Bjellås,5,2,1.1693025991193475,0.46772103964773903,7
6839980,Daniel Lorentzen-Styr,7784582,Mathias Kolloen Nilsen,6,1,1.317990168548738,0.21869232785537293,7
1561935,Øystein Holm Krøvel,3428055,Rune Fevang,3,4,0.6589886234116938,0.8786514978822585,7
1612715,Kunta Kinte,5129473,Andreas Bjørnhaug,4,3,0.8747693114214917,0.6560769835661188,7
1006157,Asle M. Johansen,3428055,Rune Fevang,3,4,0.6560769835661188,0.8747693114214917,7
1612715,Kunta Kinte,2052753,Morten Falk,4,3,0.8747693114214917,0.6560769835661188,7
1393993,Ronny Sørlie,5129473,Andreas Bjørnhaug,3,4,0.6560769835661188,0.8747693114214917,7
1006487,Desak Sri Pustini,1902521,Tom-Henrik Sandvik,4,3,0.8747693114214917,0.6560769835661188,7
1006157,Asle M. Johansen,1006178,Carl Kolrud,4,3,0.8747693114214917,0.6560769835661188,7
4889312,Hamza Malik,7784582,Mathias Kolloen Nilsen,1,6,0.21676408031088445,1.300584481865307,7
1012750,Frode Myhre Larsen,4742719,Adiil Lusjanii,3,4,0.6502922409326534,0.8670563212435378,7
3012666,Eirik Sandaaker,5493128,Per christian Slåtta,1,6,0.21676408031088445,1.291091353788853,7
1012750,Frode Myhre Larsen,5493128,Per christian Slåtta,3,4,0.6502922409326534,0.8670563212435378,7
3428055,Rune Fevang,4765825,Knut Holm,3,4,0.6474190247151028,0.8632253662868038,7
1393993,Ronny Sørlie,4797871,Johannes Ulsund,6,1,1.2667949311431568,0.20645863547601798,7
1751232,Øyvind Stenhaug,7121356,Roger Mølmann,1,6,0.2139035402603725,1.2834212415622352,7
1006487,Desak Sri Pustini,3635602,Rune Fevang,3,4,0.6388753211319038,0.8518337615092051,7
2660053,Morten Bjellås,5493128,Per christian Slåtta,3,4,0.6388753211319038,0.8518337615092051,7
3405177,Lag 4,3405180,Lag 7,3,4,0.6273611258124725,0.8364815010832967,7
3405177,Lag 4,3405179,Lag 6,2,5,0.41824075054164833,1.0331194523719534,7
1013991,Ahad Rashid,1393993,Ronny Sørlie,3,4,0.6221246685607272,0.8294995580809696,7
1006171,Bjørnar Davidsen,1393993,Ronny Sørlie,3,4,0.6221246685607272,0.8294995580809696,7
1750663,Tore Mo,2923223,Christian Lothar Ruiz,5,2,0.9092793081852557,0.33090802482214643,7
1006543,Trond Lid Cappelen,4797871,Johannes Ulsund,4,3,0.8221857190372805,0.6166392892779604,7
1093760,Mindaugas Jomantas,1946517,Ivan Tadic,4,3,0.8221857190372805,0.6166392892779604,7
1902521,Tom-Henrik Sandvik,5140422,Tomas Gryczon,3,4,0.6058052168938033,0.8077402891917377,7
1751232,Øyvind Stenhaug,6181993,Kim Bjørnstad,5,2,1.0007596925903615,0.4003038770361446,7
1093760,Mindaugas Jomantas,1751232,Øyvind Stenhaug,5,2,1.0007596925903615,0.4003038770361446,7
1016719,Sebastian Meling,1272012,Erol Dane Mula,4,3,0.8006077540722892,0.6004558155542169,7
1708121,Petter Olsen,6550338,Isak Karlsen,4,3,0.797070391886331,0.5978027939147482,7
5140422,Tomas Gryczon,6550337,Mats Rognås,3,4,0.5978027939147482,0.797070391886331,7
2660053,Morten Bjellås,6550338,Isak Karlsen,4,3,0.797070391886331,0.5978027939147482,7
2057268,Øyvind Stenhaug,3428055,Rune Fevang,4,3,0.7818209526865747,0.5817390915682551,7
2660053,Morten Bjellås,5339081,Daniel,4,3,0.7865518051546269,0.5899138538659702,7
3119948,Huan Bao Ngo,5528057,Stelios,4,3,0.7761720275769936,0.5821290206827452,7
3428055,Rune Fevang,6179045,Georgios,4,3,0.7761720275769936,0.5821290206827452,7
4797871,Johannes Ulsund,5528057,Stelios,4,3,0.7761720275769936,0.5821290206827452,7
1272012,Erol Dane Mula,4743665,Morten Bakken,5,2,0.9501954626191199,0.38007818504764795,7
1006320,Jørgen Nilsen,1359835,Per Hagen,2,5,0.38007818504764795,0.9501954626191199,7
1006458,Roger Rasmussen,1093760,Mindaugas Jomantas,5,2,0.9501954626191199,0.38007818504764795,7
1006373,Mark McGauley,1946517,Ivan Tadic,5,2,0.9418000503004774,0.37672002012019096,7
2043792,Vaios Evangelou,4742719,Adiil Lusjanii,2,5,0.37672002012019096,0.9418000503004774,7
1022496,Jozef Kwit,3595359,Øivind Bakken,5,2,0.938233417568321,0.3752933670273284,7
3405180,Lag 7,3405182,Lag 9,3,4,0.5593855142134583,0.7458473522846111,7
3405179,Lag 6,3405182,Lag 9,4,3,0.7458473522846111,0.5593855142134583,7
3405179,Lag 6,3405184,Lag 11,4,3,0.7458473522846111,0.5593855142134583,7
1006281,Jan Atle Kofoed,1750663,Tore Mo,3,4,0.5558653873079942,0.7411538497439922,7
1006415,Olav Skrudland,3428055,Rune Fevang,4,3,0.7411538497439922,0.5558653873079942,7
1006147,Arild Kråkvik,1024799,Stig Nesvik,5,2,0.8846078285681488,0.3698694465358338,7
1022496,Jozef Kwit,5493801,Rune Greaker,3,4,0.5548041698037507,0.7397388930716676,7
3081704,Sundar K,5174448,Thomas Hilling Amundsen,0,7,0.0,1.271089559829185,7
2057268,Øyvind Stenhaug,2827292,Simen Jøndal,3,4,0.5415976291719926,0.7096649817972172,7
3081704,Sundar K,5105730,Kevin,6,1,1.060902025925562,0.176817004320927,7
1006215,Emil Andreassen,1751232,Øyvind Stenhaug,4,3,0.704170903118176,0.528149057904107,7
1969223,Ole Andreas Sandvik,2947260,Jasper Nicolaysen,5,2,0.8409761994677014,0.3505390552563131,7
1969223,Ole Andreas Sandvik,4734030,Ronny,3,4,0.5211380974887524,0.6948507966516698,7
2251353,Mentor Nuredini,3595353,Knut Holm,4,3,0.6948507966516698,0.5211380974887524,7
2043792,Vaios Evangelou,4734030,Ronny,3,4,0.5211380974887524,0.6948507966516698,7
4734030,Ronny,4742719,Adiil Lusjanii,3,4,0.5211380974887524,0.6948507966516698,7
1091521,Silje Jacobsen,2166616,Philippe Béal,2,5,0.3443620893484036,0.860905223371009,7
4734030,Ronny,4797871,Johannes Ulsund,6,1,1.032325512589782,0.1721810446742018,7
1091521,Silje Jacobsen,1969238,Audun Brede,2,5,0.3443620893484036,0.860905223371009,7
1014095,Odd Sebastian Bobby Fischer,1708121,Petter Olsen,4,3,0.6811434846873975,0.5119886851328385,7
1006430,Pak San Li,1708121,Petter Olsen,5,2,0.7725194955352669,0.34132579008855896,7
1006430,Pak San Li,1902521,Tom-Henrik Sandvik,4,3,0.6826515801771179,0.5119886851328385,7
1946517,Ivan Tadic,2251353,Mentor Nuredini,3,4,0.5119886851328385,0.6826515801771179,7
3595353,Knut Holm,8383377,Tina Lindvall,4,3,0.6826515801771179,0.5119886851328385,7
2576333,Besar Avdi,8383376,Hans Petter Ilstad,3,4,0.5119886851328385,0.6826515801771179,7
3428055,Rune Fevang,3719239,Odin,4,3,0.6826515801771179,0.5119886851328385,7
5140422,Tomas Gryczon,8383376,Hans Petter Ilstad,4,3,0.6826515801771179,0.5119886851328385,7
1969238,Audun Brede,8383377,Tina Lindvall,3,4,0.5119886851328385,0.6826515801771179,7
1968343,Silje Jacobsen,4797871,Johannes Ulsund,4,3,0.6826515801771179,0.5119886851328385,7
2576334,Ridvan Avdi,8383376,Hans Petter Ilstad,4,3,0.6826515801771179,0.5119886851328385,7
3428055,Rune Fevang,8383377,Tina Lindvall,3,4,0.5119886851328385,0.6826515801771179,7
4797871,Johannes Ulsund,8383376,Hans Petter Ilstad,2,5,0.34132579008855896,0.8533144752213974,7
1014095,Odd Sebastian Bobby Fischer,1946517,Ivan Tadic,3,4,0.5097265418982578,0.6796353891976771,7
3595359,Øivind Bakken,3635527,Per Ståle,0,7,0.0,1.184106918389554,7
1012750,Frode Myhre Larsen,2947251,Maria Torjussen,5,2,0.8033341966816312,0.32391497623427323,7
1298131,Jack Nordby,2827292,Simen Jøndal,6,1,0.996354712384098,0.166059118730683,7
1022496,Jozef Kwit,1033026,Robin Hagerup Ertesvåg,1,6,0.166059118730683,0.996354712384098,7
1047734,Ole Kristian Rudshavn,1967863,Nate Komljenovic,4,3,0.6639257821533598,0.4979443366150199,7
1967863,Nate Komljenovic,2052753,Morten Falk,4,3,0.6639257821533598,0.4979443366150199,7
1272012,Erol Dane Mula,2052753,Morten Falk,3,4,0.4978655940850113,0.6638207921133484,7
1946517,Ivan Tadic,2431086,Adil,6,1,0.9927240744664394,0.16545401241107321,7
1022588,Nikolaos Chatzitheodorou,1510340,Andris Viksnins,7,0,1.1266972703996831,0.0,7
2251353,Mentor Nuredini,2431086,Adil,4,3,0.6193638328266616,0.49636203723321964,7
1022588,Nikolaos Chatzitheodorou,2653482,Adil Lusjani,3,4,0.48981176615037725,0.6530823548671697,7
2690021,Torkel Rønningen,3120055,Per Christian Slåtta,3,4,0.4783711077460947,0.6473409467754316,7
1006543,Trond Lid Cappelen,2252446,Tor Bugten,4,3,0.6473240163855648,0.48549301228917363,7
1006543,Trond Lid Cappelen,2043792,Vaios Evangelou,3,4,0.48549301228917363,0.6473240163855648,7
2653482,Adil Lusjani,3218903,Amir Bajrami,6,1,0.9581470947504558,0.1596911824584093,7
1022588,Nikolaos Chatzitheodorou,2947265,Bernjard David C Ruiz,4,3,0.6359424461503426,0.47695683461275695,7
1006543,Trond Lid Cappelen,2923223,Christian Lothar Ruiz,4,3,0.6359424461503426,0.47695683461275695,7
2947265,Bernjard David C Ruiz,3305265,Fredrik Nyberg,3,4,0.47275142487484756,0.6303352331664634,7
1071778,Deleted Account,2947262,Christian Lothar Ruiz,4,3,0.6303352331664634,0.47275142487484756,7
1946517,Ivan Tadic,2947262,Christian Lothar Ruiz,3,4,0.470662645437971,0.6275501939172946,7
1969223,Ole Andreas Sandvik,2251353,Mentor Nuredini,5,2,0.7662509792394945,0.28845580800451515,7
1969223,Ole Andreas Sandvik,2923223,Christian Lothar Ruiz,2,5,0.31169860919697556,0.7789014626070359,7
1006174,Børre Kofoed Karaka,2043792,Vaios Evangelou,4,3,0.6220169768523387,0.466512732639254,7
1012750,Frode Myhre Larsen,2140722,Mats Larsen,1,6,0.1548171726347276,0.9001160363257145,7
2166616,Philippe Béal,2167253,Michel Mateos,2,5,0.2747492212618746,0.6976096702922865,7
1751232,Øyvind Stenhaug,2653483,Shakir Bajrami,4,3,0.5902827254785215,0.4432813454775063,7
1012750,Frode Myhre Larsen,2251353,Mentor Nuredini,4,3,0.5898272843836292,0.4423704632877219,7
1006174,Børre Kofoed Karaka,1006215,Emil Andreassen,4,3,0.587221223273913,0.44041591745543474,7
1022965,Tommy Bakke,1946517,Ivan Tadic,0,7,0.0,0.9851954319249061,7
1069187,Thomas Erichsen,2431087,Mads Gjefsen,0,7,0.0,1.005147833119341,7
1091521,Silje Jacobsen,2140751,Jamal Malik,0,7,0.0,1.005147833119341,7
1084882,Remi Kwit,1902521,Tom-Henrik Sandvik,0,7,0.0,0.9303784177019648,7
1902521,Tom-Henrik Sandvik,2140742,Jamal Malik,7,0,0.9962721433513647,0.0,7
1027114,Jeremiah Torres,1279214,Daniel Axeborg,4,3,0.5667830103798912,0.4250872577849184,7
1268827,Bastian Andreassen,16476664,Øystein Følling,4,3,0.5617855879337523,0.42133919095031425,7
1006124,Albert-Roman Borrie Stensrød,1946517,Ivan Tadic,4,3,0.5617855879337523,0.42133919095031425,7
1015952,Marius Farås,1024799,Stig Nesvik,6,1,0.8101657307763752,0.1308435171511598,7
1510340,Andris Viksnins,1944604,Antonio De La Garza,3,4,0.4157899225372248,0.5543865633829664,7
1006543,Trond Lid Cappelen,1030563,Alexander Baranji,4,3,0.5543865633829664,0.4157899225372248,7
1944631,Lars Haakon Lunde,1946517,Ivan Tadic,4,3,0.5543865633829664,0.4157899225372248,7
1015952,Marius Farås,1030563,Alexander Baranji,4,3,0.5543865633829664,0.4157899225372248,7
1183869,Matias Myhrhaug,2181146,Mentor Nuredini,0,7,0.0,0.9658899103811165,7
1022965,Tommy Bakke,1969407,Alexander Reyes Monsen,3,4,0.41212383189281193,0.5494984425237492,7
1006543,Trond Lid Cappelen,1969407,Alexander Reyes Monsen,3,4,0.41212383189281193,0.5494984425237492,7
1902521,Tom-Henrik Sandvik,2167690,Iselin Masternes,5,2,0.6796375604938029,0.26992555948795216,7
1697350,Philippe Beal,1969223,Ole Andreas Sandvik,3,4,0.39253055145347937,0.5340137448321365,7
2052753,Morten Falk,2080241,Michel Mateos,3,4,0.4030994023980675,0.5374658698640901,7
1006157,Asle M. Johansen,1013991,Ahad Rashid,4,3,0.5350911596085,0.40131836970637497,7
1006157,Asle M. Johansen,1612715,Kunta Kinte,3,4,0.40131836970637497,0.5350911596085,7
1024799,Stig Nesvik,2021209,Johnny Lotto,4,3,0.5280297973637049,0.3960223480227787,7
1006171,Bjørnar Davidsen,16476664,Øystein Følling,7,0,0.8453942069801696,0.0,7
1006281,Jan Atle Kofoed,1006333,Kent Hansen,7,0,0.9227743333083038,0.0,7
1006332,Kent Halldin,1561935,Øystein Holm Krøvel,7,0,0.9227743333083038,0.0,7
1934129,Johnny Lotto,1969296,Alexander Reyes Monsen,4,3,0.5256967789426956,0.3942725842070217,7
1024799,Stig Nesvik,1969296,Alexander Reyes Monsen,3,4,0.3942725842070217,0.5256967789426956,7
1561935,Øystein Holm Krøvel,1934129,Johnny Lotto,4,3,0.5256967789426956,0.3942725842070217,7
1006487,Desak Sri Pustini,1022496,Jozef Kwit,3,4,0.3907962156036425,0.5210616208048567,7
1006215,Emil Andreassen,1016894,Tommy Andersen,4,3,0.5210616208048567,0.3907962156036425,7
1013991,Ahad Rashid,1561576,Antonio Hagen,4,3,0.5187593901999022,0.38906954264992666,7
1006174,Børre Kofoed Karaka,1027114,Jeremiah Torres,4,3,0.5187593901999022,0.38906954264992666,7
1006183,Christel Hanah Johnsen,1015461,Nils Arild Sabbasen,4,3,0.5187593901999022,0.38906954264992666,7
1006487,Desak Sri Pustini,1027114,Jeremiah Torres,4,3,0.5187593901999022,0.38906954264992666,7
1006183,Christel Hanah Johnsen,1612715,Kunta Kinte,3,4,0.38906954264992666,0.5187593901999022,7
1670605,Bernadette Bodó,1969239,Leko Antonijevic,2,5,0.2593796950999511,0.6484492377498778,7
1902521,Tom-Henrik Sandvik,1969407,Alexander Reyes Monsen,2,5,0.2593796950999511,0.6484492377498778,7
1006171,Bjørnar Davidsen,1022496,Jozef Kwit,3,4,0.3873504987350041,0.5063014587820074,7
1131881,Lars Haakon Lunde,1697351,Per Ingvarsson,3,4,0.3856390501511403,0.5141854002015204,7
1498747,Andris Viksnins,1510340,Andris Viksnins,3,4,0.38393516333953415,0.5119135511193789,7
1429285,Kristoffer Fjellstad,1934105,Nader Fallah,3,4,0.38393516333953415,0.5119135511193789,7
1043840,Elisabeth Synnøve Roaas,1708121,Petter Olsen,3,4,0.3822287299904774,0.5096383066539699,7
1015461,Nils Arild Sabbasen,1024799,Stig Nesvik,4,3,0.507386548205087,0.38053991115381525,7
1183869,Matias Myhrhaug,1750663,Tore Mo,3,4,0.3788585541033539,0.5051447388044719,7
1714798,Efka Jega,1714802,Darius Žilinskas,3,4,0.3766315804555743,0.5040312519805821,7
1022965,Tommy Bakke,1075717,Bjørn Erik Øverland,1,6,0.12517269787722818,0.7521472087558057,7
1006174,Børre Kofoed Karaka,1024806,Lars Nitteberg,4,3,0.5006907915089127,0.37551809363168454,7
1006174,Børre Kofoed Karaka,1022965,Tommy Bakke,3,4,0.33674897095487133,0.5006907915089127,7
1015461,Nils Arild Sabbasen,16476664,Øystein Følling,4,3,0.5006907915089127,0.37551809363168454,7
1006171,Bjørnar Davidsen,1030563,Alexander Baranji,3,4,0.36939394885106824,0.49252526513475764,7
1006239,Frank Hjeldnes,1006458,Roger Rasmussen,2,5,0.24626263256737882,0.615656581418447,7
1024799,Stig Nesvik,1498747,Andris Viksnins,3,4,0.35294518199588726,0.47059357599451634,7
1006145,Aria Senemar,1006332,Kent Halldin,0,7,0.0,0.8223240741658832,7
1006332,Kent Halldin,1033026,Robin Hagerup Ertesvåg,0,7,0.0,0.8223240741658832,7
1006195,Damianos Giallourakis,1006215,Emil Andreassen,7,0,0.7414690947363319,0.0,7
1006195,Damianos Giallourakis,1006281,Jan Atle Kofoed,5,2,0.5296207819545228,0.21184831278180913,7
1006174,Børre Kofoed Karaka,1006197,Daniel Salole,2,5,0.21184831278180913,0.5296207819545228,7
1006174,Børre Kofoed Karaka,1036778,Ronald Natifu,3,4,0.3173644096164648,0.42315254615528636,7
1095179,Ernesto Antonio Meléndez,13720633,Håkon Haukebøe,1,5,1.0,4.891904930286562,6
1006431,Pål Daud Fillipsveen,1006458,Roger Rasmussen,2,4,2.0,4.0,6
1022496,Jozef Kwit,1095179,Ernesto Antonio Meléndez,4,2,4.0,2.0,6
1960202,Ola Magnus Johnsen,80088046,Kim Rui,4,2,4.0,2.0,6
1006549,Umar Hayat Ali,7038973,James Leahy,4,2,3.982326615409529,1.9911633077047646,6
1024805,Audun Bjerve,7038973,James Leahy,4,2,3.982326615409529,1.9911633077047646,6
1006340,Kjartan Maraas,51736666,Yakup Aliz,0,6,0.0,5.965937151909186,6
53649337,Erlend Helgesen,71956222,Raymond Mælen,4,2,3.977291434606124,1.988645717303062,6
53649337,Erlend Helgesen,80088046,Kim Rui,4,2,3.977291434606124,1.988645717303062,6
12348586,Runar Leiren,81177493,Bjørn Wildhagen,4,2,3.977291434606124,1.988645717303062,6
3682319,Lasse Rognlien,4849639,Petter Rognlien,3,3,2.982968575954593,2.982968575954593,6
1024805,Audun Bjerve,52645105,Tommy Bratseth,5,1,4.955914147437223,0.9911828294874446,6
2194859,Eivind Yoo Yong Jae Johansen,71956222,Raymond Mælen,1,5,0.9899295960795198,4.949647980397599,6
2194859,Eivind Yoo Yong Jae Johansen,82125409,Ralfs Savielis,2,4,1.9798591921590396,3.959718384318079,6
63113578,Håkon Kristiansen,77274373,Elin Demoniere,3,3,2.969788788238559,2.77022057775741,6
2194859,Eivind Yoo Yong Jae Johansen,75505852,Flavio Wicki,2,4,1.9798591921590396,3.822108998539691,6
1006292,Jan Thomassen,1006549,Umar Hayat Ali,0,6,0.0,2.947668234381146,6
17419783,Ketil Blix,69888928,T M.H,0,6,0.0,5.444449749031914,6
20396602,Erik Sørensen,80088046,Kim Rui,2,4,1.9624024360709234,3.9248048721418467,6
1006431,Pål Daud Fillipsveen,1030563,Alexander Baranji,4,2,3.9124105058103846,1.9562052529051923,6
1960202,Ola Magnus Johnsen,53649337,Erlend Helgesen,4,2,3.9124105058103846,1.9562052529051923,6
1073747,John Erstad,51736666,Yakup Aliz,4,2,3.9124105058103846,1.9562052529051923,6
1006163,Bjørn Bratteberg,1006549,Umar Hayat Ali,4,2,3.8950984551353343,1.9475492275676671,6
44184394,Per Arne Grotthing,59180038,Nestori Hovi,4,2,3.8950984551353343,1.9475492275676671,6
1960202,Ola Magnus Johnsen,72868804,Sander Naas-Mælen,3,3,2.9213238413515006,2.9213238413515006,6
2053323,Ib Christiansen,25875517,Christian Hedin,2,4,1.945099599177832,3.890199198355664,6
1006184,Christian Johannessen,75505852,Flavio Wicki,5,1,4.847371349571835,0.969474269914367,6
1006184,Christian Johannessen,80198077,Nils Vogt,5,1,4.847371349571835,0.969474269914367,6
43127857,Manabu Sekiguchi,53204752,Julianne Myhren-heyerdahl,5,1,4.8412636896426795,0.968252737928536,6
1006333,Kent Hansen,80088046,Kim Rui,4,2,3.873010951714144,1.936505475857072,6
1006214,Emil André Gangfløt,53060527,Mazen AlAli,5,1,4.8412636896426795,0.968252737928536,6
13720633,Håkon Haukebøe,26005654,Jacob Sæther,1,5,0.9639683100955206,4.819841550477603,6
1123060,"Paweł ""Mumrikken"" Zalewski",52390867,Emil Johannesen,5,1,4.798545822130923,0.9597091644261846,6
17419783,Ketil Blix,52390867,Emil Johannesen,4,2,3.5416227372492526,1.9194183288523692,6
3183489,Knut-Håkon Helgesen,63113578,Håkon Kristiansen,2,4,1.9049155670064308,3.716973192725669,6
1022496,Jozef Kwit,1123060,"Paweł ""Mumrikken"" Zalewski",3,3,2.857373350509646,2.857373350509646,6
1123060,"Paweł ""Mumrikken"" Zalewski",3183489,Knut-Håkon Helgesen,5,1,4.762288917516077,0.9524577835032154,6
3185355,Ivar Lexi,81177493,Bjørn Wildhagen,5,1,4.756267566669324,0.9512535133338648,6
1006549,Umar Hayat Ali,26143903,Katrine Sætereng,5,1,4.756267566669324,0.9512535133338648,6
1123060,"Paweł ""Mumrikken"" Zalewski",81177493,Bjørn Wildhagen,5,1,4.756267566669324,0.9512535133338648,6
1006420,Ole Tobias Tanilon Gangfløt,15567079,Pawel Goik,2,4,1.8997009116076822,3.7994018232153643,6
1510340,Andris Viksnins,80088046,Kim Rui,4,2,3.788202184151273,1.8941010920756365,6
1006549,Umar Hayat Ali,13720633,Håkon Haukebøe,5,1,4.720299004100285,0.944059800820057,6
1022496,Jozef Kwit,62353570,Hallvard Olaussen,5,1,4.720299004100285,0.944059800820057,6
2063761,Kurt Anders Lund,6686119,Levi Pavdeja,4,2,3.776239203280228,1.888119601640114,6
1073747,John Erstad,6600268,Kim Soo Garmark,2,4,1.8857322978122655,3.771464595624531,6
1073747,John Erstad,63113578,Håkon Kristiansen,5,1,4.714330744530663,0.9428661489061327,6
1006163,Bjørn Bratteberg,1006562,Yousef Austrheim,4,2,3.759554471343932,1.879777235671966,6
17978686,Ibra Alkhader,83739619,Aalok Jain,4,2,3.759554471343932,1.879777235671966,6
1095179,Ernesto Antonio Meléndez,16553469,Márk Szabo,2,4,1.8774004797787882,3.7548009595575764,6
14638297,Joakim Langkås,9350575,Valentin Schmitz,3,3,2.8161007196681824,2.8161007196681824,6
6600268,Kim Soo Garmark,83723041,Luka Bugarski,1,5,0.9387002398893941,4.69350119944697,6
1030563,Alexander Baranji,83475292,Trym Lurås,4,2,3.738210949202844,1.869105474601422,6
1510340,Andris Viksnins,75505852,Flavio Wicki,4,2,3.738210949202844,1.869105474601422,6
3682319,Lasse Rognlien,53649337,Erlend Helgesen,4,2,3.7264058385188528,1.8632029192594264,6
1006562,Yousef Austrheim,75505852,Flavio Wicki,4,2,3.7264058385188528,1.8632029192594264,6
1073747,John Erstad,81875407,Sa-Lee Suwannachuen,5,1,4.658007298148566,0.9316014596297132,6
3682319,Lasse Rognlien,82895710,Rolf Woods,3,3,2.7948043788891397,2.7948043788891397,6
1006403,Niklas Engström-Øvretveit,75505852,Flavio Wicki,5,1,4.658007298148566,0.9316014596297132,6
1006292,Jan Thomassen,82895710,Rolf Woods,5,1,4.658007298148566,0.9316014596297132,6
11218942,Stein Amundsen,2947265,Bernjard David C Ruiz,5,1,4.652117799070564,0.9304235598141127,6
1298131,Jack Nordby,81875407,Sa-Lee Suwannachuen,3,3,2.7912706794423383,2.7912706794423383,6
72868804,Sander Naas-Mælen,74738734,Frode Johansen,3,3,2.7107145414920035,2.7912706794423383,6
2947265,Bernjard David C Ruiz,9221877,Johnny Wu,4,2,3.721694239256451,1.8608471196282255,6
43127857,Manabu Sekiguchi,81875407,Sa-Lee Suwannachuen,4,2,3.721694239256451,1.8608471196282255,6
1047363,Vinko Smolic,25875517,Christian Hedin,2,4,1.846774741420825,3.69354948284165,6
1006399,Nedzat Cimilji,11218942,Stein Amundsen,3,3,2.7701621121312376,2.7701621121312376,6
1006163,Bjørn Bratteberg,75505852,Flavio Wicki,5,1,4.611099283191665,0.9222198566383331,6
1510340,Andris Viksnins,17978686,Ibra Alkhader,2,4,1.8444397132766661,3.6888794265533322,6
1006448,Roald Pettersen,19030543,Martin Olsson,4,2,3.6772301027131014,1.8386150513565507,6
1061867,Stig Ringebo,62353570,Hallvard Olaussen,5,1,4.596537628391377,0.9193075256782753,6
13720633,Håkon Haukebøe,6686119,Levi Pavdeja,1,5,0.9193075256782753,4.596537628391377,6
19030543,Martin Olsson,25743094,Mohamed Salkiny,1,5,0.9193075256782753,4.596537628391377,6
16259161,Anders Selland,26005654,Jacob Sæther,2,4,1.836290340174997,3.672580680349994,6
1030563,Alexander Baranji,1061867,Stig Ringebo,2,4,1.836290340174997,3.672580680349994,6
1006163,Bjørn Bratteberg,1960202,Ola Magnus Johnsen,2,4,1.8304914136274375,3.660982827254875,6
57799534,Iris Marie Evdahl,7959797,Pergantis Zalachas,4,2,3.4651403603665654,1.4457497992594002,6
1510340,Andris Viksnins,71956222,Raymond Mælen,3,3,2.7422654607368653,2.7422654607368653,6
11218942,Stein Amundsen,1960202,Ola Magnus Johnsen,1,5,0.9112018344708946,4.556009172354473,6
1006333,Kent Hansen,11218942,Stein Amundsen,4,2,3.628714476045713,1.8143572380228565,6
54197755,Tom erik Lysenstøen,6600268,Kim Soo Garmark,1,5,0.9071786190114283,4.5358930950571414,6
1277043,Alexander Hagen,16144084,Truls Bakken,0,6,0.0,5.4361728771577145,6
1006399,Nedzat Cimilji,16476664,Øystein Følling,3,3,2.7095028375750347,2.7095028375750347,6
1006163,Bjørn Bratteberg,76192783,Chris Wells,3,3,2.7095028375750347,2.7095028375750347,6
26005654,Jacob Sæther,8435377,Geir Anfinsen,2,4,1.806335225050023,3.612670450100046,6
1006431,Pål Daud Fillipsveen,16476664,Øystein Følling,3,3,2.6975313161506755,2.6975313161506755,6
3185355,Ivar Lexi,52645105,Tommy Bratseth,6,0,5.3595346642234905,0.0,6
1006399,Nedzat Cimilji,1298131,Jack Nordby,3,3,2.6975313161506755,2.6975313161506755,6
1006431,Pål Daud Fillipsveen,79717822,Julian Gheorghiu-Foss,5,1,4.495885526917792,0.8991771053835586,6
17978686,Ibra Alkhader,52645105,Tommy Bratseth,5,1,4.495885526917792,0.8991771053835586,6
1006562,Yousef Austrheim,26005654,Jacob Sæther,2,4,1.798354210767117,3.596708421534234,6
44119141,Gaute Rogstad,52645105,Tommy Bratseth,5,1,4.330755504335693,0.8183174486768247,6
3183489,Knut-Håkon Helgesen,52645105,Tommy Bratseth,3,3,2.6941206069820436,2.6941206069820436,6
1157968,Jesper Gustafsson,2194859,Eivind Yoo Yong Jae Johansen,4,2,3.5850666735441985,1.7925333367720993,6
1006536,Tormod Rygge,2581136,Mona Søvold Sunde,6,0,5.377600010316297,0.0,6
1006359,Larry Skogheim,8498578,Riaz Ali,5,1,4.481333341930248,0.8962666683860496,6
2660053,Morten Bjellås,28197979,Kalsang Kalsang,4,2,3.5850666735441985,1.7925333367720993,6
1157968,Jesper Gustafsson,26005654,Jacob Sæther,4,2,3.5850666735441985,1.7925333367720993,6
1006333,Kent Hansen,76192783,Chris Wells,2,4,1.7904084593679221,3.5808169187358443,6
1006333,Kent Hansen,1006448,Roald Pettersen,4,2,3.576289399435956,1.788144699717978,6
48159925,Ole-Jakob Rosenvold,53060527,Mazen AlAli,4,2,3.576289399435956,1.788144699717978,6
54197755,Tom erik Lysenstøen,7906080,Alessandro Luca,4,2,3.5370882477579246,1.756797266080034,6
1006431,Pål Daud Fillipsveen,55415260,Dag Erik Wiig,5,1,4.436672246788024,0.887334449357605,6
1006292,Jan Thomassen,19030543,Martin Olsson,3,3,2.662003348072815,2.662003348072815,6
1006163,Bjørn Bratteberg,6686119,Levi Pavdeja,3,3,2.662003348072815,2.662003348072815,6
1014092,Martin Meintjes,51736666,Yakup Aliz,5,1,4.436672246788024,0.887334449357605,6
1014092,Martin Meintjes,44184394,Per Arne Grotthing,5,1,4.436672246788024,0.887334449357605,6
26088853,Simeon Ivanov,3185355,Ivar Lexi,4,2,3.529187705060944,1.764593852530472,6
12348586,Runar Leiren,19030543,Martin Olsson,2,4,1.764593852530472,3.529187705060944,6
73722376,Seva Tkach,77931454,Knut Røte,4,2,3.5224887237045683,1.7612443618522842,6
77931460,Daniel Nordhaug,77931466,Aksel Nergaard,2,4,1.7612443618522842,3.5224887237045683,6
73722376,Seva Tkach,77931460,Daniel Nordhaug,2,4,1.7612443618522842,3.5224887237045683,6
31114699,Ferdinand Jaggi,77931466,Aksel Nergaard,4,2,3.5224887237045683,1.7612443618522842,6
1030563,Alexander Baranji,55415260,Dag Erik Wiig,4,2,3.5180426808638185,1.7590213404319093,6
1010312,Mikael Øgaard,42921529,Joshua Turla Tuppal,5,1,4.3975533510797735,0.8795106702159546,6
73722376,Seva Tkach,7906080,Alessandro Luca,4,2,3.513594532160068,1.756797266080034,6
6691281,Andreas Wahr-Hansen,71956222,Raymond Mælen,2,4,1.756797266080034,3.513594532160068,6
1093760,Mindaugas Jomantas,55415260,Dag Erik Wiig,3,3,2.626874062903252,2.626874062903252,6
42921529,Joshua Turla Tuppal,6600268,Kim Soo Garmark,2,4,1.7512493752688345,3.502498750537669,6
1093760,Mindaugas Jomantas,7959797,Pergantis Zalachas,3,3,2.615267624007146,2.615267624007146,6
44184394,Per Arne Grotthing,7719582,Astrid E. Pedersen,3,3,2.615267624007146,2.615267624007146,6
4849639,Petter Rognlien,63113578,Håkon Kristiansen,2,4,1.7413072850290152,3.4826145700580304,6
53060527,Mazen AlAli,7906080,Alessandro Luca,2,4,1.7413072850290152,3.4826145700580304,6
53060527,Mazen AlAli,73722376,Seva Tkach,2,4,1.7413072850290152,3.4826145700580304,6
63113578,Håkon Kristiansen,7959797,Pergantis Zalachas,0,6,0.0,4.948973942367931,6
1272012,Erol Dane Mula,75757273,Oliver Milett,5,1,4.3258167558269465,0.8651633511653893,6
6600268,Kim Soo Garmark,75757273,Oliver Milett,6,0,5.190980106992336,0.0,6
1022496,Jozef Kwit,6691281,Andreas Wahr-Hansen,3,3,2.5954900534961682,2.5954900534961682,6
1006292,Jan Thomassen,75757273,Oliver Milett,4,2,3.4562778179070794,1.7281389089535397,6
1022496,Jozef Kwit,26143903,Katrine Sætereng,3,3,2.5922083634303097,2.5922083634303097,6
1006513,Thomas Fjæran,3185355,Ivar Lexi,3,3,2.5922083634303097,2.5922083634303097,6
1006333,Kent Hansen,53060527,Mazen AlAli,4,2,3.441006786125233,1.7205033930626166,6
1960202,Ola Magnus Johnsen,3212629,Rolf G. Sedsbøe Jensen,1,5,0.8602516965313083,4.301258482656541,6
1022496,Jozef Kwit,8270907,Christian Söderström,5,1,4.301258482656541,0.8602516965313083,6
1006431,Pål Daud Fillipsveen,58087078,Bias Hagen,5,1,4.301258482656541,0.8602516965313083,6
1006292,Jan Thomassen,59525161,Wojciech Wajda,5,1,4.301258482656541,0.8602516965313083,6
1006399,Nedzat Cimilji,53649337,Erlend Helgesen,4,2,3.4258032270478305,1.7129016135239152,6
1006399,Nedzat Cimilji,26005654,Jacob Sæther,3,3,2.569352420285873,2.569352420285873,6
1006448,Roald Pettersen,63113578,Håkon Kristiansen,4,2,3.421471704219359,1.7107358521096796,6
1006448,Roald Pettersen,27634768,Roger Andresen,4,2,3.421471704219359,1.7107358521096796,6
24897019,Robert Hedin,74738734,Frode Johansen,5,1,4.263333553196384,0.8526667106392768,6
1093760,Mindaugas Jomantas,73722376,Seva Tkach,3,3,2.5580001319178303,2.5580001319178303,6
1006186,Christian Wikeby,52645105,Tommy Bratseth,5,1,4.217508784461115,0.843501756892223,6
1006250,Geir Tollefsrud,36216313,Bjørn-Kowalski Hansen,4,2,3.3715178526159426,1.6857589263079713,6
13295035,Jan Olav Johnsen,2947265,Bernjard David C Ruiz,5,1,4.214397315769928,0.8428794631539857,6
1566592,Kim Bengtsson,7904326,Silja Vepsä,3,3,2.528638389461957,2.528638389461957,6
1272012,Erol Dane Mula,27194773,Torstein Brustugun,6,0,5.057276778923914,0.0,6
1356128,Christian Moberg,8970047,Ante Petricevic,3,3,2.528638389461957,2.528638389461957,6
52645105,Tommy Bratseth,8270907,Christian Söderström,2,4,1.6857589263079713,3.3715178526159426,6
1036625,Elias Rytterager Johnsen,24897019,Robert Hedin,0,6,0.0,5.057276778923914,6
1006204,Egil Arne Sørensen,1670605,Bernadette Bodó,6,0,5.057276778923914,0.0,6
44184394,Per Arne Grotthing,58672273,Santo Angel Maican Lara,4,2,3.3715178526159426,1.6857589263079713,6
10585213,Veejay Adriano,8217316,Ida Amundsen Holtet,6,0,5.057276778923914,0.0,6
30913960,Josef Knutsson,7904326,Silja Vepsä,5,1,4.214397315769928,0.8428794631539857,6
10220035,Marius Lamby Solvang,7711820,Marie Hoff Petersen,3,3,2.528638389461957,2.528638389461957,6
1006277,Ingolf Höns,5140422,Tomas Gryczon,5,1,4.214397315769928,0.8428794631539857,6
1006204,Egil Arne Sørensen,2947265,Bernjard David C Ruiz,2,4,1.6857589263079713,3.3715178526159426,6
25743094,Mohamed Salkiny,73236004,Dragan Ceranic,6,0,5.057276778923914,0.0,6
1036625,Elias Rytterager Johnsen,40844470,Øyvind Løvseth,4,2,3.3715178526159426,1.6857589263079713,6
1006239,Frank Hjeldnes,1298131,Jack Nordby,2,4,1.6857589263079713,3.3715178526159426,6
1006214,Emil André Gangfløt,8270907,Christian Söderström,5,1,4.214397315769928,0.8428794631539857,6
1036625,Elias Rytterager Johnsen,6686119,Levi Pavdeja,0,6,0.0,5.057276778923914,6
1006420,Ole Tobias Tanilon Gangfløt,7711820,Marie Hoff Petersen,6,0,5.057276778923914,0.0,6
1566758,Tor-Arne Slorafoss,33729541,Eivind Yoo Yong Jae Johansen,0,6,0.0,5.054078603628808,6
1006204,Egil Arne Sørensen,53649337,Erlend Helgesen,4,2,3.3614022991291463,1.6807011495645732,6
1298131,Jack Nordby,73722376,Seva Tkach,4,2,3.3507959660854465,1.6753979830427232,6
31114699,Ferdinand Jaggi,50993632,Kester Hvattum,4,2,3.3465504602301954,1.6732752301150977,6
1006360,Lars Harby,2947265,Bernjard David C Ruiz,5,1,4.183188075287744,0.8366376150575489,6
1006513,Thomas Fjæran,1024805,Audun Bjerve,5,1,4.151553340715945,0.830310668143189,6
1006145,Aria Senemar,17978686,Ibra Alkhader,1,5,0.830310668143189,4.151553340715945,6
54197755,Tom erik Lysenstøen,8217316,Ida Amundsen Holtet,2,4,1.5926363041638745,3.185272608327749,6
10220035,Marius Lamby Solvang,71804122,Henning Hagen,2,4,1.660621336286378,3.321242672572756,6
6686119,Levi Pavdeja,8970047,Ante Petricevic,5,1,4.151553340715945,0.830310668143189,6
1272012,Erol Dane Mula,71804122,Henning Hagen,4,2,3.321242672572756,1.660621336286378,6
71803366,Jakob Corcoran-Øien,7959797,Pergantis Zalachas,3,3,2.4658473130065097,2.4877825156451063,6
17978686,Ibra Alkhader,55415260,Dag Erik Wiig,5,1,4.133210341006363,0.8266420682012726,6
1006204,Egil Arne Sørensen,1024805,Audun Bjerve,2,4,1.6532841364025452,3.3065682728050905,6
10220035,Marius Lamby Solvang,44184394,Per Arne Grotthing,3,3,2.4799262046038177,2.4799262046038177,6
1006431,Pål Daud Fillipsveen,1006562,Yousef Austrheim,3,3,2.4799262046038177,2.4799262046038177,6
31114699,Ferdinand Jaggi,55415260,Dag Erik Wiig,2,4,1.6511937542339967,3.3023875084679934,6
1006145,Aria Senemar,6686119,Levi Pavdeja,2,4,1.6459793548075536,3.2919587096151073,6
54197755,Tom erik Lysenstøen,71803366,Jakob Corcoran-Øien,1,5,0.8183174486768247,4.102482210360159,6
1006333,Kent Hansen,56994721,Rolf-Tommy Østensson,4,2,3.2774136965323626,1.6387068482661813,6
1022496,Jozef Kwit,71804122,Henning Hagen,5,1,4.078666185440174,0.8157332370880348,6
50993632,Kester Hvattum,71804122,Henning Hagen,2,4,1.6314664741760696,3.262932948352139,6
71402752,Enrique Mohamed ”Saleh“ Saleh Ruzafa,71407519,Celia Dyremyhr,5,1,4.055511020992209,0.8111022041984418,6
1093760,Mindaugas Jomantas,51736666,Yakup Aliz,2,4,1.6170389336919104,3.234077867383821,6
1566758,Tor-Arne Slorafoss,62353570,Hallvard Olaussen,4,2,3.22998875858708,1.61499437929354,6
1095179,Ernesto Antonio Meléndez,3682319,Lasse Rognlien,4,2,3.2197885918973697,1.6098942959486848,6
1027114,Jeremiah Torres,17978686,Ibra Alkhader,1,5,0.803929387549682,4.01964693774841,6
3119948,Huan Bao Ngo,54197755,Tom erik Lysenstøen,2,4,1.5450404905715063,3.1528992656708703,6
1510340,Andris Viksnins,52645105,Tommy Bratseth,4,2,3.2055624513762164,1.6027812256881082,6
3682319,Lasse Rognlien,5689902,Roger Andresen,4,2,3.191413186689875,1.5957065933449375,6
1042070,Henrik Olsson,16476664,Øystein Følling,5,1,3.9892664833623437,0.7978532966724687,6
1006431,Pål Daud Fillipsveen,1006549,Umar Hayat Ali,2,4,1.5957065933449375,3.191413186689875,6
44184394,Per Arne Grotthing,8498578,Riaz Ali,2,4,1.5886492303268938,3.1772984606537875,6
1006216,Emil Bjørkmann,1024805,Audun Bjerve,4,2,3.1772984606537875,1.5886492303268938,6
1272012,Erol Dane Mula,67477936,Theodor Brekke-Hongset,5,1,3.9716230758172344,0.7943246151634469,6
1006340,Kjartan Maraas,44184394,Per Arne Grotthing,4,2,3.1772984606537875,1.5886492303268938,6
7131339,Roger Mølmann,8270907,Christian Söderström,2,4,1.5816300281201632,3.1632600562403264,6
1006549,Umar Hayat Ali,7153377,Henning Ingvorsen,3,3,2.361962758767693,2.361962758767693,6
3185355,Ivar Lexi,7153377,Henning Ingvorsen,2,4,1.5746418391784618,3.1492836783569236,6
1093760,Mindaugas Jomantas,25743094,Mohamed Salkiny,2,4,1.5746418391784618,3.1492836783569236,6
1014092,Martin Meintjes,7153377,Henning Ingvorsen,4,2,3.1492836783569236,1.5746418391784618,6
1006220,Erik Gårdelöf,1014092,Martin Meintjes,5,1,3.7677670335150015,0.7873209195892309,6
2194859,Eivind Yoo Yong Jae Johansen,3119948,Huan Bao Ngo,1,5,0.7828511874421162,3.903879214626003,6
13720633,Håkon Haukebøe,63113578,Håkon Kristiansen,3,3,2.33817683974177,2.33817683974177,6
1006281,Jan Atle Kofoed,20361406,Amir Khan,3,3,2.3204947268709377,2.3204947268709377,6
1006281,Jan Atle Kofoed,1095179,Ernesto Antonio Meléndez,4,2,3.09399296916125,1.546996484580625,6
1035589,Sebastian Mæhlum,19616722,Lobsang Thupten,5,1,3.8626012264287657,0.7725202452857531,6
1006163,Bjørn Bratteberg,25484464,Joaquin K. Yovine,4,2,3.0803226372452,1.5401613186226,6
16144084,Truls Bakken,44184394,Per Arne Grotthing,4,2,3.0803226372452,1.5401613186226,6
1093760,Mindaugas Jomantas,1960202,Ola Magnus Johnsen,2,4,1.5401613186226,3.0803226372452,6
1006184,Christian Johannessen,25484464,Joaquin K. Yovine,5,1,3.8504032965565,0.7700806593113,6
26088853,Simeon Ivanov,5140422,Tomas Gryczon,2,4,1.5382139668720762,3.0764279337441525,6
17978686,Ibra Alkhader,18474781,Darijus Seresevskij,5,1,3.828544012793338,0.7657088025586676,6
1006448,Roald Pettersen,44184394,Per Arne Grotthing,2,4,1.5314176051173352,3.0628352102346703,6
3073760,Ronny Jakobsen,53204752,Julianne Myhren-heyerdahl,5,1,3.828544012793338,0.7657088025586676,6
17978686,Ibra Alkhader,3073760,Ronny Jakobsen,5,1,3.828544012793338,0.7657088025586676,6
16476664,Øystein Følling,2307209,Ed Liu,3,3,2.2898721804891937,2.2898721804891937,6
1006333,Kent Hansen,2307209,Ed Liu,3,3,2.2898721804891937,2.2898721804891937,6
1095179,Ernesto Antonio Meléndez,16144084,Truls Bakken,4,2,3.053162907318925,1.5265814536594624,6
16144084,Truls Bakken,58717324,Kjetil Kristensen,4,2,3.049302544082742,1.524651272041371,6
54197755,Tom erik Lysenstøen,58717324,Kjetil Kristensen,2,4,1.524651272041371,2.9697043976293713,6
58717324,Kjetil Kristensen,8217316,Ida Amundsen Holtet,3,3,2.2869769080620563,2.2869769080620563,6
17978686,Ibra Alkhader,58717324,Kjetil Kristensen,5,1,3.8116281801034275,0.7623256360206855,6
26143903,Katrine Sætereng,57799534,Iris Marie Evdahl,5,1,3.8064074896982913,0.7612814979396583,6
1024799,Stig Nesvik,16636270,Stian Wium,4,2,3.039672976749323,1.5198364883746616,6
1095179,Ernesto Antonio Meléndez,42921529,Joshua Turla Tuppal,4,2,3.039672976749323,1.5198364883746616,6
1024799,Stig Nesvik,16686499,Herman Aleksander Wium,2,4,1.5198364883746616,3.039672976749323,6
6839980,Daniel Lorentzen-Styr,7719582,Astrid E. Pedersen,3,3,2.2768722524506293,2.2768722524506293,6
13872481,Erik Weiselius,17978686,Ibra Alkhader,1,5,0.7589574174835432,3.794787087417716,6
1006406,Nina Torvund,42921529,Joshua Turla Tuppal,5,1,3.7828033117031064,0.7565606623406212,6
17978686,Ibra Alkhader,52390867,Emil Johannesen,5,1,3.7780204045089945,0.7556040809017989,6
2311288,David Larsson,48190969,Rune Vestøl,5,1,3.7679761113498356,0.7535952222699671,6
1006195,Damianos Giallourakis,1006333,Kent Hansen,5,1,3.7679761113498356,0.7535952222699671,6
17978686,Ibra Alkhader,48190969,Rune Vestøl,5,1,3.7679761113498356,0.7535952222699671,6
1006513,Thomas Fjæran,14638297,Joakim Langkås,4,2,3.0143808890798685,1.5071904445399342,6
2298416,Terje Kristoffersen,25743094,Mohamed Salkiny,1,5,0.7535952222699671,3.7679761113498356,6
1006214,Emil André Gangfløt,25743094,Mohamed Salkiny,3,3,2.2607856668099013,2.2607856668099013,6
24897019,Robert Hedin,48190969,Rune Vestøl,5,1,3.766114393947207,0.7532228787894414,6
1006549,Umar Hayat Ali,7711820,Marie Hoff Petersen,4,2,3.0128915151577655,1.5064457575788828,6
1006375,Maron Pettersen,13295035,Jan Olav Johnsen,3,3,2.2596686363683243,2.2596686363683243,6
10585213,Veejay Adriano,24897019,Robert Hedin,5,1,3.766114393947207,0.7532228787894414,6
20010922,Tudor Pauliuc,42921529,Joshua Turla Tuppal,2,4,1.5064457575788828,3.0128915151577655,6
17978686,Ibra Alkhader,7711820,Marie Hoff Petersen,5,1,3.766114393947207,0.7532228787894414,6
1006220,Erik Gårdelöf,1006562,Yousef Austrheim,3,3,2.259355966759223,2.259355966759223,6
6545064,Kim-Olaf Sørensen,6686119,Levi Pavdeja,1,5,0.7531186555864078,3.765593277932039,6
1006457,Roger Lysholm,6839980,Daniel Lorentzen-Styr,4,2,3.012474622345631,1.5062373111728156,6
1015919,Ahmed Abiev,7711820,Marie Hoff Petersen,5,1,3.765593277932039,0.7531186555864078,6
13295035,Jan Olav Johnsen,2080111,Casper Cappe Matikainen,2,4,1.5062373111728156,3.012474622345631,6
1006186,Christian Wikeby,1006562,Yousef Austrheim,5,1,3.765593277932039,0.7531186555864078,6
6545064,Kim-Olaf Sørensen,6600268,Kim Soo Garmark,1,5,0.7531186555864078,3.765593277932039,6
1272012,Erol Dane Mula,7711820,Marie Hoff Petersen,5,1,3.765593277932039,0.7531186555864078,6
1006220,Erik Gårdelöf,49097056,Herman Maraas,5,1,3.765593277932039,0.7531186555864078,6
1006457,Roger Lysholm,6686119,Levi Pavdeja,4,2,3.012474622345631,1.5062373111728156,6
25743094,Mohamed Salkiny,7719582,Astrid E. Pedersen,3,3,2.2567966815654663,2.2567966815654663,6
20361406,Amir Khan,57799534,Iris Marie Evdahl,6,0,4.487495905875453,0.0,6
1042070,Henrik Olsson,3185355,Ivar Lexi,3,3,2.239729993977214,2.239729993977214,6
13720633,Håkon Haukebøe,25875517,Christian Hedin,1,5,0.7465766646590712,3.732883323295356,6
19616722,Lobsang Thupten,6600268,Kim Soo Garmark,1,5,0.7465766646590712,3.732883323295356,6
6839980,Daniel Lorentzen-Styr,9264588,Marcin Lewicki,4,2,2.9825308272159132,1.4912654136079566,6
20264908,Bartosz Oldakowski,6839980,Daniel Lorentzen-Styr,4,2,2.9825308272159132,1.4912654136079566,6
13720633,Håkon Haukebøe,9264588,Marcin Lewicki,1,5,0.7456327068039783,3.7281635340198918,6
62353570,Hallvard Olaussen,6839980,Daniel Lorentzen-Styr,1,5,0.7456327068039783,3.7281635340198918,6
54197755,Tom erik Lysenstøen,9264588,Marcin Lewicki,2,4,1.4912654136079566,2.9825308272159132,6
20264908,Bartosz Oldakowski,3682319,Lasse Rognlien,5,1,3.7281635340198918,0.7456327068039783,6
1006467,Roy Toycowboy Grimsen,19030543,Martin Olsson,3,3,2.219986788904923,2.219986788904923,6
1006214,Emil André Gangfløt,1010312,Mikael Øgaard,3,3,2.219986788904923,2.1564289910728833,6
1035589,Sebastian Mæhlum,1123060,"Paweł ""Mumrikken"" Zalewski",4,2,2.956233344353398,1.478116672176699,6
61176751,Santina Lafjell Crolla,7959797,Pergantis Zalachas,2,4,1.478116672176699,2.956233344353398,6
19059169,Ilyas Amri,2581136,Mona Søvold Sunde,3,3,2.2171750082650483,2.2171750082650483,6
24897019,Robert Hedin,52324939,Saga Hedin,4,2,2.9468976855818565,1.4734488427909282,6
1030563,Alexander Baranji,20264908,Bartosz Oldakowski,1,5,0.7367244213954641,3.6836221069773205,6
1030563,Alexander Baranji,1123060,"Paweł ""Mumrikken"" Zalewski",0,6,0.0,4.414757523217372,6
1272012,Erol Dane Mula,36990883,Anders Valde,5,1,3.6673465894316775,0.7334693178863355,6
1006373,Mark McGauley,20264908,Bartosz Oldakowski,3,3,2.2004079536590067,2.2004079536590067,6
1006184,Christian Johannessen,13720633,Håkon Haukebøe,4,2,2.933877271545342,1.466938635772671,6
1031037,Sverre Kringler,2194859,Eivind Yoo Yong Jae Johansen,4,2,2.933877271545342,1.466938635772671,6
1006281,Jan Atle Kofoed,3682319,Lasse Rognlien,3,3,2.2004079536590067,2.2004079536590067,6
60502477,Matteo Sevenius,6691281,Andreas Wahr-Hansen,4,2,2.92461221229789,1.462306106148945,6
26005654,Jacob Sæther,60502477,Matteo Sevenius,2,4,1.462306106148945,2.92461221229789,6
59841508,Bjørn Inge Sørensen,7719582,Astrid E. Pedersen,2,4,1.4521659711838821,2.9043319423677643,6
12348586,Runar Leiren,36225232,Adrian Winther,2,4,1.4521659711838821,2.9043319423677643,6
60020002,Yousef Hjelde Elmofty,7906080,Alessandro Luca,4,2,2.9043319423677643,1.4521659711838821,6
36225232,Adrian Winther,7719582,Astrid E. Pedersen,4,2,2.9043319423677643,1.4521659711838821,6
20396602,Erik Sørensen,60020002,Yousef Hjelde Elmofty,2,4,1.4521659711838821,2.9043319423677643,6
17419783,Ketil Blix,7906080,Alessandro Luca,4,2,2.9043319423677643,1.4521659711838821,6
12348586,Runar Leiren,25741009,Heidi Tobiassen,4,2,2.9043319423677643,1.4521659711838821,6
36225232,Adrian Winther,59841508,Bjørn Inge Sørensen,3,3,2.178248956775823,2.178248956775823,6
1067228,Roy Steffensen,1960202,Ola Magnus Johnsen,1,5,0.7205920915386727,3.602960457693363,6
1006298,Jarek (Barracuda) Kapuściński,49097056,Herman Maraas,1,5,0.7205920915386727,3.602960457693363,6
28065760,Line Marie H. Steffensen,7719582,Astrid E. Pedersen,4,2,2.8678183354457443,1.4339091677228721,6
1067228,Roy Steffensen,24897019,Robert Hedin,2,4,1.377051945093143,2.8158346627592583,6
1006403,Niklas Engström-Øvretveit,3682319,Lasse Rognlien,6,0,3.6476354329534004,0.0,6
1272012,Erol Dane Mula,7131339,Roger Mølmann,3,3,2.099462457237627,2.0871036579152977,6
1067228,Roy Steffensen,36990883,Anders Valde,3,3,2.0541696087492687,2.01513824904971,6
1006292,Jan Thomassen,24897019,Robert Hedin,3,3,2.0778276272223666,2.0717027724310406,6
17978686,Ibra Alkhader,20124274,Paolo Speciale,3,3,2.080001364601941,1.4409573432199683,6
2167690,Iselin Masternes,6691281,Andreas Wahr-Hansen,2,4,1.3805407990570748,2.7610815981141497,6
2167690,Iselin Masternes,52390867,Emil Johannesen,2,4,1.3805407990570748,2.7610815981141497,6
1006184,Christian Johannessen,48151645,Albert Fjeldavli,6,0,4.019097108640916,0.0,6
1010312,Mikael Øgaard,24897019,Robert Hedin,6,0,3.9981517078656834,0.0,6
1042070,Henrik Olsson,13720633,Håkon Haukebøe,6,0,3.9974733832645004,0.0,6
1298131,Jack Nordby,49097056,Herman Maraas,6,0,3.9974733832645004,0.0,6
2298416,Terje Kristoffersen,2581136,Mona Søvold Sunde,6,0,3.9974733832645004,0.0,6
1042070,Henrik Olsson,20361406,Amir Khan,6,0,3.9974733832645004,0.0,6
13720633,Håkon Haukebøe,2298416,Terje Kristoffersen,0,6,0.0,3.9974733832645004,6
1022496,Jozef Kwit,33336508,Paweł Chołodowski,2,4,1.220135531664148,2.440271063328296,6
1006406,Nina Torvund,10220035,Marius Lamby Solvang,4,2,2.440271063328296,1.220135531664148,6
17693218,Romain Rolland,44184394,Per Arne Grotthing,2,4,1.209377388633038,2.418754777266076,6
1095179,Ernesto Antonio Meléndez,25484464,Joaquin K. Yovine,2,4,1.209377388633038,2.418754777266076,6
20361406,Amir Khan,6545064,Kim-Olaf Sørensen,4,2,2.418754777266076,1.209377388633038,6
19616722,Lobsang Thupten,45883531,Nico Garibaldi,4,2,2.418754777266076,1.209377388633038,6
2298416,Terje Kristoffersen,8498578,Riaz Ali,4,2,2.418754777266076,1.209377388633038,6
1095179,Ernesto Antonio Meléndez,6545064,Kim-Olaf Sørensen,2,4,1.209377388633038,2.418754777266076,6
1006281,Jan Atle Kofoed,6545064,Kim-Olaf Sørensen,4,2,2.418754777266076,1.209377388633038,6
20264908,Bartosz Oldakowski,20361406,Amir Khan,4,2,2.418754777266076,1.209377388633038,6
1006281,Jan Atle Kofoed,1123060,"Paweł ""Mumrikken"" Zalewski",2,4,1.209377388633038,2.418754777266076,6
26005654,Jacob Sæther,30080695,Marek Zagrobelny,6,0,3.4591588614663507,0.0,6
1006340,Kjartan Maraas,1123060,"Paweł ""Mumrikken"" Zalewski",2,4,1.2040339407069551,2.4080678814139103,6
2194859,Eivind Yoo Yong Jae Johansen,2298416,Terje Kristoffersen,2,4,1.2040339407069551,2.4080678814139103,6
14638297,Joakim Langkås,6839980,Daniel Lorentzen-Styr,2,4,1.2040339407069551,2.4080678814139103,6
1006467,Roy Toycowboy Grimsen,26005654,Jacob Sæther,4,2,2.4080678814139103,1.2040339407069551,6
1006403,Niklas Engström-Øvretveit,1277819,Lasse Kåring,5,1,2.9967852549585783,0.5993570509917157,6
1277819,Lasse Kåring,1566758,Tor-Arne Slorafoss,5,1,2.9967852549585783,0.5993570509917157,6
1006406,Nina Torvund,2194859,Eivind Yoo Yong Jae Johansen,5,1,2.9967852549585783,0.5993570509917157,6
1006281,Jan Atle Kofoed,8498578,Riaz Ali,0,6,0.0,3.4864057257397962,6
25484464,Joaquin K. Yovine,26005654,Jacob Sæther,2,4,1.1167532420265778,2.2335064840531555,6
12309862,Aleksander Gill,15567079,Pawel Goik,4,2,2.1793074741201632,1.0896537370600816,6
1006204,Egil Arne Sørensen,2298198,Kenneth Mydland,2,4,1.0896537370600816,2.1793074741201632,6
13294528,Carsten Westberg,15113617,Fatlum Krasniqi,4,2,2.1793074741201632,1.0896537370600816,6
13294528,Carsten Westberg,2298198,Kenneth Mydland,2,4,1.0896537370600816,2.1793074741201632,6
12309862,Aleksander Gill,9287997,Bengt Bårdsen,2,4,1.0896537370600816,2.1793074741201632,6
1010312,Mikael Øgaard,2213742,Sebastian Trolle,6,0,3.2625483709122345,0.0,6
18284020,Nomen Nescio,20361406,Amir Khan,5,1,2.65438895850488,0.5308777917009759,6
18284020,Nomen Nescio,24897019,Robert Hedin,1,5,0.5308777917009759,2.65438895850488,6
16636270,Stian Wium,26005654,Jacob Sæther,1,5,0.5308777917009759,2.65438895850488,6
19913527,Wael Handal,7962169,Patryk Statkiewicz,0,6,0.0,3.18325241682563,6
24452485,Mahran Alhadad,6137239,Rudi Mathisen,0,6,0.0,3.18325241682563,6
21530185,Ayet Rahimi,7719582,Astrid E. Pedersen,2,4,1.0464468962699298,2.0928937925398596,6
34802578,Anders Valde,7719582,Astrid E. Pedersen,2,4,1.0464468962699298,2.0928937925398596,6
1006333,Kent Hansen,1277043,Alexander Hagen,1,5,0.5209116658285546,2.6045583291427734,6
1006281,Jan Atle Kofoed,16144084,Truls Bakken,2,4,1.0418233316571093,2.0836466633142186,6
1006163,Bjørn Bratteberg,1277043,Alexander Hagen,4,2,2.0836466633142186,1.0418233316571093,6
16476664,Øystein Følling,19616722,Lobsang Thupten,4,2,2.06527479539586,1.03263739769793,6
1566758,Tor-Arne Slorafoss,3682319,Lasse Rognlien,2,4,1.03263739769793,2.06527479539586,6
2053323,Ib Christiansen,3012666,Eirik Sandaaker,2,4,1.03263739769793,2.06527479539586,6
10220035,Marius Lamby Solvang,30143524,Paulina Statkiewicz,4,2,2.028962114970249,1.0144810574851244,6
30143524,Paulina Statkiewicz,3682319,Lasse Rognlien,2,4,1.0144810574851244,2.028962114970249,6
19913527,Wael Handal,7906080,Alessandro Luca,4,2,2.028962114970249,1.0144810574851244,6
1095179,Ernesto Antonio Meléndez,19030543,Martin Olsson,5,1,2.517022990297723,0.5034045980595445,6
18284020,Nomen Nescio,25875517,Christian Hedin,5,1,2.517022990297723,0.5034045980595445,6
1510340,Andris Viksnins,4849639,Petter Rognlien,5,1,2.517022990297723,0.5034045980595445,6
1566758,Tor-Arne Slorafoss,25875517,Christian Hedin,1,5,0.5034045980595445,2.517022990297723,6
1047734,Ole Kristian Rudshavn,1095179,Ernesto Antonio Meléndez,6,0,3.0204275883572675,0.0,6
19913527,Wael Handal,6839980,Daniel Lorentzen-Styr,1,5,0.5034045980595445,2.517022990297723,6
1047734,Ole Kristian Rudshavn,20124274,Paolo Speciale,6,0,3.0204275883572675,0.0,6
19616722,Lobsang Thupten,30080695,Marek Zagrobelny,2,4,0.9791720819098977,1.9583441638197954,6
10774063,Axel Mikhail Dalberg,1566758,Tor-Arne Slorafoss,4,2,1.9583441638197954,0.9791720819098977,6
19616722,Lobsang Thupten,3682319,Lasse Rognlien,2,4,0.9791720819098977,1.9583441638197954,6
1566758,Tor-Arne Slorafoss,20809939,Gary Zacaria,2,4,0.9791720819098977,1.9583441638197954,6
2053323,Ib Christiansen,20809939,Gary Zacaria,2,4,0.9791720819098977,1.9583441638197954,6
17419783,Ketil Blix,26005630,Cathrine Fjermerås,4,2,1.873517992613416,0.936758996306708,6
16282693,Mikko Virtanen,26005630,Cathrine Fjermerås,2,4,0.936758996306708,1.873517992613416,6
21530185,Ayet Rahimi,8217316,Ida Amundsen Holtet,2,4,0.9326200708041301,1.8652401416082602,6
18284020,Nomen Nescio,2167690,Iselin Masternes,4,2,1.8652401416082602,0.9326200708041301,6
19913527,Wael Handal,7959797,Pergantis Zalachas,4,2,1.8652401416082602,0.9326200708041301,6
19913527,Wael Handal,21530185,Ayet Rahimi,4,2,1.8652401416082602,0.9326200708041301,6
2167690,Iselin Masternes,7906080,Alessandro Luca,5,1,2.3211975956960433,0.46423951913920863,6
1566758,Tor-Arne Slorafoss,7906080,Alessandro Luca,5,1,2.3211975956960433,0.46423951913920863,6
1006298,Jarek (Barracuda) Kapuściński,1510340,Andris Viksnins,3,3,1.1615159755842226,1.3442745662998272,6
1006204,Egil Arne Sørensen,17693218,Romain Rolland,5,1,2.0947642152346004,0.41895284304692004,6
1006204,Egil Arne Sørensen,1047734,Ole Kristian Rudshavn,0,6,0.0,2.51106819758517,6
16590622,Kjetil Nordal,6600268,Kim Soo Garmark,0,6,0.0,2.51106819758517,6
1008226,John Ove Løvdal,2167690,Iselin Masternes,1,5,0.4106438623401133,2.0532193117005666,6
1006536,Tormod Rygge,18284020,Nomen Nescio,1,5,0.4106438623401133,2.0532193117005666,6
1750663,Tore Mo,7719582,Astrid E. Pedersen,4,2,1.5624644832139387,0.7812322416069694,6
1298131,Jack Nordby,1750663,Tore Mo,2,4,0.7812322416069694,1.5624644832139387,6
16590622,Kjetil Nordal,8498578,Riaz Ali,2,4,0.7777804871418706,1.5555609742837413,6
1997987,Sven Høgdahl,7131339,Roger Mølmann,2,4,0.7777804871418706,1.5555609742837413,6
17431444,Kathrine Eikeseth,2252446,Tor Bugten,2,4,0.7777804871418706,1.5555609742837413,6
2660053,Morten Bjellås,6691281,Andreas Wahr-Hansen,2,4,0.7777804871418706,1.5555609742837413,6
2252446,Tor Bugten,8498578,Riaz Ali,2,4,0.7777804871418706,1.5555609742837413,6
16590622,Kjetil Nordal,5140422,Tomas Gryczon,2,4,0.7675164607829597,1.5350329215659193,6
1024799,Stig Nesvik,15015007,Nikola Tadijanović,2,4,0.7675164607829597,1.5350329215659193,6
1006215,Emil Andreassen,5140422,Tomas Gryczon,2,4,0.7675164607829597,1.5350329215659193,6
16282693,Mikko Virtanen,6691281,Andreas Wahr-Hansen,2,4,0.7540414824163922,1.5080829648327845,6
1997987,Sven Høgdahl,2581136,Mona Søvold Sunde,2,4,0.7507098661374138,1.5014197322748275,6
1006467,Roy Toycowboy Grimsen,7131339,Roger Mølmann,4,2,1.4881814584844453,0.7440907292422226,6
1295268,Line Kjørsvik,16049032,Lene Finsveen,4,2,1.4730589699619034,0.7365294849809517,6
7131339,Roger Mølmann,8306234,Frode Ellingsen,4,2,1.4237205034001597,0.7118602517000798,6
1024799,Stig Nesvik,11193832,Susann Lamby Solvang,4,2,1.4237205034001597,0.7118602517000798,6
1298131,Jack Nordby,7719582,Astrid E. Pedersen,4,2,1.4237205034001597,0.7118602517000798,6
1015461,Nils Arild Sabbasen,12165220,Rune Johnsen,4,2,1.4237205034001597,0.7118602517000798,6
2827292,Simen Jøndal,8306234,Frode Ellingsen,2,4,0.7118602517000798,1.4237205034001597,6
7719582,Astrid E. Pedersen,8498578,Riaz Ali,2,4,0.7118602517000798,1.4237205034001597,6
12165220,Rune Johnsen,8306234,Frode Ellingsen,4,2,1.4237205034001597,0.7118602517000798,6
8217316,Ida Amundsen Holtet,8498578,Riaz Ali,2,4,0.7087150066993386,1.4174300133986772,6
12339043,Magnus Groseth,8329325,Frode Ellingsen,2,4,0.7087150066993386,1.4174300133986772,6
2298416,Terje Kristoffersen,2827292,Simen Jøndal,4,2,1.4112045129296455,0.7056022564648228,6
2053323,Ib Christiansen,3253188,Tor Einar Johansen,4,2,1.4112045129296455,0.7056022564648228,6
2947265,Bernjard David C Ruiz,3253188,Tor Einar Johansen,4,2,1.4112045129296455,0.7056022564648228,6
7719582,Astrid E. Pedersen,8274311,Jenny Carine Borrmann,5,1,1.6617291135610073,0.3200442202806446,6
2660053,Morten Bjellås,2947265,Bernjard David C Ruiz,2,4,0.6962907344107333,1.3925814688214666,6
2194859,Eivind Yoo Yong Jae Johansen,4797871,Johannes Ulsund,4,2,1.3925814688214666,0.6962907344107333,6
1024799,Stig Nesvik,3532613,Tom Kristiansen,1,5,0.34788852282983573,1.7394426141491786,6
1272012,Erol Dane Mula,3532613,Tom Kristiansen,5,1,1.7394426141491786,0.34788852282983573,6
1006372,Marius Nørsterud,13507978,Sondre Noraberg,5,1,1.7394426141491786,0.34788852282983573,6
1006164,Bjørn Erik Bergh,1750663,Tore Mo,5,1,1.7382967881006903,0.34765935762013805,6
1006328,Lioness Princess,3532613,Tom Kristiansen,1,5,0.34765935762013805,1.7382967881006903,6
1006458,Roger Rasmussen,1006523,Tommy Myhre,5,1,1.7382967881006903,0.34765935762013805,6
1006458,Roger Rasmussen,6686119,Levi Pavdeja,5,1,1.7382967881006903,0.34765935762013805,6
1006487,Desak Sri Pustini,10540801,Vasileios Nikolaou,4,2,1.3864285618534553,0.6932142809267277,6
10220035,Marius Lamby Solvang,9221877,Johnny Wu,4,2,1.3864285618534553,0.6932142809267277,6
2947265,Bernjard David C Ruiz,8206764,Grzegorz Tabor,2,4,0.6932142809267277,1.3864285618534553,6
1006487,Desak Sri Pustini,8206764,Grzegorz Tabor,2,4,0.6932142809267277,1.3864285618534553,6
1006220,Erik Gårdelöf,1750663,Tore Mo,6,0,2.06894496006536,0.0,6
11273659,Grzegorz Tabor,1708121,Petter Olsen,5,1,1.7177552310251456,0.34355104620502913,6
11273659,Grzegorz Tabor,5140422,Tomas Gryczon,5,1,1.7177552310251456,0.34355104620502913,6
12165220,Rune Johnsen,12348586,Runar Leiren,5,1,1.7177552310251456,0.34355104620502913,6
10540801,Vasileios Nikolaou,7131339,Roger Mølmann,4,2,1.3681324750540766,0.6840662375270383,6
2827292,Simen Jøndal,8498578,Riaz Ali,2,4,0.6840662375270383,1.3681324750540766,6
1708121,Petter Olsen,2581136,Mona Søvold Sunde,1,5,0.33159376478533653,1.6579688239266828,6
1708121,Petter Olsen,1967863,Nate Komljenovic,2,4,0.6602573375042463,1.3205146750084926,6
3585947,Didrik Voga Berg,8217316,Ida Amundsen Holtet,6,0,1.9779547269269928,0.0,6
6181993,Kim Bjørnstad,8217316,Ida Amundsen Holtet,5,1,1.64335023010162,0.328670046020324,6
4797871,Johannes Ulsund,8217316,Ida Amundsen Holtet,4,2,1.314680184081296,0.657340092040648,6
1902521,Tom-Henrik Sandvik,6691281,Andreas Wahr-Hansen,2,4,0.657340092040648,1.314680184081296,6
3012666,Eirik Sandaaker,9588856,Michel Mateos,5,1,1.6288605309109674,0.3257721061821935,6
1902521,Tom-Henrik Sandvik,3587297,Didrik V Berg,2,4,0.634447458754202,1.268894917508404,6
16476664,Øystein Følling,8306234,Frode Ellingsen,4,2,1.268894917508404,0.634447458754202,6
1356128,Christian Moberg,1708121,Petter Olsen,2,4,0.634447458754202,1.268894917508404,6
1277819,Lasse Kåring,3587297,Didrik V Berg,4,2,1.268894917508404,0.634447458754202,6
5493128,Per christian Slåtta,8306234,Frode Ellingsen,5,1,1.5791036886673435,0.3158207377334687,6
7719582,Astrid E. Pedersen,8306234,Frode Ellingsen,0,6,0.0,1.8537262808465709,6
2194859,Eivind Yoo Yong Jae Johansen,2827292,Simen Jøndal,2,4,0.620551999667733,1.241103999335466,6
1510340,Andris Viksnins,7401493,Simen Skattum,4,2,1.2193144346860705,0.6096572173430352,6
5493128,Per christian Slåtta,7401493,Simen Skattum,2,4,0.6096572173430352,1.2193144346860705,6
7004013,Jone Berntsen Stava,8306234,Frode Ellingsen,5,1,1.5174088518135505,0.30348177036271007,6
1024799,Stig Nesvik,1157968,Jesper Gustafsson,1,5,0.3021408828517558,1.5107044142587789,6
1396429,Øyvind Stordahl,9014911,Erik Forsberg,4,2,1.2032263222627513,0.6016131611313756,6
1396429,Øyvind Stordahl,6839980,Daniel Lorentzen-Styr,2,4,0.6016131611313756,1.2032263222627513,6
1006183,Christel Hanah Johnsen,8970047,Ante Petricevic,5,1,1.4973908538557081,0.29947817077114164,6
1944631,Lars Haakon Lunde,5493128,Per christian Slåtta,1,5,0.298153662759502,1.49076831379751,6
5140422,Tomas Gryczon,7114931,Håkon Haukebøe,1,5,0.298153662759502,1.49076831379751,6
1024799,Stig Nesvik,8969328,Trygve Jensen,5,1,1.4841815833612522,0.2968363166722504,6
5140422,Tomas Gryczon,8969328,Trygve Jensen,1,5,0.2968363166722504,1.4841815833612522,6
1277819,Lasse Kåring,1946517,Ivan Tadic,6,0,1.5321236700564482,0.0,6
1356128,Christian Moberg,8227535,Martin Elgsæter,4,2,1.0123830982443431,0.5061915491221716,6
1081697,Giena Tanilon,5493128,Per christian Slåtta,4,2,1.0123830982443431,0.5061915491221716,6
1047734,Ole Kristian Rudshavn,7980809,Jan Petter Svendsen,6,0,1.513759103495136,0.0,6
1006225,Espen Hauge,1272012,Erol Dane Mula,1,5,0.25229318391585603,1.2614659195792801,6
2251353,Mentor Nuredini,6839980,Daniel Lorentzen-Styr,0,6,0.0,1.3966863681685782,6
1277819,Lasse Kåring,3073760,Ronny Jakobsen,2,4,0.49730454731532786,0.9946090946306557,6
1156277,Mathias Hæreid,1708121,Petter Olsen,1,5,0.24645986416248974,0.9999104028898976,6
1093760,Mindaugas Jomantas,3595353,Knut Holm,4,2,0.882550913310159,0.4412754566550795,6
1093760,Mindaugas Jomantas,7131339,Roger Mølmann,4,2,0.882550913310159,0.4412754566550795,6
1708121,Petter Olsen,7784582,Mathias Kolloen Nilsen,6,0,1.2066321874495638,0.0,6
1561935,Øystein Holm Krøvel,1969223,Ole Andreas Sandvik,2,4,0.43932574894112925,0.8786514978822585,6
1034683,Matias Nilsen,2251360,Joakim Elfstrøm,4,2,0.8786514978822585,0.43932574894112925,6
1034683,Matias Nilsen,7222054,Leif Norvald Nilsen,2,4,0.43932574894112925,0.8786514978822585,6
1024799,Stig Nesvik,3595359,Øivind Bakken,2,4,0.43738465571074586,0.8747693114214917,6
1027114,Jeremiah Torres,7131339,Roger Mølmann,2,4,0.4335281606217689,0.8670563212435378,6
1012750,Frode Myhre Larsen,5140422,Tomas Gryczon,5,1,0.9682634640078246,0.15898561153758564,6
1047734,Ole Kristian Rudshavn,7121356,Roger Mølmann,6,0,1.2987688709621372,0.0,6
3012666,Eirik Sandaaker,3119948,Huan Bao Ngo,3,3,0.6474190247151028,0.6474190247151028,6
1510340,Andris Viksnins,3635602,Rune Fevang,4,2,0.8518337615092051,0.42591688075460254,6
3405175,Lag 2,3405185,lag 12,4,2,0.8364815010832967,0.41824075054164833,6
3405180,Lag 7,3405181,Lag 8,4,2,0.8364815010832967,0.41824075054164833,6
1047611,Tam,4889312,Hamza Malik,3,3,0.624885629574861,0.624885629574861,6
6773261,Thomas Andreassen,6839980,Daniel Lorentzen-Styr,2,4,0.41475384533430504,0.82950769066861,6
2947260,Jasper Nicolaysen,3218903,Amir Bajrami,3,3,0.5234853785578977,0.5874123971380019,6
1006543,Trond Lid Cappelen,2052753,Morten Falk,2,4,0.4110928595186403,0.8221857190372805,6
1093760,Mindaugas Jomantas,3428055,Rune Fevang,4,2,0.8221857190372805,0.4110928595186403,6
1006215,Emil Andreassen,2052753,Morten Falk,2,4,0.40746818367977033,0.8149363673595407,6
2167690,Iselin Masternes,2947260,Jasper Nicolaysen,3,3,0.5904369126912468,0.5723720530822953,6
1006292,Jan Thomassen,1006332,Kent Halldin,4,2,0.8087522155545064,0.4043761077772532,6
1902521,Tom-Henrik Sandvik,2057268,Øyvind Stenhaug,5,1,0.8201654424089393,0.1729451763277787,6
1015461,Nils Arild Sabbasen,5185785,Benjamin Memeti,2,4,0.40387014459586884,0.8077402891917377,6
5185785,Benjamin Memeti,6181993,Kim Bjørnstad,1,5,0.20193507229793442,1.009675361489672,6
1006333,Kent Hansen,2298416,Terje Kristoffersen,1,5,0.2016505141537661,1.0082525707688303,6
1006333,Kent Hansen,1016719,Sebastian Meling,1,5,0.2001519385180723,1.0007596925903615,6
6550335,Usama Javed,6550337,Mats Rognås,4,2,0.797070391886331,0.3985351959431655,6
2057268,Øyvind Stenhaug,6550337,Mats Rognås,4,2,0.797070391886331,0.3985351959431655,6
2827292,Simen Jøndal,3611862,Minh Cong Bui,4,2,0.7796166437716204,0.3898083218858102,6
1750663,Tore Mo,4743665,Morten Bakken,1,5,0.19003909252382398,0.9501954626191199,6
1006320,Jørgen Nilsen,1093760,Mindaugas Jomantas,1,5,0.19003909252382398,0.9501954626191199,6
1042070,Henrik Olsson,1750663,Tore Mo,5,1,0.9418000503004774,0.18836001006009548,6
1030563,Alexander Baranji,4742719,Adiil Lusjanii,5,1,0.9418000503004774,0.18836001006009548,6
1967863,Nate Komljenovic,3428055,Rune Fevang,5,1,0.938233417568321,0.1876466835136642,6
1006183,Christel Hanah Johnsen,5558769,walk over 18,5,1,0.938233417568321,0.1876466835136642,6
3405174,Lag 1,3405185,lag 12,2,4,0.37292367614230554,0.7458473522846111,6
3405175,Lag 2,3405180,Lag 7,2,4,0.37292367614230554,0.7458473522846111,6
3405178,Lag 5,3405179,Lag 6,2,4,0.37292367614230554,0.7458473522846111,6
1006451,Robert Gelin Rysjedal,1022496,Jozef Kwit,2,4,0.3705769248719961,0.7411538497439922,6
1015952,Marius Farås,3428055,Rune Fevang,2,4,0.3705769248719961,0.7411538497439922,6
1035589,Sebastian Mæhlum,5493801,Rune Greaker,5,1,0.9246736163395846,0.1849347232679169,6
1006147,Arild Kråkvik,1061500,Jim Fors,2,4,0.3698694465358338,0.7397388930716676,6
4797871,Johannes Ulsund,5174448,Thomas Hilling Amundsen,4,2,0.7392710890031797,0.36963554450158986,6
1997987,Sven Høgdahl,3595359,Øivind Bakken,3,3,0.5471724953293085,0.5471724953293085,6
1279214,Daniel Axeborg,1750663,Tore Mo,5,1,0.8524052353214953,0.1823788135505732,6
1279214,Daniel Axeborg,16476664,Øystein Følling,4,2,0.7295152542022928,0.3647576271011464,6
1751833,Carlton Ford,5174448,Thomas Hilling Amundsen,2,4,0.3647576271011464,0.7295152542022928,6
3256681,Alex Hoang Hai Nguyen,5174448,Thomas Hilling Amundsen,0,6,0.0,1.091049630390406,6
2947265,Bernjard David C Ruiz,3081704,Sundar K,4,2,0.7097399269371251,0.3520993719360714,6
2792002,Shaq Bajrami,4797871,Johannes Ulsund,2,4,0.3631460016446298,0.7161392916857174,6
16476664,Øystein Følling,1969223,Ole Andreas Sandvik,4,2,0.7262920032892596,0.3631460016446298,6
1016894,Tommy Andersen,1969223,Ole Andreas Sandvik,1,5,0.18077074845362026,0.8363909711272063,6
1510340,Andris Viksnins,2251353,Mentor Nuredini,3,3,0.5351555896293718,0.4984661456812207,6
2166616,Philippe Béal,3081704,Sundar K,4,2,0.6719560520353256,0.3567703930862479,6
2057268,Øyvind Stenhaug,4935731,Rj Velasquez,0,6,0.0,1.0655962173573903,6
4889312,Hamza Malik,5105730,Kevin,6,0,1.060902025925562,0.0,6
4935731,Rj Velasquez,5140422,Tomas Gryczon,4,2,0.7010387876411602,0.35051595728862023,6
2166616,Philippe Béal,4935731,Rj Velasquez,4,2,0.7010387876411602,0.35051939382058006,6
1969238,Audun Brede,3119948,Huan Bao Ngo,2,4,0.33091126911382396,0.6685102783314844,6
1012750,Frode Myhre Larsen,1510340,Andris Viksnins,2,4,0.35051595728862023,0.7010319145772405,6
1022965,Tommy Bakke,2057268,Øyvind Stenhaug,4,2,0.6948507966516698,0.3474253983258349,6
2043792,Vaios Evangelou,2620565,Fadil,2,4,0.3474253983258349,0.6948507966516698,6
1969238,Audun Brede,3080986,Qazim Redzepi,6,0,1.0422761949775048,0.0,6
3080986,Qazim Redzepi,3428055,Rune Fevang,0,6,0.0,1.0422761949775048,6
4762948,Drilon Disha,4797871,Johannes Ulsund,1,5,0.1721810446742018,0.860905223371009,6
3428055,Rune Fevang,4734030,Ronny,5,1,0.860905223371009,0.1721810446742018,6
1091521,Silje Jacobsen,5140422,Tomas Gryczon,1,5,0.1721810446742018,0.860905223371009,6
3595353,Knut Holm,3719239,Odin,4,2,0.6826515801771179,0.3420831842630522,6
3595353,Knut Holm,4797871,Johannes Ulsund,6,0,1.0254921586146633,0.0,6
1968343,Silje Jacobsen,3595353,Knut Holm,2,4,0.34132579008855896,0.6826515801771179,6
2576334,Ridvan Avdi,3595359,Øivind Bakken,2,4,0.34132579008855896,0.6826515801771179,6
4797871,Johannes Ulsund,8383377,Tina Lindvall,4,2,0.6826515801771179,0.34132579008855896,6
2576334,Ridvan Avdi,3595353,Knut Holm,1,5,0.17066289504427948,0.8533144752213974,6
1750663,Tore Mo,2230546,Tor B.,2,4,0.33682146404237717,0.6736429280847543,6
2620562,Adil,2620565,Fadil,2,4,0.3129935956195733,0.6259871912391467,6
1047734,Ole Kristian Rudshavn,1298131,Jack Nordby,6,0,0.996354712384098,0.0,6
1071778,Deleted Account,1272012,Erol Dane Mula,2,4,0.3319628910766799,0.6639257821533598,6
1006359,Larry Skogheim,1024799,Stig Nesvik,4,2,0.6639257821533598,0.3319628910766799,6
1006208,Eirik Riisnæs,1022496,Jozef Kwit,4,2,0.6639257821533598,0.3319628910766799,6
1015461,Nils Arild Sabbasen,1022588,Nikolaos Chatzitheodorou,2,4,0.3319103960566742,0.6638207921133484,6
1014552,Baard Onsum,1071778,Deleted Account,2,4,0.3319103960566742,0.6638207921133484,6
2085426,Minh Bui Cong,2947260,Jasper Nicolaysen,3,3,0.48768596981682677,0.4920240035250232,6
2576372,Fadil Mustafa,3119948,Huan Bao Ngo,3,3,0.489093581651891,0.4927133316560456,6
1751232,Øyvind Stenhaug,2145734,Thong Trong Ho,4,2,0.6502031856263673,0.3265539834091201,6
2576372,Fadil Mustafa,3080986,Qazim Redzepi,4,2,0.6545443641056904,0.3272721820528452,6
1750663,Tore Mo,2085426,Minh Bui Cong,3,3,0.4912609410601091,0.49053635360524317,6
1750663,Tore Mo,2166616,Philippe Béal,3,3,0.4869325969095748,0.4883721815299761,6
1012750,Frode Myhre Larsen,2166616,Philippe Béal,4,2,0.6445124005087561,0.3236620081927824,6
1279214,Daniel Axeborg,2827292,Simen Jøndal,6,0,0.968847262233119,0.0,6
2166616,Philippe Béal,3256681,Alex Hoang Hai Nguyen,2,4,0.3215348142777019,0.6430696285554038,6
1751232,Øyvind Stenhaug,2085426,Minh Bui Cong,4,2,0.645893965598536,0.322946982799268,6
1022588,Nikolaos Chatzitheodorou,2653483,Shakir Bajrami,4,2,0.6444639148115071,0.32223195740575356,6
1157968,Jesper Gustafsson,2947265,Bernjard David C Ruiz,4,2,0.6444639148115071,0.32223195740575356,6
1157968,Jesper Gustafsson,2053323,Ib Christiansen,4,2,0.6444639148115071,0.32223195740575356,6
1006157,Asle M. Johansen,2251353,Mentor Nuredini,2,4,0.32223195740575356,0.6444639148115071,6
1969238,Audun Brede,2690021,Torkel Rønningen,2,4,0.3193854962085091,0.6387709924170181,6
2576372,Fadil Mustafa,2690021,Torkel Rønningen,3,3,0.4689109971103842,0.4566223402079981,6
1016897,Hannes Ragnar Leifsson,2653482,Adil Lusjani,0,6,0.0,0.9581470947504558,6
2620564,Ridvan,2653482,Adil Lusjani,0,6,0.0,0.9581470947504558,6
2052753,Morten Falk,2947262,Christian Lothar Ruiz,4,2,0.6303352331664634,0.3151676165832317,6
1946517,Ivan Tadic,3305265,Fredrik Nyberg,4,2,0.6303352331664634,0.3151676165832317,6
2251353,Mentor Nuredini,2684364,Huan,3,3,0.4603009921585812,0.4520188893654899,6
1012750,Frode Myhre Larsen,1969223,Ole Andreas Sandvik,3,3,0.4591197161947067,0.466512732639254,6
1016894,Tommy Andersen,2052753,Morten Falk,2,4,0.30826627355286373,0.6165325471057275,6
1006360,Lars Harby,1061500,Jim Fors,1,5,0.1522879849355783,0.7614399246778915,6
2251353,Mentor Nuredini,2625188,Christian Garmann Schjelderup,3,3,0.44302486996035195,0.4439357521501363,6
1006174,Børre Kofoed Karaka,1006374,Markus Kotvojs,2,4,0.2949136421918146,0.5898272843836292,6
1006374,Markus Kotvojs,1022588,Nikolaos Chatzitheodorou,4,2,0.5898272843836292,0.2949136421918146,6
1006374,Markus Kotvojs,1024799,Stig Nesvik,4,2,0.5898272843836292,0.2949136421918146,6
1006174,Børre Kofoed Karaka,1022588,Nikolaos Chatzitheodorou,2,4,0.2949136421918146,0.5898272843836292,6
1022496,Jozef Kwit,1024799,Stig Nesvik,4,2,0.5820435936197157,0.29102179680985785,6
1751232,Øyvind Stenhaug,2140752,Mats Larsen,1,5,0.1448679808875251,0.725625739472433,6
1670605,Bernadette Bodó,2431086,Adil,5,1,0.7230597506670905,0.14486893549648114,6
1006163,Bjørn Bratteberg,1359835,Per Hagen,2,4,0.28884725308105513,0.5776945061621103,6
1006333,Kent Hansen,1081546,Bent Brørs,2,4,0.28884725308105513,0.5776945061621103,6
1022496,Jozef Kwit,1022965,Tommy Bakke,3,3,0.3950593734275395,0.43080886854193956,6
1279214,Daniel Axeborg,2241168,Trond L,2,4,0.2833915051899456,0.5667830103798912,6
1022496,Jozef Kwit,1279214,Daniel Axeborg,1,5,0.1416957525949728,0.6366663192395291,6
1027114,Jeremiah Torres,2241168,Trond L,4,2,0.5667830103798912,0.2833915051899456,6
1006430,Pak San Li,16476664,Øystein Følling,4,2,0.5617855879337523,0.28089279396687616,6
1006215,Emil Andreassen,1027114,Jeremiah Torres,4,2,0.5593181670324615,0.27965908351623076,6
1944631,Lars Haakon Lunde,1967863,Nate Komljenovic,2,4,0.2771932816914832,0.5543865633829664,6
1030563,Alexander Baranji,1944604,Antonio De La Garza,4,2,0.5543865633829664,0.2771932816914832,6
1015952,Marius Farås,1561935,Øystein Holm Krøvel,2,4,0.2759685458231761,0.5519370916463522,6
1006430,Pak San Li,1024799,Stig Nesvik,4,2,0.5494984425237492,0.2747492212618746,6
1022965,Tommy Bakke,1279214,Daniel Axeborg,2,4,0.2747492212618746,0.5494984425237492,6
1006178,Carl Kolrud,1006543,Trond Lid Cappelen,4,2,0.5494984425237492,0.2747492212618746,6
1006430,Pak San Li,1279214,Daniel Axeborg,4,2,0.5494984425237492,0.2747492212618746,6
1006543,Trond Lid Cappelen,1279214,Daniel Axeborg,4,2,0.5494984425237492,0.2747492212618746,6
1697350,Philippe Beal,2052753,Morten Falk,2,4,0.27172592742647517,0.542252270017769,6
1670605,Bernadette Bodó,1697350,Philippe Beal,2,4,0.26078299683468387,0.5215659936693677,6
1697350,Philippe Beal,2167690,Iselin Masternes,5,1,0.6790119258159978,0.13556173842872699,6
1071778,Deleted Account,16476664,Øystein Følling,4,2,0.5422469537149079,0.27112347685745397,6
1006430,Pak San Li,1013991,Ahad Rashid,4,2,0.5422469537149079,0.27112347685745397,6
1006157,Asle M. Johansen,1071778,Deleted Account,2,4,0.26754557980425,0.5350911596085,6
1006171,Bjørnar Davidsen,2021209,Johnny Lotto,4,2,0.5280297973637049,0.26401489868185246,6
1006178,Carl Kolrud,1013991,Ahad Rashid,2,4,0.26401489868185246,0.5280297973637049,6
1944569,Philippe Beal,1969223,Ole Andreas Sandvik,3,3,0.3960223480227787,0.3960223480227787,6
1006373,Mark McGauley,1075717,Bjørn Erik Øverland,4,2,0.5272996190333166,0.2636498095166583,6
1015952,Marius Farås,1697351,Per Ingvarsson,2,4,0.2628483894713478,0.5256967789426956,6
1006174,Børre Kofoed Karaka,1612715,Kunta Kinte,2,4,0.2628483894713478,0.5256967789426956,6
1612715,Kunta Kinte,1969296,Alexander Reyes Monsen,4,2,0.5256967789426956,0.2628483894713478,6
1024799,Stig Nesvik,1131881,Lars Haakon Lunde,4,2,0.5210616208048567,0.26053081040242837,6
1006215,Emil Andreassen,1015952,Marius Farås,2,4,0.26053081040242837,0.5210616208048567,6
1022496,Jozef Kwit,1131881,Lars Haakon Lunde,2,4,0.26053081040242837,0.5210616208048567,6
1015952,Marius Farås,1131881,Lars Haakon Lunde,4,2,0.5210616208048567,0.26053081040242837,6
1015952,Marius Farås,1612715,Kunta Kinte,2,4,0.26053081040242837,0.5210616208048567,6
1006183,Christel Hanah Johnsen,1006487,Desak Sri Pustini,4,2,0.5187593901999022,0.2593796950999511,6
1006174,Børre Kofoed Karaka,1006178,Carl Kolrud,4,2,0.5187593901999022,0.2593796950999511,6
1968343,Silje Jacobsen,1969223,Ole Andreas Sandvik,1,5,0.12968984754997556,0.6484492377498778,6
1968343,Silje Jacobsen,1969239,Leko Antonijevic,1,5,0.12968984754997556,0.6484492377498778,6
1969223,Ole Andreas Sandvik,1969239,Leko Antonijevic,1,5,0.12968984754997556,0.6484492377498778,6
1750663,Tore Mo,1969239,Leko Antonijevic,1,5,0.12968984754997556,0.6484492377498778,6
1006157,Asle M. Johansen,1022965,Tommy Bakke,6,0,0.7701472169427149,0.0,6
1022965,Tommy Bakke,1131881,Lars Haakon Lunde,2,4,0.2570927001007602,0.5141854002015204,6
1279214,Daniel Axeborg,1934129,Johnny Lotto,2,4,0.2570927001007602,0.5141854002015204,6
1006157,Asle M. Johansen,1027114,Jeremiah Torres,4,2,0.5119135511193789,0.25595677555968943,6
1022496,Jozef Kwit,1498747,Andris Viksnins,2,4,0.25595677555968943,0.5119135511193789,6
1006171,Bjørnar Davidsen,1027114,Jeremiah Torres,2,4,0.25595677555968943,0.5119135511193789,6
1084882,Remi Kwit,1183878,Petter Olsen,2,4,0.25595677555968943,0.5119135511193789,6
1183869,Matias Myhrhaug,1934104,Milad Safa,4,2,0.5119135511193789,0.25595677555968943,6
1183878,Petter Olsen,1751232,Øyvind Stenhaug,4,2,0.5119135511193789,0.25595677555968943,6
1043840,Elisabeth Synnøve Roaas,1902521,Tom-Henrik Sandvik,2,4,0.25481915332698496,0.5096383066539699,6
1059772,Magnus Olaussen,1561935,Øystein Holm Krøvel,1,5,0.12572820862344647,0.6253153419562193,6
1006157,Asle M. Johansen,1015461,Nils Arild Sabbasen,4,2,0.5006907915089127,0.25034539575445636,6
1006239,Frank Hjeldnes,1006327,Ken Simon Røed,4,2,0.4947088966275916,0.2473544483137958,6
1006281,Jan Atle Kofoed,1061500,Jim Fors,2,4,0.24626263256737882,0.49252526513475764,6
1006195,Damianos Giallourakis,1024799,Stig Nesvik,6,0,0.7387878977021365,0.0,6
1006239,Frank Hjeldnes,1033026,Robin Hagerup Ertesvåg,5,1,0.615656581418447,0.12313131628368941,6
1006195,Damianos Giallourakis,1061500,Jim Fors,6,0,0.7387878977021365,0.0,6
1015461,Nils Arild Sabbasen,1059772,Magnus Olaussen,2,4,0.23529678799725817,0.47059357599451634,6
1022965,Tommy Bakke,1061500,Jim Fors,2,4,0.23529678799725817,0.47059357599451634,6
1022965,Tommy Bakke,1498747,Andris Viksnins,2,4,0.23529678799725817,0.47059357599451634,6
1006135,Anas Khan,1022496,Jozef Kwit,2,4,0.23529678799725817,0.47059357599451634,6
1036778,Ronald Natifu,1061500,Jim Fors,2,4,0.23529678799725817,0.47059357599451634,6
1006157,Asle M. Johansen,1498747,Andris Viksnins,4,2,0.47059357599451634,0.23529678799725817,6
1006453,Robin Nathan,1022496,Jozef Kwit,6,0,0.7048492064278998,0.0,6
1000003,Thomas Elmgren Stavang,1018532,Goran Nikolic,0,6,0.0,0.7048492064278998,6
1006328,Lioness Princess,1006515,Thorbjørn Vildar Dahl Eriksen,1,5,0.10592415639090456,0.5296207819545228,6
1006195,Damianos Giallourakis,1006197,Daniel Salole,5,1,0.5296207819545228,0.10592415639090456,6
1006453,Robin Nathan,44184394,Per Arne Grotthing,2,3,2.0,3.0,5
1006453,Robin Nathan,62353570,Hallvard Olaussen,4,1,4.0,1.0,5
1006549,Umar Hayat Ali,11218942,Stein Amundsen,4,1,4.0,1.0,5
1006453,Robin Nathan,1006458,Roger Rasmussen,3,2,3.0,2.0,5
1006453,Robin Nathan,13720633,Håkon Haukebøe,3,2,3.0,2.0,5
7038973,James Leahy,82125409,Ralfs Savielis,4,1,3.982326615409529,0.9955816538523823,5
1024805,Audun Bjerve,42921529,Joshua Turla Tuppal,3,2,2.9867449615571466,1.9911633077047646,5
1006458,Roger Rasmussen,26005654,Jacob Sæther,4,1,3.982326615409529,0.9955816538523823,5
1006184,Christian Johannessen,71956222,Raymond Mælen,4,1,3.982326615409529,0.9955816538523823,5
1272012,Erol Dane Mula,7038973,James Leahy,2,3,1.9911633077047646,2.9867449615571466,5
48159925,Ole-Jakob Rosenvold,85089859,Stian Rekdal,3,2,2.9867449615571466,1.9911633077047646,5
11218942,Stein Amundsen,6839980,Daniel Lorentzen-Styr,2,3,1.9911633077047646,2.9867449615571466,5
1006458,Roger Rasmussen,6600268,Kim Soo Garmark,1,4,0.9955816538523823,3.982326615409529,5
3682319,Lasse Rognlien,55264855,Emil Solskjaer,4,1,3.977291434606124,0.994322858651531,5
20396602,Erik Sørensen,81177493,Bjørn Wildhagen,4,1,3.977291434606124,0.994322858651531,5
1006220,Erik Gårdelöf,75505852,Flavio Wicki,5,0,4.955914147437223,0.0,5
75505852,Flavio Wicki,82125409,Ralfs Savielis,4,1,3.959718384318079,0.9899295960795198,5
77274373,Elin Demoniere,82125409,Ralfs Savielis,1,4,0.9899295960795198,3.959718384318079,5
5140422,Tomas Gryczon,80088046,Kim Rui,3,2,2.960410321953582,1.973606881302388,5
1024805,Audun Bjerve,1030563,Alexander Baranji,2,3,1.973606881302388,2.960410321953582,5
1006431,Pål Daud Fillipsveen,80198077,Nils Vogt,4,1,3.947213762604776,0.986803440651194,5
51736666,Yakup Aliz,85089859,Stian Rekdal,4,1,3.947213762604776,0.986803440651194,5
26899522,Brian Stensland,78617272,Harald Fjeldberg,2,3,1.971111488924538,2.956667233386807,5
69888928,T M.H,75505852,Flavio Wicki,3,2,2.956667233386807,1.971111488924538,5
1073747,John Erstad,25875517,Christian Hedin,4,1,3.9124105058103846,0.9781026264525962,5
12348586,Runar Leiren,75505852,Flavio Wicki,3,2,2.9305977942411503,1.9537318628274336,5
20396602,Erik Sørensen,3183489,Knut-Håkon Helgesen,2,3,1.9537318628274336,2.9305977942411503,5
3682319,Lasse Rognlien,59180038,Nestori Hovi,0,5,0.0,4.868873068919168,5
3430505,Ben Tanner,59180038,Nestori Hovi,4,1,3.8950984551353343,0.9737746137838336,5
44184394,Per Arne Grotthing,72868804,Sander Naas-Mælen,4,1,3.8950984551353343,0.9737746137838336,5
1006536,Tormod Rygge,77274373,Elin Demoniere,4,1,3.890199198355664,0.972549799588916,5
25875517,Christian Hedin,86091817,André Henriksen,4,1,3.890199198355664,0.972549799588916,5
26005654,Jacob Sæther,75505852,Flavio Wicki,4,1,3.890199198355664,0.972549799588916,5
1006536,Tormod Rygge,86091817,André Henriksen,4,1,3.890199198355664,0.972549799588916,5
1006549,Umar Hayat Ali,2053323,Ib Christiansen,1,4,0.972549799588916,3.890199198355664,5
26005654,Jacob Sæther,80198077,Nils Vogt,3,2,2.917649398766748,1.945099599177832,5
1006333,Kent Hansen,1006536,Tormod Rygge,1,4,0.972549799588916,3.890199198355664,5
25875517,Christian Hedin,80198077,Nils Vogt,4,1,3.890199198355664,0.972549799588916,5
75505852,Flavio Wicki,80198077,Nils Vogt,3,2,2.908422809743101,1.938948539828734,5
42921529,Joshua Turla Tuppal,4849639,Petter Rognlien,4,1,3.873010951714144,0.968252737928536,5
1006214,Emil André Gangfløt,13720633,Håkon Haukebøe,5,0,4.8412636896426795,0.0,5
43127857,Manabu Sekiguchi,85089859,Stian Rekdal,4,1,3.873010951714144,0.968252737928536,5
1006549,Umar Hayat Ali,77274373,Elin Demoniere,5,0,4.8412636896426795,0.0,5
71956222,Raymond Mælen,85089859,Stian Rekdal,3,2,2.904758213785608,1.936505475857072,5
42921529,Joshua Turla Tuppal,63113578,Håkon Kristiansen,3,2,2.2696819870218636,1.936505475857072,5
43127857,Manabu Sekiguchi,54197755,Tom erik Lysenstøen,4,1,3.873010951714144,0.968252737928536,5
1006214,Emil André Gangfløt,77274373,Elin Demoniere,5,0,4.8412636896426795,0.0,5
1095179,Ernesto Antonio Meléndez,62353570,Hallvard Olaussen,4,1,3.8558732403820826,0.9639683100955206,5
1006549,Umar Hayat Ali,80198077,Nils Vogt,4,1,3.8436965572026978,0.9609241393006744,5
44119141,Gaute Rogstad,6839980,Daniel Lorentzen-Styr,1,4,0.9609241393006744,3.8436965572026978,5
43127857,Manabu Sekiguchi,80088046,Kim Rui,3,2,2.8791274932785536,1.9194183288523692,5
1006549,Umar Hayat Ali,17419783,Ketil Blix,5,0,4.798545822130923,0.0,5
6686119,Levi Pavdeja,81177493,Bjørn Wildhagen,5,0,4.798545822130923,0.0,5
6839980,Daniel Lorentzen-Styr,80088046,Kim Rui,5,0,4.798545822130923,0.0,5
1024799,Stig Nesvik,85089859,Stian Rekdal,3,2,2.8791274932785536,1.9194183288523692,5
3185355,Ivar Lexi,71956222,Raymond Mælen,4,1,3.82671377532657,0.9566784438316425,5
1024799,Stig Nesvik,3183489,Knut-Håkon Helgesen,2,3,1.9049155670064308,2.857373350509646,5
53204752,Julianne Myhren-heyerdahl,9588856,Michel Mateos,2,3,1.9025070266677295,2.8537605400015944,5
17419783,Ketil Blix,3185355,Ivar Lexi,0,5,0.0,4.735252730189091,5
1030563,Alexander Baranji,81177493,Bjørn Wildhagen,5,0,4.735252730189091,0.0,5
12042235,Evert Andersson,44184394,Per Arne Grotthing,1,4,0.944059800820057,3.776239203280228,5
1123060,"Paweł ""Mumrikken"" Zalewski",63113578,Håkon Kristiansen,4,1,3.771464595624531,0.9428661489061327,5
26143903,Katrine Sætereng,63113578,Håkon Kristiansen,4,1,3.771464595624531,0.9428661489061327,5
1006204,Egil Arne Sørensen,1123060,"Paweł ""Mumrikken"" Zalewski",4,1,3.771464595624531,0.9428661489061327,5
1095179,Ernesto Antonio Meléndez,83739619,Aalok Jain,4,1,3.759554471343932,0.939888617835983,5
1006163,Bjørn Bratteberg,10220035,Marius Lamby Solvang,2,3,1.879777235671966,2.819665853507949,5
1006194,Dag-jøran Aralden,71956222,Raymond Mælen,4,1,3.7548009595575764,0.9387002398893941,5
1341947,Angelos Kyriakou,20183539,Casper Herland Aralden,1,4,0.9387002398893941,3.7548009595575764,5
10651267,Marcin Góra,34778635,Wiktor Kaczmarek,1,4,0.9387002398893941,3.7548009595575764,5
36694312,David Slacek,8976389,April Gonzales,3,2,2.8161007196681824,1.8774004797787882,5
18119206,Julia Babica,83723041,Luka Bugarski,2,3,1.8774004797787882,2.8161007196681824,5
13252696,Brede Arnøy,8970047,Ante Petricevic,2,3,1.8774004797787882,2.8161007196681824,5
1006194,Dag-jøran Aralden,8976389,April Gonzales,3,2,2.8161007196681824,1.8774004797787882,5
21247174,Iris Eijmberts,28669342,EM Thai,3,2,2.8161007196681824,1.8774004797787882,5
1417853,Robin Hauge Pettersen,83723089,Shane Petrick,1,4,0.9387002398893941,3.7548009595575764,5
21247174,Iris Eijmberts,83723041,Luka Bugarski,1,4,0.9387002398893941,3.7548009595575764,5
14638297,Joakim Langkås,83723089,Shane Petrick,2,3,1.8774004797787882,2.8161007196681824,5
6600268,Kim Soo Garmark,8760495,Emir Pandzic,4,1,3.7548009595575764,0.9387002398893941,5
6600268,Kim Soo Garmark,8976389,April Gonzales,4,1,3.7548009595575764,0.9387002398893941,5
83723041,Luka Bugarski,83723089,Shane Petrick,4,1,3.7548009595575764,0.9387002398893941,5
31114699,Ferdinand Jaggi,7959797,Pergantis Zalachas,1,4,0.934552737300711,3.738210949202844,5
1095179,Ernesto Antonio Meléndez,50993632,Kester Hvattum,4,1,3.738210949202844,0.934552737300711,5
3185355,Ivar Lexi,83477917,Fabian Andersen,5,0,4.672763686503555,0.0,5
43127857,Manabu Sekiguchi,77274373,Elin Demoniere,4,1,3.738210949202844,0.934552737300711,5
26143903,Katrine Sætereng,83477917,Fabian Andersen,4,1,3.738210949202844,0.934552737300711,5
1095179,Ernesto Antonio Meléndez,43127857,Manabu Sekiguchi,2,3,1.869105474601422,2.8036582119021327,5
1272012,Erol Dane Mula,82895710,Rolf Woods,4,1,3.7264058385188528,0.9316014596297132,5
1006403,Niklas Engström-Øvretveit,17978686,Ibra Alkhader,0,5,0.0,4.658007298148566,5
1006549,Umar Hayat Ali,4849639,Petter Rognlien,5,0,4.658007298148566,0.0,5
1006562,Yousef Austrheim,53649337,Erlend Helgesen,1,4,0.9316014596297132,3.7264058385188528,5
1024805,Audun Bjerve,77274373,Elin Demoniere,5,0,4.658007298148566,0.0,5
1073747,John Erstad,1095179,Ernesto Antonio Meléndez,2,3,1.8632029192594264,2.7948043788891397,5
80088046,Kim Rui,81875407,Sa-Lee Suwannachuen,2,3,1.8632029192594264,2.7948043788891397,5
1006403,Niklas Engström-Øvretveit,53649337,Erlend Helgesen,1,4,0.9316014596297132,3.7264058385188528,5
17978686,Ibra Alkhader,81875407,Sa-Lee Suwannachuen,5,0,4.658007298148566,0.0,5
2947265,Bernjard David C Ruiz,81875407,Sa-Lee Suwannachuen,2,3,1.8608471196282255,2.7912706794423383,5
1298131,Jack Nordby,80088046,Kim Rui,4,1,3.721694239256451,0.9304235598141127,5
1035589,Sebastian Mæhlum,1298131,Jack Nordby,4,1,3.69354948284165,0.9233873707104125,5
11218942,Stein Amundsen,1510340,Andris Viksnins,4,1,3.69354948284165,0.9233873707104125,5
26005654,Jacob Sæther,6545064,Kim-Olaf Sørensen,4,1,3.69354948284165,0.9233873707104125,5
1298131,Jack Nordby,53204752,Julianne Myhren-heyerdahl,4,1,3.6888794265533322,0.9222198566383331,5
13720633,Håkon Haukebøe,1510340,Andris Viksnins,1,4,0.9222198566383331,3.6888794265533322,5
26143903,Katrine Sætereng,81875407,Sa-Lee Suwannachuen,4,1,3.6888794265533322,0.9222198566383331,5
1006298,Jarek (Barracuda) Kapuściński,1006420,Ole Tobias Tanilon Gangfløt,3,2,2.7666595699149994,1.8444397132766661,5
2194859,Eivind Yoo Yong Jae Johansen,26143903,Katrine Sætereng,2,3,1.8444397132766661,2.7666595699149994,5
1006214,Emil André Gangfløt,2194859,Eivind Yoo Yong Jae Johansen,5,0,4.611099283191665,0.0,5
16686499,Herman Aleksander Wium,73722376,Seva Tkach,1,4,0.9193075256782753,3.6772301027131014,5
1030563,Alexander Baranji,62353570,Hallvard Olaussen,5,0,4.596537628391377,0.0,5
1006448,Roald Pettersen,53204752,Julianne Myhren-heyerdahl,4,1,3.6772301027131014,0.9193075256782753,5
43127857,Manabu Sekiguchi,53060527,Mazen AlAli,3,2,2.7422654607368653,1.828176973824577,5
1006163,Bjørn Bratteberg,62353570,Hallvard Olaussen,5,0,4.570442434561443,0.0,5
2947265,Bernjard David C Ruiz,53060527,Mazen AlAli,4,1,3.656353947649154,0.9140884869122885,5
43127857,Manabu Sekiguchi,4849639,Petter Rognlien,4,1,3.656353947649154,0.9140884869122885,5
2947265,Bernjard David C Ruiz,71956222,Raymond Mælen,4,1,3.656353947649154,0.9140884869122885,5
1006431,Pål Daud Fillipsveen,77274373,Elin Demoniere,5,0,4.556009172354473,0.0,5
62353570,Hallvard Olaussen,78855460,Raymund Perez,4,1,3.6401989102702315,0.9100497275675579,5
13720633,Håkon Haukebøe,80766817,Tobias Bratseth,4,1,3.6401989102702315,0.9100497275675579,5
3183489,Knut-Håkon Helgesen,74738734,Frode Johansen,4,1,3.6401989102702315,0.9100497275675579,5
3183489,Knut-Håkon Helgesen,80766817,Tobias Bratseth,3,2,2.7301491827026734,1.8200994551351157,5
3183489,Knut-Håkon Helgesen,78855460,Raymund Perez,3,2,2.7301491827026734,1.8200994551351157,5
2053323,Ib Christiansen,77274373,Elin Demoniere,5,0,4.5358930950571414,0.0,5
11218942,Stein Amundsen,77274373,Elin Demoniere,5,0,4.5358930950571414,0.0,5
13720633,Håkon Haukebøe,80198077,Nils Vogt,2,3,1.8143572380228565,2.7215358570342847,5
1006431,Pål Daud Fillipsveen,2053323,Ib Christiansen,2,3,1.8143572380228565,2.7215358570342847,5
1006163,Bjørn Bratteberg,2947265,Bernjard David C Ruiz,4,1,3.624115251438477,0.9060288128596192,5
43127857,Manabu Sekiguchi,7959797,Pergantis Zalachas,4,1,3.624115251438477,0.9060288128596192,5
33729541,Eivind Yoo Yong Jae Johansen,74738734,Frode Johansen,4,1,3.5303856458168603,0.9060288128596192,5
62353570,Hallvard Olaussen,74738734,Frode Johansen,3,2,2.7180864385788577,1.8040513278893804,5
1047363,Vinko Smolic,6686119,Levi Pavdeja,0,5,0.0,4.515838062625058,5
27634768,Roger Andresen,6686119,Levi Pavdeja,1,4,0.9031676125250115,3.612670450100046,5
1006431,Pål Daud Fillipsveen,1061867,Stig Ringebo,2,3,1.806335225050023,2.7095028375750347,5
1006292,Jan Thomassen,80198077,Nils Vogt,3,2,2.7095028375750347,1.806335225050023,5
1024805,Audun Bjerve,16476664,Øystein Følling,2,3,1.806335225050023,2.7095028375750347,5
26005654,Jacob Sæther,76192783,Chris Wells,4,1,3.612670450100046,0.9031676125250115,5
16476664,Øystein Følling,80198077,Nils Vogt,3,2,2.7095028375750347,1.806335225050023,5
1006163,Bjørn Bratteberg,5140422,Tomas Gryczon,4,1,3.6081026557787608,0.9020256639446902,5
71803366,Jakob Corcoran-Øien,77274373,Elin Demoniere,4,1,3.5764763677667357,0.9020256639446902,5
2194859,Eivind Yoo Yong Jae Johansen,53060527,Mazen AlAli,3,2,2.7003179962754302,1.7982923323307398,5
2194859,Eivind Yoo Yong Jae Johansen,24897019,Robert Hedin,2,3,1.798354210767117,2.6975313161506755,5
11218942,Stein Amundsen,17978686,Ibra Alkhader,0,5,0.0,4.495885526917792,5
1272012,Erol Dane Mula,16476664,Øystein Følling,2,3,1.798354210767117,2.6975313161506755,5
26005654,Jacob Sæther,3183489,Knut-Håkon Helgesen,4,1,3.596708421534234,0.8991771053835586,5
1061867,Stig Ringebo,3183489,Knut-Håkon Helgesen,2,3,1.798354210767117,2.6975313161506755,5
16144084,Truls Bakken,1960202,Ola Magnus Johnsen,4,1,3.596708421534234,0.8991771053835586,5
1006562,Yousef Austrheim,3183489,Knut-Håkon Helgesen,4,1,3.596708421534234,0.8991771053835586,5
53060527,Mazen AlAli,79780879,Kim Alexander Foss,3,2,2.6941206069820436,1.7960804046546957,5
19616722,Lobsang Thupten,79780918,Viktorija Kraft,4,1,3.5921608093093913,0.8980402023273478,5
1006147,Arild Kråkvik,5689902,Roger Andresen,1,4,0.8962666683860496,3.5850666735441985,5
54197755,Tom erik Lysenstøen,7711820,Marie Hoff Petersen,2,3,1.7925333367720993,2.688800005158149,5
1006359,Larry Skogheim,53204752,Julianne Myhren-heyerdahl,4,1,3.5850666735441985,0.8962666683860496,5
1157968,Jesper Gustafsson,7711820,Marie Hoff Petersen,4,1,3.5850666735441985,0.8962666683860496,5
17978686,Ibra Alkhader,73722376,Seva Tkach,5,0,4.476021148419806,0.0,5
1006373,Mark McGauley,76192783,Chris Wells,2,3,1.7904084593679221,2.685612689051883,5
1123060,"Paweł ""Mumrikken"" Zalewski",76192783,Chris Wells,2,3,1.7904084593679221,2.685612689051883,5
53060527,Mazen AlAli,9221877,Johnny Wu,4,1,3.576289399435956,0.894072349858989,5
48159925,Ole-Jakob Rosenvold,74738734,Frode Johansen,4,1,3.576289399435956,0.894072349858989,5
1014092,Martin Meintjes,52645105,Tommy Bratseth,5,0,4.436672246788024,0.0,5
27634768,Roger Andresen,7906080,Alessandro Luca,2,3,1.7724250398773553,2.6586375598160332,5
51736666,Yakup Aliz,6839980,Daniel Lorentzen-Styr,3,2,2.6502416958349118,1.7668277972232747,5
1006163,Bjørn Bratteberg,53649337,Erlend Helgesen,3,2,2.6502416958349118,1.7668277972232747,5
1006163,Bjørn Bratteberg,7959797,Pergantis Zalachas,3,2,2.646890778795708,1.764593852530472,5
5689902,Roger Andresen,74738734,Frode Johansen,4,1,3.529187705060944,0.882296926265236,5
1566758,Tor-Arne Slorafoss,72868804,Sander Naas-Mælen,4,1,3.529187705060944,0.882296926265236,5
19030543,Martin Olsson,20396602,Erik Sørensen,4,1,3.529187705060944,0.882296926265236,5
5689902,Roger Andresen,77274373,Elin Demoniere,3,2,2.646890778795708,1.764593852530472,5
54197755,Tom erik Lysenstøen,5689902,Roger Andresen,1,4,0.882296926265236,3.529187705060944,5
19030543,Martin Olsson,72868804,Sander Naas-Mælen,4,1,3.529187705060944,0.882296926265236,5
31114699,Ferdinand Jaggi,6691281,Andreas Wahr-Hansen,4,1,3.5224887237045683,0.8806221809261421,5
16686499,Herman Aleksander Wium,77931514,Kevin Le Falconelli,1,4,0.8806221809261421,3.5224887237045683,5
6691281,Andreas Wahr-Hansen,77931460,Daniel Nordhaug,1,4,0.8806221809261421,3.5224887237045683,5
44184394,Per Arne Grotthing,55415260,Dag Erik Wiig,2,3,1.7590213404319093,2.638532010647864,5
1010312,Mikael Øgaard,7222054,Leif Norvald Nilsen,5,0,4.3975533510797735,0.0,5
1006360,Lars Harby,44184394,Per Arne Grotthing,1,4,0.8795106702159546,3.5180426808638185,5
1010312,Mikael Øgaard,44184394,Per Arne Grotthing,5,0,4.3975533510797735,0.0,5
1010312,Mikael Øgaard,26005654,Jacob Sæther,4,1,3.5180426808638185,0.8795106702159546,5
1010312,Mikael Øgaard,1024805,Audun Bjerve,4,1,3.502498750537669,0.8756246876344173,5
1006163,Bjørn Bratteberg,54197755,Tom erik Lysenstøen,4,1,3.502498750537669,0.8756246876344173,5
1061867,Stig Ringebo,7959797,Pergantis Zalachas,4,1,3.4870234986761948,0.8717558746690487,5
44184394,Per Arne Grotthing,9924259,Amin Asil,4,1,3.4826145700580304,0.8706536425145076,5
7906080,Alessandro Luca,8270907,Christian Söderström,1,4,0.8706536425145076,3.4826145700580304,5
53204752,Julianne Myhren-heyerdahl,7906080,Alessandro Luca,2,3,1.7413072850290152,2.6119609275435227,5
13720633,Håkon Haukebøe,2947262,Christian Lothar Ruiz,3,2,2.600420380041583,1.7336135866943887,5
1022496,Jozef Kwit,8970047,Ante Petricevic,2,3,1.7303267023307787,2.5954900534961682,5
1006204,Egil Arne Sørensen,16686499,Herman Aleksander Wium,2,3,1.7303267023307787,2.5954900534961682,5
40844470,Øyvind Løvseth,6691281,Andreas Wahr-Hansen,4,1,3.4606534046615574,0.8651633511653893,5
1022496,Jozef Kwit,53060527,Mazen AlAli,5,0,4.3258167558269465,0.0,5
1006513,Thomas Fjæran,53649337,Erlend Helgesen,5,0,4.32034727238385,0.0,5
1093760,Mindaugas Jomantas,53060527,Mazen AlAli,5,0,4.32034727238385,0.0,5
1006399,Nedzat Cimilji,54197755,Tom erik Lysenstøen,4,1,3.4562778179070794,0.8640694544767699,5
44184394,Per Arne Grotthing,52390867,Emil Johannesen,4,1,3.4562778179070794,0.8640694544767699,5
1960202,Ola Magnus Johnsen,53060527,Mazen AlAli,3,2,2.5922083634303097,1.7281389089535397,5
3185355,Ivar Lexi,75757273,Oliver Milett,4,1,3.4562778179070794,0.8640694544767699,5
1006399,Nedzat Cimilji,53060527,Mazen AlAli,4,1,3.4562778179070794,0.8640694544767699,5
63113578,Håkon Kristiansen,71956222,Raymond Mælen,1,4,0.8629769408910799,3.4519077635643196,5
44119141,Gaute Rogstad,75757273,Oliver Milett,2,3,1.7259538817821598,2.5889308226732397,5
71956222,Raymond Mælen,74738734,Frode Johansen,2,3,1.7259538817821598,2.5889308226732397,5
1006214,Emil André Gangfløt,59525161,Wojciech Wajda,4,1,3.441006786125233,0.8602516965313083,5
1597907,Haukur Stefansson,3682319,Lasse Rognlien,4,1,3.441006786125233,0.8602516965313083,5
1006399,Nedzat Cimilji,58087078,Bias Hagen,4,1,3.441006786125233,0.8602516965313083,5
1006292,Jan Thomassen,53204752,Julianne Myhren-heyerdahl,5,0,4.301258482656541,0.0,5
1093760,Mindaugas Jomantas,3212629,Rolf G. Sedsbøe Jensen,4,1,3.441006786125233,0.8602516965313083,5
1272012,Erol Dane Mula,53060527,Mazen AlAli,5,0,4.301258482656541,0.0,5
3185355,Ivar Lexi,56994721,Rolf-Tommy Østensson,2,3,1.7205033930626166,2.580755089593925,5
1006214,Emil André Gangfløt,8217316,Ida Amundsen Holtet,5,0,4.301258482656541,0.0,5
1006399,Nedzat Cimilji,1022496,Jozef Kwit,1,4,0.8602516965313083,3.441006786125233,5
1597907,Haukur Stefansson,56994721,Rolf-Tommy Østensson,1,4,0.8602516965313083,3.441006786125233,5
3212629,Rolf G. Sedsbøe Jensen,53204752,Julianne Myhren-heyerdahl,4,1,3.441006786125233,0.8602516965313083,5
1006399,Nedzat Cimilji,74738734,Frode Johansen,4,1,3.4258032270478305,0.8564508067619576,5
3185355,Ivar Lexi,74738734,Frode Johansen,4,1,3.4258032270478305,0.8564508067619576,5
1006448,Roald Pettersen,74738734,Frode Johansen,4,1,3.421471704219359,0.8553679260548398,5
33729541,Eivind Yoo Yong Jae Johansen,53204752,Julianne Myhren-heyerdahl,2,3,1.7107358521096796,2.5661037781645195,5
27634768,Roger Andresen,72868804,Sander Naas-Mælen,4,1,3.421471704219359,0.8553679260548398,5
2581136,Mona Søvold Sunde,71956222,Raymond Mælen,1,4,0.8553679260548398,3.421471704219359,5
42921529,Joshua Turla Tuppal,8970047,Ante Petricevic,2,3,1.7053334212785536,2.5580001319178303,5
1272012,Erol Dane Mula,1597907,Haukur Stefansson,4,1,3.410666842557107,0.8526667106392768,5
1006220,Erik Gårdelöf,1597907,Haukur Stefansson,5,0,4.263333553196384,0.0,5
1093760,Mindaugas Jomantas,8970047,Ante Petricevic,4,1,3.410666842557107,0.8526667106392768,5
33729541,Eivind Yoo Yong Jae Johansen,69888928,T M.H,3,2,2.5547658434218787,1.7031772289479192,5
54197755,Tom erik Lysenstøen,69888928,T M.H,0,5,0.0,4.176970251818762,5
3185355,Ivar Lexi,63113578,Håkon Kristiansen,4,1,3.395597335852487,0.8488993339631218,5
52645105,Tommy Bratseth,73722376,Seva Tkach,3,2,2.5466980018893652,1.6977986679262436,5
1006220,Erik Gårdelöf,52645105,Tommy Bratseth,5,0,4.244496669815609,0.0,5
3682319,Lasse Rognlien,53060527,Mazen AlAli,4,1,3.391304004799374,0.8478260011998435,5
10220035,Marius Lamby Solvang,19616722,Lobsang Thupten,2,3,1.687003513784446,2.530505270676669,5
42921529,Joshua Turla Tuppal,8270907,Christian Söderström,2,3,1.687003513784446,2.530505270676669,5
40844470,Øyvind Løvseth,48159925,Ole-Jakob Rosenvold,3,2,2.528638389461957,1.6857589263079713,5
1006403,Niklas Engström-Øvretveit,8217316,Ida Amundsen Holtet,3,2,2.528638389461957,1.6857589263079713,5
13295035,Jan Olav Johnsen,58672273,Santo Angel Maican Lara,5,0,4.214397315769928,0.0,5
1006431,Pål Daud Fillipsveen,73236004,Dragan Ceranic,2,3,1.6857589263079713,2.528638389461957,5
19616722,Lobsang Thupten,25875517,Christian Hedin,0,5,0.0,4.214397315769928,5
1272012,Erol Dane Mula,8970047,Ante Petricevic,5,0,4.214397315769928,0.0,5
1006197,Daniel Salole,40384564,James Acker,5,0,4.214397315769928,0.0,5
1006513,Thomas Fjæran,73236004,Dragan Ceranic,5,0,4.214397315769928,0.0,5
1566592,Kim Bengtsson,2947265,Bernjard David C Ruiz,1,4,0.8428794631539857,3.3715178526159426,5
44119141,Gaute Rogstad,8498578,Riaz Ali,1,4,0.8428794631539857,3.3715178526159426,5
1006403,Niklas Engström-Øvretveit,57799534,Iris Marie Evdahl,5,0,4.214397315769928,0.0,5
20361406,Amir Khan,44184394,Per Arne Grotthing,4,1,3.3715178526159426,0.8428794631539857,5
1006277,Ingolf Höns,16636270,Stian Wium,5,0,4.214397315769928,0.0,5
1006403,Niklas Engström-Øvretveit,40384564,James Acker,5,0,4.214397315769928,0.0,5
10585213,Veejay Adriano,20124274,Paolo Speciale,2,3,1.6857589263079713,2.528638389461957,5
1006277,Ingolf Höns,14638297,Joakim Langkås,1,4,0.8428794631539857,3.3715178526159426,5
1006204,Egil Arne Sørensen,10220035,Marius Lamby Solvang,4,1,3.3614022991291463,0.8403505747822866,5
1006360,Lars Harby,17419783,Ketil Blix,5,0,4.183188075287744,0.0,5
2947265,Bernjard David C Ruiz,50993632,Kester Hvattum,4,1,3.3465504602301954,0.8366376150575489,5
1006145,Aria Senemar,53649337,Erlend Helgesen,4,1,3.3359821966598897,0.8339955491649724,5
1006562,Yousef Austrheim,54197755,Tom erik Lysenstøen,3,2,2.5019866474949173,1.6679910983299449,5
1006214,Emil André Gangfløt,1006513,Thomas Fjæran,3,2,2.5019866474949173,1.6679910983299449,5
1006220,Erik Gårdelöf,1030563,Alexander Baranji,4,1,3.3359821966598897,0.8339955491649724,5
2166616,Philippe Béal,69888928,T M.H,3,2,2.498823181422322,1.6658821209482146,5
1006513,Thomas Fjæran,1024799,Stig Nesvik,5,0,4.151553340715945,0.0,5
1006145,Aria Senemar,33729541,Eivind Yoo Yong Jae Johansen,4,1,3.321242672572756,0.830310668143189,5
54197755,Tom erik Lysenstøen,71804122,Henning Hagen,1,4,0.830310668143189,3.321242672572756,5
1960202,Ola Magnus Johnsen,8217316,Ida Amundsen Holtet,5,0,4.151553340715945,0.0,5
55415260,Dag Erik Wiig,69888928,T M.H,3,2,2.4877825156451063,1.6585216770967377,5
50993632,Kester Hvattum,58717324,Kjetil Kristensen,2,3,1.6511937542339967,2.476790631350995,5
50993632,Kester Hvattum,53204752,Julianne Myhren-heyerdahl,4,1,3.3023875084679934,0.8255968771169984,5
17419783,Ketil Blix,31114699,Ferdinand Jaggi,3,2,2.476790631350995,1.6511937542339967,5
50993632,Kester Hvattum,63113578,Håkon Kristiansen,4,1,3.3023875084679934,0.8255968771169984,5
42921529,Joshua Turla Tuppal,58087078,Bias Hagen,4,1,3.2919587096151073,0.8229896774037768,5
1006333,Kent Hansen,53649337,Erlend Helgesen,2,3,1.6459793548075536,2.4689690322113305,5
19030543,Martin Olsson,44119141,Gaute Rogstad,2,3,1.6438982086710066,2.4658473130065097,5
1006431,Pål Daud Fillipsveen,53649337,Erlend Helgesen,2,3,1.6387068482661813,2.4580602723992717,5
1006333,Kent Hansen,71804122,Henning Hagen,4,1,3.2774136965323626,0.8193534241330906,5
44184394,Per Arne Grotthing,63113578,Håkon Kristiansen,4,1,3.2774136965323626,0.8193534241330906,5
1006184,Christian Johannessen,7719582,Astrid E. Pedersen,4,1,3.2774136965323626,0.8193534241330906,5
1024805,Audun Bjerve,1093760,Mindaugas Jomantas,1,4,0.8193534241330906,3.2774136965323626,5
3185355,Ivar Lexi,8970047,Ante Petricevic,4,1,3.262932948352139,0.8157332370880348,5
1027114,Jeremiah Torres,25875517,Christian Hedin,1,4,0.8157332370880348,3.262932948352139,5
27634768,Roger Andresen,62353570,Hallvard Olaussen,3,2,2.444105516789805,1.62940367785987,5
1006562,Yousef Austrheim,8498578,Riaz Ali,3,2,2.436387135847389,1.6242580905649262,5
25743094,Mohamed Salkiny,44184394,Per Arne Grotthing,2,3,1.6242580905649262,2.436387135847389,5
1024805,Audun Bjerve,8498578,Riaz Ali,2,3,1.6242580905649262,2.436387135847389,5
3682319,Lasse Rognlien,8498578,Riaz Ali,2,3,1.6242580905649262,2.436387135847389,5
1006513,Thomas Fjæran,1670605,Bernadette Bodó,4,1,3.234077867383821,0.8085194668459552,5
62353570,Hallvard Olaussen,7705975,Nikolai kwit,4,1,3.22998875858708,0.80749718964677,5
1566758,Tor-Arne Slorafoss,7705975,Nikolai kwit,4,1,3.22998875858708,0.80749718964677,5
52390867,Emil Johannesen,7959797,Pergantis Zalachas,3,2,2.42249156894031,1.61499437929354,5
1006220,Erik Gårdelöf,70455445,Henry Gaudiano,5,0,4.024735739871712,0.0,5
1006220,Erik Gårdelöf,3183489,Knut-Håkon Helgesen,5,0,4.00695306422027,0.0,5
19616722,Lobsang Thupten,25484464,Joaquin K. Yovine,3,2,2.404171838532162,1.6027812256881082,5
1006216,Emil Bjørkmann,7153377,Henning Ingvorsen,1,4,0.8013906128440541,3.2055624513762164,5
1006431,Pål Daud Fillipsveen,52645105,Tommy Bratseth,5,0,4.00695306422027,0.0,5
1095179,Ernesto Antonio Meléndez,54197755,Tom erik Lysenstøen,3,2,2.404171838532162,1.6027812256881082,5
21900748,Leoncio Jr Licarte,51736666,Yakup Aliz,1,4,0.8013906128440541,3.2055624513762164,5
52390867,Emil Johannesen,69871786,Tito Hansen,3,2,2.4011320477117355,1.6007546984744903,5
21900748,Leoncio Jr Licarte,3682319,Lasse Rognlien,3,2,2.393559890017406,1.5957065933449375,5
1298131,Jack Nordby,54197755,Tom erik Lysenstøen,4,1,3.191413186689875,0.7978532966724687,5
1006220,Erik Gårdelöf,21900748,Leoncio Jr Licarte,4,1,3.191413186689875,0.7978532966724687,5
1670605,Bernadette Bodó,62353570,Hallvard Olaussen,3,2,2.390523015178807,1.5936820101192046,5
21900748,Leoncio Jr Licarte,50993632,Kester Hvattum,3,2,2.390523015178807,1.5936820101192046,5
1736336,Sander Evjen Sanna,20396602,Erik Sørensen,2,3,1.5936820101192046,2.390523015178807,5
1006340,Kjartan Maraas,8217316,Ida Amundsen Holtet,4,1,3.1772984606537875,0.7943246151634469,5
2053323,Ib Christiansen,8498578,Riaz Ali,1,4,0.7943246151634469,3.1772984606537875,5
1006216,Emil Bjørkmann,1095179,Ernesto Antonio Meléndez,4,1,3.1772984606537875,0.7943246151634469,5
1095179,Ernesto Antonio Meléndez,63113578,Håkon Kristiansen,4,1,3.1772984606537875,0.7943246151634469,5
3682319,Lasse Rognlien,67477936,Theodor Brekke-Hongset,3,2,2.3829738454903406,1.5886492303268938,5
67477936,Theodor Brekke-Hongset,8498578,Riaz Ali,1,4,0.7943246151634469,3.1772984606537875,5
1736336,Sander Evjen Sanna,68817391,Stian Espelid,3,2,2.3799608570239,1.5866405713492666,5
1736336,Sander Evjen Sanna,62353570,Hallvard Olaussen,2,3,1.5866405713492666,2.3799608570239,5
17978686,Ibra Alkhader,7131339,Roger Mølmann,4,1,3.1632600562403264,0.7908150140600816,5
1095179,Ernesto Antonio Meléndez,25743094,Mohamed Salkiny,1,4,0.7873209195892309,3.1492836783569236,5
63113578,Håkon Kristiansen,67015048,jo-inge holen,3,2,2.348553562326349,1.5657023748842325,5
17978686,Ibra Alkhader,2581136,Mona Søvold Sunde,5,0,3.9018948839655536,0.0,5
54197755,Tom erik Lysenstøen,6839980,Daniel Lorentzen-Styr,1,4,0.7803789767931107,3.121515907172443,5
13720633,Håkon Haukebøe,17419783,Ketil Blix,3,2,2.3278459651094483,1.558784559827847,5
2053323,Ib Christiansen,25484464,Joaquin K. Yovine,3,2,2.3307929770419453,1.5538619846946302,5
1272012,Erol Dane Mula,13720633,Håkon Haukebøe,5,0,3.8846549617365755,0.0,5
1095179,Ernesto Antonio Meléndez,2053323,Ib Christiansen,3,2,2.3307929770419453,1.5538619846946302,5
44184394,Per Arne Grotthing,5140422,Tomas Gryczon,4,1,3.0900809811430126,0.7725202452857531,5
1006360,Lars Harby,3682319,Lasse Rognlien,2,3,1.5401613186226,2.3102419779339,5
19616722,Lobsang Thupten,42270385,Kamal Jr,3,2,2.3102419779339,1.5401613186226,5
1006281,Jan Atle Kofoed,1030563,Alexander Baranji,4,1,3.0803226372452,0.7700806593113,5
1006549,Umar Hayat Ali,42270385,Kamal Jr,5,0,3.8504032965565,0.0,5
1006549,Umar Hayat Ali,42921529,Joshua Turla Tuppal,3,2,2.3102419779339,1.5401613186226,5
1006360,Lars Harby,1093760,Mindaugas Jomantas,1,4,0.7700806593113,3.0803226372452,5
1035589,Sebastian Mæhlum,2947262,Christian Lothar Ruiz,5,0,3.8455349171801907,0.0,5
1035589,Sebastian Mæhlum,42921529,Joshua Turla Tuppal,4,1,3.0764279337441525,0.7691069834360381,5
16476664,Øystein Følling,65039485,Nico Gulfan,4,1,3.0764279337441525,0.7691069834360381,5
42921529,Joshua Turla Tuppal,8217316,Ida Amundsen Holtet,4,1,3.0764279337441525,0.7691069834360381,5
17419783,Ketil Blix,17978686,Ibra Alkhader,0,5,0.0,3.8455349171801907,5
5140422,Tomas Gryczon,57799534,Iris Marie Evdahl,4,1,3.0764279337441525,0.7691069834360381,5
1006448,Roald Pettersen,25484464,Joaquin K. Yovine,2,3,1.533356352793754,2.300034529190631,5
26143903,Katrine Sætereng,50993632,Kester Hvattum,2,3,1.5314176051173352,2.2971264076760027,5
18474781,Darijus Seresevskij,2194859,Eivind Yoo Yong Jae Johansen,2,3,1.5314176051173352,2.2971264076760027,5
1006204,Egil Arne Sørensen,17419783,Ketil Blix,5,0,3.8116281801034275,0.0,5
26143903,Katrine Sætereng,8217316,Ida Amundsen Holtet,4,1,3.049302544082742,0.7623256360206855,5
1006333,Kent Hansen,16686499,Herman Aleksander Wium,2,3,1.5198364883746616,2.2797547325619925,5
13872481,Erik Weiselius,2194859,Eivind Yoo Yong Jae Johansen,5,0,3.794787087417716,0.0,5
13872481,Erik Weiselius,16476664,Øystein Følling,2,3,1.5179148349670863,2.2768722524506293,5
1042070,Henrik Olsson,7719582,Astrid E. Pedersen,3,2,2.2768722524506293,1.5179148349670863,5
13872481,Erik Weiselius,54197755,Tom erik Lysenstøen,5,0,3.794787087417716,0.0,5
1272012,Erol Dane Mula,58717324,Kjetil Kristensen,4,1,3.026242649362485,0.7565606623406212,5
49097056,Herman Maraas,53204752,Julianne Myhren-heyerdahl,3,2,2.2696819870218636,1.5131213246812425,5
1006333,Kent Hansen,1006340,Kjartan Maraas,4,1,3.026242649362485,0.7565606623406212,5
1006333,Kent Hansen,63511876,Ingebrigt Magne Dale,5,0,3.7780204045089945,0.0,5
16636270,Stian Wium,63113578,Håkon Kristiansen,2,3,1.5112081618035977,2.2668122427053965,5
53204752,Julianne Myhren-heyerdahl,6691281,Andreas Wahr-Hansen,1,4,0.7556040809017989,3.0224163236071955,5
1006195,Damianos Giallourakis,25875517,Christian Hedin,5,0,3.7679761113498356,0.0,5
1093760,Mindaugas Jomantas,53204752,Julianne Myhren-heyerdahl,5,0,3.7679761113498356,0.0,5
1042070,Henrik Olsson,53204752,Julianne Myhren-heyerdahl,5,0,3.7679761113498356,0.0,5
1006214,Emil André Gangfløt,2298416,Terje Kristoffersen,5,0,3.7679761113498356,0.0,5
1417853,Robin Hauge Pettersen,25875517,Christian Hedin,4,1,3.0143808890798685,0.7535952222699671,5
17978686,Ibra Alkhader,2311288,David Larsson,5,0,3.7679761113498356,0.0,5
1006340,Kjartan Maraas,14638297,Joakim Langkås,0,5,0.0,3.7679761113498356,5
1006195,Damianos Giallourakis,1417853,Robin Hauge Pettersen,4,1,3.0143808890798685,0.7535952222699671,5
1006204,Egil Arne Sørensen,14638297,Joakim Langkås,1,4,0.7535952222699671,3.0143808890798685,5
40844470,Øyvind Løvseth,54197755,Tom erik Lysenstøen,4,1,3.0128915151577655,0.7532228787894414,5
2577877,Britt Sølvi Hauge Pettersen,6686119,Levi Pavdeja,1,4,0.7532228787894414,3.0128915151577655,5
1006549,Umar Hayat Ali,1015919,Ahmed Abiev,5,0,3.766114393947207,0.0,5
13295035,Jan Olav Johnsen,25875517,Christian Hedin,4,1,3.0128915151577655,0.7532228787894414,5
25484464,Joaquin K. Yovine,25743094,Mohamed Salkiny,4,1,3.0128915151577655,0.7532228787894414,5
2577877,Britt Sølvi Hauge Pettersen,7711820,Marie Hoff Petersen,2,3,1.5064457575788828,2.2596686363683243,5
10585213,Veejay Adriano,1417853,Robin Hauge Pettersen,3,2,2.2596686363683243,1.5064457575788828,5
10585213,Veejay Adriano,34735372,Karl Våglund,5,0,3.765593277932039,0.0,5
1006124,Albert-Roman Borrie Stensrød,40844470,Øyvind Løvseth,4,1,3.012474622345631,0.7531186555864078,5
1006457,Roger Lysholm,6545064,Kim-Olaf Sørensen,5,0,3.765593277932039,0.0,5
10585213,Veejay Adriano,24833275,Marte Stulen Aamodt,5,0,3.765593277932039,0.0,5
10585213,Veejay Adriano,1286181,Petri Makkonen,0,5,0.0,3.765593277932039,5
1006186,Christian Wikeby,25484464,Joaquin K. Yovine,5,0,3.765593277932039,0.0,5
63113578,Håkon Kristiansen,6686119,Levi Pavdeja,1,4,0.7522655605218221,3.0090622420872886,5
49471744,Nikola Ljusic,6686119,Levi Pavdeja,1,4,0.7522655605218221,3.0090622420872886,5
1006220,Erik Gårdelöf,62353570,Hallvard Olaussen,5,0,3.744708954402526,0.0,5
13720633,Håkon Haukebøe,19616722,Lobsang Thupten,3,2,2.239729993977214,1.4931533293181425,5
17419783,Ketil Blix,3682319,Lasse Rognlien,0,5,0.0,3.7281635340198918,5
19616722,Lobsang Thupten,26005654,Jacob Sæther,1,4,0.7456327068039783,2.9825308272159132,5
1006292,Jan Thomassen,49097056,Herman Maraas,3,2,2.2298340915866204,1.486556061057747,5
1006281,Jan Atle Kofoed,1010308,Emil Braserud,0,5,0.0,3.699977981508206,5
1006292,Jan Thomassen,1006467,Roy Toycowboy Grimsen,1,4,0.7399955963016411,2.9599823852065645,5
1042070,Henrik Olsson,8435377,Geir Anfinsen,2,3,1.4799911926032823,2.219986788904923,5
1006467,Roy Toycowboy Grimsen,1010312,Mikael Øgaard,1,4,0.7399955963016411,2.9599823852065645,5
1006163,Bjørn Bratteberg,1010308,Emil Braserud,0,5,0.0,3.699977981508206,5
19059169,Ilyas Amri,50993632,Kester Hvattum,3,2,2.2171750082650483,1.478116672176699,5
19059169,Ilyas Amri,7719582,Astrid E. Pedersen,1,4,0.7390583360883495,2.956233344353398,5
51736666,Yakup Aliz,52324939,Saga Hedin,4,1,2.9468976855818565,0.7367244213954641,5
1010312,Mikael Øgaard,8435377,Geir Anfinsen,2,3,1.4734488427909282,2.2101732641863925,5
1042070,Henrik Olsson,19616722,Lobsang Thupten,5,0,3.6836221069773205,0.0,5
1123060,"Paweł ""Mumrikken"" Zalewski",19030543,Martin Olsson,2,3,1.4734488427909282,2.2101732641863925,5
1006163,Bjørn Bratteberg,1031037,Sverre Kringler,4,1,2.933877271545342,0.7334693178863355,5
18284020,Nomen Nescio,6691281,Andreas Wahr-Hansen,4,1,2.92461221229789,0.7311530530744725,5
18284020,Nomen Nescio,60502477,Matteo Sevenius,4,1,2.92461221229789,0.7311530530744725,5
24897019,Robert Hedin,2581136,Mona Søvold Sunde,0,5,0.0,3.651142982756283,5
1006184,Christian Johannessen,9835810,Navid Eslah,5,0,3.651142982756283,0.0,5
34163575,Brahim Sandli,50993632,Kester Hvattum,3,2,2.1879159266817894,1.4586106177878595,5
34163575,Brahim Sandli,42921529,Joshua Turla Tuppal,2,3,1.4586106177878595,2.1879159266817894,5
1006340,Kjartan Maraas,6600268,Kim Soo Garmark,2,3,1.4586106177878595,2.0178622013102316,5
12348586,Runar Leiren,59841508,Bjørn Inge Sørensen,4,1,2.9043319423677643,0.7260829855919411,5
17419783,Ketil Blix,36225232,Adrian Winther,2,3,1.4521659711838821,2.178248956775823,5
1123060,"Paweł ""Mumrikken"" Zalewski",53649337,Erlend Helgesen,0,5,0.0,3.6189502325116014,5
36225232,Adrian Winther,7959797,Pergantis Zalachas,3,2,2.1686246988891003,1.4457497992594002,5
7906080,Alessandro Luca,7959797,Pergantis Zalachas,3,2,2.1686246988891003,1.4457497992594002,5
1022496,Jozef Kwit,6600268,Kim Soo Garmark,0,5,0.0,3.529161375476526,5
1006204,Egil Arne Sørensen,11218942,Stein Amundsen,2,3,1.42036735046004,2.118064512936657,5
51736666,Yakup Aliz,6686119,Levi Pavdeja,3,2,2.0985042342567013,1.3990028228378009,5
1006184,Christian Johannessen,36990883,Anders Valde,3,2,2.080896895211588,1.3954673122992185,5
1024799,Stig Nesvik,9221877,Johnny Wu,3,2,2.080001364601941,1.386667576401294,5
52324939,Saga Hedin,9221877,Johnny Wu,2,3,1.386667576401294,2.080001364601941,5
20361406,Amir Khan,6686119,Levi Pavdeja,3,2,1.95497819585729,1.383163239061979,5
1006292,Jan Thomassen,1035192,Kjell Martin Andersen,2,3,1.3391280491717577,2.0086920737576364,5
1006233,Eystein Gangfløt,40844470,Øyvind Løvseth,3,2,2.0086920737576364,1.3391280491717577,5
1006292,Jan Thomassen,1510340,Andris Viksnins,2,3,1.3391280491717577,2.0086920737576364,5
1024805,Audun Bjerve,1035192,Kjell Martin Andersen,3,2,2.0086920737576364,1.3391280491717577,5
1006233,Eystein Gangfløt,1024805,Audun Bjerve,3,2,2.0086920737576364,1.3391280491717577,5
2581136,Mona Søvold Sunde,7711820,Marie Hoff Petersen,1,4,0.6545528711445486,2.045635227270049,5
1006204,Egil Arne Sørensen,20361406,Amir Khan,4,1,2.6058081969739817,0.6528944059852385,5
24833275,Marte Stulen Aamodt,25875517,Christian Hedin,2,3,1.3033187972381934,1.95497819585729,5
30080695,Marek Zagrobelny,5076344,Hamad Malik,2,3,1.3033187972381934,1.95497819585729,5
1006403,Niklas Engström-Øvretveit,2581136,Mona Søvold Sunde,3,2,1.9463318752379064,1.2975545834919375,5
25484464,Joaquin K. Yovine,2581136,Mona Søvold Sunde,3,2,1.9463318752379064,1.2975545834919375,5
1047363,Vinko Smolic,20361406,Amir Khan,2,3,1.2975545834919375,1.9463318752379064,5
1006298,Jarek (Barracuda) Kapuściński,25484464,Joaquin K. Yovine,3,2,1.9463318752379064,1.2975545834919375,5
1061867,Stig Ringebo,6839980,Daniel Lorentzen-Styr,2,3,1.2942754493619462,1.918656584517802,5
1010312,Mikael Øgaard,3212629,Rolf G. Sedsbøe Jensen,5,0,3.2310012849681993,0.0,5
1010308,Emil Braserud,1277043,Alexander Hagen,3,2,1.9072782897552436,1.271518859836829,5
1272012,Erol Dane Mula,33336508,Paweł Chołodowski,4,1,2.440271063328296,0.610067765832074,5
1006360,Lars Harby,33336508,Paweł Chołodowski,1,4,0.610067765832074,2.440271063328296,5
26143903,Katrine Sætereng,2827292,Simen Jøndal,4,1,2.418754777266076,0.604688694316519,5
1006467,Roy Toycowboy Grimsen,36990883,Anders Valde,4,1,2.418754777266076,0.604688694316519,5
1006467,Roy Toycowboy Grimsen,1123060,"Paweł ""Mumrikken"" Zalewski",1,4,0.604688694316519,2.418754777266076,5
20264908,Bartosz Oldakowski,2827292,Simen Jøndal,4,1,2.418754777266076,0.604688694316519,5
17693218,Romain Rolland,36216313,Bjørn-Kowalski Hansen,4,1,2.418754777266076,0.604688694316519,5
1566758,Tor-Arne Slorafoss,8498578,Riaz Ali,1,4,0.604688694316519,2.418754777266076,5
19616722,Lobsang Thupten,6545064,Kim-Olaf Sørensen,1,4,0.604688694316519,2.418754777266076,5
1095179,Ernesto Antonio Meléndez,36990883,Anders Valde,4,1,2.418754777266076,0.604688694316519,5
20361406,Amir Khan,25484464,Joaquin K. Yovine,4,1,2.418754777266076,0.604688694316519,5
1006333,Kent Hansen,24833275,Marte Stulen Aamodt,4,1,2.4080678814139103,0.6020169703534776,5
4849639,Petter Rognlien,6691281,Andreas Wahr-Hansen,1,4,0.6020169703534776,2.4080678814139103,5
19616722,Lobsang Thupten,6839980,Daniel Lorentzen-Styr,1,4,0.6020169703534776,2.4080678814139103,5
1006298,Jarek (Barracuda) Kapuściński,6839980,Daniel Lorentzen-Styr,1,4,0.6020169703534776,2.4080678814139103,5
1006298,Jarek (Barracuda) Kapuściński,30080695,Marek Zagrobelny,4,1,2.4080678814139103,0.6020169703534776,5
6600268,Kim Soo Garmark,8498578,Riaz Ali,4,1,2.4080678814139103,0.6020169703534776,5
1006403,Niklas Engström-Øvretveit,26143903,Katrine Sætereng,4,1,2.4080678814139103,0.6020169703534776,5
14638297,Joakim Langkås,19616722,Lobsang Thupten,4,1,2.4080678814139103,0.6020169703534776,5
1006360,Lars Harby,25484464,Joaquin K. Yovine,4,1,2.4080678814139103,0.6020169703534776,5
2194859,Eivind Yoo Yong Jae Johansen,8498578,Riaz Ali,0,5,0.0,2.9967852549585783,5
1006406,Nina Torvund,20361406,Amir Khan,5,0,2.9967852549585783,0.0,5
1024799,Stig Nesvik,30080695,Marek Zagrobelny,3,2,1.741274910796628,1.1608499405310855,5
1384637,Jesper Slanti,33729541,Eivind Yoo Yong Jae Johansen,3,2,1.7390152136892358,1.1593434757928238,5
33729541,Eivind Yoo Yong Jae Johansen,7959797,Pergantis Zalachas,3,2,1.7390152136892358,1.1593434757928238,5
1024799,Stig Nesvik,2888171,Ørjan Storborg,3,2,1.7390152136892358,1.1593434757928238,5
2888171,Ørjan Storborg,7959797,Pergantis Zalachas,3,2,1.7390152136892358,1.1593434757928238,5
1277819,Lasse Kåring,1384637,Jesper Slanti,3,2,1.7390152136892358,1.1593434757928238,5
1006225,Espen Hauge,1016719,Sebastian Meling,3,2,1.7051548912066454,1.136769927471097,5
1006220,Erik Gårdelöf,1006273,Hermund Årdalen,3,2,1.7051548912066454,1.136769927471097,5
1006507,Terje Mathisen,1285998,Haakon Røstad,2,3,1.136769927471097,1.7051548912066454,5
1006160,Audun Risan Heimsjø,1006448,Roald Pettersen,3,2,1.7051548912066454,1.136769927471097,5
1006302,Jo Bjørnstad,1006458,Roger Rasmussen,2,3,1.136769927471097,1.7051548912066454,5
1016719,Sebastian Meling,1285998,Haakon Røstad,3,2,1.7051548912066454,1.136769927471097,5
1006166,Bjørn Johan Lorange,1006302,Jo Bjørnstad,2,3,1.136769927471097,1.7051548912066454,5
1006160,Audun Risan Heimsjø,1006361,Lars-Harald Riiber,2,3,1.136769927471097,1.7051548912066454,5
26143903,Katrine Sætereng,36291190,Mary Xeline Santoyo,3,2,1.695563866693327,1.1303759111288847,5
24833275,Marte Stulen Aamodt,2581136,Mona Søvold Sunde,2,3,1.1303759111288847,1.695563866693327,5
2167690,Iselin Masternes,2581136,Mona Søvold Sunde,2,3,1.1303759111288847,1.695563866693327,5
2581136,Mona Søvold Sunde,36291190,Mary Xeline Santoyo,3,2,1.695563866693327,1.1303759111288847,5
1006183,Christel Hanah Johnsen,5140422,Tomas Gryczon,5,0,2.7922510709131787,0.0,5
1006183,Christel Hanah Johnsen,1006333,Kent Hansen,0,5,0.0,2.7922510709131787,5
1015461,Nils Arild Sabbasen,26005654,Jacob Sæther,1,4,0.5583766210132889,2.2335064840531555,5
1006333,Kent Hansen,25484464,Joaquin K. Yovine,4,1,2.2335064840531555,0.5583766210132889,5
1015461,Nils Arild Sabbasen,3682319,Lasse Rognlien,1,4,0.5583766210132889,2.2335064840531555,5
1006403,Niklas Engström-Øvretveit,25484464,Joaquin K. Yovine,4,1,2.2335064840531555,0.5583766210132889,5
1006403,Niklas Engström-Øvretveit,26005654,Jacob Sæther,1,4,0.5583766210132889,2.2335064840531555,5
1006183,Christel Hanah Johnsen,6545064,Kim-Olaf Sørensen,3,2,1.6679923277723043,1.1119948851815362,5
1006186,Christian Wikeby,9221595,Christoffer Sørensen,3,2,1.6679923277723043,1.0998056676298895,5
36847480,Maren Hermansen,7711820,Marie Hoff Petersen,3,2,1.6679923277723043,1.1119948851815362,5
1006183,Christel Hanah Johnsen,36847480,Maren Hermansen,3,2,1.6679923277723043,1.1119948851815362,5
20361406,Amir Khan,7153377,Henning Ingvorsen,3,2,1.6679923277723043,1.1119948851815362,5
1006186,Christian Wikeby,26698165,Jeff Hagen,3,2,1.6679923277723043,1.1119948851815362,5
7153377,Henning Ingvorsen,9221595,Christoffer Sørensen,3,2,1.6679923277723043,1.1119948851815362,5
1006183,Christel Hanah Johnsen,26698165,Jeff Hagen,3,2,1.6679923277723043,1.1119948851815362,5
1006186,Christian Wikeby,7153377,Henning Ingvorsen,3,2,1.6679923277723043,1.1119948851815362,5
1006183,Christel Hanah Johnsen,1006186,Christian Wikeby,2,3,1.1119948851815362,1.6679923277723043,5
1042070,Henrik Olsson,2053862,Patrik Enbom,3,2,1.652196283476881,1.1014641889845873,5
13294528,Carsten Westberg,18904714,Janna Flottorp,4,1,2.1793074741201632,0.5448268685300408,5
13294528,Carsten Westberg,9287997,Bengt Bårdsen,1,4,0.5448268685300408,2.1793074741201632,5
12309862,Aleksander Gill,2298198,Kenneth Mydland,1,4,0.5448268685300408,2.1793074741201632,5
1010312,Mikael Øgaard,1514994,Thomas Kirsch,3,2,1.6314246751173647,1.087616450078243,5
1067228,Roy Steffensen,1161837,Espen Falkenhaug,3,2,1.6311236957948698,1.0874157971965799,5
1006360,Lars Harby,1006523,Tommy Myhre,2,3,1.0874157971965799,1.6311236957948698,5
26143903,Katrine Sætereng,7959797,Pergantis Zalachas,3,2,1.6119335818541252,1.07462238790275,5
2053323,Ib Christiansen,36990883,Anders Valde,2,3,1.07462238790275,1.6119335818541252,5
36079675,Merethe Holtet,36291190,Mary Xeline Santoyo,3,2,1.6058270115469093,1.0705513410312728,5
1006360,Lars Harby,3012666,Eirik Sandaaker,5,0,2.65438895850488,0.0,5
2639057,Ivan Blomqvist,7719582,Astrid E. Pedersen,5,0,2.65438895850488,0.0,5
16636270,Stian Wium,2581136,Mona Søvold Sunde,5,0,2.65438895850488,0.0,5
24452485,Mahran Alhadad,3012666,Eirik Sandaaker,4,1,2.1235111668039037,0.5308777917009759,5
30080695,Marek Zagrobelny,6137239,Rudi Mathisen,1,4,0.5308777917009759,2.1235111668039037,5
1006147,Arild Kråkvik,2639057,Ivan Blomqvist,0,5,0.0,2.65438895850488,5
26005654,Jacob Sæther,6137239,Rudi Mathisen,4,1,2.1235111668039037,0.5308777917009759,5
1006147,Arild Kråkvik,1006360,Lars Harby,0,5,0.0,2.65438895850488,5
30080695,Marek Zagrobelny,7719582,Astrid E. Pedersen,3,2,1.5766364700786606,1.0510909800524404,5
19571821,Erik Sørensen,7719582,Astrid E. Pedersen,4,1,2.102181960104881,0.5255454900262202,5
21530185,Ayet Rahimi,34802578,Anders Valde,1,4,0.5232234481349649,2.0928937925398596,5
26005654,Jacob Sæther,34802578,Anders Valde,4,1,2.0928937925398596,0.5232234481349649,5
1277043,Alexander Hagen,20124274,Paolo Speciale,0,5,0.0,2.6045583291427734,5
26005654,Jacob Sæther,29331970,Arne Pedersen,4,1,2.06527479539586,0.516318698848965,5
19913527,Wael Handal,20361406,Amir Khan,1,4,0.516318698848965,2.06527479539586,5
20361406,Amir Khan,2053323,Ib Christiansen,1,4,0.516318698848965,2.06527479539586,5
17419783,Ketil Blix,34719502,Jonathan Storvik,3,2,1.548956096546895,1.03263739769793,5
17419783,Ketil Blix,34163575,Brahim Sandli,2,3,1.03263739769793,1.548956096546895,5
12348586,Runar Leiren,34163575,Brahim Sandli,3,2,1.548956096546895,1.03263739769793,5
16144084,Truls Bakken,30584953,Mattias Beckman,4,1,2.0379665566548186,0.5094916391637047,5
17419783,Ketil Blix,34220254,Malin Myra,3,2,1.5284749174911139,1.0189832783274093,5
1510340,Andris Viksnins,20361406,Amir Khan,4,1,2.028962114970249,0.5072405287425622,5
21261571,Alexander Lindbäck,26005654,Jacob Sæther,1,4,0.5072405287425622,2.028962114970249,5
30143524,Paulina Statkiewicz,3428055,Rune Fevang,1,4,0.5072405287425622,2.028962114970249,5
12348586,Runar Leiren,33729541,Eivind Yoo Yong Jae Johansen,3,2,1.5217215862276867,1.0144810574851244,5
17419783,Ketil Blix,2581136,Mona Søvold Sunde,2,3,1.0144810574851244,1.5217215862276867,5
1006360,Lars Harby,1750663,Tore Mo,5,0,2.517022990297723,0.0,5
1272012,Erol Dane Mula,3428055,Rune Fevang,5,0,2.517022990297723,0.0,5
1750663,Tore Mo,20124274,Paolo Speciale,0,5,0.0,2.517022990297723,5
1006178,Carl Kolrud,19913527,Wael Handal,2,3,0.9966745992171901,1.4950118988257852,5
1708121,Petter Olsen,3682319,Lasse Rognlien,2,3,0.9966745992171901,1.4950118988257852,5
1708121,Petter Olsen,26005654,Jacob Sæther,2,3,0.9966745992171901,1.4950118988257852,5
21425374,Richard Persson,25946332,Peder Hammer,3,2,1.4950118988257852,0.9966745992171901,5
21425374,Richard Persson,2827292,Simen Jøndal,2,3,0.9966745992171901,1.4950118988257852,5
2053323,Ib Christiansen,25946332,Peder Hammer,2,3,0.9966745992171901,1.4950118988257852,5
1006178,Carl Kolrud,25946332,Peder Hammer,3,2,1.4950118988257852,0.9966745992171901,5
10774063,Axel Mikhail Dalberg,2053323,Ib Christiansen,1,4,0.48958604095494884,1.9583441638197954,5
1510340,Andris Viksnins,30080695,Marek Zagrobelny,4,1,1.9583441638197954,0.48958604095494884,5
1510340,Andris Viksnins,16282693,Mikko Virtanen,1,4,0.468379498153354,1.873517992613416,5
18284020,Nomen Nescio,5140422,Tomas Gryczon,4,1,1.8652401416082602,0.46631003540206506,5
17419783,Ketil Blix,5140422,Tomas Gryczon,4,1,1.8652401416082602,0.46631003540206506,5
10220035,Marius Lamby Solvang,20361406,Amir Khan,5,0,2.3211975956960433,0.0,5
1015461,Nils Arild Sabbasen,7959797,Pergantis Zalachas,2,3,0.8961830441998848,1.3442745662998272,5
15015523,Vijay Jadhav,6686119,Levi Pavdeja,0,5,0.0,2.0947642152346004,5
15015523,Vijay Jadhav,6839980,Daniel Lorentzen-Styr,0,5,0.0,2.0947642152346004,5
1272012,Erol Dane Mula,1566758,Tor-Arne Slorafoss,5,0,2.0947642152346004,0.0,5
1006360,Lars Harby,15015523,Vijay Jadhav,5,0,2.0947642152346004,0.0,5
1566758,Tor-Arne Slorafoss,17693218,Romain Rolland,0,5,0.0,2.0947642152346004,5
1272012,Erol Dane Mula,17693218,Romain Rolland,5,0,2.0947642152346004,0.0,5
19663147,Elin Evensen,8217316,Ida Amundsen Holtet,2,3,0.8082416202392738,1.2123624303589107,5
19663147,Elin Evensen,19663153,Katrine Salomonsen,3,2,1.2123624303589107,0.8082416202392738,5
15015523,Vijay Jadhav,17691844,Ketil Blix,3,2,1.171848362410454,0.7812322416069694,5
12348586,Runar Leiren,7131339,Roger Mølmann,2,3,0.7812322416069694,1.171848362410454,5
17431444,Kathrine Eikeseth,5140422,Tomas Gryczon,2,3,0.7812322416069694,1.171848362410454,5
1298131,Jack Nordby,17691844,Ketil Blix,3,2,1.171848362410454,0.7812322416069694,5
12348586,Runar Leiren,7959797,Pergantis Zalachas,4,1,1.5624644832139387,0.3906161208034847,5
12348586,Runar Leiren,1750663,Tore Mo,1,4,0.3906161208034847,1.5624644832139387,5
17419783,Ketil Blix,6691281,Andreas Wahr-Hansen,1,4,0.3888902435709353,1.5555609742837413,5
6181993,Kim Bjørnstad,7222054,Leif Norvald Nilsen,4,1,1.5555609742837413,0.3888902435709353,5
1006298,Jarek (Barracuda) Kapuściński,3012666,Eirik Sandaaker,4,1,1.5555609742837413,0.3888902435709353,5
1997987,Sven Høgdahl,7719582,Astrid E. Pedersen,4,1,1.5555609742837413,0.3888902435709353,5
1006298,Jarek (Barracuda) Kapuściński,1997987,Sven Høgdahl,4,1,1.5555609742837413,0.3888902435709353,5
10220035,Marius Lamby Solvang,7222054,Leif Norvald Nilsen,3,2,1.1615159755842226,0.7743439837228151,5
16978756,Kevin Jensen,3428055,Rune Fevang,2,3,0.7743439837228151,1.1615159755842226,5
16978756,Kevin Jensen,4797871,Johannes Ulsund,2,3,0.7709226639654024,1.1563839959481037,5
16978756,Kevin Jensen,5140422,Tomas Gryczon,3,2,1.1563839959481037,0.7709226639654024,5
15015007,Nikola Tadijanović,16978756,Kevin Jensen,3,2,1.1512746911744394,0.7675164607829597,5
1006215,Emil Andreassen,7959797,Pergantis Zalachas,3,2,1.1512746911744394,0.7675164607829597,5
2194859,Eivind Yoo Yong Jae Johansen,3428055,Rune Fevang,2,3,0.7607491372770433,1.141123705915565,5
1024799,Stig Nesvik,16282693,Mikko Virtanen,4,1,1.5080829648327845,0.3770207412081961,5
3428055,Rune Fevang,6691281,Andreas Wahr-Hansen,3,2,1.1310622236245884,0.7540414824163922,5
2581136,Mona Søvold Sunde,6181993,Kim Bjørnstad,1,4,0.3753549330687069,1.5014197322748275,5
1997987,Sven Høgdahl,7004013,Jone Berntsen Stava,4,1,1.5014197322748275,0.3753549330687069,5
1006467,Roy Toycowboy Grimsen,2252446,Tor Bugten,2,3,0.7440907292422226,1.116136093863334,5
1006298,Jarek (Barracuda) Kapuściński,1006467,Roy Toycowboy Grimsen,4,1,1.4881814584844453,0.3720453646211113,5
1006183,Christel Hanah Johnsen,8383377,Tina Lindvall,3,2,1.1047942274714275,0.7365294849809517,5
1946517,Ivan Tadic,2053323,Ib Christiansen,1,4,0.3559301258500399,1.4237205034001597,5
10220035,Marius Lamby Solvang,12165220,Rune Johnsen,1,4,0.3559301258500399,1.4237205034001597,5
10220035,Marius Lamby Solvang,4797871,Johannes Ulsund,1,4,0.3543575033496693,1.4174300133986772,5
2947265,Bernjard David C Ruiz,8329325,Frode Ellingsen,1,4,0.3543575033496693,1.4174300133986772,5
7131339,Roger Mølmann,8329325,Frode Ellingsen,4,1,1.4174300133986772,0.3543575033496693,5
5493128,Per christian Slåtta,7131160,leif Nilsen,4,1,1.4112045129296455,0.3528011282324114,5
2053323,Ib Christiansen,9221877,Johnny Wu,4,1,1.4112045129296455,0.3528011282324114,5
1510340,Andris Viksnins,2298416,Terje Kristoffersen,1,4,0.3528011282324114,1.4112045129296455,5
1510340,Andris Viksnins,7131160,leif Nilsen,4,1,1.4112045129296455,0.3528011282324114,5
2298416,Terje Kristoffersen,2947265,Bernjard David C Ruiz,1,4,0.3528011282324114,1.4112045129296455,5
11193832,Susann Lamby Solvang,7222054,Leif Norvald Nilsen,3,2,1.0537269921798316,0.7024846614532211,5
1006328,Lioness Princess,7719582,Astrid E. Pedersen,5,0,1.7539911317976835,0.0,5
2660053,Morten Bjellås,7131339,Roger Mølmann,4,1,1.3987678268733643,0.3496919567183411,5
1010312,Mikael Øgaard,6686119,Levi Pavdeja,5,0,1.7394426141491786,0.0,5
1006164,Bjørn Erik Bergh,1006523,Tommy Myhre,5,0,1.7382967881006903,0.0,5
1079105,Didrik Vatne,13507978,Sondre Noraberg,5,0,1.7382967881006903,0.0,5
1006431,Pål Daud Fillipsveen,8206764,Grzegorz Tabor,5,0,1.7382967881006903,0.0,5
13381909,Kjartan Madsen,4797871,Johannes Ulsund,4,1,1.3864285618534553,0.3466071404633638,5
5493128,Per christian Slåtta,7719582,Astrid E. Pedersen,3,2,1.0398214213900916,0.6932142809267277,5
11273659,Grzegorz Tabor,7959797,Pergantis Zalachas,5,0,1.7177552310251456,0.0,5
12348586,Runar Leiren,12698008,Mathias Hæreid,5,0,1.7177552310251456,0.0,5
10540801,Vasileios Nikolaou,5493128,Per christian Slåtta,1,4,0.34203311876351916,1.3681324750540766,5
10540801,Vasileios Nikolaou,2827292,Simen Jøndal,2,3,0.6840662375270383,1.0260993562905574,5
12339043,Magnus Groseth,9221877,Johnny Wu,2,3,0.6840662375270383,1.0260993562905574,5
1298131,Jack Nordby,8498578,Riaz Ali,2,3,0.6810437961017454,1.021565694152618,5
8498578,Riaz Ali,9924259,Amin Asil,2,3,0.6810437961017454,1.021565694152618,5
7959797,Pergantis Zalachas,9924259,Amin Asil,3,2,1.021565694152618,0.6810437961017454,5
7131339,Roger Mølmann,9924259,Amin Asil,2,3,0.6810437961017454,1.021565694152618,5
1015461,Nils Arild Sabbasen,8498578,Riaz Ali,1,4,0.3390173544344401,1.3560694177377604,5
2581136,Mona Søvold Sunde,2947262,Christian Lothar Ruiz,1,4,0.33012866875212316,1.3205146750084926,5
11193832,Susann Lamby Solvang,2947262,Christian Lothar Ruiz,1,4,0.33012866875212316,1.3205146750084926,5
1027114,Jeremiah Torres,7719582,Astrid E. Pedersen,3,2,0.9903860062563694,0.6602573375042463,5
2947265,Bernjard David C Ruiz,6181993,Kim Bjørnstad,1,4,0.33012866875212316,1.3205146750084926,5
1006373,Mark McGauley,8217316,Ida Amundsen Holtet,5,0,1.6493603690826928,0.0,5
1024799,Stig Nesvik,7004013,Jone Berntsen Stava,2,3,0.6544371734443444,0.9816557601665166,5
2581136,Mona Søvold Sunde,2827292,Simen Jøndal,3,2,0.9816557601665166,0.6544371734443444,5
2581136,Mona Søvold Sunde,5140422,Tomas Gryczon,2,3,0.6544371734443444,0.9816557601665166,5
1277819,Lasse Kåring,8435377,Geir Anfinsen,1,4,0.3228997179737508,1.291598871895003,5
1014095,Odd Sebastian Bobby Fischer,5140422,Tomas Gryczon,2,3,0.6429291239794149,0.9643936859691224,5
2252446,Tor Bugten,3012666,Eirik Sandaaker,4,1,1.2858582479588299,0.32146456198970746,5
1969223,Ole Andreas Sandvik,7959797,Pergantis Zalachas,0,5,0.0,1.600221101403223,5
2827292,Simen Jøndal,8217316,Ida Amundsen Holtet,2,3,0.6372603082658006,0.9558904623987009,5
3587297,Didrik V Berg,5140422,Tomas Gryczon,4,1,1.268894917508404,0.317223729377101,5
16476664,Øystein Følling,6181993,Kim Bjørnstad,0,5,0.0,1.5791036886673435,5
4797871,Johannes Ulsund,6691281,Andreas Wahr-Hansen,4,1,1.252144369749887,0.31303609243747177,5
1022496,Jozef Kwit,3428055,Rune Fevang,3,2,0.934958971873156,0.6233059812487707,5
1510340,Andris Viksnins,9225027,Wei Liu,3,2,0.934958971873156,0.6233059812487707,5
2194859,Eivind Yoo Yong Jae Johansen,9225027,Wei Liu,3,2,0.934958971873156,0.6233059812487707,5
1969223,Ole Andreas Sandvik,6691281,Andreas Wahr-Hansen,2,3,0.6178101861306047,0.926715279195907,5
1024799,Stig Nesvik,7401493,Simen Skattum,4,1,1.224725696750195,0.30618142418754873,5
5516156,Freddy Jansson,7004013,Jone Berntsen Stava,4,1,1.2139270814508403,0.30348177036271007,5
1024799,Stig Nesvik,2314015,Morgan Palmborg,2,3,0.6062906515370035,0.9094359773055052,5
5475535,Sandro Hasecic,8217316,Ida Amundsen Holtet,3,2,0.9094359773055052,0.6062906515370035,5
2314015,Morgan Palmborg,3375253,Elvis Miglans,3,2,0.9094359773055052,0.6062906515370035,5
6425441,Gustav Karlman,6600268,Kim Soo Garmark,2,3,0.6062906515370035,0.9094359773055052,5
6691281,Andreas Wahr-Hansen,7004013,Jone Berntsen Stava,0,5,0.0,1.5107044142587789,5
1157968,Jesper Gustafsson,1277819,Lasse Kåring,1,4,0.3021408828517558,1.208563531407023,5
6691281,Andreas Wahr-Hansen,8970047,Ante Petricevic,4,1,1.2032263222627513,0.3008065805656878,5
1277819,Lasse Kåring,9014911,Erik Forsberg,4,1,1.2032263222627513,0.3008065805656878,5
5140422,Tomas Gryczon,8970047,Ante Petricevic,0,5,0.0,1.4973908538557081,5
1081697,Giena Tanilon,2660053,Morten Bjellås,1,4,0.29947817077114164,1.1979126830845666,5
1944631,Lars Haakon Lunde,8970047,Ante Petricevic,0,5,0.0,1.49076831379751,5
1396429,Øyvind Stordahl,8970047,Ante Petricevic,4,1,1.192614651038008,0.298153662759502,5
1902521,Tom-Henrik Sandvik,3073760,Ronny Jakobsen,0,5,0.0,1.4841815833612522,5
5140422,Tomas Gryczon,8280788,Anita Håland,3,2,0.7694615826476554,0.5129743884317702,5
7906080,Alessandro Luca,8280867,Gunn - Ellen Hansen,3,2,0.7694615826476554,0.5129743884317702,5
6691281,Andreas Wahr-Hansen,8280788,Anita Håland,2,3,0.5129743884317702,0.7694615826476554,5
1014095,Odd Sebastian Bobby Fischer,1510340,Andris Viksnins,2,3,0.5107078900188161,0.7660618350282242,5
1014095,Odd Sebastian Bobby Fischer,1356128,Christian Moberg,3,2,0.7660618350282242,0.5107078900188161,5
1356128,Christian Moberg,1510340,Andris Viksnins,4,1,1.0123830982443431,0.2530957745610858,5
8217316,Ida Amundsen Holtet,8306234,Frode Ellingsen,2,3,0.5061915491221716,0.7592873236832574,5
6691281,Andreas Wahr-Hansen,8362155,Nicolai,3,2,0.7592873236832574,0.5061915491221716,5
1356128,Christian Moberg,1359835,Per Hagen,0,5,0.0,1.2614659195792801,5
1006443,Philip Sanchez Gangfløt,1359835,Per Hagen,5,0,1.2614659195792801,0.0,5
8339160,Anita,8339346,Gunn Ellen,3,2,0.7559325294617266,0.5039550196411511,5
1902521,Tom-Henrik Sandvik,8227535,Martin Elgsæter,4,1,1.003456743843094,0.2508641859607735,5
1022965,Tommy Bakke,5493128,Per christian Slåtta,1,4,0.2508641859607735,1.003456743843094,5
1298131,Jack Nordby,1969223,Ole Andreas Sandvik,4,1,0.9990231246046337,0.24975578115115843,5
2251353,Mentor Nuredini,6691281,Andreas Wahr-Hansen,2,3,0.49951156230231686,0.7492673434534753,5
5140422,Tomas Gryczon,7121356,Roger Mølmann,1,4,0.24865227365766393,0.9946090946306557,5
1081697,Giena Tanilon,1708121,Petter Olsen,4,1,0.9946090946306557,0.24865227365766393,5
3073760,Ronny Jakobsen,7121356,Roger Mølmann,4,1,0.9946090946306557,0.24865227365766393,5
1015461,Nils Arild Sabbasen,1750663,Tore Mo,3,2,0.7426609255267564,0.4951072836845043,5
4889312,Hamza Malik,6839980,Daniel Lorentzen-Styr,4,1,0.9902145673690086,0.24755364184225215,5
1006549,Umar Hayat Ali,6600268,Kim Soo Garmark,4,1,0.9740613530787576,0.2435153382696894,5
1081546,Bent Brørs,7401491,Morten Bjellås,3,2,0.7264337043648739,0.48428913624324926,5
7100105,Filip,7779625,Løkky Loke,3,2,0.6619131849826192,0.4412754566550795,5
7401493,Simen Skattum,7779625,Løkky Loke,3,2,0.6619131849826192,0.4412754566550795,5
1006467,Roy Toycowboy Grimsen,1093760,Mindaugas Jomantas,4,1,0.8786514978822585,0.21966287447056462,5
3613617,Vito Antonio Palmisano,7466532,Øyvind Rørslett,5,0,1.095402732507248,0.0,5
6839980,Daniel Lorentzen-Styr,7222054,Leif Norvald Nilsen,3,2,0.6589886234116938,0.43932574894112925,5
2251360,Joakim Elfstrøm,7222054,Leif Norvald Nilsen,2,3,0.43932574894112925,0.6589886234116938,5
1034683,Matias Nilsen,3012666,Eirik Sandaaker,4,1,0.8786514978822585,0.21966287447056462,5
1156277,Mathias Hæreid,7466532,Øyvind Rørslett,2,3,0.43738465571074586,0.6560769835661188,5
3485006,Cyril Vella,7654573,Sam Musallam Burnieh,2,3,0.43738465571074586,0.6560769835661188,5
2080241,Michel Mateos,7222054,Leif Norvald Nilsen,1,4,0.2177260694510796,0.8709042778043184,5
1946517,Ivan Tadic,3595353,Knut Holm,4,1,0.8670563212435378,0.21676408031088445,5
1013991,Ahad Rashid,7131339,Roger Mølmann,1,4,0.21676408031088445,0.8670563212435378,5
2167690,Iselin Masternes,4889376,Tayab Malik,2,3,0.4335281606217689,0.6502922409326534,5
4742719,Adiil Lusjanii,5493128,Per christian Slåtta,1,4,0.21676408031088445,0.8670563212435378,5
2052753,Morten Falk,7121356,Roger Mølmann,2,3,0.4316126831434019,0.6474190247151028,5
2052753,Morten Falk,4765825,Knut Holm,2,3,0.4316126831434019,0.6474190247151028,5
1006487,Desak Sri Pustini,7121356,Roger Mølmann,2,3,0.4316126831434019,0.6474190247151028,5
1024799,Stig Nesvik,7121356,Roger Mølmann,3,2,0.6474190247151028,0.4316126831434019,5
3595359,Øivind Bakken,4765825,Knut Holm,2,3,0.4316126831434019,0.6474190247151028,5
2827292,Simen Jøndal,3543748,Thong Trong Ho,2,3,0.42970566890757234,0.6445585033613586,5
2251360,Joakim Elfstrøm,7224649,Kenneth,3,2,0.6445585033613586,0.42970566890757234,5
5140422,Tomas Gryczon,7224647,Gustav Lennartsson,3,2,0.6445585033613586,0.42970566890757234,5
2052753,Morten Falk,24897019,Robert Hedin,2,3,0.427807080520745,0.6417106207811175,5
1708121,Petter Olsen,2251360,Joakim Elfstrøm,3,2,0.6417106207811175,0.427807080520745,5
1750663,Tore Mo,7121356,Roger Mølmann,2,3,0.427807080520745,0.6417106207811175,5
2251360,Joakim Elfstrøm,6839980,Daniel Lorentzen-Styr,3,2,0.6417106207811175,0.427807080520745,5
3611862,Minh Cong Bui,6839980,Daniel Lorentzen-Styr,3,2,0.6388753211319038,0.42591688075460254,5
3543748,Thong Trong Ho,6839980,Daniel Lorentzen-Styr,3,2,0.6388753211319038,0.42591688075460254,5
3543748,Thong Trong Ho,7100105,Filip,3,2,0.6388753211319038,0.42591688075460254,5
1012750,Frode Myhre Larsen,3012666,Eirik Sandaaker,3,2,0.6388753211319038,0.42591688075460254,5
1012750,Frode Myhre Larsen,2660053,Morten Bjellås,1,4,0.21295844037730127,0.8518337615092051,5
1750663,Tore Mo,7100105,Filip,3,2,0.6360525488179727,0.42403503254531516,5
3405174,Lag 1,3405179,Lag 6,4,1,0.8364815010832967,0.19663795128865671,5
3405175,Lag 2,3405182,Lag 9,4,1,0.8364815010832967,0.20912037527082417,5
3405178,Lag 5,3405184,Lag 11,1,4,0.20912037527082417,0.8364815010832967,5
3405176,Lag 3,3405182,Lag 9,4,1,0.8364815010832967,0.20912037527082417,5
3405174,Lag 1,3405175,Lag 2,1,4,0.20912037527082417,0.8364815010832967,5
1022965,Tommy Bakke,1093760,Mindaugas Jomantas,2,3,0.41659041971657407,0.624885629574861,5
2792002,Shaq Bajrami,3595359,Øivind Bakken,2,3,0.4147497790404848,0.6221246685607272,5
2052753,Morten Falk,6475205,Yorkey Ronald,2,3,0.4092765089664729,0.6139147634497093,5
1006487,Desak Sri Pustini,1946517,Ivan Tadic,2,3,0.4092765089664729,0.6139147634497093,5
1006487,Desak Sri Pustini,6475205,Yorkey Ronald,3,2,0.6139147634497093,0.4092765089664729,5
3428055,Rune Fevang,5916966,Per Christian Slåtta,3,2,0.60419094472912,0.3898288715252944,5
1006171,Bjørnar Davidsen,1006487,Desak Sri Pustini,4,1,0.8113356964002643,0.20283392410006607,5
2660053,Morten Bjellås,2947260,Jasper Nicolaysen,1,4,0.20193507229793442,0.8095379927960009,5
1902521,Tom-Henrik Sandvik,2792002,Shaq Bajrami,4,1,0.7185085323002591,0.17218671769223134,5
1946517,Ivan Tadic,5185785,Benjamin Memeti,4,1,0.8077402891917377,0.20193507229793442,5
1006171,Bjørnar Davidsen,6475205,Yorkey Ronald,4,1,0.8077402891917377,0.20193507229793442,5
1024799,Stig Nesvik,3305265,Fredrik Nyberg,3,2,0.6031206111831869,0.402080407455458,5
2057268,Øyvind Stenhaug,2660053,Morten Bjellås,4,1,0.797070391886331,0.19926759797158275,5
5916966,Per Christian Slåtta,6550335,Usama Javed,1,4,0.19926759797158275,0.797070391886331,5
1093760,Mindaugas Jomantas,1967863,Nate Komljenovic,1,4,0.19838716474773993,0.7935486589909597,5
1750663,Tore Mo,5129473,Andreas Bjørnhaug,2,3,0.39327590257731343,0.5899138538659702,5
1006458,Roger Rasmussen,1290914,Mark Gray,0,5,0.0,0.9764105830304409,5
1006320,Jørgen Nilsen,1750663,Tore Mo,5,0,0.9501954626191199,0.0,5
1006320,Jørgen Nilsen,2827292,Simen Jøndal,5,0,0.9501954626191199,0.0,5
1061500,Jim Fors,1750663,Tore Mo,5,0,0.9418000503004774,0.0,5
1006373,Mark McGauley,3595359,Øivind Bakken,5,0,0.938233417568321,0.0,5
5670467,Tasos Mertzanis,5698300,Don Caram,5,0,0.938233417568321,0.0,5
1042070,Henrik Olsson,5670467,Tasos Mertzanis,5,0,0.938233417568321,0.0,5
1006183,Christel Hanah Johnsen,1093760,Mindaugas Jomantas,5,0,0.938233417568321,0.0,5
1006183,Christel Hanah Johnsen,1042070,Henrik Olsson,0,5,0.0,0.938233417568321,5
3405177,Lag 4,3405182,Lag 9,4,1,0.7458473522846111,0.18646183807115277,5
3428055,Rune Fevang,5490988,Ole Berg,5,0,0.9264679874154735,0.0,5
2792002,Shaq Bajrami,4742719,Adiil Lusjanii,3,2,0.5520143900054515,0.3712759702544668,5
5493128,Per christian Slåtta,5528057,Stelios,2,3,0.3712759702544668,0.5569139553817002,5
1006419,Ole Kristian Elnæs,1022496,Jozef Kwit,2,3,0.3705769248719961,0.5558653873079942,5
1061500,Jim Fors,3428055,Rune Fevang,1,4,0.18528846243599806,0.7411538497439922,5
1015952,Marius Farås,1750663,Tore Mo,3,2,0.5558653873079942,0.3705769248719961,5
1006419,Ole Kristian Elnæs,1750663,Tore Mo,1,4,0.18528846243599806,0.7411538497439922,5
1006215,Emil Andreassen,1061500,Jim Fors,1,4,0.1849347232679169,0.7397388930716676,5
1006333,Kent Hansen,5493801,Rune Greaker,1,4,0.1849347232679169,0.7397388930716676,5
1061500,Jim Fors,1272012,Erol Dane Mula,4,1,0.7397388930716676,0.1849347232679169,5
1006281,Jan Atle Kofoed,5493801,Rune Greaker,3,2,0.5548041698037507,0.3698694465358338,5
1969223,Ole Andreas Sandvik,5476975,Toan Truong,1,4,0.18481777225079493,0.7392844858879715,5
2947265,Bernjard David C Ruiz,5476975,Toan Truong,4,1,0.7392710890031797,0.18481777225079493,5
2947265,Bernjard David C Ruiz,4935731,Rj Velasquez,3,2,0.5495646073173273,0.36637640487821815,5
1969223,Ole Andreas Sandvik,4742719,Adiil Lusjanii,2,3,0.3631460016446298,0.5447190024669447,5
1016894,Tommy Andersen,2057268,Øyvind Stenhaug,2,3,0.3615414969072405,0.5423122453608608,5
1006215,Emil Andreassen,4797871,Johannes Ulsund,3,2,0.5423122453608608,0.3615414969072405,5
1510340,Andris Viksnins,4742719,Adiil Lusjanii,3,2,0.5351555896293718,0.3567703930862479,5
2947260,Jasper Nicolaysen,3543748,Thong Trong Ho,1,4,0.17759936955956507,0.692807318138998,5
2167690,Iselin Masternes,2827292,Simen Jøndal,2,3,0.35366352658943473,0.5304952898841521,5
2653483,Shakir Bajrami,5105730,Kevin,3,2,0.5304952898841521,0.35366352658943473,5
1708121,Petter Olsen,3543769,Besar Kurti,3,2,0.5304952898841521,0.35366352658943473,5
1902521,Tom-Henrik Sandvik,3585947,Didrik Voga Berg,3,2,0.5281072967731569,0.3520715311821046,5
1969223,Ole Andreas Sandvik,4989992,Ronny Andresen,2,3,0.3520715311821046,0.5281072967731569,5
1751833,Carlton Ford,2947260,Jasper Nicolaysen,1,4,0.17525797864431011,0.7010550125449334,5
1708121,Petter Olsen,1969238,Audun Brede,2,3,0.26053081040242837,0.5258085828844696,5
1708121,Petter Olsen,4989992,Ronny Andresen,3,2,0.5257739359329303,0.35051595728862023,5
1510340,Andris Viksnins,2947265,Bernjard David C Ruiz,3,2,0.5257739359329303,0.35051595728862023,5
2827292,Simen Jøndal,3081704,Sundar K,2,3,0.3151676165832317,0.5234853785578977,5
2792002,Shaq Bajrami,2827292,Simen Jøndal,4,1,0.6948507966516698,0.17371269916291746,5
2057268,Øyvind Stenhaug,2620565,Fadil,3,2,0.5211380974887524,0.3474253983258349,5
2792002,Shaq Bajrami,3595353,Knut Holm,1,4,0.17371269916291746,0.6925583867075251,5
2251353,Mentor Nuredini,3595359,Øivind Bakken,2,3,0.3474253983258349,0.5211380974887524,5
1944631,Lars Haakon Lunde,4742719,Adiil Lusjanii,3,2,0.5188355289833361,0.3458903526555574,5
1902521,Tom-Henrik Sandvik,4734030,Ronny,2,3,0.3458903526555574,0.5188355289833361,5
3595353,Knut Holm,4734030,Ronny,3,2,0.5188355289833361,0.3458903526555574,5
4742719,Adiil Lusjanii,4762955,Benjamin,3,2,0.516560153076694,0.3443734353844627,5
1014095,Odd Sebastian Bobby Fischer,2251353,Mentor Nuredini,3,2,0.516560153076694,0.3443734353844627,5
2792002,Shaq Bajrami,4762955,Benjamin,2,3,0.3443734353844627,0.516560153076694,5
1014095,Odd Sebastian Bobby Fischer,1423374,Geir André Nilsen,3,2,0.516560153076694,0.3443734353844627,5
1708121,Petter Olsen,3595353,Knut Holm,2,3,0.3443734353844627,0.516560153076694,5
1014095,Odd Sebastian Bobby Fischer,4762955,Benjamin,3,2,0.516560153076694,0.3443734353844627,5
1014095,Odd Sebastian Bobby Fischer,2827292,Simen Jøndal,3,2,0.516560153076694,0.3443734353844627,5
1091521,Silje Jacobsen,3595359,Øivind Bakken,0,5,0.0,0.860905223371009,5
2576372,Fadil Mustafa,2827292,Simen Jøndal,2,3,0.34284057843754545,0.5142608676563182,5
1946517,Ivan Tadic,2576372,Fadil Mustafa,5,0,0.8392026156707653,0.0,5
1014095,Odd Sebastian Bobby Fischer,2057268,Øyvind Stenhaug,2,3,0.34132579008855896,0.5119886851328385,5
2167690,Iselin Masternes,3595359,Øivind Bakken,1,4,0.16990884729941927,0.6826515801771179,5
2576333,Besar Avdi,5140422,Tomas Gryczon,1,4,0.17066289504427948,0.6826515801771179,5
3595353,Knut Holm,8383376,Hans Petter Ilstad,5,0,0.8533144752213974,0.0,5
1014095,Odd Sebastian Bobby Fischer,2653482,Adil Lusjani,2,3,0.33981769459883854,0.5097265418982578,5
1510340,Andris Viksnins,2230546,Tor B.,2,3,0.33682146404237717,0.5052321960635657,5
1006543,Trond Lid Cappelen,1510340,Andris Viksnins,4,1,0.6736429280847543,0.16841073202118859,5
1006543,Trond Lid Cappelen,2230546,Tor B.,4,1,0.6736429280847543,0.16841073202118859,5
1012750,Frode Myhre Larsen,3256681,Alex Hoang Hai Nguyen,1,4,0.16841073202118859,0.6547926871175485,5
2085426,Minh Bui Cong,3256681,Alex Hoang Hai Nguyen,4,1,0.6604834722351596,0.1618310040963912,5
1012750,Frode Myhre Larsen,1084883,Pål Nilsson,5,0,0.8148665413330209,0.0,5
1902521,Tom-Henrik Sandvik,2620565,Fadil,5,0,0.8309414490054754,0.0,5
1750663,Tore Mo,1967863,Nate Komljenovic,1,4,0.16598144553833996,0.6639257821533598,5
1061867,Stig Ringebo,1750663,Tore Mo,4,1,0.6639257821533598,0.16598144553833996,5
1061867,Stig Ringebo,1967863,Nate Komljenovic,1,4,0.16598144553833996,0.6639257821533598,5
1006208,Eirik Riisnæs,2052753,Morten Falk,4,1,0.6638207921133484,0.1659551980283371,5
1081546,Bent Brørs,1946517,Ivan Tadic,4,1,0.6638207921133484,0.1659551980283371,5
1006333,Kent Hansen,1022588,Nikolaos Chatzitheodorou,4,1,0.6638207921133484,0.1659551980283371,5
1047734,Ole Kristian Rudshavn,1071778,Deleted Account,4,1,0.6638207921133484,0.1659551980283371,5
2251353,Mentor Nuredini,2947265,Bernjard David C Ruiz,3,2,0.49636203723321964,0.33090802482214643,5
1967863,Nate Komljenovic,2576372,Fadil Mustafa,3,2,0.49636203723321964,0.33090802482214643,5
1751232,Øyvind Stenhaug,3080986,Qazim Redzepi,2,3,0.33090802482214643,0.4927133316560456,5
2947251,Maria Torjussen,3080986,Qazim Redzepi,5,0,0.8015706702601173,0.0,5
2576372,Fadil Mustafa,4797871,Johannes Ulsund,3,2,0.49271654734225023,0.32654117743358485,5
1708121,Petter Olsen,2241168,Trond L,0,5,0.0,0.7691788102064583,5
1022588,Nikolaos Chatzitheodorou,2241168,Trond L,2,3,0.3279903523433167,0.491985528514975,5
1750663,Tore Mo,2576372,Fadil Mustafa,2,3,0.2949136421918146,0.475447173439224,5
2085426,Minh Bui Cong,3120055,Per Christian Slåtta,1,4,0.16039988467092342,0.6473409467754316,5
1969238,Audun Brede,3120055,Per Christian Slåtta,1,4,0.16039988467092342,0.6473409467754316,5
1157968,Jesper Gustafsson,1902521,Tom-Henrik Sandvik,3,2,0.4876476082203489,0.3250984054802326,5
1157968,Jesper Gustafsson,1969223,Ole Andreas Sandvik,3,2,0.4876476082203489,0.3250984054802326,5
1157968,Jesper Gustafsson,1510340,Andris Viksnins,3,2,0.4876476082203489,0.3250984054802326,5
1157968,Jesper Gustafsson,1279214,Daniel Axeborg,3,2,0.4876476082203489,0.3250984054802326,5
2085426,Minh Bui Cong,2166616,Philippe Béal,1,4,0.16039988467092342,0.6458981748220795,5
2576372,Fadil Mustafa,3256681,Alex Hoang Hai Nguyen,3,2,0.4876476082203489,0.3250984054802326,5
1022588,Nikolaos Chatzitheodorou,2043792,Vaios Evangelou,2,3,0.3236620081927824,0.48549301228917363,5
2043792,Vaios Evangelou,2252446,Tor Bugten,2,3,0.3236620081927824,0.48549301228917363,5
1006157,Asle M. Johansen,2252446,Tor Bugten,2,3,0.32223195740575356,0.48334793610863036,5
1751232,Øyvind Stenhaug,2947260,Jasper Nicolaysen,2,3,0.3123887299677817,0.47842632238964444,5
1014552,Baard Onsum,1298131,Jack Nordby,3,2,0.4827550378455572,0.3218366918970381,5
1006147,Arild Kråkvik,1014552,Baard Onsum,3,2,0.4827550378455572,0.3218366918970381,5
1006215,Emil Andreassen,1022588,Nikolaos Chatzitheodorou,2,3,0.32079976934184684,0.48119965401277026,5
1022588,Nikolaos Chatzitheodorou,1279214,Daniel Axeborg,3,2,0.48119965401277026,0.32079976934184684,5
1944804,Tommy Martinsen,2576372,Fadil Mustafa,1,4,0.15758380829161586,0.6359673859250786,5
2052753,Morten Falk,2923223,Christian Lothar Ruiz,4,1,0.6359424461503426,0.15898561153758564,5
1016894,Tommy Andersen,2827292,Simen Jøndal,2,3,0.3165663161466438,0.4748494742199657,5
1750663,Tore Mo,2140722,Mats Larsen,1,4,0.1474568210959073,0.6006536213610438,5
1510340,Andris Viksnins,3305265,Fredrik Nyberg,4,1,0.6303352331664634,0.15758380829161586,5
1969223,Ole Andreas Sandvik,3036771,Adrian Gawlak,2,3,0.3151676165832317,0.46997253825939755,5
2620565,Fadil,2947251,Maria Torjussen,2,3,0.3137750969586473,0.470662645437971,5
2947265,Bernjard David C Ruiz,3036771,Adrian Gawlak,3,2,0.470662645437971,0.3137750969586473,5
2653482,Adil Lusjani,2827292,Simen Jøndal,2,3,0.3137750969586473,0.470662645437971,5
2653482,Adil Lusjani,2950122,Mathias Gjerdrum,3,2,0.470662645437971,0.3137750969586473,5
2684364,Huan,3080986,Qazim Redzepi,3,2,0.470662645437971,0.3137750969586473,5
1751833,Carlton Ford,2827292,Simen Jøndal,2,3,0.3137750969586473,0.470662645437971,5
1708121,Petter Olsen,2947251,Maria Torjussen,3,2,0.470662645437971,0.3137750969586473,5
1561935,Øystein Holm Krøvel,16476664,Øystein Følling,2,3,0.3123887299677817,0.4685830949516726,5
2166616,Philippe Béal,2827292,Simen Jøndal,1,4,0.15413313677643187,0.6206550035206455,5
1006174,Børre Kofoed Karaka,1946517,Ivan Tadic,4,1,0.6220169768523387,0.15550424421308467,5
2684364,Huan,2827292,Simen Jøndal,3,2,0.466512732639254,0.31100848842616935,5
1751232,Øyvind Stenhaug,2950065,Billy Hipolito,2,3,0.31100848842616935,0.466512732639254,5
2684364,Huan,2923223,Christian Lothar Ruiz,2,3,0.31100848842616935,0.466512732639254,5
1969223,Ole Andreas Sandvik,2950122,Mathias Gjerdrum,3,2,0.466512732639254,0.31100848842616935,5
2923223,Christian Lothar Ruiz,2950065,Billy Hipolito,2,3,0.31100848842616935,0.466512732639254,5
1131881,Lars Haakon Lunde,1946517,Ivan Tadic,3,2,0.44433368330561196,0.29622245553707466,5
1022588,Nikolaos Chatzitheodorou,1131881,Lars Haakon Lunde,2,3,0.29622245553707466,0.44433368330561196,5
2166616,Philippe Béal,2252446,Tor Bugten,1,4,0.1416957525949728,0.5796139607270203,5
2140742,Jamal Malik,2576372,Fadil Mustafa,3,2,0.4423704632877219,0.2949136421918146,5
1969223,Ole Andreas Sandvik,2625188,Christian Garmann Schjelderup,3,2,0.4423704632877219,0.2949136421918146,5
1969238,Audun Brede,2140722,Mats Larsen,2,3,0.2949136421918146,0.4423704632877219,5
1006215,Emil Andreassen,2241168,Trond L,1,4,0.14680530581847825,0.587221223273913,5
1022965,Tommy Bakke,16476664,Øystein Følling,1,4,0.14615666916106534,0.5846266766442614,5
1022588,Nikolaos Chatzitheodorou,1022965,Tommy Bakke,4,1,0.5846266766442614,0.14615666916106534,5
1069187,Thomas Erichsen,2166616,Philippe Béal,4,1,0.5846266766442614,0.14615666916106534,5
1024806,Lars Nitteberg,1902521,Tom-Henrik Sandvik,2,3,0.2897359617750502,0.4346039426625753,5
1024806,Lars Nitteberg,2574158,Tommy Andersen,2,3,0.2897359617750502,0.4346039426625753,5
1750663,Tore Mo,2431086,Adil,2,3,0.2897359617750502,0.4346039426625753,5
2400654,Lukas Mørk,2431085,Shakir,0,5,0.0,0.7230597506670905,5
2431086,Adil,2576372,Fadil Mustafa,3,2,0.4346039426625753,0.2897359617750502,5
2140752,Mats Larsen,2576333,Besar Avdi,2,3,0.2897359617750502,0.4346039426625753,5
1670605,Bernadette Bodó,2431085,Shakir,5,0,0.7230597506670905,0.0,5
2431086,Adil,2576333,Besar Avdi,3,2,0.4346039426625753,0.2897359617750502,5
1006145,Aria Senemar,1006333,Kent Hansen,1,4,0.14442362654052757,0.5776945061621103,5
1006543,Trond Lid Cappelen,16476664,Øystein Følling,4,1,0.5769116160090303,0.14422790400225757,5
1708121,Petter Olsen,1997987,Sven Høgdahl,4,1,0.5769116160090303,0.14422790400225757,5
1750663,Tore Mo,2052753,Morten Falk,2,3,0.2859124439600023,0.4201495036714844,5
1969223,Ole Andreas Sandvik,2167253,Michel Mateos,2,3,0.27965908351623076,0.4257419857181177,5
1510340,Andris Viksnins,2241168,Trond L,2,3,0.2833915051899456,0.4250872577849184,5
1969238,Audun Brede,2251353,Mentor Nuredini,3,2,0.4250872577849184,0.2833915051899456,5
1013991,Ahad Rashid,1022496,Jozef Kwit,1,4,0.1416957525949728,0.5119135511193789,5
1006124,Albert-Roman Borrie Stensrød,1015461,Nils Arild Sabbasen,4,1,0.5617855879337523,0.14044639698343808,5
1006178,Carl Kolrud,1015461,Nils Arild Sabbasen,1,4,0.14044639698343808,0.5617855879337523,5
1006124,Albert-Roman Borrie Stensrød,1006430,Pak San Li,4,1,0.5617855879337523,0.14044639698343808,5
2140752,Mats Larsen,2251359,Gustav Leennatsso,4,1,0.5593181670324615,0.13982954175811538,5
1024806,Lars Nitteberg,1030563,Alexander Baranji,1,4,0.1385966408457416,0.5543865633829664,5
1944604,Antonio De La Garza,1967863,Nate Komljenovic,1,4,0.1385966408457416,0.5543865633829664,5
1030563,Alexander Baranji,1944631,Lars Haakon Lunde,4,1,0.5543865633829664,0.1385966408457416,5
1946517,Ivan Tadic,1969407,Alexander Reyes Monsen,1,4,0.1373746106309373,0.5494984425237492,5
1006430,Pak San Li,1071778,Deleted Account,4,1,0.5422469537149079,0.13556173842872699,5
1697350,Philippe Beal,2110681,Kaj Dembe,3,2,0.40668521528618096,0.27112347685745397,5
1015952,Marius Farås,1024806,Lars Nitteberg,1,4,0.13496277974397608,0.5398511189759043,5
1946517,Ivan Tadic,1987327,Stian Stian,4,1,0.5304563698903806,0.13026540520121418,5
1561576,Antonio Hagen,1934129,Johnny Lotto,2,3,0.26873293493204503,0.4030994023980675,5
1015952,Marius Farås,1934129,Johnny Lotto,2,3,0.26873293493204503,0.4030994023980675,5
1561576,Antonio Hagen,16476664,Øystein Følling,3,2,0.4030994023980675,0.26873293493204503,5
1612715,Kunta Kinte,1934129,Johnny Lotto,3,2,0.4030994023980675,0.26873293493204503,5
1472748,Tommy Martinsen,2052755,Erling Betten,3,2,0.4030994023980675,0.26873293493204503,5
1472748,Tommy Martinsen,2056866,Michel Matyeos,2,3,0.26754557980425,0.40131836970637497,5
2052755,Erling Betten,2056866,Michel Matyeos,2,3,0.26754557980425,0.40131836970637497,5
1183869,Matias Myhrhaug,2056865,Rune Godager,2,3,0.26754557980425,0.40131836970637497,5
1946517,Ivan Tadic,2056865,Rune Godager,3,2,0.40131836970637497,0.26754557980425,5
2052753,Morten Falk,2056438,Gabriel Muzolf,2,3,0.26754557980425,0.40131836970637497,5
1946517,Ivan Tadic,2056438,Gabriel Muzolf,2,3,0.26754557980425,0.40131836970637497,5
1006487,Desak Sri Pustini,1016894,Tommy Andersen,1,4,0.13200744934092623,0.5280297973637049,5
1944569,Philippe Beal,1946517,Ivan Tadic,0,5,0.0,0.6513653974168565,5
1022496,Jozef Kwit,1697351,Per Ingvarsson,2,3,0.2616870343023196,0.39253055145347937,5
1071778,Deleted Account,1944631,Lars Haakon Lunde,3,2,0.39253055145347937,0.2616870343023196,5
1006174,Børre Kofoed Karaka,1015952,Marius Farås,2,3,0.2616870343023196,0.39253055145347937,5
1022496,Jozef Kwit,1071778,Deleted Account,3,2,0.39253055145347937,0.2616870343023196,5
1022965,Tommy Bakke,1697351,Per Ingvarsson,2,3,0.2616870343023196,0.39253055145347937,5
1022496,Jozef Kwit,1934129,Johnny Lotto,3,2,0.39253055145347937,0.2616870343023196,5
1697350,Philippe Beal,1998017,FLORIDO GALLEGO ANTONIO JAVIER,3,2,0.39253055145347937,0.2616870343023196,5
1998017,FLORIDO GALLEGO ANTONIO JAVIER,3371861,Lars Kristian Øyen,3,2,0.39253055145347937,0.2616870343023196,5
1944804,Tommy Martinsen,1946517,Ivan Tadic,3,2,0.39253055145347937,0.2616870343023196,5
1006215,Emil Andreassen,1131881,Lars Haakon Lunde,1,4,0.13026540520121418,0.5210616208048567,5
1084882,Remi Kwit,1697350,Philippe Beal,4,1,0.5119872276493214,0.12572820862344647,5
1015461,Nils Arild Sabbasen,1027114,Jeremiah Torres,1,4,0.12968984754997556,0.5187593901999022,5
1006171,Bjørnar Davidsen,1006183,Christel Hanah Johnsen,4,1,0.5187593901999022,0.12968984754997556,5
1670605,Bernadette Bodó,1968343,Silje Jacobsen,5,0,0.6484492377498778,0.0,5
1968343,Silje Jacobsen,1969407,Alexander Reyes Monsen,0,5,0.0,0.6484492377498778,5
1345906,Ahad Rashid,1511260,Lars Haakon Lunde,2,3,0.25823366582333607,0.3873504987350041,5
1708121,Petter Olsen,1944569,Philippe Beal,3,2,0.3873504987350041,0.25823366582333607,5
1431228,remi kwit,1957538,Mathias macdonald,2,3,0.25823366582333607,0.3873504987350041,5
1131881,Lars Haakon Lunde,1612715,Kunta Kinte,4,1,0.5141854002015204,0.1285463500503801,5
1131881,Lars Haakon Lunde,1510340,Andris Viksnins,2,3,0.2570927001007602,0.3856390501511403,5
1027114,Jeremiah Torres,1612715,Kunta Kinte,1,4,0.12797838777984472,0.5119135511193789,5
1472752,Aneta Johnsen,1934110,Ivan Tadic,1,4,0.12797838777984472,0.5119135511193789,5
1084882,Remi Kwit,1472748,Tommy Martinsen,4,1,0.5119135511193789,0.12797838777984472,5
1751232,Øyvind Stenhaug,1934104,Milad Safa,1,4,0.12797838777984472,0.5119135511193789,5
1022965,Tommy Bakke,1612715,Kunta Kinte,3,2,0.3822287299904774,0.25145641724689294,5
1006171,Bjørnar Davidsen,1022965,Tommy Bakke,3,2,0.3822287299904774,0.25481915332698496,5
1902521,Tom-Henrik Sandvik,1922791,Ole Sandvik,4,1,0.5096383066539699,0.12740957666349248,5
1015461,Nils Arild Sabbasen,1075717,Bjørn Erik Øverland,1,4,0.12684663705127175,0.507386548205087,5
1697350,Philippe Beal,1902955,Håkon Nilsen,2,3,0.2536932741025435,0.38053991115381525,5
1466420,Helene Fossum,1751232,Øyvind Stenhaug,2,3,0.2536932741025435,0.38053991115381525,5
1043840,Elisabeth Synnøve Roaas,1902955,Håkon Nilsen,3,2,0.38053991115381525,0.2536932741025435,5
1183869,Matias Myhrhaug,1466420,Helene Fossum,2,3,0.24923928313955085,0.38053991115381525,5
1429285,Kristoffer Fjellstad,1902955,Håkon Nilsen,2,3,0.2536932741025435,0.38053991115381525,5
1714798,Efka Jega,1751833,Carlton Ford,2,3,0.25257236940223593,0.3788585541033539,5
1043841,Elisabeth Synnøve Roaas,1466420,Helene Fossum,3,2,0.3788585541033539,0.25257236940223593,5
1429285,Kristoffer Fjellstad,1708121,Petter Olsen,2,3,0.25145641724689294,0.3760736043779028,5
1435682,Ane Carlsen,1708121,Petter Olsen,1,4,0.12572820862344647,0.5018018130013493,5
1183869,Matias Myhrhaug,1697351,Per Ingvarsson,1,4,0.12517269787722818,0.49958467889400726,5
1024806,Lars Nitteberg,1075717,Bjørn Erik Øverland,3,2,0.37385892470932625,0.24923928313955085,5
1498747,Andris Viksnins,16476664,Øystein Følling,2,3,0.24923928313955085,0.37385892470932625,5
1022965,Tommy Bakke,1059772,Magnus Olaussen,2,3,0.24923928313955085,0.37385892470932625,5
1006549,Umar Hayat Ali,1033026,Robin Hagerup Ertesvåg,5,0,0.615656581418447,0.0,5
1024799,Stig Nesvik,1036778,Ronald Natifu,1,4,0.11764839399862909,0.47059357599451634,5
1006328,Lioness Princess,1281902,Bjørn Edvardsen,0,5,0.0,0.5296207819545228,5
1006174,Børre Kofoed Karaka,1141525,Øystein Krøvel,3,2,0.3173644096164648,0.21157627307764318,5
1015461,Nils Arild Sabbasen,1061500,Jim Fors,3,2,0.3173644096164648,0.21157627307764318,5
1006171,Bjørnar Davidsen,1006186,Christian Wikeby,2,3,0.21157627307764318,0.3173644096164648,5
1006186,Christian Wikeby,1036778,Ronald Natifu,2,3,0.21157627307764318,0.3173644096164648,5
1006549,Umar Hayat Ali,62353570,Hallvard Olaussen,4,0,4.0,0.0,4
80088046,Kim Rui,88271758,Aleksander Edseth Kristiansen,3,1,3.0,1.0,4
1024805,Audun Bjerve,88271758,Aleksander Edseth Kristiansen,4,0,4.0,0.0,4
17419783,Ketil Blix,1960202,Ola Magnus Johnsen,1,3,1.0,3.0,4
2194859,Eivind Yoo Yong Jae Johansen,6600268,Kim Soo Garmark,0,4,0.0,4.0,4
13720633,Håkon Haukebøe,3682319,Lasse Rognlien,2,2,2.0,2.0,4
12348586,Runar Leiren,53060527,Mazen AlAli,1,3,0.9987356183232381,2.9962068549697145,4
12348586,Runar Leiren,63113578,Håkon Kristiansen,1,3,0.9987356183232381,2.9962068549697145,4
1006431,Pål Daud Fillipsveen,62353570,Hallvard Olaussen,4,0,3.982326615409529,0.0,4
6839980,Daniel Lorentzen-Styr,82125409,Ralfs Savielis,4,0,3.982326615409529,0.0,4
42921529,Joshua Turla Tuppal,83477917,Fabian Andersen,3,1,2.9867449615571466,0.9955816538523823,4
1006403,Niklas Engström-Øvretveit,51736666,Yakup Aliz,3,1,2.9867449615571466,0.9955816538523823,4
1006340,Kjartan Maraas,80088046,Kim Rui,4,0,3.977291434606124,0.0,4
4849639,Petter Rognlien,55264855,Emil Solskjaer,1,3,0.994322858651531,2.982968575954593,4
53060527,Mazen AlAli,55264855,Emil Solskjaer,4,0,3.977291434606124,0.0,4
3682319,Lasse Rognlien,72868804,Sander Naas-Mælen,3,1,2.982968575954593,0.994322858651531,4
54197755,Tom erik Lysenstøen,80088046,Kim Rui,0,4,0.0,3.9647313179497785,4
63113578,Håkon Kristiansen,81177493,Bjørn Wildhagen,4,0,3.959718384318079,0.0,4
77274373,Elin Demoniere,81177493,Bjørn Wildhagen,1,3,0.9899295960795198,2.969788788238559,4
72868804,Sander Naas-Mælen,75505852,Flavio Wicki,0,4,0.0,3.959718384318079,4
1272012,Erol Dane Mula,85089859,Stian Rekdal,3,1,2.960410321953582,0.986803440651194,4
48159925,Ole-Jakob Rosenvold,71956222,Raymond Mælen,2,2,1.973606881302388,1.973606881302388,4
1006298,Jarek (Barracuda) Kapuściński,72868804,Sander Naas-Mælen,3,1,2.960410321953582,0.986803440651194,4
1095179,Ernesto Antonio Meléndez,51736666,Yakup Aliz,2,2,1.973606881302388,1.973606881302388,4
72868804,Sander Naas-Mælen,77558374,Khizar Iqbal,3,1,2.956667233386807,0.985555744462269,4
75505852,Flavio Wicki,78617272,Harald Fjeldberg,2,2,1.971111488924538,1.971111488924538,4
26899522,Brian Stensland,75505852,Flavio Wicki,1,3,0.985555744462269,2.956667233386807,4
69888928,T M.H,83477917,Fabian Andersen,3,1,2.956667233386807,0.985555744462269,4
62353570,Hallvard Olaussen,78617272,Harald Fjeldberg,3,1,2.956667233386807,0.985555744462269,4
12348586,Runar Leiren,80088046,Kim Rui,0,4,0.0,3.9248048721418467,4
1006220,Erik Gårdelöf,72868804,Sander Naas-Mælen,4,0,3.9124105058103846,0.0,4
1006549,Umar Hayat Ali,54197755,Tom erik Lysenstøen,4,0,3.9124105058103846,0.0,4
1093760,Mindaugas Jomantas,85089859,Stian Rekdal,3,1,2.9343078793577884,0.9781026264525962,4
1073747,John Erstad,75505852,Flavio Wicki,4,0,3.9124105058103846,0.0,4
3183489,Knut-Håkon Helgesen,80088046,Kim Rui,1,3,0.9768659314137168,2.9305977942411503,4
52645105,Tommy Bratseth,75505852,Flavio Wicki,1,3,0.9768659314137168,2.9305977942411503,4
20396602,Erik Sørensen,63113578,Håkon Kristiansen,3,1,2.9305977942411503,0.9768659314137168,4
1006536,Tormod Rygge,2053323,Ib Christiansen,3,1,2.917649398766748,0.972549799588916,4
1006333,Kent Hansen,80198077,Nils Vogt,3,1,2.917649398766748,0.972549799588916,4
1006403,Niklas Engström-Øvretveit,42921529,Joshua Turla Tuppal,4,0,3.890199198355664,0.0,4
42921529,Joshua Turla Tuppal,77274373,Elin Demoniere,3,1,2.917649398766748,0.972549799588916,4
26005654,Jacob Sæther,72868804,Sander Naas-Mælen,4,0,3.890199198355664,0.0,4
2307209,Ed Liu,53649337,Erlend Helgesen,0,4,0.0,3.877897079657468,4
42921529,Joshua Turla Tuppal,70455445,Henry Gaudiano,2,2,1.936505475857072,1.936505475857072,4
4849639,Petter Rognlien,54197755,Tom erik Lysenstøen,0,4,0.0,3.5463997718057567,4
62353570,Hallvard Olaussen,80198077,Nils Vogt,1,3,0.9639683100955206,2.891904930286562,4
63113578,Håkon Kristiansen,85089859,Stian Rekdal,0,4,0.0,3.8558732403820826,4
43127857,Manabu Sekiguchi,52645105,Tommy Bratseth,4,0,3.8558732403820826,0.0,4
1006298,Jarek (Barracuda) Kapuściński,17419783,Ketil Blix,4,0,3.8558732403820826,0.0,4
72868804,Sander Naas-Mælen,80198077,Nils Vogt,2,2,1.9279366201910413,1.9279366201910413,4
1960202,Ola Magnus Johnsen,2194859,Eivind Yoo Yong Jae Johansen,2,2,1.9218482786013489,1.9218482786013489,4
1006549,Umar Hayat Ali,8270907,Christian Söderström,4,0,3.8436965572026978,0.0,4
6686119,Levi Pavdeja,72868804,Sander Naas-Mælen,1,3,0.9597091644261846,2.8791274932785536,4
57799534,Iris Marie Evdahl,6839980,Daniel Lorentzen-Styr,0,4,0.0,3.8388366577047384,4
17419783,Ketil Blix,9588856,Michel Mateos,1,3,0.9512535133338648,2.8537605400015944,4
2063761,Kurt Anders Lund,44184394,Per Arne Grotthing,0,4,0.0,3.776239203280228,4
2063761,Kurt Anders Lund,80088046,Kim Rui,4,0,3.771464595624531,0.0,4
2063761,Kurt Anders Lund,6600268,Kim Soo Garmark,0,4,0.0,3.771464595624531,4
1006204,Egil Arne Sørensen,63113578,Håkon Kristiansen,2,2,1.8857322978122655,1.8857322978122655,4
73722376,Seva Tkach,83739619,Aalok Jain,1,3,0.939888617835983,2.819665853507949,4
17419783,Ketil Blix,34778635,Wiktor Kaczmarek,0,4,0.0,3.7548009595575764,4
62353570,Hallvard Olaussen,6600268,Kim Soo Garmark,0,4,0.0,3.7548009595575764,4
83723089,Shane Petrick,8970047,Ante Petricevic,4,0,3.7548009595575764,0.0,4
54197755,Tom erik Lysenstøen,8532632,Eddie Vonderau,0,4,0.0,3.7548009595575764,4
1006339,Kim Ronny Nygård,26005654,Jacob Sæther,0,4,0.0,3.7548009595575764,4
54046015,Cvetko Vega,8760495,Emir Pandzic,1,3,0.9387002398893941,2.8161007196681824,4
2194859,Eivind Yoo Yong Jae Johansen,8532632,Eddie Vonderau,0,4,0.0,3.7548009595575764,4
2084051,Arian Kvalsund Hansen,67010161,Valtteri Vaherto,3,1,2.8161007196681824,0.9387002398893941,4
1006194,Dag-jøran Aralden,53204752,Julianne Myhren-heyerdahl,4,0,3.7548009595575764,0.0,4
1510340,Andris Viksnins,28669342,EM Thai,2,2,1.8774004797787882,1.8774004797787882,4
13252696,Brede Arnøy,9350575,Valentin Schmitz,0,4,0.0,3.7548009595575764,4
14638297,Joakim Langkås,5738538,Benjamin Herland Aralden,1,3,0.9387002398893941,2.8161007196681824,4
1006163,Bjørn Bratteberg,16553469,Márk Szabo,1,3,0.9387002398893941,2.8161007196681824,4
14638297,Joakim Langkås,47936833,Merle Schmitz,4,0,3.7548009595575764,0.0,4
1341947,Angelos Kyriakou,2194859,Eivind Yoo Yong Jae Johansen,2,2,1.8774004797787882,1.8774004797787882,4
36476392,Anniina Kettunen,83723089,Shane Petrick,1,3,0.9387002398893941,2.8161007196681824,4
2021922,Matej Brajkovič,83739619,Aalok Jain,4,0,3.7548009595575764,0.0,4
16144324,George Malekkides,54046015,Cvetko Vega,1,3,0.9387002398893941,2.8161007196681824,4
1006163,Bjørn Bratteberg,34778635,Wiktor Kaczmarek,0,4,0.0,3.7548009595575764,4
2167253,Michel Mateos,6600268,Kim Soo Garmark,0,4,0.0,3.7548009595575764,4
10651267,Marcin Góra,16820812,Remi Johnsen,3,1,2.8161007196681824,0.9387002398893941,4
1510340,Andris Viksnins,8532632,Eddie Vonderau,0,4,0.0,3.7548009595575764,4
2021922,Matej Brajkovič,26005654,Jacob Sæther,1,3,0.9387002398893941,2.8161007196681824,4
5738538,Benjamin Herland Aralden,8970047,Ante Petricevic,4,0,3.7548009595575764,0.0,4
16553469,Márk Szabo,2194859,Eivind Yoo Yong Jae Johansen,4,0,3.7548009595575764,0.0,4
34778635,Wiktor Kaczmarek,8760495,Emir Pandzic,1,3,0.9387002398893941,2.8161007196681824,4
10651267,Marcin Góra,6600268,Kim Soo Garmark,0,4,0.0,3.7548009595575764,4
54046015,Cvetko Vega,8976389,April Gonzales,1,3,0.9387002398893941,2.8161007196681824,4
20183539,Casper Herland Aralden,26005654,Jacob Sæther,2,2,1.8774004797787882,1.8774004797787882,4
8532632,Eddie Vonderau,8976389,April Gonzales,1,3,0.9387002398893941,2.8161007196681824,4
50993632,Kester Hvattum,77274373,Elin Demoniere,4,0,3.738210949202844,0.0,4
1038588,Lucas Baranji,63113578,Håkon Kristiansen,1,3,0.934552737300711,2.8036582119021327,4
1030563,Alexander Baranji,7959797,Pergantis Zalachas,1,3,0.934552737300711,2.8036582119021327,4
3185355,Ivar Lexi,53060527,Mazen AlAli,3,1,2.8036582119021327,0.934552737300711,4
7719582,Astrid E. Pedersen,77274373,Elin Demoniere,2,2,1.8632029192594264,1.8632029192594264,4
3682319,Lasse Rognlien,80088046,Kim Rui,1,3,0.9316014596297132,2.7948043788891397,4
80088046,Kim Rui,9221877,Johnny Wu,3,1,2.7912706794423383,0.9304235598141127,4
74738734,Frode Johansen,80088046,Kim Rui,0,4,0.0,3.721694239256451,4
11218942,Stein Amundsen,81875407,Sa-Lee Suwannachuen,4,0,3.709941287637773,0.0,4
1035589,Sebastian Mæhlum,11218942,Stein Amundsen,0,4,0.0,3.69354948284165,4
1024799,Stig Nesvik,44184394,Per Arne Grotthing,1,3,0.9233873707104125,2.7701621121312376,4
6545064,Kim-Olaf Sørensen,81875407,Sa-Lee Suwannachuen,2,2,1.846774741420825,1.846774741420825,4
1035589,Sebastian Mæhlum,1047363,Vinko Smolic,4,0,3.69354948284165,0.0,4
1006292,Jan Thomassen,81875407,Sa-Lee Suwannachuen,4,0,3.69354948284165,0.0,4
25875517,Christian Hedin,6545064,Kim-Olaf Sørensen,1,3,0.9233873707104125,2.7701621121312376,4
1006399,Nedzat Cimilji,13720633,Håkon Haukebøe,3,1,2.7701621121312376,0.9233873707104125,4
44184394,Per Arne Grotthing,52645105,Tommy Bratseth,4,0,3.69354948284165,0.0,4
26143903,Katrine Sætereng,62353570,Hallvard Olaussen,4,0,3.6888794265533322,0.0,4
1510340,Andris Viksnins,77274373,Elin Demoniere,4,0,3.6888794265533322,0.0,4
13720633,Håkon Haukebøe,71956222,Raymond Mælen,3,1,2.757922577034826,0.9193075256782753,4
1061867,Stig Ringebo,80088046,Kim Rui,4,0,3.6772301027131014,0.0,4
1024805,Audun Bjerve,80766817,Tobias Bratseth,4,0,3.672580680349994,0.0,4
1006220,Erik Gårdelöf,2194859,Eivind Yoo Yong Jae Johansen,4,0,3.663882290528655,0.0,4
51736666,Yakup Aliz,7959797,Pergantis Zalachas,4,0,3.672580680349994,0.0,4
1006220,Erik Gårdelöf,16259161,Anders Selland,4,0,3.672580680349994,0.0,4
1006163,Bjørn Bratteberg,52645105,Tommy Bratseth,4,0,3.672580680349994,0.0,4
1123060,"Paweł ""Mumrikken"" Zalewski",8270907,Christian Söderström,2,2,1.836290340174997,1.836290340174997,4
1006163,Bjørn Bratteberg,8270907,Christian Söderström,3,1,2.7544355102624953,0.9181451700874985,4
17419783,Ketil Blix,2053323,Ib Christiansen,2,2,1.828176973824577,1.828176973824577,4
1006163,Bjørn Bratteberg,72868804,Sander Naas-Mælen,2,2,1.828176973824577,1.828176973824577,4
1006448,Roald Pettersen,72868804,Sander Naas-Mælen,4,0,3.656353947649154,0.0,4
43127857,Manabu Sekiguchi,57799534,Iris Marie Evdahl,2,2,1.828176973824577,1.828176973824577,4
26005654,Jacob Sæther,2947265,Bernjard David C Ruiz,1,3,0.9140884869122885,2.7422654607368653,4
77274373,Elin Demoniere,78855460,Raymund Perez,1,3,0.9100497275675579,2.7301491827026734,4
52645105,Tommy Bratseth,78855460,Raymund Perez,1,3,0.9100497275675579,2.7301491827026734,4
13720633,Håkon Haukebøe,3183489,Knut-Håkon Helgesen,0,4,0.0,3.6401989102702315,4
52645105,Tommy Bratseth,80766817,Tobias Bratseth,2,2,1.8200994551351157,1.8200994551351157,4
2947262,Christian Lothar Ruiz,6691281,Andreas Wahr-Hansen,1,3,0.9060288128596192,2.7180864385788577,4
2947262,Christian Lothar Ruiz,3183489,Knut-Håkon Helgesen,3,1,2.7180864385788577,0.9060288128596192,4
19030543,Martin Olsson,2947262,Christian Lothar Ruiz,3,1,2.7180864385788577,0.9060288128596192,4
1298131,Jack Nordby,1402248,Trond Engebakk,3,1,2.7095028375750347,0.9031676125250115,4
1298131,Jack Nordby,80198077,Nils Vogt,2,2,1.806335225050023,1.806335225050023,4
1006163,Bjørn Bratteberg,1123060,"Paweł ""Mumrikken"" Zalewski",3,1,2.7095028375750347,0.9031676125250115,4
1402248,Trond Engebakk,7959797,Pergantis Zalachas,2,2,1.806335225050023,1.806335225050023,4
1047363,Vinko Smolic,19030543,Martin Olsson,3,1,2.7095028375750347,0.9031676125250115,4
1006431,Pål Daud Fillipsveen,1047363,Vinko Smolic,4,0,3.612670450100046,0.0,4
1006292,Jan Thomassen,27634768,Roger Andresen,4,0,3.612670450100046,0.0,4
52390867,Emil Johannesen,71803366,Jakob Corcoran-Øien,3,1,2.7060769918340704,0.9020256639446902,4
1061867,Stig Ringebo,11218942,Stein Amundsen,1,3,0.8991771053835586,2.6975313161506755,4
1006562,Yousef Austrheim,3185355,Ivar Lexi,3,1,2.6975313161506755,0.8991771053835586,4
1006399,Nedzat Cimilji,52645105,Tommy Bratseth,2,2,1.798354210767117,1.798354210767117,4
53204752,Julianne Myhren-heyerdahl,79780918,Viktorija Kraft,3,1,2.6941206069820436,0.8980402023273478,4
44119141,Gaute Rogstad,79717822,Julian Gheorghiu-Foss,2,2,1.7960804046546957,1.7960804046546957,4
1006333,Kent Hansen,1157968,Jesper Gustafsson,0,4,0.0,3.5850666735441985,4
1006360,Lars Harby,1157968,Jesper Gustafsson,3,1,2.688800005158149,0.8962666683860496,4
53204752,Julianne Myhren-heyerdahl,9221877,Johnny Wu,2,2,1.788144699717978,1.788144699717978,4
48159925,Ole-Jakob Rosenvold,71803366,Jakob Corcoran-Øien,4,0,3.576289399435956,0.0,4
34163575,Brahim Sandli,63113578,Håkon Kristiansen,1,3,0.894072349858989,2.682217049576967,4
48159925,Ole-Jakob Rosenvold,53204752,Julianne Myhren-heyerdahl,4,0,3.576289399435956,0.0,4
19030543,Martin Olsson,79002523,luis Cardenas rosas,3,1,2.670436472516836,0.8901454908389452,4
44119141,Gaute Rogstad,71803366,Jakob Corcoran-Øien,4,0,3.4241891903488972,0.0,4
53060527,Mazen AlAli,71803366,Jakob Corcoran-Øien,3,1,2.670436472516836,0.8901454908389452,4
1014092,Martin Meintjes,55415260,Dag Erik Wiig,3,1,2.662003348072815,0.887334449357605,4
52390867,Emil Johannesen,7906080,Alessandro Luca,3,1,2.6586375598160332,0.8862125199386777,4
1123060,"Paweł ""Mumrikken"" Zalewski",44184394,Per Arne Grotthing,2,2,1.7668277972232747,1.7668277972232747,4
53204752,Julianne Myhren-heyerdahl,5689902,Roger Andresen,2,2,1.764593852530472,1.764593852530472,4
1006163,Bjørn Bratteberg,7222054,Leif Norvald Nilsen,4,0,3.5180426808638185,0.0,4
73722376,Seva Tkach,77274373,Elin Demoniere,2,2,1.756797266080034,1.756797266080034,4
3682319,Lasse Rognlien,75512620,Trond Evjen,2,2,1.7512493752688345,1.7512493752688345,4
4849639,Petter Rognlien,6600268,Kim Soo Garmark,0,4,0.0,3.502498750537669,4
1006431,Pål Daud Fillipsveen,3682319,Lasse Rognlien,2,2,1.2885568924163018,1.7512493752688345,4
1010312,Mikael Øgaard,1960202,Ola Magnus Johnsen,4,0,3.502498750537669,0.0,4
42527356,rafal wisniewski,75512620,Trond Evjen,1,3,0.874517563823652,2.623552691470956,4
34163575,Brahim Sandli,7906080,Alessandro Luca,1,3,0.874517563823652,2.623552691470956,4
42527356,rafal wisniewski,7906080,Alessandro Luca,1,3,0.874517563823652,2.623552691470956,4
63113578,Håkon Kristiansen,75512620,Trond Evjen,2,2,1.749035127647304,1.749035127647304,4
1006292,Jan Thomassen,26143903,Katrine Sætereng,1,3,0.8717558746690487,2.615267624007146,4
74738734,Frode Johansen,8270907,Christian Söderström,2,2,1.7413072850290152,1.7413072850290152,4
1006399,Nedzat Cimilji,7719582,Astrid E. Pedersen,4,0,3.4716166218341664,0.0,4
16686499,Herman Aleksander Wium,51736666,Yakup Aliz,0,4,0.0,3.4606534046615574,4
52645105,Tommy Bratseth,75757273,Oliver Milett,2,2,1.7303267023307787,1.7303267023307787,4
1006292,Jan Thomassen,40844470,Øyvind Løvseth,4,0,3.4606534046615574,0.0,4
13720633,Håkon Haukebøe,53060527,Mazen AlAli,2,2,1.7281389089535397,1.7281389089535397,4
26143903,Katrine Sætereng,75757273,Oliver Milett,2,2,1.7281389089535397,1.7281389089535397,4
27634768,Roger Andresen,53649337,Erlend Helgesen,1,3,0.8640694544767699,2.5922083634303097,4
52390867,Emil Johannesen,53204752,Julianne Myhren-heyerdahl,1,3,0.8629769408910799,2.5889308226732397,4
52390867,Emil Johannesen,75757273,Oliver Milett,4,0,3.4519077635643196,0.0,4
44119141,Gaute Rogstad,52390867,Emil Johannesen,1,3,0.8629769408910799,2.5889308226732397,4
53204752,Julianne Myhren-heyerdahl,75757273,Oliver Milett,3,1,2.5889308226732397,0.8629769408910799,4
1006431,Pål Daud Fillipsveen,8217316,Ida Amundsen Holtet,3,1,2.580755089593925,0.8602516965313083,4
1597907,Haukur Stefansson,6686119,Levi Pavdeja,3,1,2.580755089593925,0.8602516965313083,4
3682319,Lasse Rognlien,56994721,Rolf-Tommy Østensson,1,3,0.8602516965313083,2.580755089593925,4
59525161,Wojciech Wajda,6686119,Levi Pavdeja,3,1,2.580755089593925,0.8602516965313083,4
58087078,Bias Hagen,7711820,Marie Hoff Petersen,3,1,2.580755089593925,0.8602516965313083,4
1006292,Jan Thomassen,56994721,Rolf-Tommy Østensson,1,3,0.8602516965313083,2.580755089593925,4
56994721,Rolf-Tommy Østensson,74738734,Frode Johansen,3,1,2.5774920301464324,0.8591640100488108,4
44119141,Gaute Rogstad,56994721,Rolf-Tommy Østensson,1,3,0.8591640100488108,2.5774920301464324,4
2581136,Mona Søvold Sunde,75049945,Ahmed zakaria Hamdoun,3,1,2.5661037781645195,0.8553679260548398,4
1597907,Haukur Stefansson,24897019,Robert Hedin,3,1,2.5580001319178303,0.8526667106392768,4
42921529,Joshua Turla Tuppal,73722376,Seva Tkach,4,0,3.410666842557107,0.0,4
1024799,Stig Nesvik,55415260,Dag Erik Wiig,0,4,0.0,3.4063544578958385,4
34163575,Brahim Sandli,53060527,Mazen AlAli,1,3,0.8515886144739596,2.5547658434218787,4
33729541,Eivind Yoo Yong Jae Johansen,71402752,Enrique Mohamed ”Saleh“ Saleh Ruzafa,3,1,2.5547658434218787,0.8515886144739596,4
44119141,Gaute Rogstad,69888928,T M.H,1,3,0.8515886144739596,2.5547658434218787,4
3682319,Lasse Rognlien,52645105,Tommy Bratseth,4,0,3.395597335852487,0.0,4
26005654,Jacob Sæther,73722376,Seva Tkach,3,1,2.5466980018893652,0.8488993339631218,4
27634768,Roger Andresen,33729541,Eivind Yoo Yong Jae Johansen,3,1,2.5466980018893652,0.8488993339631218,4
1006239,Frank Hjeldnes,10220035,Marius Lamby Solvang,1,3,0.843501756892223,2.530505270676669,4
16144084,Truls Bakken,7711820,Marie Hoff Petersen,3,1,2.530505270676669,0.843501756892223,4
1036625,Elias Rytterager Johnsen,54197755,Tom erik Lysenstøen,4,0,3.3715178526159426,0.0,4
1036625,Elias Rytterager Johnsen,52645105,Tommy Bratseth,4,0,3.3715178526159426,0.0,4
1356128,Christian Moberg,27194773,Torstein Brustugun,4,0,3.3715178526159426,0.0,4
73998136,Andreas Langkås,8970047,Ante Petricevic,1,3,0.8428794631539857,2.528638389461957,4
10220035,Marius Lamby Solvang,43127857,Manabu Sekiguchi,3,1,2.5210517243468598,0.8403505747822866,4
31114699,Ferdinand Jaggi,42921529,Joshua Turla Tuppal,3,1,2.5099128451726465,0.8366376150575489,4
1006214,Emil André Gangfløt,54197755,Tom erik Lysenstøen,4,0,3.3359821966598897,0.0,4
3185355,Ivar Lexi,71804122,Henning Hagen,1,3,0.8339955491649724,2.5019866474949173,4
1006431,Pål Daud Fillipsveen,10220035,Marius Lamby Solvang,2,2,1.6679910983299449,1.6679910983299449,4
1006214,Emil André Gangfløt,1024805,Audun Bjerve,3,1,2.5019866474949173,0.8339955491649724,4
1006513,Thomas Fjæran,42921529,Joshua Turla Tuppal,4,0,3.3359821966598897,0.0,4
31114699,Ferdinand Jaggi,52645105,Tommy Bratseth,3,1,2.498823181422322,0.8329410604741073,4
2166616,Philippe Béal,52390867,Emil Johannesen,2,2,1.6658821209482146,1.6658821209482146,4
52390867,Emil Johannesen,69888928,T M.H,1,3,0.8329410604741073,2.498823181422322,4
2166616,Philippe Béal,62353570,Hallvard Olaussen,1,3,0.8329410604741073,2.498823181422322,4
6691281,Andreas Wahr-Hansen,71402752,Enrique Mohamed ”Saleh“ Saleh Ruzafa,3,1,2.498823181422322,0.8329410604741073,4
46509994,Petter Ronglien,63113578,Håkon Kristiansen,2,2,1.660621336286378,1.660621336286378,4
1960202,Ola Magnus Johnsen,8970047,Ante Petricevic,2,2,1.660621336286378,1.660621336286378,4
53204752,Julianne Myhren-heyerdahl,69888928,T M.H,1,3,0.8292608385483689,2.4877825156451063,4
10220035,Marius Lamby Solvang,1022496,Jozef Kwit,0,4,0.0,3.3065682728050905,4
34163575,Brahim Sandli,7959797,Pergantis Zalachas,3,1,2.476790631350995,0.8255968771169984,4
19030543,Martin Olsson,58717324,Kjetil Kristensen,4,0,3.3023875084679934,0.0,4
50993632,Kester Hvattum,55415260,Dag Erik Wiig,4,0,3.3023875084679934,0.0,4
19030543,Martin Olsson,50993632,Kester Hvattum,1,3,0.8255968771169984,2.476790631350995,4
1006406,Nina Torvund,54197755,Tom erik Lysenstøen,4,0,3.2919587096151073,0.0,4
71804122,Henning Hagen,7719582,Astrid E. Pedersen,3,1,2.4689690322113305,0.8229896774037768,4
1006145,Aria Senemar,1024805,Audun Bjerve,3,1,2.4689690322113305,0.8229896774037768,4
53649337,Erlend Helgesen,7711820,Marie Hoff Petersen,3,1,2.4689690322113305,0.8229896774037768,4
44119141,Gaute Rogstad,7959797,Pergantis Zalachas,3,1,2.4658473130065097,0.8219491043355033,4
44119141,Gaute Rogstad,55415260,Dag Erik Wiig,1,3,0.8183174486768247,2.454952346030474,4
19030543,Martin Olsson,34163575,Brahim Sandli,1,3,0.8183174486768247,2.454952346030474,4
10220035,Marius Lamby Solvang,25875517,Christian Hedin,0,4,0.0,3.262932948352139,4
1024805,Audun Bjerve,1027114,Jeremiah Torres,1,3,0.8157332370880348,2.4471997112641044,4
27634768,Roger Andresen,53204752,Julianne Myhren-heyerdahl,2,2,1.62940367785987,1.62940367785987,4
27634768,Roger Andresen,54197755,Tom erik Lysenstøen,3,1,2.444105516789805,0.814701838929935,4
27634768,Roger Andresen,55415260,Dag Erik Wiig,3,1,2.444105516789805,0.814701838929935,4
13720633,Håkon Haukebøe,53204752,Julianne Myhren-heyerdahl,3,1,2.444105516789805,0.814701838929935,4
24897019,Robert Hedin,71402752,Enrique Mohamed ”Saleh“ Saleh Ruzafa,4,0,3.2485161811298524,0.0,4
17978686,Ibra Alkhader,68817391,Stian Espelid,4,0,3.2485161811298524,0.0,4
1006453,Robin Nathan,24897019,Robert Hedin,3,1,2.436387135847389,0.8121290452824631,4
68817391,Stian Espelid,8498578,Riaz Ali,0,4,0.0,3.2485161811298524,4
24897019,Robert Hedin,69888928,T M.H,4,0,3.2485161811298524,0.0,4
1006431,Pål Daud Fillipsveen,1006453,Robin Nathan,1,3,0.8121290452824631,2.436387135847389,4
1006515,Thorbjørn Vildar Dahl Eriksen,1042070,Henrik Olsson,3,1,2.4255584005378656,0.8085194668459552,4
1006513,Thomas Fjæran,3682319,Lasse Rognlien,2,2,1.6170389336919104,1.6170389336919104,4
1006515,Thorbjørn Vildar Dahl Eriksen,8217316,Ida Amundsen Holtet,3,1,2.4255584005378656,0.8085194668459552,4
1024805,Audun Bjerve,7959797,Pergantis Zalachas,3,1,2.4255584005378656,0.8085194668459552,4
1006515,Thorbjørn Vildar Dahl Eriksen,16476664,Øystein Følling,2,2,1.6170389336919104,1.6170389336919104,4
1006513,Thomas Fjæran,51736666,Yakup Aliz,4,0,3.234077867383821,0.0,4
63113578,Håkon Kristiansen,7705975,Nikolai kwit,3,1,2.42249156894031,0.80749718964677,4
1566758,Tor-Arne Slorafoss,54197755,Tom erik Lysenstøen,4,0,3.22998875858708,0.0,4
53649337,Erlend Helgesen,70455445,Henry Gaudiano,4,0,3.2197885918973697,0.0,4
25484464,Joaquin K. Yovine,63113578,Håkon Kristiansen,2,2,1.6098942959486848,1.6098942959486848,4
63113578,Håkon Kristiansen,8270907,Christian Söderström,2,2,1.607858775099364,1.607858775099364,4
2947262,Christian Lothar Ruiz,62353570,Hallvard Olaussen,1,3,0.803929387549682,2.411788162649046,4
21900748,Leoncio Jr Licarte,63113578,Håkon Kristiansen,3,1,2.411788162649046,0.803929387549682,4
21900748,Leoncio Jr Licarte,52390867,Emil Johannesen,2,2,1.607858775099364,1.607858775099364,4
17419783,Ketil Blix,2947262,Christian Lothar Ruiz,1,3,0.803929387549682,2.411788162649046,4
1093760,Mindaugas Jomantas,7153377,Henning Ingvorsen,0,4,0.0,3.2055624513762164,4
3183489,Knut-Håkon Helgesen,42921529,Joshua Turla Tuppal,3,1,2.404171838532162,0.8013906128440541,4
1006216,Emil Bjørkmann,1298131,Jack Nordby,1,3,0.8013906128440541,2.404171838532162,4
62353570,Hallvard Olaussen,69871786,Tito Hansen,3,1,2.4011320477117355,0.8003773492372451,4
3119948,Huan Bao Ngo,52645105,Tommy Bratseth,2,2,1.6007546984744903,1.6007546984744903,4
52390867,Emil Johannesen,55415260,Dag Erik Wiig,2,2,1.6007546984744903,1.6007546984744903,4
44119141,Gaute Rogstad,69871786,Tito Hansen,1,3,0.8003773492372451,2.4011320477117355,4
3119948,Huan Bao Ngo,43127857,Manabu Sekiguchi,1,3,0.8003773492372451,2.4011320477117355,4
1095179,Ernesto Antonio Meléndez,5689902,Roger Andresen,4,0,3.191413186689875,0.0,4
1093760,Mindaugas Jomantas,21900748,Leoncio Jr Licarte,1,3,0.7978532966724687,2.393559890017406,4
3682319,Lasse Rognlien,8217316,Ida Amundsen Holtet,2,2,1.5957065933449375,1.5957065933449375,4
21900748,Leoncio Jr Licarte,31114699,Ferdinand Jaggi,3,1,2.390523015178807,0.7968410050596023,4
1736336,Sander Evjen Sanna,53204752,Julianne Myhren-heyerdahl,2,2,1.5936820101192046,1.5936820101192046,4
1006216,Emil Bjørkmann,25484464,Joaquin K. Yovine,1,3,0.7943246151634469,2.3829738454903406,4
55415260,Dag Erik Wiig,67477936,Theodor Brekke-Hongset,3,1,2.3799608570239,0.7933202856746333,4
1736336,Sander Evjen Sanna,54197755,Tom erik Lysenstøen,2,2,1.5866405713492666,1.5866405713492666,4
26088853,Simeon Ivanov,67477936,Theodor Brekke-Hongset,2,2,1.5866405713492666,1.5866405713492666,4
68817391,Stian Espelid,7959797,Pergantis Zalachas,3,1,2.3799608570239,0.7933202856746333,4
1042070,Henrik Olsson,16144084,Truls Bakken,2,2,1.5746418391784618,1.5746418391784618,4
1014092,Martin Meintjes,63113578,Håkon Kristiansen,4,0,3.1492836783569236,0.0,4
1024805,Audun Bjerve,16144084,Truls Bakken,3,1,2.361962758767693,0.7873209195892309,4
52645105,Tommy Bratseth,7959797,Pergantis Zalachas,2,2,1.572650890889542,1.572650890889542,4
44119141,Gaute Rogstad,67477954,Jake Cope,3,1,2.358976336334313,0.786325445444771,4
52645105,Tommy Bratseth,54197755,Tom erik Lysenstøen,3,1,2.358976336334313,0.786325445444771,4
67015048,jo-inge holen,7959797,Pergantis Zalachas,1,3,0.7828511874421162,2.348553562326349,4
2194859,Eivind Yoo Yong Jae Johansen,26088853,Simeon Ivanov,4,0,3.083617209851319,0.0,4
26088853,Simeon Ivanov,3119948,Huan Bao Ngo,3,1,2.348553562326349,0.7828511874421162,4
58717324,Kjetil Kristensen,7959797,Pergantis Zalachas,1,3,0.7828511874421162,2.348553562326349,4
3119948,Huan Bao Ngo,7959797,Pergantis Zalachas,1,3,0.7828511874421162,2.348553562326349,4
13720633,Håkon Haukebøe,3185355,Ivar Lexi,0,4,0.0,3.1077239693892604,4
1042070,Henrik Olsson,42921529,Joshua Turla Tuppal,2,2,1.5538619846946302,1.5538619846946302,4
1095179,Ernesto Antonio Meléndez,7719582,Astrid E. Pedersen,3,1,2.3307929770419453,0.7769309923473151,4
2053323,Ib Christiansen,42921529,Joshua Turla Tuppal,1,3,0.7769309923473151,2.3307929770419453,4
44119141,Gaute Rogstad,9221877,Johnny Wu,3,1,2.3278459651094483,0.7759486550364827,4
63113578,Håkon Kristiansen,9221877,Johnny Wu,1,3,0.7759486550364827,2.3278459651094483,4
1006281,Jan Atle Kofoed,25484464,Joaquin K. Yovine,1,3,0.7734982422903125,2.3204947268709377,4
1035589,Sebastian Mæhlum,54197755,Tom erik Lysenstøen,4,0,3.0900809811430126,0.0,4
1027114,Jeremiah Torres,17419783,Ketil Blix,3,1,2.3175607358572594,0.7725202452857531,4
1006220,Erik Gårdelöf,17419783,Ketil Blix,4,0,3.0900809811430126,0.0,4
1027114,Jeremiah Torres,63113578,Håkon Kristiansen,3,1,2.3175607358572594,0.7725202452857531,4
25484464,Joaquin K. Yovine,7959797,Pergantis Zalachas,4,0,3.0803226372452,0.0,4
1093760,Mindaugas Jomantas,63113578,Håkon Kristiansen,4,0,3.0803226372452,0.0,4
19616722,Lobsang Thupten,63511876,Ingebrigt Magne Dale,3,1,2.3102419779339,0.7700806593113,4
26088853,Simeon Ivanov,3682319,Lasse Rognlien,3,1,2.3073209503081142,0.7691069834360381,4
5140422,Tomas Gryczon,58717324,Kjetil Kristensen,4,0,3.0764279337441525,0.0,4
16144084,Truls Bakken,2947262,Christian Lothar Ruiz,3,1,2.3073209503081142,0.7691069834360381,4
1006372,Marius Nørsterud,17978686,Ibra Alkhader,0,4,0.0,3.066712705587508,4
17978686,Ibra Alkhader,20361406,Amir Khan,4,0,3.066712705587508,0.0,4
1006431,Pål Daud Fillipsveen,57799534,Iris Marie Evdahl,4,0,3.066712705587508,0.0,4
53204752,Julianne Myhren-heyerdahl,8498578,Riaz Ali,0,4,0.0,3.066712705587508,4
1006372,Marius Nørsterud,1006403,Niklas Engström-Øvretveit,2,2,1.533356352793754,1.533356352793754,4
1006372,Marius Nørsterud,25484464,Joaquin K. Yovine,4,0,3.066712705587508,0.0,4
1006448,Roald Pettersen,42921529,Joshua Turla Tuppal,1,3,0.766678176396877,2.300034529190631,4
1006372,Marius Nørsterud,16476664,Øystein Følling,3,1,2.300034529190631,0.766678176396877,4
10604059,Ole Kvalsvik,1095179,Ernesto Antonio Meléndez,3,1,2.2971264076760027,0.7657088025586676,4
10604059,Ole Kvalsvik,42921529,Joshua Turla Tuppal,0,4,0.0,3.0628352102346703,4
19616722,Lobsang Thupten,42921529,Joshua Turla Tuppal,0,4,0.0,3.0628352102346703,4
3073760,Ronny Jakobsen,42921529,Joshua Turla Tuppal,3,1,2.2971264076760027,0.7657088025586676,4
1095179,Ernesto Antonio Meléndez,8498578,Riaz Ali,4,0,3.053162907318925,0.0,4
16476664,Øystein Følling,25743094,Mohamed Salkiny,0,4,0.0,3.053162907318925,4
16144084,Truls Bakken,8217316,Ida Amundsen Holtet,4,0,3.049302544082742,0.0,4
16144084,Truls Bakken,54197755,Tom erik Lysenstøen,4,0,3.049302544082742,0.0,4
50993632,Kester Hvattum,6691281,Andreas Wahr-Hansen,0,4,0.0,3.0435211491231113,4
42921529,Joshua Turla Tuppal,6839980,Daniel Lorentzen-Styr,1,3,0.7589574174835432,2.2768722524506293,4
2194859,Eivind Yoo Yong Jae Johansen,44184394,Per Arne Grotthing,0,4,0.0,3.0358296699341727,4
17978686,Ibra Alkhader,49097056,Herman Maraas,4,0,3.026242649362485,0.0,4
1024799,Stig Nesvik,63511876,Ingebrigt Magne Dale,4,0,3.026242649362485,0.0,4
1006214,Emil André Gangfløt,53204752,Julianne Myhren-heyerdahl,4,0,3.026242649362485,0.0,4
16686499,Herman Aleksander Wium,1960202,Ola Magnus Johnsen,2,2,1.5112081618035977,1.5112081618035977,4
16636270,Stian Wium,52390867,Emil Johannesen,3,1,2.2668122427053965,0.7556040809017989,4
1960202,Ola Magnus Johnsen,58717324,Kjetil Kristensen,4,0,3.0224163236071955,0.0,4
16636270,Stian Wium,2194859,Eivind Yoo Yong Jae Johansen,3,1,2.2668122427053965,0.7556040809017989,4
1006195,Damianos Giallourakis,7719582,Astrid E. Pedersen,4,0,3.0143808890798685,0.0,4
13295035,Jan Olav Johnsen,20010922,Tudor Pauliuc,1,3,0.7532228787894414,2.2596686363683243,4
1286181,Petri Makkonen,57799534,Iris Marie Evdahl,4,0,3.012474622345631,0.0,4
1286181,Petri Makkonen,24833275,Marte Stulen Aamodt,4,0,3.012474622345631,0.0,4
1006124,Albert-Roman Borrie Stensrød,15982738,Asgeir Elfar Asgeirsson,4,0,3.012474622345631,0.0,4
1272012,Erol Dane Mula,2080111,Casper Cappe Matikainen,0,4,0.0,3.012474622345631,4
13295035,Jan Olav Johnsen,54197755,Tom erik Lysenstøen,4,0,3.0090622420872886,0.0,4
17419783,Ketil Blix,49471744,Nikola Ljusic,1,3,0.7522655605218221,2.2567966815654663,4
19030543,Martin Olsson,49097056,Herman Maraas,0,4,0.0,2.9995597519106885,4
1960202,Ola Magnus Johnsen,19616722,Lobsang Thupten,4,0,2.9995597519106885,0.0,4
1093760,Mindaugas Jomantas,2581136,Mona Søvold Sunde,4,0,2.9995597519106885,0.0,4
1597907,Haukur Stefansson,19616722,Lobsang Thupten,4,0,2.9995597519106885,0.0,4
1024799,Stig Nesvik,1597907,Haukur Stefansson,4,0,2.9995597519106885,0.0,4
1061867,Stig Ringebo,17419783,Ketil Blix,4,0,2.9957671635220207,0.0,4
1042070,Henrik Olsson,53649337,Erlend Helgesen,4,0,2.986306658636285,0.0,4
19616722,Lobsang Thupten,20264908,Bartosz Oldakowski,3,1,2.239729993977214,0.7465766646590712,4
1067228,Roy Steffensen,44184394,Per Arne Grotthing,4,0,2.986306658636285,0.0,4
1067228,Roy Steffensen,25743094,Mohamed Salkiny,1,3,0.7465766646590712,2.239729993977214,4
1042070,Henrik Olsson,49097056,Herman Maraas,4,0,2.986306658636285,0.0,4
1042070,Henrik Olsson,25743094,Mohamed Salkiny,1,3,0.7465766646590712,2.239729993977214,4
20264908,Bartosz Oldakowski,53649337,Erlend Helgesen,1,3,0.7465766646590712,2.239729993977214,4
13720633,Håkon Haukebøe,20264908,Bartosz Oldakowski,0,4,0.0,2.9825308272159132,4
1670605,Bernadette Bodó,5140422,Tomas Gryczon,2,2,1.486556061057747,1.486556061057747,4
1061867,Stig Ringebo,1670605,Bernadette Bodó,3,1,2.2298340915866204,0.7432780305288735,4
1670605,Bernadette Bodó,3185355,Ivar Lexi,2,2,1.486556061057747,1.486556061057747,4
1006281,Jan Atle Kofoed,51736666,Yakup Aliz,1,3,0.7432780305288735,2.2298340915866204,4
1006163,Bjørn Bratteberg,1670605,Bernadette Bodó,3,1,2.2298340915866204,0.7432780305288735,4
51736666,Yakup Aliz,8435377,Geir Anfinsen,0,4,0.0,2.9599823852065645,4
1006214,Emil André Gangfløt,8435377,Geir Anfinsen,4,0,2.9599823852065645,0.0,4
1006214,Emil André Gangfløt,1960202,Ola Magnus Johnsen,3,1,2.219986788904923,0.7399955963016411,4
2581136,Mona Søvold Sunde,50993632,Kester Hvattum,0,4,0.0,2.956233344353398,4
19030543,Martin Olsson,7719582,Astrid E. Pedersen,1,3,0.7367244213954641,2.2101732641863925,4
1123060,"Paweł ""Mumrikken"" Zalewski",19616722,Lobsang Thupten,3,1,2.2101732641863925,0.7367244213954641,4
1010312,Mikael Øgaard,13720633,Håkon Haukebøe,4,0,2.9468976855818565,0.0,4
24897019,Robert Hedin,3183489,Knut-Håkon Helgesen,4,0,2.9468976855818565,0.0,4
1030563,Alexander Baranji,25743094,Mohamed Salkiny,0,4,0.0,2.9468976855818565,4
50993632,Kester Hvattum,61176751,Santina Lafjell Crolla,3,1,2.207378761608686,0.7357929205362287,4
1006281,Jan Atle Kofoed,8970047,Ante Petricevic,4,0,2.933877271545342,0.0,4
54197755,Tom erik Lysenstøen,60309976,Samuel Feste,1,3,0.7293053088939297,2.1879159266817894,4
42921529,Joshua Turla Tuppal,50993632,Kester Hvattum,2,2,1.4586106177878595,1.4586106177878595,4
60309976,Samuel Feste,7959797,Pergantis Zalachas,1,3,0.7293053088939297,2.1879159266817894,4
17419783,Ketil Blix,17693218,Romain Rolland,1,3,0.7293053088939297,2.1879159266817894,4
17693218,Romain Rolland,34163575,Brahim Sandli,3,1,2.1879159266817894,0.7293053088939297,4
2166616,Philippe Béal,42921529,Joshua Turla Tuppal,1,3,0.7293053088939297,2.1879159266817894,4
20396602,Erik Sørensen,7906080,Alessandro Luca,0,4,0.0,2.9043319423677643,4
42921529,Joshua Turla Tuppal,60020002,Yousef Hjelde Elmofty,4,0,2.9043319423677643,0.0,4
36225232,Adrian Winther,7906080,Alessandro Luca,3,1,2.1686246988891003,0.7228748996297001,4
21900748,Leoncio Jr Licarte,58717324,Kjetil Kristensen,3,1,2.1686246988891003,0.7228748996297001,4
57799534,Iris Marie Evdahl,7906080,Alessandro Luca,1,3,0.7228748996297001,2.1686246988891003,4
36225232,Adrian Winther,57799534,Iris Marie Evdahl,3,1,2.1686246988891003,0.7228748996297001,4
21900748,Leoncio Jr Licarte,53204752,Julianne Myhren-heyerdahl,3,1,2.1686246988891003,0.7228748996297001,4
49097056,Herman Maraas,7719582,Astrid E. Pedersen,1,3,0.7228748996297001,2.1686246988891003,4
21900748,Leoncio Jr Licarte,7719582,Astrid E. Pedersen,3,1,2.1686246988891003,0.7228748996297001,4
52324939,Saga Hedin,7719582,Astrid E. Pedersen,1,3,0.7169545838614361,2.1508637515843083,4
5140422,Tomas Gryczon,6600268,Kim Soo Garmark,0,4,0.0,2.7038326789979226,4
1006184,Christian Johannessen,1022496,Jozef Kwit,4,0,2.8158346627592583,0.0,4
11218942,Stein Amundsen,7959797,Pergantis Zalachas,4,0,2.8220097866068823,0.0,4
1006403,Niklas Engström-Øvretveit,1067228,Roy Steffensen,0,4,0.0,2.7315335418003457,4
57625429,Yngve Aurum,57625435,Ståle Aurum,3,1,2.114494785021746,0.7048315950072486,4
6600268,Kim Soo Garmark,7131339,Roger Mølmann,4,0,2.78482357189303,0.0,4
20124274,Paolo Speciale,7131339,Roger Mølmann,1,3,0.6995014114189004,2.0985042342567013,4
1006184,Christian Johannessen,1006292,Jan Thomassen,2,2,1.3954673122992185,1.377051945093143,4
1006292,Jan Thomassen,8435377,Geir Anfinsen,2,2,1.3893016546757948,1.3893016546757948,4
1356128,Christian Moberg,7719582,Astrid E. Pedersen,1,3,0.693333788200647,2.080001364601941,4
2167690,Iselin Masternes,54197755,Tom erik Lysenstøen,3,1,2.080001364601941,0.693333788200647,4
2167690,Iselin Masternes,42921529,Joshua Turla Tuppal,1,3,0.693333788200647,2.080001364601941,4
20124274,Paolo Speciale,7959797,Pergantis Zalachas,3,1,2.080001364601941,0.693333788200647,4
1006292,Jan Thomassen,1042070,Henrik Olsson,2,2,1.383163239061979,0.8792431894666202,4
1067228,Roy Steffensen,5140422,Tomas Gryczon,4,0,2.7480195980296145,0.0,4
48159925,Ole-Jakob Rosenvold,53649337,Erlend Helgesen,3,1,2.0616616379038977,0.6872205459679659,4
1006360,Lars Harby,1061867,Stig Ringebo,3,1,2.0616616379038977,0.6872205459679659,4
53649337,Erlend Helgesen,8435377,Geir Anfinsen,1,3,0.6872205459679659,2.0616616379038977,4
1061867,Stig Ringebo,48159925,Ole-Jakob Rosenvold,3,1,2.0616616379038977,0.6872205459679659,4
1006360,Lars Harby,7719582,Astrid E. Pedersen,4,0,2.6201118520865334,0.0,4
42921529,Joshua Turla Tuppal,8435377,Geir Anfinsen,1,3,0.6872205459679659,2.0616616379038977,4
1006360,Lars Harby,1067228,Roy Steffensen,2,2,1.3709676529364714,1.3709676529364714,4
1006184,Christian Johannessen,5140422,Tomas Gryczon,4,0,2.6477400321120816,0.0,4
1006406,Nina Torvund,26143903,Katrine Sætereng,4,0,2.7118083675458706,0.0,4
1006204,Egil Arne Sørensen,1006298,Jarek (Barracuda) Kapuściński,4,0,2.6420720460565845,0.0,4
1006340,Kjartan Maraas,7131339,Roger Mølmann,0,4,0.0,2.7177591947466655,4
16476664,Øystein Følling,48151645,Albert Fjeldavli,2,2,1.3588795973733327,1.3588795973733327,4
24897019,Robert Hedin,51736666,Yakup Aliz,4,0,2.6643027171573603,0.0,4
1006197,Daniel Salole,1006316,Jonas Sanchez Gangfløt,1,3,0.6695640245858788,2.0086920737576364,4
19616722,Lobsang Thupten,33749638,Noah Justin Pano Gangfløt,3,1,2.0086920737576364,0.6695640245858788,4
1024805,Audun Bjerve,6691281,Andreas Wahr-Hansen,1,3,0.6695640245858788,2.0086920737576364,4
1006360,Lars Harby,1035192,Kjell Martin Andersen,3,1,2.0086920737576364,0.6695640245858788,4
19616722,Lobsang Thupten,6691281,Andreas Wahr-Hansen,1,3,0.6695640245858788,2.0086920737576364,4
1024805,Audun Bjerve,33749638,Noah Justin Pano Gangfløt,3,1,2.0086920737576364,0.6695640245858788,4
1006197,Daniel Salole,1006233,Eystein Gangfløt,1,3,0.6695640245858788,2.0086920737576364,4
30080695,Marek Zagrobelny,52011748,Joakim Aamo,3,1,1.95497819585729,0.6516593986190967,4
1006298,Jarek (Barracuda) Kapuściński,5076344,Hamad Malik,1,3,0.6516593986190967,1.95497819585729,4
1006360,Lars Harby,25875517,Christian Hedin,3,1,1.95497819585729,0.6516593986190967,4
16144084,Truls Bakken,5076344,Hamad Malik,3,1,1.95497819585729,0.6516593986190967,4
1277819,Lasse Kåring,6600268,Kim Soo Garmark,1,3,0.6516593986190967,1.95497819585729,4
1006406,Nina Torvund,1047363,Vinko Smolic,1,3,0.6487772917459688,1.9463318752379064,4
1006214,Emil André Gangfløt,1047363,Vinko Smolic,3,1,1.9463318752379064,0.6487772917459688,4
1006403,Niklas Engström-Øvretveit,1030563,Alexander Baranji,1,3,0.6487772917459688,1.9463318752379064,4
1006214,Emil André Gangfløt,1030563,Alexander Baranji,3,1,1.9463318752379064,0.6487772917459688,4
1006204,Egil Arne Sørensen,8498578,Riaz Ali,4,0,2.440271063328296,0.0,4
1006204,Egil Arne Sørensen,2581136,Mona Søvold Sunde,4,0,2.440271063328296,0.0,4
1093760,Mindaugas Jomantas,2298416,Terje Kristoffersen,4,0,2.440271063328296,0.0,4
1006360,Lars Harby,45883531,Nico Garibaldi,4,0,2.440271063328296,0.0,4
1006406,Nina Torvund,2298416,Terje Kristoffersen,4,0,2.440271063328296,0.0,4
1006431,Pål Daud Fillipsveen,33336508,Paweł Chołodowski,4,0,2.440271063328296,0.0,4
2581136,Mona Søvold Sunde,6545064,Kim-Olaf Sørensen,0,4,0.0,2.418754777266076,4
1006281,Jan Atle Kofoed,36216313,Bjørn-Kowalski Hansen,4,0,2.418754777266076,0.0,4
1006406,Nina Torvund,45883531,Nico Garibaldi,4,0,2.418754777266076,0.0,4
20264908,Bartosz Oldakowski,25484464,Joaquin K. Yovine,4,0,2.418754777266076,0.0,4
1006360,Lars Harby,1006406,Nina Torvund,0,4,0.0,2.418754777266076,4
1006360,Lars Harby,7906080,Alessandro Luca,4,0,2.4080678814139103,0.0,4
26143903,Katrine Sætereng,6691281,Andreas Wahr-Hansen,0,4,0.0,2.4080678814139103,4
1566758,Tor-Arne Slorafoss,20264908,Bartosz Oldakowski,0,4,0.0,2.4080678814139103,4
4849639,Petter Rognlien,8498578,Riaz Ali,0,4,0.0,2.4080678814139103,4
1006431,Pål Daud Fillipsveen,7906080,Alessandro Luca,4,0,2.4080678814139103,0.0,4
1006467,Roy Toycowboy Grimsen,6600268,Kim Soo Garmark,0,4,0.0,2.4080678814139103,4
30080695,Marek Zagrobelny,4849639,Petter Rognlien,1,3,0.5804249702655427,1.741274910796628,4
30080695,Marek Zagrobelny,33729541,Eivind Yoo Yong Jae Johansen,3,1,1.741274910796628,0.5804249702655427,4
2581136,Mona Søvold Sunde,2888171,Ørjan Storborg,1,3,0.5796717378964119,1.7390152136892358,4
1277819,Lasse Kåring,33729541,Eivind Yoo Yong Jae Johansen,1,3,0.5796717378964119,1.7390152136892358,4
2888171,Ørjan Storborg,33729541,Eivind Yoo Yong Jae Johansen,3,1,1.7390152136892358,0.5796717378964119,4
1384637,Jesper Slanti,2581136,Mona Søvold Sunde,3,1,1.7390152136892358,0.5796717378964119,4
12165220,Rune Johnsen,3212629,Rolf G. Sedsbøe Jensen,1,3,0.5683849637355485,1.7051548912066454,4
1006160,Audun Risan Heimsjø,1006260,Hans-Gunnar Bernhardsen,3,1,1.7051548912066454,0.5683849637355485,4
1006403,Niklas Engström-Øvretveit,1042164,Lars-Gøran Engerdahl,1,3,0.5683849637355485,1.7051548912066454,4
1006403,Niklas Engström-Øvretveit,1047734,Ole Kristian Rudshavn,1,3,0.5683849637355485,1.7051548912066454,4
1006203,Edwin Ingebrigtsen,1006360,Lars Harby,1,3,0.5683849637355485,1.7051548912066454,4
1006361,Lars-Harald Riiber,1285998,Haakon Røstad,3,1,1.7051548912066454,0.5683849637355485,4
1016719,Sebastian Meling,2828304,Robin Nordbøen,3,1,1.7051548912066454,0.5683849637355485,4
1006160,Audun Risan Heimsjø,1006220,Erik Gårdelöf,3,1,1.7051548912066454,0.5683849637355485,4
1006361,Lars-Harald Riiber,2828304,Robin Nordbøen,3,1,1.7051548912066454,0.5683849637355485,4
1042164,Lars-Gøran Engerdahl,26005654,Jacob Sæther,3,1,1.7051548912066454,0.5683849637355485,4
1006458,Roger Rasmussen,1016719,Sebastian Meling,3,1,1.7051548912066454,0.5683849637355485,4
1006458,Roger Rasmussen,1047734,Ole Kristian Rudshavn,1,3,0.5683849637355485,1.7051548912066454,4
2167690,Iselin Masternes,36291190,Mary Xeline Santoyo,1,3,0.5651879555644423,1.695563866693327,4
2167690,Iselin Masternes,26143903,Katrine Sætereng,1,3,0.5651879555644423,1.695563866693327,4
1006403,Niklas Engström-Øvretveit,1015461,Nils Arild Sabbasen,4,0,2.2335064840531555,0.0,4
1949271,Olaus C Hansen,20361406,Amir Khan,1,3,0.5559974425907681,1.6679923277723043,4
36847480,Maren Hermansen,9221595,Christoffer Sørensen,1,3,0.5559974425907681,1.6679923277723043,4
36950884,Kristina Mile,7153377,Henning Ingvorsen,1,3,0.5559974425907681,1.6679923277723043,4
24833275,Marte Stulen Aamodt,36950884,Kristina Mile,3,1,1.6679923277723043,0.5559974425907681,4
1024799,Stig Nesvik,9221595,Christoffer Sørensen,1,3,0.5559974425907681,1.6679923277723043,4
15567079,Pawel Goik,2298198,Kenneth Mydland,0,4,0.0,2.1793074741201632,4
1006204,Egil Arne Sørensen,15567079,Pawel Goik,4,0,2.1793074741201632,0.0,4
18904714,Janna Flottorp,9287997,Bengt Bårdsen,0,4,0.0,2.1793074741201632,4
1272012,Erol Dane Mula,2213742,Sebastian Trolle,0,4,0.0,2.1749319208339912,4
1006523,Tommy Myhre,1514994,Thomas Kirsch,1,3,0.5437078985982899,1.6311236957948698,4
1067228,Roy Steffensen,16641289,Michael Götze,3,1,1.6311236957948698,0.5437078985982899,4
1514994,Thomas Kirsch,7962169,Patryk Statkiewicz,3,1,1.6311236957948698,0.5437078985982899,4
1006523,Tommy Myhre,6839980,Daniel Lorentzen-Styr,1,3,0.5437078985982899,1.6311236957948698,4
13720633,Håkon Haukebøe,36990883,Anders Valde,1,3,0.537311193951375,1.6119335818541252,4
30584953,Mattias Beckman,3428055,Rune Fevang,3,1,1.6119335818541252,0.537311193951375,4
30584953,Mattias Beckman,5140422,Tomas Gryczon,1,3,0.537311193951375,1.6119335818541252,4
1566758,Tor-Arne Slorafoss,26143903,Katrine Sætereng,1,3,0.537311193951375,1.6119335818541252,4
2166616,Philippe Béal,36997234,Robin Valde,3,1,1.6119335818541252,0.537311193951375,4
24452485,Mahran Alhadad,8217316,Ida Amundsen Holtet,4,0,2.1235111668039037,0.0,4
17693218,Romain Rolland,6839980,Daniel Lorentzen-Styr,0,4,0.0,2.1235111668039037,4
1006360,Lars Harby,28197979,Kalsang Kalsang,4,0,2.1235111668039037,0.0,4
1006281,Jan Atle Kofoed,2581136,Mona Søvold Sunde,4,0,2.1235111668039037,0.0,4
1510340,Andris Viksnins,24452485,Mahran Alhadad,4,0,2.1235111668039037,0.0,4
1006281,Jan Atle Kofoed,1006360,Lars Harby,0,4,0.0,2.1235111668039037,4
19571821,Erik Sørensen,30080695,Marek Zagrobelny,2,2,1.0510909800524404,1.0510909800524404,4
19616722,Lobsang Thupten,30143524,Paulina Statkiewicz,0,4,0.0,2.06527479539586,4
19913527,Wael Handal,3012666,Eirik Sandaaker,4,0,2.06527479539586,0.0,4
16476664,Øystein Følling,2053323,Ib Christiansen,0,4,0.0,2.06527479539586,4
19913527,Wael Handal,30143524,Paulina Statkiewicz,4,0,2.06527479539586,0.0,4
2167690,Iselin Masternes,34163575,Brahim Sandli,1,3,0.516318698848965,1.548956096546895,4
20396602,Erik Sørensen,34217209,Kenneth Eknes,1,3,0.5094916391637047,1.5284749174911139,4
12348586,Runar Leiren,34220254,Malin Myra,3,1,1.5284749174911139,0.5094916391637047,4
2166616,Philippe Béal,34220254,Malin Myra,3,1,1.5284749174911139,0.5094916391637047,4
21261571,Alexander Lindbäck,2167690,Iselin Masternes,4,0,2.028962114970249,0.0,4
19913527,Wael Handal,21261571,Alexander Lindbäck,4,0,2.028962114970249,0.0,4
17419783,Ketil Blix,33729541,Eivind Yoo Yong Jae Johansen,1,3,0.5072405287425622,1.5217215862276867,4
20396602,Erik Sørensen,33729541,Eivind Yoo Yong Jae Johansen,3,1,1.5217215862276867,0.5072405287425622,4
1006171,Bjørnar Davidsen,19913527,Wael Handal,3,1,1.4950118988257852,0.4983372996085951,4
30584953,Mattias Beckman,3682319,Lasse Rognlien,3,1,1.4950118988257852,0.4983372996085951,4
1006171,Bjørnar Davidsen,2053323,Ib Christiansen,1,3,0.4983372996085951,1.4950118988257852,4
2053323,Ib Christiansen,7222054,Leif Norvald Nilsen,1,3,0.4983372996085951,1.4950118988257852,4
20809939,Gary Zacaria,5140422,Tomas Gryczon,4,0,1.9583441638197954,0.0,4
19616722,Lobsang Thupten,30584953,Mattias Beckman,4,0,1.9583441638197954,0.0,4
1006298,Jarek (Barracuda) Kapuściński,10774063,Axel Mikhail Dalberg,4,0,1.9583441638197954,0.0,4
16282693,Mikko Virtanen,26143903,Katrine Sætereng,3,1,1.4687581228648465,0.48958604095494884,4
1006184,Christian Johannessen,20124274,Paolo Speciale,4,0,1.9212764576266244,0.0,4
19030543,Martin Olsson,6545064,Kim-Olaf Sørensen,1,3,0.4480915220999424,1.3442745662998272,4
1510340,Andris Viksnins,21530185,Ayet Rahimi,3,1,1.3442745662998272,0.4480915220999424,4
1015461,Nils Arild Sabbasen,15015523,Vijay Jadhav,3,1,1.3442745662998272,0.4480915220999424,4
18284020,Nomen Nescio,6545064,Kim-Olaf Sørensen,1,3,0.4480915220999424,1.3442745662998272,4
1015461,Nils Arild Sabbasen,6545064,Kim-Olaf Sørensen,1,3,0.4480915220999424,1.3442745662998272,4
1067228,Roy Steffensen,2194859,Eivind Yoo Yong Jae Johansen,1,3,0.4106438623401133,1.2319315870203398,4
19663153,Katrine Salomonsen,7719582,Astrid E. Pedersen,3,1,1.2123624303589107,0.4041208101196369,4
19663813,Aneta Bananarama,2167690,Iselin Masternes,3,1,1.2123624303589107,0.4041208101196369,4
19663147,Elin Evensen,2581136,Mona Søvold Sunde,3,1,1.2123624303589107,0.4041208101196369,4
18356173,Ulrika Eriksson,8217316,Ida Amundsen Holtet,1,3,0.4041208101196369,1.2123624303589107,4
19663813,Aneta Bananarama,7719582,Astrid E. Pedersen,1,3,0.4041208101196369,1.2123624303589107,4
19663147,Elin Evensen,7719582,Astrid E. Pedersen,1,3,0.4041208101196369,1.2123624303589107,4
12348586,Runar Leiren,16978756,Kevin Jensen,3,1,1.171848362410454,0.3906161208034847,4
2194859,Eivind Yoo Yong Jae Johansen,2660053,Morten Bjellås,0,4,0.0,1.5555609742837413,4
1006298,Jarek (Barracuda) Kapuściński,4797871,Johannes Ulsund,4,0,1.5555609742837413,0.0,4
12165220,Rune Johnsen,1510340,Andris Viksnins,3,1,1.1563839959481037,0.3854613319827012,4
1750663,Tore Mo,2581136,Mona Søvold Sunde,1,3,0.3854613319827012,1.1563839959481037,4
12165220,Rune Johnsen,1750663,Tore Mo,1,3,0.3854613319827012,1.1563839959481037,4
1006298,Jarek (Barracuda) Kapuściński,16854487,Hans Røbergshagen,3,1,1.146187961077839,0.382062653692613,4
1006298,Jarek (Barracuda) Kapuściński,6181993,Kim Bjørnstad,4,0,1.528250614770452,0.0,4
4849639,Petter Rognlien,5140422,Tomas Gryczon,0,4,0.0,1.5080829648327845,4
1006467,Roy Toycowboy Grimsen,1510340,Andris Viksnins,3,1,1.116136093863334,0.3720453646211113,4
2581136,Mona Søvold Sunde,6691281,Andreas Wahr-Hansen,1,3,0.3720453646211113,1.116136093863334,4
1006298,Jarek (Barracuda) Kapuściński,7131339,Roger Mølmann,1,3,0.3720453646211113,1.116136093863334,4
2947265,Bernjard David C Ruiz,8217316,Ida Amundsen Holtet,3,1,1.0537269921798316,0.35124233072661054,4
11193832,Susann Lamby Solvang,2827292,Simen Jøndal,3,1,1.0537269921798316,0.35124233072661054,4
11193832,Susann Lamby Solvang,7959797,Pergantis Zalachas,1,3,0.35124233072661054,1.0537269921798316,4
10220035,Marius Lamby Solvang,2660053,Morten Bjellås,0,4,0.0,1.3925814688214666,4
12339043,Magnus Groseth,4797871,Johannes Ulsund,3,1,1.0398214213900916,0.3466071404633638,4
10540801,Vasileios Nikolaou,13381909,Kjartan Madsen,3,1,1.0398214213900916,0.3466071404633638,4
1006487,Desak Sri Pustini,9209866,Johannes Sandström,4,0,1.3864285618534553,0.0,4
10220035,Marius Lamby Solvang,8206764,Grzegorz Tabor,0,4,0.0,1.3864285618534553,4
12339043,Magnus Groseth,7131339,Roger Mølmann,1,3,0.34507661968964953,1.0352298590689486,4
10540801,Vasileios Nikolaou,1708121,Petter Olsen,3,1,1.0352298590689486,0.34507661968964953,4
12348598,Runar Leiren,9221877,Johnny Wu,3,1,1.0260993562905574,0.34203311876351916,4
11193832,Susann Lamby Solvang,9221877,Johnny Wu,1,3,0.34203311876351916,1.0260993562905574,4
11193832,Susann Lamby Solvang,12348598,Runar Leiren,1,3,0.34203311876351916,1.0260993562905574,4
7719582,Astrid E. Pedersen,9221877,Johnny Wu,1,3,0.34203311876351916,1.0260993562905574,4
12239083,Christoffer karlik,5140422,Tomas Gryczon,1,3,0.3405218980508727,1.021565694152618,4
1298131,Jack Nordby,9924259,Amin Asil,3,1,1.021565694152618,0.3405218980508727,4
1006479,Sigurd Mølmann,9924259,Amin Asil,3,1,1.021565694152618,0.3405218980508727,4
1006479,Sigurd Mølmann,8498578,Riaz Ali,1,3,0.3405218980508727,1.021565694152618,4
1027114,Jeremiah Torres,7959797,Pergantis Zalachas,0,4,0.0,1.3205146750084926,4
1027114,Jeremiah Torres,5493128,Per christian Slåtta,3,1,0.9903860062563694,0.33012866875212316,4
1967863,Nate Komljenovic,7719582,Astrid E. Pedersen,3,1,0.9816557601665166,0.3272185867221722,4
1967863,Nate Komljenovic,5140422,Tomas Gryczon,3,1,0.9816557601665166,0.3272185867221722,4
3012666,Eirik Sandaaker,7004013,Jone Berntsen Stava,0,4,0.0,1.291598871895003,4
6691281,Andreas Wahr-Hansen,8435377,Geir Anfinsen,0,4,0.0,1.291598871895003,4
1510340,Andris Viksnins,7222054,Leif Norvald Nilsen,4,0,1.2858582479588299,0.0,4
2947262,Christian Lothar Ruiz,8274311,Jenny Carine Borrmann,3,1,0.9601326608419338,0.3200442202806446,4
2947265,Bernjard David C Ruiz,8274311,Jenny Carine Borrmann,3,1,0.9601326608419338,0.3200442202806446,4
9981040,Thomas Andre,9981874,vibeke oslo bk,2,2,0.6372631077513541,0.6372631077513541,4
7131339,Roger Mølmann,8217316,Ida Amundsen Holtet,3,1,0.9558904623987009,0.3186301541329003,4
1024799,Stig Nesvik,3587297,Didrik V Berg,1,3,0.3186301541329003,0.9558904623987009,4
3587297,Didrik V Berg,7131339,Roger Mølmann,3,1,0.9558904623987009,0.3186301541329003,4
1356128,Christian Moberg,7959797,Pergantis Zalachas,0,4,0.0,1.268894917508404,4
1356128,Christian Moberg,8306234,Frode Ellingsen,4,0,1.268894917508404,0.0,4
8306234,Frode Ellingsen,9225027,Wei Liu,3,1,0.9432809697584406,0.3144269899194802,4
1022496,Jozef Kwit,1708121,Petter Olsen,3,1,0.934958971873156,0.31165299062438534,4
7131339,Roger Mølmann,9225027,Wei Liu,3,1,0.934958971873156,0.31165299062438534,4
5493128,Per christian Slåtta,9225027,Wei Liu,3,1,0.934958971873156,0.31165299062438534,4
5129473,Andreas Bjørnhaug,6691281,Andreas Wahr-Hansen,0,4,0.0,1.2356203722612094,4
5516156,Freddy Jansson,8306234,Frode Ellingsen,3,1,0.9104453110881302,0.30348177036271007,4
5516156,Freddy Jansson,7719582,Astrid E. Pedersen,4,0,1.2139270814508403,0.0,4
3375253,Elvis Miglans,8217316,Ida Amundsen Holtet,3,1,0.9094359773055052,0.3031453257685017,4
1024799,Stig Nesvik,5475535,Sandro Hasecic,3,1,0.9094359773055052,0.3031453257685017,4
2314015,Morgan Palmborg,5475535,Sandro Hasecic,3,1,0.9094359773055052,0.3031453257685017,4
3375253,Elvis Miglans,5475535,Sandro Hasecic,3,1,0.9094359773055052,0.3031453257685017,4
2314015,Morgan Palmborg,6600268,Kim Soo Garmark,1,3,0.3031453257685017,0.9094359773055052,4
2792002,Shaq Bajrami,6839980,Daniel Lorentzen-Styr,0,4,0.0,1.2032263222627513,4
2792002,Shaq Bajrami,9014911,Erik Forsberg,4,0,1.2032263222627513,0.0,4
1277819,Lasse Kåring,2792002,Shaq Bajrami,4,0,1.2032263222627513,0.0,4
1356128,Christian Moberg,5493128,Per christian Slåtta,3,1,0.7660618350282242,0.25535394500940806,4
1423958,Ørjan Saxrud,1510340,Andris Viksnins,0,4,0.0,1.0168760084388337,4
4742719,Adiil Lusjanii,5140422,Tomas Gryczon,3,1,0.7592873236832574,0.2530957745610858,4
1006171,Bjørnar Davidsen,7131339,Roger Mølmann,1,3,0.2508641859607735,0.7525925578823205,4
6839980,Daniel Lorentzen-Styr,8274311,Jenny Carine Borrmann,3,1,0.7492673434534753,0.24975578115115843,4
1006218,Emma Therese Gangfløt,7121356,Roger Mølmann,0,4,0.0,0.9946090946306557,4
1006218,Emma Therese Gangfløt,1969223,Ole Andreas Sandvik,0,4,0.0,0.9946090946306557,4
2053323,Ib Christiansen,8112358,Marcus Andre Trondsen,3,1,0.7426609255267564,0.24755364184225215,4
1006178,Carl Kolrud,7131339,Roger Mølmann,4,0,0.985839456649959,0.0,4
5140422,Tomas Gryczon,8125349,Simen Haugland,3,1,0.7393795924874692,0.24645986416248974,4
3012666,Eirik Sandaaker,8125349,Simen Haugland,3,1,0.7393795924874692,0.24645986416248974,4
1156277,Mathias Hæreid,3012666,Eirik Sandaaker,1,3,0.24645986416248974,0.7393795924874692,4
1510340,Andris Viksnins,7401491,Morten Bjellås,3,1,0.7264337043648739,0.24214456812162463,4
1014552,Baard Onsum,3185355,Ivar Lexi,3,1,0.7255843810682518,0.24185242897616388,4
1006186,Christian Wikeby,3185355,Ivar Lexi,2,2,0.4837319520920879,0.48370485795232776,4
1024799,Stig Nesvik,7711820,Marie Hoff Petersen,2,2,0.4837319520920879,0.48370485795232776,4
7401493,Simen Skattum,7654643,Raymond Alstad,3,1,0.6619131849826192,0.22063772832753975,4
1969238,Audun Brede,7100105,Filip,1,3,0.22063772832753975,0.6619131849826192,4
3012666,Eirik Sandaaker,7222054,Leif Norvald Nilsen,1,3,0.22063772832753975,0.6619131849826192,4
2827292,Simen Jøndal,7222054,Leif Norvald Nilsen,4,0,0.882550913310159,0.0,4
1006467,Roy Toycowboy Grimsen,1946517,Ivan Tadic,4,0,0.8786514978822585,0.0,4
1093760,Mindaugas Jomantas,3595359,Øivind Bakken,0,4,0.0,0.8786514978822585,4
1006467,Roy Toycowboy Grimsen,3595359,Øivind Bakken,4,0,0.8786514978822585,0.0,4
3485006,Cyril Vella,5145209,Frode Lystad,4,0,0.8786514978822585,0.0,4
1034683,Matias Nilsen,1084882,Remi Kwit,3,1,0.6589886234116938,0.21966287447056462,4
1006487,Desak Sri Pustini,3595359,Øivind Bakken,0,4,0.0,0.8747693114214917,4
1946517,Ivan Tadic,5493128,Per christian Slåtta,4,0,0.8747693114214917,0.0,4
2052753,Morten Falk,7131339,Roger Mølmann,0,4,0.0,0.8747693114214917,4
3485006,Cyril Vella,7654643,Raymond Alstad,1,3,0.21869232785537293,0.6560769835661188,4
7401493,Simen Skattum,7654573,Sam Musallam Burnieh,1,3,0.21869232785537293,0.6560769835661188,4
1969238,Audun Brede,3613617,Vito Antonio Palmisano,1,3,0.21869232785537293,0.6560769835661188,4
3485006,Cyril Vella,7466532,Øyvind Rørslett,3,1,0.6560769835661188,0.21869232785537293,4
3613617,Vito Antonio Palmisano,7654643,Raymond Alstad,1,3,0.21869232785537293,0.6560769835661188,4
1708121,Petter Olsen,5076660,Fredrik Nymark,3,1,0.6560769835661188,0.21869232785537293,4
5076660,Fredrik Nymark,5140422,Tomas Gryczon,3,1,0.6560769835661188,0.21869232785537293,4
1750663,Tore Mo,7784582,Mathias Kolloen Nilsen,3,1,0.6560769835661188,0.21869232785537293,4
1012750,Frode Myhre Larsen,2947265,Bernjard David C Ruiz,1,3,0.21869232785537293,0.6560769835661188,4
1027114,Jeremiah Torres,3428055,Rune Fevang,4,0,0.8670563212435378,0.0,4
1969223,Ole Andreas Sandvik,7131339,Roger Mølmann,0,4,0.0,0.8670563212435378,4
4889376,Tayab Malik,7784582,Mathias Kolloen Nilsen,1,3,0.21676408031088445,0.6502922409326534,4
2251353,Mentor Nuredini,5140422,Tomas Gryczon,1,3,0.21676408031088445,0.6502922409326534,4
3012666,Eirik Sandaaker,4742719,Adiil Lusjanii,3,1,0.6474190247151028,0.21580634157170095,4
1969223,Ole Andreas Sandvik,7121356,Roger Mølmann,0,4,0.0,0.8594113378151447,4
1006487,Desak Sri Pustini,3428055,Rune Fevang,3,1,0.6417106207811175,0.2139035402603725,4
1006487,Desak Sri Pustini,1015461,Nils Arild Sabbasen,3,1,0.6417106207811175,0.2139035402603725,4
2251360,Joakim Elfstrøm,7121356,Roger Mølmann,1,3,0.2139035402603725,0.6417106207811175,4
3635602,Rune Fevang,4797871,Johannes Ulsund,1,3,0.21295844037730127,0.6388753211319038,4
3611862,Minh Cong Bui,7100105,Filip,1,3,0.21295844037730127,0.6388753211319038,4
3405178,Lag 5,3405183,Lag 10,1,3,0.20912037527082417,0.6273611258124725,4
3405174,Lag 1,3405183,Lag 10,3,1,0.6273611258124725,0.20912037527082417,4
3405175,Lag 2,3405184,Lag 11,1,3,0.20912037527082417,0.6273611258124725,4
3405174,Lag 1,3405180,Lag 7,1,3,0.20912037527082417,0.6273611258124725,4
1022965,Tommy Bakke,3428055,Rune Fevang,1,3,0.20829520985828703,0.624885629574861,4
1093760,Mindaugas Jomantas,1393993,Ronny Sørlie,3,1,0.624885629574861,0.20829520985828703,4
1969223,Ole Andreas Sandvik,6181993,Kim Bjørnstad,1,3,0.20829520985828703,0.624885629574861,4
2167690,Iselin Masternes,6835940,Christiane .,4,0,0.8240262880069578,0.0,4
2660053,Morten Bjellås,4889376,Tayab Malik,3,1,0.6221246685607272,0.2073748895202424,4
3595359,Øivind Bakken,5493128,Per christian Slåtta,3,1,0.6221246685607272,0.2073748895202424,4
1015461,Nils Arild Sabbasen,1967863,Nate Komljenovic,0,4,0.0,0.8258345419040719,4
1006487,Desak Sri Pustini,6181993,Kim Bjørnstad,0,4,0.0,0.8221857190372805,4
1093760,Mindaugas Jomantas,4797871,Johannes Ulsund,4,0,0.8221857190372805,0.0,4
4797871,Johannes Ulsund,6475205,Yorkey Ronald,1,3,0.20463825448323644,0.6139147634497093,4
1969238,Audun Brede,2827292,Simen Jøndal,0,4,0.0,0.8149363673595407,4
1016897,Hannes Ragnar Leifsson,6680803,Jake Hill,3,1,0.6058185238194339,0.20193507229793442,4
2792002,Shaq Bajrami,5140422,Tomas Gryczon,1,3,0.20193507229793442,0.6058052168938033,4
3305265,Fredrik Nyberg,6181993,Kim Bjørnstad,0,4,0.0,0.804160814910916,4
2660053,Morten Bjellås,3611862,Minh Cong Bui,2,2,0.402080407455458,0.3898083218858102,4
2053323,Ib Christiansen,5916966,Per Christian Slåtta,3,1,0.5978027939147482,0.19926759797158275,4
2057268,Øyvind Stenhaug,6550335,Usama Javed,0,4,0.0,0.797070391886331,4
1018030,Thomas Bestorp,5140422,Tomas Gryczon,0,4,0.0,0.7647766962129985,4
1006171,Bjørnar Davidsen,6461417,Per Holm,3,1,0.59253186474792,0.19751062158264,4
5129473,Andreas Bjørnhaug,6461417,Per Holm,3,1,0.59253186474792,0.19751062158264,4
1006215,Emil Andreassen,1014095,Odd Sebastian Bobby Fischer,3,1,0.5907112745350885,0.19690375817836284,4
3611862,Minh Cong Bui,5140422,Tomas Gryczon,2,2,0.3898083218858102,0.3489672564590556,4
1969223,Ole Andreas Sandvik,6179045,Georgios,0,4,0.0,0.7761720275769936,4
2827292,Simen Jøndal,6179045,Georgios,0,4,0.0,0.7761720275769936,4
1015461,Nils Arild Sabbasen,4759047,Geir Anfinsen,0,4,0.0,0.7737345053482315,4
2043792,Vaios Evangelou,2827292,Simen Jøndal,4,0,0.7020537284195626,0.0,4
3405176,Lag 3,3405180,Lag 7,0,4,0.0,0.7458473522846111,4
3405184,Lag 11,3405185,lag 12,3,1,0.5593855142134583,0.18646183807115277,4
3405174,Lag 1,3405182,Lag 9,1,3,0.18646183807115277,0.5593855142134583,4
3405175,Lag 2,3405181,Lag 8,3,1,0.5593855142134583,0.18646183807115277,4
3405183,Lag 10,3405184,Lag 11,0,4,0.0,0.7458473522846111,4
2057268,Øyvind Stenhaug,4797871,Johannes Ulsund,1,3,0.18078266071273646,0.5504427954042241,4
1006281,Jan Atle Kofoed,1006451,Robert Gelin Rysjedal,4,0,0.7411538497439922,0.0,4
1006333,Kent Hansen,3595359,Øivind Bakken,4,0,0.7397388930716676,0.0,4
1969223,Ole Andreas Sandvik,5174448,Thomas Hilling Amundsen,1,3,0.18481777225079493,0.5544533167523849,4
2947265,Bernjard David C Ruiz,5174448,Thomas Hilling Amundsen,3,1,0.5544533167523849,0.17839969455979604,4
1944804,Tommy Martinsen,3428055,Rune Fevang,1,3,0.1847690644911146,0.5535562877540556,4
1750663,Tore Mo,1944804,Tommy Martinsen,2,2,0.34513413747470323,0.32223195740575356,4
2057268,Øyvind Stenhaug,3081704,Sundar K,3,1,0.5487998223246987,0.18159086903301794,4
1071680,Michael,2053323,Ib Christiansen,1,3,0.1840011833587593,0.5520035500762779,4
2947265,Bernjard David C Ruiz,3119948,Huan Bao Ngo,3,1,0.5520035500762779,0.1840011833587593,4
3119948,Huan Bao Ngo,4935731,Rj Velasquez,0,4,0.0,0.7185183240061389,4
2827292,Simen Jøndal,5174448,Thomas Hilling Amundsen,3,1,0.5400032847446816,0.17839969455979604,4
1751833,Carlton Ford,3081704,Sundar K,2,2,0.3647576271011464,0.3505390552563131,4
16476664,Øystein Følling,4797871,Johannes Ulsund,3,1,0.5447190024669447,0.1815730008223149,4
1969223,Ole Andreas Sandvik,2057268,Øyvind Stenhaug,3,1,0.4531093712425533,0.13616335526490841,4
3081704,Sundar K,3543748,Thong Trong Ho,1,3,0.18077074845362026,0.5314503442066598,4
4797871,Johannes Ulsund,4935731,Rj Velasquez,1,3,0.17759936955956507,0.5327981086786953,4
2167690,Iselin Masternes,3543769,Besar Kurti,3,1,0.5304952898841521,0.17683176329471736,4
1006215,Emil Andreassen,3081704,Sundar K,3,1,0.528149057904107,0.1760496859680357,4
1510340,Andris Viksnins,3119948,Huan Bao Ngo,1,3,0.1760496859680357,0.528149057904107,4
1708121,Petter Olsen,3119948,Huan Bao Ngo,1,3,0.1760496859680357,0.528149057904107,4
2053323,Ib Christiansen,3595359,Øivind Bakken,1,3,0.1760357655910523,0.5281072967731569,4
2827292,Simen Jøndal,4935731,Rj Velasquez,1,3,0.17526952762815656,0.5258085828844696,4
1708121,Petter Olsen,2947260,Jasper Nicolaysen,1,3,0.17526952762815656,0.5258085828844696,4
1012750,Frode Myhre Larsen,4797871,Johannes Ulsund,3,1,0.5257739359329303,0.17525797864431011,4
3218903,Amir Bajrami,3595359,Øivind Bakken,1,3,0.17449512618596588,0.5234853785578977,4
3218903,Amir Bajrami,3611862,Minh Cong Bui,2,2,0.3489672564590556,0.34439247552894703,4
2251353,Mentor Nuredini,4734030,Ronny,0,4,0.0,0.6948507966516698,4
1750663,Tore Mo,1944631,Lars Haakon Lunde,3,1,0.5188355289833361,0.1729451763277787,4
1902521,Tom-Henrik Sandvik,3595353,Knut Holm,1,3,0.1729451763277787,0.5188355289833361,4
1014095,Odd Sebastian Bobby Fischer,1902521,Tom-Henrik Sandvik,4,0,0.6887468707689254,0.0,4
2923223,Christian Lothar Ruiz,2947260,Jasper Nicolaysen,3,1,0.4838090191865544,0.15619436498389086,4
2167690,Iselin Masternes,8383376,Hans Petter Ilstad,0,4,0.0,0.6826515801771179,4
2576333,Besar Avdi,2576334,Ridvan Avdi,4,0,0.6826515801771179,0.0,4
1968343,Silje Jacobsen,3428055,Rune Fevang,0,4,0.0,0.6826515801771179,4
3719239,Odin,8383377,Tina Lindvall,0,4,0.0,0.6826515801771179,4
2167690,Iselin Masternes,2576333,Besar Avdi,4,0,0.6826515801771179,0.0,4
3595359,Øivind Bakken,8383376,Hans Petter Ilstad,0,4,0.0,0.6826515801771179,4
2576334,Ridvan Avdi,5140422,Tomas Gryczon,4,0,0.6826515801771179,0.0,4
1968343,Silje Jacobsen,3719239,Odin,0,4,0.0,0.6826515801771179,4
2576333,Besar Avdi,3595359,Øivind Bakken,0,4,0.0,0.6826515801771179,4
3120055,Per Christian Slåtta,8383376,Hans Petter Ilstad,4,0,0.6826515801771179,0.0,4
3719239,Odin,4797871,Johannes Ulsund,0,4,0.0,0.6826515801771179,4
2576333,Besar Avdi,3120055,Per Christian Slåtta,0,4,0.0,0.6826515801771179,4
2167690,Iselin Masternes,2576334,Ridvan Avdi,0,4,0.0,0.6826515801771179,4
1969238,Audun Brede,3719239,Odin,4,0,0.6826515801771179,0.0,4
1968343,Silje Jacobsen,8383377,Tina Lindvall,0,4,0.0,0.6826515801771179,4
2576334,Ridvan Avdi,3120055,Per Christian Slåtta,0,4,0.0,0.6826515801771179,4
1968343,Silje Jacobsen,1969238,Audun Brede,0,4,0.0,0.6826515801771179,4
2653483,Shakir Bajrami,3428055,Rune Fevang,3,1,0.5097265418982578,0.16990884729941927,4
1006543,Trond Lid Cappelen,1969223,Ole Andreas Sandvik,3,1,0.5052321960635657,0.16841073202118859,4
2085426,Minh Bui Cong,3081704,Sundar K,3,1,0.5052321960635657,0.16841073202118859,4
1012750,Frode Myhre Larsen,2085426,Minh Bui Cong,3,1,0.5052321960635657,0.16841073202118859,4
3120055,Per Christian Slåtta,7784582,Mathias Kolloen Nilsen,3,1,0.4985648694032852,0.16618828980109507,4
2166616,Philippe Béal,3120055,Per Christian Slåtta,2,2,0.3151676165832317,0.3237720980927109,4
1071778,Deleted Account,2827292,Simen Jøndal,4,0,0.6639257821533598,0.0,4
1071778,Deleted Account,1967863,Nate Komljenovic,0,4,0.0,0.6639257821533598,4
1006208,Eirik Riisnæs,1967863,Nate Komljenovic,4,0,0.6639257821533598,0.0,4
1015461,Nils Arild Sabbasen,1093760,Mindaugas Jomantas,0,4,0.0,0.6638207921133484,4
1071778,Deleted Account,1093760,Mindaugas Jomantas,0,4,0.0,0.6638207921133484,4
1022496,Jozef Kwit,2827292,Simen Jøndal,4,0,0.6638207921133484,0.0,4
1969223,Ole Andreas Sandvik,2431086,Adil,1,3,0.16545401241107321,0.49636203723321964,4
2576372,Fadil Mustafa,2923223,Christian Lothar Ruiz,3,1,0.49636203723321964,0.16545401241107321,4
1902521,Tom-Henrik Sandvik,1967863,Nate Komljenovic,3,1,0.49636203723321964,0.16545401241107321,4
1708121,Petter Olsen,2653482,Adil Lusjani,3,1,0.49416893793818667,0.1647229793127289,4
1157968,Jesper Gustafsson,1708121,Petter Olsen,1,3,0.16399517617165835,0.491985528514975,4
2241168,Trond L,2251353,Mentor Nuredini,4,0,0.6530823548671697,0.0,4
2252446,Tor Bugten,2653482,Adil Lusjani,3,1,0.48981176615037725,0.16327058871679243,4
2690021,Torkel Rønningen,3119948,Huan Bao Ngo,2,2,0.3179712230751713,0.32654117743358485,4
1157968,Jesper Gustafsson,1946517,Ivan Tadic,3,1,0.4876476082203489,0.1625492027401163,4
1012750,Frode Myhre Larsen,3081704,Sundar K,4,0,0.6444617775346293,0.0,4
1006157,Asle M. Johansen,1902521,Tom-Henrik Sandvik,4,0,0.6444639148115071,0.0,4
2653483,Shakir Bajrami,2827292,Simen Jøndal,1,3,0.16111597870287678,0.48334793610863036,4
1006147,Arild Kråkvik,1006186,Christian Wikeby,3,1,0.4827550378455572,0.16091834594851906,4
1006147,Arild Kråkvik,1272012,Erol Dane Mula,3,1,0.4827550378455572,0.16091834594851906,4
1946517,Ivan Tadic,2620562,Adil,3,1,0.48119965401277026,0.16039988467092342,4
1006215,Emil Andreassen,1279214,Daniel Axeborg,1,3,0.16039988467092342,0.48119965401277026,4
1969238,Audun Brede,2576334,Ridvan Avdi,4,0,0.6128848652669858,0.0,4
2052753,Morten Falk,2251353,Mentor Nuredini,2,2,0.2981126998314373,0.27965908351623076,4
1708121,Petter Olsen,2950122,Mathias Gjerdrum,3,1,0.470662645437971,0.15688754847932365,4
1751232,Øyvind Stenhaug,2684364,Huan,3,1,0.470662645437971,0.15688754847932365,4
2947251,Maria Torjussen,2947265,Bernjard David C Ruiz,3,1,0.470662645437971,0.15688754847932365,4
1708121,Petter Olsen,2684364,Huan,3,1,0.470662645437971,0.15688754847932365,4
1708121,Petter Olsen,1751833,Carlton Ford,3,1,0.470662645437971,0.15688754847932365,4
1561935,Øystein Holm Krøvel,1902521,Tom-Henrik Sandvik,1,3,0.15619436498389086,0.4685830949516726,4
1069187,Thomas Erichsen,2684364,Huan,1,3,0.15550424421308467,0.466512732639254,4
1084883,Pål Nilsson,2625188,Christian Garmann Schjelderup,3,1,0.466512732639254,0.15550424421308467,4
2684364,Huan,2950122,Mathias Gjerdrum,1,3,0.15550424421308467,0.466512732639254,4
1084883,Pål Nilsson,2923223,Christian Lothar Ruiz,1,3,0.15550424421308467,0.466512732639254,4
1012750,Frode Myhre Larsen,2140742,Jamal Malik,2,2,0.3096343452694552,0.30292840040326496,4
1969223,Ole Andreas Sandvik,2140722,Mats Larsen,1,3,0.1548171726347276,0.45774557303799257,4
2890737,Mirosław Zduńczuk,2890761,Yanan,0,4,0.0,0.6165325471057275,4
1016894,Tommy Andersen,1902521,Tom-Henrik Sandvik,3,1,0.44433368330561196,0.14811122776853733,4
1016894,Tommy Andersen,1131881,Lars Haakon Lunde,1,3,0.14811122776853733,0.44433368330561196,4
1006543,Trond Lid Cappelen,1131881,Lars Haakon Lunde,1,3,0.14811122776853733,0.44433368330561196,4
1670605,Bernadette Bodó,1750663,Tore Mo,0,4,0.0,0.5808260861518169,4
1024799,Stig Nesvik,2241168,Trond L,0,4,0.0,0.587221223273913,4
1006174,Børre Kofoed Karaka,1015461,Nils Arild Sabbasen,3,1,0.35773326327159666,0.10578813653882159,4
1022965,Tommy Bakke,1071778,Deleted Account,4,0,0.5846266766442614,0.0,4
1022496,Jozef Kwit,1902521,Tom-Henrik Sandvik,4,0,0.5820435936197157,0.0,4
1510340,Andris Viksnins,2574158,Tommy Andersen,3,1,0.4346039426625753,0.1448679808875251,4
1902521,Tom-Henrik Sandvik,2574158,Tommy Andersen,3,1,0.4346039426625753,0.1448679808875251,4
2140752,Mats Larsen,2431085,Shakir,1,3,0.1448679808875251,0.4346039426625753,4
1670605,Bernadette Bodó,2166616,Philippe Béal,2,2,0.2833915051899456,0.2747492212618746,4
1714802,Darius Žilinskas,1751833,Carlton Ford,1,3,0.1416957525949728,0.3788585541033539,4
1006124,Albert-Roman Borrie Stensrød,1024799,Stig Nesvik,4,0,0.5617855879337523,0.0,4
1946517,Ivan Tadic,3545840,Ben Litvak,1,3,0.13921172644096524,0.41763517932289573,4
1006178,Carl Kolrud,3545840,Ben Litvak,1,3,0.13921172644096524,0.41763517932289573,4
1510340,Andris Viksnins,3545840,Ben Litvak,1,3,0.13921172644096524,0.41763517932289573,4
1024799,Stig Nesvik,3545840,Ben Litvak,1,3,0.13921172644096524,0.41763517932289573,4
1006543,Trond Lid Cappelen,1015952,Marius Farås,0,4,0.0,0.5543865633829664,4
1006178,Carl Kolrud,1969407,Alexander Reyes Monsen,0,4,0.0,0.5494984425237492,4
1006430,Pak San Li,1006543,Trond Lid Cappelen,0,4,0.0,0.5494984425237492,4
1969238,Audun Brede,1987327,Stian Stian,4,0,0.535280031664303,0.0,4
1022496,Jozef Kwit,1944604,Antonio De La Garza,3,1,0.4103029261478267,0.13676764204927558,4
1022496,Jozef Kwit,1027114,Jeremiah Torres,3,1,0.4103029261478267,0.13676764204927558,4
1429285,Kristoffer Fjellstad,2110681,Kaj Dembe,2,2,0.27112431059029374,0.27112347685745397,4
1957536,Sebastian Yet,2110679,Eskil Skogen,3,1,0.4066860490190207,0.13556173842872699,4
1006430,Pak San Li,1016894,Tommy Andersen,4,0,0.5422469537149079,0.0,4
1957536,Sebastian Yet,2110681,Kaj Dembe,1,3,0.13556173842872699,0.40668521528618096,4
1670605,Bernadette Bodó,1987327,Stian Stian,4,0,0.5304563698903806,0.0,4
1561576,Antonio Hagen,1612715,Kunta Kinte,1,3,0.13436646746602252,0.4030994023980675,4
1697350,Philippe Beal,2080241,Michel Mateos,1,3,0.13436646746602252,0.4030994023980675,4
2052753,Morten Falk,2052755,Erling Betten,3,1,0.4030994023980675,0.13436646746602252,4
1751232,Øyvind Stenhaug,2080241,Michel Mateos,1,3,0.13436646746602252,0.4030994023980675,4
1071778,Deleted Account,1561576,Antonio Hagen,4,0,0.5350911596085,0.0,4
1071778,Deleted Account,1612715,Kunta Kinte,1,3,0.133772789902125,0.40131836970637497,4
1472748,Tommy Martinsen,1946517,Ivan Tadic,1,3,0.133772789902125,0.40131836970637497,4
1472752,Aneta Johnsen,2056438,Gabriel Muzolf,1,3,0.133772789902125,0.40131836970637497,4
1751232,Øyvind Stenhaug,2056865,Rune Godager,1,3,0.133772789902125,0.40131836970637497,4
1183869,Matias Myhrhaug,1472752,Aneta Johnsen,3,1,0.40131836970637497,0.133772789902125,4
2052753,Morten Falk,2056866,Michel Matyeos,3,1,0.40131836970637497,0.133772789902125,4
1183869,Matias Myhrhaug,1946517,Ivan Tadic,0,4,0.0,0.5280297973637049,4
1013991,Ahad Rashid,1697351,Per Ingvarsson,4,0,0.5256967789426956,0.0,4
1751232,Øyvind Stenhaug,3371861,Lars Kristian Øyen,3,1,0.39253055145347937,0.1308435171511598,4
1670605,Bernadette Bodó,1944804,Tommy Martinsen,3,1,0.39253055145347937,0.1308435171511598,4
1751232,Øyvind Stenhaug,1998017,FLORIDO GALLEGO ANTONIO JAVIER,1,3,0.1308435171511598,0.39253055145347937,4
1944804,Tommy Martinsen,1969223,Ole Andreas Sandvik,1,3,0.1308435171511598,0.39253055145347937,4
1006174,Børre Kofoed Karaka,1006487,Desak Sri Pustini,0,4,0.0,0.5187593901999022,4
1071778,Deleted Account,1957539,Johny Lotto,1,3,0.12911683291166803,0.3873504987350041,4
1510340,Andris Viksnins,1511260,Lars Haakon Lunde,3,1,0.3873504987350041,0.12911683291166803,4
1345906,Ahad Rashid,1510340,Andris Viksnins,1,3,0.12911683291166803,0.3873504987350041,4
1006171,Bjørnar Davidsen,1071778,Deleted Account,3,1,0.3873504987350041,0.12911683291166803,4
1043840,Elisabeth Synnøve Roaas,1957536,Sebastian Yet,1,3,0.12911683291166803,0.3873504987350041,4
1431228,remi kwit,1472755,Georgina Askeland,3,1,0.3873504987350041,0.12911683291166803,4
1472748,Tommy Martinsen,1957536,Sebastian Yet,1,3,0.12911683291166803,0.3873504987350041,4
1431228,remi kwit,1946517,Ivan Tadic,1,3,0.12911683291166803,0.3873504987350041,4
1751232,Øyvind Stenhaug,1957538,Mathias macdonald,3,1,0.3873504987350041,0.12911683291166803,4
1043840,Elisabeth Synnøve Roaas,1431228,remi kwit,1,3,0.12911683291166803,0.3873504987350041,4
1566815,Daniel Rødskog,1944569,Philippe Beal,1,3,0.12911683291166803,0.3873504987350041,4
1957536,Sebastian Yet,1957538,Mathias macdonald,3,1,0.3873504987350041,0.12911683291166803,4
1498747,Andris Viksnins,1934129,Johnny Lotto,0,4,0.0,0.5119135511193789,4
1466420,Helene Fossum,1934105,Nader Fallah,0,4,0.0,0.5119135511193789,4
1466420,Helene Fossum,1472752,Aneta Johnsen,0,4,0.0,0.5119135511193789,4
1934104,Milad Safa,1934105,Nader Fallah,3,1,0.38393516333953415,0.12797838777984472,4
1183878,Petter Olsen,1472752,Aneta Johnsen,3,1,0.38393516333953415,0.12797838777984472,4
1429285,Kristoffer Fjellstad,1934110,Ivan Tadic,1,3,0.12797838777984472,0.38393516333953415,4
1183878,Petter Olsen,1934104,Milad Safa,1,3,0.12797838777984472,0.38393516333953415,4
1902521,Tom-Henrik Sandvik,1934110,Ivan Tadic,1,3,0.12797838777984472,0.38393516333953415,4
1006157,Asle M. Johansen,1059772,Magnus Olaussen,3,1,0.3822287299904774,0.12740957666349248,4
1708121,Petter Olsen,1922791,Ole Sandvik,0,4,0.0,0.5096383066539699,4
1006171,Bjørnar Davidsen,1075717,Bjørn Erik Øverland,0,4,0.0,0.507386548205087,4
1902521,Tom-Henrik Sandvik,1902955,Håkon Nilsen,3,1,0.38053991115381525,0.12684663705127175,4
1466420,Helene Fossum,1714800,Karolis Vo,1,3,0.12628618470111797,0.3788585541033539,4
1714802,Darius Žilinskas,1902521,Tom-Henrik Sandvik,3,1,0.3788585541033539,0.12628618470111797,4
1751816,Georgios Fragkias,1751817,Panagiotis Konstantinidis,1,3,0.12628618470111797,0.3788585541033539,4
1714798,Efka Jega,1751232,Øyvind Stenhaug,3,1,0.3788585541033539,0.12628618470111797,4
1429285,Kristoffer Fjellstad,1714800,Karolis Vo,3,1,0.3788585541033539,0.12628618470111797,4
1714800,Karolis Vo,1902521,Tom-Henrik Sandvik,1,3,0.12628618470111797,0.3788585541033539,4
1183869,Matias Myhrhaug,1751833,Carlton Ford,3,1,0.3788585541033539,0.12628618470111797,4
1006178,Carl Kolrud,1561935,Øystein Holm Krøvel,1,3,0.12572820862344647,0.3771846258703394,4
1429285,Kristoffer Fjellstad,1435682,Ane Carlsen,4,0,0.5018018130013493,0.0,4
1435682,Ane Carlsen,1697350,Philippe Beal,0,4,0.0,0.5018018130013493,4
1015461,Nils Arild Sabbasen,1016894,Tommy Andersen,4,0,0.5006907915089127,0.0,4
1022965,Tommy Bakke,1510340,Andris Viksnins,0,4,0.0,0.5006907915089127,4
1697351,Per Ingvarsson,1714798,Efka Jega,4,0,0.5006907915089127,0.0,4
1006174,Børre Kofoed Karaka,1498747,Andris Viksnins,3,1,0.37385892470932625,0.12461964156977542,4
1006150,BArild Sørum,1093760,Mindaugas Jomantas,4,0,0.4947088966275916,0.0,4
1006135,Anas Khan,1498747,Andris Viksnins,4,0,0.47059357599451634,0.0,4
1006135,Anas Khan,1036778,Ronald Natifu,0,4,0.0,0.47059357599451634,4
1006135,Anas Khan,1013991,Ahad Rashid,4,0,0.47059357599451634,0.0,4
1006215,Emil Andreassen,1498747,Andris Viksnins,0,4,0.0,0.47059357599451634,4
1022360,Morten Nystuen,1059772,Magnus Olaussen,4,0,0.4231581229092212,0.0,4
1022360,Morten Nystuen,1024806,Lars Nitteberg,2,2,0.2115790614546106,0.2115790614546106,4
1061500,Jim Fors,16476664,Øystein Følling,1,3,0.10578813653882159,0.3173644096164648,4
53060527,Mazen AlAli,72868804,Sander Naas-Mælen,3,0,2.9962068549697145,0.0,3
62353570,Hallvard Olaussen,85089859,Stian Rekdal,3,0,2.9867449615571466,0.0,3
80088046,Kim Rui,83477917,Fabian Andersen,3,0,2.9867449615571466,0.0,3
44119141,Gaute Rogstad,81177493,Bjørn Wildhagen,3,0,2.982968575954593,0.0,3
3682319,Lasse Rognlien,77274373,Elin Demoniere,3,0,2.982968575954593,0.0,3
53204752,Julianne Myhren-heyerdahl,82125409,Ralfs Savielis,0,3,0.0,2.969788788238559,3
72868804,Sander Naas-Mælen,81177493,Bjørn Wildhagen,3,0,2.969788788238559,0.0,3
1095179,Ernesto Antonio Meléndez,11218942,Stein Amundsen,2,1,1.973606881302388,0.986803440651194,3
1272012,Erol Dane Mula,72868804,Sander Naas-Mælen,3,0,2.960410321953582,0.0,3
69888928,T M.H,88271758,Aleksander Edseth Kristiansen,3,0,2.956667233386807,0.0,3
62353570,Hallvard Olaussen,83477917,Fabian Andersen,3,0,2.956667233386807,0.0,3
69888928,T M.H,77274373,Elin Demoniere,3,0,2.956667233386807,0.0,3
71956222,Raymond Mælen,77558374,Khizar Iqbal,3,0,2.956667233386807,0.0,3
77274373,Elin Demoniere,88271758,Aleksander Edseth Kristiansen,1,2,0.985555744462269,1.971111488924538,3
71956222,Raymond Mælen,83477917,Fabian Andersen,1,2,0.985555744462269,1.971111488924538,3
78617272,Harald Fjeldberg,88271758,Aleksander Edseth Kristiansen,3,0,2.956667233386807,0.0,3
62353570,Hallvard Olaussen,72868804,Sander Naas-Mælen,3,0,2.956667233386807,0.0,3
1030563,Alexander Baranji,25875517,Christian Hedin,0,3,0.0,2.9343078793577884,3
3185355,Ivar Lexi,75505852,Flavio Wicki,1,2,0.9781026264525962,1.9562052529051923,3
1006184,Christian Johannessen,1073747,John Erstad,0,3,0.0,2.9343078793577884,3
12348586,Runar Leiren,71956222,Raymond Mælen,0,3,0.0,2.9305977942411503,3
12348586,Runar Leiren,54197755,Tom erik Lysenstøen,3,0,2.9305977942411503,0.0,3
71956222,Raymond Mælen,77274373,Elin Demoniere,3,0,2.9305977942411503,0.0,3
3430505,Ben Tanner,72868804,Sander Naas-Mælen,0,3,0.0,2.9213238413515006,3
1006403,Niklas Engström-Øvretveit,72868804,Sander Naas-Mælen,1,2,0.972549799588916,1.945099599177832,3
1006333,Kent Hansen,62353570,Hallvard Olaussen,3,0,2.917649398766748,0.0,3
2307209,Ed Liu,75505852,Flavio Wicki,0,3,0.0,2.908422809743101,3
2307209,Ed Liu,52645105,Tommy Bratseth,2,1,1.938948539828734,0.969474269914367,3
44184394,Per Arne Grotthing,80198077,Nils Vogt,0,3,0.0,2.908422809743101,3
2307209,Ed Liu,80088046,Kim Rui,0,3,0.0,2.904758213785608,3
17419783,Ketil Blix,72868804,Sander Naas-Mælen,0,3,0.0,2.904758213785608,3
70455445,Henry Gaudiano,77274373,Elin Demoniere,1,2,0.968252737928536,1.936505475857072,3
54197755,Tom erik Lysenstøen,85089859,Stian Rekdal,2,1,1.9279366201910413,0.9639683100955206,3
13720633,Håkon Haukebøe,52645105,Tommy Bratseth,1,2,0.9639683100955206,1.9279366201910413,3
6839980,Daniel Lorentzen-Styr,80198077,Nils Vogt,3,0,2.8827724179020233,0.0,3
81177493,Bjørn Wildhagen,85089859,Stian Rekdal,0,3,0.0,2.8791274932785536,3
1095179,Ernesto Antonio Meléndez,81177493,Bjørn Wildhagen,0,3,0.0,2.8751271879941873,3
1093760,Mindaugas Jomantas,62353570,Hallvard Olaussen,1,2,0.9524577835032154,1.9049155670064308,3
42921529,Joshua Turla Tuppal,9588856,Michel Mateos,0,3,0.0,2.8537605400015944,3
1006562,Yousef Austrheim,10220035,Marius Lamby Solvang,0,3,0.0,2.819665853507949,3
47936833,Merle Schmitz,54046015,Cvetko Vega,0,3,0.0,2.8161007196681824,3
2947265,Bernjard David C Ruiz,36694312,David Slacek,0,3,0.0,2.8161007196681824,3
67010161,Valtteri Vaherto,72868804,Sander Naas-Mælen,3,0,2.8161007196681824,0.0,3
2167253,Michel Mateos,28669342,EM Thai,1,2,0.9387002398893941,1.8774004797787882,3
13252696,Brede Arnøy,36476392,Anniina Kettunen,3,0,2.8161007196681824,0.0,3
6600268,Kim Soo Garmark,83739619,Aalok Jain,3,0,2.8161007196681824,0.0,3
16820812,Remi Johnsen,83723089,Shane Petrick,3,0,2.8161007196681824,0.0,3
20183539,Casper Herland Aralden,63113578,Håkon Kristiansen,2,1,1.8774004797787882,0.9387002398893941,3
1510340,Andris Viksnins,72868804,Sander Naas-Mælen,3,0,2.8161007196681824,0.0,3
18119206,Julia Babica,71956222,Raymond Mælen,3,0,2.8161007196681824,0.0,3
21247174,Iris Eijmberts,53204752,Julianne Myhren-heyerdahl,3,0,2.8161007196681824,0.0,3
2167253,Michel Mateos,67010161,Valtteri Vaherto,2,1,1.8774004797787882,0.9387002398893941,3
10651267,Marcin Góra,1095179,Ernesto Antonio Meléndez,3,0,2.8161007196681824,0.0,3
10220035,Marius Lamby Solvang,8760495,Emir Pandzic,0,3,0.0,2.8161007196681824,3
2084051,Arian Kvalsund Hansen,54046015,Cvetko Vega,1,2,0.9387002398893941,1.8774004797787882,3
20183539,Casper Herland Aralden,83723041,Luka Bugarski,0,3,0.0,2.8161007196681824,3
50993632,Kester Hvattum,62353570,Hallvard Olaussen,0,3,0.0,2.8036582119021327,3
42270385,Kamal Jr,83477917,Fabian Andersen,1,2,0.934552737300711,1.869105474601422,3
31114699,Ferdinand Jaggi,62353570,Hallvard Olaussen,0,3,0.0,2.8036582119021327,3
6686119,Levi Pavdeja,80088046,Kim Rui,1,2,0.9193075256782753,1.8386150513565507,3
16686499,Herman Aleksander Wium,3183489,Knut-Håkon Helgesen,3,0,2.757922577034826,0.0,3
1022496,Jozef Kwit,80766817,Tobias Bratseth,3,0,2.7544355102624953,0.0,3
1024805,Audun Bjerve,20124274,Paolo Speciale,3,0,2.7544355102624953,0.0,3
1061867,Stig Ringebo,52645105,Tommy Bratseth,3,0,2.7544355102624953,0.0,3
2947262,Christian Lothar Ruiz,4849639,Petter Rognlien,0,3,0.0,2.7422654607368653,3
57799534,Iris Marie Evdahl,6691281,Andreas Wahr-Hansen,2,1,1.828176973824577,0.9140884869122885,3
2947265,Bernjard David C Ruiz,57799534,Iris Marie Evdahl,1,2,0.9140884869122885,1.828176973824577,3
53060527,Mazen AlAli,80766817,Tobias Bratseth,3,0,2.7301491827026734,0.0,3
2053323,Ib Christiansen,54197755,Tom erik Lysenstøen,1,2,0.9071786190114283,1.8143572380228565,3
7959797,Pergantis Zalachas,8435377,Geir Anfinsen,0,3,0.0,2.7180864385788577,3
33729541,Eivind Yoo Yong Jae Johansen,62353570,Hallvard Olaussen,0,3,0.0,2.7180864385788577,3
3183489,Knut-Håkon Helgesen,6691281,Andreas Wahr-Hansen,0,3,0.0,2.7180864385788577,3
2947262,Christian Lothar Ruiz,63113578,Håkon Kristiansen,3,0,2.7180864385788577,0.0,3
33729541,Eivind Yoo Yong Jae Johansen,71803366,Jakob Corcoran-Øien,2,1,1.8120576257192385,0.9060288128596192,3
33729541,Eivind Yoo Yong Jae Johansen,54197755,Tom erik Lysenstøen,1,2,0.9060288128596192,1.8120576257192385,3
6691281,Andreas Wahr-Hansen,74738734,Frode Johansen,3,0,2.7180864385788577,0.0,3
1402248,Trond Engebakk,16476664,Øystein Følling,1,2,0.9031676125250115,1.806335225050023,3
73722376,Seva Tkach,76192783,Chris Wells,0,3,0.0,2.7095028375750347,3
17978686,Ibra Alkhader,80198077,Nils Vogt,1,2,0.9031676125250115,1.806335225050023,3
80198077,Nils Vogt,8435377,Geir Anfinsen,0,3,0.0,2.7095028375750347,3
19030543,Martin Olsson,2194859,Eivind Yoo Yong Jae Johansen,3,0,2.7060769918340704,0.0,3
63113578,Håkon Kristiansen,79717822,Julian Gheorghiu-Foss,3,0,2.6941206069820436,0.0,3
54197755,Tom erik Lysenstøen,79780918,Viktorija Kraft,2,1,1.7960804046546957,0.8980402023273478,3
28197979,Kalsang Kalsang,53060527,Mazen AlAli,0,3,0.0,2.688800005158149,3
53204752,Julianne Myhren-heyerdahl,71803366,Jakob Corcoran-Øien,2,1,1.788144699717978,0.894072349858989,3
3183489,Knut-Håkon Helgesen,53204752,Julianne Myhren-heyerdahl,3,0,2.670436472516836,0.0,3
44119141,Gaute Rogstad,72868804,Sander Naas-Mælen,2,1,1.7802909816778905,0.8901454908389452,3
72868804,Sander Naas-Mælen,79002523,luis Cardenas rosas,2,1,1.7802909816778905,0.8901454908389452,3
2194859,Eivind Yoo Yong Jae Johansen,44119141,Gaute Rogstad,1,2,0.8901454908389452,1.7802909816778905,3
74738734,Frode Johansen,7906080,Alessandro Luca,0,3,0.0,2.6586375598160332,3
13720633,Håkon Haukebøe,19030543,Martin Olsson,2,1,1.7724250398773553,0.8862125199386777,3
1123060,"Paweł ""Mumrikken"" Zalewski",55415260,Dag Erik Wiig,3,0,2.6502416958349118,0.0,3
1006562,Yousef Austrheim,43127857,Manabu Sekiguchi,1,2,0.8834138986116373,1.7668277972232747,3
26005654,Jacob Sæther,26088853,Simeon Ivanov,1,2,0.8834138986116373,1.7668277972232747,3
26088853,Simeon Ivanov,43127857,Manabu Sekiguchi,2,1,1.7668277972232747,0.8834138986116373,3
73722376,Seva Tkach,7959797,Pergantis Zalachas,3,0,2.638532010647864,0.0,3
42270385,Kamal Jr,7222054,Leif Norvald Nilsen,0,3,0.0,2.638532010647864,3
53204752,Julianne Myhren-heyerdahl,72868804,Sander Naas-Mælen,2,1,1.756797266080034,0.878398633040017,3
1010312,Mikael Øgaard,3185355,Ivar Lexi,3,0,2.626874062903252,0.0,3
26005654,Jacob Sæther,75512620,Trond Evjen,1,2,0.8756246876344173,1.7512493752688345,3
3682319,Lasse Rognlien,73722376,Seva Tkach,2,1,1.7512493752688345,0.8756246876344173,3
4849639,Petter Rognlien,75512620,Trond Evjen,0,3,0.0,2.626874062903252,3
2194859,Eivind Yoo Yong Jae Johansen,52390867,Emil Johannesen,0,3,0.0,2.623552691470956,3
34163575,Brahim Sandli,77274373,Elin Demoniere,3,0,2.623552691470956,0.0,3
60309976,Samuel Feste,74738734,Frode Johansen,2,1,1.749035127647304,0.874517563823652,3
54197755,Tom erik Lysenstøen,75512620,Trond Evjen,0,3,0.0,2.623552691470956,3
42527356,rafal wisniewski,53204752,Julianne Myhren-heyerdahl,2,1,1.749035127647304,0.874517563823652,3
77274373,Elin Demoniere,7906080,Alessandro Luca,2,1,1.749035127647304,0.874517563823652,3
53204752,Julianne Myhren-heyerdahl,75512620,Trond Evjen,0,3,0.0,2.623552691470956,3
74738734,Frode Johansen,77275558,Matilde Bjørnstad,2,1,1.749035127647304,0.874517563823652,3
52390867,Emil Johannesen,74738734,Frode Johansen,3,0,2.623552691470956,0.0,3
34163575,Brahim Sandli,75512620,Trond Evjen,0,3,0.0,2.623552691470956,3
63113578,Håkon Kristiansen,7906080,Alessandro Luca,2,1,1.749035127647304,0.874517563823652,3
73722376,Seva Tkach,8217316,Ida Amundsen Holtet,3,0,2.603712466375625,0.0,3
52645105,Tommy Bratseth,74738734,Frode Johansen,1,2,0.8668067933471943,1.7336135866943887,3
72868804,Sander Naas-Mælen,75512620,Trond Evjen,0,3,0.0,2.600420380041583,3
33729541,Eivind Yoo Yong Jae Johansen,52390867,Emil Johannesen,0,3,0.0,2.600420380041583,3
33729541,Eivind Yoo Yong Jae Johansen,72868804,Sander Naas-Mælen,2,1,1.7336135866943887,0.8668067933471943,3
52390867,Emil Johannesen,72868804,Sander Naas-Mælen,3,0,2.600420380041583,0.0,3
33729541,Eivind Yoo Yong Jae Johansen,75512620,Trond Evjen,0,3,0.0,2.600420380041583,3
53060527,Mazen AlAli,75512620,Trond Evjen,2,1,1.7336135866943887,0.8668067933471943,3
53060527,Mazen AlAli,7959797,Pergantis Zalachas,0,3,0.0,2.600420380041583,3
13720633,Håkon Haukebøe,72868804,Sander Naas-Mælen,0,3,0.0,2.5889308226732397,3
59525161,Wojciech Wajda,73722376,Seva Tkach,3,0,2.580755089593925,0.0,3
33729541,Eivind Yoo Yong Jae Johansen,56994721,Rolf-Tommy Østensson,0,3,0.0,2.5774920301464324,3
56994721,Rolf-Tommy Østensson,63113578,Håkon Kristiansen,3,0,2.5774920301464324,0.0,3
50522596,Olav Finnerud,56994721,Rolf-Tommy Østensson,0,3,0.0,2.5774920301464324,3
1006448,Roald Pettersen,53060527,Mazen AlAli,3,0,2.5661037781645195,0.0,3
42921529,Joshua Turla Tuppal,74738734,Frode Johansen,3,0,2.5580001319178303,0.0,3
44119141,Gaute Rogstad,71402752,Enrique Mohamed ”Saleh“ Saleh Ruzafa,1,2,0.8515886144739596,1.7031772289479192,3
33729541,Eivind Yoo Yong Jae Johansen,44119141,Gaute Rogstad,1,2,0.8515886144739596,1.7031772289479192,3
53060527,Mazen AlAli,69888928,T M.H,0,3,0.0,2.5547658434218787,3
27634768,Roger Andresen,8970047,Ante Petricevic,0,3,0.0,2.5466980018893652,3
17978686,Ibra Alkhader,33729541,Eivind Yoo Yong Jae Johansen,1,2,0.8488993339631218,1.6977986679262436,3
1024805,Audun Bjerve,8970047,Ante Petricevic,1,2,0.8488993339631218,1.6977986679262436,3
7711820,Marie Hoff Petersen,8270907,Christian Söderström,0,3,0.0,2.530505270676669,3
1298131,Jack Nordby,52645105,Tommy Bratseth,3,0,2.530505270676669,0.0,3
10220035,Marius Lamby Solvang,16144084,Truls Bakken,0,3,0.0,2.530505270676669,3
33729541,Eivind Yoo Yong Jae Johansen,52645105,Tommy Bratseth,3,0,2.513096974564085,0.0,3
1006145,Aria Senemar,25875517,Christian Hedin,0,3,0.0,2.5019866474949173,3
52645105,Tommy Bratseth,71402752,Enrique Mohamed ”Saleh“ Saleh Ruzafa,0,3,0.0,2.498823181422322,3
53204752,Julianne Myhren-heyerdahl,62353570,Hallvard Olaussen,0,3,0.0,2.498823181422322,3
50993632,Kester Hvattum,69888928,T M.H,0,3,0.0,2.498823181422322,3
31114699,Ferdinand Jaggi,71402752,Enrique Mohamed ”Saleh“ Saleh Ruzafa,3,0,2.498823181422322,0.0,3
2166616,Philippe Béal,50993632,Kester Hvattum,1,2,0.8329410604741073,1.6658821209482146,3
62353570,Hallvard Olaussen,6691281,Andreas Wahr-Hansen,0,3,0.0,2.498823181422322,3
1022496,Jozef Kwit,63113578,Håkon Kristiansen,1,2,0.830310668143189,1.660621336286378,3
46509994,Petter Ronglien,53204752,Julianne Myhren-heyerdahl,1,2,0.830310668143189,1.660621336286378,3
53204752,Julianne Myhren-heyerdahl,71402752,Enrique Mohamed ”Saleh“ Saleh Ruzafa,2,1,1.6585216770967377,0.8292608385483689,3
36291190,Mary Xeline Santoyo,7959797,Pergantis Zalachas,0,3,0.0,2.4877825156451063,3
36291190,Mary Xeline Santoyo,71803366,Jakob Corcoran-Øien,2,1,1.6585216770967377,0.8292608385483689,3
36291190,Mary Xeline Santoyo,62353570,Hallvard Olaussen,0,3,0.0,2.4877825156451063,3
36291190,Mary Xeline Santoyo,55415260,Dag Erik Wiig,0,3,0.0,2.4877825156451063,3
1006562,Yousef Austrheim,63113578,Håkon Kristiansen,3,0,2.4799262046038177,0.0,3
1006562,Yousef Austrheim,6686119,Levi Pavdeja,2,1,1.6532841364025452,0.8266420682012726,3
1006145,Aria Senemar,42921529,Joshua Turla Tuppal,1,2,0.8229896774037768,1.6459793548075536,3
58087078,Bias Hagen,7719582,Astrid E. Pedersen,3,0,2.4689690322113305,0.0,3
27634768,Roger Andresen,44119141,Gaute Rogstad,3,0,2.4658473130065097,0.0,3
34163575,Brahim Sandli,62353570,Hallvard Olaussen,2,1,1.6366348973536493,0.8183174486768247,3
34163575,Brahim Sandli,52645105,Tommy Bratseth,2,1,1.6366348973536493,0.8183174486768247,3
34163575,Brahim Sandli,44119141,Gaute Rogstad,2,1,1.6366348973536493,0.8183174486768247,3
44119141,Gaute Rogstad,62353570,Hallvard Olaussen,0,3,0.0,2.454952346030474,3
44184394,Per Arne Grotthing,8217316,Ida Amundsen Holtet,1,2,0.8157332370880348,1.6314664741760696,3
3185355,Ivar Lexi,8217316,Ida Amundsen Holtet,1,2,0.8157332370880348,1.6314664741760696,3
17419783,Ketil Blix,68817391,Stian Espelid,2,1,1.62940367785987,0.814701838929935,3
13720633,Håkon Haukebøe,55415260,Dag Erik Wiig,0,3,0.0,2.444105516789805,3
1093760,Mindaugas Jomantas,69888928,T M.H,1,2,0.8121290452824631,1.6242580905649262,3
16476664,Øystein Følling,69888928,T M.H,1,2,0.8121290452824631,1.6242580905649262,3
51736666,Yakup Aliz,8498578,Riaz Ali,0,3,0.0,2.436387135847389,3
43127857,Manabu Sekiguchi,69888928,T M.H,3,0,2.4333066125953255,0.0,3
1670605,Bernadette Bodó,26005654,Jacob Sæther,3,0,2.4255584005378656,0.0,3
1006515,Thorbjørn Vildar Dahl Eriksen,3682319,Lasse Rognlien,0,3,0.0,2.4255584005378656,3
1298131,Jack Nordby,1670605,Bernadette Bodó,3,0,2.4255584005378656,0.0,3
1006431,Pål Daud Fillipsveen,1006513,Thomas Fjæran,0,3,0.0,2.4255584005378656,3
1006549,Umar Hayat Ali,3185355,Ivar Lexi,0,3,0.0,2.4148414439230272,3
1006281,Jan Atle Kofoed,16476664,Øystein Følling,3,0,2.4148414439230272,0.0,3
2947262,Christian Lothar Ruiz,55415260,Dag Erik Wiig,3,0,2.411788162649046,0.0,3
3119948,Huan Bao Ngo,62353570,Hallvard Olaussen,2,1,1.607858775099364,0.803929387549682,3
17419783,Ketil Blix,44119141,Gaute Rogstad,1,2,0.8003773492372451,1.6007546984744903,3
12348586,Runar Leiren,43127857,Manabu Sekiguchi,0,3,0.0,2.4011320477117355,3
21900748,Leoncio Jr Licarte,8217316,Ida Amundsen Holtet,3,0,2.393559890017406,0.0,3
1670605,Bernadette Bodó,17419783,Ketil Blix,3,0,2.390523015178807,0.0,3
21900748,Leoncio Jr Licarte,52645105,Tommy Bratseth,0,3,0.0,2.390523015178807,3
1670605,Bernadette Bodó,54197755,Tom erik Lysenstøen,3,0,2.390523015178807,0.0,3
1670605,Bernadette Bodó,21900748,Leoncio Jr Licarte,0,3,0.0,2.390523015178807,3
1006216,Emil Bjørkmann,54197755,Tom erik Lysenstøen,1,2,0.7943246151634469,1.5886492303268938,3
54197755,Tom erik Lysenstøen,68817391,Stian Espelid,2,1,1.5866405713492666,0.7933202856746333,3
1736336,Sander Evjen Sanna,7959797,Pergantis Zalachas,0,3,0.0,2.3799608570239,3
19616722,Lobsang Thupten,53649337,Erlend Helgesen,2,1,1.5746418391784618,0.7873209195892309,3
67477936,Theodor Brekke-Hongset,67477954,Jake Cope,1,2,0.786325445444771,1.572650890889542,3
54197755,Tom erik Lysenstøen,67477936,Theodor Brekke-Hongset,2,1,1.572650890889542,0.786325445444771,3
54197755,Tom erik Lysenstøen,67477954,Jake Cope,2,1,1.572650890889542,0.786325445444771,3
62353570,Hallvard Olaussen,67477954,Jake Cope,3,0,2.358976336334313,0.0,3
57800878,Lukasz Majewski,63113578,Håkon Kristiansen,2,1,1.5657023748842325,0.7828511874421162,3
57800878,Lukasz Majewski,7959797,Pergantis Zalachas,0,3,0.0,2.348553562326349,3
17419783,Ketil Blix,25741009,Heidi Tobiassen,2,1,1.558784559827847,0.7793922799139235,3
25741009,Heidi Tobiassen,53204752,Julianne Myhren-heyerdahl,1,2,0.7793922799139235,1.558784559827847,3
13720633,Håkon Haukebøe,58717324,Kjetil Kristensen,3,0,2.3278459651094483,0.0,3
3119948,Huan Bao Ngo,58717324,Kjetil Kristensen,1,2,0.7759486550364827,1.5518973100729654,3
43127857,Manabu Sekiguchi,9221877,Johnny Wu,3,0,2.3278459651094483,0.0,3
44119141,Gaute Rogstad,58717324,Kjetil Kristensen,1,2,0.7759486550364827,1.5518973100729654,3
43127857,Manabu Sekiguchi,58717324,Kjetil Kristensen,3,0,2.3278459651094483,0.0,3
48159925,Ole-Jakob Rosenvold,65039485,Nico Gulfan,3,0,2.3073209503081142,0.0,3
26088853,Simeon Ivanov,65039377,Eva Marie Sommerfelt jacobsen,3,0,2.3073209503081142,0.0,3
48159925,Ole-Jakob Rosenvold,58717324,Kjetil Kristensen,3,0,2.3073209503081142,0.0,3
17419783,Ketil Blix,57799534,Iris Marie Evdahl,1,2,0.7691069834360381,1.5382139668720762,3
42921529,Joshua Turla Tuppal,65039377,Eva Marie Sommerfelt jacobsen,3,0,2.3073209503081142,0.0,3
48159925,Ole-Jakob Rosenvold,63113578,Håkon Kristiansen,3,0,2.3073209503081142,0.0,3
48159925,Ole-Jakob Rosenvold,5140422,Tomas Gryczon,0,3,0.0,2.3073209503081142,3
1006448,Roald Pettersen,1093760,Mindaugas Jomantas,2,1,1.533356352793754,0.766678176396877,3
1006220,Erik Gårdelöf,1006403,Niklas Engström-Øvretveit,3,0,2.300034529190631,0.0,3
42921529,Joshua Turla Tuppal,8498578,Riaz Ali,3,0,2.300034529190631,0.0,3
17419783,Ketil Blix,19616722,Lobsang Thupten,0,3,0.0,2.2971264076760027,3
2307209,Ed Liu,54197755,Tom erik Lysenstøen,3,0,2.2898721804891937,0.0,3
1006220,Erik Gårdelöf,13872481,Erik Weiselius,0,3,0.0,2.2768722524506293,3
1006333,Kent Hansen,1030563,Alexander Baranji,3,0,2.2696819870218636,0.0,3
53204752,Julianne Myhren-heyerdahl,63511876,Ingebrigt Magne Dale,2,1,1.5112081618035977,0.7556040809017989,3
1015461,Nils Arild Sabbasen,63113578,Håkon Kristiansen,3,0,2.2668122427053965,0.0,3
1093760,Mindaugas Jomantas,2577877,Britt Sølvi Hauge Pettersen,2,1,1.5064457575788828,0.7532228787894414,3
1417853,Robin Hauge Pettersen,57799534,Iris Marie Evdahl,3,0,2.2596686363683243,0.0,3
26088853,Simeon Ivanov,63113578,Håkon Kristiansen,3,0,2.2567966815654663,0.0,3
26088853,Simeon Ivanov,53204752,Julianne Myhren-heyerdahl,3,0,2.2567966815654663,0.0,3
1006292,Jan Thomassen,10220035,Marius Lamby Solvang,3,0,2.2298340915866204,0.0,3
1061867,Stig Ringebo,53204752,Julianne Myhren-heyerdahl,3,0,2.2298340915866204,0.0,3
1035589,Sebastian Mæhlum,6600268,Kim Soo Garmark,2,1,1.478116672176699,0.7390583360883495,3
1006163,Bjørn Bratteberg,1006204,Egil Arne Sørensen,0,3,0.0,2.2101732641863925,3
19030543,Martin Olsson,26005654,Jacob Sæther,3,0,2.2101732641863925,0.0,3
17419783,Ketil Blix,50993632,Kester Hvattum,0,3,0.0,2.207378761608686,3
58717324,Kjetil Kristensen,61176751,Santina Lafjell Crolla,1,2,0.7357929205362287,1.4715858410724574,3
49097056,Herman Maraas,5140422,Tomas Gryczon,1,2,0.7325419327203331,1.4650838654406662,3
1006277,Ingolf Höns,1061867,Stig Ringebo,1,2,0.7325419327203331,1.4650838654406662,3
17693218,Romain Rolland,58717324,Kjetil Kristensen,3,0,2.1879159266817894,0.0,3
17693218,Romain Rolland,7959797,Pergantis Zalachas,3,0,2.1879159266817894,0.0,3
17419783,Ketil Blix,21900748,Leoncio Jr Licarte,0,3,0.0,2.1686246988891003,3
49097056,Herman Maraas,55415260,Dag Erik Wiig,3,0,2.1686246988891003,0.0,3
42921529,Joshua Turla Tuppal,49097056,Herman Maraas,3,0,2.1686246988891003,0.0,3
42921529,Joshua Turla Tuppal,55415260,Dag Erik Wiig,3,0,2.1686246988891003,0.0,3
58582747,Kari Mo,58582762,Olav Melve,1,2,0.7142385081975773,1.4284770163951546,3
58582753,Herleik Holtan,58582768,Maximilian Rimmel,2,1,1.4284770163951546,0.7142385081975773,3
58582762,Olav Melve,58582774,Sindri Ingolfsson,2,1,1.4284770163951546,0.7142385081975773,3
58582768,Maximilian Rimmel,58582774,Sindri Ingolfsson,2,1,1.4284770163951546,0.7142385081975773,3
1067228,Roy Steffensen,7131339,Roger Mølmann,2,1,1.42036735046004,0.71018367523002,3
11218942,Stein Amundsen,20124274,Paolo Speciale,1,2,0.7070644744501227,1.4141289489002453,3
1067228,Roy Steffensen,1272012,Erol Dane Mula,2,1,1.4141289489002453,0.7070644744501227,3
57625432,Stian Aurum,57625435,Ståle Aurum,1,2,0.7048315950072486,1.4096631900144971,3
24897019,Robert Hedin,7131339,Roger Mølmann,2,1,1.4078808377066372,0.7039404188533186,3
1123060,"Paweł ""Mumrikken"" Zalewski",8435377,Geir Anfinsen,1,2,0.7008301664155256,1.4016603328310513,3
6686119,Levi Pavdeja,7131339,Roger Mølmann,2,1,1.4016603328310513,0.7008301664155256,3
1006333,Kent Hansen,7131339,Roger Mølmann,1,2,0.7008301664155256,1.4016603328310513,3
6686119,Levi Pavdeja,8435377,Geir Anfinsen,1,2,0.7008301664155256,1.4016603328310513,3
2194859,Eivind Yoo Yong Jae Johansen,6686119,Levi Pavdeja,0,3,0.0,2.0985042342567013,3
2194859,Eivind Yoo Yong Jae Johansen,51736666,Yakup Aliz,0,3,0.0,2.0985042342567013,3
48151645,Albert Fjeldavli,7131339,Roger Mølmann,2,1,1.3893016546757948,0.6946508273378974,3
24897019,Robert Hedin,8435377,Geir Anfinsen,2,1,1.3649102432886109,0.6946508273378974,3
1356128,Christian Moberg,24897019,Robert Hedin,0,3,0.0,2.080001364601941,3
2167690,Iselin Masternes,51736666,Yakup Aliz,0,3,0.0,2.080001364601941,3
20124274,Paolo Speciale,52324939,Saga Hedin,3,0,2.080001364601941,0.0,3
26143903,Katrine Sætereng,52390867,Emil Johannesen,3,0,2.080001364601941,0.0,3
1006536,Tormod Rygge,53204752,Julianne Myhren-heyerdahl,3,0,2.080001364601941,0.0,3
20361406,Amir Khan,49839568,Navid Elyasi,2,1,1.383163239061979,0.6915816195309895,3
1006298,Jarek (Barracuda) Kapuściński,1298131,Jack Nordby,2,1,1.383163239061979,0.6915816195309895,3
1566758,Tor-Arne Slorafoss,8435377,Geir Anfinsen,0,3,0.0,2.0616616379038977,3
1061867,Stig Ringebo,1566758,Tor-Arne Slorafoss,3,0,2.0616616379038977,0.0,3
16476664,Øystein Følling,27634768,Roger Andresen,2,1,1.3649102432886109,0.6824551216443054,3
26613781,Patrick Kilman,5140422,Tomas Gryczon,2,1,1.3649102432886109,0.6824551216443054,3
1006184,Christian Johannessen,1006406,Nina Torvund,3,0,2.044350041975277,0.0,3
1006214,Emil André Gangfløt,1006406,Nina Torvund,2,1,1.2771618027679734,0.6734490621286298,3
24833275,Marte Stulen Aamodt,7153377,Henning Ingvorsen,0,3,0.0,2.0086920737576364,3
1006316,Jonas Sanchez Gangfløt,7153377,Henning Ingvorsen,3,0,2.0086920737576364,0.0,3
1006197,Daniel Salole,24833275,Marte Stulen Aamodt,3,0,2.0086920737576364,0.0,3
40844470,Øyvind Løvseth,7153377,Henning Ingvorsen,0,3,0.0,2.0086920737576364,3
1006316,Jonas Sanchez Gangfløt,6691281,Andreas Wahr-Hansen,3,0,2.0086920737576364,0.0,3
1006316,Jonas Sanchez Gangfløt,1006360,Lars Harby,0,3,0.0,2.0086920737576364,3
24833275,Marte Stulen Aamodt,52796242,Hanne-Therése Runestad,0,3,0.0,1.9886209749329253,3
52796242,Hanne-Therése Runestad,52797052,Aurora-Maria W. Gonzalez-Cordova,0,3,0.0,1.9886209749329253,3
31380109,Fabrizio Inga,51736666,Yakup Aliz,2,1,1.3232511746298572,0.6616255873149286,3
1272012,Erol Dane Mula,31380109,Fabrizio Inga,1,2,0.6616255873149286,1.3232511746298572,3
1006204,Egil Arne Sørensen,31380109,Fabrizio Inga,1,2,0.6616255873149286,1.3232511746298572,3
1006333,Kent Hansen,1067228,Roy Steffensen,1,2,0.6587022964500504,1.3174045929001008,3
1006403,Niklas Engström-Øvretveit,16476664,Øystein Følling,2,1,1.3174045929001008,0.6587022964500504,3
1067228,Roy Steffensen,16476664,Øystein Følling,2,1,1.3174045929001008,0.6587022964500504,3
1014993,Tron Vidar Engebakk,6686119,Levi Pavdeja,2,1,1.3115838433922067,0.6557919216961033,3
1006391,Michelle Sandman,1024799,Stig Nesvik,1,2,0.6557919216961033,1.3115838433922067,3
1006204,Egil Arne Sørensen,1014993,Tron Vidar Engebakk,2,1,1.3115838433922067,0.6557919216961033,3
1024799,Stig Nesvik,1047363,Vinko Smolic,2,1,1.3091057422890973,0.6545528711445486,3
1566758,Tor-Arne Slorafoss,51736666,Yakup Aliz,3,0,1.9636586134336458,0.0,3
1047363,Vinko Smolic,51736666,Yakup Aliz,1,2,0.6545528711445486,1.3091057422890973,3
27634768,Roger Andresen,3682319,Lasse Rognlien,1,2,0.6528944059852385,1.305788811970477,3
3682319,Lasse Rognlien,49839568,Navid Elyasi,1,2,0.6528944059852385,1.305788811970477,3
27634768,Roger Andresen,49839568,Navid Elyasi,3,0,1.9586832179557154,0.0,3
20361406,Amir Khan,42921529,Joshua Turla Tuppal,3,0,1.95497819585729,0.0,3
1006298,Jarek (Barracuda) Kapuściński,52011748,Joakim Aamo,3,0,1.95497819585729,0.0,3
1277819,Lasse Kåring,24833275,Marte Stulen Aamodt,3,0,1.95497819585729,0.0,3
16144084,Truls Bakken,30080695,Marek Zagrobelny,3,0,1.95497819585729,0.0,3
1277819,Lasse Kåring,20361406,Amir Khan,3,0,1.95497819585729,0.0,3
1277819,Lasse Kåring,3682319,Lasse Rognlien,2,1,1.300019385003505,0.6500096925017524,3
1010308,Emil Braserud,7959797,Pergantis Zalachas,3,0,1.9463318752379064,0.0,3
1030563,Alexander Baranji,25484464,Joaquin K. Yovine,3,0,1.9463318752379064,0.0,3
1010308,Emil Braserud,6839980,Daniel Lorentzen-Styr,0,3,0.0,1.9463318752379064,3
24833275,Marte Stulen Aamodt,3185355,Ivar Lexi,0,3,0.0,1.9463318752379064,3
1006406,Nina Torvund,1010308,Emil Braserud,0,3,0.0,1.9463318752379064,3
20361406,Amir Khan,2194859,Eivind Yoo Yong Jae Johansen,3,0,1.9463318752379064,0.0,3
1006214,Emil André Gangfløt,1010308,Emil Braserud,3,0,1.9463318752379064,0.0,3
1006333,Kent Hansen,48151645,Albert Fjeldavli,2,1,1.2942754493619462,0.6471377246809731,3
1006360,Lars Harby,1010312,Mikael Øgaard,1,2,0.6462002569936398,1.2924005139872796,3
1006184,Christian Johannessen,1123060,"Paweł ""Mumrikken"" Zalewski",1,2,0.6414148944117354,1.2828297888234708,3
1006406,Nina Torvund,1067228,Roy Steffensen,2,1,1.2771618027679734,0.6385809013839867,3
1006204,Egil Arne Sørensen,1010308,Emil Braserud,1,2,0.5438082250391215,1.271518859836829,3
36216313,Bjørn-Kowalski Hansen,43051717,Ulrik Enstad,2,1,1.1644578963365433,0.5822289481682716,3
43019719,Martin Mellemstrand,43051717,Ulrik Enstad,1,2,0.5822289481682716,1.1644578963365433,3
33729541,Eivind Yoo Yong Jae Johansen,4849639,Petter Rognlien,0,3,0.0,1.741274910796628,3
1277819,Lasse Kåring,2888171,Ørjan Storborg,3,0,1.7390152136892358,0.0,3
1042164,Lars-Gøran Engerdahl,1047734,Ole Kristian Rudshavn,0,3,0.0,1.7051548912066454,3
1006360,Lars Harby,1393613,Vegar Hammer Olsen,3,0,1.7051548912066454,0.0,3
1006361,Lars-Harald Riiber,1006507,Terje Mathisen,3,0,1.7051548912066454,0.0,3
1006392,Moises Farfan,1006458,Roger Rasmussen,0,3,0.0,1.7051548912066454,3
1006203,Edwin Ingebrigtsen,1393613,Vegar Hammer Olsen,3,0,1.7051548912066454,0.0,3
1006260,Hans-Gunnar Bernhardsen,1006448,Roald Pettersen,0,3,0.0,1.7051548912066454,3
1006225,Espen Hauge,2828304,Robin Nordbøen,0,3,0.0,1.7051548912066454,3
1006302,Jo Bjørnstad,1006392,Moises Farfan,3,0,1.7051548912066454,0.0,3
1006273,Hermund Årdalen,26005654,Jacob Sæther,0,3,0.0,1.7051548912066454,3
1006203,Edwin Ingebrigtsen,1047734,Ole Kristian Rudshavn,0,3,0.0,1.7051548912066454,3
1006448,Roald Pettersen,1006458,Roger Rasmussen,0,3,0.0,1.7051548912066454,3
1006302,Jo Bjørnstad,1016719,Sebastian Meling,0,3,0.0,1.7051548912066454,3
1006458,Roger Rasmussen,1042164,Lars-Gøran Engerdahl,3,0,1.7051548912066454,0.0,3
1006361,Lars-Harald Riiber,1047734,Ole Kristian Rudshavn,0,3,0.0,1.7051548912066454,3
24833275,Marte Stulen Aamodt,26698165,Jeff Hagen,0,3,0.0,1.6679923277723043,3
1024799,Stig Nesvik,26698165,Jeff Hagen,0,3,0.0,1.6679923277723043,3
6545064,Kim-Olaf Sørensen,9221595,Christoffer Sørensen,0,3,0.0,1.6679923277723043,3
1006183,Christel Hanah Johnsen,24833275,Marte Stulen Aamodt,3,0,1.6679923277723043,0.0,3
2213742,Sebastian Trolle,7962169,Patryk Statkiewicz,2,1,1.087616450078243,0.5438082250391215,3
1006184,Christian Johannessen,1514994,Thomas Kirsch,0,3,0.0,1.6314246751173647,3
1514994,Thomas Kirsch,16641289,Michael Götze,3,0,1.6314246751173647,0.0,3
1006184,Christian Johannessen,1010312,Mikael Øgaard,0,3,0.0,1.6311236957948698,3
2167690,Iselin Masternes,7932294,Morten Børja,0,3,0.0,1.6311236957948698,3
1514994,Thomas Kirsch,6839980,Daniel Lorentzen-Styr,3,0,1.6311236957948698,0.0,3
1006184,Christian Johannessen,2213742,Sebastian Trolle,3,0,1.6311236957948698,0.0,3
1010312,Mikael Øgaard,1272012,Erol Dane Mula,3,0,1.6311236957948698,0.0,3
16641289,Michael Götze,2167690,Iselin Masternes,3,0,1.6311236957948698,0.0,3
1161837,Espen Falkenhaug,7932294,Morten Børja,0,3,0.0,1.6311236957948698,3
1161837,Espen Falkenhaug,16641289,Michael Götze,0,3,0.0,1.6311236957948698,3
1067228,Roy Steffensen,2167690,Iselin Masternes,3,0,1.6311236957948698,0.0,3
1006523,Tommy Myhre,7962169,Patryk Statkiewicz,0,3,0.0,1.6311236957948698,3
1006360,Lars Harby,1514994,Thomas Kirsch,0,3,0.0,1.6311236957948698,3
1067228,Roy Steffensen,7932294,Morten Børja,0,3,0.0,1.6311236957948698,3
1161837,Espen Falkenhaug,2167690,Iselin Masternes,3,0,1.6311236957948698,0.0,3
1566758,Tor-Arne Slorafoss,30584953,Mattias Beckman,3,0,1.6119335818541252,0.0,3
26005654,Jacob Sæther,3428055,Rune Fevang,3,0,1.6119335818541252,0.0,3
13720633,Håkon Haukebøe,2053323,Ib Christiansen,0,3,0.0,1.6119335818541252,3
36990883,Anders Valde,7959797,Pergantis Zalachas,3,0,1.6119335818541252,0.0,3
12348586,Runar Leiren,36997234,Robin Valde,3,0,1.6119335818541252,0.0,3
17419783,Ketil Blix,36997234,Robin Valde,3,0,1.6119335818541252,0.0,3
19571821,Erik Sørensen,19913527,Wael Handal,0,3,0.0,1.5766364700786606,3
12348586,Runar Leiren,30080695,Marek Zagrobelny,1,2,0.5255454900262202,1.0510909800524404,3
19571821,Erik Sørensen,26005654,Jacob Sæther,2,1,1.0510909800524404,0.5255454900262202,3
12348586,Runar Leiren,34719502,Jonathan Storvik,0,3,0.0,1.548956096546895,3
2581136,Mona Søvold Sunde,34217209,Kenneth Eknes,3,0,1.5284749174911139,0.0,3
25946332,Peder Hammer,2827292,Simen Jøndal,3,0,1.4950118988257852,0.0,3
2053323,Ib Christiansen,21425374,Richard Persson,3,0,1.4950118988257852,0.0,3
1708121,Petter Olsen,30584953,Mattias Beckman,0,3,0.0,1.4950118988257852,3
30584953,Mattias Beckman,7222054,Leif Norvald Nilsen,0,3,0.0,1.4950118988257852,3
1006178,Carl Kolrud,7719582,Astrid E. Pedersen,0,3,0.0,1.4950118988257852,3
1006360,Lars Harby,20124274,Paolo Speciale,1,2,0.4803191144066561,0.9606382288133122,3
1566758,Tor-Arne Slorafoss,17419783,Ketil Blix,0,3,0.0,1.3989301062061952,3
19913527,Wael Handal,6545064,Kim-Olaf Sørensen,0,3,0.0,1.3442745662998272,3
18284020,Nomen Nescio,19030543,Martin Olsson,3,0,1.3442745662998272,0.0,3
21530185,Ayet Rahimi,3682319,Lasse Rognlien,0,3,0.0,1.3442745662998272,3
1015461,Nils Arild Sabbasen,1566758,Tor-Arne Slorafoss,3,0,1.3442745662998272,0.0,3
19030543,Martin Olsson,19913527,Wael Handal,3,0,1.3442745662998272,0.0,3
1006298,Jarek (Barracuda) Kapuściński,21530185,Ayet Rahimi,3,0,1.3442745662998272,0.0,3
1510340,Andris Viksnins,6545064,Kim-Olaf Sørensen,0,3,0.0,1.3442745662998272,3
16590622,Kjetil Nordal,2166616,Philippe Béal,2,1,0.8961830441998848,0.4480915220999424,3
25946332,Peder Hammer,4849639,Petter Rognlien,2,1,0.8961830441998848,0.4480915220999424,3
21092911,Per Ditlef Faye,24871531,Eystein Sæther,1,2,0.4480915220999424,0.8961830441998848,3
17419783,Ketil Blix,21092911,Per Ditlef Faye,1,2,0.4480915220999424,0.8961830441998848,3
2166616,Philippe Béal,25946332,Peder Hammer,1,2,0.4480915220999424,0.8961830441998848,3
21092905,Adam Tumidajewicz,26005654,Jacob Sæther,2,1,0.8961830441998848,0.4480915220999424,3
21092911,Per Ditlef Faye,26143903,Katrine Sætereng,2,1,0.8961830441998848,0.4480915220999424,3
12348586,Runar Leiren,25946332,Peder Hammer,1,2,0.4480915220999424,0.8961830441998848,3
24871531,Eystein Sæther,26005654,Jacob Sæther,1,2,0.4480915220999424,0.8961830441998848,3
25651783,Fabian & Ivar,25651789,Peter & Ronny,1,2,0.440514740180485,0.88102948036097,3
25651198,Cecilie & Dagfinn,25651231,Christian Andre & Daniel,1,2,0.440514740180485,0.88102948036097,3
25651222,Kenneth & Tore,25651789,Peter & Ronny,1,2,0.440514740180485,0.88102948036097,3
16282693,Mikko Virtanen,16590622,Kjetil Nordal,1,2,0.44023616271265753,0.8804723254253151,3
17419783,Ketil Blix,25346131,Daniel Fosnes Hansen,1,2,0.44023616271265753,0.8804723254253151,3
1006360,Lars Harby,1006373,Mark McGauley,1,2,0.4396215947333101,0.8792431894666202,3
6600268,Kim Soo Garmark,7962169,Patryk Statkiewicz,2,1,0.8792431894666202,0.4396215947333101,3
1006373,Mark McGauley,1079105,Didrik Vatne,2,1,0.8792431894666202,0.4396215947333101,3
1042070,Henrik Olsson,7962169,Patryk Statkiewicz,1,2,0.4396215947333101,0.8792431894666202,3
1695480,Korab Neziri,18284020,Nomen Nescio,1,2,0.4396215947333101,0.8792431894666202,3
1566758,Tor-Arne Slorafoss,16144084,Truls Bakken,2,1,0.8792431894666202,0.4396215947333101,3
1024799,Stig Nesvik,9211722,Thomas Herbert-Andersen,2,1,0.8792431894666202,0.4396215947333101,3
1006371,Marius Fredriksen,1272012,Erol Dane Mula,1,2,0.4396215947333101,0.8792431894666202,3
1566758,Tor-Arne Slorafoss,1695480,Korab Neziri,2,1,0.8792431894666202,0.4396215947333101,3
15015523,Vijay Jadhav,18284020,Nomen Nescio,2,1,0.8792431894666202,0.4396215947333101,3
1006371,Marius Fredriksen,1695480,Korab Neziri,1,2,0.4396215947333101,0.8792431894666202,3
1695480,Korab Neziri,20124274,Paolo Speciale,1,2,0.4396215947333101,0.8792431894666202,3
19663153,Katrine Salomonsen,19663813,Aneta Bananarama,3,0,1.2123624303589107,0.0,3
2581136,Mona Søvold Sunde,8217316,Ida Amundsen Holtet,0,3,0.0,1.2123624303589107,3
18356173,Ulrika Eriksson,19663147,Elin Evensen,0,3,0.0,1.2123624303589107,3
19663153,Katrine Salomonsen,2167690,Iselin Masternes,3,0,1.2123624303589107,0.0,3
18356173,Ulrika Eriksson,2581136,Mona Søvold Sunde,3,0,1.2123624303589107,0.0,3
17431444,Kathrine Eikeseth,1750663,Tore Mo,0,3,0.0,1.171848362410454,3
1024799,Stig Nesvik,12165220,Rune Johnsen,0,3,0.0,1.1563839959481037,3
12165220,Rune Johnsen,2581136,Mona Søvold Sunde,3,0,1.1563839959481037,0.0,3
2252446,Tor Bugten,4797871,Johannes Ulsund,0,3,0.0,1.1563839959481037,3
12165220,Rune Johnsen,16978756,Kevin Jensen,0,3,0.0,1.1563839959481037,3
16996051,Ylva Mathisen,16996057,Kristy Wang,1,2,0.3841984887561925,0.768396977512385,3
16978756,Kevin Jensen,16996054,Elise Bygjordet,2,1,0.768396977512385,0.3841984887561925,3
16978756,Kevin Jensen,2053323,Ib Christiansen,3,0,1.1512746911744394,0.0,3
16854487,Hans Røbergshagen,7959797,Pergantis Zalachas,0,3,0.0,1.146187961077839,3
10220035,Marius Lamby Solvang,2194859,Eivind Yoo Yong Jae Johansen,0,3,0.0,1.141123705915565,3
2581136,Mona Søvold Sunde,7131339,Roger Mølmann,3,0,1.116136093863334,0.0,3
16017055,Gitte Kristiansen,16049032,Lene Finsveen,1,2,0.36826474249047586,0.7365294849809517,3
16050145,Linda Dedekam,7719582,Astrid E. Pedersen,2,1,0.7365294849809517,0.36826474249047586,3
8274311,Jenny Carine Borrmann,8383377,Tina Lindvall,1,2,0.36826474249047586,0.7365294849809517,3
16049032,Lene Finsveen,8274311,Jenny Carine Borrmann,2,1,0.7365294849809517,0.36826474249047586,3
1295268,Line Kjørsvik,7719582,Astrid E. Pedersen,2,1,0.7365294849809517,0.36826474249047586,3
16050145,Linda Dedekam,8383377,Tina Lindvall,1,2,0.36826474249047586,0.7365294849809517,3
1006183,Christel Hanah Johnsen,10625680,Mariann Zalahas,2,1,0.7365294849809517,0.36826474249047586,3
1295268,Line Kjørsvik,8383377,Tina Lindvall,2,1,0.7365294849809517,0.36826474249047586,3
3253188,Tor Einar Johansen,8217316,Ida Amundsen Holtet,0,3,0.0,1.0537269921798316,3
1006328,Lioness Princess,7711820,Marie Hoff Petersen,2,1,0.7015964527190734,0.3507982263595367,3
6060601,Nomen Nescio,7711820,Marie Hoff Petersen,2,1,0.7015964527190734,0.3507982263595367,3
1006487,Desak Sri Pustini,12339043,Magnus Groseth,3,0,1.0398214213900916,0.0,3
1024799,Stig Nesvik,12339043,Magnus Groseth,3,0,1.0352298590689486,0.0,3
12165220,Rune Johnsen,12339043,Magnus Groseth,3,0,1.0260993562905574,0.0,3
11193832,Susann Lamby Solvang,12165220,Rune Johnsen,0,3,0.0,1.0260993562905574,3
12339043,Magnus Groseth,12348598,Runar Leiren,0,3,0.0,1.0260993562905574,3
12348598,Runar Leiren,7719582,Astrid E. Pedersen,2,1,0.6840662375270383,0.34203311876351916,3
1006479,Sigurd Mølmann,5140422,Tomas Gryczon,3,0,1.021565694152618,0.0,3
10220035,Marius Lamby Solvang,12239083,Christoffer karlik,3,0,1.021565694152618,0.0,3
1006479,Sigurd Mølmann,3012666,Eirik Sandaaker,3,0,1.021565694152618,0.0,3
1006479,Sigurd Mølmann,12239083,Christoffer karlik,3,0,1.021565694152618,0.0,3
1006479,Sigurd Mølmann,10220035,Marius Lamby Solvang,0,3,0.0,1.021565694152618,3
12239083,Christoffer karlik,3012666,Eirik Sandaaker,0,3,0.0,1.021565694152618,3
1014095,Odd Sebastian Bobby Fischer,7131339,Roger Mølmann,0,3,0.0,0.9816557601665166,3
1967863,Nate Komljenovic,7004013,Jone Berntsen Stava,3,0,0.9816557601665166,0.0,3
8274311,Jenny Carine Borrmann,9981877,kristina Cleaverley,1,2,0.31863155387567704,0.6372631077513541,3
1708121,Petter Olsen,3587297,Didrik V Berg,0,3,0.0,0.9558904623987009,3
3012666,Eirik Sandaaker,3587297,Didrik V Berg,0,3,0.0,0.9558904623987009,3
7719582,Astrid E. Pedersen,9225027,Wei Liu,3,0,0.9432809697584406,0.0,3
7959797,Pergantis Zalachas,9225027,Wei Liu,3,0,0.9432809697584406,0.0,3
1022496,Jozef Kwit,1277819,Lasse Kåring,3,0,0.934958971873156,0.0,3
1015461,Nils Arild Sabbasen,1969223,Ole Andreas Sandvik,0,3,0.0,0.926715279195907,3
1024799,Stig Nesvik,3375253,Elvis Miglans,0,3,0.0,0.9094359773055052,3
2314015,Morgan Palmborg,8217316,Ida Amundsen Holtet,3,0,0.9094359773055052,0.0,3
2947262,Christian Lothar Ruiz,5140422,Tomas Gryczon,1,2,0.298153662759502,0.596307325519004,3
6691281,Andreas Wahr-Hansen,7906080,Alessandro Luca,3,0,0.7694615826476554,0.0,3
8280788,Anita Håland,8280867,Gunn - Ellen Hansen,3,0,0.7694615826476554,0.0,3
7906080,Alessandro Luca,8280788,Anita Håland,3,0,0.7694615826476554,0.0,3
5140422,Tomas Gryczon,8280867,Gunn - Ellen Hansen,3,0,0.7694615826476554,0.0,3
6691281,Andreas Wahr-Hansen,8280867,Gunn - Ellen Hansen,3,0,0.7694615826476554,0.0,3
1423958,Ørjan Saxrud,4797871,Johannes Ulsund,0,3,0.0,0.7626570063291254,3
2166616,Philippe Béal,8306234,Frode Ellingsen,1,2,0.25421900210970844,0.5084380042194169,3
6773261,Thomas Andreassen,8362036,Anita,2,1,0.5061915491221716,0.2530957745610858,3
6773261,Thomas Andreassen,8362041,Monika,2,1,0.5061915491221716,0.2530957745610858,3
6773261,Thomas Andreassen,8217316,Ida Amundsen Holtet,1,2,0.2530957745610858,0.5061915491221716,3
5140422,Tomas Gryczon,8362155,Nicolai,0,3,0.0,0.7592873236832574,3
1708121,Petter Olsen,8362155,Nicolai,3,0,0.7592873236832574,0.0,3
1902521,Tom-Henrik Sandvik,7131339,Roger Mølmann,0,3,0.0,0.7525925578823205,3
6839980,Daniel Lorentzen-Styr,8296078,Mathias Hæreid,3,0,0.7525925578823205,0.0,3
2827292,Simen Jøndal,8274311,Jenny Carine Borrmann,3,0,0.7492673434534753,0.0,3
1015461,Nils Arild Sabbasen,1277819,Lasse Kåring,1,2,0.24755364184225215,0.4951072836845043,3
4889376,Tayab Malik,8112358,Marcus Andre Trondsen,2,1,0.4951072836845043,0.24755364184225215,3
5140422,Tomas Gryczon,8112358,Marcus Andre Trondsen,1,2,0.24755364184225215,0.4951072836845043,3
2053323,Ib Christiansen,4889376,Tayab Malik,2,1,0.4951072836845043,0.24755364184225215,3
2053323,Ib Christiansen,4889312,Hamza Malik,2,1,0.4951072836845043,0.24755364184225215,3
8096866,Marius,8096870,Seb,2,1,0.4901730304578259,0.24508651522891295,3
8096868,Alex Holm,8096876,Miika,1,2,0.24508651522891295,0.4901730304578259,3
8096869,Daniel,8096875,Siri,2,1,0.4901730304578259,0.24508651522891295,3
8096810,Joachim,8096866,Marius,2,1,0.4901730304578259,0.24508651522891295,3
8096869,Daniel,8096876,Miika,1,2,0.24508651522891295,0.4901730304578259,3
8096872,Bjørn,8096876,Miika,2,1,0.4901730304578259,0.24508651522891295,3
1081546,Bent Brørs,6839980,Daniel Lorentzen-Styr,3,0,0.7264337043648739,0.0,3
1006163,Bjørn Bratteberg,7401491,Morten Bjellås,3,0,0.7264337043648739,0.0,3
6839980,Daniel Lorentzen-Styr,7401491,Morten Bjellås,3,0,0.7264337043648739,0.0,3
1081546,Bent Brørs,1510340,Andris Viksnins,3,0,0.7264337043648739,0.0,3
1014552,Baard Onsum,7711820,Marie Hoff Petersen,3,0,0.7255843810682518,0.0,3
3647948,Janna Braseth,7711820,Marie Hoff Petersen,2,1,0.48370485795232776,0.24185242897616388,3
1006163,Bjørn Bratteberg,1006186,Christian Wikeby,1,2,0.24185242897616388,0.48370485795232776,3
1024799,Stig Nesvik,3647948,Janna Braseth,2,1,0.48370485795232776,0.24185242897616388,3
3185355,Ivar Lexi,3647948,Janna Braseth,2,1,0.48370485795232776,0.24185242897616388,3
1006163,Bjørn Bratteberg,7711820,Marie Hoff Petersen,1,2,0.24185242897616388,0.48370485795232776,3
1969223,Ole Andreas Sandvik,7401491,Morten Bjellås,3,0,0.7015815594716086,0.0,3
1393993,Ronny Sørlie,7131339,Roger Mølmann,3,0,0.6619131849826192,0.0,3
1006178,Carl Kolrud,3595353,Knut Holm,3,0,0.6619131849826192,0.0,3
7654643,Raymond Alstad,7779625,Løkky Loke,0,3,0.0,0.6619131849826192,3
1969238,Audun Brede,7401493,Simen Skattum,0,3,0.0,0.6619131849826192,3
1969238,Audun Brede,7779625,Løkky Loke,0,3,0.0,0.6619131849826192,3
7100105,Filip,7654643,Raymond Alstad,0,3,0.0,0.6619131849826192,3
3485006,Cyril Vella,7719582,Astrid E. Pedersen,2,1,0.43932574894112925,0.21966287447056462,3
6773261,Thomas Andreassen,7401493,Simen Skattum,1,2,0.21966287447056462,0.43932574894112925,3
5145209,Frode Lystad,7173754,Thomas erdmann,2,1,0.43932574894112925,0.21966287447056462,3
6773261,Thomas Andreassen,7719582,Astrid E. Pedersen,1,2,0.21966287447056462,0.43932574894112925,3
3613617,Vito Antonio Palmisano,7401493,Simen Skattum,2,1,0.43932574894112925,0.21966287447056462,3
1034683,Matias Nilsen,2827292,Simen Jøndal,3,0,0.6589886234116938,0.0,3
2251360,Joakim Elfstrøm,3012666,Eirik Sandaaker,3,0,0.6589886234116938,0.0,3
1084882,Remi Kwit,7222054,Leif Norvald Nilsen,0,3,0.0,0.6589886234116938,3
7704519,Ester Mathilde Sve,7704545,Stian Svea,1,2,0.2192444733285635,0.438488946657127,3
7704525,Andre Svea,7704528,Jostein Svea,1,2,0.2192444733285635,0.438488946657127,3
7704523,Anne Sofie svea,7704526,Sindre Svea,1,2,0.2192444733285635,0.438488946657127,3
7704520,Christine Svea,7704545,Stian Svea,2,1,0.438488946657127,0.2192444733285635,3
7704528,Jostein Svea,7704529,Magnus Svea,1,2,0.2192444733285635,0.438488946657127,3
7704529,Magnus Svea,7704530,Chip Svea,2,1,0.438488946657127,0.2192444733285635,3
7704526,Sindre Svea,7704529,Magnus Svea,1,2,0.2192444733285635,0.438488946657127,3
2251360,Joakim Elfstrøm,7784582,Mathias Kolloen Nilsen,0,3,0.0,0.6560769835661188,3
2947262,Christian Lothar Ruiz,5076660,Fredrik Nymark,3,0,0.6560769835661188,0.0,3
1012750,Frode Myhre Larsen,2251360,Joakim Elfstrøm,3,0,0.6560769835661188,0.0,3
1750663,Tore Mo,2947262,Christian Lothar Ruiz,3,0,0.6560769835661188,0.0,3
5528057,Stelios,6773261,Thomas Andreassen,2,1,0.4354521389021592,0.2177260694510796,3
6773261,Thomas Andreassen,7458715,Kristoforos,2,1,0.4354521389021592,0.2177260694510796,3
2167690,Iselin Masternes,7784582,Mathias Kolloen Nilsen,3,0,0.6502922409326534,0.0,3
2251353,Mentor Nuredini,3012666,Eirik Sandaaker,0,3,0.0,0.6502922409326534,3
1751232,Øyvind Stenhaug,6839980,Daniel Lorentzen-Styr,0,3,0.0,0.6502922409326534,3
1393993,Ronny Sørlie,4765825,Knut Holm,0,3,0.0,0.6474190247151028,3
1024799,Stig Nesvik,4765825,Knut Holm,3,0,0.6474190247151028,0.0,3
7027028,Wael,7285241,Linda,1,2,0.21580634157170095,0.4316126831434019,3
2085426,Minh Bui Cong,7285241,Linda,1,2,0.21580634157170095,0.4316126831434019,3
2660053,Morten Bjellås,7224647,Gustav Lennartsson,3,0,0.6445585033613586,0.0,3
2660053,Morten Bjellås,3119948,Huan Bao Ngo,3,0,0.6445585033613586,0.0,3
3543748,Thong Trong Ho,7224649,Kenneth,3,0,0.6445585033613586,0.0,3
3119948,Huan Bao Ngo,5493128,Per christian Slåtta,3,0,0.6445585033613586,0.0,3
2251360,Joakim Elfstrøm,3119948,Huan Bao Ngo,3,0,0.6445585033613586,0.0,3
1015461,Nils Arild Sabbasen,24897019,Robert Hedin,0,3,0.0,0.6417106207811175,3
1946517,Ivan Tadic,24897019,Robert Hedin,3,0,0.6417106207811175,0.0,3
19030543,Martin Olsson,7131380,Remik kwit,1,2,0.2139035402603725,0.427807080520745,3
3119948,Huan Bao Ngo,7131380,Remik kwit,2,1,0.427807080520745,0.2139035402603725,3
2057268,Øyvind Stenhaug,6839980,Daniel Lorentzen-Styr,0,3,0.0,0.6360525488179727,3
5140422,Tomas Gryczon,7100105,Filip,2,1,0.42403503254531516,0.21201751627265758,3
1006204,Egil Arne Sørensen,2950122,Mathias Gjerdrum,2,1,0.4179613862571399,0.20898069312856996,3
1006186,Christian Wikeby,1006281,Jan Atle Kofoed,1,2,0.20898069312856996,0.4179613862571399,3
1014552,Baard Onsum,2827292,Simen Jøndal,1,2,0.20898069312856996,0.4179613862571399,3
1396429,Øyvind Stordahl,7027028,Wael,1,2,0.20898069312856996,0.4179613862571399,3
1006204,Egil Arne Sørensen,7027028,Wael,2,1,0.4179613862571399,0.20898069312856996,3
1006332,Kent Halldin,1359835,Per Hagen,2,1,0.4179613862571399,0.20898069312856996,3
1393993,Ronny Sørlie,3428055,Rune Fevang,3,0,0.624885629574861,0.0,3
4889312,Hamza Malik,6914065,Bokai Wen,2,1,0.41659041971657407,0.20829520985828703,3
1027209,Thang Vu Ngoc,1047611,Tam,1,2,0.20829520985828703,0.41659041971657407,3
4889312,Hamza Malik,6773261,Thomas Andreassen,2,1,0.41659041971657407,0.20829520985828703,3
1969238,Audun Brede,6962355,Dennis,2,1,0.4147497790404848,0.20737835133477436,3
1183879,Alexander Juliussen,6839980,Daniel Lorentzen-Styr,1,2,0.2073748895202424,0.4147497790404848,3
4889312,Hamza Malik,6962355,Dennis,2,1,0.4147497790404848,0.2073748895202424,3
4889376,Tayab Malik,6863670,Jone Saba,2,1,0.4147497790404848,0.2073748895202424,3
2167690,Iselin Masternes,6839980,Daniel Lorentzen-Styr,0,3,0.0,0.6221246685607272,3
3012666,Eirik Sandaaker,3595359,Øivind Bakken,3,0,0.6221246685607272,0.0,3
1967863,Nate Komljenovic,4797871,Johannes Ulsund,3,0,0.619375906428054,0.0,3
1006430,Pak San Li,3428055,Rune Fevang,0,3,0.0,0.619375906428054,3
3012666,Eirik Sandaaker,3218903,Amir Bajrami,2,1,0.41291727095203595,0.20645863547601798,3
6773261,Thomas Andreassen,6909381,Thomas Erdmann,2,1,0.41291727095203595,0.20645863547601798,3
3012666,Eirik Sandaaker,6773261,Thomas Andreassen,2,1,0.41291727095203595,0.20645863547601798,3
1997987,Sven Høgdahl,2923223,Christian Lothar Ruiz,3,0,0.619375906428054,0.0,3
1969238,Audun Brede,6863666,Silje Vareide,2,1,0.4110928595186403,0.20554642975932014,3
6863666,Silje Vareide,6863670,Jone Saba,1,2,0.20554642975932014,0.4110928595186403,3
2167690,Iselin Masternes,6863635,Jan olav Nordskog,2,1,0.4110928595186403,0.20554642975932014,3
1024799,Stig Nesvik,6475205,Yorkey Ronald,3,0,0.6139147634497093,0.0,3
2167690,Iselin Masternes,5159274,Nahom Legesse Tafesse,2,1,0.4092765089664729,0.20463825448323644,3
2827292,Simen Jøndal,5916966,Per Christian Slåtta,1,2,0.20463825448323644,0.4092765089664729,3
1969238,Audun Brede,3012666,Eirik Sandaaker,2,1,0.40746818367977033,0.20373409183988517,3
1751833,Carlton Ford,3012666,Eirik Sandaaker,1,2,0.20283392410006607,0.40566784820013213,3
2660053,Morten Bjellås,6680803,Jake Hill,2,1,0.40387014459586884,0.20193507229793442,3
1969238,Audun Brede,6680803,Jake Hill,2,1,0.40387014459586884,0.20193507229793442,3
1016897,Hannes Ragnar Leifsson,2660053,Morten Bjellås,2,1,0.40387014459586884,0.20193507229793442,3
1016897,Hannes Ragnar Leifsson,1969238,Audun Brede,1,2,0.20193507229793442,0.40387014459586884,3
2660053,Morten Bjellås,6636579,Naser Bajrami,2,1,0.402080407455458,0.201040203727729,3
2057268,Øyvind Stenhaug,5916966,Per Christian Slåtta,0,3,0.0,0.5978027939147482,3
1969223,Ole Andreas Sandvik,5916966,Per Christian Slåtta,2,1,0.39680570521180303,0.19840285260590151,3
1022496,Jozef Kwit,1969223,Ole Andreas Sandvik,1,2,0.19840285260590151,0.39680570521180303,3
1018030,Thomas Bestorp,2660053,Morten Bjellås,1,2,0.19838716474773993,0.39677432949547986,3
1018030,Thomas Bestorp,5916966,Per Christian Slåtta,2,1,0.39677432949547986,0.19838716474773993,3
1969223,Ole Andreas Sandvik,6219637,Henning Olsen,3,0,0.59253186474792,0.0,3
1751232,Øyvind Stenhaug,6219637,Henning Olsen,2,1,0.39502124316528,0.19751062158264,3
6461421,Ole,6461422,Fredrik,1,2,0.19751062158264,0.39502124316528,3
5916966,Per Christian Slåtta,6461421,Ole,1,2,0.19751062158264,0.39502124316528,3
2660053,Morten Bjellås,6461421,Ole,1,2,0.19751062158264,0.39502124316528,3
5140422,Tomas Gryczon,6461421,Ole,3,0,0.59253186474792,0.0,3
2827292,Simen Jøndal,5129473,Andreas Bjørnhaug,0,3,0.0,0.587307410262315,3
4797871,Johannes Ulsund,5129473,Andreas Bjørnhaug,3,0,0.587307410262315,0.0,3
3256681,Alex Hoang Hai Nguyen,5916966,Per Christian Slåtta,2,1,0.3898083218858102,0.1949041609429051,3
3543748,Thong Trong Ho,5916966,Per Christian Slåtta,2,1,0.3898083218858102,0.1949041609429051,3
1024799,Stig Nesvik,2792002,Shaq Bajrami,1,2,0.18919586011339012,0.37839172022678025,3
1573174,Michel Nienhuis,2827292,Simen Jøndal,1,2,0.18919586011339012,0.37839172022678025,3
1573174,Michel Nienhuis,2043792,Vaios Evangelou,1,2,0.18919586011339012,0.37839172022678025,3
1030433,Bill Vrodos,2043792,Vaios Evangelou,1,2,0.18919586011339012,0.37839172022678025,3
1093760,Mindaugas Jomantas,1573174,Michel Nienhuis,1,2,0.18919586011339012,0.37839172022678025,3
1030433,Bill Vrodos,1359835,Per Hagen,2,1,0.37839172022678025,0.18919586011339012,3
1006215,Emil Andreassen,2043792,Vaios Evangelou,2,1,0.37839172022678025,0.18919586011339012,3
1006215,Emil Andreassen,1030433,Bill Vrodos,2,1,0.37839172022678025,0.18919586011339012,3
5490988,Ole Berg,5528057,Stelios,1,2,0.1856379851272334,0.3712759702544668,3
2167690,Iselin Masternes,5493128,Per christian Slåtta,1,2,0.1856379851272334,0.3712759702544668,3
1006415,Olav Skrudland,1061500,Jim Fors,3,0,0.5558653873079942,0.0,3
1006281,Jan Atle Kofoed,1035589,Sebastian Mæhlum,3,0,0.5548041698037507,0.0,3
4797871,Johannes Ulsund,5476975,Toan Truong,3,0,0.5544533167523849,0.0,3
1751232,Øyvind Stenhaug,5174448,Thomas Hilling Amundsen,0,3,0.0,0.5544533167523849,3
2947260,Jasper Nicolaysen,3120055,Per Christian Slåtta,0,3,0.0,0.5357264187833243,3
3595359,Øivind Bakken,4935731,Rj Velasquez,3,0,0.5520035500762779,0.0,3
2166616,Philippe Béal,3543748,Thong Trong Ho,1,2,0.16990884729941927,0.3680023667175186,3
1472748,Tommy Martinsen,3081704,Sundar K,1,2,0.1840011833587593,0.3680023667175186,3
3428055,Rune Fevang,5174448,Thomas Hilling Amundsen,2,1,0.3680023667175186,0.1840011833587593,3
2166616,Philippe Béal,5174448,Thomas Hilling Amundsen,1,2,0.1840011833587593,0.3680023667175186,3
1006215,Emil Andreassen,7784582,Mathias Kolloen Nilsen,3,0,0.5495646073173273,0.0,3
4935731,Rj Velasquez,7784582,Mathias Kolloen Nilsen,1,2,0.18318820243910908,0.36637640487821815,3
1751232,Øyvind Stenhaug,7784582,Mathias Kolloen Nilsen,1,2,0.18318820243910908,0.36637640487821815,3
3081704,Sundar K,3595359,Øivind Bakken,0,3,0.0,0.5346905108522916,3
16476664,Øystein Følling,1751232,Øyvind Stenhaug,2,1,0.3647576271011464,0.1823788135505732,3
1997987,Sven Høgdahl,3119948,Huan Bao Ngo,2,1,0.3647576271011464,0.1823788135505732,3
1279214,Daniel Axeborg,4797871,Johannes Ulsund,3,0,0.5471364406517196,0.0,3
1751833,Carlton Ford,5140422,Tomas Gryczon,2,1,0.3647576271011464,0.1823788135505732,3
2827292,Simen Jøndal,7784582,Mathias Kolloen Nilsen,3,0,0.5447190024669447,0.0,3
1021381,spiller 1,3256681,Alex Hoang Hai Nguyen,1,2,0.1815730008223149,0.3631460016446298,3
1021381,spiller 1,5174448,Thomas Hilling Amundsen,2,1,0.3631460016446298,0.1815730008223149,3
3120055,Per Christian Slåtta,3256681,Alex Hoang Hai Nguyen,1,2,0.16618828980109507,0.3631460016446298,3
1183869,Matias Myhrhaug,3081704,Sundar K,1,2,0.18077074845362026,0.3615414969072405,3
2947260,Jasper Nicolaysen,3256681,Alex Hoang Hai Nguyen,0,3,0.0,0.5213870289202251,3
3256681,Alex Hoang Hai Nguyen,5140382,Jørgen Johansen,2,1,0.35519873911913014,0.17759936955956507,3
1902521,Tom-Henrik Sandvik,3119948,Huan Bao Ngo,0,3,0.0,0.528149057904107,3
1510340,Andris Viksnins,4989992,Ronny Andresen,1,2,0.1760357655910523,0.3520715311821046,3
1006215,Emil Andreassen,3585947,Didrik Voga Berg,1,2,0.1760357655910523,0.3520715311821046,3
3585947,Didrik Voga Berg,4989992,Ronny Andresen,0,3,0.0,0.5281072967731569,3
3595359,Øivind Bakken,4989992,Ronny Andresen,0,3,0.0,0.5281072967731569,3
5063316,Asgeir H,5063317,Eirik N,1,2,0.1760357655910523,0.3520715311821046,3
3428055,Rune Fevang,5063316,Asgeir H,2,1,0.3520715311821046,0.1760357655910523,3
4935731,Rj Velasquez,5063328,Josh Young,2,1,0.3520715311821046,0.1760357655910523,3
1902521,Tom-Henrik Sandvik,3081704,Sundar K,0,3,0.0,0.5258085828844696,3
1751833,Carlton Ford,1969238,Audun Brede,2,1,0.35051595728862023,0.17525797864431011,3
1750663,Tore Mo,4935731,Rj Velasquez,0,3,0.0,0.5234853785578977,3
1022965,Tommy Bakke,2043792,Vaios Evangelou,0,3,0.0,0.5211380974887524,3
2057268,Øyvind Stenhaug,4762955,Benjamin,0,3,0.0,0.5188355289833361,3
1708121,Petter Olsen,4762955,Benjamin,3,0,0.5188355289833361,0.0,3
1944631,Lars Haakon Lunde,2251353,Mentor Nuredini,2,1,0.3458903526555574,0.1729451763277787,3
1944631,Lars Haakon Lunde,3595353,Knut Holm,0,3,0.0,0.5188355289833361,3
1084883,Pål Nilsson,2166616,Philippe Béal,1,2,0.1729451763277787,0.3458903526555574,3
1256298,Andreas Bjerke,4797931,Geir Perez,2,1,0.3458903526555574,0.1729451763277787,3
4797931,Geir Perez,5140422,Tomas Gryczon,2,1,0.3458903526555574,0.1729451763277787,3
1969223,Ole Andreas Sandvik,2620565,Fadil,3,0,0.516560153076694,0.0,3
1423374,Geir André Nilsen,1708121,Petter Olsen,3,0,0.516560153076694,0.0,3
1423374,Geir André Nilsen,1969223,Ole Andreas Sandvik,0,3,0.0,0.516560153076694,3
3543748,Thong Trong Ho,3595353,Knut Holm,0,3,0.0,0.5142608676563182,3
3543748,Thong Trong Ho,4734030,Ronny,2,1,0.34284057843754545,0.17142028921877273,3
1946517,Ivan Tadic,2057268,Øyvind Stenhaug,3,0,0.5119886851328385,0.0,3
1902521,Tom-Henrik Sandvik,2620562,Adil,3,0,0.5119886851328385,0.0,3
1014095,Odd Sebastian Bobby Fischer,2620562,Adil,3,0,0.5119886851328385,0.0,3
2057268,Øyvind Stenhaug,2251353,Mentor Nuredini,0,3,0.0,0.5119886851328385,3
2653482,Adil Lusjani,3632537,Dennis Nilsen,2,1,0.33981769459883854,0.16990884729941927,3
2653483,Shakir Bajrami,3595359,Øivind Bakken,2,1,0.33981769459883854,0.16990884729941927,3
2085426,Minh Bui Cong,2947251,Maria Torjussen,1,2,0.16841073202118859,0.33682146404237717,3
2947251,Maria Torjussen,3081704,Sundar K,1,2,0.16841073202118859,0.33682146404237717,3
1084883,Pål Nilsson,3256681,Alex Hoang Hai Nguyen,2,1,0.33682146404237717,0.16841073202118859,3
2620565,Fadil,2827292,Simen Jøndal,2,1,0.33237657960219014,0.16618828980109507,3
16476664,Øystein Følling,2620562,Adil,2,1,0.33237657960219014,0.16618828980109507,3
16476664,Øystein Følling,2947265,Bernjard David C Ruiz,2,1,0.33237657960219014,0.16618828980109507,3
1946517,Ivan Tadic,3543768,Dennis,2,1,0.33237657960219014,0.16618828980109507,3
3119948,Huan Bao Ngo,3508778,Naser lusnjani,0,3,0.0,0.4970963146232415,3
2140722,Mats Larsen,7784582,Mathias Kolloen Nilsen,1,2,0.16545401241107321,0.33090802482214643,3
2947251,Maria Torjussen,3439621,Qani Rahimi,1,2,0.16545401241107321,0.33090802482214643,3
2140722,Mats Larsen,2947251,Maria Torjussen,1,2,0.16545401241107321,0.33090802482214643,3
4797871,Johannes Ulsund,7784582,Mathias Kolloen Nilsen,2,1,0.33090802482214643,0.16545401241107321,3
2947251,Maria Torjussen,2947260,Jasper Nicolaysen,1,2,0.16545401241107321,0.33090802482214643,3
2947260,Jasper Nicolaysen,3439621,Qani Rahimi,1,2,0.16545401241107321,0.33090802482214643,3
1751232,Øyvind Stenhaug,3439621,Qani Rahimi,3,0,0.49636203723321964,0.0,3
2241168,Trond L,2947265,Bernjard David C Ruiz,3,0,0.49416893793818667,0.0,3
2053323,Ib Christiansen,2241168,Trond L,0,3,0.0,0.49416893793818667,3
2145734,Thong Trong Ho,3256681,Alex Hoang Hai Nguyen,0,3,0.0,0.4883849875055113,3
1969238,Audun Brede,2085426,Minh Bui Cong,3,0,0.49126415674631374,0.0,3
3439621,Qani Rahimi,4797871,Johannes Ulsund,1,2,0.1647229793127289,0.3294459586254578,3
1423374,Geir André Nilsen,1946517,Ivan Tadic,0,3,0.0,0.491985528514975,3
1157968,Jesper Gustafsson,2827292,Simen Jøndal,1,2,0.16399517617165835,0.3279903523433167,3
1969223,Ole Andreas Sandvik,2241168,Trond L,0,3,0.0,0.491985528514975,3
1091521,Silje Jacobsen,3080986,Qazim Redzepi,1,2,0.16399517617165835,0.3279903523433167,3
1750663,Tore Mo,3080986,Qazim Redzepi,3,0,0.491985528514975,0.0,3
2145734,Thong Trong Ho,2576333,Besar Avdi,2,1,0.32654117743358485,0.16327058871679243,3
3119948,Huan Bao Ngo,3120055,Per Christian Slåtta,2,1,0.32654117743358485,0.16327058871679243,3
1012750,Frode Myhre Larsen,2167253,Michel Mateos,3,0,0.47465240520212215,0.0,3
2690021,Torkel Rønningen,4797871,Johannes Ulsund,2,1,0.32654117743358485,0.16327058871679243,3
2167253,Michel Mateos,3120055,Per Christian Slåtta,1,2,0.16327058871679243,0.32654117743358485,3
1012750,Frode Myhre Larsen,3120055,Per Christian Slåtta,2,1,0.32654117743358485,0.16327058871679243,3
2085426,Minh Bui Cong,4797871,Johannes Ulsund,1,2,0.1625492027401163,0.3250984054802326,3
1006215,Emil Andreassen,1157968,Jesper Gustafsson,0,3,0.0,0.48549301228917363,3
1157968,Jesper Gustafsson,2043792,Vaios Evangelou,0,3,0.0,0.48549301228917363,3
1018030,Thomas Bestorp,2145734,Thong Trong Ho,1,2,0.1618310040963912,0.3236620081927824,3
2085426,Minh Bui Cong,2145734,Thong Trong Ho,1,2,0.1618310040963912,0.3236620081927824,3
2252446,Tor Bugten,2947265,Bernjard David C Ruiz,3,0,0.48334793610863036,0.0,3
1016897,Hannes Ragnar Leifsson,3081704,Sundar K,2,1,0.32223195740575356,0.16111597870287678,3
1016897,Hannes Ragnar Leifsson,1750663,Tore Mo,1,2,0.16111597870287678,0.32223195740575356,3
1016897,Hannes Ragnar Leifsson,1944804,Tommy Martinsen,1,2,0.16111597870287678,0.32223195740575356,3
1751232,Øyvind Stenhaug,3647948,Janna Braseth,2,1,0.32223195740575356,0.16111597870287678,3
1279214,Daniel Axeborg,2947265,Bernjard David C Ruiz,3,0,0.48119965401277026,0.0,3
1429235,Martin Andersson,2251353,Mentor Nuredini,0,3,0.0,0.48119965401277026,3
1429235,Martin Andersson,1946517,Ivan Tadic,1,2,0.16039988467092342,0.32079976934184684,3
2166616,Philippe Béal,2576372,Fadil Mustafa,0,3,0.0,0.4689109971103842,3
3120055,Per Christian Slåtta,3647948,Janna Braseth,1,2,0.15898561153758564,0.3179712230751713,3
2620562,Adil,3081704,Sundar K,2,1,0.3179712230751713,0.15898561153758564,3
3036771,Adrian Gawlak,3120055,Per Christian Slåtta,1,2,0.15898561153758564,0.3179712230751713,3
1012750,Frode Myhre Larsen,1069187,Thomas Erichsen,2,1,0.3179712230751713,0.15898561153758564,3
2620562,Adil,3256681,Alex Hoang Hai Nguyen,2,1,0.3179712230751713,0.15898561153758564,3
2690021,Torkel Rønningen,3036771,Adrian Gawlak,2,1,0.3179712230751713,0.15898561153758564,3
2620562,Adil,2690021,Torkel Rønningen,2,1,0.3179712230751713,0.15898561153758564,3
1969223,Ole Andreas Sandvik,2576372,Fadil Mustafa,2,1,0.3151676165832317,0.15758380829161586,3
1750663,Tore Mo,3120055,Per Christian Slåtta,1,2,0.15758380829161586,0.3151676165832317,3
1751232,Øyvind Stenhaug,1751833,Carlton Ford,0,3,0.0,0.470662645437971,3
2950122,Mathias Gjerdrum,3036771,Adrian Gawlak,3,0,0.470662645437971,0.0,3
16476664,Øystein Følling,2043792,Vaios Evangelou,3,0,0.4685830949516726,0.0,3
16476664,Øystein Følling,2052753,Morten Falk,0,3,0.0,0.4685830949516726,3
2145734,Thong Trong Ho,3036773,Mathias Stav,1,2,0.15619436498389086,0.3123887299677817,3
1969223,Ole Andreas Sandvik,2684364,Huan,2,1,0.3123887299677817,0.15619436498389086,3
1756915,Jo Erlend Schinstad,2166616,Philippe Béal,1,2,0.15619436498389086,0.3123887299677817,3
2166616,Philippe Béal,2947251,Maria Torjussen,2,1,0.3123887299677817,0.15619436498389086,3
2166616,Philippe Béal,3036773,Mathias Stav,2,1,0.3123887299677817,0.15619436498389086,3
2166616,Philippe Béal,2923223,Christian Lothar Ruiz,1,2,0.15619436498389086,0.3123887299677817,3
1012750,Frode Myhre Larsen,2625188,Christian Garmann Schjelderup,3,0,0.466512732639254,0.0,3
2947251,Maria Torjussen,2950065,Billy Hipolito,0,3,0.0,0.466512732639254,3
1012750,Frode Myhre Larsen,2950122,Mathias Gjerdrum,0,3,0.0,0.466512732639254,3
1084883,Pål Nilsson,2950065,Billy Hipolito,0,3,0.0,0.466512732639254,3
1069187,Thomas Erichsen,2947260,Jasper Nicolaysen,3,0,0.466512732639254,0.0,3
1069187,Thomas Erichsen,2923223,Christian Lothar Ruiz,0,3,0.0,0.466512732639254,3
1969223,Ole Andreas Sandvik,2950065,Billy Hipolito,3,0,0.466512732639254,0.0,3
1016894,Tommy Andersen,2923223,Christian Lothar Ruiz,3,0,0.4644515179041828,0.0,3
2252446,Tor Bugten,2923223,Christian Lothar Ruiz,1,2,0.1548171726347276,0.3096343452694552,3
1071778,Deleted Account,2947265,Bernjard David C Ruiz,3,0,0.4644515179041828,0.0,3
1969223,Ole Andreas Sandvik,3256681,Alex Hoang Hai Nguyen,1,2,0.1548171726347276,0.3096343452694552,3
2653483,Shakir Bajrami,2890757,Maria,2,1,0.3096343452694552,0.1548171726347276,3
2167253,Michel Mateos,3256681,Alex Hoang Hai Nguyen,2,1,0.3096343452694552,0.1548171726347276,3
2690021,Torkel Rønningen,2827292,Simen Jøndal,2,1,0.3096343452694552,0.1548171726347276,3
1084883,Pål Nilsson,1969223,Ole Andreas Sandvik,1,2,0.1548171726347276,0.3096343452694552,3
1012750,Frode Myhre Larsen,2684364,Huan,2,1,0.3096343452694552,0.1548171726347276,3
1751232,Øyvind Stenhaug,2890761,Yanan,1,2,0.15413313677643187,0.30826627355286373,3
2625188,Christian Garmann Schjelderup,2890757,Maria,1,2,0.15413313677643187,0.30826627355286373,3
2166616,Philippe Béal,2890757,Maria,2,1,0.30826627355286373,0.15413313677643187,3
2140722,Mats Larsen,2890737,Mirosław Zduńczuk,1,2,0.15413313677643187,0.30826627355286373,3
2140722,Mats Larsen,2890761,Yanan,1,2,0.15413313677643187,0.30826627355286373,3
2625188,Christian Garmann Schjelderup,2890761,Yanan,1,2,0.15413313677643187,0.30826627355286373,3
2251353,Mentor Nuredini,2576372,Fadil Mustafa,3,0,0.440424566090668,0.0,3
2252446,Tor Bugten,2690021,Torkel Rønningen,3,0,0.44433368330561196,0.0,3
2576372,Fadil Mustafa,2625188,Christian Garmann Schjelderup,2,1,0.2923133383221307,0.14811122776853733,3
2620564,Ridvan,2684489,Bjørn,1,2,0.1479122621907995,0.295824524381599,3
1670605,Bernadette Bodó,2684364,Huan,2,1,0.295824524381599,0.1479122621907995,3
2620564,Ridvan,2684409,Roland,2,1,0.295824524381599,0.1479122621907995,3
1670605,Bernadette Bodó,2625188,Christian Garmann Schjelderup,1,2,0.1479122621907995,0.295824524381599,3
2653482,Adil Lusjani,2684364,Huan,2,1,0.295824524381599,0.1479122621907995,3
1670605,Bernadette Bodó,2653483,Shakir Bajrami,1,2,0.1479122621907995,0.295824524381599,3
2166616,Philippe Béal,2653482,Adil Lusjani,1,2,0.1474568210959073,0.2949136421918146,3
2251353,Mentor Nuredini,2653483,Shakir Bajrami,2,1,0.2949136421918146,0.1474568210959073,3
1084883,Pål Nilsson,1751232,Øyvind Stenhaug,1,2,0.14680530581847825,0.2936106116369565,3
1084883,Pål Nilsson,2167690,Iselin Masternes,2,1,0.2936106116369565,0.14680530581847825,3
2620564,Ridvan,2620565,Fadil,1,2,0.14680530581847825,0.2936106116369565,3
2140722,Mats Larsen,2620563,Shakir,1,2,0.14680530581847825,0.2936106116369565,3
2620563,Shakir,2620565,Fadil,1,2,0.14680530581847825,0.2936106116369565,3
2140722,Mats Larsen,2166616,Philippe Béal,2,1,0.2936106116369565,0.14680530581847825,3
2140742,Jamal Malik,2140752,Mats Larsen,2,1,0.29102179680985785,0.14551089840492892,3
2140742,Jamal Malik,2431085,Shakir,2,1,0.29102179680985785,0.14551089840492892,3
1024799,Stig Nesvik,2574158,Tommy Andersen,0,3,0.0,0.4346039426625753,3
1670605,Bernadette Bodó,2576334,Ridvan Avdi,3,0,0.4346039426625753,0.0,3
2140751,Jamal Malik,2400654,Lukas Mørk,3,0,0.4346039426625753,0.0,3
1969223,Ole Andreas Sandvik,2576333,Besar Avdi,3,0,0.4346039426625753,0.0,3
2400654,Lukas Mørk,2431086,Adil,1,2,0.14422790400225757,0.28845580800451515,3
2400654,Lukas Mørk,2525464,Oc Hansen,1,2,0.14422790400225757,0.28845580800451515,3
2431085,Shakir,2525464,Oc Hansen,2,1,0.28845580800451515,0.14422790400225757,3
2400654,Lukas Mørk,2525591,Erlend Lid,1,2,0.14422790400225757,0.28845580800451515,3
1091521,Silje Jacobsen,2400653,Cathleen,1,2,0.14295622198000116,0.2859124439600023,3
1751232,Øyvind Stenhaug,2400654,Lukas Mørk,1,2,0.14295622198000116,0.2859124439600023,3
1006543,Trond Lid Cappelen,1027114,Jeremiah Torres,1,2,0.14232459190733782,0.28464918381467563,3
1946517,Ivan Tadic,2167690,Iselin Masternes,2,1,0.26992555948795216,0.14232459190733782,3
1071778,Deleted Account,2241168,Trond L,0,3,0.0,0.4250872577849184,3
1013991,Ahad Rashid,2241168,Trond L,0,3,0.0,0.4250872577849184,3
1708121,Petter Olsen,2140742,Jamal Malik,2,1,0.2833915051899456,0.1416957525949728,3
1751833,Carlton Ford,2140722,Mats Larsen,3,0,0.4250872577849184,0.0,3
1670605,Bernadette Bodó,2053323,Ib Christiansen,1,2,0.1416957525949728,0.2833915051899456,3
1751833,Carlton Ford,2053323,Ib Christiansen,1,2,0.1416957525949728,0.2833915051899456,3
1084882,Remi Kwit,2252446,Tor Bugten,1,2,0.1416957525949728,0.2833915051899456,3
2251356,Saban Tepeli,2251357,Abdullah Demir,2,1,0.27965908351623076,0.13982954175811538,3
2251358,Davut Demir,2251360,Joakim Elfstrøm,1,2,0.13982954175811538,0.27965908351623076,3
1751232,Øyvind Stenhaug,2251356,Saban Tepeli,2,1,0.27965908351623076,0.13982954175811538,3
2140742,Jamal Malik,2251360,Joakim Elfstrøm,1,2,0.13982954175811538,0.27965908351623076,3
2167253,Michel Mateos,2251356,Saban Tepeli,2,1,0.27965908351623076,0.13982954175811538,3
1708121,Petter Olsen,2251359,Gustav Leennatsso,1,2,0.13982954175811538,0.27965908351623076,3
1969238,Audun Brede,2230546,Tor B.,1,2,0.13982954175811538,0.27965908351623076,3
2230546,Tor B.,2251360,Joakim Elfstrøm,1,2,0.13982954175811538,0.27965908351623076,3
1670605,Bernadette Bodó,2251353,Mentor Nuredini,1,2,0.13982954175811538,0.27965908351623076,3
1969223,Ole Andreas Sandvik,2140752,Mats Larsen,1,2,0.13982954175811538,0.27965908351623076,3
1027209,Thang Vu Ngoc,1969223,Ole Andreas Sandvik,2,1,0.2771932816914832,0.1385966408457416,3
2110679,Eskil Skogen,2206237,Eihab Sray aldeen,1,2,0.1385966408457416,0.2771932816914832,3
1027209,Thang Vu Ngoc,2166616,Philippe Béal,1,2,0.1385966408457416,0.2771932816914832,3
2053323,Ib Christiansen,2206237,Eihab Sray aldeen,1,2,0.1385966408457416,0.2771932816914832,3
2110679,Eskil Skogen,2140742,Jamal Malik,1,2,0.1385966408457416,0.2771932816914832,3
1612717,Mentor Nuredini,2140752,Mats Larsen,2,1,0.2771932816914832,0.1385966408457416,3
1027209,Thang Vu Ngoc,1969238,Audun Brede,1,2,0.1385966408457416,0.2771932816914832,3
1027208,Anders Sandholtet,1750663,Tore Mo,1,2,0.1385966408457416,0.2771932816914832,3
1027208,Anders Sandholtet,2167253,Michel Mateos,1,2,0.1385966408457416,0.2771932816914832,3
1969223,Ole Andreas Sandvik,2206237,Eihab Sray aldeen,1,2,0.1385966408457416,0.2771932816914832,3
2052753,Morten Falk,2167251,Tor Bugten,1,2,0.1373746106309373,0.2747492212618746,3
2166616,Philippe Béal,2167251,Tor Bugten,2,1,0.2747492212618746,0.1373746106309373,3
1018030,Thomas Bestorp,1697350,Philippe Beal,1,2,0.13616335526490841,0.27232671052981683,3
1969238,Audun Brede,2057268,Øyvind Stenhaug,1,2,0.13616335526490841,0.27232671052981683,3
1429285,Kristoffer Fjellstad,2052753,Morten Falk,1,2,0.13556257216156678,0.27112347685745397,3
2110681,Kaj Dembe,2110682,Alex Svartås,3,0,0.4066860490190207,0.0,3
2110681,Kaj Dembe,2167690,Iselin Masternes,3,0,0.4066860490190207,0.0,3
1183869,Matias Myhrhaug,1957536,Sebastian Yet,0,3,0.0,0.4066860490190207,3
1751232,Øyvind Stenhaug,2110682,Alex Svartås,2,1,0.27112347685745397,0.13556173842872699,3
1183869,Matias Myhrhaug,1472755,Georgina Askeland,2,1,0.27112347685745397,0.13556173842872699,3
1697350,Philippe Beal,1957536,Sebastian Yet,2,1,0.27112347685745397,0.13556173842872699,3
2052753,Morten Falk,2110681,Kaj Dembe,1,2,0.13556173842872699,0.27112347685745397,3
1751232,Øyvind Stenhaug,2110681,Kaj Dembe,2,1,0.27112347685745397,0.13556173842872699,3
1987327,Stian Stian,2167690,Iselin Masternes,1,2,0.13496277974397608,0.26992555948795216,3
1697350,Philippe Beal,1969238,Audun Brede,1,2,0.13496277974397608,0.26992555948795216,3
1969223,Ole Andreas Sandvik,1987327,Stian Stian,2,1,0.26992555948795216,0.13496277974397608,3
1015952,Marius Farås,16476664,Øystein Følling,3,0,0.4030994023980675,0.0,3
1670605,Bernadette Bodó,2056866,Michel Matyeos,3,0,0.40131836970637497,0.0,3
2052755,Erling Betten,2056865,Rune Godager,3,0,0.40131836970637497,0.0,3
1969223,Ole Andreas Sandvik,2052755,Erling Betten,3,0,0.40131836970637497,0.0,3
1969238,Audun Brede,2056438,Gabriel Muzolf,0,3,0.0,0.40131836970637497,3
1670605,Bernadette Bodó,2056865,Rune Godager,0,3,0.0,0.40131836970637497,3
1969223,Ole Andreas Sandvik,2056438,Gabriel Muzolf,0,3,0.0,0.40131836970637497,3
1969223,Ole Andreas Sandvik,2056865,Rune Godager,0,3,0.0,0.40131836970637497,3
1751232,Øyvind Stenhaug,1944569,Philippe Beal,2,1,0.26401489868185246,0.13200744934092623,3
1969223,Ole Andreas Sandvik,2013157,Fredrik Hovda,2,1,0.2628483894713478,0.1314241947356739,3
1006430,Pak San Li,1934129,Johnny Lotto,0,3,0.0,0.39253055145347937,3
1022965,Tommy Bakke,1944631,Lars Haakon Lunde,3,0,0.39253055145347937,0.0,3
1697350,Philippe Beal,3371861,Lars Kristian Øyen,3,0,0.39253055145347937,0.0,3
1946517,Ivan Tadic,1998017,FLORIDO GALLEGO ANTONIO JAVIER,3,0,0.39253055145347937,0.0,3
1697350,Philippe Beal,1944804,Tommy Martinsen,1,2,0.13026540520121418,0.26053081040242837,3
1084882,Remi Kwit,1670605,Bernadette Bodó,2,1,0.26053081040242837,0.13026540520121418,3
1084882,Remi Kwit,1946517,Ivan Tadic,1,2,0.13026540520121418,0.26053081040242837,3
1156277,Mathias Hæreid,1944804,Tommy Martinsen,2,1,0.26053081040242837,0.13026540520121418,3
1006430,Pak San Li,1697350,Philippe Beal,1,2,0.13026540520121418,0.26053081040242837,3
1156277,Mathias Hæreid,1946517,Ivan Tadic,1,2,0.13026540520121418,0.26053081040242837,3
1006430,Pak San Li,1084882,Remi Kwit,2,1,0.26053081040242837,0.13026540520121418,3
1006174,Børre Kofoed Karaka,1345906,Ahad Rashid,1,2,0.12911683291166803,0.25823366582333607,3
1566815,Daniel Rødskog,1957538,Mathias macdonald,0,3,0.0,0.3873504987350041,3
1902521,Tom-Henrik Sandvik,1957538,Mathias macdonald,0,3,0.0,0.3873504987350041,3
1472755,Georgina Askeland,1944569,Philippe Beal,0,3,0.0,0.3873504987350041,3
1751232,Øyvind Stenhaug,1957536,Sebastian Yet,0,3,0.0,0.3873504987350041,3
1016894,Tommy Andersen,1697351,Per Ingvarsson,3,0,0.3856390501511403,0.0,3
1934104,Milad Safa,1934110,Ivan Tadic,3,0,0.38393516333953415,0.0,3
1043840,Elisabeth Synnøve Roaas,1429285,Kristoffer Fjellstad,0,3,0.0,0.38053991115381525,3
1466420,Helene Fossum,1902521,Tom-Henrik Sandvik,0,3,0.0,0.38053991115381525,3
1751232,Øyvind Stenhaug,1902955,Håkon Nilsen,0,3,0.0,0.38053991115381525,3
1091521,Silje Jacobsen,1183869,Matias Myhrhaug,0,3,0.0,0.3788585541033539,3
1043841,Elisabeth Synnøve Roaas,1429285,Kristoffer Fjellstad,0,3,0.0,0.3788585541033539,3
1091521,Silje Jacobsen,1714798,Efka Jega,0,3,0.0,0.3788585541033539,3
1043841,Elisabeth Synnøve Roaas,1751833,Carlton Ford,0,3,0.0,0.3788585541033539,3
1006178,Carl Kolrud,1022496,Jozef Kwit,1,2,0.12572820862344647,0.25145641724689294,3
1059772,Magnus Olaussen,1510340,Andris Viksnins,2,1,0.25145641724689294,0.12572820862344647,3
1016894,Tommy Andersen,1075717,Bjørn Erik Øverland,1,2,0.12572820862344647,0.25145641724689294,3
1084882,Remi Kwit,1435682,Ane Carlsen,1,2,0.12572820862344647,0.25145641724689294,3
1183869,Matias Myhrhaug,1435682,Ane Carlsen,2,1,0.25145641724689294,0.12572820862344647,3
1697350,Philippe Beal,1714804,Chris B Råthen,2,1,0.25034539575445636,0.12517269787722818,3
1466420,Helene Fossum,1714798,Efka Jega,1,2,0.12517269787722818,0.25034539575445636,3
1183869,Matias Myhrhaug,1714800,Karolis Vo,2,1,0.25034539575445636,0.12517269787722818,3
1466420,Helene Fossum,1714802,Darius Žilinskas,2,1,0.25034539575445636,0.12517269787722818,3
1027208,Anders Sandholtet,1714800,Karolis Vo,2,1,0.25034539575445636,0.12517269787722818,3
1466420,Helene Fossum,1697351,Per Ingvarsson,1,2,0.12517269787722818,0.25034539575445636,3
1027208,Anders Sandholtet,1183869,Matias Myhrhaug,1,2,0.12517269787722818,0.25034539575445636,3
1075531,Thang Vu Ngoc,1714800,Karolis Vo,2,1,0.25034539575445636,0.12517269787722818,3
1075531,Thang Vu Ngoc,1714804,Chris B Råthen,1,2,0.12517269787722818,0.25034539575445636,3
1027208,Anders Sandholtet,1708121,Petter Olsen,2,1,0.25034539575445636,0.12517269787722818,3
1027208,Anders Sandholtet,1697351,Per Ingvarsson,1,2,0.12517269787722818,0.25034539575445636,3
1498747,Andris Viksnins,1561935,Øystein Holm Krøvel,3,0,0.37385892470932625,0.0,3
1016894,Tommy Andersen,1059772,Magnus Olaussen,1,2,0.12461964156977542,0.24923928313955085,3
1670605,Bernadette Bodó,1697351,Per Ingvarsson,1,2,0.12461964156977542,0.24923928313955085,3
1183878,Petter Olsen,1697351,Per Ingvarsson,1,2,0.12461964156977542,0.24923928313955085,3
1429285,Kristoffer Fjellstad,1697351,Per Ingvarsson,1,2,0.12461964156977542,0.24923928313955085,3
1018075,Jo Erlend,1059772,Magnus Olaussen,1,2,0.1057895307273053,0.2115790614546106,3
1024806,Lars Nitteberg,1183869,Matias Myhrhaug,2,1,0.2115790614546106,0.1057895307273053,3
1024799,Stig Nesvik,1141525,Øystein Krøvel,1,2,0.10578813653882159,0.21157627307764318,3
1141525,Øystein Krøvel,16476664,Øystein Følling,1,2,0.10578813653882159,0.21157627307764318,3
1006186,Christian Wikeby,1015461,Nils Arild Sabbasen,1,2,0.10578813653882159,0.21157627307764318,3
53060527,Mazen AlAli,77274373,Elin Demoniere,0,2,0.0,1.988645717303062,2
53204752,Julianne Myhren-heyerdahl,75505852,Flavio Wicki,2,0,1.9798591921590396,0.0,2
54197755,Tom erik Lysenstøen,81177493,Bjørn Wildhagen,2,0,1.9798591921590396,0.0,2
17419783,Ketil Blix,88271758,Aleksander Edseth Kristiansen,1,1,0.985555744462269,0.985555744462269,2
54197755,Tom erik Lysenstøen,83477917,Fabian Andersen,0,2,0.0,1.971111488924538,2
3183489,Knut-Håkon Helgesen,75505852,Flavio Wicki,2,0,1.9537318628274336,0.0,2
4849639,Petter Rognlien,80198077,Nils Vogt,0,2,0.0,1.945099599177832,2
52645105,Tommy Bratseth,85089859,Stian Rekdal,2,0,1.938948539828734,0.0,2
26005654,Jacob Sæther,52645105,Tommy Bratseth,0,2,0.0,1.9279366201910413,2
1014993,Tron Vidar Engebakk,3183489,Knut-Håkon Helgesen,0,2,0.0,1.9049155670064308,2
1024799,Stig Nesvik,63113578,Håkon Kristiansen,0,2,0.0,1.9049155670064308,2
63113578,Håkon Kristiansen,83723041,Luka Bugarski,0,2,0.0,1.8774004797787882,2
1006163,Bjørn Bratteberg,2053323,Ib Christiansen,0,2,0.0,1.828176973824577,2
74738734,Frode Johansen,80766817,Tobias Bratseth,0,2,0.0,1.8200994551351157,2
16144084,Truls Bakken,8435377,Geir Anfinsen,1,1,0.9060288128596192,0.9060288128596192,2
11218942,Stein Amundsen,1298131,Jack Nordby,0,2,0.0,1.798354210767117,2
63511876,Ingebrigt Magne Dale,79717822,Julian Gheorghiu-Foss,0,2,0.0,1.7960804046546957,2
74738734,Frode Johansen,79780918,Viktorija Kraft,0,2,0.0,1.7960804046546957,2
54197755,Tom erik Lysenstøen,79780879,Kim Alexander Foss,0,2,0.0,1.7960804046546957,2
79717822,Julian Gheorghiu-Foss,79780879,Kim Alexander Foss,0,2,0.0,1.7960804046546957,2
53060527,Mazen AlAli,79002523,luis Cardenas rosas,0,2,0.0,1.7802909816778905,2
1006562,Yousef Austrheim,26088853,Simeon Ivanov,0,2,0.0,1.7668277972232747,2
43127857,Manabu Sekiguchi,6839980,Daniel Lorentzen-Styr,2,0,1.7668277972232747,0.0,2
60309976,Samuel Feste,77275558,Matilde Bjørnstad,2,0,1.749035127647304,0.0,2
42527356,rafal wisniewski,54197755,Tom erik Lysenstøen,2,0,1.749035127647304,0.0,2
60309976,Samuel Feste,63113578,Håkon Kristiansen,0,2,0.0,1.749035127647304,2
4849639,Petter Rognlien,53204752,Julianne Myhren-heyerdahl,0,2,0.0,1.7413072850290152,2
2581136,Mona Søvold Sunde,53060527,Mazen AlAli,0,2,0.0,1.7336135866943887,2
75757273,Oliver Milett,8970047,Ante Petricevic,2,0,1.7303267023307787,0.0,2
53204752,Julianne Myhren-heyerdahl,7711820,Marie Hoff Petersen,2,0,1.7205033930626166,0.0,2
50522596,Olav Finnerud,53060527,Mazen AlAli,2,0,1.7183280200976216,0.0,2
33729541,Eivind Yoo Yong Jae Johansen,63113578,Håkon Kristiansen,0,2,0.0,1.7183280200976216,2
44478316,Rune Stensvold,73998136,Andreas Langkås,0,2,0.0,1.6857589263079713,2
7711820,Marie Hoff Petersen,8217316,Ida Amundsen Holtet,1,1,0.8428794631539857,0.8428794631539857,2
1006145,Aria Senemar,1006220,Erik Gårdelöf,0,2,0.0,1.6679910983299449,2
1006406,Nina Torvund,53649337,Erlend Helgesen,0,2,0.0,1.6459793548075536,2
17419783,Ketil Blix,71803366,Jakob Corcoran-Øien,2,0,1.6366348973536493,0.0,2
1006220,Erik Gårdelöf,71402752,Enrique Mohamed ”Saleh“ Saleh Ruzafa,2,0,1.6242580905649262,0.0,2
1006453,Robin Nathan,1006562,Yousef Austrheim,2,0,1.6242580905649262,0.0,2
63113578,Håkon Kristiansen,71407519,Celia Dyremyhr,2,0,1.6222044083968836,0.0,2
1670605,Bernadette Bodó,19030543,Martin Olsson,2,0,1.6170389336919104,0.0,2
21900748,Leoncio Jr Licarte,54197755,Tom erik Lysenstøen,0,2,0.0,1.607858775099364,2
2947262,Christian Lothar Ruiz,3119948,Huan Bao Ngo,0,2,0.0,1.607858775099364,2
12348586,Runar Leiren,52390867,Emil Johannesen,0,2,0.0,1.6007546984744903,2
63113578,Håkon Kristiansen,69871786,Tito Hansen,0,2,0.0,1.6007546984744903,2
2947262,Christian Lothar Ruiz,44119141,Gaute Rogstad,1,1,0.7968410050596023,0.7968410050596023,2
12348586,Runar Leiren,53204752,Julianne Myhren-heyerdahl,2,0,1.5936820101192046,0.0,2
67477936,Theodor Brekke-Hongset,8217316,Ida Amundsen Holtet,2,0,1.5886492303268938,0.0,2
17419783,Ketil Blix,67477936,Theodor Brekke-Hongset,0,2,0.0,1.5866405713492666,2
1042070,Henrik Olsson,7153377,Henning Ingvorsen,0,2,0.0,1.5746418391784618,2
44119141,Gaute Rogstad,67477936,Theodor Brekke-Hongset,0,2,0.0,1.572650890889542,2
2581136,Mona Søvold Sunde,27634768,Roger Andresen,2,0,1.567725847972055,0.0,2
57800878,Lukasz Majewski,58717324,Kjetil Kristensen,2,0,1.5657023748842325,0.0,2
57800878,Lukasz Majewski,67015048,jo-inge holen,2,0,1.5657023748842325,0.0,2
58717324,Kjetil Kristensen,67015048,jo-inge holen,2,0,1.5657023748842325,0.0,2
58717324,Kjetil Kristensen,63113578,Håkon Kristiansen,0,2,0.0,1.5657023748842325,2
3119948,Huan Bao Ngo,57800878,Lukasz Majewski,2,0,1.5657023748842325,0.0,2
25741009,Heidi Tobiassen,54197755,Tom erik Lysenstøen,0,2,0.0,1.558784559827847,2
3119948,Huan Bao Ngo,53204752,Julianne Myhren-heyerdahl,0,2,0.0,1.558784559827847,2
43127857,Manabu Sekiguchi,44119141,Gaute Rogstad,0,2,0.0,1.5518973100729654,2
1006184,Christian Johannessen,19616722,Lobsang Thupten,0,2,0.0,1.5401613186226,2
63113578,Håkon Kristiansen,8217316,Ida Amundsen Holtet,0,2,0.0,1.5382139668720762,2
25743094,Mohamed Salkiny,54197755,Tom erik Lysenstøen,0,2,0.0,1.5265814536594624,2
42921529,Joshua Turla Tuppal,48190969,Rune Vestøl,2,0,1.5064457575788828,0.0,2
1030563,Alexander Baranji,1042070,Henrik Olsson,0,2,0.0,1.478116672176699,2
1006204,Egil Arne Sørensen,13720633,Håkon Haukebøe,0,2,0.0,1.4734488427909282,2
19616722,Lobsang Thupten,52324939,Saga Hedin,2,0,1.4734488427909282,0.0,2
1030563,Alexander Baranji,5140422,Tomas Gryczon,2,0,1.4715858410724574,0.0,2
1006373,Mark McGauley,53204752,Julianne Myhren-heyerdahl,0,2,0.0,1.466938635772671,2
49097056,Herman Maraas,7959797,Pergantis Zalachas,2,0,1.4650838654406662,0.0,2
1006184,Christian Johannessen,1006340,Kjartan Maraas,2,0,1.4586106177878595,0.0,2
1006184,Christian Johannessen,1006333,Kent Hansen,2,0,1.4457497992594002,0.0,2
58625332,Vegard Kristian,58625335,Silje Ylva,1,1,0.71469047187501,0.71469047187501,2
58582753,Herleik Holtan,58582759,Sinara Vijayan,2,0,1.4284770163951546,0.0,2
58582747,Kari Mo,58582759,Sinara Vijayan,2,0,1.4284770163951546,0.0,2
11218942,Stein Amundsen,6600268,Kim Soo Garmark,0,2,0.0,1.42036735046004,2
1123060,"Paweł ""Mumrikken"" Zalewski",7131339,Roger Mølmann,2,0,1.42036735046004,0.0,2
1123060,"Paweł ""Mumrikken"" Zalewski",20124274,Paolo Speciale,2,0,1.42036735046004,0.0,2
1067228,Roy Steffensen,11218942,Stein Amundsen,2,0,1.4141289489002453,0.0,2
1010312,Mikael Øgaard,7959797,Pergantis Zalachas,2,0,1.4141289489002453,0.0,2
1006204,Egil Arne Sørensen,7131339,Roger Mølmann,2,0,1.4141289489002453,0.0,2
1067228,Roy Steffensen,3682319,Lasse Rognlien,2,0,1.4141289489002453,0.0,2
57625354,Aanund Aurum,57625423,Anders Aurum,0,2,0.0,1.4096631900144971,2
57625420,Arve Aurum,57625438,Espen Aurum,0,2,0.0,1.4096631900144971,2
57625426,Bergen Aurum,57625429,Yngve Aurum,0,2,0.0,1.4096631900144971,2
57625423,Anders Aurum,57625435,Ståle Aurum,0,2,0.0,1.4096631900144971,2
57625429,Yngve Aurum,57625438,Espen Aurum,2,0,1.4096631900144971,0.0,2
1006204,Egil Arne Sørensen,7959797,Pergantis Zalachas,2,0,1.4078808377066372,0.0,2
1006124,Albert-Roman Borrie Stensrød,6600268,Kim Soo Garmark,2,0,1.4058042747473087,0.0,2
1006124,Albert-Roman Borrie Stensrød,1006184,Christian Johannessen,0,2,0.0,1.4058042747473087,2
16476664,Øystein Følling,6686119,Levi Pavdeja,0,2,0.0,1.4016603328310513,2
1123060,"Paweł ""Mumrikken"" Zalewski",3682319,Lasse Rognlien,2,0,1.4016603328310513,0.0,2
1061867,Stig Ringebo,8435377,Geir Anfinsen,0,2,0.0,1.4016603328310513,2
6600268,Kim Soo Garmark,8435377,Geir Anfinsen,2,0,1.4016603328310513,0.0,2
1097384,Raymond Hauge,5140422,Tomas Gryczon,2,0,1.3954673122992185,0.0,2
1006292,Jan Thomassen,1097384,Raymond Hauge,2,0,1.3954673122992185,0.0,2
1067228,Roy Steffensen,3185355,Ivar Lexi,2,0,1.3954673122992185,0.0,2
1097384,Raymond Hauge,1272012,Erol Dane Mula,2,0,1.3954673122992185,0.0,2
1067228,Roy Steffensen,26143903,Katrine Sætereng,2,0,1.3954673122992185,0.0,2
1006220,Erik Gårdelöf,1097384,Raymond Hauge,2,0,1.3954673122992185,0.0,2
48151645,Albert Fjeldavli,5140422,Tomas Gryczon,2,0,1.3893016546757948,0.0,2
24897019,Robert Hedin,48151645,Albert Fjeldavli,2,0,1.3893016546757948,0.0,2
24897019,Robert Hedin,36990883,Anders Valde,0,2,0.0,1.383163239061979,2
1298131,Jack Nordby,49839568,Navid Elyasi,2,0,1.383163239061979,0.0,2
1006292,Jan Thomassen,7131339,Roger Mølmann,2,0,1.383163239061979,0.0,2
36990883,Anders Valde,6686119,Levi Pavdeja,0,2,0.0,1.383163239061979,2
1061867,Stig Ringebo,24897019,Robert Hedin,0,2,0.0,1.377051945093143,2
1006220,Erik Gårdelöf,7131339,Roger Mølmann,2,0,1.377051945093143,0.0,2
1006360,Lars Harby,7131339,Roger Mølmann,2,0,1.377051945093143,0.0,2
3682319,Lasse Rognlien,48151645,Albert Fjeldavli,0,2,0.0,1.3709676529364714,2
1006204,Egil Arne Sørensen,1095179,Ernesto Antonio Meléndez,2,0,1.3709676529364714,0.0,2
2251353,Mentor Nuredini,26613781,Patrick Kilman,0,2,0.0,1.3649102432886109,2
1006406,Nina Torvund,16476664,Øystein Følling,2,0,1.3649102432886109,0.0,2
26143903,Katrine Sætereng,27634768,Roger Andresen,2,0,1.3649102432886109,0.0,2
1006214,Emil André Gangfløt,26613781,Patrick Kilman,2,0,1.3649102432886109,0.0,2
1006298,Jarek (Barracuda) Kapuściński,2251353,Mentor Nuredini,2,0,1.3649102432886109,0.0,2
1006184,Christian Johannessen,8435377,Geir Anfinsen,2,0,1.3649102432886109,0.0,2
1006406,Nina Torvund,26613781,Patrick Kilman,2,0,1.3649102432886109,0.0,2
1006292,Jan Thomassen,1006406,Nina Torvund,0,2,0.0,1.3588795973733327,2
1006340,Kjartan Maraas,5140422,Tomas Gryczon,2,0,1.3588795973733327,0.0,2
1006340,Kjartan Maraas,26143903,Katrine Sætereng,2,0,1.3588795973733327,0.0,2
1006204,Egil Arne Sørensen,1006406,Nina Torvund,0,2,0.0,1.3588795973733327,2
1006184,Christian Johannessen,7131339,Roger Mølmann,2,0,1.3588795973733327,0.0,2
1006406,Nina Torvund,48151645,Albert Fjeldavli,2,0,1.3588795973733327,0.0,2
1006220,Erik Gårdelöf,1006406,Nina Torvund,2,0,1.352875596939202,0.0,2
5140422,Tomas Gryczon,6686119,Levi Pavdeja,0,2,0.0,1.329123703223703,2
1006399,Nedzat Cimilji,3185355,Ivar Lexi,2,0,1.329123703223703,0.0,2
1510340,Andris Viksnins,25875517,Christian Hedin,0,2,0.0,1.329123703223703,2
1006204,Egil Arne Sørensen,16476664,Øystein Følling,0,2,0.0,1.3232511746298572,2
1042070,Henrik Olsson,31380109,Fabrizio Inga,2,0,1.3232511746298572,0.0,2
1006214,Emil André Gangfløt,24897019,Robert Hedin,2,0,1.3174045929001008,0.0,2
1006391,Michelle Sandman,16476664,Øystein Følling,2,0,1.3115838433922067,0.0,2
1006220,Erik Gårdelöf,1014993,Tron Vidar Engebakk,2,0,1.3115838433922067,0.0,2
1006204,Egil Arne Sørensen,1006391,Michelle Sandman,2,0,1.3115838433922067,0.0,2
1014993,Tron Vidar Engebakk,6839980,Daniel Lorentzen-Styr,2,0,1.3115838433922067,0.0,2
1047363,Vinko Smolic,1566758,Tor-Arne Slorafoss,0,2,0.0,1.3091057422890973,2
1006298,Jarek (Barracuda) Kapuściński,7711820,Marie Hoff Petersen,0,2,0.0,1.3091057422890973,2
2194859,Eivind Yoo Yong Jae Johansen,7711820,Marie Hoff Petersen,0,2,0.0,1.3091057422890973,2
51736666,Yakup Aliz,7711820,Marie Hoff Petersen,2,0,1.3091057422890973,0.0,2
26005654,Jacob Sæther,49839568,Navid Elyasi,2,0,1.305788811970477,0.0,2
27634768,Roger Andresen,5140422,Tomas Gryczon,0,2,0.0,1.305788811970477,2
49839568,Navid Elyasi,5140422,Tomas Gryczon,2,0,1.305788811970477,0.0,2
1006220,Erik Gårdelöf,49839568,Navid Elyasi,2,0,1.305788811970477,0.0,2
1272012,Erol Dane Mula,20361406,Amir Khan,2,0,1.300019385003505,0.0,2
16144084,Truls Bakken,48151645,Albert Fjeldavli,0,2,0.0,1.2942754493619462,2
26005654,Jacob Sæther,48151645,Albert Fjeldavli,2,0,1.2942754493619462,0.0,2
24897019,Robert Hedin,7284524,Daniel Hult,0,2,0.0,1.2924005139872796,2
3212629,Rolf G. Sedsbøe Jensen,7284524,Daniel Hult,2,0,1.2924005139872796,0.0,2
1006360,Lars Harby,7284524,Daniel Hult,0,2,0.0,1.2924005139872796,2
1010312,Mikael Øgaard,7284524,Daniel Hult,2,0,1.2924005139872796,0.0,2
1030563,Alexander Baranji,2106214,Don Hajra,0,2,0.0,1.2885568924163018,2
1006220,Erik Gårdelöf,1006373,Mark McGauley,2,0,1.2885568924163018,0.0,2
16476664,Øystein Følling,2106214,Don Hajra,0,2,0.0,1.2885568924163018,2
1006373,Mark McGauley,3682319,Lasse Rognlien,2,0,1.2885568924163018,0.0,2
1006204,Egil Arne Sørensen,2106214,Don Hajra,0,2,0.0,1.2885568924163018,2
2106214,Don Hajra,6839980,Daniel Lorentzen-Styr,0,2,0.0,1.2885568924163018,2
3682319,Lasse Rognlien,36990883,Anders Valde,0,2,0.0,1.2828297888234708,2
1006184,Christian Johannessen,2053323,Ib Christiansen,2,0,1.2828297888234708,0.0,2
1006406,Nina Torvund,5140422,Tomas Gryczon,2,0,1.2771618027679734,0.0,2
1006214,Emil André Gangfløt,1277043,Alexander Hagen,2,0,1.2771618027679734,0.0,2
1006340,Kjartan Maraas,48151645,Albert Fjeldavli,0,2,0.0,1.2771618027679734,2
1006298,Jarek (Barracuda) Kapuściński,1067228,Roy Steffensen,0,2,0.0,1.2771618027679734,2
1006214,Emil André Gangfløt,1298131,Jack Nordby,2,0,1.2771618027679734,0.0,2
48151645,Albert Fjeldavli,6600268,Kim Soo Garmark,0,2,0.0,1.2771618027679734,2
1030563,Alexander Baranji,1298131,Jack Nordby,0,2,0.0,1.2771618027679734,2
1006184,Christian Johannessen,3682319,Lasse Rognlien,2,0,1.2771618027679734,0.0,2
1006184,Christian Johannessen,1006214,Emil André Gangfløt,0,2,0.0,1.2771618027679734,2
1006298,Jarek (Barracuda) Kapuściński,5140422,Tomas Gryczon,2,0,1.271518859836829,0.0,2
1277043,Alexander Hagen,5140422,Tomas Gryczon,2,0,1.271518859836829,0.0,2
1272012,Erol Dane Mula,1277043,Alexander Hagen,2,0,1.271518859836829,0.0,2
2581136,Mona Søvold Sunde,43190422,Sang Luong,0,2,0.0,1.1644578963365433,2
10625680,Mariann Zalahas,43051717,Ulrik Enstad,0,2,0.0,1.1644578963365433,2
2581136,Mona Søvold Sunde,43019719,Martin Mellemstrand,0,2,0.0,1.1644578963365433,2
43019719,Martin Mellemstrand,43190422,Sang Luong,2,0,1.1644578963365433,0.0,2
10625680,Mariann Zalahas,36216313,Bjørn-Kowalski Hansen,2,0,1.1644578963365433,0.0,2
10625680,Mariann Zalahas,36079675,Merethe Holtet,0,2,0.0,1.0705513410312728,2
10625680,Mariann Zalahas,36291190,Mary Xeline Santoyo,0,2,0.0,1.0705513410312728,2
12348586,Runar Leiren,19913527,Wael Handal,0,2,0.0,1.0510909800524404,2
12348586,Runar Leiren,19571821,Erik Sørensen,2,0,1.0510909800524404,0.0,2
19913527,Wael Handal,30080695,Marek Zagrobelny,0,2,0.0,1.0510909800524404,2
1006220,Erik Gårdelöf,20124274,Paolo Speciale,2,0,0.9606382288133122,0.0,2
12348586,Runar Leiren,21092905,Adam Tumidajewicz,2,0,0.8961830441998848,0.0,2
26005630,Cathrine Fjermerås,26005654,Jacob Sæther,0,2,0.0,0.8961830441998848,2
2166616,Philippe Béal,4849639,Petter Rognlien,2,0,0.8961830441998848,0.0,2
16590622,Kjetil Nordal,25946332,Peder Hammer,0,2,0.0,0.8961830441998848,2
21092905,Adam Tumidajewicz,26005630,Cathrine Fjermerås,0,2,0.0,0.8961830441998848,2
24871531,Eystein Sæther,26143903,Katrine Sætereng,0,2,0.0,0.8961830441998848,2
16590622,Kjetil Nordal,4849639,Petter Rognlien,2,0,0.8961830441998848,0.0,2
12348586,Runar Leiren,26005630,Cathrine Fjermerås,2,0,0.8961830441998848,0.0,2
17419783,Ketil Blix,24871531,Eystein Sæther,0,2,0.0,0.8961830441998848,2
25946332,Peder Hammer,26005654,Jacob Sæther,2,0,0.8961830441998848,0.0,2
25651163,Martine & Merhawi,25651813,Hans Otto & Per Åge & Espen,0,2,0.0,0.88102948036097,2
25651222,Kenneth & Tore,25651813,Hans Otto & Per Åge & Espen,2,0,0.88102948036097,0.0,2
25651180,Mathias & Vincent,25651801,Tomas & Geir,0,2,0.0,0.88102948036097,2
25651231,Christian Andre & Daniel,25651801,Tomas & Geir,2,0,0.88102948036097,0.0,2
16282693,Mikko Virtanen,7719582,Astrid E. Pedersen,0,2,0.0,0.8804723254253151,2
2167690,Iselin Masternes,25346131,Daniel Fosnes Hansen,2,0,0.8804723254253151,0.0,2
16282693,Mikko Virtanen,25346131,Daniel Fosnes Hansen,2,0,0.8804723254253151,0.0,2
16590622,Kjetil Nordal,25346131,Daniel Fosnes Hansen,2,0,0.8804723254253151,0.0,2
25346131,Daniel Fosnes Hansen,7719582,Astrid E. Pedersen,2,0,0.8804723254253151,0.0,2
16590622,Kjetil Nordal,2167690,Iselin Masternes,2,0,0.8804723254253151,0.0,2
1006292,Jan Thomassen,1047734,Ole Kristian Rudshavn,0,2,0.0,0.8792431894666202,2
1006184,Christian Johannessen,1079105,Didrik Vatne,2,0,0.8792431894666202,0.0,2
1006360,Lars Harby,1079105,Didrik Vatne,0,2,0.0,0.8792431894666202,2
1006220,Erik Gårdelöf,7962169,Patryk Statkiewicz,0,2,0.0,0.8792431894666202,2
16144084,Truls Bakken,18284020,Nomen Nescio,2,0,0.8792431894666202,0.0,2
15015523,Vijay Jadhav,1695480,Korab Neziri,0,2,0.0,0.8792431894666202,2
1006333,Kent Hansen,17073727,Svein Roger Hansen,2,0,0.8792431894666202,0.0,2
1006371,Marius Fredriksen,19616722,Lobsang Thupten,2,0,0.8792431894666202,0.0,2
1006333,Kent Hansen,9211722,Thomas Herbert-Andersen,2,0,0.8792431894666202,0.0,2
17073727,Svein Roger Hansen,20124274,Paolo Speciale,0,2,0.0,0.8792431894666202,2
1006371,Marius Fredriksen,1030563,Alexander Baranji,2,0,0.8792431894666202,0.0,2
16144084,Truls Bakken,1695480,Korab Neziri,0,2,0.0,0.8792431894666202,2
17073727,Svein Roger Hansen,9211722,Thomas Herbert-Andersen,2,0,0.8792431894666202,0.0,2
1024799,Stig Nesvik,17073727,Svein Roger Hansen,2,0,0.8792431894666202,0.0,2
20124274,Paolo Speciale,9211722,Thomas Herbert-Andersen,2,0,0.8792431894666202,0.0,2
1030563,Alexander Baranji,19616722,Lobsang Thupten,2,0,0.8792431894666202,0.0,2
1006371,Marius Fredriksen,1093760,Mindaugas Jomantas,0,2,0.0,0.8792431894666202,2
16996054,Elise Bygjordet,16996057,Kristy Wang,2,0,0.768396977512385,0.0,2
16978756,Kevin Jensen,16996057,Kristy Wang,0,2,0.0,0.768396977512385,2
10625680,Mariann Zalahas,16050145,Linda Dedekam,0,2,0.0,0.7365294849809517,2
16017055,Gitte Kristiansen,8383377,Tina Lindvall,0,2,0.0,0.7365294849809517,2
16049032,Lene Finsveen,7711820,Marie Hoff Petersen,2,0,0.7365294849809517,0.0,2
14668741,Alan Tomczak,14668945,Ove Graneng,0,2,0.0,0.7069426004707138,2
11193832,Susann Lamby Solvang,7711820,Marie Hoff Petersen,0,2,0.0,0.7015964527190734,2
6060601,Nomen Nescio,8274311,Jenny Carine Borrmann,2,0,0.7015964527190734,0.0,2
11193832,Susann Lamby Solvang,8274311,Jenny Carine Borrmann,2,0,0.7015964527190734,0.0,2
6060601,Nomen Nescio,7719582,Astrid E. Pedersen,0,2,0.0,0.7015964527190734,2
1006328,Lioness Princess,11193832,Susann Lamby Solvang,2,0,0.7015964527190734,0.0,2
1006328,Lioness Princess,6060601,Nomen Nescio,2,0,0.7015964527190734,0.0,2
11193832,Susann Lamby Solvang,6060601,Nomen Nescio,0,2,0.0,0.7015964527190734,2
1006328,Lioness Princess,8274311,Jenny Carine Borrmann,2,0,0.7015964527190734,0.0,2
12165220,Rune Johnsen,9221877,Johnny Wu,2,0,0.6840662375270383,0.0,2
11193832,Susann Lamby Solvang,12339043,Magnus Groseth,0,2,0.0,0.6840662375270383,2
8274311,Jenny Carine Borrmann,9981874,vibeke oslo bk,0,2,0.0,0.6372631077513541,2
9981040,Thomas Andre,9981877,kristina Cleaverley,2,0,0.6372631077513541,0.0,2
9981874,vibeke oslo bk,9981877,kristina Cleaverley,2,0,0.6372631077513541,0.0,2
8274311,Jenny Carine Borrmann,9981040,Thomas Andre,0,2,0.0,0.6372631077513541,2
2947262,Christian Lothar Ruiz,8984217,Philip Smith,2,0,0.596307325519004,0.0,2
7114931,Håkon Haukebøe,7719582,Astrid E. Pedersen,2,0,0.596307325519004,0.0,2
7719582,Astrid E. Pedersen,8984217,Philip Smith,0,2,0.0,0.596307325519004,2
2947265,Bernjard David C Ruiz,7114931,Håkon Haukebøe,0,2,0.0,0.596307325519004,2
5140422,Tomas Gryczon,8984217,Philip Smith,0,2,0.0,0.596307325519004,2
7114931,Håkon Haukebøe,8984217,Philip Smith,2,0,0.596307325519004,0.0,2
2947262,Christian Lothar Ruiz,7114931,Håkon Haukebøe,0,2,0.0,0.596307325519004,2
3012666,Eirik Sandaaker,8217316,Ida Amundsen Holtet,2,0,0.5107078900188161,0.0,2
1708121,Petter Olsen,8306234,Frode Ellingsen,0,2,0.0,0.5084380042194169,2
2166616,Philippe Béal,2194859,Eivind Yoo Yong Jae Johansen,0,2,0.0,0.5084380042194169,2
2194859,Eivind Yoo Yong Jae Johansen,8306234,Frode Ellingsen,0,2,0.0,0.5084380042194169,2
8217316,Ida Amundsen Holtet,8362041,Monika,2,0,0.5061915491221716,0.0,2
6773261,Thomas Andreassen,8362037,Gunn Hellen,0,2,0.0,0.5061915491221716,2
8306234,Frode Ellingsen,8362036,Anita,2,0,0.5061915491221716,0.0,2
8306234,Frode Ellingsen,8362037,Gunn Hellen,2,0,0.5061915491221716,0.0,2
8339160,Anita,8339161,Silje,2,0,0.5039550196411511,0.0,2
8338866,Frode,8339346,Gunn Ellen,0,2,0.0,0.5039550196411511,2
8338866,Frode,8339161,Silje,2,0,0.5039550196411511,0.0,2
8339161,Silje,8339346,Gunn Ellen,0,2,0.0,0.5039550196411511,2
8338866,Frode,8339160,Anita,0,2,0.0,0.5039550196411511,2
1015461,Nils Arild Sabbasen,4797871,Johannes Ulsund,0,2,0.0,0.4951072836845043,2
4889376,Tayab Malik,6691281,Andreas Wahr-Hansen,0,2,0.0,0.4951072836845043,2
2053323,Ib Christiansen,6839980,Daniel Lorentzen-Styr,0,2,0.0,0.4951072836845043,2
4889376,Tayab Malik,6839980,Daniel Lorentzen-Styr,0,2,0.0,0.4951072836845043,2
4889312,Hamza Malik,8112358,Marcus Andre Trondsen,2,0,0.4951072836845043,0.0,2
4889312,Hamza Malik,6691281,Andreas Wahr-Hansen,2,0,0.4951072836845043,0.0,2
8096876,Miika,8096879,Jokke,2,0,0.4901730304578259,0.0,2
8096867,josias,8096869,Daniel,0,2,0.0,0.4901730304578259,2
8096874,Evy,8096875,Siri,0,2,0.0,0.4901730304578259,2
8096871,Tina,8096872,Bjørn,0,2,0.0,0.4901730304578259,2
8096872,Bjørn,8096873,Heidi,2,0,0.4901730304578259,0.0,2
8096810,Joachim,8096872,Bjørn,0,2,0.0,0.4901730304578259,2
1006281,Jan Atle Kofoed,7711820,Marie Hoff Petersen,2,0,0.48370485795232776,0.0,2
1006163,Bjørn Bratteberg,3647948,Janna Braseth,2,0,0.48370485795232776,0.0,2
1006163,Bjørn Bratteberg,1014552,Baard Onsum,2,0,0.48370485795232776,0.0,2
1006204,Egil Arne Sørensen,3647948,Janna Braseth,2,0,0.48370485795232776,0.0,2
1014552,Baard Onsum,3647948,Janna Braseth,0,2,0.0,0.48370485795232776,2
3185355,Ivar Lexi,7711820,Marie Hoff Petersen,0,2,0.0,0.48370485795232776,2
1006186,Christian Wikeby,3647948,Janna Braseth,2,0,0.48370485795232776,0.0,2
7173754,Thomas erdmann,7654573,Sam Musallam Burnieh,0,2,0.0,0.43932574894112925,2
5145209,Frode Lystad,7466532,Øyvind Rørslett,2,0,0.43932574894112925,0.0,2
3613617,Vito Antonio Palmisano,7654573,Sam Musallam Burnieh,2,0,0.43932574894112925,0.0,2
7401493,Simen Skattum,7719582,Astrid E. Pedersen,2,0,0.43932574894112925,0.0,2
3485006,Cyril Vella,3613617,Vito Antonio Palmisano,0,2,0.0,0.43932574894112925,2
7704526,Sindre Svea,7704532,Aurora Svea,2,0,0.438488946657127,0.0,2
7704516,Mathiesen thoresen Svea,7704520,Christine Svea,0,2,0.0,0.438488946657127,2
7704524,Victor Svea,7704529,Magnus Svea,0,2,0.0,0.438488946657127,2
7704530,Chip Svea,7704536,Aisha Svea,2,0,0.438488946657127,0.0,2
7704530,Chip Svea,7704542,Martin Svea,2,0,0.438488946657127,0.0,2
7704520,Christine Svea,7704526,Sindre Svea,0,2,0.0,0.438488946657127,2
3428057,Kenneth Eknes,6773261,Thomas Andreassen,0,2,0.0,0.4354521389021592,2
2080241,Michel Mateos,7458715,Kristoforos,2,0,0.4354521389021592,0.0,2
6179045,Georgios,7222054,Leif Norvald Nilsen,0,2,0.0,0.4354521389021592,2
6179045,Georgios,7458715,Kristoforos,0,2,0.0,0.4354521389021592,2
2080241,Michel Mateos,3428057,Kenneth Eknes,2,0,0.4354521389021592,0.0,2
2080241,Michel Mateos,5528057,Stelios,2,0,0.4354521389021592,0.0,2
6773261,Thomas Andreassen,7222054,Leif Norvald Nilsen,0,2,0.0,0.4354521389021592,2
2085426,Minh Bui Cong,2167690,Iselin Masternes,0,2,0.0,0.4316126831434019,2
3256681,Alex Hoang Hai Nguyen,7027028,Wael,2,0,0.4316126831434019,0.0,2
3256681,Alex Hoang Hai Nguyen,7285241,Linda,0,2,0.0,0.4316126831434019,2
3543748,Thong Trong Ho,7285241,Linda,0,2,0.0,0.4316126831434019,2
1751232,Øyvind Stenhaug,4742719,Adiil Lusjanii,0,2,0.0,0.4316126831434019,2
3543748,Thong Trong Ho,7131380,Remik kwit,0,2,0.0,0.427807080520745,2
3119948,Huan Bao Ngo,6909215,Thomas Andreassen,2,0,0.427807080520745,0.0,2
3256681,Alex Hoang Hai Nguyen,7163741,Staffan,2,0,0.427807080520745,0.0,2
6909215,Thomas Andreassen,7163741,Staffan,2,0,0.427807080520745,0.0,2
19030543,Martin Olsson,6909215,Thomas Andreassen,2,0,0.427807080520745,0.0,2
19030543,Martin Olsson,3256681,Alex Hoang Hai Nguyen,0,2,0.0,0.427807080520745,2
1006186,Christian Wikeby,1079170,Rune Løe,2,0,0.4179613862571399,0.0,2
1081546,Bent Brørs,1298131,Jack Nordby,2,0,0.4179613862571399,0.0,2
1006332,Kent Halldin,1022496,Jozef Kwit,2,0,0.4179613862571399,0.0,2
1006215,Emil Andreassen,6600268,Kim Soo Garmark,2,0,0.4179613862571399,0.0,2
1081546,Bent Brørs,7027022,Marie,2,0,0.4179613862571399,0.0,2
1006281,Jan Atle Kofoed,2827292,Simen Jøndal,2,0,0.4179613862571399,0.0,2
1006332,Kent Halldin,1081546,Bent Brørs,2,0,0.4179613862571399,0.0,2
1006204,Egil Arne Sørensen,1359835,Per Hagen,0,2,0.0,0.4179613862571399,2
1944633,Abdul Al Rahman Malik,4889376,Tayab Malik,2,0,0.41659041971657407,0.0,2
1027209,Thang Vu Ngoc,6773261,Thomas Andreassen,0,2,0.0,0.41659041971657407,2
1027209,Thang Vu Ngoc,6914065,Bokai Wen,2,0,0.41659041971657407,0.0,2
1027209,Thang Vu Ngoc,7004013,Jone Berntsen Stava,2,0,0.41659041971657407,0.0,2
1047611,Tam,1944633,Abdul Al Rahman Malik,0,2,0.0,0.41659041971657407,2
1944633,Abdul Al Rahman Malik,4889312,Hamza Malik,0,2,0.0,0.41659041971657407,2
1047611,Tam,6839980,Daniel Lorentzen-Styr,2,0,0.41659041971657407,0.0,2
2660053,Morten Bjellås,6863670,Jone Saba,2,0,0.4147497790404848,0.0,2
4889376,Tayab Malik,6835940,Christiane .,2,0,0.4147497790404848,0.0,2
1183879,Alexander Juliussen,4889312,Hamza Malik,0,2,0.0,0.4147497790404848,2
1969238,Audun Brede,6839980,Daniel Lorentzen-Styr,0,2,0.0,0.4147497790404848,2
3012666,Eirik Sandaaker,6909381,Thomas Erdmann,2,0,0.41291727095203595,0.0,2
2947260,Jasper Nicolaysen,6839980,Daniel Lorentzen-Styr,0,2,0.0,0.41291727095203595,2
3218903,Amir Bajrami,6839980,Daniel Lorentzen-Styr,0,2,0.0,0.41291727095203595,2
2660053,Morten Bjellås,6863666,Silje Vareide,0,2,0.0,0.4110928595186403,2
3012666,Eirik Sandaaker,6863665,Vladimir Petsch,2,0,0.4110928595186403,0.0,2
6863635,Jan olav Nordskog,6863670,Jone Saba,2,0,0.4110928595186403,0.0,2
6863665,Vladimir Petsch,6863670,Jone Saba,0,2,0.0,0.4110928595186403,2
3012666,Eirik Sandaaker,6863635,Jan olav Nordskog,2,0,0.4110928595186403,0.0,2
1969238,Audun Brede,6863670,Jone Saba,2,0,0.4110928595186403,0.0,2
3012666,Eirik Sandaaker,6835940,Christiane .,2,0,0.4092765089664729,0.0,2
5159274,Nahom Legesse Tafesse,6835940,Christiane .,2,0,0.4092765089664729,0.0,2
3012666,Eirik Sandaaker,5159274,Nahom Legesse Tafesse,2,0,0.4092765089664729,0.0,2
1021381,spiller 1,2947260,Jasper Nicolaysen,0,2,0.0,0.40566784820013213,2
1751833,Carlton Ford,2167690,Iselin Masternes,2,0,0.40566784820013213,0.0,2
1021381,spiller 1,2167690,Iselin Masternes,0,2,0.0,0.40566784820013213,2
2947260,Jasper Nicolaysen,6680803,Jake Hill,0,2,0.0,0.40387014459586884,2
1016897,Hannes Ragnar Leifsson,2947260,Jasper Nicolaysen,0,2,0.0,0.40387014459586884,2
1969238,Audun Brede,2660053,Morten Bjellås,2,0,0.40387014459586884,0.0,2
3543748,Thong Trong Ho,6636579,Naser Bajrami,2,0,0.402080407455458,0.0,2
3611862,Minh Cong Bui,6636579,Naser Bajrami,2,0,0.402080407455458,0.0,2
2660053,Morten Bjellås,5916966,Per Christian Slåtta,0,2,0.0,0.39677432949547986,2
2660053,Morten Bjellås,6461422,Fredrik,2,0,0.39502124316528,0.0,2
5140422,Tomas Gryczon,6461422,Fredrik,2,0,0.39502124316528,0.0,2
3405174,Lag 1,3405177,Lag 4,1,1,0.19663795128865671,0.19751062158264,2
3405176,Lag 3,3405178,Lag 5,1,1,0.19751062158264,0.19663795128865671,2
5339081,Daniel,6347824,Simen,2,0,0.39327590257731343,0.0,2
2660053,Morten Bjellås,6347824,Simen,2,0,0.39327590257731343,0.0,2
3405175,Lag 2,3405178,Lag 5,2,0,0.39327590257731343,0.0,2
3405175,Lag 2,3405179,Lag 6,1,1,0.19663795128865671,0.19663795128865671,2
5528057,Stelios,6179045,Georgios,2,0,0.3880860137884968,0.0,2
1030433,Bill Vrodos,1573174,Michel Nienhuis,2,0,0.37839172022678025,0.0,2
1030433,Bill Vrodos,2827292,Simen Jøndal,2,0,0.37839172022678025,0.0,2
1359835,Per Hagen,2792002,Shaq Bajrami,2,0,0.37839172022678025,0.0,2
1030433,Bill Vrodos,1093760,Mindaugas Jomantas,2,0,0.37839172022678025,0.0,2
2057268,Øyvind Stenhaug,5490988,Ole Berg,1,1,0.18483116913558661,0.18565388817877743,2
3081704,Sundar K,4797871,Johannes Ulsund,2,0,0.3672447572117954,0.0,2
2167690,Iselin Masternes,4797871,Johannes Ulsund,1,1,0.18565388817877743,0.17683176329471736,2
3081704,Sundar K,5527972,Amir Albania,2,0,0.3712759702544668,0.0,2
5493128,Per christian Slåtta,5527972,Amir Albania,2,0,0.3712759702544668,0.0,2
3081704,Sundar K,5528057,Stelios,0,2,0.0,0.3712759702544668,2
2057268,Øyvind Stenhaug,5476975,Toan Truong,1,1,0.18483116913558661,0.18483116913558661,2
2057268,Øyvind Stenhaug,3120055,Per Christian Slåtta,1,1,0.18483116913558661,0.18159086903301794,2
1944804,Tommy Martinsen,5490988,Ole Berg,2,0,0.3695381289822292,0.0,2
3081704,Sundar K,5490988,Ole Berg,2,0,0.3695381289822292,0.0,2
1071680,Michael,1750663,Tore Mo,2,0,0.3680023667175186,0.0,2
2792002,Shaq Bajrami,4935731,Rj Velasquez,0,2,0.0,0.3680023667175186,2
1071680,Michael,4935731,Rj Velasquez,0,2,0.0,0.3680023667175186,2
1472748,Tommy Martinsen,3428055,Rune Fevang,0,2,0.0,0.3680023667175186,2
1018030,Thomas Bestorp,2166616,Philippe Béal,0,2,0.0,0.3680023667175186,2
1472748,Tommy Martinsen,5174448,Thomas Hilling Amundsen,0,2,0.0,0.3680023667175186,2
1018030,Thomas Bestorp,3543748,Thong Trong Ho,0,2,0.0,0.3680023667175186,2
3595359,Øivind Bakken,7784582,Mathias Kolloen Nilsen,2,0,0.36637640487821815,0.0,2
3119948,Huan Bao Ngo,3595359,Øivind Bakken,0,2,0.0,0.3647576271011464,2
1279214,Daniel Axeborg,1997987,Sven Høgdahl,2,0,0.3647576271011464,0.0,2
1021381,spiller 1,3120055,Per Christian Slåtta,0,2,0.0,0.3631460016446298,2
1021381,spiller 1,5140422,Tomas Gryczon,0,2,0.0,0.3631460016446298,2
1021381,spiller 1,3081704,Sundar K,0,2,0.0,0.3631460016446298,2
1969223,Ole Andreas Sandvik,3081704,Sundar K,0,2,0.0,0.36156532142547293,2
1183869,Matias Myhrhaug,5140422,Tomas Gryczon,0,2,0.0,0.3615414969072405,2
3543748,Thong Trong Ho,5140382,Jørgen Johansen,0,2,0.0,0.35519873911913014,2
5140382,Jørgen Johansen,5140422,Tomas Gryczon,0,2,0.0,0.35519873911913014,2
1012750,Frode Myhre Larsen,3595359,Øivind Bakken,0,2,0.0,0.3520715311821046,2
1750663,Tore Mo,3585947,Didrik Voga Berg,0,2,0.0,0.3520715311821046,2
1902521,Tom-Henrik Sandvik,3595359,Øivind Bakken,0,2,0.0,0.3520715311821046,2
1969223,Ole Andreas Sandvik,3585947,Didrik Voga Berg,0,2,0.0,0.3520715311821046,2
5063317,Eirik N,5063328,Josh Young,0,2,0.0,0.3520715311821046,2
5063316,Asgeir H,5140422,Tomas Gryczon,2,0,0.3520715311821046,0.0,2
3081704,Sundar K,5063317,Eirik N,0,2,0.0,0.3520715311821046,2
3119948,Huan Bao Ngo,5063328,Josh Young,0,2,0.0,0.3520715311821046,2
4935731,Rj Velasquez,5063317,Eirik N,2,0,0.3520715311821046,0.0,2
3428055,Rune Fevang,4935731,Rj Velasquez,0,2,0.0,0.3520715311821046,2
1751833,Carlton Ford,3428055,Rune Fevang,0,2,0.0,0.35051595728862023,2
3081704,Sundar K,4936012,Halvor,2,0,0.3489672564590556,0.0,2
3218903,Amir Bajrami,4935731,Rj Velasquez,0,2,0.0,0.3489672564590556,2
3119948,Huan Bao Ngo,3218903,Amir Bajrami,2,0,0.3489672564590556,0.0,2
2827292,Simen Jøndal,4762955,Benjamin,2,0,0.3458903526555574,0.0,2
4797934,Thomas Berg,5140422,Tomas Gryczon,0,2,0.0,0.3458903526555574,2
1084883,Pål Nilsson,4797871,Johannes Ulsund,0,2,0.0,0.3458903526555574,2
1256298,Andreas Bjerke,4797934,Thomas Berg,2,0,0.3458903526555574,0.0,2
1084883,Pål Nilsson,3595359,Øivind Bakken,0,2,0.0,0.3458903526555574,2
4797931,Geir Perez,4797934,Thomas Berg,2,0,0.3458903526555574,0.0,2
1256298,Andreas Bjerke,5140422,Tomas Gryczon,0,2,0.0,0.3458903526555574,2
3595359,Øivind Bakken,4797931,Geir Perez,2,0,0.3458903526555574,0.0,2
1014095,Odd Sebastian Bobby Fischer,3632537,Dennis Nilsen,2,0,0.33981769459883854,0.0,2
1946517,Ivan Tadic,2653482,Adil Lusjani,2,0,0.33981769459883854,0.0,2
2166616,Philippe Béal,2167690,Iselin Masternes,1,1,0.16618828980109507,0.16990884729941927,2
1016897,Hannes Ragnar Leifsson,1084883,Pål Nilsson,0,2,0.0,0.33682146404237717,2
1012750,Frode Myhre Larsen,1016897,Hannes Ragnar Leifsson,2,0,0.33682146404237717,0.0,2
3543768,Dennis,3543769,Besar Kurti,2,0,0.33237657960219014,0.0,2
1751232,Øyvind Stenhaug,3543769,Besar Kurti,2,0,0.33237657960219014,0.0,2
1902521,Tom-Henrik Sandvik,3543768,Dennis,2,0,0.33237657960219014,0.0,2
2620565,Fadil,2947265,Bernjard David C Ruiz,2,0,0.33237657960219014,0.0,2
3256681,Alex Hoang Hai Nguyen,3508777,Outi,0,2,0.0,0.33090802482214643,2
3439621,Qani Rahimi,7784582,Mathias Kolloen Nilsen,2,0,0.33090802482214643,0.0,2
2085426,Minh Bui Cong,3508777,Outi,0,2,0.0,0.33090802482214643,2
3439621,Qani Rahimi,3508778,Naser lusnjani,2,0,0.33090802482214643,0.0,2
1751232,Øyvind Stenhaug,3508777,Outi,2,0,0.33090802482214643,0.0,2
2947260,Jasper Nicolaysen,3508778,Naser lusnjani,2,0,0.33090802482214643,0.0,2
3508777,Outi,4797871,Johannes Ulsund,0,2,0.0,0.33090802482214643,2
1157968,Jesper Gustafsson,1423374,Geir André Nilsen,2,0,0.3279903523433167,0.0,2
1091521,Silje Jacobsen,3256681,Alex Hoang Hai Nguyen,0,2,0.0,0.3279903523433167,2
2690021,Torkel Rønningen,5140422,Tomas Gryczon,2,0,0.32654117743358485,0.0,2
2576372,Fadil Mustafa,5140422,Tomas Gryczon,2,0,0.32654117743358485,0.0,2
1012750,Frode Myhre Larsen,2576333,Besar Avdi,2,0,0.32654117743358485,0.0,2
2145734,Thong Trong Ho,3120055,Per Christian Slåtta,0,2,0.0,0.32654117743358485,2
2576372,Fadil Mustafa,3081704,Sundar K,2,0,0.3250984054802326,0.0,2
1006215,Emil Andreassen,1006543,Trond Lid Cappelen,0,2,0.0,0.3236620081927824,2
1018030,Thomas Bestorp,3256681,Alex Hoang Hai Nguyen,0,2,0.0,0.3236620081927824,2
1018030,Thomas Bestorp,2085426,Minh Bui Cong,0,2,0.0,0.3236620081927824,2
3119948,Huan Bao Ngo,3647948,Janna Braseth,2,0,0.32223195740575356,0.0,2
2085426,Minh Bui Cong,3647948,Janna Braseth,2,0,0.32223195740575356,0.0,2
2947260,Jasper Nicolaysen,3647948,Janna Braseth,2,0,0.32223195740575356,0.0,2
2251353,Mentor Nuredini,2620562,Adil,2,0,0.32079976934184684,0.0,2
1006215,Emil Andreassen,2251353,Mentor Nuredini,2,0,0.32079976934184684,0.0,2
1944804,Tommy Martinsen,2166616,Philippe Béal,2,0,0.32079976934184684,0.0,2
1944804,Tommy Martinsen,2085426,Minh Bui Cong,0,2,0.0,0.32079976934184684,2
1012750,Frode Myhre Larsen,2947260,Jasper Nicolaysen,2,0,0.32079976934184684,0.0,2
2576372,Fadil Mustafa,3120055,Per Christian Slåtta,2,0,0.32079976934184684,0.0,2
1012750,Frode Myhre Larsen,2576372,Fadil Mustafa,2,0,0.32079976934184684,0.0,2
1751232,Øyvind Stenhaug,2620562,Adil,0,2,0.0,0.3179712230751713,2
1069187,Thomas Erichsen,3081704,Sundar K,2,0,0.3179712230751713,0.0,2
3036771,Adrian Gawlak,3647948,Janna Braseth,2,0,0.3179712230751713,0.0,2
1069187,Thomas Erichsen,2620562,Adil,2,0,0.3179712230751713,0.0,2
2576334,Ridvan Avdi,3119948,Huan Bao Ngo,0,2,0.0,0.3179712230751713,2
1069187,Thomas Erichsen,1751232,Øyvind Stenhaug,2,0,0.3179712230751713,0.0,2
2576334,Ridvan Avdi,2690021,Torkel Rønningen,0,2,0.0,0.3179712230751713,2
1012750,Frode Myhre Larsen,2620562,Adil,0,2,0.0,0.3179712230751713,2
3036771,Adrian Gawlak,5140422,Tomas Gryczon,2,0,0.3151676165832317,0.0,2
2166616,Philippe Béal,3036771,Adrian Gawlak,2,0,0.3151676165832317,0.0,2
3036771,Adrian Gawlak,3081704,Sundar K,2,0,0.3151676165832317,0.0,2
2576372,Fadil Mustafa,2947260,Jasper Nicolaysen,0,2,0.0,0.3151676165832317,2
1756915,Jo Erlend Schinstad,2827292,Simen Jøndal,0,2,0.0,0.3123887299677817,2
2684364,Huan,3036771,Adrian Gawlak,0,2,0.0,0.3123887299677817,2
2947251,Maria Torjussen,3036773,Mathias Stav,2,0,0.3123887299677817,0.0,2
2145734,Thong Trong Ho,2947251,Maria Torjussen,0,2,0.0,0.3123887299677817,2
2923223,Christian Lothar Ruiz,3036771,Adrian Gawlak,2,0,0.3123887299677817,0.0,2
2827292,Simen Jøndal,3036773,Mathias Stav,0,2,0.0,0.3123887299677817,2
2923223,Christian Lothar Ruiz,2947265,Bernjard David C Ruiz,0,2,0.0,0.3096343452694552,2
2684364,Huan,2923222,Ronja Omar,2,0,0.3096343452694552,0.0,2
2684364,Huan,2923221,Kristina Westad,2,0,0.3096343452694552,0.0,2
2690021,Torkel Rønningen,2950122,Mathias Gjerdrum,0,2,0.0,0.3096343452694552,2
2923222,Ronja Omar,3256681,Alex Hoang Hai Nguyen,0,2,0.0,0.3096343452694552,2
1969223,Ole Andreas Sandvik,2923221,Kristina Westad,2,0,0.3096343452694552,0.0,2
2890757,Maria,3256681,Alex Hoang Hai Nguyen,0,2,0.0,0.3096343452694552,2
2251353,Mentor Nuredini,2950122,Mathias Gjerdrum,0,2,0.0,0.3096343452694552,2
2167253,Michel Mateos,2653483,Shakir Bajrami,0,2,0.0,0.3096343452694552,2
2625188,Christian Garmann Schjelderup,3256681,Alex Hoang Hai Nguyen,0,2,0.0,0.3096343452694552,2
2684364,Huan,2690021,Torkel Rønningen,0,2,0.0,0.3096343452694552,2
2140742,Jamal Malik,2167253,Michel Mateos,2,0,0.3096343452694552,0.0,2
2950122,Mathias Gjerdrum,3256681,Alex Hoang Hai Nguyen,2,0,0.3096343452694552,0.0,2
2653483,Shakir Bajrami,2690021,Torkel Rønningen,2,0,0.3096343452694552,0.0,2
2653483,Shakir Bajrami,2950122,Mathias Gjerdrum,0,2,0.0,0.3096343452694552,2
2140722,Mats Larsen,2950122,Mathias Gjerdrum,0,2,0.0,0.3096343452694552,2
2167690,Iselin Masternes,2890737,Mirosław Zduńczuk,0,2,0.0,0.30826627355286373,2
2167690,Iselin Masternes,2890761,Yanan,0,2,0.0,0.30826627355286373,2
2140742,Jamal Malik,2827292,Simen Jøndal,2,0,0.30826627355286373,0.0,2
2625188,Christian Garmann Schjelderup,2827292,Simen Jøndal,2,0,0.30826627355286373,0.0,2
2827292,Simen Jøndal,2890757,Maria,2,0,0.30826627355286373,0.0,2
2140742,Jamal Malik,2625188,Christian Garmann Schjelderup,0,2,0.0,0.30826627355286373,2
1751232,Øyvind Stenhaug,2890737,Mirosław Zduńczuk,0,2,0.0,0.30826627355286373,2
2140742,Jamal Malik,2890757,Maria,0,2,0.0,0.30826627355286373,2
2166616,Philippe Béal,2890737,Mirosław Zduńczuk,0,2,0.0,0.30826627355286373,2
2251353,Mentor Nuredini,2576334,Ridvan Avdi,2,0,0.29622245553707466,0.0,2
2140722,Mats Larsen,2167253,Michel Mateos,0,2,0.0,0.29622245553707466,2
2167253,Michel Mateos,2690021,Torkel Rønningen,0,2,0.0,0.29622245553707466,2
1016894,Tommy Andersen,1033026,Robin Hagerup Ertesvåg,0,2,0.0,0.2904358196758752,2
1033026,Robin Hagerup Ertesvåg,2252446,Tor Bugten,1,1,0.14811122776853733,0.14232459190733782,2
2140722,Mats Larsen,2653482,Adil Lusjani,0,2,0.0,0.295824524381599,2
2167253,Michel Mateos,2684409,Roland,2,0,0.295824524381599,0.0,2
2653482,Adil Lusjani,2653483,Shakir Bajrami,2,0,0.295824524381599,0.0,2
2167253,Michel Mateos,2684489,Bjørn,0,2,0.0,0.295824524381599,2
2620564,Ridvan,2684364,Huan,0,2,0.0,0.295824524381599,2
2167690,Iselin Masternes,2653483,Shakir Bajrami,0,2,0.0,0.295824524381599,2
2653483,Shakir Bajrami,2684489,Bjørn,0,2,0.0,0.295824524381599,2
1969238,Audun Brede,2653482,Adil Lusjani,0,2,0.0,0.2949136421918146,2
2167690,Iselin Masternes,2620562,Adil,0,2,0.0,0.2936106116369565,2
2140722,Mats Larsen,2620562,Adil,2,0,0.2936106116369565,0.0,2
2620563,Shakir,2620564,Ridvan,2,0,0.2936106116369565,0.0,2
1084883,Pål Nilsson,2140722,Mats Larsen,0,2,0.0,0.2936106116369565,2
1069187,Thomas Erichsen,2576372,Fadil Mustafa,2,0,0.2923133383221307,0.0,2
1069187,Thomas Erichsen,2431085,Shakir,2,0,0.29102179680985785,0.0,2
1018030,Thomas Bestorp,1069187,Thomas Erichsen,0,2,0.0,0.29102179680985785,2
1018030,Thomas Bestorp,2431085,Shakir,0,2,0.0,0.29102179680985785,2
1997987,Sven Høgdahl,2166616,Philippe Béal,2,0,0.28845580800451515,0.0,2
1670605,Bernadette Bodó,2525464,Oc Hansen,2,0,0.28845580800451515,0.0,2
2431085,Shakir,2525591,Erlend Lid,2,0,0.28845580800451515,0.0,2
1670605,Bernadette Bodó,2525591,Erlend Lid,2,0,0.28845580800451515,0.0,2
1670605,Bernadette Bodó,2400654,Lukas Mørk,2,0,0.28845580800451515,0.0,2
2431086,Adil,2525591,Erlend Lid,2,0,0.28845580800451515,0.0,2
2525464,Oc Hansen,2525591,Erlend Lid,2,0,0.28845580800451515,0.0,2
2431086,Adil,2525464,Oc Hansen,2,0,0.28845580800451515,0.0,2
1997987,Sven Høgdahl,2525464,Oc Hansen,2,0,0.28845580800451515,0.0,2
1708121,Petter Olsen,2431085,Shakir,2,0,0.28845580800451515,0.0,2
1472748,Tommy Martinsen,1670605,Bernadette Bodó,0,2,0.0,0.2859124439600023,2
1969223,Ole Andreas Sandvik,2400654,Lukas Mørk,2,0,0.2859124439600023,0.0,2
2357139,Aaron Rossel,2400653,Cathleen,0,2,0.0,0.2859124439600023,2
1670605,Bernadette Bodó,1751833,Carlton Ford,2,0,0.2859124439600023,0.0,2
1084882,Remi Kwit,2052753,Morten Falk,0,2,0.0,0.2859124439600023,2
1091521,Silje Jacobsen,1472748,Tommy Martinsen,0,2,0.0,0.2859124439600023,2
1750663,Tore Mo,2400654,Lukas Mørk,2,0,0.2859124439600023,0.0,2
1751833,Carlton Ford,2357139,Aaron Rossel,0,2,0.0,0.2859124439600023,2
1670605,Bernadette Bodó,2167253,Michel Mateos,0,2,0.0,0.2859124439600023,2
1902521,Tom-Henrik Sandvik,2400653,Cathleen,2,0,0.2859124439600023,0.0,2
1969223,Ole Andreas Sandvik,2357139,Aaron Rossel,2,0,0.2859124439600023,0.0,2
1969223,Ole Andreas Sandvik,2400653,Cathleen,2,0,0.2859124439600023,0.0,2
1016894,Tommy Andersen,1027114,Jeremiah Torres,0,2,0.0,0.28464918381467563,2
1670605,Bernadette Bodó,2252446,Tor Bugten,0,2,0.0,0.2833915051899456,2
1084882,Remi Kwit,1714800,Karolis Vo,2,0,0.2833915051899456,0.0,2
1714802,Darius Žilinskas,1969238,Audun Brede,0,2,0.0,0.2833915051899456,2
1714800,Karolis Vo,1751833,Carlton Ford,0,2,0.0,0.2833915051899456,2
1714802,Darius Žilinskas,2251353,Mentor Nuredini,0,2,0.0,0.2833915051899456,2
1084882,Remi Kwit,1751833,Carlton Ford,2,0,0.2833915051899456,0.0,2
2166616,Philippe Béal,2251358,Davut Demir,0,2,0.0,0.27965908351623076,2
1670605,Bernadette Bodó,2230546,Tor B.,0,2,0.0,0.27965908351623076,2
1944588,Drilon Disha,2052753,Morten Falk,0,2,0.0,0.27965908351623076,2
1708121,Petter Olsen,2230546,Tor B.,0,2,0.0,0.27965908351623076,2
2166616,Philippe Béal,2251356,Saban Tepeli,0,2,0.0,0.27965908351623076,2
2251357,Abdullah Demir,2251358,Davut Demir,0,2,0.0,0.27965908351623076,2
2140752,Mats Larsen,2230546,Tor B.,2,0,0.27965908351623076,0.0,2
1670605,Bernadette Bodó,1944588,Drilon Disha,2,0,0.27965908351623076,0.0,2
1969238,Audun Brede,2251358,Davut Demir,2,0,0.27965908351623076,0.0,2
2140742,Jamal Malik,2251359,Gustav Leennatsso,0,2,0.0,0.27965908351623076,2
2251353,Mentor Nuredini,2251360,Joakim Elfstrøm,2,0,0.27965908351623076,0.0,2
2053323,Ib Christiansen,2140742,Jamal Malik,0,2,0.0,0.2771932816914832,2
2140752,Mats Larsen,2241168,Trond L,0,2,0.0,0.2771932816914832,2
1612717,Mentor Nuredini,1708121,Petter Olsen,2,0,0.2771932816914832,0.0,2
1027208,Anders Sandholtet,2052753,Morten Falk,0,2,0.0,0.2771932816914832,2
2140742,Jamal Malik,2206237,Eihab Sray aldeen,0,2,0.0,0.2771932816914832,2
2053323,Ib Christiansen,2110679,Eskil Skogen,2,0,0.2771932816914832,0.0,2
1027209,Thang Vu Ngoc,1751232,Øyvind Stenhaug,2,0,0.2771932816914832,0.0,2
1027208,Anders Sandholtet,2167690,Iselin Masternes,2,0,0.2771932816914832,0.0,2
1612717,Mentor Nuredini,2052753,Morten Falk,0,2,0.0,0.2771932816914832,2
2140742,Jamal Malik,2241168,Trond L,0,2,0.0,0.2771932816914832,2
1902521,Tom-Henrik Sandvik,2167251,Tor Bugten,2,0,0.2747492212618746,0.0,2
1018030,Thomas Bestorp,2052753,Morten Falk,0,2,0.0,0.27232671052981683,2
1018030,Thomas Bestorp,1670605,Bernadette Bodó,0,2,0.0,0.27232671052981683,2
1429285,Kristoffer Fjellstad,1472755,Georgina Askeland,1,1,0.13556257216156678,0.13556257216156678,2
1472755,Georgina Askeland,2110679,Eskil Skogen,2,0,0.27112347685745397,0.0,2
1429285,Kristoffer Fjellstad,2110682,Alex Svartås,2,0,0.27112347685745397,0.0,2
1183869,Matias Myhrhaug,2110679,Eskil Skogen,2,0,0.27112347685745397,0.0,2
2110682,Alex Svartås,2167690,Iselin Masternes,0,2,0.0,0.27112347685745397,2
1697350,Philippe Beal,2110679,Eskil Skogen,0,2,0.0,0.27112347685745397,2
1472755,Georgina Askeland,1957536,Sebastian Yet,0,2,0.0,0.27112347685745397,2
1429285,Kristoffer Fjellstad,1751232,Øyvind Stenhaug,0,2,0.0,0.27112347685745397,2
2052753,Morten Falk,2110682,Alex Svartås,2,0,0.27112347685745397,0.0,2
1969223,Ole Andreas Sandvik,2167690,Iselin Masternes,2,0,0.26992555948795216,0.0,2
1183869,Matias Myhrhaug,1944569,Philippe Beal,0,2,0.0,0.26401489868185246,2
1183869,Matias Myhrhaug,1969223,Ole Andreas Sandvik,0,2,0.0,0.26401489868185246,2
1708121,Petter Olsen,2013157,Fredrik Hovda,2,0,0.2628483894713478,0.0,2
1006430,Pak San Li,1944804,Tommy Martinsen,2,0,0.26053081040242837,0.0,2
1902521,Tom-Henrik Sandvik,1987327,Stian Stian,0,2,0.0,0.26053081040242837,2
1084882,Remi Kwit,1969238,Audun Brede,2,0,0.26053081040242837,0.0,2
1708121,Petter Olsen,1944804,Tommy Martinsen,2,0,0.26053081040242837,0.0,2
1156277,Mathias Hæreid,1697350,Philippe Beal,0,2,0.0,0.26053081040242837,2
1006430,Pak San Li,1751232,Øyvind Stenhaug,2,0,0.26053081040242837,0.0,2
1006430,Pak San Li,1156277,Mathias Hæreid,2,0,0.26053081040242837,0.0,2
1084882,Remi Kwit,1987327,Stian Stian,2,0,0.26053081040242837,0.0,2
1006430,Pak San Li,1670605,Bernadette Bodó,2,0,0.26053081040242837,0.0,2
1006157,Asle M. Johansen,1015952,Marius Farås,2,0,0.25823366582333607,0.0,2
1022496,Jozef Kwit,1345906,Ahad Rashid,0,2,0.0,0.25823366582333607,2
1511260,Lars Haakon Lunde,1561935,Øystein Holm Krøvel,0,2,0.0,0.25823366582333607,2
1006178,Carl Kolrud,1075717,Bjørn Erik Øverland,0,2,0.0,0.25145641724689294,2
1561576,Antonio Hagen,1561935,Øystein Holm Krøvel,0,2,0.0,0.25145641724689294,2
1006171,Bjørnar Davidsen,1059772,Magnus Olaussen,2,0,0.25145641724689294,0.0,2
1183869,Matias Myhrhaug,1708121,Petter Olsen,0,2,0.0,0.25145641724689294,2
1183869,Matias Myhrhaug,1738779,Sylwia Skapska,2,0,0.25145641724689294,0.0,2
1084882,Remi Kwit,1708121,Petter Olsen,2,0,0.25145641724689294,0.0,2
1429285,Kristoffer Fjellstad,1738779,Sylwia Skapska,2,0,0.25145641724689294,0.0,2
1084882,Remi Kwit,1738779,Sylwia Skapska,2,0,0.25145641724689294,0.0,2
1697350,Philippe Beal,1738779,Sylwia Skapska,2,0,0.25145641724689294,0.0,2
1708121,Petter Olsen,1738779,Sylwia Skapska,2,0,0.25145641724689294,0.0,2
1697351,Per Ingvarsson,1714802,Darius Žilinskas,2,0,0.25034539575445636,0.0,2
1027208,Anders Sandholtet,1075531,Thang Vu Ngoc,2,0,0.25034539575445636,0.0,2
1075531,Thang Vu Ngoc,1183869,Matias Myhrhaug,2,0,0.25034539575445636,0.0,2
1429285,Kristoffer Fjellstad,1714804,Chris B Råthen,0,2,0.0,0.25034539575445636,2
1708121,Petter Olsen,1714804,Chris B Råthen,0,2,0.0,0.25034539575445636,2
1435682,Ane Carlsen,1714804,Chris B Råthen,0,2,0.0,0.25034539575445636,2
1183869,Matias Myhrhaug,1714804,Chris B Råthen,2,0,0.25034539575445636,0.0,2
1183878,Petter Olsen,1670605,Bernadette Bodó,2,0,0.24923928313955085,0.0,2
1697350,Philippe Beal,1697351,Per Ingvarsson,0,2,0.0,0.24923928313955085,2
1183878,Petter Olsen,1697350,Philippe Beal,0,2,0.0,0.24923928313955085,2
1429285,Kristoffer Fjellstad,1466420,Helene Fossum,2,0,0.24923928313955085,0.0,2
1183869,Matias Myhrhaug,1279214,Daniel Axeborg,0,2,0.0,0.2115790614546106,2
1018075,Jo Erlend,1024806,Lars Nitteberg,0,2,0.0,0.2115790614546106,2
1024806,Lars Nitteberg,1279214,Daniel Axeborg,2,0,0.2115790614546106,0.0,2
1015461,Nils Arild Sabbasen,1022965,Tommy Bakke,2,0,0.21157627307764318,0.0,2
1006186,Christian Wikeby,16476664,Øystein Følling,2,0,0.21157627307764318,0.0,2
2307209,Ed Liu,85089859,Stian Rekdal,1,0,0.969474269914367,0.0,1
26005654,Jacob Sæther,5738538,Benjamin Herland Aralden,0,1,0.0,0.8890200071906762,1
25508719,Magnus Maprang Dahlø,39034855,Jonas Nilsson,1,0,0.8890200071906762,0.0,1
14638297,Joakim Langkås,73722376,Seva Tkach,1,0,0.8890200071906762,0.0,1
2084051,Arian Kvalsund Hansen,54686500,Danylo Yavorskyi,1,0,0.8890200071906762,0.0,1
11386969,Magnus Saltnessand,8563408,Marcus Bjørseth,1,0,0.8890200071906762,0.0,1
12637336,Alexander Bjørseth,1417853,Robin Hauge Pettersen,0,1,0.0,0.8890200071906762,1
34894609,Matias Holen Dale,5738538,Benjamin Herland Aralden,1,0,0.8890200071906762,0.0,1
14638297,Joakim Langkås,25508719,Magnus Maprang Dahlø,1,0,0.8890200071906762,0.0,1
11386969,Magnus Saltnessand,2084051,Arian Kvalsund Hansen,1,0,0.8890200071906762,0.0,1
1417853,Robin Hauge Pettersen,38467387,Misha Novikov,1,0,0.8890200071906762,0.0,1
39034855,Jonas Nilsson,73722376,Seva Tkach,1,0,0.8890200071906762,0.0,1
54686500,Danylo Yavorskyi,8563408,Marcus Bjørseth,1,0,0.8890200071906762,0.0,1
26005654,Jacob Sæther,38467387,Misha Novikov,1,0,0.8890200071906762,0.0,1
2084051,Arian Kvalsund Hansen,39034855,Jonas Nilsson,0,1,0.0,0.8890200071906762,1
25508719,Magnus Maprang Dahlø,54686500,Danylo Yavorskyi,0,1,0.0,0.8890200071906762,1
12637336,Alexander Bjørseth,5738538,Benjamin Herland Aralden,0,1,0.0,0.8890200071906762,1
14638297,Joakim Langkås,34894609,Matias Holen Dale,0,1,0.0,0.8890200071906762,1
11386969,Magnus Saltnessand,1417853,Robin Hauge Pettersen,0,1,0.0,0.8890200071906762,1
26005654,Jacob Sæther,39034855,Jonas Nilsson,1,0,0.8890200071906762,0.0,1
54686500,Danylo Yavorskyi,5738538,Benjamin Herland Aralden,0,1,0.0,0.8890200071906762,1
11386969,Magnus Saltnessand,5738538,Benjamin Herland Aralden,1,0,0.8890200071906762,0.0,1
1417853,Robin Hauge Pettersen,34894609,Matias Holen Dale,1,0,0.8890200071906762,0.0,1
11386969,Magnus Saltnessand,26005654,Jacob Sæther,0,1,0.0,0.8890200071906762,1
26005654,Jacob Sæther,34894609,Matias Holen Dale,1,0,0.8890200071906762,0.0,1
1417853,Robin Hauge Pettersen,26005654,Jacob Sæther,1,0,0.8890200071906762,0.0,1
12348586,Runar Leiren,2947262,Christian Lothar Ruiz,1,0,0.7968410050596023,0.0,1
12348586,Runar Leiren,21900748,Leoncio Jr Licarte,1,0,0.7968410050596023,0.0,1
1006184,Christian Johannessen,25875517,Christian Hedin,1,0,0.7302285965512566,0.0,1
36225232,Adrian Winther,42921529,Joshua Turla Tuppal,1,0,0.7260829855919411,0.0,1
58625338,Simon Ida,58625356,Simen Fredrik,0,1,0.0,0.71469047187501,1
58625257,Josef Karl,58625341,Andreas Sondre,0,1,0.0,0.71469047187501,1
58625347,Michelle Thea,58625374,Andreas pia Aleks,0,1,0.0,0.71469047187501,1
58625341,Andreas Sondre,58625356,Simen Fredrik,1,0,0.71469047187501,0.0,1
58625332,Vegard Kristian,58625374,Andreas pia Aleks,1,0,0.71469047187501,0.0,1
58625257,Josef Karl,58625338,Simon Ida,0,1,0.0,0.71469047187501,1
58625335,Silje Ylva,58625347,Michelle Thea,1,0,0.71469047187501,0.0,1
58625338,Simon Ida,58625374,Andreas pia Aleks,1,0,0.71469047187501,0.0,1
58625335,Silje Ylva,58625356,Simen Fredrik,1,0,0.71469047187501,0.0,1
58625338,Simon Ida,58625341,Andreas Sondre,0,1,0.0,0.71469047187501,1
58625335,Silje Ylva,58625341,Andreas Sondre,0,1,0.0,0.71469047187501,1
58582762,Olav Melve,58582768,Maximilian Rimmel,1,0,0.7142385081975773,0.0,1
58582747,Kari Mo,58582753,Herleik Holtan,0,1,0.0,0.7142385081975773,1
58582753,Herleik Holtan,58582762,Olav Melve,1,0,0.7142385081975773,0.0,1
24833275,Marte Stulen Aamodt,52797052,Aurora-Maria W. Gonzalez-Cordova,0,1,0.0,0.6628736583109751,1
46509994,Petter Ronglien,6686119,Levi Pavdeja,0,1,0.0,0.610067765832074,1
1006399,Nedzat Cimilji,1006450,Robert Farinetti,0,1,0.0,0.5584502141826357,1
1006450,Robert Farinetti,40875670,Jan Kjetil Alfstad,1,0,0.5584502141826357,0.0,1
1006147,Arild Kråkvik,40875667,Terje Larsen Larsen,1,0,0.5584502141826357,0.0,1
1024799,Stig Nesvik,25946332,Peder Hammer,0,1,0.0,0.5584502141826357,1
20969761,Ahmed Allawi,40876063,Ali Hazem,0,1,0.0,0.5584502141826357,1
1272012,Erol Dane Mula,16636270,Stian Wium,1,0,0.5584502141826357,0.0,1
1006147,Arild Kråkvik,1006450,Robert Farinetti,0,1,0.0,0.5584502141826357,1
25946332,Peder Hammer,40876063,Ali Hazem,1,0,0.5584502141826357,0.0,1
1006450,Robert Farinetti,25946332,Peder Hammer,1,0,0.5584502141826357,0.0,1
1006450,Robert Farinetti,1272012,Erol Dane Mula,1,0,0.5584502141826357,0.0,1
1006204,Egil Arne Sørensen,1067228,Roy Steffensen,1,0,0.5438082250391215,0.0,1
1006360,Lars Harby,6545064,Kim-Olaf Sørensen,1,0,0.5438082250391215,0.0,1
1006450,Robert Farinetti,9221595,Christoffer Sørensen,1,0,0.5438082250391215,0.0,1
1010308,Emil Braserud,2213742,Sebastian Trolle,1,0,0.5438082250391215,0.0,1
1006204,Egil Arne Sørensen,24833275,Marte Stulen Aamodt,1,0,0.5438082250391215,0.0,1
1006360,Lars Harby,1006450,Robert Farinetti,0,1,0.0,0.5438082250391215,1
1006204,Egil Arne Sørensen,1006450,Robert Farinetti,1,0,0.5438082250391215,0.0,1
1006186,Christian Wikeby,1095179,Ernesto Antonio Meléndez,1,0,0.5069598401841575,0.0,1
10440895,Pål Erik Omnes,24833275,Marte Stulen Aamodt,0,1,0.0,0.5069598401841575,1
1006186,Christian Wikeby,18283951,Gabriel Salvesen,1,0,0.5069598401841575,0.0,1
1024799,Stig Nesvik,10774063,Axel Mikhail Dalberg,1,0,0.5069598401841575,0.0,1
20809939,Gary Zacaria,24833275,Marte Stulen Aamodt,1,0,0.5069598401841575,0.0,1
1095179,Ernesto Antonio Meléndez,24833275,Marte Stulen Aamodt,0,1,0.0,0.5069598401841575,1
10440895,Pål Erik Omnes,18283951,Gabriel Salvesen,0,1,0.0,0.5069598401841575,1
10774063,Axel Mikhail Dalberg,24833275,Marte Stulen Aamodt,1,0,0.5069598401841575,0.0,1
18283951,Gabriel Salvesen,26005654,Jacob Sæther,0,1,0.0,0.5069598401841575,1
10774063,Axel Mikhail Dalberg,6839980,Daniel Lorentzen-Styr,1,0,0.5069598401841575,0.0,1
10774063,Axel Mikhail Dalberg,20809939,Gary Zacaria,0,1,0.0,0.5069598401841575,1
1006186,Christian Wikeby,20809939,Gary Zacaria,1,0,0.5069598401841575,0.0,1
6686119,Levi Pavdeja,6691281,Andreas Wahr-Hansen,1,0,0.4656958913109027,0.0,1
1510340,Andris Viksnins,20124274,Paolo Speciale,0,1,0.0,0.4656958913109027,1
2167690,Iselin Masternes,6686119,Levi Pavdeja,0,1,0.0,0.4656958913109027,1
1006186,Christian Wikeby,20361406,Amir Khan,0,1,0.0,0.4656958913109027,1
1015461,Nils Arild Sabbasen,4849639,Petter Rognlien,1,0,0.4656958913109027,0.0,1
1015461,Nils Arild Sabbasen,20361406,Amir Khan,0,1,0.0,0.4656958913109027,1
18284020,Nomen Nescio,20124274,Paolo Speciale,0,1,0.0,0.4656958913109027,1
20124274,Paolo Speciale,20361406,Amir Khan,1,0,0.4656958913109027,0.0,1
25651231,Christian Andre & Daniel,25651789,Peter & Ronny,0,1,0.0,0.440514740180485,1
1047734,Ole Kristian Rudshavn,6686119,Levi Pavdeja,0,1,0.0,0.4265352245380146,1
1496697,Sabahudin Comor,7086107,Ajsa Comor,1,0,0.42223427788858425,0.0,1
1006186,Christian Wikeby,1035192,Kjell Martin Andersen,0,1,0.0,0.42223427788858425,1
1006208,Eirik Riisnæs,5475535,Sandro Hasecic,1,0,0.42223427788858425,0.0,1
2049369,Mickey Krause,6839980,Daniel Lorentzen-Styr,1,0,0.42223427788858425,0.0,1
1496697,Sabahudin Comor,6600268,Kim Soo Garmark,1,0,0.42223427788858425,0.0,1
1006233,Eystein Gangfløt,1035192,Kjell Martin Andersen,0,1,0.0,0.42223427788858425,1
1006208,Eirik Riisnæs,7711820,Marie Hoff Petersen,1,0,0.42223427788858425,0.0,1
1006388,Mats Brujordet Schjetne,2049369,Mickey Krause,1,0,0.42223427788858425,0.0,1
2049369,Mickey Krause,7086107,Ajsa Comor,1,0,0.42223427788858425,0.0,1
1006233,Eystein Gangfløt,5475535,Sandro Hasecic,0,1,0.0,0.42223427788858425,1
1006186,Christian Wikeby,2049369,Mickey Krause,1,0,0.42223427788858425,0.0,1
5475535,Sandro Hasecic,6839980,Daniel Lorentzen-Styr,1,0,0.42223427788858425,0.0,1
1035192,Kjell Martin Andersen,1496697,Sabahudin Comor,1,0,0.42223427788858425,0.0,1
1006208,Eirik Riisnæs,1006388,Mats Brujordet Schjetne,1,0,0.42223427788858425,0.0,1
1006186,Christian Wikeby,1496697,Sabahudin Comor,0,1,0.0,0.42223427788858425,1
1006388,Mats Brujordet Schjetne,5475535,Sandro Hasecic,1,0,0.42223427788858425,0.0,1
1006388,Mats Brujordet Schjetne,1035192,Kjell Martin Andersen,0,1,0.0,0.42223427788858425,1
1006208,Eirik Riisnæs,1496697,Sabahudin Comor,1,0,0.42223427788858425,0.0,1
16978756,Kevin Jensen,16996051,Ylva Mathisen,0,1,0.0,0.3841984887561925,1
16996051,Ylva Mathisen,16996054,Elise Bygjordet,0,1,0.0,0.3841984887561925,1
14668681,Gry Winther,14668708,Tommy Larsen,0,1,0.0,0.3534713002353569,1
14668696,Damian Buchla,14668783,Niklas Olausson,0,1,0.0,0.3534713002353569,1
14668687,Petter Brenne,14668741,Alan Tomczak,0,1,0.0,0.3534713002353569,1
14668744,Josef Mahnin,14668786,Christoffer Edvardsen,0,1,0.0,0.3534713002353569,1
14668684,Frank Taug,14668753,Arnor Vegardsson,1,0,0.3534713002353569,0.0,1
14668708,Tommy Larsen,14668945,Ove Graneng,0,1,0.0,0.3534713002353569,1
14668741,Alan Tomczak,14668783,Niklas Olausson,1,0,0.3534713002353569,0.0,1
14668786,Christoffer Edvardsen,14668933,Andreas Ulseth,0,1,0.0,0.3534713002353569,1
14668684,Frank Taug,14668723,Fredrik Ruud,0,1,0.0,0.3534713002353569,1
14668687,Petter Brenne,14668696,Damian Buchla,1,0,0.3534713002353569,0.0,1
14668681,Gry Winther,14668684,Frank Taug,0,1,0.0,0.3534713002353569,1
14668687,Petter Brenne,14668786,Christoffer Edvardsen,1,0,0.3534713002353569,0.0,1
14668744,Josef Mahnin,14668783,Niklas Olausson,0,1,0.0,0.3534713002353569,1
14668708,Tommy Larsen,14668753,Arnor Vegardsson,1,0,0.3534713002353569,0.0,1
14668723,Fredrik Ruud,14668933,Andreas Ulseth,1,0,0.3534713002353569,0.0,1
14668684,Frank Taug,14668687,Petter Brenne,1,0,0.3534713002353569,0.0,1
14668708,Tommy Larsen,14668783,Niklas Olausson,1,0,0.3534713002353569,0.0,1
14668684,Frank Taug,14668741,Alan Tomczak,0,1,0.0,0.3534713002353569,1
14668708,Tommy Larsen,14668933,Andreas Ulseth,1,0,0.3534713002353569,0.0,1
14668708,Tommy Larsen,14668723,Fredrik Ruud,0,1,0.0,0.3534713002353569,1
9081066,Martin,9081070,Jardar,1,0,0.3057942940050412,0.0,1
9081066,Martin,9081069,Lodve,0,1,0.0,0.3057942940050412,1
9081071,Njaal,9081073,Geir Einar,0,1,0.0,0.3057942940050412,1
9081065,Sturla,9081072,Kristian,1,0,0.3057942940050412,0.0,1
9081067,Kris,9081068,Ole,0,1,0.0,0.3057942940050412,1
9081069,Lodve,9081073,Geir Einar,1,0,0.3057942940050412,0.0,1
9081065,Sturla,9081068,Ole,0,1,0.0,0.3057942940050412,1
9081068,Ole,9081069,Lodve,0,1,0.0,0.3057942940050412,1
2126333,Senharip Azar,2311288,David Larsson,0,1,0.0,0.21527372991909396,1
1510340,Andris Viksnins,2792002,Shaq Bajrami,1,0,0.20737835133477436,0.0,1
5916966,Per Christian Slåtta,6863670,Jone Saba,1,0,0.20737835133477436,0.0,1
5140422,Tomas Gryczon,6835940,Christiane .,0,1,0.0,0.20737835133477436,1
5140422,Tomas Gryczon,6863670,Jone Saba,1,0,0.20737835133477436,0.0,1
1969238,Audun Brede,2792002,Shaq Bajrami,1,0,0.20737835133477436,0.0,1
1510340,Andris Viksnins,6962355,Dennis,1,0,0.20737835133477436,0.0,1
5916966,Per Christian Slåtta,6835940,Christiane .,1,0,0.20737835133477436,0.0,1
5140422,Tomas Gryczon,6962355,Dennis,0,1,0.0,0.20737835133477436,1
1969238,Audun Brede,6835940,Christiane .,1,0,0.20737835133477436,0.0,1
1510340,Andris Viksnins,1969238,Audun Brede,1,0,0.20737835133477436,0.0,1
5916966,Per Christian Slåtta,6962355,Dennis,1,0,0.20737835133477436,0.0,1
1510340,Andris Viksnins,5916966,Per Christian Slåtta,1,0,0.20737835133477436,0.0,1
1016897,Hannes Ragnar Leifsson,6475205,Yorkey Ronald,1,0,0.20194837922356507,0.0,1
2057268,Øyvind Stenhaug,6680803,Jake Hill,1,0,0.20194837922356507,0.0,1
2792002,Shaq Bajrami,6680803,Jake Hill,0,1,0.0,0.20194837922356507,1
1016897,Hannes Ragnar Leifsson,3428055,Rune Fevang,1,0,0.20194837922356507,0.0,1
3428055,Rune Fevang,6680803,Jake Hill,0,1,0.0,0.20194837922356507,1
2057268,Øyvind Stenhaug,6475205,Yorkey Ronald,0,1,0.0,0.20194837922356507,1
1902521,Tom-Henrik Sandvik,6475205,Yorkey Ronald,1,0,0.20194837922356507,0.0,1
1016897,Hannes Ragnar Leifsson,1902521,Tom-Henrik Sandvik,0,1,0.0,0.20194837922356507,1
6672223,Veronica,6672291,Carina,1,0,0.20169436845144964,0.0,1
6672292,Charlotte,6672304,Iselin,0,1,0.0,0.20169436845144964,1
6672221,Erlend,6672225,Jens,1,0,0.20169436845144964,0.0,1
6672297,Eivind,6672300,Rubicca,0,1,0.0,0.20169436845144964,1
6672226,Valton,6672290,Marte,1,0,0.20169436845144964,0.0,1
6672223,Veronica,6672293,Tim,0,1,0.0,0.20169436845144964,1
6672289,Ane,6672296,Ove,0,1,0.0,0.20169436845144964,1
6672295,Sondre,6672304,Iselin,1,0,0.20169436845144964,0.0,1
6672221,Erlend,6672298,Håkon,1,0,0.20169436845144964,0.0,1
6672300,Rubicca,6672301,Petter Olsen,0,1,0.0,0.20169436845144964,1
6672294,Christoffer,6672299,Neda,1,0,0.20169436845144964,0.0,1
6672222,Rune,6672302,Jannicke,1,0,0.20169436845144964,0.0,1
2243719,Camilla Kroan,6672226,Valton,0,1,0.0,0.20169436845144964,1
6672293,Tim,6672296,Ove,1,0,0.20169436845144964,0.0,1
6672221,Erlend,6672295,Sondre,1,0,0.20169436845144964,0.0,1
6672294,Christoffer,6672301,Petter Olsen,0,1,0.0,0.20169436845144964,1
6672222,Rune,6672226,Valton,0,1,0.0,0.20169436845144964,1
6672221,Erlend,6672293,Tim,0,1,0.0,0.20169436845144964,1
6672226,Valton,6672301,Petter Olsen,0,1,0.0,0.20169436845144964,1
6672293,Tim,6672301,Petter Olsen,1,0,0.20169436845144964,0.0,1
3405178,Lag 5,3405180,Lag 7,1,0,0.19751062158264,0.0,1
3405174,Lag 1,3405176,Lag 3,1,0,0.19663795128865671,0.0,1
2049369,Mickey Krause,6082345,Virginijus Sipavičius,1,0,0.1955473792884995,0.0,1
1006318,Jonas Kvalsund Hansen,1006454,Robin Svedin,1,0,0.1955473792884995,0.0,1
1006288,Jan Kjetil Nordrum,1079105,Didrik Vatne,0,1,0.0,0.1955473792884995,1
1006163,Bjørn Bratteberg,1552001,Stig Elde Mikkelsen,0,1,0.0,0.1955473792884995,1
1750663,Tore Mo,2049369,Mickey Krause,0,1,0.0,0.1955473792884995,1
1042070,Henrik Olsson,2166644,Nicolai Sætra,1,0,0.1955473792884995,0.0,1
1006318,Jonas Kvalsund Hansen,4797871,Johannes Ulsund,1,0,0.1955473792884995,0.0,1
1079105,Didrik Vatne,6088513,Christopher Koba,1,0,0.1955473792884995,0.0,1
1006214,Emil André Gangfløt,1916867,Christian Sparrenlöv Fischer,1,0,0.1955473792884995,0.0,1
1552001,Stig Elde Mikkelsen,2827292,Simen Jøndal,1,0,0.1955473792884995,0.0,1
1006214,Emil André Gangfløt,1552001,Stig Elde Mikkelsen,1,0,0.1955473792884995,0.0,1
2167690,Iselin Masternes,5490988,Ole Berg,1,0,0.18565388817877743,0.0,1
1024799,Stig Nesvik,2167690,Iselin Masternes,0,1,0.0,0.18483116913558661,1
1969223,Ole Andreas Sandvik,5490988,Ole Berg,0,1,0.0,0.18483116913558661,1
5140422,Tomas Gryczon,5490988,Ole Berg,0,1,0.0,0.18483116913558661,1
1944804,Tommy Martinsen,5476975,Toan Truong,0,1,0.0,0.18483116913558661,1
5476975,Toan Truong,5490988,Ole Berg,1,0,0.18483116913558661,0.0,1
3081704,Sundar K,5476975,Toan Truong,1,0,0.18483116913558661,0.0,1
5174448,Thomas Hilling Amundsen,7784582,Mathias Kolloen Nilsen,1,0,0.18320389562508957,0.0,1
1750663,Tore Mo,5174448,Thomas Hilling Amundsen,1,0,0.18320389562508957,0.0,1
2057268,Øyvind Stenhaug,7784582,Mathias Kolloen Nilsen,1,0,0.18320389562508957,0.0,1
1708121,Petter Olsen,3120055,Per Christian Slåtta,1,0,0.18159086903301794,0.0,1
1510340,Andris Viksnins,3081704,Sundar K,0,1,0.0,0.18078266071273646,1
2653483,Shakir Bajrami,2947265,Bernjard David C Ruiz,0,1,0.0,0.17683176329471736,1
5105730,Kevin,5140422,Tomas Gryczon,0,1,0.0,0.17683176329471736,1
2792002,Shaq Bajrami,2923223,Christian Lothar Ruiz,0,1,0.0,0.17142028921877273,1
2947260,Jasper Nicolaysen,3719239,Odin,0,1,0.0,0.17142028921877273,1
3595359,Øivind Bakken,3611862,Minh Cong Bui,1,0,0.17142028921877273,0.0,1
3256681,Alex Hoang Hai Nguyen,4734031,Simon,1,0,0.17142028921877273,0.0,1
3543748,Thong Trong Ho,3719239,Odin,1,0,0.17142028921877273,0.0,1
3611862,Minh Cong Bui,4734030,Ronny,0,1,0.0,0.17142028921877273,1
4734031,Simon,4797871,Johannes Ulsund,0,1,0.0,0.17142028921877273,1
2792002,Shaq Bajrami,2947260,Jasper Nicolaysen,1,0,0.17142028921877273,0.0,1
2923223,Christian Lothar Ruiz,3543748,Thong Trong Ho,0,1,0.0,0.17142028921877273,1
4734030,Ronny,4734031,Simon,1,0,0.17142028921877273,0.0,1
2947260,Jasper Nicolaysen,3595353,Knut Holm,0,1,0.0,0.17142028921877273,1
2923223,Christian Lothar Ruiz,3719239,Odin,1,0,0.17142028921877273,0.0,1
2792002,Shaq Bajrami,3543748,Thong Trong Ho,1,0,0.17142028921877273,0.0,1
3256681,Alex Hoang Hai Nguyen,4734030,Ronny,1,0,0.17142028921877273,0.0,1
3595359,Øivind Bakken,4734031,Simon,0,1,0.0,0.17142028921877273,1
2923223,Christian Lothar Ruiz,3595353,Knut Holm,0,1,0.0,0.17142028921877273,1
2792002,Shaq Bajrami,3719239,Odin,1,0,0.17142028921877273,0.0,1
3611862,Minh Cong Bui,4734031,Simon,1,0,0.17142028921877273,0.0,1
2923223,Christian Lothar Ruiz,4734030,Ronny,0,1,0.0,0.17142028921877273,1
3218903,Amir Bajrami,3256681,Alex Hoang Hai Nguyen,0,1,0.0,0.16990884729941927,1
3218903,Amir Bajrami,3428055,Rune Fevang,0,1,0.0,0.16990884729941927,1
2653483,Shakir Bajrami,3595353,Knut Holm,0,1,0.0,0.16990884729941927,1
3543748,Thong Trong Ho,3595359,Øivind Bakken,0,1,0.0,0.16990884729941927,1
2653483,Shakir Bajrami,3256681,Alex Hoang Hai Nguyen,1,0,0.16990884729941927,0.0,1
3218903,Amir Bajrami,3595353,Knut Holm,0,1,0.0,0.16990884729941927,1
2653483,Shakir Bajrami,3611862,Minh Cong Bui,0,1,0.0,0.16990884729941927,1
2653483,Shakir Bajrami,3218903,Amir Bajrami,1,0,0.16990884729941927,0.0,1
3256681,Alex Hoang Hai Nguyen,3595353,Knut Holm,0,1,0.0,0.16990884729941927,1
3428055,Rune Fevang,3611862,Minh Cong Bui,1,0,0.16990884729941927,0.0,1
2166616,Philippe Béal,3595353,Knut Holm,1,0,0.16990884729941927,0.0,1
2653483,Shakir Bajrami,5140422,Tomas Gryczon,1,0,0.16990884729941927,0.0,1
3080986,Qazim Redzepi,7784582,Mathias Kolloen Nilsen,1,0,0.16618828980109507,0.0,1
3120055,Per Christian Slåtta,3543748,Thong Trong Ho,1,0,0.16618828980109507,0.0,1
2166616,Philippe Béal,3508778,Naser lusnjani,0,1,0.0,0.16618828980109507,1
3119948,Huan Bao Ngo,3543771,Jonas Laskemoen,1,0,0.16618828980109507,0.0,1
2947260,Jasper Nicolaysen,3080986,Qazim Redzepi,1,0,0.16618828980109507,0.0,1
3543748,Thong Trong Ho,7784582,Mathias Kolloen Nilsen,0,1,0.0,0.16618828980109507,1
2167690,Iselin Masternes,3508778,Naser lusnjani,1,0,0.16618828980109507,0.0,1
2166616,Philippe Béal,3543771,Jonas Laskemoen,0,1,0.0,0.16618828980109507,1
3080986,Qazim Redzepi,5140422,Tomas Gryczon,0,1,0.0,0.16618828980109507,1
3508778,Naser lusnjani,3543771,Jonas Laskemoen,1,0,0.16618828980109507,0.0,1
2167690,Iselin Masternes,3543771,Jonas Laskemoen,1,0,0.16618828980109507,0.0,1
1969238,Audun Brede,3508778,Naser lusnjani,0,1,0.0,0.16618828980109507,1
2947260,Jasper Nicolaysen,7784582,Mathias Kolloen Nilsen,0,1,0.0,0.16618828980109507,1
1969238,Audun Brede,3543771,Jonas Laskemoen,1,0,0.16618828980109507,0.0,1
5140422,Tomas Gryczon,7784582,Mathias Kolloen Nilsen,1,0,0.16618828980109507,0.0,1
3080986,Qazim Redzepi,3543748,Thong Trong Ho,1,0,0.16618828980109507,0.0,1
3256681,Alex Hoang Hai Nguyen,7784582,Mathias Kolloen Nilsen,0,1,0.0,0.16618828980109507,1
3080986,Qazim Redzepi,3120055,Per Christian Slåtta,0,1,0.0,0.16618828980109507,1
3508778,Naser lusnjani,7784582,Mathias Kolloen Nilsen,0,1,0.0,0.16618828980109507,1
1033026,Robin Hagerup Ertesvåg,2052753,Morten Falk,0,1,0.0,0.16598144553833996,1
2145734,Thong Trong Ho,3080986,Qazim Redzepi,0,1,0.0,0.1647229793127289,1
2085426,Minh Bui Cong,3439599,Even Nguyen,0,1,0.0,0.1647229793127289,1
3080986,Qazim Redzepi,4797871,Johannes Ulsund,0,1,0.0,0.1647229793127289,1
3439599,Even Nguyen,3439621,Qani Rahimi,0,1,0.0,0.1647229793127289,1
1969238,Audun Brede,2576372,Fadil Mustafa,0,1,0.0,0.1647229793127289,1
2085426,Minh Bui Cong,3439621,Qani Rahimi,0,1,0.0,0.1647229793127289,1
3119948,Huan Bao Ngo,3439599,Even Nguyen,1,0,0.1647229793127289,0.0,1
2576372,Fadil Mustafa,3439621,Qani Rahimi,1,0,0.1647229793127289,0.0,1
1969238,Audun Brede,3439599,Even Nguyen,0,1,0.0,0.1647229793127289,1
2145734,Thong Trong Ho,4797871,Johannes Ulsund,0,1,0.0,0.1647229793127289,1
2576372,Fadil Mustafa,3439599,Even Nguyen,1,0,0.1647229793127289,0.0,1
3119948,Huan Bao Ngo,3439621,Qani Rahimi,0,1,0.0,0.1647229793127289,1
2620565,Fadil,3119948,Huan Bao Ngo,1,0,0.1582831580733219,0.0,1
2052753,Morten Falk,2653482,Adil Lusjani,1,0,0.1582831580733219,0.0,1
2052753,Morten Falk,2620565,Fadil,0,1,0.0,0.1582831580733219,1
2167253,Michel Mateos,2576334,Ridvan Avdi,1,0,0.14811122776853733,0.0,1
1012750,Frode Myhre Larsen,2690021,Torkel Rønningen,0,1,0.0,0.14811122776853733,1
2140722,Mats Larsen,2252446,Tor Bugten,0,1,0.0,0.14811122776853733,1
2576334,Ridvan Avdi,2625188,Christian Garmann Schjelderup,0,1,0.0,0.14811122776853733,1
1969223,Ole Andreas Sandvik,2690021,Torkel Rønningen,1,0,0.14811122776853733,0.0,1
2167253,Michel Mateos,2625188,Christian Garmann Schjelderup,1,0,0.14811122776853733,0.0,1
2140742,Jamal Malik,2690021,Torkel Rønningen,0,1,0.0,0.14811122776853733,1
1012750,Frode Myhre Larsen,2252446,Tor Bugten,0,1,0.0,0.14811122776853733,1
2167253,Michel Mateos,2251353,Mentor Nuredini,1,0,0.14811122776853733,0.0,1
2140722,Mats Larsen,2690021,Torkel Rønningen,0,1,0.0,0.14811122776853733,1
2167253,Michel Mateos,2576372,Fadil Mustafa,0,1,0.0,0.14811122776853733,1
1946517,Ivan Tadic,2166616,Philippe Béal,1,0,0.14811122776853733,0.0,1
1561935,Øystein Holm Krøvel,2140722,Mats Larsen,0,1,0.0,0.14811122776853733,1
1006204,Egil Arne Sørensen,1006283,Jan Erik Gundersen,1,0,0.14811122776853733,0.0,1
1024684,Christian Laland,1944631,Lars Haakon Lunde,1,0,0.14811122776853733,0.0,1
1751232,Øyvind Stenhaug,2690021,Torkel Rønningen,0,1,0.0,0.14811122776853733,1
2243631,Jens Gundersen,2625188,Christian Garmann Schjelderup,0,1,0.0,0.14811122776853733,1
2241168,Trond L,2576372,Fadil Mustafa,1,0,0.14811122776853733,0.0,1
2140742,Jamal Malik,2576334,Ridvan Avdi,0,1,0.0,0.14811122776853733,1
1033026,Robin Hagerup Ertesvåg,2140722,Mats Larsen,1,0,0.14811122776853733,0.0,1
1006204,Egil Arne Sørensen,2252446,Tor Bugten,0,1,0.0,0.14811122776853733,1
1006145,Aria Senemar,1012750,Frode Myhre Larsen,1,0,0.14811122776853733,0.0,1
1024684,Christian Laland,1024799,Stig Nesvik,0,1,0.0,0.14811122776853733,1
1022588,Nikolaos Chatzitheodorou,2690021,Torkel Rønningen,1,0,0.14811122776853733,0.0,1
2241168,Trond L,2625188,Christian Garmann Schjelderup,0,1,0.0,0.14811122776853733,1
1006145,Aria Senemar,2252446,Tor Bugten,0,1,0.0,0.14811122776853733,1
1024799,Stig Nesvik,2625188,Christian Garmann Schjelderup,0,1,0.0,0.14811122776853733,1
1033026,Robin Hagerup Ertesvåg,2625188,Christian Garmann Schjelderup,1,0,0.14811122776853733,0.0,1
1024799,Stig Nesvik,2057268,Øyvind Stenhaug,1,0,0.14615699019395348,0.0,1
1022588,Nikolaos Chatzitheodorou,2576372,Fadil Mustafa,1,0,0.14615699019395348,0.0,1
1141525,Øystein Krøvel,1946517,Ivan Tadic,1,0,0.14615699019395348,0.0,1
1024799,Stig Nesvik,1069187,Thomas Erichsen,1,0,0.14615699019395348,0.0,1
1047734,Ole Kristian Rudshavn,2243631,Jens Gundersen,1,0,0.14615699019395348,0.0,1
16476664,Øystein Følling,2251353,Mentor Nuredini,0,1,0.0,0.14615699019395348,1
1022588,Nikolaos Chatzitheodorou,2576334,Ridvan Avdi,1,0,0.14615699019395348,0.0,1
1016719,Sebastian Meling,2241168,Trond L,0,1,0.0,0.14615699019395348,1
1071778,Deleted Account,1141525,Øystein Krøvel,0,1,0.0,0.14615699019395348,1
1006174,Børre Kofoed Karaka,2251353,Mentor Nuredini,0,1,0.0,0.14615699019395348,1
1022588,Nikolaos Chatzitheodorou,2166616,Philippe Béal,1,0,0.14615699019395348,0.0,1
1141525,Øystein Krøvel,2241168,Trond L,1,0,0.14615699019395348,0.0,1
1047734,Ole Kristian Rudshavn,2251353,Mentor Nuredini,1,0,0.14615699019395348,0.0,1
1022588,Nikolaos Chatzitheodorou,1141525,Øystein Krøvel,1,0,0.14615699019395348,0.0,1
1022588,Nikolaos Chatzitheodorou,1047734,Ole Kristian Rudshavn,1,0,0.14615699019395348,0.0,1
1750663,Tore Mo,2431085,Shakir,0,1,0.0,0.14486893549648114,1
1006283,Jan Erik Gundersen,2243631,Jens Gundersen,0,1,0.0,0.14486893549648114,1
1075717,Bjørn Erik Øverland,1902521,Tom-Henrik Sandvik,1,0,0.14486893549648114,0.0,1
1024806,Lars Nitteberg,2057268,Øyvind Stenhaug,1,0,0.14486893549648114,0.0,1
1016894,Tommy Andersen,2241168,Trond L,1,0,0.14486893549648114,0.0,1
1922791,Ole Sandvik,2431085,Shakir,1,0,0.14486893549648114,0.0,1
1024684,Christian Laland,2400654,Lukas Mørk,1,0,0.14486893549648114,0.0,1
2243631,Jens Gundersen,2576334,Ridvan Avdi,0,1,0.0,0.14486893549648114,1
2140722,Mats Larsen,2431086,Adil,0,1,0.0,0.14486893549648114,1
1024806,Lars Nitteberg,2576333,Besar Avdi,1,0,0.14486893549648114,0.0,1
1016894,Tommy Andersen,2140751,Jamal Malik,1,0,0.14486893549648114,0.0,1
1024684,Christian Laland,1922791,Ole Sandvik,0,1,0.0,0.14486893549648114,1
1075717,Bjørn Erik Øverland,2576334,Ridvan Avdi,1,0,0.14486893549648114,0.0,1
1024806,Lars Nitteberg,2431086,Adil,0,1,0.0,0.14486893549648114,1
1006147,Arild Kråkvik,1016894,Tommy Andersen,1,0,0.14486893549648114,0.0,1
1075717,Bjørn Erik Øverland,1922791,Ole Sandvik,0,1,0.0,0.14486893549648114,1
1006147,Arild Kråkvik,2431086,Adil,1,0,0.14486893549648114,0.0,1
1006147,Arild Kråkvik,1922791,Ole Sandvik,0,1,0.0,0.14486893549648114,1
2167253,Michel Mateos,2252446,Tor Bugten,0,1,0.0,0.14232459190733782,1
1359835,Per Hagen,2241168,Trond L,0,1,0.0,0.14232459190733782,1
1016894,Tommy Andersen,2166616,Philippe Béal,1,0,0.14232459190733782,0.0,1
1033026,Robin Hagerup Ertesvåg,2251360,Joakim Elfstrøm,1,0,0.14232459190733782,0.0,1
1013991,Ahad Rashid,1750663,Tore Mo,1,0,0.14232459190733782,0.0,1
1006543,Trond Lid Cappelen,2053323,Ib Christiansen,0,1,0.0,0.14232459190733782,1
1006283,Jan Erik Gundersen,1027114,Jeremiah Torres,1,0,0.14232459190733782,0.0,1
1006516,Timo Mäkelä,2251353,Mentor Nuredini,0,1,0.0,0.14232459190733782,1
1024684,Christian Laland,2140742,Jamal Malik,0,1,0.0,0.14232459190733782,1
1670605,Bernadette Bodó,2251359,Gustav Leennatsso,1,0,0.14232459190733782,0.0,1
2357030,Jens Gundersen,2357139,Aaron Rossel,0,1,0.0,0.14232459190733782,1
1006163,Bjørn Bratteberg,1024806,Lars Nitteberg,0,1,0.0,0.14232459190733782,1
1013991,Ahad Rashid,2053323,Ib Christiansen,1,0,0.14232459190733782,0.0,1
1006283,Jan Erik Gundersen,2251353,Mentor Nuredini,0,1,0.0,0.14232459190733782,1
1670605,Bernadette Bodó,2140742,Jamal Malik,1,0,0.14232459190733782,0.0,1
1024799,Stig Nesvik,2357139,Aaron Rossel,0,1,0.0,0.14232459190733782,1
1006333,Kent Hansen,1024806,Lars Nitteberg,0,1,0.0,0.14232459190733782,1
1013991,Ahad Rashid,2251353,Mentor Nuredini,0,1,0.0,0.14232459190733782,1
1024806,Lars Nitteberg,2167690,Iselin Masternes,0,1,0.0,0.14232459190733782,1
2167690,Iselin Masternes,2357139,Aaron Rossel,0,1,0.0,0.14232459190733782,1
2252446,Tor Bugten,2357139,Aaron Rossel,1,0,0.14232459190733782,0.0,1
1279214,Daniel Axeborg,1714800,Karolis Vo,1,0,0.1416957525949728,0.0,1
1071778,Deleted Account,2252446,Tor Bugten,0,1,0.0,0.1416957525949728,1
1751232,Øyvind Stenhaug,2241168,Trond L,0,1,0.0,0.1416957525949728,1
1084882,Remi Kwit,1969223,Ole Andreas Sandvik,0,1,0.0,0.1416957525949728,1
1027114,Jeremiah Torres,2140742,Jamal Malik,1,0,0.1416957525949728,0.0,1
1946517,Ivan Tadic,2140722,Mats Larsen,0,1,0.0,0.1416957525949728,1
1944569,Philippe Beal,1969238,Audun Brede,1,0,0.1416957525949728,0.0,1
1015952,Marius Farås,2241168,Trond L,1,0,0.1416957525949728,0.0,1
1013991,Ahad Rashid,1670605,Bernadette Bodó,0,1,0.0,0.1416957525949728,1
1027114,Jeremiah Torres,1708121,Petter Olsen,1,0,0.1416957525949728,0.0,1
1714802,Darius Žilinskas,1944569,Philippe Beal,1,0,0.1416957525949728,0.0,1
1015952,Marius Farås,1969223,Ole Andreas Sandvik,0,1,0.0,0.1416957525949728,1
1027114,Jeremiah Torres,1670605,Bernadette Bodó,0,1,0.0,0.1416957525949728,1
1670605,Bernadette Bodó,1714802,Darius Žilinskas,1,0,0.1416957525949728,0.0,1
1006388,Mats Brujordet Schjetne,1033026,Robin Hagerup Ertesvåg,0,1,0.0,0.13581924804107073,1
2110679,Eskil Skogen,2110682,Alex Svartås,1,0,0.13556257216156678,0.0,1
1472755,Georgina Askeland,2167690,Iselin Masternes,1,0,0.13556257216156678,0.0,1
2052753,Morten Falk,2110679,Eskil Skogen,1,0,0.13556257216156678,0.0,1
1183869,Matias Myhrhaug,2110681,Kaj Dembe,0,1,0.0,0.13556257216156678,1
1472755,Georgina Askeland,2110681,Kaj Dembe,1,0,0.13556257216156678,0.0,1
1429285,Kristoffer Fjellstad,1957536,Sebastian Yet,1,0,0.13556257216156678,0.0,1
