player_id,player_name,image,countryImage,fargo_rating,previous_rating,latest_tournament,latest_tournament_source,in_latest_tournament,rating_status,latest_handicap,handicap_starttime,handicap_tournament_id,games,wins,losses,prior_games_overall,component,games_obk,wins_obk,losses_obk,games_ostkanten,wins_ostkanten,losses_ostkanten,games_both,wins_both,losses_both,overall_performance_residual,performance_games_overall,performance_weighted_games_overall,discipline_performance_8_ball,performance_games_8_ball,performance_weighted_games_8_ball,wins_8_ball,losses_8_ball,discipline_performance_9_ball,performance_games_9_ball,performance_weighted_games_9_ball,wins_9_ball,losses_9_ball,discipline_performance_10_ball,performance_games_10_ball,performance_weighted_games_10_ball,wins_10_ball,losses_10_ball,best_discipline,best_discipline_performance
1006272,Henrik Hauge Pettersen,https://img.cuescore.com/image/9/4/9bbaffd449528efffa0d0da85ad7883f.png?t=1496753789,https://cuescore.com/img/flags/png-country-4x2-none/res-640x480/no.png,,,2021-04-24,obk,False,disconnected,3.0,2019-08-30T14:00:00Z,5976158,569,345,224,0,1,569,345,224,0,0,0,0,0,0,,0,0.0,,0,0.0,136,86,,0,0.0,100,58,,0,0.0,109,80,,
2083869,Cato Corneliussen,https://img.cuescore.com/image/0/4/0d0a15d3c1355821816e857fc79ce22e.png?t=1629045707,https://cuescore.com/img/flags/png-country-4x2-none/res-640x480/no.png,,,2021-04-24,obk,False,disconnected,,,,608,294,314,0,1,608,294,314,0,0,0,0,0,0,,0,0.0,,0,0.0,115,111,,0,0.0,103,104,,0,0.0,76,99,,
2129482,Viljar Glavær Akse,https://img.cuescore.com/image/2/4/2e87c1df6de0bc8ca7fe6a730ae2d12a.png?t=1617636586,https://cuescore.com/img/flags/png-country-4x2-none/res-640x480/no.png,,,2021-04-24,obk,False,disconnected,,,,561,230,331,0,1,561,230,331,0,0,0,0,0,0,,0,0.0,,0,0.0,82,136,,0,0.0,67,108,,0,0.0,81,87,,
1006214,Emil André Gangfløt,https://img.cuescore.com/image/9/4/963ffedb0da7bc8fa83237386abda13b.png?t=1771601925,https://cuescore.com/img/flags/png-country-4x2-none/res-640x480/no.png,785.11,784.3,2026-08-03,obk,False,anchored,818.0,2026-08-03T16:00:00Z,85939042,1000,676,324,0,2,1000,676,324,0,0,0,0,0,0,-0.061566,1000,584.755054,0.316556,10,6.414318,10,0,-0.01098,397,281.267622,281,116,0.003561,593,297.073114,385,208,8-Ball,0.316556
1010312,Mikael Øgaard,https://img.cuescore.com/image/8/4/804dda94ce89ff5970b7abd8d67af4e7.png?t=1697106544,https://cuescore.com/img/flags/png-country-4x2-none/res-640x480/no.png,774.35,797.8,2026-10-07,obk,True,anchored,678.0,2026-10-07T16:00:00Z,90543088,183,135,48,0,2,183,135,48,0,0,0,0,0,0,2.5e-05,183,133.896531,,0,0.0,0,0,-0.056416,138,98.48589,93,45,0.156908,45,35.410641,42,3,10-Ball,0.156908
1006318,Jonas Kvalsund Hansen,https://img.cuescore.com/image/7/4/74042a5fb330252a2151c354505f927d.png?t=1686684110,https://cuescore.com/img/flags/png-country-4x2-none/res-640x480/no.png,725.02,724.65,2021-05-02,obk,False,anchored,2.0,2019-08-30T14:00:00Z,5976158,377,185,192,0,2,377,185,192,0,0,0,0,0,0,-4e-06,377,107.276199,,0,0.0,0,0,0.115772,2,0.387646,2,0,-0.00042,375,106.888552,183,192,9-Ball,0.115772
1047734,Ole Kristian Rudshavn,https://img.cuescore.com/image/7/4/7b93300592f2f5386997461ab5962e49.png?t=1548246763,https://cuescore.com/img/flags/png-country-4x2-none/res-640x480/no.png,715.27,715.45,2024-06-12,obk,False,anchored,710.0,2024-06-12T16:00:00Z,44183785,627,408,219,0,2,627,408,219,0,0,0,0,0,0,6e-06,627,191.587519,-0.001432,27,4.441282,20,7,0.02326,478,156.082666,321,157,-0.116667,122,31.063571,67,55,9-Ball,0.02326
1014092,Martin Meintjes,https://img.cuescore.com/image/0/4/0a41d932907ab40e31402f663398a0fc.png?t=1766066493,https://cuescore.com/img/flags/png-country-4x2-none/res-640x480/no.png,702.6,686.25,2026-10-07,obk,True,anchored,530.0,2026-10-07T16:00:00Z,90543088,219,144,75,0,2,219,144,75,0,0,0,0,0,0,-3e-06,219,183.312669,-0.072246,14,10.925306,9,5,0.035432,133,118.645354,98,35,-0.063535,72,53.742008,37,35,9-Ball,0.035432
2080111,Casper Cappe Matikainen,https://img.cuescore.com/image/8/4/82e541487d0b01e9944ed349d1e3966b.png?t=1762963580,https://cuescore.com/img/flags/png-country-4x2-none/res-640x480/fi.png,697.28,697.09,2025-07-05,obk,False,anchored,0.0,2025-07-05T08:00:00Z,59079793,194,119,75,0,2,194,119,75,0,0,0,0,0,0,-8e-06,194,119.001165,,0,0.0,0,0,-0.017227,45,22.535255,27,18,0.004024,149,96.46591,92,57,10-Ball,0.004024
1006164,Bjørn Erik Bergh,https://img.cuescore.com/image/e/4/e91eddf0ebffc08dc939bc6afc9c7677.png?t=1757362250,https://cuescore.com/img/flags/png-country-4x2-none/res-640x480/no.png,696.89,696.83,2025-03-15,obk,False,anchored,0.0,2025-03-15T09:00:00Z,55383781,50,33,17,0,2,50,33,17,0,0,0,0,0,0,-0.000107,50,17.229699,,0,0.0,0,0,0.0,50,17.229699,33,17,,0,0.0,0,0,9-Ball,0.0
2639057,Ivan Blomqvist,https://img.cuescore.com/image/d/4/db1243711fa6ef91a311d07f9aaf632f.png?t=1625398277,https://cuescore.com/img/flags/png-country-4x2-none/res-640x480/se.png,695.95,696.42,2024-07-24,obk,False,anchored,558.0,2024-07-24T16:00:00Z,45923086,304,187,117,0,2,304,187,117,0,0,0,0,0,0,1.9e-05,304,93.429644,0.100319,17,8.945348,15,2,-0.023586,240,71.982885,145,95,0.064027,47,12.501411,27,20,8-Ball,0.100319
1006124,Albert-Roman Borrie Stensrød,https://img.cuescore.com/image/a/4/a81a66d70ed4ce1200df00f5e1b41cdd.png?t=1688324478,https://cuescore.com/img/flags/png-country-4x2-none/res-640x480/no.png,690.69,690.66,2025-07-02,obk,False,anchored,0.0,2025-03-15T09:00:00Z,55383781,540,248,292,0,2,540,248,292,0,0,0,0,0,0,8e-06,540,163.618649,,0,0.0,0,0,-0.053575,126,43.392408,70,56,0.019337,414,120.226241,178,236,10-Ball,0.019337
1006220,Erik Gårdelöf,https://img.cuescore.com/image/e/4/e1266df8dfc9edb21a9816bb8c812135.png?t=1569668287,https://cuescore.com/img/flags/png-country-4x2-none/res-640x480/se.png,685.25,685.95,2026-10-07,obk,True,anchored,848.0,2026-10-07T16:00:00Z,90543088,2423,1544,879,0,2,2423,1544,879,0,0,0,0,0,0,-0.020532,2423,1744.819637,0.067199,137,99.091207,101,36,0.012221,1549,1068.761182,1008,541,-0.034178,737,576.967248,435,302,8-Ball,0.067199
1006288,Jan Kjetil Nordrum,https://img.cuescore.com/image/0/4/0fb8abab823abb0932d87b158aed53d8.png?t=1598464421,https://cuescore.com/img/flags/png-country-4x2-none/res-640x480/no.png,684.73,681.9,2025-07-05,obk,False,anchored,1.0,2025-07-05T08:00:00Z,59079793,151,85,66,0,2,151,85,66,0,0,0,0,0,0,-3e-06,151,112.341026,,0,0.0,0,0,0.005292,33,24.096244,19,14,-0.001445,118,88.244782,66,52,9-Ball,0.005292
1006513,Thomas Fjæran,https://img.cuescore.com/image/0/4/042ca8826ef9e0d2fcb0c4ecb08a3397.png?t=1765102020,https://cuescore.com/img/flags/png-country-4x2-none/res-640x480/no.png,680.03,680.29,2026-03-25,obk,False,anchored,630.0,2026-03-25T17:00:00Z,77587555,486,300,186,0,2,486,300,186,0,0,0,0,0,0,-1e-06,486,331.917756,,0,0.0,0,0,0.031656,379,249.513681,240,139,-0.095854,107,82.404075,60,47,9-Ball,0.031656
1160318,Niels Feijen,https://img.cuescore.com/image/d/4/ddb2699d6a30a8edd2c54d23a773b693.png?t=1680592705,https://cuescore.com/img/flags/png-country-4x2-none/res-640x480/nl.png,675.7,675.6,2019-08-30,obk,False,anchored,0.0,2019-08-30T14:00:00Z,5976158,121,73,48,0,2,121,73,48,0,0,0,0,0,0,-5e-06,121,23.432478,,0,0.0,0,0,0.020734,78,15.103571,47,31,-0.037599,43,8.328908,26,17,9-Ball,0.020734
1006184,Christian Johannessen,https://img.cuescore.com/image/5/4/59f058846aed9c9a08dbfff3d9b6bf16.png?t=1747123976,https://cuescore.com/img/flags/png-country-4x2-none/res-640x480/no.png,671.25,672.98,2026-10-07,obk,True,anchored,590.0,2026-10-07T16:00:00Z,90543088,754,472,282,0,2,754,472,282,0,0,0,0,0,0,-9e-06,754,413.762785,-0.025729,54,49.397349,36,18,-0.01548,509,251.151682,311,198,0.045566,191,113.213754,125,66,10-Ball,0.045566
1006332,Kent Halldin,https://img.cuescore.com/image/5/4/5e520ccfc567a22227fa8e4dcf047a95.png?t=1726389089,https://cuescore.com/img/flags/png-country-4x2-none/res-640x480/no.png,665.65,665.72,2021-11-20,obk,False,anchored,0.0,2021-11-20T14:20:00Z,10891954,162,98,64,0,2,162,98,64,0,0,0,0,0,0,-1.3e-05,162,32.198737,-0.009776,35,4.57319,23,12,0.016903,121,26.423115,73,48,-0.33426,6,1.202432,2,4,9-Ball,0.016903
1010308,Emil Braserud,https://img.cuescore.com/image/1/4/191c9fa4a4191a73f484c7f0d222792f.png?t=1478117794,https://cuescore.com/img/flags/png-country-4x2-none/res-640x480/no.png,665.57,665.98,2025-06-04,obk,False,anchored,573.0,2025-06-04T16:05:00Z,61791286,47,33,14,3,2,47,33,14,0,0,0,0,0,0,0.033763,47,32.276031,,0,0.0,0,0,0.0,47,32.276031,33,14,,0,0.0,0,0,9-Ball,0.0
1042070,Henrik Olsson,https://img.cuescore.com/image/f/4/f8748e76acc44f5ac8a99710e9e61762.png?t=1571386328,https://cuescore.com/img/flags/png-country-4x2-none/res-640x480/se.png,664.76,664.47,2025-11-05,obk,False,anchored,708.0,2025-11-05T17:00:00Z,71509747,842,526,316,0,2,842,526,316,0,0,0,0,0,0,1e-06,842,516.816031,-0.065986,25,19.355,15,10,0.015169,555,321.502987,358,197,-0.020457,262,175.958044,153,109,9-Ball,0.015169
1079105,Didrik Vatne,https://img.cuescore.com/image/b/4/b645bac51f603fd26b302f7a8f763004.png?t=1626124556,https://cuescore.com/img/flags/png-country-4x2-none/res-640x480/no.png,661.87,661.87,2023-04-01,obk,False,anchored,575.0,2023-02-15T17:00:00Z,21241663,171,101,70,0,2,171,101,70,0,0,0,0,0,0,-1.3e-05,171,61.78001,,0,0.0,0,0,-0.067825,129,48.155032,70,59,0.239714,42,13.624978,31,11,10-Ball,0.239714
17978686,Ibra Alkhader,https://img.cuescore.com/image/e/4/eaf3ffcf4ae92f068c6e20ca069a3cfb.png?t=1692828855,https://cuescore.com/img/flags/png-country-4x2-none/res-640x480/sy.png,660.0,660.21,2026-07-04,obk,False,anchored,1.0,2026-07-04T08:00:00Z,79932562,2740,1835,905,0,2,2740,1835,905,0,0,0,0,0,0,-5e-06,2740,2211.769026,0.103445,135,106.002824,109,26,0.00283,1921,1558.602408,1310,611,-0.028102,684,547.163795,416,268,8-Ball,0.103445
6186620,Wiktor Zieliński,https://img.cuescore.com/image/3/4/39fd2a88f5121fba8bd9ba18ea28351f.png?t=1579198078,https://cuescore.com/img/flags/png-country-4x2-none/res-640x480/pl.png,659.8,659.83,2019-08-30,obk,False,anchored,0.0,2019-08-30T14:00:00Z,5976158,104,57,47,0,2,104,57,47,0,0,0,0,0,0,6.1e-05,104,20.141149,,0,0.0,0,0,0.0,104,20.141149,57,47,,0,0.0,0,0,9-Ball,0.0
6600268,Kim Soo Garmark,https://img.cuescore.com/image/2/4/201635ccb58face4f82ce896ddd377c5.png?t=1787502564,https://cuescore.com/img/flags/png-country-4x2-none/res-640x480/no.png,659.46,659.57,2026-09-30,obk,False,anchored,812.0,2026-09-30T16:00:00Z,90053185,2367,1402,965,0,2,2367,1402,965,0,0,0,0,0,0,-0.023211,2367,1543.394199,0.096322,128,75.467017,89,39,0.009022,1456,920.6898,886,570,-0.028462,783,547.237382,427,356,8-Ball,0.096322
1006457,Roger Lysholm,https://img.cuescore.com/image/d/4/dfd36fa7b8799975efb1037d1658a663.png?t=1656764979,https://cuescore.com/img/flags/png-country-4x2-none/res-640x480/no.png,656.59,656.74,2025-07-05,obk,False,anchored,0.0,2025-07-05T08:00:00Z,59079793,115,68,47,0,2,115,68,47,0,0,0,0,0,0,7e-06,115,85.967299,,0,0.0,0,0,0.040821,25,18.661957,16,9,-0.011319,90,67.305342,52,38,9-Ball,0.040821
1006208,Eirik Riisnæs,https://img.cuescore.com/image/6/4/6e052574f2349c6cf093eb7bca229cdb.png?t=1702675354,https://cuescore.com/img/flags/png-country-4x2-none/res-640x480/no.png,656.41,656.39,2022-12-30,obk,False,anchored,120.0,2018-09-19T16:00:00Z,3079945,188,111,77,0,2,188,111,77,0,0,0,0,0,0,-2.4e-05,188,28.627849,0.085853,28,4.605774,19,9,-0.015557,128,18.7575,71,57,-0.019682,32,5.264575,21,11,8-Ball,0.085853
1006458,Roger Rasmussen,https://img.cuescore.com/image/1/4/1249ad8941f35c38906657eb2e135399.png?t=1637259817,https://cuescore.com/img/flags/png-country-4x2-none/res-640x480/no.png,656.25,653.64,2026-10-07,obk,True,anchored,675.0,2026-10-07T16:00:00Z,90543088,612,371,241,0,2,612,371,241,0,0,0,0,0,0,2.1e-05,612,304.439895,0.041312,81,28.562627,51,30,0.00216,450,251.123543,282,168,-0.06958,81,24.753724,38,43,8-Ball,0.041312
1441973,Geir Holmqvist,https://img.cuescore.com/image/9/4/9e617dfff0c4c411fdad5791561e3986.png?t=1581519216,https://cuescore.com/img/flags/png-country-4x2-none/res-640x480/no.png,652.93,653.43,2025-03-15,obk,False,anchored,0.0,2025-03-15T09:00:00Z,55383781,92,60,32,0,2,92,60,32,0,0,0,0,0,0,2.4e-05,92,55.385561,,0,0.0,0,0,0.0,92,55.385561,60,32,,0,0.0,0,0,9-Ball,0.0
1006549,Umar Hayat Ali,https://img.cuescore.com/image/5/4/57348eddfe0304988fda97ec1e9cfed5.png?t=1537580099,https://cuescore.com/img/flags/png-country-4x2-none/res-640x480/no.png,649.74,651.61,2026-10-07,obk,True,anchored,572.0,2026-10-07T16:00:00Z,90543088,910,572,338,0,2,910,572,338,0,0,0,0,0,0,-5e-06,910,655.513667,0.081842,100,79.26576,71,29,-0.018085,554,396.942224,344,210,0.003856,256,179.305684,157,99,8-Ball,0.081842
1006195,Damianos Giallourakis,https://img.cuescore.com/image/2/4/2b3054b8ea8e3ac94512fd303d9b6432.png?t=1761829501,https://cuescore.com/img/flags/png-country-4x2-none/res-640x480/gr.png,647.6,647.65,2025-07-05,obk,False,anchored,0.0,2025-07-05T08:00:00Z,59079793,314,196,118,0,2,314,196,118,0,0,0,0,0,0,-1.2e-05,314,99.039893,0.021024,38,3.989628,26,12,0.081374,97,36.345632,62,35,-0.051809,179,58.704633,108,71,9-Ball,0.081374
1033026,Robin Hagerup Ertesvåg,https://img.cuescore.com/image/b/4/b2186caf579b809ca003c5ca566f62c9.png?t=1671544638,https://cuescore.com/img/flags/png-country-4x2-none/res-640x480/no.png,644.12,644.11,2018-12-16,obk,False,anchored,116.0,2018-06-20T16:30:00Z,2689575,344,206,138,0,2,344,206,138,0,0,0,0,0,0,-2.5e-05,344,44.633845,-8.8e-05,92,10.685994,57,35,0.023603,235,31.618242,144,91,-0.319949,17,2.32961,5,12,9-Ball,0.023603
1006372,Marius Nørsterud,https://img.cuescore.com/image/f/4/f349b875c195f5af718dd4c7501d325d.png?t=1480002630,https://cuescore.com/img/flags/png-country-4x2-none/res-640x480/no.png,642.59,643.27,2026-07-18,obk,False,anchored,525.0,2025-07-30T16:00:00Z,64053565,310,171,139,0,2,310,171,139,0,0,0,0,0,0,-5e-06,310,158.941475,-0.073019,16,12.158692,9,7,0.006831,264,138.10377,148,116,-0.006397,30,8.679013,14,16,9-Ball,0.006831
7962169,Patryk Statkiewicz,https://img.cuescore.com/image/b/4/b04af8735ffe86888e427c6b64e38be3.png?t=1759269435,https://cuescore.com/img/flags/png-country-4x2-none/res-640x480/pl.png,642.05,642.32,2024-02-21,obk,False,anchored,591.0,2024-02-21T17:00:00Z,36515500,181,106,75,0,2,181,106,75,0,0,0,0,0,0,1.5e-05,181,87.825906,,0,0.0,0,0,-0.076393,125,59.729293,65,60,0.1624,56,28.096612,41,15,10-Ball,0.1624
1268827,Bastian Andreassen,https://img.cuescore.com/image/8/4/8ee7a4643989fc7422ee9aa1689b8210.png?t=1566200262,https://cuescore.com/img/flags/png-country-4x2-none/res-640x480/no.png,636.19,639.46,2022-02-27,obk,False,anchored,1.0,2021-06-26T10:00:00Z,8885262,136,69,67,0,2,136,69,67,0,0,0,0,0,0,-0.0,136,41.394611,,0,0.0,0,0,0.0,136,41.394611,69,67,,0,0.0,0,0,9-Ball,0.0
1073747,John Erstad,https://img.cuescore.com/image/7/4/7a3d4fd9d2b3c76c8bb3a5c0d65edc06.png?t=1665823558,https://cuescore.com/img/flags/png-country-4x2-none/res-640x480/no.png,634.25,634.19,2026-08-19,obk,False,anchored,527.0,2026-08-19T16:00:00Z,86380657,130,83,47,0,2,130,83,47,0,0,0,0,0,0,1.9e-05,130,116.747163,0.107821,32,26.397846,21,11,-0.031503,98,90.349317,62,36,,0,0.0,0,0,8-Ball,0.107821
1015919,Ahmed Abiev,https://img.cuescore.com/image/9/4/9c16423ae27fd2690103bf96ff191361.png?t=1714310262,https://cuescore.com/img/flags/png-country-4x2-none/res-640x480/no.png,631.54,632.04,2025-07-05,obk,False,anchored,1.0,2025-07-05T08:00:00Z,59079793,79,46,33,0,2,79,46,33,0,0,0,0,0,0,2.8e-05,79,55.693197,,0,0.0,0,0,0.0,79,55.693197,46,33,,0,0.0,0,0,9-Ball,0.0
6172489,Alban Richard,https://img.cuescore.com/image/b/4/b41c6bfe8acb97451578c767b2a810c5.png?t=1646037566,https://cuescore.com/img/flags/png-country-4x2-none/res-640x480/fr.png,630.1,629.61,2025-07-05,obk,False,anchored,0.0,2025-07-05T08:00:00Z,59079793,135,71,64,0,2,135,71,64,0,0,0,0,0,0,-1.2e-05,135,100.958013,,0,0.0,0,0,,0,0.0,0,0,0.0,135,100.958013,71,64,10-Ball,0.0
1006360,Lars Harby,https://img.cuescore.com/image/4/4/4898d95a0d1786ec55d00f002137119c.png?t=1441974664,https://cuescore.com/img/flags/png-country-4x2-none/res-640x480/no.png,629.66,629.82,2026-07-04,obk,False,anchored,1.0,2026-07-04T08:00:00Z,79932562,1670,942,728,0,2,1670,942,728,0,0,0,0,0,0,-3e-06,1670,936.258267,0.023586,179,88.116528,113,66,0.003542,836,507.890982,486,350,-0.011395,655,340.250758,343,312,8-Ball,0.023586
1006443,Philip Sanchez Gangfløt,https://img.cuescore.com/image/1/4/13ff25ad18aac88c9a98549b78a5d462.png?t=1664957568,https://cuescore.com/img/flags/png-country-4x2-none/res-640x480/no.png,627.86,628.15,2025-12-27,obk,False,anchored,1.0,2025-12-27T11:00:00Z,71848093,58,37,21,0,2,58,37,21,0,0,0,0,0,0,3.5e-05,58,30.309215,,0,0.0,0,0,0.0,58,30.309215,37,21,,0,0.0,0,0,9-Ball,0.0
2311288,David Larsson,https://img.cuescore.com/image/c/4/c6cab805f61818caaa0f9a4e0f63cdda.png?t=1769347464,https://cuescore.com/img/flags/png-country-4x2-none/res-640x480/se.png,625.48,625.05,2025-07-05,obk,False,anchored,0.0,2025-07-05T08:00:00Z,59079793,96,58,38,0,2,96,58,38,0,0,0,0,0,0,4.5e-05,96,57.345947,,0,0.0,0,0,0.034564,45,19.206253,32,13,-0.017406,51,38.139694,26,25,9-Ball,0.034564
1067228,Roy Steffensen,https://img.cuescore.com/image/d/4/d8713043f7814554692857a8551f35ac.png?t=1769896756,https://cuescore.com/img/flags/png-country-4x2-none/res-640x480/no.png,619.93,620.51,2025-06-18,obk,False,anchored,559.0,2025-06-18T16:00:00Z,62222692,179,97,82,0,2,179,97,82,0,0,0,0,0,0,1.4e-05,179,112.639411,0.094486,23,11.87533,17,6,-0.048435,124,79.033175,60,64,0.12452,32,21.730907,20,12,10-Ball,0.12452
14638297,Joakim Langkås,https://img.cuescore.com/image/6/4/62774ae814e93316bf9e95b3a58c5ef5.png?t=1732797275,https://cuescore.com/img/flags/png-country-4x2-none/res-640x480/no.png,619.57,619.51,2026-07-04,obk,False,anchored,1.0,2026-07-04T08:00:00Z,79932562,417,242,175,0,2,417,242,175,0,0,0,0,0,0,5e-06,417,351.584785,,0,0.0,0,0,0.056258,98,81.914413,68,30,-0.017089,319,269.670372,174,145,9-Ball,0.056258
2207817,Alf Regy Lid,https://img.cuescore.com/image/d/4/d6a36681fc33c66fdae0ca83793a64ec.png?t=1548008205,https://cuescore.com/img/flags/png-country-4x2-none/res-640x480/no.png,618.66,618.82,2020-11-27,obk,False,anchored,3.0,2019-08-30T20:00:00Z,6096626,289,139,150,0,2,289,139,150,0,0,0,0,0,0,2.1e-05,289,74.64633,,0,0.0,0,0,,0,0.0,0,0,0.0,289,74.64633,139,150,10-Ball,0.0
8435377,Geir Anfinsen,https://img.cuescore.com/image/8/4/81a6da212ed323f71cdddd9cbf80d5af.png?t=1727820935,https://cuescore.com/img/flags/png-country-4x2-none/res-640x480/no.png,616.99,617.5,2026-04-20,obk,False,anchored,437.0,2026-04-15T16:00:00Z,78942265,284,168,116,0,2,284,168,116,0,0,0,0,0,0,2.6e-05,284,207.942065,0.029477,25,17.02903,15,10,-0.000499,184,132.052932,110,74,-0.007409,75,58.860103,43,32,8-Ball,0.029477
1006271,Henrik Hagen,https://img.cuescore.com/image/e/4/e5ab795b615cb12579bf5296b45b25fc.png?t=1515999880,https://cuescore.com/img/flags/png-country-4x2-none/res-640x480/no.png,613.44,614.06,2025-07-05,obk,False,anchored,1.0,2025-07-05T08:00:00Z,59079793,109,60,49,0,2,109,60,49,0,0,0,0,0,0,8e-06,109,81.514248,,0,0.0,0,0,,0,0.0,0,0,0.0,109,81.514248,60,49,10-Ball,0.0
23594815,Svein Gjermundsen,https://img.cuescore.com/image/3/4/30f16aaf648a3eb3891a4a211da1870e.png?t=1727078843,https://cuescore.com/img/flags/png-country-4x2-none/res-640x480/no.png,610.94,611.24,2026-01-31,obk,False,anchored,1.0,2026-01-31T10:00:00Z,72236716,84,40,44,0,2,84,40,44,0,0,0,0,0,0,2.5e-05,84,71.74682,,0,0.0,0,0,,0,0.0,0,0,0.0,84,71.74682,40,44,10-Ball,0.0
1006431,Pål Daud Fillipsveen,https://img.cuescore.com/image/5/4/5c671df1a09f356682e74cec0af79bd2.png?t=1515352971,https://cuescore.com/img/flags/png-country-4x2-none/res-640x480/no.png,609.59,609.76,2026-10-07,obk,True,anchored,570.0,2026-10-07T16:00:00Z,90543088,1337,767,570,0,2,1337,767,570,0,0,0,0,0,0,-5e-06,1337,1038.717573,0.080108,208,166.00772,142,66,-0.013155,809,607.32826,453,356,-0.020006,320,265.381593,172,148,8-Ball,0.080108
2126333,Senharip Azar,https://img.cuescore.com/image/3/4/32abb71ca14ad556572e91410131271f.png?t=1566459185,https://cuescore.com/img/flags/png-country-4x2-none/res-640x480/se.png,608.75,608.96,2020-01-30,obk,False,anchored,0.0,2020-01-30T19:15:00Z,7224607,184,110,74,0,2,184,110,74,0,0,0,0,0,0,-2.9e-05,184,32.33077,,0,0.0,0,0,0.0,184,32.33077,110,74,,0,0.0,0,0,9-Ball,0.0
1035589,Sebastian Mæhlum,https://img.cuescore.com/image/8/4/862c792ba8eb7f97e626fbe6cbcc59f6.png,https://cuescore.com/img/flags/png-country-4x2-none/res-640x480/no.png,607.76,608.11,2026-05-20,obk,False,anchored,534.0,2026-05-20T16:00:00Z,81474325,315,186,129,0,2,315,186,129,0,0,0,0,0,0,-1.6e-05,315,226.57282,-0.027297,35,29.739799,22,13,-0.017018,248,172.112373,140,108,0.151327,32,24.720648,24,8,10-Ball,0.151327
9990106,Jonas Nyman Trollhättans BK,https://img.cuescore.com/image/6/4/6aab59292b90e4eb7476accd8837ef85.png?t=1634050921,https://cuescore.com/img/flags/png-country-4x2-none/res-640x480/se.png,605.79,605.75,2025-07-05,obk,False,anchored,2.0,2025-07-05T08:00:00Z,59079793,73,36,37,0,2,73,36,37,0,0,0,0,0,0,4.6e-05,73,54.592111,,0,0.0,0,0,,0,0.0,0,0,0.0,73,54.592111,36,37,10-Ball,0.0
1006345,Kjetil Aasane Fredriksen,https://img.cuescore.com/image/d/4/d04f91696324e54ad3bd22c10bef1deb.png?t=1762176985,https://cuescore.com/img/flags/png-country-4x2-none/res-640x480/no.png,605.69,603.9,2026-01-31,obk,False,anchored,2.0,2026-01-31T10:00:00Z,72236716,219,106,113,0,2,219,106,113,0,0,0,0,0,0,-1.6e-05,219,180.547236,,0,0.0,0,0,-0.076798,24,20.050744,12,12,0.009594,195,160.496492,94,101,10-Ball,0.009594
3073760,Ronny Jakobsen,https://img.cuescore.com/image/7/4/751868ed038a8bdafb328be735714260.png?t=1711203037,https://cuescore.com/img/flags/png-country-4x2-none/res-640x480/no.png,605.31,605.51,2025-07-28,obk,False,anchored,425.0,2025-07-28T16:00:00Z,64053550,84,57,27,0,2,84,57,27,0,0,0,0,0,0,-1.7e-05,84,34.674142,,0,0.0,0,0,0.0,84,34.674142,57,27,,0,0.0,0,0,9-Ball,0.0
1286181,Petri Makkonen,https://img.cuescore.com/image/8/4/8ee46a2fc91935516ab45c618180d4dc.png?t=1758010003,https://cuescore.com/img/flags/png-country-4x2-none/res-640x480/fi.png,604.13,604.92,2025-07-05,obk,False,anchored,0.0,2025-07-05T08:00:00Z,59079793,194,102,92,0,2,194,102,92,0,0,0,0,0,0,2.3e-05,194,112.318518,,0,0.0,0,0,0.106848,64,22.857673,32,32,-0.0273,130,89.460845,70,60,9-Ball,0.106848
1006277,Ingolf Höns,https://img.cuescore.com/image/b/4/b5bea3b955fccff5790a4c86ae76016e.png?t=1768202543,https://cuescore.com/img/flags/png-country-4x2-none/res-640x480/no.png,602.07,602.78,2025-12-27,obk,False,anchored,2.0,2025-12-27T11:00:00Z,71848093,165,90,75,0,2,165,90,75,0,0,0,0,0,0,1e-06,165,135.730781,,0,0.0,0,0,0.0,165,135.730781,90,75,,0,0.0,0,0,9-Ball,0.0
1006373,Mark McGauley,https://img.cuescore.com/image/e/4/e9ebd785252499c54858a2385a4b92f8.png?t=1627826388,https://cuescore.com/img/flags/png-country-4x2-none/res-640x480/no.png,601.44,601.13,2026-08-12,obk,False,anchored,598.0,2026-08-12T15:45:00Z,86204368,410,219,191,0,2,410,219,191,0,0,0,0,0,0,1e-05,410,124.929705,-0.011544,137,24.345633,78,59,-0.013547,207,75.09906,100,107,0.050949,66,25.485012,41,25,10-Ball,0.050949
6686119,Levi Pavdeja,https://img.cuescore.com/image/e/4/e9ef4fbb6d905f61d3f241336004ebff.png?t=1708890061,https://cuescore.com/img/flags/png-country-4x2-none/res-640x480/al.png,601.28,603.14,2026-10-07,obk,True,anchored,529.0,2026-10-07T16:00:00Z,90543088,1356,736,620,0,2,1356,736,620,0,0,0,0,0,0,3e-06,1356,996.144012,-0.118875,65,33.327237,31,34,-0.014071,811,589.261931,447,364,0.032803,480,373.554844,258,222,10-Ball,0.032803
70090471,Øyvind Risan,https://img.cuescore.com/image/9/4/9a957fd3a5fee2193a9bfa2d6247b695.png?t=1786960937,https://cuescore.com/img/flags/png-country-4x2-none/res-640x480/no.png,601.22,601.33,2026-07-04,obk,False,anchored,2.0,2026-07-04T08:00:00Z,79932562,83,44,39,0,2,83,44,39,0,0,0,0,0,0,8e-06,83,78.142463,,0,0.0,0,0,,0,0.0,0,0,0.0,83,78.142463,44,39,10-Ball,0.0
3212629,Rolf G. Sedsbøe Jensen,https://img.cuescore.com/image/2/4/25c07dff394b54d88f9848f6de522519.png?t=1542614358,https://cuescore.com/img/flags/png-country-4x2-none/res-640x480/no.png,600.76,601.27,2026-01-31,obk,False,anchored,1.0,2026-01-31T10:00:00Z,72236716,381,212,169,0,2,381,212,169,0,0,0,0,0,0,-0.0,381,270.147786,,0,0.0,0,0,0.064568,240,155.667957,144,96,-0.087799,141,114.479828,68,73,9-Ball,0.064568
25743094,Mohamed Salkiny,https://img.cuescore.com/image/2/4/2eb0efddf8b8f86551a61600f62cd9d9.png?t=1693824907,https://cuescore.com/img/flags/png-country-4x2-none/res-640x480/sy.png,599.73,599.8,2026-07-04,obk,False,anchored,2.0,2026-07-04T08:00:00Z,79932562,803,444,359,0,2,803,444,359,0,0,0,0,0,0,-1e-06,803,653.277399,0.052907,31,24.51141,18,13,0.02363,358,282.26215,203,155,-0.022991,414,346.503839,223,191,8-Ball,0.052907
1286245,Kim Laaksonen,https://img.cuescore.com/image/e/4/eca7d5a9183f5fe1a32546336707ed18.png?t=1578300138,https://cuescore.com/img/flags/png-country-4x2-none/res-640x480/fi.png,598.62,598.34,2019-08-30,obk,False,anchored,0.0,2019-08-30T14:00:00Z,5976158,89,49,40,0,2,89,49,40,0,0,0,0,0,0,-1.7e-05,89,17.23783,,0,0.0,0,0,-0.19715,35,6.778271,13,22,0.127762,54,10.459558,36,18,10-Ball,0.127762
1272012,Erol Dane Mula,https://img.cuescore.com/image/2/4/23dbb46c4c1f9222447abbf8c7fce7fe.png?t=1630444419,https://cuescore.com/img/flags/png-country-4x2-none/res-640x480/ph.png,598.44,597.43,2026-10-07,obk,True,anchored,550.0,2026-10-07T16:00:00Z,90543088,2320,1286,1034,0,2,2320,1286,1034,0,0,0,0,0,0,4e-06,2320,1431.671362,-0.00099,231,134.424809,133,98,-0.003852,1500,906.062239,828,672,0.009261,589,391.184313,325,264,10-Ball,0.009261
6082347,Pijus Labutis,https://img.cuescore.com/image/7/4/710d99c29d4830a0932f1794eea7d4fc.png?t=1677518094,https://cuescore.com/img/flags/png-country-4x2-none/res-640x480/lt.png,597.41,597.58,2019-08-30,obk,False,anchored,0.0,2019-08-30T14:00:00Z,5976158,69,34,35,0,2,69,34,35,0,0,0,0,0,0,9.8e-05,69,13.362041,,0,0.0,0,0,0.0,69,13.362041,34,35,,0,0.0,0,0,9-Ball,0.0
20264908,Bartosz Oldakowski,https://img.cuescore.com/image/0/4/0e23b02b462bb9cac48c34a5666b93d2.png?t=1668638071,https://cuescore.com/img/flags/png-country-4x2-none/res-640x480/pl.png,596.27,596.69,2025-07-05,obk,False,anchored,1.0,2025-07-05T08:00:00Z,59079793,262,145,117,0,2,262,145,117,0,0,0,0,0,0,1.5e-05,262,167.35019,0.102415,41,24.573639,28,13,-0.025902,171,110.074654,87,84,0.010228,50,32.701897,30,20,8-Ball,0.102415
1046692,Mario He,https://img.cuescore.com/image/8/4/8752d88a0fa07c56d7eefab470a48d0a.png?t=1555597369,https://cuescore.com/img/flags/png-country-4x2-none/res-640x480/at.png,595.64,595.01,2019-08-30,obk,False,anchored,0.0,2019-08-30T14:00:00Z,5976158,88,46,42,0,2,88,46,42,0,0,0,0,0,0,-1.7e-05,88,17.04343,,0,0.0,0,0,0.020176,58,11.232564,32,26,-0.039,30,5.810866,14,16,9-Ball,0.020176
1090712,Ralf Souquet,https://img.cuescore.com/image/3/4/396d7ef2798acb50f30a250a143af2ce.png?t=1664348433,https://cuescore.com/img/flags/png-country-4x2-none/res-640x480/de.png,594.98,594.84,2019-08-30,obk,False,anchored,0.0,2019-08-30T14:00:00Z,5976158,81,41,40,0,2,81,41,40,0,0,0,0,0,0,-5.8e-05,81,15.688817,,0,0.0,0,0,-0.056814,17,3.292303,6,11,0.015089,64,12.396514,35,29,10-Ball,0.015089
1006312,Johnny Ellingsen,https://img.cuescore.com/image/a/4/a5df0b4ead265aacbfa89fff9a814c7a.png?t=1772000573,https://cuescore.com/img/flags/png-country-4x2-none/res-640x480/no.png,594.82,595.08,2020-12-17,obk,False,anchored,4.0,2019-08-30T14:00:00Z,5976158,165,101,64,0,2,165,101,64,0,0,0,0,0,0,1.8e-05,165,43.159632,0.0,165,43.159632,101,64,,0,0.0,0,0,,0,0.0,0,0,8-Ball,0.0
1960202,Ola Magnus Johnsen,https://img.cuescore.com/image/1/4/1fc59739224adb9a97d849b33454d636.png?t=1749107451,https://cuescore.com/img/flags/png-country-4x2-none/res-640x480/no.png,593.45,595.29,2026-10-07,obk,True,anchored,555.0,2026-10-07T16:00:00Z,90543088,1193,667,526,0,2,1193,667,526,0,0,0,0,0,0,5e-06,1193,942.135406,0.057409,123,104.433919,76,47,-0.010428,853,651.476732,468,385,0.004287,217,186.224755,123,94,8-Ball,0.057409
10585213,Veejay Adriano,https://img.cuescore.com/image/e/4/e268690a958b4a979dc23aabddd13dac.png?t=1776426571,https://cuescore.com/img/flags/png-country-4x2-none/res-640x480/ph.png,592.75,593.22,2026-01-31,obk,False,anchored,1.0,2026-01-31T10:00:00Z,72236716,189,112,77,0,2,189,112,77,0,0,0,0,0,0,5e-06,189,154.400559,,0,0.0,0,0,0.021518,86,66.425292,58,28,-0.016247,103,87.975267,54,49,9-Ball,0.021518
2241168,Trond L,https://img.cuescore.com/image/8/4/862c792ba8eb7f97e626fbe6cbcc59f6.png,https://cuescore.com/img/flags/png-country-4x2-none/res-640x480/no.png,591.65,591.92,2018-11-26,obk,False,anchored,22.0,2018-03-14T17:15:00Z,2238455,152,103,49,0,2,152,103,49,0,0,0,0,0,0,6.9e-05,152,21.988359,0.093377,45,6.680755,35,10,-0.040753,107,15.307604,68,39,,0,0.0,0,0,8-Ball,0.093377
24897019,Robert Hedin,https://img.cuescore.com/image/8/4/882db237b94f993a3f3405200d9d2064.png?t=1700218507,https://cuescore.com/img/flags/png-country-4x2-none/res-640x480/se.png,591.35,591.53,2026-05-20,obk,False,anchored,512.0,2026-05-20T16:00:00Z,81474325,1158,646,512,0,2,1158,646,512,0,0,0,0,0,0,7e-06,1158,873.303012,0.078145,67,46.21063,43,24,-0.016245,786,616.020152,436,350,0.030304,305,211.07223,167,138,8-Ball,0.078145
1967863,Nate Komljenovic,https://img.cuescore.com/image/8/4/862c792ba8eb7f97e626fbe6cbcc59f6.png,https://cuescore.com/img/flags/png-country-4x2-none/res-640x480/si.png,591.26,591.19,2022-06-15,obk,False,anchored,74.0,2022-06-15T16:00:00Z,16266742,272,170,102,0,2,272,170,102,0,0,0,0,0,0,-6e-06,272,51.180245,0.013543,84,19.706401,54,30,-0.00491,137,23.09336,87,50,-0.018315,51,8.380483,29,22,8-Ball,0.013543
1359835,Per Hagen,https://img.cuescore.com/image/6/4/600097d88a4596cf7ef4775830c31cce.png?t=1515422994,https://cuescore.com/img/flags/png-country-4x2-none/res-640x480/no.png,591.25,591.43,2020-10-07,obk,False,anchored,117.0,2020-08-19T16:00:00Z,8089125,469,259,210,0,2,469,259,210,0,0,0,0,0,0,-2e-06,469,79.057499,0.247231,11,2.65505,8,3,-0.013734,343,59.368123,188,155,0.009332,115,17.034326,63,52,8-Ball,0.247231
1006406,Nina Torvund,https://img.cuescore.com/image/e/4/ec37bf27b912833da5b472f7701397df.png?t=1687292181,https://cuescore.com/img/flags/png-country-4x2-none/res-640x480/no.png,590.64,590.81,2026-01-31,obk,False,anchored,1.0,2026-01-31T10:00:00Z,72236716,720,437,283,0,2,720,437,283,0,0,0,0,0,0,-6e-06,720,301.012935,0.035329,193,62.118612,123,70,0.03142,296,130.579047,182,114,-0.058139,231,108.315276,132,99,8-Ball,0.035329
1081546,Bent Brørs,https://img.cuescore.com/image/9/4/92842a4e723035ec423c9f4f87f0d8cf.png?t=1775585063,https://cuescore.com/img/flags/png-country-4x2-none/res-640x480/no.png,590.52,590.76,2021-07-14,obk,False,anchored,62.0,2021-07-14T16:00:00Z,9016341,53,28,25,0,2,53,28,25,0,0,0,0,0,0,1.5e-05,53,8.376381,-0.071805,19,3.125347,9,10,0.042737,34,5.251035,19,15,,0,0.0,0,0,9-Ball,0.042737
1097814,Mika Immonen,https://img.cuescore.com/image/2/4/24df8192e24d95529ce9fd82af1006e2.png?t=1668506861,https://cuescore.com/img/flags/png-country-4x2-none/res-640x480/fi.png,590.26,589.67,2020-01-24,obk,False,anchored,0.0,2019-08-30T14:00:00Z,5976158,103,48,55,0,2,103,48,55,0,0,0,0,0,0,-2.1e-05,103,20.211577,,0,0.0,0,0,0.088958,75,14.524867,40,35,-0.227216,28,5.686709,8,20,9-Ball,0.088958
1286241,Francisco Bustamante,https://img.cuescore.com/image/5/4/548d18230ec92e2d8574c556b3e3c6d3.png?t=1555596611,https://cuescore.com/img/flags/png-country-4x2-none/res-640x480/ph.png,589.88,589.54,2020-01-24,obk,False,anchored,,,,53,32,21,0,2,53,32,21,0,0,0,0,0,0,-0.000146,53,11.262394,,0,0.0,0,0,,0,0.0,0,0,0.0,53,11.262394,32,21,10-Ball,0.0
1123060,"Paweł ""Mumrikken"" Zalewski",https://img.cuescore.com/image/9/4/90259d41e4d1c75a71a1737cde77cbe7.png?t=1690283137,https://cuescore.com/img/flags/png-country-4x2-none/res-640x480/no.png,588.87,589.21,2026-08-19,obk,False,anchored,535.0,2026-08-19T16:00:00Z,86380657,1098,609,489,0,2,1098,609,489,0,0,0,0,0,0,3e-06,1098,853.238618,0.053552,86,69.231406,51,35,0.016164,813,620.652572,468,345,-0.084111,199,163.354641,90,109,8-Ball,0.053552
6839980,Daniel Lorentzen-Styr,https://img.cuescore.com/image/8/4/86fde4223f4b4cd7cd6a9f62e01922c5.png?t=1740319921,https://cuescore.com/img/flags/png-country-4x2-none/res-640x480/no.png,586.97,587.38,2026-09-16,obk,False,anchored,561.0,2026-09-16T16:00:00Z,88468552,2051,1188,863,0,2,2051,1188,863,0,0,0,0,0,0,3e-06,2051,967.771246,0.040919,390,147.740637,251,139,0.005369,1064,548.332866,612,452,-0.033086,597,271.697744,325,272,8-Ball,0.040919
1006388,Mats Brujordet Schjetne,https://img.cuescore.com/image/5/4/57e243d3b2c752949a5a144d6905cd53.png?t=1668509803,https://cuescore.com/img/flags/png-country-4x2-none/res-640x480/no.png,586.88,586.9,2022-12-30,obk,False,anchored,0.0,2019-08-30T14:00:00Z,5976158,85,49,36,0,2,85,49,36,0,0,0,0,0,0,7.3e-05,85,14.054032,,0,0.0,0,0,0.013409,69,10.954904,42,27,-0.047397,16,3.099128,7,9,9-Ball,0.013409
11218942,Stein Amundsen,https://img.cuescore.com/image/1/4/14e8266f65bd5c1797aaacf38ce6b72c.png?t=1639677114,https://cuescore.com/img/flags/png-country-4x2-none/res-640x480/no.png,585.58,586.58,2026-10-07,obk,True,anchored,530.0,2026-10-07T16:00:00Z,90543088,489,281,208,0,2,489,281,208,0,0,0,0,0,0,7e-06,489,463.41727,0.083132,54,51.717018,34,20,-0.020046,311,293.195391,174,137,0.013315,124,118.504861,73,51,8-Ball,0.083132
1006453,Robin Nathan,https://img.cuescore.com/image/8/4/862c792ba8eb7f97e626fbe6cbcc59f6.png,https://cuescore.com/img/flags/png-country-4x2-none/res-640x480/no.png,585.12,585.64,2026-09-23,obk,False,anchored,495.0,2026-09-23T16:00:00Z,89905801,269,157,112,0,2,269,157,112,0,0,0,0,0,0,1e-06,269,183.123587,0.211434,19,15.294399,12,7,0.049598,122,77.554556,76,46,-0.078431,128,90.274633,69,59,8-Ball,0.211434
12836296,Kochar Habib Mushir,https://img.cuescore.com/image/5/4/52b68b2add14e01de4fd4d88c0d69182.png?t=1772302809,https://cuescore.com/img/flags/png-country-4x2-none/res-640x480/se.png,584.61,584.16,2025-07-05,obk,False,anchored,2.0,2025-07-05T08:00:00Z,59079793,92,48,44,0,2,92,48,44,0,0,0,0,0,0,1.9e-05,92,68.801016,,0,0.0,0,0,,0,0.0,0,0,0.0,92,68.801016,48,44,10-Ball,0.0
1417853,Robin Hauge Pettersen,https://img.cuescore.com/image/8/4/8d73e872302ae047187778b2500eae33.png?t=1732796719,https://cuescore.com/img/flags/png-country-4x2-none/res-640x480/no.png,584.46,584.83,2026-06-15,obk,False,anchored,538.0,2026-06-15T16:00:00Z,83685481,152,84,68,0,2,152,84,68,0,0,0,0,0,0,5e-06,152,115.19587,,0,0.0,0,0,0.07913,60,46.394854,39,21,-0.05336,92,68.801016,45,47,9-Ball,0.07913
1006465,Ronny Oldervik,https://img.cuescore.com/image/d/4/d0caacc80c252936d0ca083487d72a10.png?t=1445364661,https://cuescore.com/img/flags/png-country-4x2-none/res-640x480/no.png,584.3,584.56,2025-07-05,obk,False,anchored,0.0,2025-07-05T08:00:00Z,59079793,61,30,31,0,2,61,30,31,0,0,0,0,0,0,-3.2e-05,61,45.618065,,0,0.0,0,0,,0,0.0,0,0,0.0,61,45.618065,30,31,10-Ball,0.0
1006536,Tormod Rygge,https://img.cuescore.com/image/2/4/2053792328b78e00e7caf0ef33d55776.png?t=1557667159,https://cuescore.com/img/flags/png-country-4x2-none/res-640x480/no.png,583.49,583.66,2026-08-10,obk,False,anchored,428.0,2026-08-10T16:00:00Z,86164780,99,61,38,0,2,99,61,38,0,0,0,0,0,0,1.5e-05,99,73.264557,,0,0.0,0,0,-0.023501,74,49.165191,42,32,0.047945,25,24.099367,19,6,10-Ball,0.047945
3585947,Didrik Voga Berg,https://img.cuescore.com/image/8/4/862c792ba8eb7f97e626fbe6cbcc59f6.png,https://cuescore.com/img/flags/png-country-4x2-none/res-640x480/no.png,581.72,582.17,2022-02-27,obk,False,anchored,80.0,2022-02-23T17:10:00Z,13488412,149,80,69,0,2,149,80,69,0,0,0,0,0,0,-2e-05,149,47.682681,-0.113553,17,2.966222,10,7,0.031143,111,37.850225,61,50,-0.12262,21,6.866234,9,12,9-Ball,0.031143
1006515,Thorbjørn Vildar Dahl Eriksen,https://img.cuescore.com/image/8/4/868df813ad6f5cffd252777db1935fbf.png?t=1497261618,https://cuescore.com/img/flags/png-country-4x2-none/res-640x480/no.png,580.35,580.38,2025-10-22,obk,False,anchored,466.0,2025-10-22T16:00:00Z,70292821,90,50,40,0,2,90,50,40,0,0,0,0,0,0,-1.2e-05,90,33.144632,0.043515,68,15.514039,38,30,,0,0.0,0,0,-0.038291,22,17.630593,12,10,8-Ball,0.043515
20124274,Paolo Speciale,https://img.cuescore.com/image/9/4/9a5ff1e940f4f6029d545ce7295675ac.png?t=1707903294,https://cuescore.com/img/flags/png-country-4x2-none/res-640x480/it.png,579.17,579.32,2026-05-11,obk,False,anchored,466.0,2026-05-11T16:00:00Z,81171145,447,241,206,0,2,447,241,206,0,0,0,0,0,0,3e-06,447,285.782158,-0.070469,54,39.173555,28,26,0.007698,317,195.474783,170,147,0.024557,76,51.13382,43,33,10-Ball,0.024557
1072290,Fedor Gorst,https://img.cuescore.com/image/f/4/f3e20ad59d024e18de36e33f43ead2dc.png?t=1631601239,https://cuescore.com/img/flags/png-country-4x2-none/res-640x480/ru.png,579.0,578.72,2019-08-30,obk,False,anchored,0.0,2019-08-30T14:00:00Z,5976158,96,55,41,0,2,96,55,41,0,0,0,0,0,0,-4.7e-05,96,18.591731,,0,0.0,0,0,-0.026022,66,12.780865,39,27,0.057235,30,5.810866,16,14,10-Ball,0.057235
1091363,Sanjin Pehlivanovic,https://img.cuescore.com/image/e/4/ecd989e6b8988b96a74643cd5e806777.png?t=1676458373,https://cuescore.com/img/flags/png-country-4x2-none/res-640x480/ba.png,578.41,578.74,2019-08-30,obk,False,anchored,0.0,2019-08-30T14:00:00Z,5976158,45,25,20,5,2,45,25,20,0,0,0,0,0,0,0.157891,45,8.715778,,0,0.0,0,0,0.12658,17,3.292303,11,6,-0.07684,28,5.423475,14,14,9-Ball,0.12658
1006204,Egil Arne Sørensen,https://img.cuescore.com/image/8/4/8951860177a57721e14d225b8cf045de.png?t=1698284000,https://cuescore.com/img/flags/png-country-4x2-none/res-640x480/no.png,577.07,577.28,2026-07-04,obk,False,anchored,2.0,2026-07-04T08:00:00Z,79932562,1166,605,561,0,2,1166,605,561,0,0,0,0,0,0,2e-06,1166,793.387167,-0.058184,74,20.768286,36,38,0.019136,795,555.709902,430,365,-0.043454,297,216.908979,139,158,9-Ball,0.019136
1006135,Anas Khan,https://img.cuescore.com/image/8/4/862c792ba8eb7f97e626fbe6cbcc59f6.png,https://cuescore.com/img/flags/png-country-4x2-none/res-640x480/no.png,576.85,577.13,2026-01-31,obk,False,anchored,4.0,2026-01-31T10:00:00Z,72236716,205,105,100,0,2,205,105,100,0,0,0,0,0,0,1.4e-05,205,151.829669,,0,0.0,0,0,-0.043279,18,2.098999,10,8,0.000607,187,149.73067,95,92,10-Ball,0.000607
1006450,Robert Farinetti,https://img.cuescore.com/image/2/4/2f4e6263b067924062af03733f9dff52.png?t=1496531120,https://cuescore.com/img/flags/png-country-4x2-none/res-640x480/it.png,576.47,576.11,2026-01-31,obk,False,anchored,1.0,2026-01-31T10:00:00Z,72236716,166,86,80,0,2,166,86,80,0,0,0,0,0,0,7e-06,166,126.149104,,0,0.0,0,0,0.163878,17,8.237579,10,7,-0.011449,149,117.911525,76,73,9-Ball,0.163878
26005654,Jacob Sæther,https://img.cuescore.com/image/0/4/0918d58f366e986146d4643e6685222e.png?t=1784673781,https://cuescore.com/img/flags/png-country-4x2-none/res-640x480/no.png,576.19,576.18,2026-09-23,obk,False,anchored,524.0,2026-09-23T16:00:00Z,89905801,2412,1291,1121,0,2,2412,1291,1121,0,0,0,0,0,0,-0.018548,2412,1931.031065,-0.005549,270,198.481912,147,123,-0.009469,1469,1180.166227,791,678,0.022224,673,552.382926,353,320,10-Ball,0.022224
1006163,Bjørn Bratteberg,https://img.cuescore.com/image/6/4/603786a85ccb7240ca913c188eaf8f76.png?t=1591603396,https://cuescore.com/img/flags/png-country-4x2-none/res-640x480/no.png,571.61,571.02,2026-10-07,obk,True,anchored,439.0,2026-10-07T16:00:00Z,90543088,1492,828,664,0,2,1492,828,664,0,0,0,0,0,0,0.0,1492,974.513389,0.057214,311,163.507293,187,124,-0.002194,712,566.023676,368,344,-0.033117,469,244.98242,273,196,8-Ball,0.057214
1075717,Bjørn Erik Øverland,https://img.cuescore.com/image/7/4/797daf7f0f241df9c9a14c19d7dc4b9b.png?t=1591603842,https://cuescore.com/img/flags/png-country-4x2-none/res-640x480/no.png,571.22,571.27,2020-09-18,obk,False,anchored,2.0,2020-06-06T11:00:00Z,7911168,393,209,184,0,2,393,209,184,0,0,0,0,0,0,8e-06,393,74.588319,0.015305,234,44.525541,138,96,-0.040324,101,22.821977,34,67,0.032979,58,7.240802,37,21,10-Ball,0.032979
30913960,Josef Knutsson,https://img.cuescore.com/image/8/4/842a10f6a642218e7a37d4a54a15204d.png?t=1694241499,https://cuescore.com/img/flags/png-country-4x2-none/res-640x480/se.png,570.73,569.77,2025-12-27,obk,False,anchored,2.0,2025-12-27T11:00:00Z,71848093,123,61,62,0,2,123,61,62,0,0,0,0,0,0,1.1e-05,123,102.707228,,0,0.0,0,0,0.0,123,102.707228,61,62,,0,0.0,0,0,9-Ball,0.0
1176475,Daniel Tesfa Salole,https://img.cuescore.com/image/f/4/f01fc0afc65624ed4b3d0b6b7569f81d.png?t=1483532116,https://cuescore.com/img/flags/png-country-4x2-none/res-640x480/no.png,570.13,570.42,2024-08-04,obk,False,anchored,,,,54,33,21,0,2,54,33,21,0,0,0,0,0,0,2.6e-05,54,32.676436,,0,0.0,0,0,0.0,54,32.676436,33,21,,0,0.0,0,0,9-Ball,0.0
1022496,Jozef Kwit,https://img.cuescore.com/image/0/4/01637b27248df68f0ea6d0f70a494d47.png?t=1764258850,https://cuescore.com/img/flags/png-country-4x2-none/res-640x480/pl.png,569.42,568.03,2026-10-07,obk,True,anchored,470.0,2026-10-07T16:00:00Z,90543088,1618,842,776,0,2,1618,842,776,0,0,0,0,0,0,-7e-06,1618,1063.361235,-0.034861,207,52.168993,107,100,0.000475,931,657.348452,499,432,0.004257,480,353.84379,236,244,10-Ball,0.004257
7153377,Henning Ingvorsen,https://img.cuescore.com/image/e/4/e3a4127c65f59302c36bda2ecb06e9ee.png?t=1636120016,https://cuescore.com/img/flags/png-country-4x2-none/res-640x480/no.png,569.23,569.59,2026-07-18,obk,False,anchored,2.0,2026-07-04T08:00:00Z,79932562,584,320,264,0,2,584,320,264,0,0,0,0,0,0,5e-06,584,469.017242,0.141877,20,15.60758,11,9,0.011287,274,205.146564,165,109,-0.018246,290,248.263099,144,146,8-Ball,0.141877
51736666,Yakup Aliz,https://img.cuescore.com/image/9/4/95ad0351251512cab1fa15040a914b26.png?t=1771328097,https://cuescore.com/img/flags/png-country-4x2-none/res-640x480/tr.png,568.06,568.04,2026-10-05,obk,False,anchored,469.0,2026-09-16T16:00:00Z,88468552,1352,729,623,0,2,1352,729,623,0,0,0,0,0,0,3e-06,1352,1145.274858,0.012681,251,211.869366,141,110,-0.000279,824,692.132409,437,387,-0.010336,277,241.273082,151,126,8-Ball,0.012681
20637220,Sindre Aarhus Narvestad,https://img.cuescore.com/image/8/4/862c792ba8eb7f97e626fbe6cbcc59f6.png,https://cuescore.com/img/flags/png-country-4x2-none/res-640x480/no.png,567.22,567.49,2024-07-08,obk,False,anchored,320.0,2024-07-08T16:00:00Z,44280010,91,48,43,0,2,91,48,43,0,0,0,0,0,0,-6e-06,91,45.12843,,0,0.0,0,0,0.06578,55,24.394437,30,25,-0.077392,36,20.733993,18,18,9-Ball,0.06578
1006292,Jan Thomassen,https://img.cuescore.com/image/0/4/03344da4b02a82722cd5f8d8c270c281.png?t=1630849658,https://cuescore.com/img/flags/png-country-4x2-none/res-640x480/no.png,565.04,565.29,2026-09-09,obk,False,anchored,521.0,2026-09-09T16:00:00Z,87717052,900,472,428,0,2,900,472,428,0,0,0,0,0,0,-0.0,900,680.237114,0.01611,57,43.109969,30,27,0.009429,640,481.0181,341,299,-0.033502,203,156.109046,101,102,8-Ball,0.01611
6181993,Kim Bjørnstad,https://img.cuescore.com/image/b/4/be0fe2693f2b774566e640fa7748c382.png?t=1748805797,https://cuescore.com/img/flags/png-country-4x2-none/res-640x480/no.png,565.0,564.88,2025-07-05,obk,False,anchored,2.0,2025-07-05T08:00:00Z,59079793,420,271,149,0,2,420,271,149,0,0,0,0,0,0,-7e-06,420,121.449587,0.090151,102,25.295032,70,32,-0.039267,227,67.835865,141,86,0.013536,91,28.31869,60,31,8-Ball,0.090151
2084051,Arian Kvalsund Hansen,https://img.cuescore.com/image/6/4/647c7e053815150e4d01f0498a8d323e.png?t=1784239177,https://cuescore.com/img/flags/png-country-4x2-none/res-640x480/no.png,564.75,564.98,2026-06-15,obk,False,anchored,,,,48,28,20,2,2,48,28,20,0,0,0,0,0,0,0.013577,48,38.085206,,0,0.0,0,0,-0.247249,10,9.156509,5,5,0.078259,38,28.928697,23,15,10-Ball,0.078259
8206764,Grzegorz Tabor,https://img.cuescore.com/image/2/4/2e3d07c1b46a78cdc7aaaa76cb95f7fe.png?t=1644406413,https://cuescore.com/img/flags/png-country-4x2-none/res-640x480/pl.png,564.16,564.35,2023-02-04,obk,False,anchored,384.0,2023-02-04T12:30:00Z,22638577,61,34,27,0,2,61,34,27,0,0,0,0,0,0,3.1e-05,61,20.988945,,0,0.0,0,0,-0.038118,31,10.682414,14,17,0.039508,30,10.306531,20,10,10-Ball,0.039508
43127857,Manabu Sekiguchi,https://img.cuescore.com/image/5/4/51fbf144207077a68108d1b56175d0a6.png?t=1766441780,https://cuescore.com/img/flags/png-country-4x2-none/res-640x480/jp.png,563.55,563.66,2026-08-31,obk,False,anchored,359.0,2026-08-03T16:00:00Z,85939042,1007,566,441,0,2,1007,566,441,0,0,0,0,0,0,-5e-06,1007,894.880249,0.053165,103,86.738456,67,36,-0.012166,629,566.232476,350,279,0.009415,275,241.909316,149,126,8-Ball,0.053165
1006399,Nedzat Cimilji,https://img.cuescore.com/image/d/4/d602c147f7181f4b66b54813f6bd2336.png?t=1655535403,https://cuescore.com/img/flags/png-country-4x2-none/res-640x480/al.png,563.24,563.73,2026-07-08,obk,False,anchored,372.0,2026-07-08T16:00:00Z,84684754,232,122,110,0,2,232,122,110,0,0,0,0,0,0,-1e-05,232,184.0113,-0.022712,40,35.773528,20,20,-0.024769,143,105.808216,73,70,0.080915,49,42.429555,29,20,10-Ball,0.080915
1157968,Jesper Gustafsson,https://img.cuescore.com/image/2/4/2bff8eda883261b811994b16a8f67bf6.png?t=1544449902,https://cuescore.com/img/flags/png-country-4x2-none/res-640x480/no.png,562.58,562.95,2026-04-03,obk,False,anchored,3.0,2026-04-03T13:00:00Z,79209838,100,57,43,0,2,100,57,43,0,0,0,0,0,0,2.6e-05,100,44.069445,-0.205602,15,2.425367,7,8,0.011974,85,41.644078,50,35,,0,0.0,0,0,9-Ball,0.011974
1061867,Stig Ringebo,https://img.cuescore.com/image/2/4/26ed737056bdc2952d81787bc247fd8f.png?t=1695907233,https://cuescore.com/img/flags/png-country-4x2-none/res-640x480/no.png,561.47,555.8,2026-10-07,obk,True,anchored,460.0,2026-10-07T16:00:00Z,90543088,741,372,369,0,2,741,372,369,0,0,0,0,0,0,2e-06,741,576.395511,0.048888,55,40.870362,33,22,-0.00821,508,410.209977,246,262,0.010931,178,125.315172,93,85,8-Ball,0.048888
2296091,Jayson Shaw,https://img.cuescore.com/image/b/4/b009816fb95331e16f399394d7524e2e.png?t=1544517590,https://cuescore.com/img/flags/png-country-4x2-none/res-640x480/gb.png,560.52,560.31,2020-01-24,obk,False,anchored,,,,70,44,26,0,2,70,44,26,0,0,0,0,0,0,-5.7e-05,70,14.87486,,0,0.0,0,0,,0,0.0,0,0,0.0,70,14.87486,44,26,10-Ball,0.0
7284524,Daniel Hult,https://img.cuescore.com/image/6/4/6a0c03fb23b9ce44b6c520d3333bc4e2.png?t=1724841371,https://cuescore.com/img/flags/png-country-4x2-none/res-640x480/se.png,559.72,560.02,2025-07-05,obk,False,anchored,1.0,2025-07-05T08:00:00Z,59079793,83,39,44,0,2,83,39,44,0,0,0,0,0,0,1.7e-05,83,62.070482,,0,0.0,0,0,,0,0.0,0,0,0.0,83,62.070482,39,44,10-Ball,0.0
1279214,Daniel Axeborg,https://img.cuescore.com/image/7/4/7f1f4b10245095e2573395dfd833b8b7.png?t=1712320427,https://cuescore.com/img/flags/png-country-4x2-none/res-640x480/no.png,558.64,558.85,2024-04-03,obk,False,anchored,3.0,2021-07-17T10:00:00Z,8996878,71,42,29,0,2,71,42,29,0,0,0,0,0,0,0.00022,71,10.422907,0.120292,38,6.021672,28,10,-0.12402,21,2.87228,10,11,-0.240779,12,1.528955,4,8,8-Ball,0.120292
2298416,Terje Kristoffersen,https://img.cuescore.com/image/9/4/908ddf9d7b9b6bddb637436225924df2.png?t=1759692859,https://cuescore.com/img/flags/png-country-4x2-none/res-640x480/no.png,558.58,559.05,2026-01-31,obk,False,anchored,3.0,2026-01-31T10:00:00Z,72236716,459,230,229,0,2,459,230,229,0,0,0,0,0,0,2e-06,459,280.501834,-0.016701,22,13.185855,12,10,-0.043695,159,68.509931,75,84,0.016165,278,198.806048,143,135,10-Ball,0.016165
6137239,Rudi Mathisen,https://img.cuescore.com/image/4/4/47a98faaff7c7badec4f0370e0a4fe9d.png?t=1565557963,https://cuescore.com/img/flags/png-country-4x2-none/res-640x480/no.png,557.39,557.69,2023-12-27,obk,False,anchored,325.0,2023-12-20T17:00:00Z,36216613,79,41,38,0,2,79,41,38,0,0,0,0,0,0,-7e-06,79,35.17702,-0.152146,16,8.419151,6,10,0.087129,32,10.456079,17,15,0.022691,31,16.30179,18,13,9-Ball,0.087129
25875517,Christian Hedin,https://img.cuescore.com/image/e/4/e335ce16cffa7556a64250dfae4f8e77.png?t=1681205262,https://cuescore.com/img/flags/png-country-4x2-none/res-640x480/se.png,557.1,557.32,2026-08-31,obk,False,anchored,457.0,2026-08-19T16:00:00Z,86380657,878,459,419,0,2,878,459,419,0,0,0,0,0,0,5e-06,878,709.677272,-0.081016,53,44.808463,25,28,-0.000135,567,451.501868,298,269,0.0173,258,213.36694,136,122,10-Ball,0.0173
1093760,Mindaugas Jomantas,https://img.cuescore.com/image/3/4/38cc01841357bcd91155075345ffce4b.png?t=1790084841,https://cuescore.com/img/flags/png-country-4x2-none/res-640x480/lt.png,556.81,558.14,2026-10-07,obk,True,anchored,420.0,2026-10-07T16:00:00Z,90543088,2128,1119,1009,0,2,2128,1119,1009,0,0,0,0,0,0,2e-06,2128,1335.326601,0.026508,261,106.030963,148,113,-0.011545,1340,931.769186,683,657,0.026708,527,297.526452,288,239,10-Ball,0.026708
44184394,Per Arne Grotthing,https://img.cuescore.com/image/4/4/46494dfa72bb67f431886cdb4eb155f3.png?t=1725269101,https://cuescore.com/img/flags/png-country-4x2-none/res-640x480/no.png,556.13,557.87,2026-10-07,obk,True,anchored,460.0,2026-10-07T16:00:00Z,90543088,1169,597,572,0,2,1169,597,572,0,0,0,0,0,0,-3e-06,1169,990.468483,0.059556,190,162.348107,108,82,-0.004532,786,662.598225,402,384,-0.040271,193,165.522152,87,106,8-Ball,0.059556
13874206,Torvald Asplund Trollhättan BK,https://img.cuescore.com/image/5/4/58c19d246f469880eb84942fabc19f1a.png?t=1759396185,https://cuescore.com/img/flags/png-country-4x2-none/res-640x480/se.png,555.78,556.07,2025-07-05,obk,False,anchored,2.0,2025-07-05T08:00:00Z,59079793,48,22,26,2,2,48,22,26,0,0,0,0,0,0,0.013718,48,35.896182,,0,0.0,0,0,,0,0.0,0,0,0.0,48,35.896182,22,26,10-Ball,0.0
1035192,Kjell Martin Andersen,https://img.cuescore.com/image/f/4/f0b986b7aace3e37295bfe59f072f90e.png?t=1714042633,https://cuescore.com/img/flags/png-country-4x2-none/res-640x480/no.png,555.53,555.76,2025-12-27,obk,False,anchored,1.0,2025-12-27T11:00:00Z,71848093,40,26,14,10,2,40,26,14,0,0,0,0,0,0,0.083879,40,29.345139,,0,0.0,0,0,0.0,40,29.345139,26,14,,0,0.0,0,0,9-Ball,0.0
1131881,Lars Haakon Lunde,https://img.cuescore.com/image/8/4/862c792ba8eb7f97e626fbe6cbcc59f6.png,https://cuescore.com/img/flags/png-country-4x2-none/res-640x480/no.png,553.86,553.64,2018-06-18,obk,False,anchored,,,,64,37,27,0,2,64,37,27,0,0,0,0,0,0,-8.2e-05,64,8.54268,0.084596,18,2.642496,12,6,,0,0.0,0,0,-0.037888,46,5.900185,25,21,8-Ball,0.084596
1006403,Niklas Engström-Øvretveit,https://img.cuescore.com/image/f/4/fea0a6e1ecee3ff96a10bfb99281a7da.png?t=1696062510,https://cuescore.com/img/flags/png-country-4x2-none/res-640x480/no.png,553.3,553.26,2026-09-30,obk,False,anchored,417.0,2026-09-30T16:00:00Z,90053185,519,256,263,0,2,519,256,263,0,0,0,0,0,0,-5e-06,519,359.507706,-0.066461,45,40.664742,17,28,0.002434,307,200.971381,161,146,0.018779,167,117.871583,78,89,10-Ball,0.018779
15982738,Asgeir Elfar Asgeirsson,https://img.cuescore.com/image/e/4/eff66e3aa251e8da9ad0928588dd2ba7.png?t=1782749427,https://cuescore.com/img/flags/png-country-4x2-none/res-640x480/is.png,552.18,552.4,2025-07-05,obk,False,anchored,3.0,2025-07-05T08:00:00Z,59079793,115,60,55,0,2,115,60,55,0,0,0,0,0,0,2e-06,115,85.971376,,0,0.0,0,0,-0.025773,22,16.422522,10,12,0.006086,93,69.548853,50,43,10-Ball,0.006086
1290914,Mark Gray,https://img.cuescore.com/image/e/4/e634ac9dfbad14474d5815a98ee63def.png?t=1484339097,https://cuescore.com/img/flags/png-country-4x2-none/res-640x480/gb.png,551.26,551.04,2019-08-30,obk,False,anchored,0.0,2019-08-30T14:00:00Z,5976158,59,32,27,0,2,59,32,27,0,0,0,0,0,0,-0.00013,59,11.423743,,0,0.0,0,0,0.0,59,11.423743,32,27,,0,0.0,0,0,9-Ball,0.0
1024805,Audun Bjerve,https://img.cuescore.com/image/a/4/a073ffcb17681daa679221db852044bf.png?t=1489310440,https://cuescore.com/img/flags/png-country-4x2-none/res-640x480/no.png,550.36,550.86,2026-09-30,obk,False,anchored,472.0,2026-09-30T16:00:00Z,90053185,882,457,425,0,2,882,457,425,0,0,0,0,0,0,-8e-06,882,748.464149,0.054064,95,85.197143,54,41,-0.005043,529,443.075783,274,255,-0.010772,258,220.191223,129,129,8-Ball,0.054064
1006145,Aria Senemar,https://img.cuescore.com/image/f/4/fea2ab10fe605fa5b5634672b700b6bd.png?t=1515587716,https://cuescore.com/img/flags/png-country-4x2-none/res-640x480/no.png,549.9,550.14,2025-12-10,obk,False,anchored,502.0,2025-12-10T17:00:00Z,73440613,205,105,100,0,2,205,105,100,0,0,0,0,0,0,4e-06,205,67.838184,0.026668,26,3.397227,14,12,-0.02196,82,26.841863,35,47,0.013268,97,37.599094,56,41,8-Ball,0.026668
44478316,Rune Stensvold,https://img.cuescore.com/image/5/4/5646369a370cce26c66ac8663a624cea.png?t=1788812353,https://cuescore.com/img/flags/png-country-4x2-none/res-640x480/no.png,549.56,550.17,2026-07-04,obk,False,anchored,4.0,2026-07-04T08:00:00Z,79932562,72,35,37,0,2,72,35,37,0,0,0,0,0,0,-1.5e-05,72,66.725955,,0,0.0,0,0,-0.206262,10,8.354477,3,7,0.029521,62,58.371479,32,30,10-Ball,0.029521
13295035,Jan Olav Johnsen,https://img.cuescore.com/image/8/4/836376f69b1d7a9c85b514e924a048d1.png?t=1645189337,https://cuescore.com/img/flags/png-country-4x2-none/res-640x480/no.png,548.89,549.11,2026-07-04,obk,False,anchored,2.0,2026-07-04T08:00:00Z,79932562,372,186,186,0,2,372,186,186,0,0,0,0,0,0,-1.2e-05,372,297.682715,,0,0.0,0,0,0.038505,162,117.872748,86,76,-0.025242,210,179.809967,100,110,9-Ball,0.038505
2354012,Arvydas Gitenis,https://img.cuescore.com/image/8/4/862c792ba8eb7f97e626fbe6cbcc59f6.png,https://cuescore.com/img/flags/png-country-4x2-none/res-640x480/lt.png,546.36,547.1,2024-07-27,obk,False,anchored,350.0,2024-07-24T16:00:00Z,45923086,51,21,30,0,2,51,21,30,0,0,0,0,0,0,1e-06,51,30.702865,,0,0.0,0,0,0.0,51,30.702865,21,30,,0,0.0,0,0,9-Ball,0.0
4935731,Rj Velasquez,https://img.cuescore.com/image/5/4/5cda04852396a658601a709c36798c15.png?t=1551701898,https://cuescore.com/img/flags/png-country-4x2-none/res-640x480/ph.png,546.24,546.39,2019-05-27,obk,False,anchored,,,,145,96,49,0,2,145,96,49,0,0,0,0,0,0,4e-06,145,25.49552,-0.018049,50,8.843946,33,17,0.031171,83,14.472698,57,26,-0.13379,12,2.178876,6,6,9-Ball,0.031171
59525161,Wojciech Wajda,https://img.cuescore.com/image/8/4/862c792ba8eb7f97e626fbe6cbcc59f6.png,https://cuescore.com/img/flags/png-country-4x2-none/res-640x480/pl.png,546.19,546.56,2026-01-28,obk,False,anchored,225.0,2026-01-28T17:00:00Z,74911768,42,20,22,8,2,42,20,22,0,0,0,0,0,0,0.05739,42,32.574878,,0,0.0,0,0,0.0,42,32.574878,20,22,,0,0.0,0,0,9-Ball,0.0
1006290,Jan Ove Kvalsund Hansen,https://img.cuescore.com/image/3/4/305c8ffb751b08dbad140246c266376a.png?t=1779803429,https://cuescore.com/img/flags/png-country-4x2-none/res-640x480/no.png,545.74,545.9,2025-08-02,obk,False,anchored,,,,40,22,18,10,2,40,22,18,0,0,0,0,0,0,0.076536,40,30.45126,,0,0.0,0,0,,0,0.0,0,0,0.0,40,30.45126,22,18,10-Ball,0.0
2230546,Tor B.,https://img.cuescore.com/image/8/4/862c792ba8eb7f97e626fbe6cbcc59f6.png,https://cuescore.com/img/flags/png-country-4x2-none/res-640x480/no.png,544.75,544.93,2019-01-07,obk,False,anchored,,,,90,55,35,0,2,90,55,35,0,0,0,0,0,0,-2e-05,90,12.975822,-0.068005,12,1.66316,7,5,0.009998,78,11.312663,48,30,,0,0.0,0,0,9-Ball,0.009998
56994721,Rolf-Tommy Østensson,https://img.cuescore.com/image/8/4/862c792ba8eb7f97e626fbe6cbcc59f6.png,https://cuescore.com/img/flags/png-country-4x2-none/res-640x480/se.png,544.62,545.05,2026-02-23,obk,False,anchored,295.0,2026-01-28T17:00:00Z,74911768,84,43,41,0,2,84,43,41,0,0,0,0,0,0,1.4e-05,84,70.966486,0.128368,17,14.477006,15,2,0.013774,52,43.487378,24,28,-0.189,15,13.002102,4,11,8-Ball,0.128368
1006467,Roy Toycowboy Grimsen,https://img.cuescore.com/image/c/4/c14c9da762ce65d6ab8ef72d292a6ba6.png?t=1527691496,https://cuescore.com/img/flags/png-country-4x2-none/res-640x480/no.png,543.75,544.47,2025-09-08,obk,False,anchored,381.0,2025-06-04T16:05:00Z,61791286,267,137,130,0,2,267,137,130,0,0,0,0,0,0,-3e-06,267,136.093483,-0.133454,14,8.390999,5,9,-0.008477,193,85.506032,102,91,0.043716,60,42.196452,30,30,10-Ball,0.043716
25946332,Peder Hammer,https://img.cuescore.com/image/e/4/e1d5c405e90817823e7f8057a2d83af6.png?t=1730135953,https://cuescore.com/img/flags/png-country-4x2-none/res-640x480/no.png,543.66,543.78,2024-12-11,obk,False,anchored,231.0,2024-12-11T17:00:00Z,52107403,52,31,21,0,2,52,31,21,0,0,0,0,0,0,-2.3e-05,52,26.28886,-0.019693,31,14.664809,20,11,0.024845,21,11.624052,11,10,,0,0.0,0,0,9-Ball,0.024845
1006543,Trond Lid Cappelen,https://img.cuescore.com/image/8/4/862c792ba8eb7f97e626fbe6cbcc59f6.png,https://cuescore.com/img/flags/png-country-4x2-none/res-640x480/no.png,543.48,543.55,2019-11-18,obk,False,anchored,,,,250,143,107,0,2,250,143,107,0,0,0,0,0,0,1.1e-05,250,38.118217,0.037628,84,12.392062,52,32,-0.010571,137,21.114644,77,60,-0.052716,29,4.611511,14,15,8-Ball,0.037628
1027114,Jeremiah Torres,https://img.cuescore.com/image/8/4/8e769b6795001aa9fef39d8f9a66c82a.png?t=1761840498,https://cuescore.com/img/flags/png-country-4x2-none/res-640x480/no.png,542.67,543.0,2026-01-31,obk,False,anchored,3.0,2026-01-31T10:00:00Z,72236716,333,167,166,0,2,333,167,166,0,0,0,0,0,0,3e-06,333,153.782794,-0.088232,64,11.934665,34,30,-0.039324,111,43.288554,53,58,0.027956,158,98.559575,80,78,10-Ball,0.027956
1006197,Daniel Salole,https://img.cuescore.com/image/d/4/d773ff3c105a615161665f4ca769be49.png?t=1484131929,https://cuescore.com/img/flags/png-country-4x2-none/res-640x480/no.png,541.57,541.86,2025-12-27,obk,False,anchored,2.0,2025-12-27T11:00:00Z,71848093,62,34,28,0,2,62,34,28,0,0,0,0,0,0,0.000111,62,21.420254,0.005946,39,4.094618,19,20,-0.001405,23,17.325636,15,8,,0,0.0,0,0,8-Ball,0.005946
1006420,Ole Tobias Tanilon Gangfløt,https://img.cuescore.com/image/f/4/f1926bc40d05863530d616af04169f4b.png?t=1514720572,https://cuescore.com/img/flags/png-country-4x2-none/res-640x480/no.png,541.52,542.04,2026-07-13,obk,False,anchored,0.0,2026-07-13T15:45:00Z,84819610,112,69,43,0,2,112,69,43,0,0,0,0,0,0,7e-06,112,100.506633,,0,0.0,0,0,0.010174,106,94.85778,67,39,-0.17085,6,5.648853,2,4,9-Ball,0.010174
53649337,Erlend Helgesen,https://img.cuescore.com/image/8/4/8e36b4e5c1b3b60935fab95c7efae87d.png?t=1736502915,https://cuescore.com/img/flags/png-country-4x2-none/res-640x480/no.png,540.78,540.91,2026-10-05,obk,False,anchored,419.0,2026-09-30T16:00:00Z,90053185,570,278,292,0,2,570,278,292,0,0,0,0,0,0,4e-06,570,490.996843,-0.064378,66,54.522726,26,40,0.021187,408,358.607436,205,203,-0.052495,96,77.866682,47,49,9-Ball,0.021187
6180822,Christian Rundqvist   Trollhättans Bk,https://img.cuescore.com/image/9/4/97282f103414671e2c05465f4d4fbd10.png?t=1736756158,https://cuescore.com/img/flags/png-country-4x2-none/res-640x480/se.png,540.08,540.38,2025-07-05,obk,False,anchored,2.0,2025-07-05T08:00:00Z,59079793,70,32,38,0,2,70,32,38,0,0,0,0,0,0,-2e-06,70,52.348599,,0,0.0,0,0,,0,0.0,0,0,0.0,70,52.348599,32,38,10-Ball,0.0
1006333,Kent Hansen,https://img.cuescore.com/image/e/4/e66e7151e4e19dfe359e86387ba24e14.png?t=1596995062,https://cuescore.com/img/flags/png-country-4x2-none/res-640x480/no.png,539.59,539.89,2026-09-23,obk,False,anchored,378.0,2026-09-23T16:00:00Z,89905801,2284,1140,1144,0,2,2284,1140,1144,0,0,0,0,0,0,5e-06,2284,1368.641941,-0.041897,194,115.833249,87,107,0.013755,1329,819.453367,676,653,-0.014811,761,433.355324,377,384,9-Ball,0.013755
9835810,Navid Eslah,https://img.cuescore.com/image/f/4/fbb9e41a5b3721235ac7c928a5805906.png?t=1717603928,https://cuescore.com/img/flags/png-country-4x2-none/res-640x480/no.png,539.44,539.72,2025-05-14,obk,False,anchored,519.0,2025-05-14T16:00:00Z,53309998,40,24,16,10,2,40,24,16,0,0,0,0,0,0,0.083692,40,26.817426,,0,0.0,0,0,-0.073313,24,17.370961,14,10,0.134814,16,9.446465,10,6,10-Ball,0.134814
15567079,Pawel Goik,https://img.cuescore.com/image/e/4/e19cd038fdb74d6e90d3f68afdb3ba44.png?t=1704406580,https://cuescore.com/img/flags/png-country-4x2-none/res-640x480/pl.png,539.11,539.34,2026-07-04,obk,False,anchored,3.0,2026-07-04T08:00:00Z,79932562,164,71,93,0,2,164,71,93,0,0,0,0,0,0,2e-06,164,132.382409,,0,0.0,0,0,,0,0.0,0,0,0.0,164,132.382409,71,93,10-Ball,0.0
1061500,Jim Fors,https://img.cuescore.com/image/8/4/862c792ba8eb7f97e626fbe6cbcc59f6.png,https://cuescore.com/img/flags/png-country-4x2-none/res-640x480/no.png,539.09,538.95,2022-08-17,obk,False,anchored,76.0,2022-08-17T16:00:00Z,17101861,168,84,84,0,2,168,84,84,0,0,0,0,0,0,-5.7e-05,168,24.297563,-0.136562,27,2.833522,11,16,0.010022,108,17.436534,57,51,0.052689,33,4.027506,16,17,10-Ball,0.052689
26088853,Simeon Ivanov,https://img.cuescore.com/image/2/4/2955fda07146c983ff1e4e06742a9d31.png?t=1771898045,https://cuescore.com/img/flags/png-country-4x2-none/res-640x480/bg.png,538.84,538.82,2026-03-11,obk,False,anchored,350.0,2026-03-11T17:00:00Z,77584183,180,93,87,0,2,180,93,87,0,0,0,0,0,0,1.6e-05,180,143.529434,-0.003062,57,48.407827,30,27,0.001558,123,95.121607,63,60,,0,0.0,0,0,9-Ball,0.001558
20010922,Tudor Pauliuc,https://img.cuescore.com/image/0/4/02479d5672e38247d5bed60e816766e2.png?t=1785933806,https://cuescore.com/img/flags/png-country-4x2-none/res-640x480/ro.png,538.54,538.65,2025-07-05,obk,False,anchored,4.0,2025-07-05T08:00:00Z,59079793,108,51,57,0,2,108,51,57,0,0,0,0,0,0,1.7e-05,108,80.722601,,0,0.0,0,0,-0.054018,33,24.634816,13,20,0.023726,75,56.087785,38,37,10-Ball,0.023726
2252446,Tor Bugten,https://img.cuescore.com/image/8/4/862c792ba8eb7f97e626fbe6cbcc59f6.png,https://cuescore.com/img/flags/png-country-4x2-none/res-640x480/no.png,538.32,538.53,2024-05-18,obk,False,anchored,320.0,2023-10-25T16:00:00Z,34219687,644,375,269,0,2,644,375,269,0,0,0,0,0,0,-8e-06,644,195.551375,-0.032475,93,27.825471,50,43,0.00576,425,117.636222,251,174,0.004514,126,50.089682,74,52,9-Ball,0.00576
1298131,Jack Nordby,https://img.cuescore.com/image/7/4/7307cbe88824c9194b927b4b40b81fa8.png?t=1657102337,https://cuescore.com/img/flags/png-country-4x2-none/res-640x480/no.png,538.24,538.31,2026-06-01,obk,False,anchored,369.0,2026-06-01T16:00:00Z,82585786,1094,554,540,0,2,1094,554,540,0,0,0,0,0,0,-2e-06,1094,686.257346,-0.073996,106,51.304355,47,59,0.012922,728,446.718621,381,347,-0.010498,260,188.23437,126,134,9-Ball,0.012922
83723041,Luka Bugarski,https://img.cuescore.com/image/d/4/d4af4bdd4ba3aa4c174aab7ea53a1c62.png?t=1783882505,https://cuescore.com/img/flags/png-country-4x2-none/res-640x480/rs.png,537.57,537.71,2026-06-15,obk,False,anchored,,,,26,21,5,24,2,26,21,5,0,0,0,0,0,0,0.220108,26,24.191013,,0,0.0,0,0,0.0,26,24.191013,21,5,,0,0.0,0,0,9-Ball,0.0
7121356,Roger Mølmann,https://img.cuescore.com/image/8/4/862c792ba8eb7f97e626fbe6cbcc59f6.png,https://cuescore.com/img/flags/png-country-4x2-none/res-640x480/no.png,537.36,537.57,2020-09-14,obk,False,anchored,57.0,2020-02-12T17:00:00Z,7443104,92,52,40,0,2,92,52,40,0,0,0,0,0,0,0.000122,92,20.320339,-0.030662,15,3.208553,8,7,0.041035,45,10.28666,28,17,-0.047433,32,6.825127,16,16,9-Ball,0.041035
1016719,Sebastian Meling,https://img.cuescore.com/image/6/4/68cd49c6e61326d18a0f726886c63d3f.png?t=1699971678,https://cuescore.com/img/flags/png-country-4x2-none/res-640x480/no.png,537.33,537.25,2024-04-13,obk,False,anchored,89.0,2021-11-17T17:00:00Z,10651603,107,58,49,0,2,107,58,49,0,0,0,0,0,0,2.6e-05,107,25.250568,,0,0.0,0,0,0.010102,60,19.514422,36,24,-0.034367,47,5.736145,22,25,9-Ball,0.010102
16636270,Stian Wium,https://img.cuescore.com/image/b/4/ba5da0655c8902b6b2161e2ff2de4d4b.png?t=1788971528,https://cuescore.com/img/flags/png-country-4x2-none/res-640x480/no.png,536.36,536.27,2026-01-31,obk,False,anchored,4.0,2026-01-31T10:00:00Z,72236716,348,173,175,0,2,348,173,175,0,0,0,0,0,0,-2e-06,348,253.738398,0.092578,24,12.628727,16,8,-0.067531,120,79.728687,49,71,0.026118,204,161.380984,108,96,8-Ball,0.092578
40844470,Øyvind Løvseth,https://img.cuescore.com/image/d/4/d6863afa12deef5412cc1ae1072d38d5.png?t=1710751246,https://cuescore.com/img/flags/png-country-4x2-none/res-640x480/no.png,536.33,536.7,2026-07-04,obk,False,anchored,3.0,2026-07-04T08:00:00Z,79932562,292,133,159,0,2,292,133,159,0,0,0,0,0,0,9e-06,292,247.092232,,0,0.0,0,0,0.002279,86,67.80295,40,46,-0.000862,206,179.289282,93,113,9-Ball,0.002279
3595353,Knut Holm,https://img.cuescore.com/image/8/4/862c792ba8eb7f97e626fbe6cbcc59f6.png,https://cuescore.com/img/flags/png-country-4x2-none/res-640x480/no.png,535.4,535.6,2020-03-09,obk,False,anchored,34.0,2019-02-27T17:00:00Z,4883743,226,145,81,0,2,226,145,81,0,0,0,0,0,0,7e-06,226,39.577451,0.165198,34,5.795118,28,6,-0.029317,146,25.1632,90,56,-0.025482,46,8.619133,27,19,8-Ball,0.165198
1612715,Kunta Kinte,https://img.cuescore.com/image/8/4/862c792ba8eb7f97e626fbe6cbcc59f6.png,https://cuescore.com/img/flags/png-country-4x2-none/res-640x480/pl.png,534.87,534.92,2020-02-24,obk,False,anchored,,,,336,190,146,0,2,336,190,146,0,0,0,0,0,0,1e-06,336,45.839478,0.00633,82,10.526759,47,35,0.003574,113,15.481997,64,49,-0.00615,141,19.830721,79,62,8-Ball,0.00633
1969407,Alexander Reyes Monsen,https://img.cuescore.com/image/9/4/93167011c14780537f064ae90d6eae97.png?t=1708341619,https://cuescore.com/img/flags/png-country-4x2-none/res-640x480/no.png,534.13,534.21,2018-02-19,obk,False,anchored,,,,65,40,25,0,2,65,40,25,0,0,0,0,0,0,-2.6e-05,65,8.530704,,0,0.0,0,0,0.0,65,8.530704,40,25,,0,0.0,0,0,9-Ball,0.0
1006186,Christian Wikeby,https://img.cuescore.com/image/0/4/06ee8ad98564e6f6d56dd422aa6af0c8.png?t=1483460945,https://cuescore.com/img/flags/png-country-4x2-none/res-640x480/no.png,533.22,533.47,2026-04-03,obk,False,anchored,1.0,2026-04-03T13:00:00Z,79209838,529,283,246,0,2,529,283,246,0,0,0,0,0,0,1e-06,529,248.293315,-0.028159,118,35.619216,60,58,0.005186,372,204.188991,199,173,-0.006602,39,8.485108,24,15,9-Ball,0.005186
43980262,Ask Benham,https://img.cuescore.com/image/f/4/f7028e3ae9e367f986e367f9b34f25ba.png?t=1731435213,https://cuescore.com/img/flags/png-country-4x2-none/res-640x480/no.png,531.61,531.81,2026-01-31,obk,False,anchored,3.0,2026-01-31T10:00:00Z,72236716,82,38,44,0,2,82,38,44,0,0,0,0,0,0,1.3e-05,82,70.038562,,0,0.0,0,0,,0,0.0,0,0,0.0,82,70.038562,38,44,10-Ball,0.0
3532613,Tom Kristiansen,https://img.cuescore.com/image/2/4/2f9815339a69b6180cfe058a8b8db478.png?t=1545505404,https://cuescore.com/img/flags/png-country-4x2-none/res-640x480/no.png,531.07,531.36,2025-12-27,obk,False,anchored,2.0,2025-12-27T11:00:00Z,71848093,125,59,66,0,2,125,59,66,0,0,0,0,0,0,3.3e-05,125,77.949514,,0,0.0,0,0,0.053504,58,27.844426,28,30,-0.029733,67,50.105088,31,36,9-Ball,0.053504
12165220,Rune Johnsen,https://img.cuescore.com/image/5/4/5103c198859539cee49e149208f17c86.png?t=1644248300,https://cuescore.com/img/flags/png-country-4x2-none/res-640x480/no.png,529.87,530.08,2024-04-13,obk,False,anchored,,,,88,55,33,0,2,88,55,33,0,0,0,0,0,0,9e-06,88,31.826409,0.115995,21,7.119364,17,4,-0.033424,67,24.707044,38,29,,0,0.0,0,0,8-Ball,0.115995
1006183,Christel Hanah Johnsen,https://img.cuescore.com/image/8/4/8925333ae7ecfce570ba9991a5e3ac8b.png?t=1710863176,https://cuescore.com/img/flags/png-country-4x2-none/res-640x480/no.png,529.31,529.43,2024-03-16,obk,False,anchored,325.0,2023-11-29T17:00:00Z,35172058,156,86,70,0,2,156,86,70,0,0,0,0,0,0,-4e-06,156,54.633442,-0.017202,8,2.920142,5,3,0.000971,148,51.713301,81,67,,0,0.0,0,0,9-Ball,0.000971
1277819,Lasse Kåring,https://img.cuescore.com/image/3/4/309803d12287ba0686b1aeee3ee7f798.png?t=1663711147,https://cuescore.com/img/flags/png-country-4x2-none/res-640x480/no.png,529.01,529.26,2024-12-18,obk,False,anchored,429.0,2024-12-18T17:00:00Z,52107430,1329,703,626,0,2,1329,703,626,0,0,0,0,0,0,-3e-06,1329,452.67638,0.039187,574,172.227002,298,276,-0.010818,536,203.436608,292,244,-0.059057,219,77.01277,113,106,8-Ball,0.039187
16144084,Truls Bakken,https://img.cuescore.com/image/c/4/ca1d73d5f732e5e29e22ae72eac5daf0.png?t=1766862688,https://cuescore.com/img/flags/png-country-4x2-none/res-640x480/no.png,528.87,528.91,2026-09-21,obk,False,anchored,320.0,2026-04-08T16:00:00Z,78942220,798,390,408,0,2,798,390,408,0,0,0,0,0,0,4e-06,798,581.992298,0.032724,174,107.821946,86,88,-0.007463,424,325.448102,209,215,-0.007395,200,148.72225,95,105,8-Ball,0.032724
1006430,Pak San Li,https://img.cuescore.com/image/5/4/5ea22822eaec144ec84802a6be986978.png?t=1705075166,https://cuescore.com/img/flags/png-country-4x2-none/res-640x480/hk.png,528.35,528.42,2019-11-25,obk,False,anchored,,,,126,71,55,0,2,126,71,55,0,0,0,0,0,0,0.000112,126,18.076304,-0.189919,32,4.589451,15,17,0.022331,67,9.858958,37,30,0.179569,27,3.627895,19,8,10-Ball,0.179569
1006562,Yousef Austrheim,https://img.cuescore.com/image/8/4/862c792ba8eb7f97e626fbe6cbcc59f6.png,https://cuescore.com/img/flags/png-country-4x2-none/res-640x480/no.png,527.55,530.29,2026-10-07,obk,True,anchored,470.0,2026-10-07T16:00:00Z,90543088,270,122,148,0,2,270,122,148,0,0,0,0,0,0,-1.1e-05,270,238.652595,-0.04133,22,18.203898,9,13,-0.00037,121,105.14664,56,65,0.006863,127,115.302057,57,70,10-Ball,0.006863
4734030,Ronny,https://img.cuescore.com/image/8/4/862c792ba8eb7f97e626fbe6cbcc59f6.png,https://cuescore.com/img/flags/png-country-4x2-none/res-640x480/no.png,526.71,526.87,2019-02-25,obk,False,anchored,,,,98,59,39,0,2,98,59,39,0,0,0,0,0,0,-2.5e-05,98,16.769007,-0.024193,26,4.443325,15,11,0.008721,72,12.325682,44,28,,0,0.0,0,0,9-Ball,0.008721
1014093,Espen Tingvoll,https://img.cuescore.com/image/4/4/4afac16290e73d7a46dcf8d7ec4a9708.png?t=1733163651,https://cuescore.com/img/flags/png-country-4x2-none/res-640x480/no.png,526.47,527.52,2025-05-14,obk,False,anchored,347.0,2025-05-14T16:00:00Z,53309998,51,23,28,0,2,51,23,28,0,0,0,0,0,0,1.6e-05,51,20.205697,0.08195,27,2.834736,13,14,-0.013373,24,17.370961,10,14,,0,0.0,0,0,8-Ball,0.08195
4743665,Morten Bakken,https://img.cuescore.com/image/0/4/0464fe0de7cf3ab210cbfdeaaf0dc682.png?t=1718050321,https://cuescore.com/img/flags/png-country-4x2-none/res-640x480/no.png,526.14,526.33,2022-06-29,obk,False,anchored,92.0,2022-06-29T16:00:00Z,16490590,49,24,25,1,2,49,24,25,0,0,0,0,0,0,0.018773,49,11.080966,,0,0.0,0,0,0.0,49,11.080966,24,25,,0,0.0,0,0,9-Ball,0.0
1014767,Astrid Eiken Flage,https://img.cuescore.com/image/c/4/c00f554b927f20000cf6eab042d79a75.png?t=1692221190,https://cuescore.com/img/flags/png-country-4x2-none/res-640x480/no.png,525.84,526.02,2021-04-25,obk,False,anchored,,,,456,205,251,0,2,456,205,251,0,0,0,0,0,0,-8e-06,456,128.294716,0.057053,157,43.445467,80,77,-0.04657,165,46.823164,65,100,-0.007839,134,38.026085,60,74,8-Ball,0.057053
20361406,Amir Khan,https://img.cuescore.com/image/8/4/862c792ba8eb7f97e626fbe6cbcc59f6.png,https://cuescore.com/img/flags/png-country-4x2-none/res-640x480/no.png,525.62,525.92,2026-01-19,obk,False,anchored,3.0,2025-12-27T11:00:00Z,71848093,384,182,202,0,2,384,182,202,0,0,0,0,0,0,1.1e-05,384,238.581746,-0.025327,72,42.635278,31,41,-0.005188,260,159.744087,124,136,0.052722,52,36.202381,27,25,10-Ball,0.052722
76192783,Chris Wells,https://img.cuescore.com/image/4/4/4ddf50f2e874b645d26cc30011565d5c.png?t=1770903779,https://cuescore.com/img/flags/png-country-4x2-none/res-640x480/mt.png,525.01,525.37,2026-04-15,obk,False,anchored,325.0,2026-04-15T16:00:00Z,78942265,46,20,26,4,2,46,20,26,0,0,0,0,0,0,0.019916,46,40.966279,,0,0.0,0,0,0.028466,27,23.957399,12,15,-0.040095,19,17.00888,8,11,9-Ball,0.028466
1006359,Larry Skogheim,https://img.cuescore.com/image/1/4/10895ef720bada828fb107dcc39baa47.png?t=1574289124,https://cuescore.com/img/flags/png-country-4x2-none/res-640x480/no.png,524.55,524.81,2026-04-03,obk,False,anchored,2.0,2026-04-03T13:00:00Z,79209838,64,30,34,0,2,64,30,34,0,0,0,0,0,0,4e-06,64,39.791636,,0,0.0,0,0,-0.007252,41,36.007723,19,22,0.069013,23,3.783913,11,12,10-Ball,0.069013
1006328,Lioness Princess,https://img.cuescore.com/image/c/4/c7c0b5ee022a9f2b3ef03b301b2ee1d3.png?t=1552833511,https://cuescore.com/img/flags/png-country-4x2-none/res-640x480/no.png,524.53,524.69,2023-02-22,obk,False,anchored,328.0,2023-02-22T17:00:00Z,21241669,83,39,44,0,2,83,39,44,0,0,0,0,0,0,2.5e-05,83,20.176019,0.059651,49,13.110551,27,22,-0.146565,13,4.479722,3,10,-0.04853,21,2.585746,9,12,8-Ball,0.059651
1697351,Per Ingvarsson,https://img.cuescore.com/image/8/4/862c792ba8eb7f97e626fbe6cbcc59f6.png,https://cuescore.com/img/flags/png-country-4x2-none/res-640x480/se.png,522.71,522.45,2017-12-11,obk,False,anchored,,,,80,46,34,0,2,80,46,34,0,0,0,0,0,0,-0.000167,80,10.190888,0.017045,45,5.671534,29,16,-0.083464,21,2.735574,9,12,0.073804,14,1.783781,8,6,10-Ball,0.073804
18284020,Nomen Nescio,https://img.cuescore.com/image/8/4/862c792ba8eb7f97e626fbe6cbcc59f6.png,https://cuescore.com/img/flags/png-country-4x2-none/res-640x480/no.png,521.31,521.56,2025-05-16,obk,False,anchored,0.0,2025-05-16T16:00:00Z,59841952,209,109,100,0,2,209,109,100,0,0,0,0,0,0,1e-05,209,104.040021,0.06163,52,26.131397,28,24,0.010996,112,55.145924,61,51,-0.097389,45,22.7627,20,25,8-Ball,0.06163
1006281,Jan Atle Kofoed,https://img.cuescore.com/image/8/4/82d5d809600aecc46b7d3756b4ea78a7.png?t=1442044357,https://cuescore.com/img/flags/png-country-4x2-none/res-640x480/no.png,520.56,520.76,2025-10-15,obk,False,anchored,377.0,2025-10-15T16:00:00Z,70086943,671,316,355,0,2,671,316,355,0,0,0,0,0,0,-1e-05,671,270.038762,-0.003748,181,61.85844,90,91,0.012144,287,130.773699,136,151,-0.017522,203,77.406623,90,113,9-Ball,0.012144
69888928,T M.H,https://img.cuescore.com/image/7/4/7573bd1ad2155bd6ba6d0830bd161b2e.png?t=1761607499,https://cuescore.com/img/flags/png-country-4x2-none/res-640x480/no.png,519.36,519.1,2026-08-31,obk,False,anchored,253.0,2026-08-31T16:00:00Z,86423461,110,71,39,0,2,110,71,39,0,0,0,0,0,0,1.4e-05,110,94.004883,0.0,110,94.004883,71,39,,0,0.0,0,0,,0,0.0,0,0,8-Ball,0.0
16686499,Herman Aleksander Wium,https://img.cuescore.com/image/4/4/4fd106c70d29e59cc5d65a013b8dbd71.png?t=1789749821,https://cuescore.com/img/flags/png-country-4x2-none/res-640x480/no.png,519.28,519.32,2026-07-04,obk,False,anchored,3.0,2026-07-04T08:00:00Z,79932562,479,216,263,0,2,479,216,263,0,0,0,0,0,0,-7e-06,479,378.326243,-0.184674,13,6.84056,4,9,-0.004022,252,192.277049,111,141,0.011365,214,179.208633,101,113,10-Ball,0.011365
1934129,Johnny Lotto,https://img.cuescore.com/image/8/4/862c792ba8eb7f97e626fbe6cbcc59f6.png,,518.53,518.37,2018-01-15,obk,False,anchored,,,,80,43,37,0,2,80,43,37,0,0,0,0,0,0,-5.6e-05,80,10.350365,0.100043,26,3.424314,16,10,-0.04172,34,4.377792,18,16,-0.062765,20,2.548259,9,11,8-Ball,0.100043
1277043,Alexander Hagen,https://img.cuescore.com/image/0/4/0bb3f29a6d41e5f98d383c8f3f0d34b1.png?t=1728761584,https://cuescore.com/img/flags/png-country-4x2-none/res-640x480/no.png,517.84,518.08,2026-04-20,obk,False,anchored,425.0,2026-03-18T17:00:00Z,77585350,179,85,94,0,2,179,85,94,0,0,0,0,0,0,2e-06,179,119.174822,0.033583,25,12.907967,12,13,0.004581,150,103.735052,73,77,-0.358912,4,2.531802,0,4,8-Ball,0.033583
71804122,Henning Hagen,https://img.cuescore.com/image/4/4/44603ea7a8624735e759a865c36ce516.png?t=1762346038,https://cuescore.com/img/flags/png-country-4x2-none/res-640x480/no.png,516.69,516.76,2025-12-10,obk,False,anchored,328.0,2025-12-10T17:00:00Z,73440613,79,36,43,0,2,79,36,43,0,0,0,0,0,0,1.4e-05,79,64.553742,,0,0.0,0,0,0.005698,60,48.923905,27,33,-0.017835,19,15.629837,9,10,9-Ball,0.005698
42921529,Joshua Turla Tuppal,https://img.cuescore.com/image/2/4/26b36c0184734fecd9b0825ed8b79be6.png?t=1790673876,https://cuescore.com/img/flags/png-country-4x2-none/res-640x480/ph.png,516.26,516.28,2026-09-30,obk,False,anchored,307.0,2026-09-30T16:00:00Z,90053185,1068,502,566,0,2,1068,502,566,0,0,0,0,0,0,2e-06,1068,854.316635,0.011957,157,125.292971,83,74,-0.010509,637,509.738589,299,338,0.017597,274,219.285075,120,154,10-Ball,0.017597
1030563,Alexander Baranji,https://img.cuescore.com/image/4/4/47b05ae303d3174c04a779e249a19579.png?t=1762883231,https://cuescore.com/img/flags/png-country-4x2-none/res-640x480/no.png,516.15,516.21,2026-09-28,obk,False,anchored,419.0,2026-09-02T16:00:00Z,86425378,582,278,304,0,2,582,278,304,0,0,0,0,0,0,6e-06,582,437.376416,0.033775,65,58.784486,31,34,-0.00998,443,340.865315,212,231,0.037543,74,37.726616,35,39,10-Ball,0.037543
2052753,Morten Falk,https://img.cuescore.com/image/7/4/7d335b5482a61f4a5cdd7ce0e90983b8.png?t=1517871964,https://cuescore.com/img/flags/png-country-4x2-none/res-640x480/no.png,516.04,516.16,2020-02-24,obk,False,anchored,56.0,2019-02-06T17:00:00Z,4721264,745,423,322,0,2,745,423,322,0,0,0,0,0,0,-6e-06,745,117.462908,-0.005402,192,31.313777,107,85,0.0078,489,73.364768,287,202,-0.031532,64,12.784363,29,35,9-Ball,0.0078
26143903,Katrine Sætereng,https://img.cuescore.com/image/2/4/212cbd6eb399cf603dc07d800defc260.png?t=1780381479,https://cuescore.com/img/flags/png-country-4x2-none/res-640x480/no.png,515.62,515.86,2026-10-07,obk,True,anchored,435.0,2026-10-07T16:00:00Z,90543088,1167,560,607,0,2,1167,560,607,0,0,0,0,0,0,7e-06,1167,938.290528,-0.026593,141,96.1062,73,68,0.0114,753,619.363617,370,383,-0.020219,273,222.82071,117,156,9-Ball,0.0114
16476664,Øystein Følling,https://img.cuescore.com/image/8/4/862c792ba8eb7f97e626fbe6cbcc59f6.png,https://cuescore.com/img/flags/png-country-4x2-none/res-640x480/no.png,515.32,515.39,2026-09-30,obk,False,anchored,354.0,2026-09-30T16:00:00Z,90053185,1054,496,558,0,2,1054,496,558,0,0,0,0,0,0,6e-06,1054,609.948726,-0.00459,170,74.653972,81,89,0.006148,573,340.793883,275,298,-0.00901,311,194.500872,140,171,9-Ball,0.006148
21900748,Leoncio Jr Licarte,https://img.cuescore.com/image/9/4/9b144cb010622c9a52090620d768e271.png?t=1760780281,https://cuescore.com/img/flags/png-country-4x2-none/res-640x480/ph.png,515.12,515.31,2025-10-13,obk,False,anchored,297.0,2025-10-13T16:00:00Z,70078510,72,42,30,0,2,72,42,30,0,0,0,0,0,0,-1e-05,72,55.606135,0.133988,19,13.613523,15,4,-0.168098,20,15.911656,8,12,0.032616,33,26.080956,19,14,8-Ball,0.133988
1006239,Frank Hjeldnes,https://img.cuescore.com/image/d/4/d0c6c02918708134a763e2e2a0ca08af.png?t=1523131167,https://cuescore.com/img/flags/png-country-4x2-none/res-640x480/no.png,514.33,514.45,2025-12-28,obk,False,anchored,1.0,2025-12-28T15:00:00Z,74033515,69,35,34,0,2,69,35,34,0,0,0,0,0,0,5e-06,69,31.979551,-0.190724,13,10.868838,5,8,0.09398,35,18.547754,20,15,0.128689,21,2.562959,10,11,10-Ball,0.128689
7131339,Roger Mølmann,https://img.cuescore.com/image/3/4/34be07c6aa5be235fe40a50871001bf3.png?t=1602961257,https://cuescore.com/img/flags/png-country-4x2-none/res-640x480/no.png,514.08,514.29,2025-09-17,obk,False,anchored,313.0,2025-09-17T16:00:00Z,67973878,960,527,433,0,2,960,527,433,0,0,0,0,0,0,2e-06,960,339.461433,0.034641,188,65.092046,111,77,-0.008514,456,169.823668,247,209,-0.007738,316,104.545719,169,147,8-Ball,0.034641
1095179,Ernesto Antonio Meléndez,https://img.cuescore.com/image/2/4/26262ff4af43122f00476168f64b5bda.png?t=1522650690,https://cuescore.com/img/flags/png-country-4x2-none/res-640x480/no.png,513.92,514.1,2026-10-07,obk,True,anchored,295.0,2026-10-07T16:00:00Z,90543088,688,313,375,0,2,688,313,375,0,0,0,0,0,0,2e-06,688,528.431727,-0.035281,125,82.245604,52,73,0.00201,455,358.787349,213,242,0.024951,108,87.398774,48,60,10-Ball,0.024951
13988242,Monika Goik,https://img.cuescore.com/image/6/4/69daab49c5890bb397da03a24ca8ca6f.png?t=1651227621,https://cuescore.com/img/flags/png-country-4x2-none/res-640x480/pl.png,513.38,513.45,2025-07-05,obk,False,anchored,4.0,2025-07-05T08:00:00Z,59079793,43,19,24,7,2,43,19,24,0,0,0,0,0,0,0.040695,43,32.156997,,0,0.0,0,0,,0,0.0,0,0,0.0,43,32.156997,19,24,10-Ball,0.0
8498578,Riaz Ali,https://img.cuescore.com/image/f/4/fb5b79044dab0faef6b2c1e2ceb7b313.png?t=1786194576,https://cuescore.com/img/flags/png-country-4x2-none/res-640x480/no.png,512.93,513.29,2026-07-04,obk,False,anchored,3.0,2026-07-04T08:00:00Z,79932562,796,388,408,0,2,796,388,408,0,0,0,0,0,0,-8e-06,796,501.127323,0.06142,84,50.171657,49,35,-0.020828,524,313.903394,242,282,0.025219,188,137.052272,97,91,8-Ball,0.06142
1510340,Andris Viksnins,https://img.cuescore.com/image/a/4/aa8ae696def0c9c88edb24684774e16d.png?t=1581432669,https://cuescore.com/img/flags/png-country-4x2-none/res-640x480/no.png,512.83,512.96,2026-08-03,obk,False,anchored,325.0,2026-08-03T16:00:00Z,85939042,2727,1436,1291,0,2,2727,1436,1291,0,0,0,0,0,0,-1e-06,2727,1064.71599,0.007547,643,215.867914,338,305,-0.00793,1443,658.719745,737,706,0.018905,641,190.128332,361,280,10-Ball,0.018905
1006298,Jarek (Barracuda) Kapuściński,https://img.cuescore.com/image/5/4/5308cfe182f097062e00cb89ba193eb9.png?t=1443616526,https://cuescore.com/img/flags/png-country-4x2-none/res-640x480/pl.png,512.46,512.82,2026-09-07,obk,False,anchored,313.0,2026-09-02T16:00:00Z,86425378,615,319,296,0,2,615,319,296,0,0,0,0,0,0,5e-06,615,402.038297,-0.087314,76,50.402223,35,41,0.015613,441,289.10103,237,204,-0.001806,98,62.535045,47,51,9-Ball,0.015613
1071778,Deleted Account,https://img.cuescore.com/image/8/4/862c792ba8eb7f97e626fbe6cbcc59f6.png,https://cuescore.com/img/flags/png-country-4x2-none/res-640x480/no.png,512.46,512.58,2019-09-02,obk,False,anchored,52.0,2018-03-07T17:15:00Z,2205279,277,143,134,0,2,277,143,134,0,0,0,0,0,0,1.7e-05,277,40.059195,0.012549,99,14.411211,52,47,-0.029936,77,11.491476,39,38,0.011525,101,14.156508,52,49,8-Ball,0.012549
20809939,Gary Zacaria,https://img.cuescore.com/image/8/4/862c792ba8eb7f97e626fbe6cbcc59f6.png,https://cuescore.com/img/flags/png-country-4x2-none/res-640x480/ph.png,511.67,511.94,2024-10-16,obk,False,anchored,317.0,2024-10-16T16:00:00Z,48275275,151,71,80,0,2,151,71,80,0,0,0,0,0,0,2.5e-05,151,75.148941,,0,0.0,0,0,0.0,151,75.148941,71,80,,0,0.0,0,0,9-Ball,0.0
3185355,Ivar Lexi,https://img.cuescore.com/image/e/4/ec32dcbf8d23e79723a618d5146475df.png?t=1768498721,https://cuescore.com/img/flags/png-country-4x2-none/res-640x480/no.png,511.38,512.48,2026-10-07,obk,True,anchored,380.0,2026-10-07T16:00:00Z,90543088,1566,697,869,0,2,1566,697,869,0,0,0,0,0,0,5e-06,1566,1306.436034,0.005108,153,130.455097,70,83,0.004417,1029,853.408855,461,568,-0.01375,384,322.572081,166,218,8-Ball,0.005108
1946517,Ivan Tadic,https://img.cuescore.com/image/f/4/f70dafc0141d998b2619c59d23283ffb.png?t=1509996043,https://cuescore.com/img/flags/png-country-4x2-none/res-640x480/no.png,510.47,510.64,2022-04-04,obk,False,anchored,12.0,2020-01-30T19:15:00Z,7224607,1145,608,537,0,2,1145,608,537,0,0,0,0,0,0,-1e-06,1145,196.234341,-0.018243,368,60.823286,205,163,0.008232,633,108.017894,329,304,0.008047,144,27.393161,74,70,9-Ball,0.008232
2063761,Kurt Anders Lund,https://img.cuescore.com/image/9/4/932491ad8667f8957f24b9df124b79a0.png?t=1729685568,https://cuescore.com/img/flags/png-country-4x2-none/res-640x480/no.png,510.27,510.79,2026-06-24,obk,False,anchored,450.0,2026-06-24T16:00:00Z,83950600,50,22,28,0,2,50,22,28,0,0,0,0,0,0,6e-06,50,46.764314,,0,0.0,0,0,0.0,50,46.764314,22,28,,0,0.0,0,0,9-Ball,0.0
48159925,Ole-Jakob Rosenvold,https://img.cuescore.com/image/a/4/ac8138d357b9d12dd00be31639899b4c.png?t=1728812914,https://cuescore.com/img/flags/png-country-4x2-none/res-640x480/no.png,509.98,510.27,2026-09-23,obk,False,anchored,319.0,2026-09-23T16:00:00Z,89905801,134,70,64,0,2,134,70,64,0,0,0,0,0,0,1e-06,134,119.164884,-0.019378,56,47.788721,27,29,0.012026,72,65.429066,41,31,0.023409,6,5.947097,2,4,10-Ball,0.023409
25484464,Joaquin K. Yovine,https://img.cuescore.com/image/4/4/439ff949812ca26dfb670b2fcddea663.png?t=1762679224,https://cuescore.com/img/flags/png-country-4x2-none/res-640x480/ar.png,509.9,510.25,2025-10-22,obk,False,anchored,381.0,2025-10-22T16:00:00Z,70292821,647,285,362,0,2,647,285,362,0,0,0,0,0,0,1e-05,647,464.052775,-0.050663,61,42.459511,22,39,-0.004852,474,341.601931,210,264,0.047613,112,79.991333,53,59,10-Ball,0.047613
1290151,Imran Majid,https://img.cuescore.com/image/d/4/d287a022cd86a20655f3fe5a5894a799.png?t=1484339319,https://cuescore.com/img/flags/png-country-4x2-none/res-640x480/gb.png,509.46,509.41,2019-08-30,obk,False,anchored,0.0,2019-08-30T14:00:00Z,5976158,41,24,17,9,2,41,24,17,0,0,0,0,0,0,0.205328,41,7.939424,,0,0.0,0,0,0.0,41,7.939424,24,17,,0,0.0,0,0,9-Ball,0.0
10220035,Marius Lamby Solvang,https://img.cuescore.com/image/5/4/5551b89a55c5007133c8bebe6d6a284b.png?t=1712844064,https://cuescore.com/img/flags/png-country-4x2-none/res-640x480/no.png,509.27,509.47,2026-08-10,obk,False,anchored,305.0,2026-08-10T16:00:00Z,86164780,1248,598,650,0,2,1248,598,650,0,0,0,0,0,0,2e-06,1248,794.739308,-0.007861,178,73.296058,99,79,-0.030219,716,466.720179,327,389,0.057631,354,254.723071,172,182,10-Ball,0.057631
1006174,Børre Kofoed Karaka,https://img.cuescore.com/image/f/4/f5938ce323c3e2ca496567a495dbab64.png?t=1447875824,https://cuescore.com/img/flags/png-country-4x2-none/res-640x480/no.png,508.93,509.06,2018-09-19,obk,False,anchored,38.0,2018-09-19T16:00:00Z,3079945,275,143,132,0,2,275,143,132,0,0,0,0,0,0,-3e-06,275,36.061004,0.06066,134,16.500137,77,57,-0.015754,112,15.902292,56,56,-0.2051,29,3.658575,10,19,8-Ball,0.06066
1015952,Marius Farås,https://img.cuescore.com/image/9/4/966b6ba72e1babc46e394f0e4e028199.png?t=1451653219,https://cuescore.com/img/flags/png-country-4x2-none/res-640x480/no.png,508.07,508.11,2024-12-27,obk,False,anchored,2.0,2024-12-27T11:00:00Z,52314610,176,87,89,0,2,176,87,89,0,0,0,0,0,0,-1.6e-05,176,24.099069,0.020214,66,8.811428,34,32,-0.020796,80,11.414136,38,42,0.015297,30,3.873505,15,15,8-Ball,0.020214
2653482,Adil Lusjani,https://img.cuescore.com/image/8/4/862c792ba8eb7f97e626fbe6cbcc59f6.png,https://cuescore.com/img/flags/png-country-4x2-none/res-640x480/no.png,507.97,508.14,2019-01-21,obk,False,anchored,,,,208,128,80,0,2,208,128,80,0,0,0,0,0,0,-1e-06,208,32.561049,0.090343,15,2.526161,10,5,-0.007599,193,30.034888,118,75,,0,0.0,0,0,8-Ball,0.090343
1006340,Kjartan Maraas,https://img.cuescore.com/image/8/4/80cd0b7c3c0eda0f178367486ebed239.png?t=1652428795,https://cuescore.com/img/flags/png-country-4x2-none/res-640x480/no.png,507.76,509.1,2026-10-07,obk,True,anchored,420.0,2026-10-07T16:00:00Z,90543088,244,98,146,0,2,244,98,146,0,0,0,0,0,0,-0.0,244,179.567923,,0,0.0,0,0,-0.059153,168,125.156515,65,103,0.136063,76,54.411408,33,43,10-Ball,0.136063
2043792,Vaios Evangelou,https://img.cuescore.com/image/7/4/7036968f7bde92e60c5f1fa05435bf33.png?t=1739016923,https://cuescore.com/img/flags/png-country-4x2-none/res-640x480/gr.png,506.04,506.12,2021-06-30,obk,False,anchored,58.0,2021-06-30T16:00:00Z,8985252,134,66,68,0,2,134,66,68,0,0,0,0,0,0,-3.3e-05,134,22.98849,0.075598,60,9.136622,33,27,-0.049864,74,13.851868,33,41,,0,0.0,0,0,8-Ball,0.075598
1022588,Nikolaos Chatzitheodorou,https://img.cuescore.com/image/9/4/9f111cc7394df3d82ee00a85986c9c3d.png?t=1539274559,https://cuescore.com/img/flags/png-country-4x2-none/res-640x480/gr.png,506.02,506.17,2018-12-15,obk,False,anchored,45.0,2018-10-31T17:00:00Z,3305333,265,137,128,0,2,265,137,128,0,0,0,0,0,0,1e-05,265,40.984151,0.044006,94,14.855333,51,43,-0.029066,158,23.996881,79,79,0.020529,13,2.131937,7,6,8-Ball,0.044006
75512620,Trond Evjen,https://img.cuescore.com/image/8/4/862c792ba8eb7f97e626fbe6cbcc59f6.png,https://cuescore.com/img/flags/png-country-4x2-none/res-640x480/no.png,506.01,506.12,2026-03-04,obk,False,anchored,241.0,2026-03-04T17:00:00Z,77583133,65,35,30,0,2,65,35,30,0,0,0,0,0,0,-3e-06,65,56.28121,0.075369,34,29.372075,25,9,-0.230301,16,13.890573,2,14,0.07568,15,13.018562,8,7,10-Ball,0.07568
3587297,Didrik V Berg,https://img.cuescore.com/image/8/4/862c792ba8eb7f97e626fbe6cbcc59f6.png,https://cuescore.com/img/flags/png-country-4x2-none/res-640x480/no.png,505.57,505.76,2021-11-24,obk,False,anchored,78.0,2021-11-24T17:05:00Z,10951717,45,27,18,5,2,45,27,18,0,0,0,0,0,0,0.061853,45,14.178477,,0,0.0,0,0,-0.023212,24,7.546241,14,10,0.026411,21,6.632235,13,8,10-Ball,0.026411
12042235,Evert Andersson,https://img.cuescore.com/image/4/4/44c626da57307bdf01fb14d0ecb7f565.png?t=1654608437,https://cuescore.com/img/flags/png-country-4x2-none/res-640x480/se.png,505.42,506.24,2026-06-24,obk,False,anchored,400.0,2026-06-24T16:00:00Z,83950600,49,23,26,1,2,49,23,26,0,0,0,0,0,0,0.005461,49,32.074414,,0,0.0,0,0,-0.051804,31,18.371347,12,19,0.069453,18,13.703067,11,7,10-Ball,0.069453
1006171,Bjørnar Davidsen,https://img.cuescore.com/image/1/4/13ae6d4051653c58f346f9f6478528a5.png?t=1441835857,https://cuescore.com/img/flags/png-country-4x2-none/res-640x480/no.png,504.91,505.04,2023-09-18,obk,False,anchored,55.0,2018-11-07T17:00:00Z,3341207,443,236,207,0,2,443,236,207,0,0,0,0,0,0,5e-06,443,76.474004,0.01078,170,30.719514,94,76,-0.027842,158,29.869088,79,79,0.031504,115,15.885401,63,52,10-Ball,0.031504
2210932,Victoria Hauge Pettersen,https://img.cuescore.com/image/2/4/2044e33e460b5b4cc302d7e8c949c53d.png?t=1618516612,https://cuescore.com/img/flags/png-country-4x2-none/res-640x480/no.png,504.41,504.6,2021-04-25,obk,False,anchored,,,,387,157,230,0,2,387,157,230,0,0,0,0,0,0,1.3e-05,387,108.812876,-0.062857,143,39.571349,49,94,0.079314,124,35.188317,60,64,-0.008915,120,34.05321,48,72,9-Ball,0.079314
1597907,Haukur Stefansson,https://img.cuescore.com/image/8/4/862c792ba8eb7f97e626fbe6cbcc59f6.png,https://cuescore.com/img/flags/png-country-4x2-none/res-640x480/is.png,504.15,504.52,2026-01-28,obk,False,anchored,317.0,2026-01-28T17:00:00Z,74911768,86,40,46,0,2,86,40,46,0,0,0,0,0,0,2.5e-05,86,62.939631,,0,0.0,0,0,0.023788,71,51.790461,32,39,-0.110501,15,11.14917,8,7,9-Ball,0.023788
8270907,Christian Söderström,https://img.cuescore.com/image/6/4/6a3d709e325db75a3d35a56a683978dc.png?t=1766584752,https://cuescore.com/img/flags/png-country-4x2-none/res-640x480/no.png,502.7,502.88,2026-05-11,obk,False,anchored,328.0,2026-05-11T16:00:00Z,81171145,129,61,68,0,2,129,61,68,0,0,0,0,0,0,1e-06,129,108.151579,0.138402,20,17.609112,13,7,-0.026917,109,90.542466,48,61,,0,0.0,0,0,8-Ball,0.138402
36990883,Anders Valde,https://img.cuescore.com/image/9/4/92645097ded7d58a05f5712bdd468f78.png?t=1705362002,https://cuescore.com/img/flags/png-country-4x2-none/res-640x480/no.png,502.04,502.38,2025-12-27,obk,False,anchored,3.0,2025-12-27T11:00:00Z,71848093,256,107,149,0,2,256,107,149,0,0,0,0,0,0,1e-05,256,171.681139,0.03929,36,19.840485,19,17,-0.005124,168,113.203142,70,98,-0.005163,52,38.637512,18,34,8-Ball,0.03929
1006487,Desak Sri Pustini,https://img.cuescore.com/image/8/4/8a8ce09d8231a8d0e80ee3c8e5c11a4f.png?t=1519162788,https://cuescore.com/img/flags/png-country-4x2-none/res-640x480/no.png,500.81,500.97,2022-02-21,obk,False,anchored,57.0,2020-09-09T16:00:00Z,8181731,240,124,116,0,2,240,124,116,0,0,0,0,0,0,-5e-06,240,47.886831,-0.032256,62,12.667405,30,32,-0.002331,75,12.827496,39,36,0.019583,103,22.39193,55,48,10-Ball,0.019583
2181146,Mentor Nuredini,https://img.cuescore.com/image/8/4/862c792ba8eb7f97e626fbe6cbcc59f6.png,https://cuescore.com/img/flags/png-country-4x2-none/res-640x480/al.png,499.64,499.82,2018-02-28,obk,False,anchored,,,,49,29,20,1,2,49,29,20,0,0,0,0,0,0,0.02485,49,6.701614,,0,0.0,0,0,0.0,49,6.701614,29,20,,0,0.0,0,0,9-Ball,0.0
6545064,Kim-Olaf Sørensen,https://img.cuescore.com/image/9/4/9437a09ca9ddbc446e2a40572302f3c6.png?t=1686311792,https://cuescore.com/img/flags/png-country-4x2-none/res-640x480/no.png,499.5,499.8,2026-05-20,obk,False,anchored,304.0,2026-05-20T16:00:00Z,81474325,134,64,70,0,2,134,64,70,0,0,0,0,0,0,6e-06,134,78.020393,0.106976,58,36.075366,37,21,-0.092006,76,41.945028,27,49,,0,0.0,0,0,8-Ball,0.106976
1006157,Asle M. Johansen,https://img.cuescore.com/image/c/4/c6fa543957778aaa7d85eeeac094bd56.png?t=1515450638,https://cuescore.com/img/flags/png-country-4x2-none/res-640x480/no.png,499.44,499.51,2020-08-24,obk,False,anchored,,,,278,146,132,0,2,278,146,132,0,0,0,0,0,0,8e-06,278,38.382338,-0.046701,89,12.27492,45,44,0.031634,66,8.629285,36,30,0.01718,123,17.478134,65,58,9-Ball,0.031634
6691281,Andreas Wahr-Hansen,https://img.cuescore.com/image/8/4/862c792ba8eb7f97e626fbe6cbcc59f6.png,https://cuescore.com/img/flags/png-country-4x2-none/res-640x480/no.png,498.8,498.99,2026-05-04,obk,False,anchored,318.0,2026-05-04T16:00:00Z,80902801,1002,501,501,0,2,1002,501,501,0,0,0,0,0,0,7e-06,1002,459.478935,0.102925,87,46.296443,52,35,-0.032596,615,310.878821,294,321,0.052475,300,102.303671,155,145,8-Ball,0.102925
58725133,Kjell-egil Woster,https://img.cuescore.com/image/b/4/b9326bca4b60f10303f242e257bab6be.png?t=1753705117,https://cuescore.com/img/flags/png-country-4x2-none/res-640x480/no.png,498.69,498.95,2026-07-04,obk,False,anchored,3.0,2026-07-04T08:00:00Z,79932562,102,49,53,0,2,102,49,53,0,0,0,0,0,0,6e-06,102,96.030497,,0,0.0,0,0,,0,0.0,0,0,0.0,102,96.030497,49,53,10-Ball,0.0
1018532,Goran Nikolic,https://img.cuescore.com/image/f/4/f407bea43582938521ec2c0024955fae.png?t=1456566394,https://cuescore.com/img/flags/png-country-4x2-none/res-640x480/rs.png,498.47,498.33,2017-06-17,obk,False,anchored,,,,45,24,21,5,2,45,24,21,0,0,0,0,0,0,0.156854,45,5.239758,,0,0.0,0,0,0.0,45,5.239758,24,21,,0,0.0,0,0,9-Ball,0.0
3120055,Per Christian Slåtta,https://img.cuescore.com/image/8/4/862c792ba8eb7f97e626fbe6cbcc59f6.png,https://cuescore.com/img/flags/png-country-4x2-none/res-640x480/no.png,497.44,497.59,2019-06-03,obk,False,anchored,,,,323,184,139,0,2,323,184,139,0,0,0,0,0,0,6e-06,323,55.206951,-0.006053,57,9.143064,34,23,0.005985,264,45.697484,150,114,-0.595337,2,0.366403,0,2,9-Ball,0.005985
1396429,Øyvind Stordahl,https://img.cuescore.com/image/2/4/2f810371d4a4fbaeb237b4e908bad17c.png?t=1638019950,https://cuescore.com/img/flags/png-country-4x2-none/res-640x480/no.png,497.21,497.4,2022-10-26,obk,False,anchored,275.0,2022-10-26T16:00:00Z,17824420,53,28,25,0,2,53,28,25,0,0,0,0,0,0,-2.9e-05,53,15.458133,-0.103902,23,6.857549,10,13,-0.329396,3,0.621414,1,2,0.11495,27,7.979169,17,10,10-Ball,0.11495
7222054,Leif Norvald Nilsen,https://img.cuescore.com/image/2/4/269e09c845bf07d0d7ba711b85b29e20.png?t=1582101702,https://cuescore.com/img/flags/png-country-4x2-none/res-640x480/no.png,496.86,497.9,2026-03-04,obk,False,anchored,242.0,2026-03-04T17:00:00Z,77583133,138,76,62,0,2,138,76,62,0,0,0,0,0,0,1.3e-05,138,52.100598,0.040843,68,25.980585,40,28,-0.034635,58,23.495704,30,28,-0.094251,12,2.624308,6,6,8-Ball,0.040843
3036771,Adrian Gawlak,https://img.cuescore.com/image/8/4/862c792ba8eb7f97e626fbe6cbcc59f6.png,https://cuescore.com/img/flags/png-country-4x2-none/res-640x480/pl.png,496.25,496.44,2018-10-08,obk,False,anchored,,,,126,73,53,0,2,126,73,53,0,0,0,0,0,0,2e-05,126,19.737469,0.042112,30,4.687331,19,11,-0.013116,96,15.050138,54,42,,0,0.0,0,0,8-Ball,0.042112
1498747,Andris Viksnins,https://img.cuescore.com/image/8/4/862c792ba8eb7f97e626fbe6cbcc59f6.png,https://cuescore.com/img/flags/png-country-4x2-none/res-640x480/ge.png,496.18,496.01,2017-10-30,obk,False,anchored,,,,56,27,29,0,2,56,27,29,0,0,0,0,0,0,-6.3e-05,56,6.787199,0.020767,12,1.48225,6,6,-0.005803,44,5.304949,21,23,,0,0.0,0,0,8-Ball,0.020767
7957612,Guido Thyssen,https://img.cuescore.com/image/b/4/b750fc4c231371fe07c54897b662b9aa.png?t=1736385363,https://cuescore.com/img/flags/png-country-4x2-none/res-640x480/de.png,495.48,495.65,2026-01-31,obk,False,anchored,3.0,2026-01-31T10:00:00Z,72236716,70,34,36,0,2,70,34,36,0,0,0,0,0,0,-5e-06,70,59.789017,,0,0.0,0,0,,0,0.0,0,0,0.0,70,59.789017,34,36,10-Ball,0.0
1561935,Øystein Holm Krøvel,https://img.cuescore.com/image/8/4/862c792ba8eb7f97e626fbe6cbcc59f6.png,https://cuescore.com/img/flags/png-country-4x2-none/res-640x480/no.png,495.13,495.27,2020-03-02,obk,False,anchored,,,,278,134,144,0,2,278,134,144,0,0,0,0,0,0,1e-06,278,37.355052,0.011433,100,13.092018,49,51,-0.009045,129,18.15683,63,66,0.002382,49,6.106205,22,27,8-Ball,0.011433
1013991,Ahad Rashid,https://img.cuescore.com/image/8/4/862c792ba8eb7f97e626fbe6cbcc59f6.png,https://cuescore.com/img/flags/png-country-4x2-none/res-640x480/no.png,494.59,494.69,2020-02-10,obk,False,anchored,46.0,2018-03-14T17:15:00Z,2238455,375,183,192,0,2,375,183,192,0,0,0,0,0,0,3e-06,375,51.681644,0.082834,84,11.368154,47,37,-0.031953,188,26.584391,87,101,-0.006718,103,13.729098,49,54,8-Ball,0.082834
17693218,Romain Rolland,https://img.cuescore.com/image/4/4/4cf74a44defe52ea6e7893d46649eb0d.png?t=1721485281,https://cuescore.com/img/flags/png-country-4x2-none/res-640x480/no.png,494.21,494.5,2025-05-12,obk,False,anchored,218.0,2025-05-12T16:00:00Z,60279199,95,45,50,0,2,95,45,50,0,0,0,0,0,0,-1.1e-05,95,48.363936,0.005038,77,41.03752,37,40,-0.028222,18,7.326417,8,10,,0,0.0,0,0,8-Ball,0.005038
1000003,Thomas Elmgren Stavang,https://img.cuescore.com/image/c/4/c9dae26033c402e972e833d3868acb37.png?t=1787837068,https://cuescore.com/img/flags/png-country-4x2-none/res-640x480/no.png,492.57,492.23,2017-06-17,obk,False,anchored,,,,65,28,37,0,2,65,28,37,0,0,0,0,0,0,-1.1e-05,65,7.247971,0.144132,28,2.939726,13,15,-0.098349,37,4.308246,15,22,,0,0.0,0,0,8-Ball,0.144132
2053323,Ib Christiansen,https://img.cuescore.com/image/2/4/2ec690189b070352f6fd86cbdae76c24.png?t=1532262581,https://cuescore.com/img/flags/png-country-4x2-none/res-640x480/no.png,492.38,492.6,2026-08-31,obk,False,anchored,318.0,2026-08-10T16:00:00Z,86164780,634,335,299,0,2,634,335,299,0,0,0,0,0,0,-7e-06,634,246.151255,-0.004487,127,40.78291,69,58,0.006377,421,159.936227,224,197,-0.018421,86,45.432119,42,44,9-Ball,0.006377
4742719,Adiil Lusjanii,https://img.cuescore.com/image/2/4/2a5217bd0489c5e2990e6327bf7be97f.png?t=1549472165,https://cuescore.com/img/flags/png-country-4x2-none/res-640x480/no.png,492.36,492.51,2020-10-12,obk,False,anchored,31.0,2019-12-18T17:00:00Z,7034242,192,100,92,0,2,192,100,92,0,0,0,0,0,0,1e-06,192,37.600664,0.016597,55,10.585416,33,22,0.008217,113,22.853777,56,57,-0.087344,24,4.161471,11,13,8-Ball,0.016597
4889312,Hamza Malik,https://img.cuescore.com/image/8/4/862c792ba8eb7f97e626fbe6cbcc59f6.png,https://cuescore.com/img/flags/png-country-4x2-none/res-640x480/no.png,492.04,492.16,2020-09-07,obk,False,anchored,35.0,2019-03-20T17:15:00Z,5065455,106,60,46,0,2,106,60,46,0,0,0,0,0,0,2.4e-05,106,21.72664,0.007487,17,3.509797,11,6,-0.062307,66,12.573312,34,32,0.134158,23,5.643531,15,8,10-Ball,0.134158
1081697,Giena Tanilon,https://img.cuescore.com/image/e/4/e4266b6d289840197a5daee639bdca8f.png?t=1633705833,https://cuescore.com/img/flags/png-country-4x2-none/res-640x480/no.png,491.66,491.81,2025-07-05,obk,False,anchored,3.0,2025-07-05T08:00:00Z,59079793,139,79,60,0,2,139,79,60,0,0,0,0,0,0,2e-06,139,26.346282,,0,0.0,0,0,0.0,139,26.346282,79,60,,0,0.0,0,0,9-Ball,0.0
19030543,Martin Olsson,https://img.cuescore.com/image/6/4/6a9f2b1e91ce51337c1a4fdb5a8f71f0.png?t=1786094993,https://cuescore.com/img/flags/png-country-4x2-none/res-640x480/se.png,491.05,491.33,2026-09-07,obk,False,anchored,292.0,2026-06-08T16:00:00Z,83165326,649,318,331,0,2,649,318,331,0,0,0,0,0,0,-0.0,649,531.254536,-0.001497,80,60.274844,45,35,-0.002408,410,341.778111,199,211,0.007069,159,129.201581,74,85,10-Ball,0.007069
80088046,Kim Rui,https://img.cuescore.com/image/b/4/b115a715a10e46bdf68733400637f8ef.png?t=1780934994,https://cuescore.com/img/flags/png-country-4x2-none/res-640x480/no.png,488.18,488.92,2026-10-07,obk,True,anchored,327.0,2026-10-07T16:00:00Z,90543088,455,213,242,0,2,455,213,242,0,0,0,0,0,0,-1e-06,455,440.093222,0.010783,46,44.424659,23,23,-0.009472,357,344.131355,165,192,0.053952,52,51.537208,25,27,10-Ball,0.053952
1356128,Christian Moberg,https://img.cuescore.com/image/c/4/c060608e7b3ef73e887d220038654551.png?t=1739974000,https://cuescore.com/img/flags/png-country-4x2-none/res-640x480/no.png,487.65,487.8,2025-12-27,obk,False,anchored,3.0,2025-12-27T11:00:00Z,71848093,136,65,71,0,2,136,65,71,0,0,0,0,0,0,1e-06,136,52.543952,-0.100726,13,3.290332,6,7,0.006729,123,49.25362,59,64,,0,0.0,0,0,9-Ball,0.006729
1036778,Ronald Natifu,https://img.cuescore.com/image/8/4/862c792ba8eb7f97e626fbe6cbcc59f6.png,,487.34,487.39,2018-02-17,obk,False,anchored,9.0,2018-02-17T13:15:00Z,2154912,48,25,23,2,2,48,25,23,0,0,0,0,0,0,0.053823,48,5.452651,0.084144,12,1.258265,7,5,-0.025242,36,4.194387,18,18,,0,0.0,0,0,8-Ball,0.084144
55415260,Dag Erik Wiig,https://img.cuescore.com/image/7/4/778ff88fa19172cf4bf3e46284690c76.png?t=1741537286,https://cuescore.com/img/flags/png-country-4x2-none/res-640x480/no.png,487.21,487.19,2026-04-15,obk,False,anchored,306.0,2026-04-15T16:00:00Z,78942265,436,213,223,0,2,436,213,223,0,0,0,0,0,0,-7e-06,436,366.593776,0.029658,59,48.04734,34,25,0.01806,297,250.270941,148,149,-0.087073,80,68.275496,31,49,8-Ball,0.029658
10540801,Vasileios Nikolaou,https://img.cuescore.com/image/3/4/3f3e02322213a8ac803ddee19babdbca.png?t=1643031157,https://cuescore.com/img/flags/png-country-4x2-none/res-640x480/gr.png,487.11,487.31,2022-07-20,obk,False,anchored,60.0,2022-07-20T16:00:00Z,16780177,49,26,23,1,2,49,26,23,0,0,0,0,0,0,0.008847,49,16.743258,0.138644,12,4.104408,8,4,,0,0.0,0,0,-0.045024,37,12.63885,18,19,8-Ball,0.138644
16553469,Márk Szabo,https://img.cuescore.com/image/6/4/61b9f48c7494d11107954c279778292b.png?t=1789402438,https://cuescore.com/img/flags/png-country-4x2-none/res-640x480/sk.png,486.1,486.31,2026-06-15,obk,False,anchored,,,,21,15,6,29,2,21,15,6,0,0,0,0,0,0,0.215115,21,19.538895,,0,0.0,0,0,0.0,21,19.538895,15,6,,0,0.0,0,0,9-Ball,0.0
1012750,Frode Myhre Larsen,https://img.cuescore.com/image/2/4/22c5ca59fea69101c56d9f8ce9581270.png?t=1483536851,https://cuescore.com/img/flags/png-country-4x2-none/res-640x480/no.png,485.83,485.98,2020-02-24,obk,False,anchored,,,,213,124,89,0,2,213,124,89,0,0,0,0,0,0,-4e-06,213,37.83553,0.030804,71,11.272509,45,26,-0.021999,127,23.31156,70,57,0.050933,15,3.251461,9,6,10-Ball,0.050933
5174448,Thomas Hilling Amundsen,https://img.cuescore.com/image/b/4/b34d126bf7ab880025a1473f13cffcaa.png?t=1677525102,https://cuescore.com/img/flags/png-country-4x2-none/res-640x480/no.png,485.74,485.89,2019-06-05,obk,False,anchored,39.0,2019-06-05T16:50:00Z,5495437,111,63,48,0,2,111,63,48,0,0,0,0,0,0,3e-05,111,20.092217,0.099287,33,5.975182,23,10,-0.042024,78,14.117035,40,38,,0,0.0,0,0,8-Ball,0.099287
13872481,Erik Weiselius,https://img.cuescore.com/image/2/4/22b83c03f8e43e65019e48bc540ab145.png?t=1673206462,https://cuescore.com/img/flags/png-country-4x2-none/res-640x480/se.png,485.47,485.81,2025-07-14,obk,False,anchored,625.0,2025-07-14T16:00:00Z,62671435,24,16,8,26,2,24,16,8,0,0,0,0,0,0,0.207267,24,18.054373,,0,0.0,0,0,0.0,24,18.054373,16,8,,0,0.0,0,0,9-Ball,0.0
3632537,Dennis Nilsen,https://img.cuescore.com/image/0/4/04380520c9456dbdd2ad4e94151583d0.png?t=1548855703,https://cuescore.com/img/flags/png-country-4x2-none/res-640x480/no.png,485.1,485.23,2019-01-21,obk,False,anchored,,,,81,41,40,0,2,81,41,40,0,0,0,0,0,0,-8.2e-05,81,13.584852,-0.314319,5,0.842054,1,4,0.02077,76,12.742799,40,36,,0,0.0,0,0,9-Ball,0.02077
1024799,Stig Nesvik,https://img.cuescore.com/image/1/4/1d7931022cb5cc99a4bfa630a7ff07ed.png?t=1655704835,https://cuescore.com/img/flags/png-country-4x2-none/res-640x480/no.png,483.81,484.01,2026-09-23,obk,False,anchored,417.0,2026-09-23T16:00:00Z,89905801,4629,2132,2497,0,2,4629,2132,2497,0,0,0,0,0,0,-7e-06,4629,2099.350771,-0.006445,763,218.854093,347,416,-0.008148,2708,1383.562235,1241,1467,0.025524,1158,496.934443,544,614,10-Ball,0.025524
2947265,Bernjard David C Ruiz,https://img.cuescore.com/image/1/4/12c0e46fcccd8e52650f604aa340158a.png?t=1780495121,https://cuescore.com/img/flags/png-country-4x2-none/res-640x480/ph.png,483.45,483.6,2026-06-15,obk,False,anchored,328.0,2026-06-15T16:00:00Z,83685481,687,349,338,0,2,687,349,338,0,0,0,0,0,0,-4e-06,687,268.817501,0.01709,169,44.371775,90,79,0.000708,379,164.289654,194,185,-0.014539,139,60.156073,65,74,8-Ball,0.01709
2690021,Torkel Rønningen,https://img.cuescore.com/image/8/4/862c792ba8eb7f97e626fbe6cbcc59f6.png,https://cuescore.com/img/flags/png-country-4x2-none/res-640x480/no.png,483.11,483.4,2018-11-19,obk,False,anchored,,,,56,31,25,0,2,56,31,25,0,0,0,0,0,0,9.1e-05,56,8.68745,0.002184,54,8.393839,30,24,-0.062428,2,0.293611,1,1,,0,0.0,0,0,8-Ball,0.002184
1006250,Geir Tollefsrud,https://img.cuescore.com/image/6/4/6f96ab8151fbcef425b09e01849ab744.png?t=1761033062,https://cuescore.com/img/flags/png-country-4x2-none/res-640x480/no.png,482.86,482.77,2025-12-27,obk,False,anchored,3.0,2025-12-27T11:00:00Z,71848093,31,15,16,19,2,31,15,16,0,0,0,0,0,0,0.102537,31,25.898877,,0,0.0,0,0,0.0,31,25.898877,15,16,,0,0.0,0,0,9-Ball,0.0
2298198,Kenneth Mydland,https://img.cuescore.com/image/d/4/d3954a893621a735a6fa24f06a39de3d.png?t=1535399536,https://cuescore.com/img/flags/png-country-4x2-none/res-640x480/no.png,482.74,482.85,2024-12-27,obk,False,anchored,1.0,2024-12-27T11:00:00Z,52314610,28,20,8,22,2,28,20,8,0,0,0,0,0,0,0.203059,28,15.120645,,0,0.0,0,0,,0,0.0,0,0,0.0,28,15.120645,20,8,10-Ball,0.0
49097056,Herman Maraas,https://img.cuescore.com/image/9/4/9cb01c63ff307e612a66168e5d63c220.png?t=1726357714,https://cuescore.com/img/flags/png-country-4x2-none/res-640x480/no.png,482.54,482.78,2025-07-09,obk,False,anchored,240.0,2025-07-09T16:00:00Z,62631910,270,115,155,0,2,270,115,155,0,0,0,0,0,0,-1.5e-05,270,197.430066,0.045445,29,21.021213,15,14,-0.006596,155,112.31365,63,92,-0.003346,86,64.095203,37,49,8-Ball,0.045445
31114699,Ferdinand Jaggi,https://img.cuescore.com/image/9/4/9e0636ce594a896c5f91a72107ace66a.png?t=1728905358,https://cuescore.com/img/flags/png-country-4x2-none/res-640x480/no.png,482.04,482.18,2026-06-08,obk,False,anchored,325.0,2026-06-08T16:00:00Z,83165326,134,70,64,0,2,134,70,64,0,0,0,0,0,0,-6e-06,134,108.713311,0.051691,11,9.081566,8,3,0.001452,119,96.472484,61,58,-0.19292,4,3.15926,1,3,8-Ball,0.051691
1006448,Roald Pettersen,https://img.cuescore.com/image/a/4/a5d798e918d8de9ec9c0a89e50060623.png?t=1582609862,https://cuescore.com/img/flags/png-country-4x2-none/res-640x480/no.png,481.58,481.81,2026-05-13,obk,False,anchored,322.0,2026-05-13T16:00:00Z,81091549,162,78,84,0,2,162,78,84,0,0,0,0,0,0,-2.8e-05,162,135.611837,-0.011115,12,9.119019,5,7,-0.005949,130,108.769034,65,65,0.042226,20,17.723783,8,12,10-Ball,0.042226
71956222,Raymond Mælen,https://img.cuescore.com/image/f/4/f0e41aa51ad3d87a64a1b22f3330c4d7.png?t=1772470365,https://cuescore.com/img/flags/png-country-4x2-none/res-640x480/no.png,481.45,481.46,2026-10-05,obk,False,anchored,319.0,2026-09-16T16:00:00Z,88468552,565,264,301,0,2,565,264,301,0,0,0,0,0,0,-5e-06,565,531.361811,0.081228,50,48.793774,29,21,0.001019,481,450.168442,224,257,-0.136482,34,32.399595,11,23,8-Ball,0.081228
1997987,Sven Høgdahl,https://img.cuescore.com/image/8/4/8d29195469d3a1b088d829a550e79fac.png?t=1670759545,https://cuescore.com/img/flags/png-country-4x2-none/res-640x480/no.png,481.43,481.62,2023-03-27,obk,False,anchored,210.0,2023-03-27T16:00:00Z,25906918,126,68,58,0,2,126,68,58,0,0,0,0,0,0,-9e-06,126,34.068696,0.033793,46,7.964912,28,18,0.002376,63,22.405147,33,30,-0.087167,17,3.698637,7,10,8-Ball,0.033793
3595359,Øivind Bakken,https://img.cuescore.com/image/1/4/15f459fa7178e8d3fc57a547d81de45c.png?t=1551183592,https://cuescore.com/img/flags/png-country-4x2-none/res-640x480/no.png,480.4,480.55,2020-03-09,obk,False,anchored,34.0,2019-05-22T16:10:00Z,5399876,379,200,179,0,2,379,200,179,0,0,0,0,0,0,1.7e-05,379,70.369548,0.131851,101,18.804352,66,35,-0.05303,237,43.333001,114,123,-0.022037,41,8.232195,20,21,8-Ball,0.131851
8383377,Tina Lindvall,https://img.cuescore.com/image/6/4/6ad47a8d509c9b4bbca66e2c4d822070.png?t=1711720002,https://cuescore.com/img/flags/png-country-4x2-none/res-640x480/no.png,479.73,479.8,2022-05-28,obk,False,anchored,,,,60,34,26,0,2,60,34,26,0,0,0,0,0,0,1.8e-05,60,13.283241,-0.021536,16,5.840283,9,7,0.016899,44,7.442958,25,19,,0,0.0,0,0,9-Ball,0.016899
34735372,Karl Våglund,https://img.cuescore.com/image/5/4/5bdacd9a26a55ff524a58ce548811260.png?t=1751375438,https://cuescore.com/img/flags/png-country-4x2-none/res-640x480/se.png,479.17,479.99,2025-07-05,obk,False,anchored,4.0,2025-07-05T08:00:00Z,59079793,69,27,42,0,2,69,27,42,0,0,0,0,0,0,-7e-06,69,51.565432,,0,0.0,0,0,-0.257144,26,19.408435,6,20,0.1552,43,32.156997,21,22,10-Ball,0.1552
1014552,Baard Onsum,https://img.cuescore.com/image/a/4/a8f46313916ef2e38c55f16039e97450.png?t=1442448508,https://cuescore.com/img/flags/png-country-4x2-none/res-640x480/no.png,478.85,479.06,2022-12-16,obk,False,anchored,1.0,2020-11-01T13:00:00Z,8418763,91,43,48,0,2,91,43,48,0,0,0,0,0,0,9.8e-05,91,17.767521,0.050546,22,3.919842,11,11,0.059884,46,8.843641,23,23,-0.145428,23,5.004038,9,14,9-Ball,0.059884
1024806,Lars Nitteberg,https://img.cuescore.com/image/1/4/18bfc13d56224b3b1a04d52ae0b1f118.png?t=1455480472,https://cuescore.com/img/flags/png-country-4x2-none/res-640x480/no.png,477.88,477.91,2018-05-14,obk,False,anchored,,,,282,130,152,0,2,282,130,152,0,0,0,0,0,0,4e-06,282,37.106611,-0.043472,96,12.552432,40,56,0.080057,101,13.152034,54,47,-0.044486,85,11.402145,36,49,9-Ball,0.080057
19913527,Wael Handal,https://img.cuescore.com/image/5/4/560089e4ea7003d4b17eb2f1341fad56.png?t=1677498717,https://cuescore.com/img/flags/png-country-4x2-none/res-640x480/no.png,477.81,478.07,2024-08-26,obk,False,anchored,339.0,2024-08-26T16:00:00Z,47691967,262,127,135,0,2,262,127,135,0,0,0,0,0,0,1.3e-05,262,128.902939,-0.09925,34,16.777343,13,21,0.017682,197,95.823807,99,98,-0.00179,31,16.30179,15,16,9-Ball,0.017682
1006215,Emil Andreassen,https://img.cuescore.com/image/4/4/49095675f030b08c4fb3f68d35ad9287.png?t=1481128220,https://cuescore.com/img/flags/png-country-4x2-none/res-640x480/no.png,476.99,477.11,2023-09-06,obk,False,anchored,275.0,2023-09-06T16:00:00Z,31196827,639,291,348,0,2,639,291,348,0,0,0,0,0,0,1.4e-05,639,120.564912,-0.025447,233,46.935346,98,135,0.025109,227,35.900208,110,117,0.007764,179,37.729358,83,96,9-Ball,0.025109
7959797,Pergantis Zalachas,https://img.cuescore.com/image/6/4/6d23b331d8bf2f4873a4ad3230a17127.png?t=1734529208,https://cuescore.com/img/flags/png-country-4x2-none/res-640x480/gr.png,476.27,476.47,2026-06-08,obk,False,anchored,288.0,2026-06-08T16:00:00Z,83165326,1432,667,765,0,2,1432,667,765,0,0,0,0,0,0,3e-06,1432,791.038589,-0.038272,322,173.913738,155,167,-0.03196,715,384.70381,313,402,0.081537,395,232.421041,199,196,10-Ball,0.081537
11273659,Grzegorz Tabor,https://img.cuescore.com/image/8/4/862c792ba8eb7f97e626fbe6cbcc59f6.png,https://cuescore.com/img/flags/png-country-4x2-none/res-640x480/no.png,476.12,476.25,2022-02-07,obk,False,anchored,,,,31,22,9,19,2,31,22,9,0,0,0,0,0,0,0.232052,31,10.556179,,0,0.0,0,0,0.0,31,10.556179,22,9,,0,0.0,0,0,9-Ball,0.0
1393993,Ronny Sørlie,https://img.cuescore.com/image/2/4/25bf706b3d9ad951c7d185470c891a7b.png?t=1490047759,https://cuescore.com/img/flags/png-country-4x2-none/res-640x480/no.png,475.94,476.16,2020-03-11,obk,False,anchored,54.0,2020-03-11T17:00:00Z,7789761,122,56,66,0,2,122,56,66,0,0,0,0,0,0,-1.9e-05,122,25.791075,-0.025146,35,7.267571,16,19,0.059934,54,11.391798,27,27,-0.07011,33,7.131706,13,20,9-Ball,0.059934
2251359,Gustav Leennatsso,https://img.cuescore.com/image/8/4/862c792ba8eb7f97e626fbe6cbcc59f6.png,,475.66,475.86,2018-04-16,obk,False,anchored,,,,56,31,25,0,2,56,31,25,0,0,0,0,0,0,-8e-06,56,7.875172,-0.060346,10,1.385966,5,5,0.012889,46,6.489206,26,20,,0,0.0,0,0,9-Ball,0.012889
1006473,Rune Antonsen,https://img.cuescore.com/image/2/4/2342c31ef802c8a1e692a25553e1318c.png?t=1454529598,https://cuescore.com/img/flags/png-country-4x2-none/res-640x480/no.png,475.45,475.66,2026-01-31,obk,False,anchored,3.0,2026-01-31T10:00:00Z,72236716,42,18,24,8,2,42,18,24,0,0,0,0,0,0,0.02852,42,35.87341,,0,0.0,0,0,,0,0.0,0,0,0.0,42,35.87341,18,24,10-Ball,0.0
80198077,Nils Vogt,https://img.cuescore.com/image/8/4/862c792ba8eb7f97e626fbe6cbcc59f6.png,https://cuescore.com/img/flags/png-country-4x2-none/res-640x480/no.png,474.84,474.74,2026-09-21,obk,False,anchored,319.0,2026-09-02T16:00:00Z,86425378,166,69,97,0,2,166,69,97,0,0,0,0,0,0,2.2e-05,166,158.03324,-0.085351,10,9.781026,3,7,0.019903,86,82.197321,37,49,-0.012128,70,66.054892,29,41,9-Ball,0.019903
5129473,Andreas Bjørnhaug,https://img.cuescore.com/image/8/4/862c792ba8eb7f97e626fbe6cbcc59f6.png,https://cuescore.com/img/flags/png-country-4x2-none/res-640x480/no.png,474.37,474.51,2021-08-23,obk,False,anchored,54.0,2020-07-15T16:50:00Z,7967707,133,65,68,0,2,133,65,68,0,0,0,0,0,0,0.0,133,28.463617,-0.020701,24,4.681198,12,12,0.025905,41,8.424687,23,18,-0.007901,68,15.357733,30,38,9-Ball,0.025905
83723089,Shane Petrick,https://img.cuescore.com/image/3/4/3694f2e3c0b8246c15208da784c034c9.png?t=1781520936,https://cuescore.com/img/flags/png-country-4x2-none/res-640x480/us.png,473.79,473.89,2026-06-15,obk,False,anchored,350.0,2026-06-15T16:00:00Z,83685481,26,15,11,24,2,26,15,11,0,0,0,0,0,0,0.124214,26,24.191013,,0,0.0,0,0,0.0,26,24.191013,15,11,,0,0.0,0,0,9-Ball,0.0
9924259,Amin Asil,https://img.cuescore.com/image/e/4/e41a9cceba33d609c55920e51930c9df.png?t=1785252669,https://cuescore.com/img/flags/png-country-4x2-none/res-640x480/no.png,471.0,471.18,2026-02-16,obk,False,anchored,301.0,2023-01-25T17:00:00Z,21241621,42,19,23,8,2,42,19,23,0,0,0,0,0,0,0.039933,42,24.159509,0.0,42,24.159509,19,23,,0,0.0,0,0,,0,0.0,0,0,8-Ball,0.0
1006178,Carl Kolrud,https://img.cuescore.com/image/f/4/f9b1679b362d7a5ecbf897998f074c6e.png?t=1452001050,https://cuescore.com/img/flags/png-country-4x2-none/res-640x480/no.png,470.72,470.87,2023-09-18,obk,False,anchored,40.0,2018-01-10T17:05:00Z,2054176,307,136,171,0,2,307,136,171,0,0,0,0,0,0,1e-06,307,64.757046,-0.07293,81,19.788051,28,53,0.043313,188,38.349025,92,96,-0.032911,38,6.61997,16,22,9-Ball,0.043313
3428055,Rune Fevang,https://img.cuescore.com/image/6/4/6682d0164785f00997fdc32f46aa236c.png?t=1598120176,https://cuescore.com/img/flags/png-country-4x2-none/res-640x480/no.png,470.62,470.72,2025-02-17,obk,False,anchored,267.0,2025-02-17T17:00:00Z,54821068,1190,585,605,0,2,1190,585,605,0,0,0,0,0,0,0.0,1190,292.778883,-0.009435,239,61.119369,124,115,-0.003778,721,175.512654,356,365,0.02208,230,56.14686,105,125,10-Ball,0.02208
1015461,Nils Arild Sabbasen,https://img.cuescore.com/image/1/4/1e7800c680e775f9073bce8437a62a95.png?t=1726685928,https://cuescore.com/img/flags/png-country-4x2-none/res-640x480/no.png,470.62,470.77,2025-07-16,obk,False,anchored,200.0,2025-07-16T16:00:00Z,62670598,601,262,339,0,2,601,262,339,0,0,0,0,0,0,2.9e-05,601,155.838282,0.012069,77,16.189103,34,43,0.00623,354,98.935671,157,197,-0.019939,170,40.713509,71,99,8-Ball,0.012069
3682319,Lasse Rognlien,https://img.cuescore.com/image/c/4/cbd35a5519cb486b5c8f550b72023a6a.png?t=1729677207,https://cuescore.com/img/flags/png-country-4x2-none/res-640x480/no.png,469.94,469.36,2026-10-07,obk,True,anchored,305.0,2026-10-07T16:00:00Z,90543088,1607,659,948,0,2,1607,659,948,0,0,0,0,0,0,-5e-06,1607,1236.383371,-0.013043,115,83.8707,53,62,-0.006335,1064,800.975403,433,631,0.017546,428,351.537268,173,255,10-Ball,0.017546
1969239,Leko Antonijevic,https://img.cuescore.com/image/8/4/862c792ba8eb7f97e626fbe6cbcc59f6.png,https://cuescore.com/img/flags/png-country-4x2-none/res-640x480/rs.png,469.93,470.02,2017-11-20,obk,False,anchored,,,,39,30,9,11,2,39,30,9,0,0,0,0,0,0,0.260861,39,5.013308,,0,0.0,0,0,0.0,39,5.013308,30,9,,0,0.0,0,0,9-Ball,0.0
3399547,Per Yngvar Hodnebrog,https://img.cuescore.com/image/2/4/2f84caa08f77b23625eceb9f0ca3c80c.png?t=1543097217,https://cuescore.com/img/flags/png-country-4x2-none/res-640x480/no.png,469.84,470.03,2025-12-27,obk,False,anchored,1.0,2025-12-27T11:00:00Z,71848093,24,13,11,26,2,24,13,11,0,0,0,0,0,0,0.153943,24,20.050744,,0,0.0,0,0,0.0,24,20.050744,13,11,,0,0.0,0,0,9-Ball,0.0
1105041,Alex Pagulayan,https://img.cuescore.com/image/1/4/11c67b8394f3f0d4e226234b8931d8dc.png?t=1553611221,https://cuescore.com/img/flags/png-country-4x2-none/res-640x480/ca.png,469.74,469.57,2020-01-24,obk,False,anchored,,,,55,31,24,0,2,55,31,24,0,0,0,0,0,0,-7.8e-05,55,11.68739,,0,0.0,0,0,,0,0.0,0,0,0.0,55,11.68739,31,24,10-Ball,0.0
1105242,Lee Van Corteza,https://img.cuescore.com/image/8/4/862c792ba8eb7f97e626fbe6cbcc59f6.png,https://cuescore.com/img/flags/png-country-4x2-none/res-640x480/ph.png,469.44,469.26,2020-01-24,obk,False,anchored,,,,74,38,36,0,2,74,38,36,0,0,0,0,0,0,-7.6e-05,74,15.724852,,0,0.0,0,0,,0,0.0,0,0,0.0,74,15.724852,38,36,10-Ball,0.0
1969223,Ole Andreas Sandvik,https://img.cuescore.com/image/6/4/60a0b00a935c6d21347d56b59302f073.png?t=1568885329,https://cuescore.com/img/flags/png-country-4x2-none/res-640x480/no.png,469.22,469.35,2022-10-31,obk,False,anchored,215.0,2022-10-31T17:00:00Z,19043557,1043,526,517,0,2,1043,526,517,0,0,0,0,0,0,-1.3e-05,1043,189.819876,0.034183,311,50.928123,176,135,-0.016686,641,118.136088,307,334,0.011101,91,20.755664,43,48,8-Ball,0.034183
1566758,Tor-Arne Slorafoss,https://img.cuescore.com/image/8/4/862c792ba8eb7f97e626fbe6cbcc59f6.png,https://cuescore.com/img/flags/png-country-4x2-none/res-640x480/no.png,468.99,469.24,2026-03-09,obk,False,anchored,234.0,2026-03-09T17:00:00Z,76463698,523,228,295,0,2,523,228,295,0,0,0,0,0,0,-1.4e-05,523,309.667241,-0.060893,87,43.574363,31,56,-0.001148,359,213.292747,164,195,0.05489,77,52.800131,33,44,10-Ball,0.05489
16978756,Kevin Jensen,https://img.cuescore.com/image/8/4/862c792ba8eb7f97e626fbe6cbcc59f6.png,https://cuescore.com/img/flags/png-country-4x2-none/res-640x480/no.png,468.93,469.08,2022-10-03,obk,False,anchored,125.0,2022-10-03T16:00:00Z,19034737,85,40,45,0,2,85,40,45,0,0,0,0,0,0,1e-06,85,32.556376,0.046813,14,5.372615,7,7,0.018354,49,18.761141,24,25,-0.070743,22,8.42262,9,13,8-Ball,0.046813
2167253,Michel Mateos,https://img.cuescore.com/image/1/4/1c36619fc831abafe75cce19b82ae667.png?t=1519059541,,468.86,469.03,2026-06-15,obk,False,anchored,35.0,2018-06-06T16:15:00Z,2647176,256,139,117,0,2,256,139,117,0,0,0,0,0,0,8e-06,256,43.893286,0.031587,61,8.745537,35,26,-0.00786,195,35.147749,104,91,,0,0.0,0,0,8-Ball,0.031587
1036625,Elias Rytterager Johnsen,https://img.cuescore.com/image/d/4/de345c58a434ed9e688bba7a1c0b1fed.png?t=1785697603,https://cuescore.com/img/flags/png-country-4x2-none/res-640x480/no.png,468.69,469.01,2025-12-27,obk,False,anchored,3.0,2025-12-27T11:00:00Z,71848093,33,16,17,17,2,33,16,17,0,0,0,0,0,0,0.072054,33,27.569772,,0,0.0,0,0,0.0,33,27.569772,16,17,,0,0.0,0,0,9-Ball,0.0
8969328,Trygve Jensen,https://img.cuescore.com/image/b/4/b803e8adfc8ae3cf7c4e65b92a2446f3.png?t=1635719927,https://cuescore.com/img/flags/png-country-4x2-none/res-640x480/no.png,468.09,468.27,2022-02-14,obk,False,anchored,3.0,2021-06-23T16:15:00Z,8893672,45,21,24,5,2,45,21,24,0,0,0,0,0,0,0.043776,45,13.258649,-0.082426,17,5.020515,7,10,0.050233,28,8.238134,14,14,,0,0.0,0,0,9-Ball,0.050233
7038973,James Leahy,https://img.cuescore.com/image/2/4/20dff670fb5324a4bcb0f90dbb22fe94.png?t=1578167150,https://cuescore.com/img/flags/png-country-4x2-none/res-640x480/au.png,467.74,467.9,2026-09-16,obk,False,anchored,300.0,2026-09-16T16:00:00Z,88468552,22,11,11,28,2,22,11,11,0,0,0,0,0,0,0.148671,22,21.709676,0.0,22,21.709676,11,11,,0,0.0,0,0,,0,0.0,0,0,8-Ball,0.0
1612717,Mentor Nuredini,https://img.cuescore.com/image/8/4/862c792ba8eb7f97e626fbe6cbcc59f6.png,https://cuescore.com/img/flags/png-country-4x2-none/res-640x480/no.png,466.98,467.59,2018-03-12,obk,False,anchored,,,,52,24,28,0,2,52,24,28,0,0,0,0,0,0,0.000139,52,7.169695,-0.007148,9,1.236371,4,5,0.001489,43,5.933324,20,23,,0,0.0,0,0,9-Ball,0.001489
5738538,Benjamin Herland Aralden,https://img.cuescore.com/image/c/4/cac79bc3bebb84540c814d1101274348.png?t=1764693725,https://cuescore.com/img/flags/png-country-4x2-none/res-640x480/no.png,465.65,465.72,2026-06-15,obk,False,anchored,,,,20,13,7,30,2,20,13,7,0,0,0,0,0,0,0.182717,20,18.36226,,0,0.0,0,0,0.0,20,18.36226,13,7,,0,0.0,0,0,9-Ball,0.0
1750663,Tore Mo,https://img.cuescore.com/image/8/4/868cafde2fe44c2d541c5be3b4330b54.png?t=1550297541,https://cuescore.com/img/flags/png-country-4x2-none/res-640x480/no.png,465.48,465.63,2024-11-13,obk,False,anchored,267.0,2024-11-13T17:00:00Z,51767293,1850,861,989,0,2,1850,861,989,0,0,0,0,0,0,4e-06,1850,415.224321,-0.003692,327,67.483708,160,167,-0.000404,1091,242.713771,508,583,0.003306,432,105.026842,193,239,10-Ball,0.003306
16590622,Kjetil Nordal,https://img.cuescore.com/image/8/4/862c792ba8eb7f97e626fbe6cbcc59f6.png,https://cuescore.com/img/flags/png-country-4x2-none/res-640x480/no.png,465.14,465.2,2023-08-14,obk,False,anchored,143.0,2023-08-14T16:00:00Z,30522520,94,43,51,0,2,94,43,51,0,0,0,0,0,0,-1.8e-05,94,37.617282,0.133164,20,8.781593,14,6,0.011173,39,15.649551,16,23,-0.101943,35,13.186137,13,22,8-Ball,0.133164
1084127,Simen Ekern Bakken,https://img.cuescore.com/image/1/4/1ea0d5df64fc7e27d2f85cbdaaba1d26.png?t=1567687252,https://cuescore.com/img/flags/png-country-4x2-none/res-640x480/no.png,464.04,464.14,2024-12-28,obk,False,anchored,2.0,2024-12-27T11:00:00Z,52314610,17,12,5,33,2,17,12,5,0,0,0,0,0,0,0.319394,17,11.282226,,0,0.0,0,0,0.0,17,11.282226,12,5,,0,0.0,0,0,9-Ball,0.0
1902521,Tom-Henrik Sandvik,https://img.cuescore.com/image/2/4/2906c48212c1841545c4d2a6b1aef3e6.png?t=1579272043,https://cuescore.com/img/flags/png-country-4x2-none/res-640x480/no.png,463.99,464.16,2024-01-29,obk,False,anchored,225.0,2024-01-29T17:00:00Z,36520705,1098,546,552,0,2,1098,546,552,0,0,0,0,0,0,1e-06,1098,191.026201,-0.013586,329,54.444181,159,170,0.0052,678,119.897078,344,334,0.006964,91,16.684942,43,48,10-Ball,0.006964
34778635,Wiktor Kaczmarek,https://img.cuescore.com/image/5/4/502e0fdd373fef4e8141f6798718c482.png?t=1714771039,https://cuescore.com/img/flags/png-country-4x2-none/res-640x480/pl.png,463.94,463.97,2026-06-15,obk,False,anchored,550.0,2026-06-15T16:00:00Z,83685481,17,13,4,33,2,17,13,4,0,0,0,0,0,0,0.227465,17,15.817201,,0,0.0,0,0,0.0,17,15.817201,13,4,,0,0.0,0,0,9-Ball,0.0
8532632,Eddie Vonderau,https://img.cuescore.com/image/8/4/862c792ba8eb7f97e626fbe6cbcc59f6.png,https://cuescore.com/img/flags/png-country-4x2-none/res-640x480/us.png,463.27,463.53,2026-06-15,obk,False,anchored,,,,16,13,3,34,2,16,13,3,0,0,0,0,0,0,0.246482,16,14.886777,,0,0.0,0,0,0.0,16,14.886777,13,3,,0,0.0,0,0,9-Ball,0.0
1402248,Trond Engebakk,https://img.cuescore.com/image/8/4/862c792ba8eb7f97e626fbe6cbcc59f6.png,https://cuescore.com/img/flags/png-country-4x2-none/res-640x480/no.png,462.83,462.97,2026-04-22,obk,False,anchored,518.0,2026-04-22T16:07:00Z,78942364,32,14,18,18,2,32,14,18,0,0,0,0,0,0,0.067167,32,28.730024,,0,0.0,0,0,0.064699,21,18.882777,10,11,-0.124066,11,9.847247,4,7,9-Ball,0.064699
7719582,Astrid E. Pedersen,https://img.cuescore.com/image/e/4/e219e9c2df259c77f1de2743034ebeae.png?t=1627285842,https://cuescore.com/img/flags/png-country-4x2-none/res-640x480/no.png,462.12,462.38,2026-07-18,obk,False,anchored,325.0,2026-06-03T16:00:00Z,82639456,1458,651,807,0,2,1458,651,807,0,0,0,0,0,0,7e-06,1458,876.262977,-0.030013,380,180.697917,167,213,0.002569,868,564.659296,394,474,0.030349,210,130.905764,90,120,10-Ball,0.030349
1670605,Bernadette Bodó,https://img.cuescore.com/image/a/4/af24d3de0701bedd6850b44d6d26c813.png?t=1699869479,https://cuescore.com/img/flags/png-country-4x2-none/res-640x480/no.png,462.0,462.08,2026-01-31,obk,False,anchored,3.0,2026-01-31T10:00:00Z,72236716,467,210,257,0,2,467,210,257,0,0,0,0,0,0,8e-06,467,164.078942,-0.013873,113,24.90174,56,57,-0.090161,243,62.036849,102,141,0.076987,111,77.140353,52,59,10-Ball,0.076987
7004013,Jone Berntsen Stava,https://img.cuescore.com/image/8/4/81ee268ce80e3f01f9fb086fa81254b4.png?t=1625690742,https://cuescore.com/img/flags/png-country-4x2-none/res-640x480/no.png,461.1,461.46,2024-01-29,obk,False,anchored,231.0,2024-01-29T17:00:00Z,36520705,144,68,76,0,2,144,68,76,0,0,0,0,0,0,0.0,144,45.161244,-0.023822,43,12.839359,19,24,0.009463,101,32.321885,49,52,,0,0.0,0,0,9-Ball,0.009463
1016894,Tommy Andersen,https://img.cuescore.com/image/b/4/b61eb3f32899828304cd7d959ff83099.png?t=1510221156,https://cuescore.com/img/flags/png-country-4x2-none/res-640x480/no.png,460.9,460.97,2019-04-29,obk,False,anchored,,,,367,161,206,0,2,367,161,206,0,0,0,0,0,0,-2e-06,367,49.693235,-0.086887,92,12.746378,33,59,0.068912,138,19.095389,70,68,-0.011675,137,17.851468,58,79,9-Ball,0.068912
40384564,James Acker,https://img.cuescore.com/image/b/4/b48b067c613abbcd8fc28c9547ec8af7.png?t=1756464458,https://cuescore.com/img/flags/png-country-4x2-none/res-640x480/no.png,460.7,460.95,2025-12-27,obk,False,anchored,4.0,2025-12-27T11:00:00Z,71848093,66,24,42,0,2,66,24,42,0,0,0,0,0,0,2.1e-05,66,50.84663,,0,0.0,0,0,-0.203409,17,14.20261,3,14,0.078838,49,36.64402,21,28,10-Ball,0.078838
75505852,Flavio Wicki,https://img.cuescore.com/image/8/4/8317f5adaef9722187f5ce48953a8a10.png?t=1779385047,https://cuescore.com/img/flags/png-country-4x2-none/res-640x480/ch.png,459.66,451.7,2026-10-07,obk,True,anchored,280.0,2026-10-07T16:00:00Z,90543088,225,103,122,0,2,225,103,122,0,0,0,0,0,0,-8e-06,225,217.858202,-0.033582,39,37.887312,20,19,0.015279,143,137.466909,63,80,-0.01948,43,42.503981,20,23,9-Ball,0.015279
4797871,Johannes Ulsund,https://img.cuescore.com/image/0/4/02f5ca1bdd87e02b91d92a2a40dc614d.png?t=1569571166,https://cuescore.com/img/flags/png-country-4x2-none/res-640x480/no.png,458.97,459.14,2023-06-19,obk,False,anchored,224.0,2023-06-19T16:00:00Z,29031835,1004,476,528,0,2,1004,476,528,0,0,0,0,0,0,1e-05,1004,235.520208,-0.008239,237,52.044855,111,126,0.012139,589,140.91632,286,303,-0.030117,178,42.559033,79,99,9-Ball,0.012139
1916867,Christian Sparrenlöv Fischer,https://img.cuescore.com/image/e/4/e614186f8ca3178072c0eeb65a285077.png?t=1727785034,https://cuescore.com/img/flags/png-country-4x2-none/res-640x480/se.png,458.24,458.3,2019-08-31,obk,False,anchored,0.0,2019-08-30T14:00:00Z,5976158,27,23,4,23,2,27,23,4,0,0,0,0,0,0,0.549811,27,4.165496,,0,0.0,0,0,0.0,27,4.165496,23,4,,0,0.0,0,0,9-Ball,0.0
13720633,Håkon Haukebøe,https://img.cuescore.com/image/3/4/319f038cddfee25c3e4aa68d059139e5.png?t=1662394144,https://cuescore.com/img/flags/png-country-4x2-none/res-640x480/no.png,458.07,458.45,2026-09-30,obk,False,anchored,207.0,2026-09-30T16:00:00Z,90053185,511,210,301,0,2,511,210,301,0,0,0,0,0,0,-1e-06,511,416.261192,0.026675,99,77.556259,51,48,-0.031088,308,250.614961,112,196,0.064959,104,88.089972,47,57,10-Ball,0.064959
2251360,Joakim Elfstrøm,https://img.cuescore.com/image/8/4/862c792ba8eb7f97e626fbe6cbcc59f6.png,,457.51,457.73,2020-03-02,obk,False,anchored,,,,118,56,62,0,2,118,56,62,0,0,0,0,0,0,5.4e-05,118,20.656962,0.026919,11,1.524563,6,5,-0.016733,80,13.365207,37,43,0.031663,27,5.767192,13,14,10-Ball,0.031663
8760495,Emir Pandzic,https://img.cuescore.com/image/a/4/a49ae3f587d5501c68d1e8bb904de4c8.png?t=1748465291,https://cuescore.com/img/flags/png-country-4x2-none/res-640x480/ba.png,457.51,457.59,2026-06-15,obk,False,anchored,350.0,2026-06-15T16:00:00Z,83685481,16,10,6,34,2,16,10,6,0,0,0,0,0,0,0.22466,16,14.886777,,0,0.0,0,0,0.0,16,14.886777,10,6,,0,0.0,0,0,9-Ball,0.0
62353570,Hallvard Olaussen,https://img.cuescore.com/image/c/4/c463352554c0fe1c75fb66658424a011.png?t=1788221030,https://cuescore.com/img/flags/png-country-4x2-none/res-640x480/no.png,455.49,455.66,2026-09-23,obk,False,anchored,325.0,2026-09-23T16:00:00Z,89905801,612,306,306,0,2,612,306,306,0,0,0,0,0,0,-1e-06,612,544.909157,0.068805,131,114.496935,80,51,-0.032052,385,343.568044,175,210,0.036088,96,86.844177,51,45,8-Ball,0.068805
36225232,Adrian Winther,https://img.cuescore.com/image/8/4/81cb50b2c575f161fd697cd82244b485.png?t=1741602346,https://cuescore.com/img/flags/png-country-4x2-none/res-640x480/no.png,455.13,455.13,2025-05-05,obk,False,anchored,232.0,2025-05-05T16:00:00Z,59906125,123,62,61,0,2,123,62,61,0,0,0,0,0,0,-1.9e-05,123,88.046283,0.046778,16,11.464019,9,7,-0.015963,81,57.929649,41,40,0.020825,26,18.652615,12,14,8-Ball,0.046778
48151645,Albert Fjeldavli,https://img.cuescore.com/image/8/4/862c792ba8eb7f97e626fbe6cbcc59f6.png,https://cuescore.com/img/flags/png-country-4x2-none/res-640x480/no.png,453.57,453.79,2025-02-24,obk,False,anchored,325.0,2025-02-05T17:00:00Z,53301178,32,13,19,18,2,32,13,19,0,0,0,0,0,0,0.07784,32,21.22474,0.006546,7,4.490023,3,4,-0.061325,12,8.117333,4,8,0.054355,13,8.617384,6,7,10-Ball,0.054355
27634768,Roger Andresen,https://img.cuescore.com/image/8/4/862c792ba8eb7f97e626fbe6cbcc59f6.png,https://cuescore.com/img/flags/png-country-4x2-none/res-640x480/no.png,453.43,453.42,2026-04-15,obk,False,anchored,260.0,2026-04-15T16:00:00Z,78942265,166,76,90,0,2,166,76,90,0,0,0,0,0,0,1.1e-05,166,132.060692,-0.293395,12,10.540784,3,9,0.019905,111,86.049046,52,59,0.038899,43,35.470863,21,22,10-Ball,0.038899
5140422,Tomas Gryczon,https://img.cuescore.com/image/4/4/430ec5c9df468db155800427085d7147.png?t=1658087473,https://cuescore.com/img/flags/png-country-4x2-none/res-640x480/no.png,453.32,453.38,2026-09-02,obk,False,anchored,312.0,2026-09-02T16:00:00Z,86425378,2460,1002,1458,0,2,2460,1002,1458,0,0,0,0,0,0,2e-06,2460,1113.756271,-0.00259,470,157.208061,210,260,-0.027126,1384,600.425421,556,828,0.046879,606,356.122789,236,370,10-Ball,0.046879
1006194,Dag-jøran Aralden,https://img.cuescore.com/image/c/4/c8c4ed55994518cb68d5da39a08dfb10.png?t=1457105902,https://cuescore.com/img/flags/png-country-4x2-none/res-640x480/no.png,453.19,453.28,2026-06-15,obk,False,anchored,,,,14,11,3,36,2,14,11,3,0,0,0,0,0,0,0.251931,14,13.02593,,0,0.0,0,0,0.0,14,13.02593,11,3,,0,0.0,0,0,9-Ball,0.0
19616722,Lobsang Thupten,https://img.cuescore.com/image/1/4/12db8ac2ac795425bd7b813c8236d9a0.png?t=1669638758,https://cuescore.com/img/flags/png-country-4x2-none/res-640x480/no.png,452.87,453.19,2026-04-06,obk,False,anchored,230.0,2026-04-06T16:00:00Z,76464547,429,168,261,0,2,429,168,261,0,0,0,0,0,0,-8e-06,429,310.812747,0.02597,46,34.518556,19,27,0.023203,273,203.129818,114,159,-0.076672,110,73.164373,35,75,8-Ball,0.02597
2950122,Mathias Gjerdrum,https://img.cuescore.com/image/8/4/862c792ba8eb7f97e626fbe6cbcc59f6.png,https://cuescore.com/img/flags/png-country-4x2-none/res-640x480/no.png,452.79,452.9,2019-12-14,obk,False,anchored,,,,37,25,12,13,2,37,25,12,0,0,0,0,0,0,0.200273,37,5.871584,0.282194,10,1.534521,10,0,-0.099845,27,4.337063,15,12,,0,0.0,0,0,8-Ball,0.282194
2431087,Mads Gjefsen,https://img.cuescore.com/image/8/4/862c792ba8eb7f97e626fbe6cbcc59f6.png,https://cuescore.com/img/flags/png-country-4x2-none/res-640x480/no.png,452.42,452.53,2018-04-30,obk,False,anchored,,,,40,26,14,10,2,40,26,14,0,0,0,0,0,0,0.157981,40,5.693059,,0,0.0,0,0,0.0,40,5.693059,26,14,,0,0.0,0,0,9-Ball,0.0
8383376,Hans Petter Ilstad,https://img.cuescore.com/image/8/4/862c792ba8eb7f97e626fbe6cbcc59f6.png,https://cuescore.com/img/flags/png-country-4x2-none/res-640x480/no.png,452.34,452.44,2023-03-27,obk,False,anchored,175.0,2023-03-27T16:00:00Z,25906933,54,28,26,0,2,54,28,26,0,0,0,0,0,0,5.2e-05,54,9.134539,,0,0.0,0,0,0.0,54,9.134539,28,26,,0,0.0,0,0,9-Ball,0.0
1969238,Audun Brede,https://img.cuescore.com/image/b/4/bbddd48ed50a7d4ee6b713845627eaf1.png?t=1511800739,https://cuescore.com/img/flags/png-country-4x2-none/res-640x480/no.png,451.36,451.52,2020-03-09,obk,False,anchored,,,,650,340,310,0,2,650,340,310,0,0,0,0,0,0,-1e-06,650,102.273568,-0.032433,117,16.584022,57,60,0.015248,499,78.690226,268,231,-0.094577,34,6.99932,15,19,9-Ball,0.015248
1708121,Petter Olsen,https://img.cuescore.com/image/b/4/b442bea202b1222facbc56e62a070416.png?t=1647035273,https://cuescore.com/img/flags/png-country-4x2-none/res-640x480/no.png,451.31,451.49,2023-11-06,obk,False,anchored,263.0,2023-11-06T17:00:00Z,34016380,983,477,506,0,2,983,477,506,0,0,0,0,0,0,2e-06,983,219.480319,0.008162,304,65.585083,152,152,-0.013267,509,112.95004,242,267,0.023525,170,40.945196,83,87,10-Ball,0.023525
2140752,Mats Larsen,https://img.cuescore.com/image/8/4/862c792ba8eb7f97e626fbe6cbcc59f6.png,https://cuescore.com/img/flags/png-country-4x2-none/res-640x480/no.png,450.75,450.92,2018-05-21,obk,False,anchored,,,,227,115,112,0,2,227,115,112,0,0,0,0,0,0,1e-05,227,31.60675,0.020015,28,3.910349,14,14,-0.002826,199,27.696402,101,98,,0,0.0,0,0,8-Ball,0.020015
7401493,Simen Skattum,https://img.cuescore.com/image/8/4/862c792ba8eb7f97e626fbe6cbcc59f6.png,https://cuescore.com/img/flags/png-country-4x2-none/res-640x480/no.png,450.51,450.62,2021-10-10,obk,False,anchored,20.0,2020-02-12T17:00:00Z,7443104,85,42,43,0,2,85,42,43,0,0,0,0,0,0,-2.1e-05,85,22.162562,0.087601,11,2.394987,7,4,0.013892,65,17.816698,32,33,-0.234412,9,1.950877,3,6,8-Ball,0.087601
1006316,Jonas Sanchez Gangfløt,https://img.cuescore.com/image/d/4/d1f69440f57ff666de675e2a0269e0bc.png?t=1444771503,https://cuescore.com/img/flags/png-country-4x2-none/res-640x480/no.png,449.99,450.09,2024-12-28,obk,False,anchored,2.0,2024-12-27T11:00:00Z,52314610,13,9,4,37,2,13,9,4,0,0,0,0,0,0,0.367845,13,8.627585,,0,0.0,0,0,0.0,13,8.627585,9,4,,0,0.0,0,0,9-Ball,0.0
5516156,Freddy Jansson,https://img.cuescore.com/image/d/4/dbf2b7474d80f4c232c754c5e7847958.png?t=1597843784,https://cuescore.com/img/flags/png-country-4x2-none/res-640x480/se.png,449.71,449.82,2022-06-29,obk,False,anchored,80.0,2022-06-29T16:00:00Z,16490590,26,18,8,24,2,26,18,8,0,0,0,0,0,0,0.26178,26,7.820954,0.0,26,7.820954,18,8,,0,0.0,0,0,,0,0.0,0,0,8-Ball,0.0
1069187,Thomas Erichsen,https://img.cuescore.com/image/8/4/862c792ba8eb7f97e626fbe6cbcc59f6.png,https://cuescore.com/img/flags/png-country-4x2-none/res-640x480/no.png,449.69,449.84,2018-10-08,obk,False,anchored,,,,91,48,43,0,2,91,48,43,0,0,0,0,0,0,7.1e-05,91,13.2509,0.196931,16,2.42785,12,4,-0.044176,75,10.82305,36,39,,0,0.0,0,0,8-Ball,0.196931
2660053,Morten Bjellås,https://img.cuescore.com/image/6/4/61677b113ed0ff9f7747c85295ec0473.png?t=1690105407,https://cuescore.com/img/flags/png-country-4x2-none/res-640x480/no.png,449.44,449.62,2026-04-03,obk,False,anchored,3.0,2026-04-03T13:00:00Z,79209838,401,189,212,0,2,401,189,212,0,0,0,0,0,0,-1.2e-05,401,113.056636,-0.037023,96,24.275968,44,52,0.025576,233,73.85738,117,116,-0.066353,72,14.923287,28,44,9-Ball,0.025576
73722376,Seva Tkach,https://img.cuescore.com/image/4/4/423dffe0722795cfb0c3ede75c9051fb.png?t=1766008678,https://cuescore.com/img/flags/png-country-4x2-none/res-640x480/no.png,449.32,449.85,2026-06-17,obk,False,anchored,289.0,2026-06-17T16:00:00Z,83685484,354,146,208,0,2,354,146,208,0,0,0,0,0,0,-0.0,354,310.80389,,0,0.0,0,0,0.008516,327,286.728704,141,186,-0.101421,27,24.075186,5,22,9-Ball,0.008516
13507978,Sondre Noraberg,https://img.cuescore.com/image/8/4/862c792ba8eb7f97e626fbe6cbcc59f6.png,https://cuescore.com/img/flags/png-country-4x2-none/res-640x480/no.png,448.67,448.62,2022-02-27,obk,False,anchored,70.0,2022-02-23T17:10:00Z,13488412,35,13,22,15,2,35,13,22,0,0,0,0,0,0,0.103875,35,12.064197,,0,0.0,0,0,0.0,35,12.064197,13,22,,0,0.0,0,0,9-Ball,0.0
77931514,Kevin Le Falconelli,https://img.cuescore.com/image/8/4/862c792ba8eb7f97e626fbe6cbcc59f6.png,https://cuescore.com/img/flags/png-country-4x2-none/res-640x480/no.png,448.55,448.61,2026-03-06,obk,False,anchored,,,,19,10,9,31,2,19,10,9,0,0,0,0,0,0,0.155783,19,16.584294,,0,0.0,0,0,0.0,19,16.584294,10,9,,0,0.0,0,0,9-Ball,0.0
9287997,Bengt Bårdsen,https://img.cuescore.com/image/d/4/dd8043c7ce313ce180259a43167a4acb.png?t=1742896439,https://cuescore.com/img/flags/png-country-4x2-none/res-640x480/no.png,447.86,447.92,2024-02-06,obk,False,anchored,,,,29,19,10,21,2,29,19,10,0,0,0,0,0,0,0.110175,29,15.660668,,0,0.0,0,0,,0,0.0,0,0,0.0,29,15.660668,19,10,10-Ball,0.0
9221595,Christoffer Sørensen,https://img.cuescore.com/image/8/4/862c792ba8eb7f97e626fbe6cbcc59f6.png,https://cuescore.com/img/flags/png-country-4x2-none/res-640x480/no.png,447.46,447.56,2024-03-09,obk,False,anchored,66.0,2021-11-10T17:10:00Z,10580725,22,13,9,28,2,22,13,9,0,0,0,0,0,0,0.188616,22,12.099929,,0,0.0,0,0,0.0,22,12.099929,13,9,,0,0.0,0,0,9-Ball,0.0
1006253,Gunder Eriksen,https://img.cuescore.com/image/d/4/d29ba32b21c8cca9b7b83932128d81b2.png?t=1486550121,https://cuescore.com/img/flags/png-country-4x2-none/res-640x480/no.png,447.24,446.94,2026-02-02,obk,False,anchored,,,,32,14,18,18,2,32,14,18,0,0,0,0,0,0,0.053376,32,27.371774,,0,0.0,0,0,0.0,32,27.371774,14,18,,0,0.0,0,0,9-Ball,0.0
1006147,Arild Kråkvik,https://img.cuescore.com/image/2/4/2e1bbf687394242ede8ccb3700a03d07.png?t=1548893988,https://cuescore.com/img/flags/png-country-4x2-none/res-640x480/no.png,446.81,447.09,2026-04-03,obk,False,anchored,2.0,2026-04-03T13:00:00Z,79209838,117,53,64,0,2,117,53,64,0,0,0,0,0,0,1.8e-05,117,42.668861,-0.051018,18,9.471545,5,13,0.014556,99,33.197316,48,51,,0,0.0,0,0,9-Ball,0.014556
5493128,Per christian Slåtta,https://img.cuescore.com/image/6/4/6d193257b45d8108eda43084f063133e.png?t=1604331063,https://cuescore.com/img/flags/png-country-4x2-none/res-640x480/no.png,446.26,446.46,2024-02-23,obk,False,anchored,2.0,2024-02-23T17:00:00Z,40191676,790,345,445,0,2,790,345,445,0,0,0,0,0,0,-2e-06,790,226.679862,-0.047131,124,34.047029,53,71,0.010737,423,124.988926,189,234,0.003884,243,67.643908,103,140,9-Ball,0.010737
77931460,Daniel Nordhaug,https://img.cuescore.com/image/8/4/862c792ba8eb7f97e626fbe6cbcc59f6.png,https://cuescore.com/img/flags/png-country-4x2-none/res-640x480/no.png,445.76,445.9,2026-03-06,obk,False,anchored,,,,31,17,14,19,2,31,17,14,0,0,0,0,0,0,0.055232,31,27.058585,,0,0.0,0,0,0.0,31,27.058585,17,14,,0,0.0,0,0,9-Ball,0.0
50993632,Kester Hvattum,https://img.cuescore.com/image/8/4/862c792ba8eb7f97e626fbe6cbcc59f6.png,https://cuescore.com/img/flags/png-country-4x2-none/res-640x480/cl.png,445.53,445.77,2026-06-08,obk,False,anchored,228.0,2026-06-08T16:00:00Z,83165326,162,75,87,0,2,162,75,87,0,0,0,0,0,0,1.1e-05,162,126.696512,-0.036173,34,25.797714,16,18,0.042558,102,81.112122,52,50,-0.127298,26,19.786677,7,19,9-Ball,0.042558
1059772,Magnus Olaussen,https://img.cuescore.com/image/4/4/4fb99aadf4971c3fd491886f0a3f230c.png?t=1486541136,https://cuescore.com/img/flags/png-country-4x2-none/res-640x480/no.png,444.55,444.59,2017-10-23,obk,False,anchored,,,,71,31,40,0,2,71,31,40,0,0,0,0,0,0,7.2e-05,71,8.523393,-0.016293,53,6.424393,23,30,0.049867,18,2.098999,8,10,,0,0.0,0,0,9-Ball,0.049867
3183489,Knut-Håkon Helgesen,https://img.cuescore.com/image/9/4/9f5027895f2ed0bbb125cb67d3a34c39.png?t=1767906577,https://cuescore.com/img/flags/png-country-4x2-none/res-640x480/no.png,444.44,443.59,2026-10-07,obk,True,anchored,325.0,2026-10-07T16:00:00Z,90543088,312,133,179,0,2,312,133,179,0,0,0,0,0,0,4e-06,312,285.036246,-0.026291,26,24.542658,12,14,-0.000882,218,197.10211,89,129,0.012921,68,63.391477,32,36,10-Ball,0.012921
16282693,Mikko Virtanen,https://img.cuescore.com/image/f/4/fadf073f7c43822c35050de1bbaf1dbd.png?t=1664286566,https://cuescore.com/img/flags/png-country-4x2-none/res-640x480/no.png,444.32,444.51,2023-09-18,obk,False,anchored,145.0,2023-08-14T16:00:00Z,30522520,54,29,25,0,2,54,29,25,0,0,0,0,0,0,-4.2e-05,54,24.43674,-0.078003,24,11.105962,12,12,0.158793,19,9.220116,14,5,-0.145427,11,4.110661,3,8,9-Ball,0.158793
9350575,Valentin Schmitz,https://img.cuescore.com/image/8/4/862c792ba8eb7f97e626fbe6cbcc59f6.png,https://cuescore.com/img/flags/png-country-4x2-none/res-640x480/de.png,444.24,444.28,2026-06-15,obk,False,anchored,,,,10,7,3,40,2,10,7,3,0,0,0,0,0,0,0.327008,10,9.304236,,0,0.0,0,0,0.0,10,9.304236,7,3,,0,0.0,0,0,9-Ball,0.0
52390867,Emil Johannesen,https://img.cuescore.com/image/5/4/52a75d48a2bdd8a0c1fb5939915a00e0.png?t=1755506638,https://cuescore.com/img/flags/png-country-4x2-none/res-640x480/no.png,443.17,443.4,2026-07-20,obk,False,anchored,213.0,2026-07-20T15:45:00Z,85126495,335,150,185,0,2,335,150,185,0,0,0,0,0,0,3e-06,335,276.119696,0.084979,100,85.106421,58,42,-0.030352,198,161.669641,77,121,-0.079244,37,29.343634,15,22,8-Ball,0.084979
30080695,Marek Zagrobelny,https://img.cuescore.com/image/2/4/25adc0a8bf6fdf8a122e9d00c2a5756f.png?t=1789108262,https://cuescore.com/img/flags/png-country-4x2-none/res-640x480/no.png,442.15,442.38,2025-07-19,obk,False,anchored,290.0,2025-01-08T17:00:00Z,53300464,186,75,111,0,2,186,75,111,0,0,0,0,0,0,-2.5e-05,186,117.58672,-0.014354,66,39.734989,28,38,0.032299,94,63.541659,41,53,-0.103562,26,14.310071,6,20,9-Ball,0.032299
2251353,Mentor Nuredini,https://img.cuescore.com/image/e/4/e49824bb8f7622deac2c272313e0e71f.png?t=1521478610,,441.84,442.0,2025-02-17,obk,False,anchored,285.0,2025-02-17T17:00:00Z,54821068,570,281,289,0,2,570,281,289,0,0,0,0,0,0,-1e-05,570,90.77627,0.06581,127,19.778422,72,55,0.002531,411,63.646845,197,214,-0.198977,32,7.351003,12,20,8-Ball,0.06581
1016581,Medi Asisi,https://img.cuescore.com/image/8/4/862c792ba8eb7f97e626fbe6cbcc59f6.png,https://cuescore.com/img/flags/png-country-4x2-none/res-640x480/no.png,441.54,,2026-10-07,obk,True,anchored,300.0,2026-10-07T16:00:00Z,90543088,11,7,4,39,2,11,7,4,0,0,0,0,0,0,0.253474,11,11.0,,0,0.0,0,0,0.0,11,11.0,7,4,,0,0.0,0,0,9-Ball,0.0
1031037,Sverre Kringler,https://img.cuescore.com/image/8/4/8e9ff4571fca48b3177926eed53cfab6.png?t=1744288534,https://cuescore.com/img/flags/png-country-4x2-none/res-640x480/no.png,441.28,441.86,2025-05-21,obk,False,anchored,372.0,2025-05-21T16:00:00Z,59340604,35,14,21,15,2,35,14,21,0,0,0,0,0,0,0.04195,35,25.393682,,0,0.0,0,0,-0.016747,16,11.580641,6,10,0.01404,19,13.813042,8,11,10-Ball,0.01404
2620565,Fadil,https://img.cuescore.com/image/8/4/862c792ba8eb7f97e626fbe6cbcc59f6.png,https://cuescore.com/img/flags/png-country-4x2-none/res-640x480/no.png,441.13,441.3,2019-02-25,obk,False,anchored,12.0,2018-05-26T12:01:00Z,2619365,130,68,62,0,2,130,68,62,0,0,0,0,0,0,1.9e-05,130,20.677789,0.058189,31,4.799019,19,12,0.01339,93,14.854759,49,44,-0.46694,6,1.024011,0,6,8-Ball,0.058189
1429285,Kristoffer Fjellstad,https://img.cuescore.com/image/8/4/862c792ba8eb7f97e626fbe6cbcc59f6.png,,440.93,441.01,2018-02-26,obk,False,anchored,,,,86,46,40,0,2,86,46,40,0,0,0,0,0,0,-1.9e-05,86,11.236797,-0.08308,46,5.766091,22,24,0.087566,40,5.470706,24,16,,0,0.0,0,0,9-Ball,0.087566
3611862,Minh Cong Bui,https://img.cuescore.com/image/7/4/7c9208409708328f1778fbaaa4054f0a.png?t=1546946724,,440.8,440.98,2020-01-13,obk,False,anchored,,,,117,55,62,0,2,117,55,62,0,0,0,0,0,0,3.7e-05,117,20.949097,-0.10874,22,3.921838,9,13,0.025046,95,17.027259,46,49,,0,0.0,0,0,9-Ball,0.025046
1006225,Espen Hauge,https://img.cuescore.com/image/4/4/439e444ed9697da9b51689e7d53506a4.png?t=1442096186,https://cuescore.com/img/flags/png-country-4x2-none/res-640x480/no.png,440.79,440.82,2024-04-13,obk,False,anchored,,,,48,15,33,2,2,48,15,33,0,0,0,0,0,0,0.011503,48,12.360425,-0.115981,18,2.351926,4,14,0.027255,30,10.008498,11,19,,0,0.0,0,0,9-Ball,0.027255
2653483,Shakir Bajrami,https://img.cuescore.com/image/8/4/862c792ba8eb7f97e626fbe6cbcc59f6.png,https://cuescore.com/img/flags/png-country-4x2-none/res-640x480/no.png,440.29,440.52,2019-03-25,obk,False,anchored,,,,61,30,31,0,2,61,30,31,0,0,0,0,0,0,0.000122,61,9.709344,0.186072,21,3.401998,14,7,-0.100362,40,6.307346,16,24,,0,0.0,0,0,8-Ball,0.186072
2431085,Shakir,https://img.cuescore.com/image/8/4/862c792ba8eb7f97e626fbe6cbcc59f6.png,https://cuescore.com/img/flags/png-country-4x2-none/res-640x480/no.png,440.26,440.44,2018-05-21,obk,False,anchored,,,,96,52,44,0,2,96,52,44,0,0,0,0,0,0,0.000108,96,13.70443,-0.079277,21,3.010982,10,11,0.022322,75,10.693448,42,33,,0,0.0,0,0,9-Ball,0.022322
7711996,Sami Elmers,https://img.cuescore.com/image/8/4/862c792ba8eb7f97e626fbe6cbcc59f6.png,https://cuescore.com/img/flags/png-country-4x2-none/res-640x480/no.png,440.22,440.31,2020-03-01,obk,False,anchored,,,,32,20,12,18,2,32,20,12,0,0,0,0,0,0,0.179076,32,6.96214,,0,0.0,0,0,,0,0.0,0,0,0.0,32,6.96214,20,12,10-Ball,0.0
2827292,Simen Jøndal,https://img.cuescore.com/image/7/4/7d64592ad673139659a9a603a39a24f2.png?t=1768576519,https://cuescore.com/img/flags/png-country-4x2-none/res-640x480/no.png,439.95,440.1,2024-12-02,obk,False,anchored,200.0,2024-12-02T17:00:00Z,52107310,1662,706,956,0,2,1662,706,956,0,0,0,0,0,0,-0.0,1662,394.670604,-0.047298,471,110.895974,178,293,0.00287,777,178.002704,340,437,0.044759,414,105.771926,188,226,10-Ball,0.044759
1695480,Korab Neziri,https://img.cuescore.com/image/d/4/dc4bd53747ad86393d2c78bd8920ab2f.png?t=1515349346,https://cuescore.com/img/flags/png-country-4x2-none/res-640x480/no.png,439.77,439.94,2023-04-01,obk,False,anchored,251.0,2023-03-20T17:00:00Z,25613290,38,17,21,12,2,38,17,21,0,0,0,0,0,0,0.049125,38,16.729701,,0,0.0,0,0,-0.071813,22,9.757775,8,14,0.100508,16,6.971926,9,7,10-Ball,0.100508
60502477,Matteo Sevenius,https://img.cuescore.com/image/8/4/862c792ba8eb7f97e626fbe6cbcc59f6.png,https://cuescore.com/img/flags/png-country-4x2-none/res-640x480/no.png,439.74,439.81,2025-05-16,obk,False,anchored,1.0,2025-05-16T16:00:00Z,59841952,17,9,8,33,2,17,9,8,0,0,0,0,0,0,0.183279,17,12.320008,,0,0.0,0,0,0.0,17,12.320008,9,8,,0,0.0,0,0,9-Ball,0.0
1006216,Emil Bjørkmann,https://img.cuescore.com/image/c/4/c9975a4ae32a7fca6dd029089516ec07.png?t=1659863453,https://cuescore.com/img/flags/png-country-4x2-none/res-640x480/no.png,439.49,439.67,2025-10-08,obk,False,anchored,525.0,2025-10-08T16:00:00Z,69799330,27,12,15,23,2,27,12,15,0,0,0,0,0,0,0.073377,27,21.320698,,0,0.0,0,0,0.0,27,21.320698,12,15,,0,0.0,0,0,9-Ball,0.0
9264588,Marcin Lewicki,https://img.cuescore.com/image/f/4/f710226240876644cf99c119c0ac7eb6.png?t=1702229683,https://cuescore.com/img/flags/png-country-4x2-none/res-640x480/pl.png,437.58,437.73,2025-06-16,obk,False,anchored,425.0,2025-06-16T16:00:00Z,62204857,18,11,7,32,2,18,11,7,0,0,0,0,0,0,0.155756,18,13.30305,,0,0.0,0,0,0.0,18,13.30305,11,7,,0,0.0,0,0,9-Ball,0.0
85089859,Stian Rekdal,https://img.cuescore.com/image/e/4/e6698add950ed5222f83224b6c2c6f09.png?t=1784585696,https://cuescore.com/img/flags/png-country-4x2-none/res-640x480/no.png,436.93,436.83,2026-09-30,obk,False,anchored,307.0,2026-09-30T16:00:00Z,90053185,78,32,46,0,2,78,32,46,0,0,0,0,0,0,-4e-06,78,75.543222,-0.023096,24,23.483701,8,16,0.011868,42,40.112541,20,22,0.005552,12,11.94698,4,8,9-Ball,0.011868
15015523,Vijay Jadhav,https://img.cuescore.com/image/e/4/e25c82ae33b057f692b5419d2d252c2d.png?t=1669719097,https://cuescore.com/img/flags/png-country-4x2-none/res-640x480/no.png,436.83,437.09,2023-04-17,obk,False,anchored,237.0,2023-04-17T16:00:00Z,25906981,148,56,92,0,2,148,56,92,0,0,0,0,0,0,1.4e-05,148,61.735653,-0.06298,44,18.675735,12,32,0.015763,54,23.520193,21,33,0.041221,50,19.539725,23,27,10-Ball,0.041221
2947251,Maria Torjussen,https://img.cuescore.com/image/2/4/25700506d70ae33852488e0707d9c8ea.png?t=1664988973,https://cuescore.com/img/flags/png-country-4x2-none/res-640x480/no.png,436.08,436.25,2019-01-07,obk,False,anchored,20.0,2018-09-12T16:01:00Z,2940005,51,27,24,0,2,51,27,24,0,0,0,0,0,0,6.9e-05,51,8.112504,0.154358,7,1.08372,5,2,-0.021108,33,5.224837,16,17,-0.031594,11,1.803947,6,5,8-Ball,0.154358
1006160,Audun Risan Heimsjø,https://img.cuescore.com/image/3/4/3ff58b19f52dfb1dbcde932fcf78b2be.png?t=1496737367,https://cuescore.com/img/flags/png-country-4x2-none/res-640x480/no.png,435.18,435.27,2024-09-11,obk,False,anchored,475.0,2024-09-11T16:00:00Z,47691649,18,11,7,32,2,18,11,7,0,0,0,0,0,0,0.191481,18,10.140721,,0,0.0,0,0,0.0,18,10.140721,11,7,,0,0.0,0,0,9-Ball,0.0
1006233,Eystein Gangfløt,https://img.cuescore.com/image/8/4/87424e99243c8e5efc81d0dbc1b80d56.png?t=1479306437,https://cuescore.com/img/flags/png-country-4x2-none/res-640x480/no.png,434.9,435.03,2024-12-28,obk,False,anchored,4.0,2024-12-27T11:00:00Z,52314610,24,11,13,26,2,24,11,13,0,0,0,0,0,0,0.101406,24,15.437551,,0,0.0,0,0,0.0,24,15.437551,11,13,,0,0.0,0,0,9-Ball,0.0
26698165,Jeff Hagen,https://img.cuescore.com/image/6/4/604b5b644e80e61bab39e5630066838d.png?t=1681852265,https://cuescore.com/img/flags/png-country-4x2-none/res-640x480/no.png,434.79,434.87,2025-04-14,obk,False,anchored,224.0,2025-04-14T16:00:00Z,58092145,16,10,6,34,2,16,10,6,0,0,0,0,0,0,0.23134,16,8.817522,,0,0.0,0,0,0.0,16,8.817522,10,6,,0,0.0,0,0,9-Ball,0.0
1022965,Tommy Bakke,https://img.cuescore.com/image/3/4/3a932451afdf4d29cbb8d41a41fc1597.png?t=1507121479,https://cuescore.com/img/flags/png-country-4x2-none/res-640x480/no.png,434.68,434.77,2020-09-28,obk,False,anchored,38.0,2018-02-07T17:15:00Z,2126901,271,109,162,0,2,271,109,162,0,0,0,0,0,0,-5e-06,271,36.976793,-0.012408,101,14.285403,40,61,0.000867,123,16.610726,50,73,0.026782,47,6.080664,19,28,10-Ball,0.026782
59496361,Wojciech Wajda,https://img.cuescore.com/image/8/4/862c792ba8eb7f97e626fbe6cbcc59f6.png,https://cuescore.com/img/flags/png-country-4x2-none/res-640x480/no.png,434.56,434.93,2025-04-30,obk,False,anchored,225.0,2025-04-30T16:00:00Z,53308693,25,12,13,25,2,25,12,13,0,0,0,0,0,0,0.083079,25,17.935207,,0,0.0,0,0,,0,0.0,0,0,0.0,25,17.935207,12,13,10-Ball,0.0
3119948,Huan Bao Ngo,https://img.cuescore.com/image/d/4/d16efb250f548683c0ab94cc4ac2d001.png?t=1537802739,,434.51,434.73,2025-10-13,obk,False,anchored,159.0,2025-10-13T16:00:00Z,70078510,455,242,213,0,2,455,242,213,0,0,0,0,0,0,3e-06,455,122.320952,-0.042544,170,43.436361,87,83,0.024288,277,77.57263,151,126,-0.027535,8,1.311961,4,4,9-Ball,0.024288
6550335,Usama Javed,https://img.cuescore.com/image/8/4/862c792ba8eb7f97e626fbe6cbcc59f6.png,https://cuescore.com/img/flags/png-country-4x2-none/res-640x480/no.png,434.19,434.23,2019-09-30,obk,False,anchored,,,,26,20,6,24,2,26,20,6,0,0,0,0,0,0,0.275443,26,5.135276,,0,0.0,0,0,,0,0.0,0,0,0.0,26,5.135276,20,6,10-Ball,0.0
3012666,Eirik Sandaaker,https://img.cuescore.com/image/3/4/361508a21a4d356b9a636c2744dbff2c.png?t=1572096861,https://cuescore.com/img/flags/png-country-4x2-none/res-640x480/no.png,434.1,434.27,2025-03-31,obk,False,anchored,213.0,2025-03-31T16:00:00Z,58092127,471,216,255,0,2,471,216,255,0,0,0,0,0,0,-5e-06,471,135.274281,0.031471,169,49.277081,89,80,-0.020401,235,67.703872,99,136,-0.009269,67,18.293328,28,39,8-Ball,0.031471
6100647,Konrad Juszczyszyn,https://img.cuescore.com/image/5/4/5d3ba91ada52036ad9ee70787250c694.png?t=1581325286,https://cuescore.com/img/flags/png-country-4x2-none/res-640x480/pl.png,433.81,433.6,2020-01-24,obk,False,anchored,0.0,2019-08-30T14:00:00Z,5976158,47,16,31,3,2,47,16,31,0,0,0,0,0,0,0.018406,47,9.404039,,0,0.0,0,0,0.048402,16,3.098638,5,11,-0.023786,31,6.305401,11,20,9-Ball,0.048402
2576372,Fadil Mustafa,https://img.cuescore.com/image/8/4/862c792ba8eb7f97e626fbe6cbcc59f6.png,https://cuescore.com/img/flags/png-country-4x2-none/res-640x480/no.png,433.76,433.93,2019-02-04,obk,False,anchored,,,,112,57,55,0,2,112,57,55,0,0,0,0,0,0,3.2e-05,112,17.478383,0.064079,55,8.754331,32,23,-0.096696,45,6.75611,20,25,0.046912,12,1.967942,5,7,8-Ball,0.064079
1014993,Tron Vidar Engebakk,https://img.cuescore.com/image/5/4/5feb60003354010600e14e8d9294a896.png?t=1496737384,https://cuescore.com/img/flags/png-country-4x2-none/res-640x480/no.png,433.66,433.56,2026-07-08,obk,False,anchored,528.0,2026-07-08T16:00:00Z,84684754,19,8,11,31,2,19,8,11,0,0,0,0,0,0,0.120005,19,14.996635,,0,0.0,0,0,-0.111952,9,8.496538,3,6,0.146337,10,6.500097,5,5,10-Ball,0.146337
7194559,Corry Duel,https://img.cuescore.com/image/8/4/862c792ba8eb7f97e626fbe6cbcc59f6.png,https://cuescore.com/img/flags/png-country-4x2-none/res-640x480/us.png,433.42,433.41,2020-01-24,obk,False,anchored,,,,34,18,16,16,2,34,18,16,0,0,0,0,0,0,0.127755,34,7.224932,,0,0.0,0,0,,0,0.0,0,0,0.0,34,7.224932,18,16,10-Ball,0.0
5493801,Rune Greaker,https://img.cuescore.com/image/8/4/862c792ba8eb7f97e626fbe6cbcc59f6.png,https://cuescore.com/img/flags/png-country-4x2-none/res-640x480/no.png,433.35,433.37,2019-06-04,obk,False,anchored,,,,31,16,15,19,2,31,16,15,0,0,0,0,0,0,0.192444,31,5.682428,,0,0.0,0,0,0.0,31,5.682428,16,15,,0,0.0,0,0,9-Ball,0.0
5076344,Hamad Malik,https://img.cuescore.com/image/9/4/9ddf026a6a88add06763765c963d4325.png?t=1774097154,https://cuescore.com/img/flags/png-country-4x2-none/res-640x480/no.png,432.83,432.94,2024-12-18,obk,False,anchored,225.0,2024-12-18T17:00:00Z,52107430,35,17,18,15,2,35,17,18,0,0,0,0,0,0,0.069355,35,12.252552,0.066125,13,8.396877,7,6,-0.144007,22,3.855676,10,12,,0,0.0,0,0,8-Ball,0.066125
82125409,Ralfs Savielis,https://img.cuescore.com/image/9/4/960e417c3d38c2ed3b745266bf2f51ee.png?t=1789544638,https://cuescore.com/img/flags/png-country-4x2-none/res-640x480/lv.png,432.7,432.39,2026-10-05,obk,False,anchored,245.0,2026-10-05T16:00:00Z,90543082,64,34,30,0,2,64,34,30,0,0,0,0,0,0,1.8e-05,64,63.303192,-0.246687,9,8.881231,1,8,0.040257,55,54.421961,33,22,,0,0.0,0,0,9-Ball,0.040257
1006361,Lars-Harald Riiber,https://img.cuescore.com/image/8/4/871d2421fb7943ea0a3b27cf1f779042.png?t=1517485408,https://cuescore.com/img/flags/png-country-4x2-none/res-640x480/no.png,432.7,432.75,2024-04-13,obk,False,anchored,,,,19,12,7,31,2,19,12,7,0,0,0,0,0,0,0.163426,19,10.704095,,0,0.0,0,0,0.0,19,10.704095,12,7,,0,0.0,0,0,9-Ball,0.0
1006375,Maron Pettersen,https://img.cuescore.com/image/a/4/a5265b5827de36fe529be13b82677706.png?t=1732797096,https://cuescore.com/img/flags/png-country-4x2-none/res-640x480/no.png,432.62,432.76,2025-07-02,obk,False,anchored,325.0,2025-07-02T16:15:00Z,63131038,25,8,17,25,2,25,8,17,0,0,0,0,0,0,0.075421,25,18.66454,,0,0.0,0,0,0.0,25,18.66454,8,17,,0,0.0,0,0,9-Ball,0.0
8306234,Frode Ellingsen,https://img.cuescore.com/image/8/4/862c792ba8eb7f97e626fbe6cbcc59f6.png,https://cuescore.com/img/flags/png-country-4x2-none/res-640x480/no.png,432.22,432.44,2022-04-04,obk,False,anchored,,,,100,45,55,0,2,100,45,55,0,0,0,0,0,0,2.1e-05,100,30.292367,0.074835,44,12.948716,24,20,-0.025975,28,9.49452,10,18,-0.092036,28,7.849132,11,17,8-Ball,0.074835
31380109,Fabrizio Inga,https://img.cuescore.com/image/8/4/862c792ba8eb7f97e626fbe6cbcc59f6.png,https://cuescore.com/img/flags/png-country-4x2-none/res-640x480/it.png,432.17,432.17,2024-12-09,obk,False,anchored,,,,11,6,5,39,2,11,6,5,0,0,0,0,0,0,0.30014,11,7.213711,,0,0.0,0,0,,0,0.0,0,0,0.0,11,7.213711,6,5,10-Ball,0.0
9588856,Michel Mateos,https://img.cuescore.com/image/3/4/34b47ba4007296d7976cda0c6c46d9b6.png?t=1632317079,https://cuescore.com/img/flags/png-country-4x2-none/res-640x480/no.png,431.94,432.01,2026-07-06,obk,False,anchored,250.0,2026-07-06T16:00:00Z,84509800,12,9,3,38,2,12,9,3,0,0,0,0,0,0,0.18517,12,11.314394,,0,0.0,0,0,0.0,12,11.314394,9,3,,0,0.0,0,0,9-Ball,0.0
53060527,Mazen AlAli,https://img.cuescore.com/image/5/4/5a34023dbc577ba79795ead1e76ce139.png?t=1767610532,https://cuescore.com/img/flags/png-country-4x2-none/res-640x480/jo.png,431.86,432.08,2026-10-05,obk,False,anchored,232.0,2026-10-05T16:00:00Z,90543082,304,138,166,0,2,304,138,166,0,0,0,0,0,0,-1e-05,304,270.692971,-0.001709,32,27.244262,16,16,-0.011583,219,194.608278,92,127,0.047106,53,48.84043,30,23,10-Ball,0.047106
1006415,Olav Skrudland,https://img.cuescore.com/image/f/4/ff6dafcbb081d49b36b68299d12e71a8.png?t=1471353653,https://cuescore.com/img/flags/png-country-4x2-none/res-640x480/no.png,431.64,431.65,2022-04-06,obk,False,anchored,88.0,2022-04-06T16:00:00Z,15105640,29,14,15,21,2,29,14,15,0,0,0,0,0,0,0.215365,29,5.325988,,0,0.0,0,0,0.0,29,5.325988,14,15,,0,0.0,0,0,9-Ball,0.0
4889376,Tayab Malik,https://img.cuescore.com/image/8/4/862c792ba8eb7f97e626fbe6cbcc59f6.png,https://cuescore.com/img/flags/png-country-4x2-none/res-640x480/no.png,431.45,431.58,2020-09-07,obk,False,anchored,20.0,2019-03-20T17:15:00Z,5065455,87,41,46,0,2,87,41,46,0,0,0,0,0,0,2.7e-05,87,17.613558,-0.257054,5,1.032293,1,4,0.032105,64,12.164588,33,31,-0.028344,18,4.416677,7,11,9-Ball,0.032105
57799534,Iris Marie Evdahl,https://img.cuescore.com/image/f/4/f55166c463c87aaf1907b184fd111821.png?t=1763125182,https://cuescore.com/img/flags/png-country-4x2-none/res-640x480/no.png,431.14,431.37,2026-07-20,obk,False,anchored,225.0,2026-07-20T15:45:00Z,85126495,238,91,147,0,2,238,91,147,0,0,0,0,0,0,-2.2e-05,238,194.47293,-0.149833,54,40.450752,18,36,-0.031659,130,103.182504,46,84,0.183469,54,50.839675,27,27,10-Ball,0.183469
2106214,Don Hajra,https://img.cuescore.com/image/d/4/dbe904ba44581e81a5e02ab0f9d27c08.png?t=1730554060,https://cuescore.com/img/flags/png-country-4x2-none/res-640x480/xk.png,431.09,431.15,2024-10-28,obk,False,anchored,550.0,2024-10-16T16:00:00Z,48275275,8,6,2,42,2,8,6,2,0,0,0,0,0,0,0.441297,8,5.108782,,0,0.0,0,0,0.0,8,5.108782,6,2,,0,0.0,0,0,9-Ball,0.0
77931466,Aksel Nergaard,https://img.cuescore.com/image/8/4/862c792ba8eb7f97e626fbe6cbcc59f6.png,https://cuescore.com/img/flags/png-country-4x2-none/res-640x480/no.png,430.67,430.76,2026-03-06,obk,False,anchored,,,,26,14,12,24,2,26,14,12,0,0,0,0,0,0,0.056009,26,22.694297,,0,0.0,0,0,0.0,26,22.694297,14,12,,0,0.0,0,0,9-Ball,0.0
3543748,Thong Trong Ho,https://img.cuescore.com/image/5/4/51feb0eff159a7e27af163612fabba7e.png?t=1545065304,,430.49,430.6,2020-02-03,obk,False,anchored,,,,224,104,120,0,2,224,104,120,0,0,0,0,0,0,5e-06,224,41.961503,-0.009274,92,16.970383,44,48,0.006297,132,24.99112,60,72,,0,0.0,0,0,9-Ball,0.006297
7114931,Håkon Haukebøe,https://img.cuescore.com/image/8/4/862c792ba8eb7f97e626fbe6cbcc59f6.png,https://cuescore.com/img/flags/png-country-4x2-none/res-640x480/no.png,430.49,430.54,2021-08-18,obk,False,anchored,14.0,2021-08-18T16:00:00Z,9153444,14,13,1,36,2,14,13,1,0,0,0,0,0,0,0.458061,14,4.137347,0.0,14,4.137347,13,1,,0,0.0,0,0,,0,0.0,0,0,8-Ball,0.0
8976389,April Gonzales,https://img.cuescore.com/image/5/4/5aa6aa48f7d5ffe854d5266ac08db7ef.png,https://cuescore.com/img/flags/png-country-4x2-none/res-640x480/us.png,430.43,430.51,2026-06-15,obk,False,anchored,300.0,2026-06-15T16:00:00Z,83685481,23,11,12,27,2,23,11,12,0,0,0,0,0,0,0.066307,23,21.399742,,0,0.0,0,0,0.0,23,21.399742,11,12,,0,0.0,0,0,9-Ball,0.0
5769900,Joshua Filler,https://img.cuescore.com/image/7/4/727a969aac4916285acbbe864a35ddd6.png?t=1565270714,https://cuescore.com/img/flags/png-country-4x2-none/res-640x480/de.png,430.3,430.25,2020-01-24,obk,False,anchored,,,,36,20,16,14,2,36,20,16,0,0,0,0,0,0,0.09571,36,7.649928,,0,0.0,0,0,,0,0.0,0,0,0.0,36,7.649928,20,16,10-Ball,0.0
1047363,Vinko Smolic,https://img.cuescore.com/image/9/4/91a5645698fe5816864ae2f2a28f7f9d.png?t=1737469114,https://cuescore.com/img/flags/png-country-4x2-none/res-640x480/no.png,430.29,430.57,2026-05-20,obk,False,anchored,366.0,2026-05-20T16:00:00Z,81474325,36,11,25,14,2,36,11,25,0,0,0,0,0,0,0.025118,36,29.149852,-0.091615,10,9.152457,2,8,0.205018,13,8.35974,6,7,-0.075221,13,11.637655,3,10,9-Ball,0.205018
34163575,Brahim Sandli,https://img.cuescore.com/image/d/4/d85bf34caa687e73bcc66223bf021a3d.png?t=1718494782,https://cuescore.com/img/flags/png-country-4x2-none/res-640x480/no.png,430.01,430.16,2026-03-30,obk,False,anchored,217.0,2026-03-30T16:00:00Z,76464520,97,49,48,0,2,97,49,48,0,0,0,0,0,0,1.6e-05,97,72.095928,-0.124414,30,23.852797,11,19,0.061514,67,48.243132,38,29,,0,0.0,0,0,9-Ball,0.061514
2057268,Øyvind Stenhaug,https://img.cuescore.com/image/8/4/862c792ba8eb7f97e626fbe6cbcc59f6.png,https://cuescore.com/img/flags/png-country-4x2-none/res-640x480/no.png,429.99,430.13,2020-01-06,obk,False,anchored,,,,157,71,86,0,2,157,71,86,0,0,0,0,0,0,7e-06,157,28.391913,-0.071312,47,8.423224,16,31,0.000237,74,12.991118,34,40,0.085646,36,6.977571,21,15,10-Ball,0.085646
1014095,Odd Sebastian Bobby Fischer,https://img.cuescore.com/image/b/4/b100d0bfe07f44b3d6b29348ff51e66e.png?t=1464035018,https://cuescore.com/img/flags/png-country-4x2-none/res-640x480/no.png,429.41,429.59,2023-01-30,obk,False,anchored,149.0,2023-01-30T17:00:00Z,21246265,100,45,55,0,2,100,45,55,0,0,0,0,0,0,3.4e-05,100,20.762766,-0.030364,46,11.370308,18,28,-0.044025,21,3.760397,9,12,0.090695,33,5.632061,18,15,10-Ball,0.090695
36694312,David Slacek,https://img.cuescore.com/image/4/4/4633eaec932cf53d307eabe602b3e5e5.png?t=1779136650,https://cuescore.com/img/flags/png-country-4x2-none/res-640x480/si.png,429.34,429.39,2026-06-15,obk,False,anchored,,,,8,6,2,42,2,8,6,2,0,0,0,0,0,0,0.285936,8,7.443388,,0,0.0,0,0,0.0,8,7.443388,6,2,,0,0.0,0,0,9-Ball,0.0
3256681,Alex Hoang Hai Nguyen,https://img.cuescore.com/image/2/4/2eaf6f032dec3b757ed8638af957f017.png?t=1673600265,https://cuescore.com/img/flags/png-country-4x2-none/res-640x480/no.png,429.23,429.36,2020-02-03,obk,False,anchored,,,,253,126,127,0,2,253,126,127,0,0,0,0,0,0,-7e-06,253,44.319527,0.049283,114,19.586988,64,50,-0.025914,135,24.076557,62,73,-0.520436,4,0.655981,0,4,8-Ball,0.049283
12309862,Aleksander Gill,https://img.cuescore.com/image/e/4/ed76cc6e402e499af566548d336b831b.png?t=1676356905,https://cuescore.com/img/flags/png-country-4x2-none/res-640x480/no.png,428.92,428.99,2024-02-06,obk,False,anchored,,,,24,11,13,26,2,24,11,13,0,0,0,0,0,0,0.100203,24,12.960553,,0,0.0,0,0,,0,0.0,0,0,0.0,24,12.960553,11,13,10-Ball,0.0
7287018,John Morra,https://img.cuescore.com/image/e/4/e4e020d6153d4052d34c4b72a24fe8d4.png?t=1664348311,https://cuescore.com/img/flags/png-country-4x2-none/res-640x480/ca.png,428.73,428.69,2020-01-24,obk,False,anchored,,,,39,19,20,11,2,39,19,20,0,0,0,0,0,0,0.065824,39,8.287422,,0,0.0,0,0,,0,0.0,0,0,0.0,39,8.287422,19,20,10-Ball,0.0
81875407,Sa-Lee Suwannachuen,https://img.cuescore.com/image/c/4/c9b43da7930ad91609c54ea96ca0b8a7.png?t=1787433055,https://cuescore.com/img/flags/png-country-4x2-none/res-640x480/th.png,428.25,428.56,2026-06-03,obk,False,anchored,278.0,2026-06-03T16:00:00Z,82639456,58,20,38,0,2,58,20,38,0,0,0,0,0,0,-1e-06,58,53.360377,-0.079119,8,7.321966,2,6,0.012583,50,46.038411,18,32,,0,0.0,0,0,9-Ball,0.012583
18119206,Julia Babica,https://img.cuescore.com/image/3/4/3033210e2d6faf1e9a0c528e5ad90e47.png?t=1717433446,https://cuescore.com/img/flags/png-country-4x2-none/res-640x480/pl.png,427.97,428.02,2026-06-15,obk,False,anchored,450.0,2026-06-15T16:00:00Z,83685481,8,5,3,42,2,8,5,3,0,0,0,0,0,0,0.272664,8,7.443388,,0,0.0,0,0,0.0,8,7.443388,5,3,,0,0.0,0,0,9-Ball,0.0
2431086,Adil,https://img.cuescore.com/image/8/4/862c792ba8eb7f97e626fbe6cbcc59f6.png,https://cuescore.com/img/flags/png-country-4x2-none/res-640x480/no.png,427.53,427.7,2018-12-10,obk,False,anchored,,,,88,42,46,0,2,88,42,46,0,0,0,0,0,0,3.1e-05,88,12.909321,0.054527,14,2.001387,8,6,-0.020887,58,8.284011,27,31,0.024351,16,2.623923,7,9,8-Ball,0.054527
4989992,Ronny Andresen,https://img.cuescore.com/image/8/4/862c792ba8eb7f97e626fbe6cbcc59f6.png,https://cuescore.com/img/flags/png-country-4x2-none/res-640x480/no.png,427.53,427.59,2019-03-18,obk,False,anchored,28.0,2019-03-06T17:08:00Z,4981177,27,17,10,23,2,27,17,10,0,0,0,0,0,0,0.232559,27,4.70412,0.166186,18,3.140705,14,4,-0.333848,9,1.563414,3,6,,0,0.0,0,0,8-Ball,0.166186
1006479,Sigurd Mølmann,https://img.cuescore.com/image/8/4/862c792ba8eb7f97e626fbe6cbcc59f6.png,https://cuescore.com/img/flags/png-country-4x2-none/res-640x480/no.png,427.43,427.5,2022-01-24,obk,False,anchored,45.0,2020-07-08T15:55:00Z,7957658,20,13,7,30,2,20,13,7,0,0,0,0,0,0,0.210659,20,6.750389,0.0,20,6.750389,13,7,,0,0.0,0,0,,0,0.0,0,0,8-Ball,0.0
48190969,Rune Vestøl,https://img.cuescore.com/image/2/4/20307d80110242ac84057819d2032d76.png?t=1786342004,https://cuescore.com/img/flags/png-country-4x2-none/res-640x480/no.png,427.07,426.33,2025-07-03,obk,False,anchored,275.0,2025-07-02T16:15:00Z,63131038,28,8,20,22,2,28,8,20,0,0,0,0,0,0,0.049209,28,20.911666,,0,0.0,0,0,0.0,28,20.911666,8,20,,0,0.0,0,0,9-Ball,0.0
1095734,William Viitanen,https://img.cuescore.com/image/1/4/1a54a71ae6c394ef081948f784f4e5d2.png?t=1764757451,https://cuescore.com/img/flags/png-country-4x2-none/res-640x480/se.png,426.96,427.04,2020-01-30,obk,False,anchored,0.0,2020-01-30T19:15:00Z,7224607,32,11,21,18,2,32,11,21,0,0,0,0,0,0,0.122789,32,6.82802,,0,0.0,0,0,0.0,32,6.82802,11,21,,0,0.0,0,0,9-Ball,0.0
1042164,Lars-Gøran Engerdahl,https://img.cuescore.com/image/e/4/e7a6394056269a71ca2b9ef2f87b98c7.png?t=1458164127,https://cuescore.com/img/flags/png-country-4x2-none/res-640x480/no.png,426.42,426.38,2024-04-13,obk,False,anchored,,,,14,6,8,36,2,14,6,8,0,0,0,0,0,0,0.208358,14,7.887228,,0,0.0,0,0,0.0,14,7.887228,6,8,,0,0.0,0,0,9-Ball,0.0
2357139,Aaron Rossel,https://img.cuescore.com/image/8/4/862c792ba8eb7f97e626fbe6cbcc59f6.png,https://cuescore.com/img/flags/png-country-4x2-none/res-640x480/no.png,426.08,426.15,2018-04-23,obk,False,anchored,,,,40,20,20,10,2,40,20,20,0,0,0,0,0,0,0.079825,40,5.646544,-0.243973,6,0.850175,2,4,0.043245,34,4.79637,18,16,,0,0.0,0,0,9-Ball,0.043245
2085431,Andreas Gerwen,https://img.cuescore.com/image/8/4/862c792ba8eb7f97e626fbe6cbcc59f6.png,https://cuescore.com/img/flags/png-country-4x2-none/res-640x480/se.png,425.67,425.71,2018-02-01,obk,False,anchored,0.0,2018-02-01T17:00:00Z,2103827,30,12,18,20,2,30,12,18,0,0,0,0,0,0,0.21968,30,4.038651,,0,0.0,0,0,0.0,30,4.038651,12,18,,0,0.0,0,0,9-Ball,0.0
2947262,Christian Lothar Ruiz,https://img.cuescore.com/image/c/4/ce6981da8508a5d3d8922c214d2bb391.png?t=1664138195,https://cuescore.com/img/flags/png-country-4x2-none/res-640x480/ph.png,425.53,425.58,2026-05-04,obk,False,anchored,213.0,2026-05-04T16:00:00Z,80902801,228,104,124,0,2,228,104,124,0,0,0,0,0,0,2e-06,228,98.958484,0.012675,128,61.027463,59,69,-0.034645,68,27.181239,31,37,0.015648,32,10.749783,14,18,10-Ball,0.015648
3545840,Ben Litvak,https://img.cuescore.com/image/4/4/4482a4f9a73c7871fb28e28b8a2b5c13.png?t=1545295580,https://cuescore.com/img/flags/png-country-4x2-none/res-640x480/us.png,424.62,424.66,2018-03-12,obk,False,anchored,,,,24,17,7,26,2,24,17,7,0,0,0,0,0,0,0.334095,24,3.311623,0.0,24,3.311623,17,7,,0,0.0,0,0,,0,0.0,0,0,8-Ball,0.0
54046015,Cvetko Vega,https://img.cuescore.com/image/3/4/34604240a143f85f0680703edbd4d003.png?t=1737301629,https://cuescore.com/img/flags/png-country-4x2-none/res-640x480/si.png,424.62,424.66,2026-06-15,obk,False,anchored,350.0,2026-06-15T16:00:00Z,83685481,18,10,8,32,2,18,10,8,0,0,0,0,0,0,0.08132,18,16.747624,,0,0.0,0,0,0.0,18,16.747624,10,8,,0,0.0,0,0,9-Ball,0.0
59180038,Nestori Hovi,https://img.cuescore.com/image/9/4/9d4e111dd1b698e0701d77bd5b551890.png?t=1785856121,https://cuescore.com/img/flags/png-country-4x2-none/res-640x480/fi.png,424.45,424.59,2026-08-12,obk,False,anchored,425.0,2026-08-12T15:45:00Z,86204368,16,8,8,34,2,16,8,8,0,0,0,0,0,0,0.093046,16,15.443019,,0,0.0,0,0,0.0,16,15.443019,8,8,,0,0.0,0,0,9-Ball,0.0
7711995,Jan P Elmers,https://img.cuescore.com/image/8/4/862c792ba8eb7f97e626fbe6cbcc59f6.png,https://cuescore.com/img/flags/png-country-4x2-none/res-640x480/no.png,424.35,424.43,2020-03-01,obk,False,anchored,,,,35,18,17,15,2,35,18,17,0,0,0,0,0,0,0.082948,35,7.614841,,0,0.0,0,0,,0,0.0,0,0,0.0,35,7.614841,18,17,10-Ball,0.0
7980809,Jan Petter Svendsen,https://img.cuescore.com/image/8/4/8f0e38beb036675cec186173d4de58ce.png?t=1665154760,https://cuescore.com/img/flags/png-country-4x2-none/res-640x480/no.png,424.3,424.39,2024-12-04,obk,False,anchored,374.0,2024-12-04T17:00:00Z,52107349,22,9,13,28,2,22,9,13,0,0,0,0,0,0,0.213753,22,5.501511,,0,0.0,0,0,0.0,22,5.501511,9,13,,0,0.0,0,0,9-Ball,0.0
1034683,Matias Nilsen,https://img.cuescore.com/image/8/4/862c792ba8eb7f97e626fbe6cbcc59f6.png,,424.14,424.22,2020-03-02,obk,False,anchored,,,,24,16,8,26,2,24,16,8,0,0,0,0,0,0,0.207627,24,5.225426,,0,0.0,0,0,0.0,24,5.225426,16,8,,0,0.0,0,0,9-Ball,0.0
1105066,Shane Van Boening,https://img.cuescore.com/image/a/4/a65585e2b6368e8c4d20934f24027faa.png?t=1631722547,https://cuescore.com/img/flags/png-country-4x2-none/res-640x480/us.png,423.77,423.75,2020-01-24,obk,False,anchored,,,,36,20,16,14,2,36,20,16,0,0,0,0,0,0,0.075307,36,7.649928,,0,0.0,0,0,,0,0.0,0,0,0.0,36,7.649928,20,16,10-Ball,0.0
2314015,Morgan Palmborg,https://img.cuescore.com/image/e/4/e90086d984eef5dddcb03a2fdfc525d3.png?t=1626005937,https://cuescore.com/img/flags/png-country-4x2-none/res-640x480/se.png,423.73,423.79,2021-07-24,obk,False,anchored,,,,21,13,8,29,2,21,13,8,0,0,0,0,0,0,0.188644,21,6.309921,,0,0.0,0,0,0.0,21,6.309921,13,8,,0,0.0,0,0,9-Ball,0.0
2923223,Christian Lothar Ruiz,https://img.cuescore.com/image/8/4/862c792ba8eb7f97e626fbe6cbcc59f6.png,https://cuescore.com/img/flags/png-country-4x2-none/res-640x480/no.png,423.68,423.78,2019-11-25,obk,False,anchored,,,,80,37,43,0,2,80,37,43,0,0,0,0,0,0,3.6e-05,80,12.812126,-0.042413,33,5.437702,14,19,0.068872,38,5.898467,20,18,-0.118981,9,1.475957,3,6,9-Ball,0.068872
20183539,Casper Herland Aralden,https://img.cuescore.com/image/d/4/d22ef02969d25f8070373e1312c4804e.png?t=1773679112,https://cuescore.com/img/flags/png-country-4x2-none/res-640x480/no.png,423.4,423.45,2026-06-15,obk,False,anchored,,,,15,8,7,35,2,15,8,7,0,0,0,0,0,0,0.101499,15,13.956353,,0,0.0,0,0,0.0,15,13.956353,8,7,,0,0.0,0,0,9-Ball,0.0
19663153,Katrine Salomonsen,https://img.cuescore.com/image/5/4/5aa6aa48f7d5ffe854d5266ac08db7ef.png,https://cuescore.com/img/flags/png-country-4x2-none/res-640x480/no.png,423.29,423.34,2022-10-22,obk,False,anchored,,,,15,11,4,35,2,15,11,4,0,0,0,0,0,0,0.234635,15,6.008364,,0,0.0,0,0,0.0,15,6.008364,11,4,,0,0.0,0,0,9-Ball,0.0
58087078,Bias Hagen,https://img.cuescore.com/image/a/4/a8c9efd37c0856ef290ef9d8b121ed1d.png?t=1769242077,https://cuescore.com/img/flags/png-country-4x2-none/res-640x480/no.png,423.17,423.27,2026-01-28,obk,False,anchored,272.0,2026-01-28T17:00:00Z,74911768,23,9,14,27,2,23,9,14,0,0,0,0,0,0,0.055999,23,19.315867,,0,0.0,0,0,-0.033992,15,12.790001,5,10,0.066621,8,6.525866,4,4,10-Ball,0.066621
1161937,Ivo Aarts,https://img.cuescore.com/image/d/4/dc936c1a36d05be9bb8dacb7f22a7ecc.png?t=1709642783,https://cuescore.com/img/flags/png-country-4x2-none/res-640x480/nl.png,423.12,423.04,2019-06-19,obk,False,anchored,121.0,2019-05-22T16:10:00Z,5399876,16,10,6,34,2,16,10,6,0,0,0,0,0,0,0.459234,16,2.960847,,0,0.0,0,0,0.0,16,2.960847,10,6,,0,0.0,0,0,9-Ball,0.0
2021922,Matej Brajkovič,https://img.cuescore.com/image/b/4/b95d43ec06db0e1b8d06a7a4a8b1e89d.png?t=1524081986,https://cuescore.com/img/flags/png-country-4x2-none/res-640x480/si.png,422.87,422.91,2026-06-15,obk,False,anchored,,,,8,5,3,42,2,8,5,3,0,0,0,0,0,0,0.223229,8,7.443388,,0,0.0,0,0,0.0,8,7.443388,5,3,,0,0.0,0,0,9-Ball,0.0
7711820,Marie Hoff Petersen,https://img.cuescore.com/image/1/4/16ac7e2cf89c09e1e7e0d99804f49340.png?t=1616599247,https://cuescore.com/img/flags/png-country-4x2-none/res-640x480/no.png,422.67,422.9,2026-04-03,obk,False,anchored,4.0,2026-04-03T13:00:00Z,79209838,337,120,217,0,2,337,120,217,0,0,0,0,0,0,-7e-06,337,206.560164,-0.002553,50,20.704708,20,30,-0.004309,257,171.552288,88,169,0.055377,30,14.303169,12,18,10-Ball,0.055377
52796236,Maija Uleberg,https://img.cuescore.com/image/5/4/5aa6aa48f7d5ffe854d5266ac08db7ef.png,https://cuescore.com/img/flags/png-country-4x2-none/res-640x480/no.png,422.07,422.12,2024-12-12,obk,False,anchored,,,,13,9,4,37,2,13,9,4,0,0,0,0,0,0,0.165394,13,8.541377,,0,0.0,0,0,0.0,13,8.541377,9,4,,0,0.0,0,0,9-Ball,0.0
6085717,Jyri Halttu,https://img.cuescore.com/image/4/4/429112dcc15a018c19d89a175191c56e.png?t=1732098099,https://cuescore.com/img/flags/png-country-4x2-none/res-640x480/se.png,421.7,421.78,2020-01-30,obk,False,anchored,0.0,2020-01-30T19:15:00Z,7224607,31,10,21,19,2,31,10,21,0,0,0,0,0,0,0.107831,31,6.614644,,0,0.0,0,0,0.0,31,6.614644,10,21,,0,0.0,0,0,9-Ball,0.0
1038588,Lucas Baranji,https://img.cuescore.com/image/4/4/492e28c12d82364add542baf9eb296e7.png?t=1571323976,https://cuescore.com/img/flags/png-country-4x2-none/res-640x480/no.png,421.68,421.65,2026-06-08,obk,False,anchored,311.0,2026-06-08T16:00:00Z,83165326,19,8,11,31,2,19,8,11,0,0,0,0,0,0,0.066047,19,17.59994,,0,0.0,0,0,0.0,19,17.59994,8,11,,0,0.0,0,0,9-Ball,0.0
2167690,Iselin Masternes,https://img.cuescore.com/image/e/4/e6bc2ecc2fd23a48d7ddf400ca5b2a85.png?t=1700074270,https://cuescore.com/img/flags/png-country-4x2-none/res-640x480/no.png,421.53,421.69,2025-03-26,obk,False,anchored,179.0,2025-03-26T17:30:00Z,53306476,820,382,438,0,2,820,382,438,0,0,0,0,0,0,9e-06,820,215.547146,0.02763,142,36.471615,70,72,-0.005277,675,178.525926,311,364,-0.119398,3,0.549604,1,2,8-Ball,0.02763
1006320,Jørgen Nilsen,https://img.cuescore.com/image/8/4/88516303c0e5775351cc2a7ca41bb761.png?t=1516173669,https://cuescore.com/img/flags/png-country-4x2-none/res-640x480/no.png,421.04,421.11,2025-03-15,obk,False,anchored,0.0,2025-03-15T09:00:00Z,55383781,23,13,10,27,2,23,13,10,0,0,0,0,0,0,0.22678,23,4.33236,,0,0.0,0,0,0.0,23,4.33236,13,10,,0,0.0,0,0,9-Ball,0.0
34802578,Anders Valde,https://img.cuescore.com/image/8/4/862c792ba8eb7f97e626fbe6cbcc59f6.png,https://cuescore.com/img/flags/png-country-4x2-none/res-640x480/no.png,420.7,420.76,2023-12-04,obk,False,anchored,225.0,2023-11-06T17:00:00Z,34016380,23,11,12,27,2,23,11,12,0,0,0,0,0,0,0.081069,23,11.928032,,0,0.0,0,0,0.0,23,11.928032,11,12,,0,0.0,0,0,9-Ball,0.0
3613617,Vito Antonio Palmisano,https://img.cuescore.com/image/8/4/862c792ba8eb7f97e626fbe6cbcc59f6.png,https://cuescore.com/img/flags/png-country-4x2-none/res-640x480/it.png,420.68,420.72,2020-03-02,obk,False,anchored,,,,20,15,5,30,2,20,15,5,0,0,0,0,0,0,0.247138,20,4.34394,0.138787,9,1.959535,8,1,,0,0.0,0,0,-0.114057,11,2.384405,7,4,8-Ball,0.138787
2080241,Michel Mateos,https://img.cuescore.com/image/8/4/862c792ba8eb7f97e626fbe6cbcc59f6.png,https://cuescore.com/img/flags/png-country-4x2-none/res-640x480/no.png,420.53,420.59,2020-02-17,obk,False,anchored,,,,26,17,9,24,2,26,17,9,0,0,0,0,0,0,0.194848,26,4.371596,-0.016819,11,2.37387,7,4,0.019986,15,1.997726,10,5,,0,0.0,0,0,9-Ball,0.019986
3439621,Qani Rahimi,https://img.cuescore.com/image/8/4/862c792ba8eb7f97e626fbe6cbcc59f6.png,https://cuescore.com/img/flags/png-country-4x2-none/res-640x480/no.png,420.18,420.28,2019-02-25,obk,False,anchored,,,,52,27,25,0,2,52,27,25,0,0,0,0,0,0,7.3e-05,52,8.775714,0.145913,8,1.306165,5,3,-0.068857,31,5.337612,14,17,0.082997,13,2.131937,8,5,8-Ball,0.145913
1006386,Matias Sætre,https://img.cuescore.com/image/8/4/89bb305c4b9e9c632112f8f8d48f580f.png?t=1547705914,https://cuescore.com/img/flags/png-country-4x2-none/res-640x480/no.png,419.92,419.88,2019-08-30,obk,False,anchored,0.0,2019-08-30T14:00:00Z,5976158,34,12,22,16,2,34,12,22,0,0,0,0,0,0,0.083751,34,6.584607,,0,0.0,0,0,0.0,34,6.584607,12,22,,0,0.0,0,0,9-Ball,0.0
2888171,Ørjan Storborg,https://img.cuescore.com/image/8/4/862c792ba8eb7f97e626fbe6cbcc59f6.png,https://cuescore.com/img/flags/png-country-4x2-none/res-640x480/no.png,419.8,419.89,2024-05-14,obk,False,anchored,,,,21,11,10,29,2,21,11,10,0,0,0,0,0,0,0.08237,21,12.065774,,0,0.0,0,0,,0,0.0,0,0,0.0,21,12.065774,11,10,10-Ball,0.0
1014998,Ivan Crenn,https://img.cuescore.com/image/2/4/23bb42a4d955678512c8aa3541a126b8.png?t=1639134744,https://cuescore.com/img/flags/png-country-4x2-none/res-640x480/fr.png,419.12,419.14,2019-07-24,obk,False,anchored,1.0,2019-07-24T16:00:00Z,6015793,33,17,16,17,2,33,17,16,0,0,0,0,0,0,0.146512,33,3.842489,,0,0.0,0,0,0.0,33,3.842489,17,16,,0,0.0,0,0,9-Ball,0.0
1006246,Gavin Powell,https://img.cuescore.com/image/e/4/e45257193ca34ce64b93fdbfd60dbee3.png?t=1515498618,https://cuescore.com/img/flags/png-country-4x2-none/res-640x480/gb-wls.png,419.1,419.14,2021-08-07,obk,False,anchored,0.0,2021-08-07T10:00:00Z,9028528,20,6,14,30,2,20,6,14,0,0,0,0,0,0,0.163644,20,6.061002,,0,0.0,0,0,,0,0.0,0,0,0.0,20,6.061002,6,14,10-Ball,0.0
1957536,Sebastian Yet,https://img.cuescore.com/image/c/4/c67d8fc5203e9222da435c18983e72fe.png?t=1510592641,,418.89,419.1,2018-03-12,obk,False,anchored,,,,59,26,33,0,2,59,26,33,0,0,0,0,0,0,2.6e-05,59,7.900931,0.119501,24,3.071481,15,9,-0.076001,35,4.82945,11,24,,0,0.0,0,0,8-Ball,0.119501
12348598,Runar Leiren,https://img.cuescore.com/image/8/4/862c792ba8eb7f97e626fbe6cbcc59f6.png,https://cuescore.com/img/flags/png-country-4x2-none/res-640x480/no.png,418.85,418.92,2022-01-31,obk,False,anchored,,,,22,13,9,28,2,22,13,9,0,0,0,0,0,0,0.122457,22,7.458382,0.0,22,7.458382,13,9,,0,0.0,0,0,,0,0.0,0,0,8-Ball,0.0
2140722,Mats Larsen,https://img.cuescore.com/image/8/4/862c792ba8eb7f97e626fbe6cbcc59f6.png,https://cuescore.com/img/flags/png-country-4x2-none/res-640x480/no.png,418.78,418.93,2018-12-10,obk,False,anchored,,,,173,85,88,0,2,173,85,88,0,0,0,0,0,0,4e-06,173,25.816508,0.036016,37,5.470878,19,18,-0.001648,130,19.36166,64,66,-0.167827,6,0.983971,2,4,8-Ball,0.036016
4765825,Knut Holm,https://img.cuescore.com/image/8/4/862c792ba8eb7f97e626fbe6cbcc59f6.png,https://cuescore.com/img/flags/png-country-4x2-none/res-640x480/no.png,418.72,418.76,2020-02-03,obk,False,anchored,,,,23,13,10,27,2,23,13,10,0,0,0,0,0,0,0.177751,23,4.919781,0.0,23,4.919781,13,10,,0,0.0,0,0,,0,0.0,0,0,8-Ball,0.0
2828304,Robin Nordbøen,https://img.cuescore.com/image/0/4/03eec035966868636af49ea5563752f5.png?t=1687895124,https://cuescore.com/img/flags/png-country-4x2-none/res-640x480/no.png,418.68,418.7,2024-04-13,obk,False,anchored,60.0,2019-01-23T18:00:00Z,3671645,30,15,15,20,2,30,15,15,0,0,0,0,0,0,0.071177,30,9.077871,,0,0.0,0,0,0.0,30,9.077871,15,15,,0,0.0,0,0,9-Ball,0.0
10651267,Marcin Góra,https://img.cuescore.com/image/a/4/a8dc68e40105eb6e5fddc4fc7acf6436.png?t=1711224948,https://cuescore.com/img/flags/png-country-4x2-none/res-640x480/no.png,418.65,418.69,2026-06-15,obk,False,anchored,,,,16,7,9,34,2,16,7,9,0,0,0,0,0,0,0.073725,16,14.886777,,0,0.0,0,0,0.0,16,14.886777,7,9,,0,0.0,0,0,9-Ball,0.0
1006302,Jo Bjørnstad,https://img.cuescore.com/image/b/4/be02e2a0818d00d7c02cd37ef62e28eb.png?t=1643559237,https://cuescore.com/img/flags/png-country-4x2-none/res-640x480/no.png,418.53,418.44,2024-04-13,obk,False,anchored,,,,16,8,8,34,2,16,8,8,0,0,0,0,0,0,0.120941,16,9.013975,,0,0.0,0,0,0.0,16,9.013975,8,8,,0,0.0,0,0,9-Ball,0.0
2084043,Mahmut Mutto,https://img.cuescore.com/image/a/4/aca65f40e1adc3286188e4cb430c07bc.png?t=1741411165,https://cuescore.com/img/flags/png-country-4x2-none/res-640x480/se.png,418.25,418.28,2020-01-30,obk,False,anchored,0.0,2020-01-30T19:15:00Z,7224607,28,10,18,22,2,28,10,18,0,0,0,0,0,0,0.1843,28,3.769408,,0,0.0,0,0,0.0,28,3.769408,10,18,,0,0.0,0,0,9-Ball,0.0
21247174,Iris Eijmberts,https://img.cuescore.com/image/8/4/860c958e81ab89f3126206831816b542.png?t=1761472843,https://cuescore.com/img/flags/png-country-4x2-none/res-640x480/nl.png,417.89,417.95,2026-06-15,obk,False,anchored,,,,13,7,6,37,2,13,7,6,0,0,0,0,0,0,0.094751,13,12.095506,,0,0.0,0,0,0.0,13,12.095506,7,6,,0,0.0,0,0,9-Ball,0.0
1097384,Raymond Hauge,https://img.cuescore.com/image/e/4/e3595fd0b4106f80ead6c38d51c219dc.png?t=1778178582,https://cuescore.com/img/flags/png-country-4x2-none/res-640x480/no.png,417.85,417.87,2025-03-03,obk,False,anchored,,,,8,4,4,42,2,8,4,4,0,0,0,0,0,0,0.234579,8,5.532653,,0,0.0,0,0,0.0,8,5.532653,4,4,,0,0.0,0,0,9-Ball,0.0
1081624,Jan SuperMario Johansen,https://img.cuescore.com/image/f/4/f53f13111b19543cd96b91003631d65e.png?t=1646213481,https://cuescore.com/img/flags/png-country-4x2-none/res-640x480/no.png,417.6,417.62,2022-03-16,obk,False,anchored,,,,9,5,4,41,2,9,5,4,0,0,0,0,0,0,0.397989,9,3.137275,,0,0.0,0,0,0.0,9,3.137275,5,4,,0,0.0,0,0,9-Ball,0.0
8329325,Frode Ellingsen,https://img.cuescore.com/image/b/4/b824a9445cc26ad115a8c325d41f0dd9.png?t=1651306825,https://cuescore.com/img/flags/png-country-4x2-none/res-640x480/no.png,417.08,417.16,2022-10-31,obk,False,anchored,175.0,2022-10-31T17:00:00Z,19043545,23,12,11,27,2,23,12,11,0,0,0,0,0,0,0.098867,23,8.078361,,0,0.0,0,0,0.0,23,8.078361,12,11,,0,0.0,0,0,9-Ball,0.0
78617272,Harald Fjeldberg,https://img.cuescore.com/image/c/4/c0e2cb07f45d9955efda470c7d670255.png?t=1788242445,https://cuescore.com/img/flags/png-country-4x2-none/res-640x480/no.png,416.5,415.85,2026-08-31,obk,False,anchored,225.0,2026-08-31T16:00:00Z,86423461,16,9,7,34,2,16,9,7,0,0,0,0,0,0,0.062168,16,15.629855,0.0,16,15.629855,9,7,,0,0.0,0,0,,0,0.0,0,0,8-Ball,0.0
67010161,Valtteri Vaherto,https://img.cuescore.com/image/2/4/24d23e3d45b5df4600cdbaf9eb3f3ff7.png?t=1761576522,https://cuescore.com/img/flags/png-country-4x2-none/res-640x480/fi.png,416.26,416.32,2026-06-15,obk,False,anchored,,,,10,5,5,40,2,10,5,5,0,0,0,0,0,0,0.121011,10,9.304236,,0,0.0,0,0,0.0,10,9.304236,5,5,,0,0.0,0,0,9-Ball,0.0
3375253,Elvis Miglans,https://img.cuescore.com/image/0/4/02db2ff0e81064d8489a026214fd2d88.png?t=1663498762,https://cuescore.com/img/flags/png-country-4x2-none/res-640x480/se.png,416.01,416.04,2021-07-24,obk,False,anchored,,,,16,11,5,34,2,16,11,5,0,0,0,0,0,0,0.195982,16,4.807559,,0,0.0,0,0,0.0,16,4.807559,11,5,,0,0.0,0,0,9-Ball,0.0
15015007,Nikola Tadijanović,https://img.cuescore.com/image/2/4/2f1a2daecdffaa6d63b4843c739b07bf.png?t=1650726826,https://cuescore.com/img/flags/png-country-4x2-none/res-640x480/hr.png,415.74,415.82,2024-09-09,obk,False,anchored,225.0,2024-09-09T16:00:00Z,47692012,25,13,12,25,2,25,13,12,0,0,0,0,0,0,0.071704,25,9.509364,,0,0.0,0,0,,0,0.0,0,0,0.0,25,9.509364,13,12,10-Ball,0.0
4762948,Drilon Disha,https://img.cuescore.com/image/5/4/5ba95bf50f144f7e62bfa9744f546f27.png?t=1549903644,,415.59,415.65,2019-02-11,obk,False,anchored,,,,33,15,18,17,2,33,15,18,0,0,0,0,0,0,0.081549,33,5.631876,,0,0.0,0,0,0.0,33,5.631876,15,18,,0,0.0,0,0,9-Ball,0.0
1751833,Carlton Ford,https://img.cuescore.com/image/8/4/862c792ba8eb7f97e626fbe6cbcc59f6.png,https://cuescore.com/img/flags/png-country-4x2-none/res-640x480/us.png,415.13,415.27,2019-10-28,obk,False,anchored,,,,70,34,36,0,2,70,34,36,0,0,0,0,0,0,8.2e-05,70,10.933639,0.068717,44,6.702097,24,20,-0.108836,26,4.231542,10,16,,0,0.0,0,0,8-Ball,0.068717
1384637,Jesper Slanti,https://img.cuescore.com/image/8/4/8eadc9798eddf1b4acaa0a2769bacb1f.png?t=1779064358,https://cuescore.com/img/flags/png-country-4x2-none/res-640x480/no.png,415.09,415.15,2024-05-14,obk,False,anchored,20.0,2022-06-22T16:00:00Z,16356526,14,8,6,36,2,14,8,6,0,0,0,0,0,0,0.116915,14,8.043849,,0,0.0,0,0,,0,0.0,0,0,0.0,14,8.043849,8,6,10-Ball,0.0
72868804,Sander Naas-Mælen,https://img.cuescore.com/image/8/4/862c792ba8eb7f97e626fbe6cbcc59f6.png,https://cuescore.com/img/flags/png-country-4x2-none/res-640x480/no.png,414.83,415.11,2026-10-05,obk,False,anchored,244.0,2026-10-05T16:00:00Z,90543082,557,224,333,0,2,557,224,333,0,0,0,0,0,0,6e-06,557,525.46757,-0.196253,45,42.587241,10,35,0.019219,485,457.410242,202,283,-0.017,27,25.470088,12,15,9-Ball,0.019219
1944588,Drilon Disha,https://img.cuescore.com/image/8/4/862c792ba8eb7f97e626fbe6cbcc59f6.png,https://cuescore.com/img/flags/png-country-4x2-none/res-640x480/no.png,414.82,414.96,2018-03-19,obk,False,anchored,,,,46,21,25,4,2,46,21,25,0,0,0,0,0,0,0.0164,46,6.298628,-0.391611,4,0.554387,0,4,0.037795,42,5.744241,21,21,,0,0.0,0,0,9-Ball,0.037795
11386969,Magnus Saltnessand,https://img.cuescore.com/image/8/4/862c792ba8eb7f97e626fbe6cbcc59f6.png,https://cuescore.com/img/flags/png-country-4x2-none/res-640x480/no.png,414.72,414.75,2026-03-21,obk,False,anchored,,,,5,3,2,45,2,5,3,2,0,0,0,0,0,0,0.260359,5,4.405907,,0,0.0,0,0,0.0,5,4.405907,3,2,,0,0.0,0,0,9-Ball,0.0
49471744,Nikola Ljusic,https://img.cuescore.com/image/8/4/862c792ba8eb7f97e626fbe6cbcc59f6.png,https://cuescore.com/img/flags/png-country-4x2-none/res-640x480/no.png,414.62,414.88,2025-06-30,obk,False,anchored,204.0,2025-06-30T16:00:00Z,62644030,16,6,10,34,2,16,6,10,0,0,0,0,0,0,0.072161,16,11.930123,,0,0.0,0,0,0.0,16,11.930123,6,10,,0,0.0,0,0,9-Ball,0.0
44119141,Gaute Rogstad,https://img.cuescore.com/image/8/4/862c792ba8eb7f97e626fbe6cbcc59f6.png,https://cuescore.com/img/flags/png-country-4x2-none/res-640x480/no.png,414.53,414.81,2026-08-17,obk,False,anchored,166.0,2026-08-17T16:00:00Z,86204356,209,98,111,0,2,209,98,111,0,0,0,0,0,0,5e-06,209,177.822547,-0.033016,56,46.00915,26,30,-0.007117,133,114.722349,59,74,0.136652,20,17.091048,13,7,10-Ball,0.136652
7100105,Filip,https://img.cuescore.com/image/8/4/862c792ba8eb7f97e626fbe6cbcc59f6.png,https://cuescore.com/img/flags/png-country-4x2-none/res-640x480/no.png,414.44,414.5,2020-03-09,obk,False,anchored,,,,39,19,20,11,2,39,19,20,0,0,0,0,0,0,0.032755,39,8.392143,-0.077932,8,1.681185,3,5,0.019523,31,6.710958,16,15,,0,0.0,0,0,9-Ball,0.019523
42294214,Marius Mikk,https://img.cuescore.com/image/8/4/862c792ba8eb7f97e626fbe6cbcc59f6.png,https://cuescore.com/img/flags/png-country-4x2-none/res-640x480/no.png,414.28,414.31,2024-04-27,obk,False,anchored,,,,4,4,0,46,2,4,4,0,0,0,0,0,0,0,0.500483,4,2.27348,0.0,4,2.27348,4,0,,0,0.0,0,0,,0,0.0,0,0,8-Ball,0.0
1006371,Marius Fredriksen,https://img.cuescore.com/image/8/4/862c792ba8eb7f97e626fbe6cbcc59f6.png,https://cuescore.com/img/flags/png-country-4x2-none/res-640x480/no.png,414.22,414.27,2023-03-04,obk,False,anchored,62.0,2020-06-10T15:56:00Z,7915337,21,9,12,29,2,21,9,12,0,0,0,0,0,0,0.103655,21,6.894421,,0,0.0,0,0,-0.173814,9,1.665477,3,6,0.055362,12,5.228945,6,6,10-Ball,0.055362
67477936,Theodor Brekke-Hongset,https://img.cuescore.com/image/8/4/862c792ba8eb7f97e626fbe6cbcc59f6.png,https://cuescore.com/img/flags/png-country-4x2-none/res-640x480/no.png,414.18,414.12,2025-09-24,obk,False,anchored,175.0,2025-09-24T16:00:00Z,68791057,36,15,21,14,2,36,15,21,0,0,0,0,0,0,0.012151,36,28.270169,-0.073268,8,6.235138,4,4,0.020732,28,22.035031,11,17,,0,0.0,0,0,9-Ball,0.020732
2166616,Philippe Béal,https://img.cuescore.com/image/6/4/600f1bbaeb2efc9ba2bac0cd76b99000.png?t=1519076753,https://cuescore.com/img/flags/png-country-4x2-none/res-640x480/no.png,414.05,414.17,2025-12-08,obk,False,anchored,162.0,2025-12-08T17:00:00Z,73368727,453,208,245,0,2,453,208,245,0,0,0,0,0,0,-2e-06,453,95.407926,0.025783,218,55.355116,103,115,-0.027036,225,37.533035,102,123,-0.163709,10,2.519775,3,7,8-Ball,0.025783
30584953,Mattias Beckman,https://img.cuescore.com/image/8/4/862c792ba8eb7f97e626fbe6cbcc59f6.png,https://cuescore.com/img/flags/png-country-4x2-none/res-640x480/se.png,413.89,414.05,2024-09-02,obk,False,anchored,201.0,2024-09-02T16:00:00Z,47692222,63,23,40,0,2,63,23,40,0,0,0,0,0,0,3.8e-05,63,31.719478,0.045752,29,14.865181,12,17,-0.040352,34,16.854297,11,23,,0,0.0,0,0,8-Ball,0.045752
28669342,EM Thai,https://img.cuescore.com/image/8/4/862c792ba8eb7f97e626fbe6cbcc59f6.png,https://cuescore.com/img/flags/png-country-4x2-none/res-640x480/th.png,413.83,413.87,2026-06-15,obk,False,anchored,,,,12,6,6,38,2,12,6,6,0,0,0,0,0,0,0.081528,12,11.165083,,0,0.0,0,0,0.0,12,11.165083,6,6,,0,0.0,0,0,9-Ball,0.0
1295268,Line Kjørsvik,https://img.cuescore.com/image/e/4/e57b8883b2bac653a12b10efad714aae.png?t=1572094810,https://cuescore.com/img/flags/png-country-4x2-none/res-640x480/no.png,413.78,413.8,2022-05-28,obk,False,anchored,,,,12,8,4,38,2,12,8,4,0,0,0,0,0,0,0.206932,12,4.380212,0.0,12,4.380212,8,4,,0,0.0,0,0,,0,0.0,0,0,8-Ball,0.0
12348586,Runar Leiren,https://img.cuescore.com/image/e/4/ea34dfe9a3584f25612c048954a56661.png?t=1663603227,https://cuescore.com/img/flags/png-country-4x2-none/res-640x480/no.png,413.72,413.68,2026-10-05,obk,False,anchored,193.0,2026-10-05T16:00:00Z,90543082,285,143,142,0,2,285,143,142,0,0,0,0,0,0,-5e-06,285,189.262057,0.085562,60,39.181419,32,28,-0.036469,180,121.398376,87,93,0.037476,45,28.682262,24,21,8-Ball,0.085562
1944604,Antonio De La Garza,https://img.cuescore.com/image/8/4/862c792ba8eb7f97e626fbe6cbcc59f6.png,https://cuescore.com/img/flags/png-country-4x2-none/res-640x480/no.png,413.64,413.67,2018-03-05,obk,False,anchored,,,,31,13,18,19,2,31,13,18,0,0,0,0,0,0,0.105958,31,4.24411,-0.164378,8,1.084494,2,6,0.05642,23,3.159616,11,12,,0,0.0,0,0,9-Ball,0.05642
2049369,Mickey Krause,https://img.cuescore.com/image/3/4/39758b4ef4170280206fa2dd84185a2c.png?t=1522751763,https://cuescore.com/img/flags/png-country-4x2-none/res-640x480/dk.png,413.63,413.67,2022-12-30,obk,False,anchored,1.0,2019-08-30T14:00:00Z,5976158,18,7,11,32,2,18,7,11,0,0,0,0,0,0,0.17233,18,4.386038,,0,0.0,0,0,0.070102,6,2.061692,4,2,-0.06218,12,2.324346,3,9,9-Ball,0.070102
20396602,Erik Sørensen,https://img.cuescore.com/image/8/4/862c792ba8eb7f97e626fbe6cbcc59f6.png,https://cuescore.com/img/flags/png-country-4x2-none/res-640x480/no.png,413.56,413.69,2026-10-05,obk,False,anchored,226.0,2026-10-05T16:00:00Z,90543082,181,97,84,0,2,181,97,84,0,0,0,0,0,0,-4e-06,181,141.055481,0.060853,25,22.107129,14,11,-0.008638,148,112.629831,79,69,-0.058931,8,6.318521,4,4,8-Ball,0.060853
5145209,Frode Lystad,https://img.cuescore.com/image/3/4/3211b5a9e406c00f7f207fb76980e0f5.png?t=1729016700,https://cuescore.com/img/flags/png-country-4x2-none/res-640x480/no.png,413.5,413.54,2024-07-06,obk,False,anchored,,,,25,10,15,25,2,25,10,15,0,0,0,0,0,0,0.050964,25,11.464693,-0.128739,9,1.959535,4,5,0.02654,16,9.505159,6,10,,0,0.0,0,0,9-Ball,0.02654
5528057,Stelios,https://img.cuescore.com/image/8/4/862c792ba8eb7f97e626fbe6cbcc59f6.png,https://cuescore.com/img/flags/png-country-4x2-none/res-640x480/no.png,413.29,413.35,2020-02-17,obk,False,anchored,,,,31,17,14,19,2,31,17,14,0,0,0,0,0,0,0.072943,31,5.996357,0.02507,15,2.919044,9,6,-0.02378,16,3.077314,8,8,,0,0.0,0,0,8-Ball,0.02507
69871786,Tito Hansen,https://img.cuescore.com/image/8/4/862c792ba8eb7f97e626fbe6cbcc59f6.png,https://cuescore.com/img/flags/png-country-4x2-none/res-640x480/no.png,412.82,412.88,2025-10-06,obk,False,anchored,175.0,2025-10-06T16:00:00Z,69798916,15,8,7,35,2,15,8,7,0,0,0,0,0,0,0.065291,15,11.899804,0.0,15,11.899804,8,7,,0,0.0,0,0,,0,0.0,0,0,8-Ball,0.0
2792002,Shaq Bajrami,https://img.cuescore.com/image/9/4/91a29293797ec4825e64dc6a81bff17a.png?t=1531840692,,412.64,412.8,2023-02-06,obk,False,anchored,225.0,2023-02-06T17:00:00Z,21246271,128,54,74,0,2,128,54,74,0,0,0,0,0,0,-1.2e-05,128,25.851586,0.019813,49,11.238042,21,28,-0.038327,52,9.863737,20,32,0.032713,27,4.749808,13,14,10-Ball,0.032713
1281902,Bjørn Edvardsen,https://img.cuescore.com/image/8/4/862c792ba8eb7f97e626fbe6cbcc59f6.png,https://cuescore.com/img/flags/png-country-4x2-none/res-640x480/no.png,412.56,412.56,2017-01-04,obk,False,anchored,,,,22,12,10,28,2,22,12,10,0,0,0,0,0,0,0.263594,22,2.309785,0.0,22,2.309785,12,10,,0,0.0,0,0,,0,0.0,0,0,8-Ball,0.0
19663147,Elin Evensen,https://img.cuescore.com/image/5/4/5aa6aa48f7d5ffe854d5266ac08db7ef.png,https://cuescore.com/img/flags/png-country-4x2-none/res-640x480/no.png,412.22,412.28,2022-10-22,obk,False,anchored,,,,21,12,9,29,2,21,12,9,0,0,0,0,0,0,0.072966,21,8.41171,,0,0.0,0,0,0.0,21,8.41171,12,9,,0,0.0,0,0,9-Ball,0.0
3635527,Per Ståle,https://img.cuescore.com/image/8/4/862c792ba8eb7f97e626fbe6cbcc59f6.png,https://cuescore.com/img/flags/png-country-4x2-none/res-640x480/no.png,411.98,412.03,2019-01-14,obk,False,anchored,,,,29,15,14,21,2,29,15,14,0,0,0,0,0,0,0.089632,29,4.862332,,0,0.0,0,0,0.0,29,4.862332,15,14,,0,0.0,0,0,9-Ball,0.0
1537965,Lukas Andersson,https://img.cuescore.com/image/2/4/2312c1d26620e1bc0f2972cb83a20fe5.png?t=1700153031,https://cuescore.com/img/flags/png-country-4x2-none/res-640x480/se.png,411.84,411.9,2018-02-01,obk,False,anchored,0.0,2018-02-01T17:00:00Z,2103827,27,9,18,23,2,27,9,18,0,0,0,0,0,0,0.129884,27,3.634786,,0,0.0,0,0,0.0,27,3.634786,9,18,,0,0.0,0,0,9-Ball,0.0
26613781,Patrick Kilman,https://img.cuescore.com/image/f/4/f81a347da33f5ce48b5b4b1fb2380718.png?t=1681463828,https://cuescore.com/img/flags/png-country-4x2-none/res-640x480/se.png,411.72,411.74,2025-01-27,obk,False,anchored,,,,9,4,5,41,2,9,4,5,0,0,0,0,0,0,0.136685,9,6.08794,,0,0.0,0,0,,0,0.0,0,0,0.0,9,6.08794,4,5,10-Ball,0.0
7654573,Sam Musallam Burnieh,https://img.cuescore.com/image/8/4/862c792ba8eb7f97e626fbe6cbcc59f6.png,https://cuescore.com/img/flags/png-country-4x2-none/res-640x480/no.png,411.7,411.72,2020-03-02,obk,False,anchored,,,,21,13,8,29,2,21,13,8,0,0,0,0,0,0,0.129019,21,4.555894,-0.13465,4,0.870904,2,2,,0,0.0,0,0,0.031823,17,3.684989,11,6,10-Ball,0.031823
1472755,Georgina Askeland,https://img.cuescore.com/image/5/4/5aa6aa48f7d5ffe854d5266ac08db7ef.png,https://cuescore.com/img/flags/png-country-4x2-none/res-640x480/no.png,411.56,411.92,2018-03-12,obk,False,anchored,,,,45,17,28,5,2,45,17,28,0,0,0,0,0,0,0.016738,45,6.109233,-0.136113,10,1.279784,4,6,0.036069,35,4.82945,13,22,,0,0.0,0,0,9-Ball,0.036069
19571821,Erik Sørensen,https://img.cuescore.com/image/8/4/862c792ba8eb7f97e626fbe6cbcc59f6.png,https://cuescore.com/img/flags/png-country-4x2-none/res-640x480/no.png,411.53,411.58,2023-12-11,obk,False,anchored,151.0,2022-11-14T17:00:00Z,20101777,17,8,9,33,2,17,8,9,0,0,0,0,0,0,0.074431,17,8.855498,0.0,17,8.855498,8,9,,0,0.0,0,0,,0,0.0,0,0,8-Ball,0.0
16820812,Remi Johnsen,https://img.cuescore.com/image/0/4/0b01457fa7ee5b82666a17eda498918a.png?t=1730975709,https://cuescore.com/img/flags/png-country-4x2-none/res-640x480/no.png,410.93,410.96,2026-06-15,obk,False,anchored,,,,7,4,3,43,2,7,4,3,0,0,0,0,0,0,0.12503,7,6.512965,,0,0.0,0,0,0.0,7,6.512965,4,3,,0,0.0,0,0,9-Ball,0.0
2890761,Yanan,https://img.cuescore.com/image/5/4/5aa6aa48f7d5ffe854d5266ac08db7ef.png,https://cuescore.com/img/flags/png-country-4x2-none/res-640x480/no.png,410.88,410.9,2018-08-20,obk,False,anchored,,,,15,12,3,35,2,15,12,3,0,0,0,0,0,0,0.287793,15,2.291612,,0,0.0,0,0,0.0,15,2.291612,12,3,,0,0.0,0,0,9-Ball,0.0
1006374,Markus Kotvojs,https://img.cuescore.com/image/4/4/459349959f5e9edf2fa68f0688d9da54.png?t=1446584388,https://cuescore.com/img/flags/png-country-4x2-none/res-640x480/no.png,410.85,410.87,2018-06-11,obk,False,anchored,,,,27,13,14,23,2,27,13,14,0,0,0,0,0,0,0.10937,27,3.94623,,0,0.0,0,0,0.0,27,3.94623,13,14,,0,0.0,0,0,9-Ball,0.0
1006203,Edwin Ingebrigtsen,https://img.cuescore.com/image/4/4/4311efb130d377e75e15b5b6c689c2fb.png?t=1603618955,https://cuescore.com/img/flags/png-country-4x2-none/res-640x480/no.png,410.81,410.83,2024-04-13,obk,False,anchored,60.0,2018-02-28T17:15:00Z,2145425,10,4,6,40,2,10,4,6,0,0,0,0,0,0,0.132937,10,5.633734,,0,0.0,0,0,0.0,10,5.633734,4,6,,0,0.0,0,0,9-Ball,0.0
8970047,Ante Petricevic,https://img.cuescore.com/image/8/4/8c796448c67168a4d919f058a2300b29.png?t=1770645249,https://cuescore.com/img/flags/png-country-4x2-none/res-640x480/hr.png,410.76,410.62,2026-09-30,obk,False,anchored,219.0,2026-09-30T16:00:00Z,90053185,212,66,146,0,2,212,66,146,0,0,0,0,0,0,1e-06,212,145.036086,-0.271308,20,9.510785,1,19,0.032823,161,118.337612,54,107,-0.075862,31,17.18769,11,20,9-Ball,0.032823
3485006,Cyril Vella,https://img.cuescore.com/image/2/4/28f0877d2dc7216baa53c6da8c25ff0c.png?t=1543951140,https://cuescore.com/img/flags/png-country-4x2-none/res-640x480/fr.png,410.73,410.75,2020-03-02,obk,False,anchored,,,,30,16,14,20,2,30,16,14,0,0,0,0,0,0,0.056987,30,6.514466,0.069974,12,2.612713,7,5,,0,0.0,0,0,-0.046857,18,3.901753,9,9,8-Ball,0.069974
43019719,Martin Mellemstrand,https://img.cuescore.com/image/8/4/862c792ba8eb7f97e626fbe6cbcc59f6.png,https://cuescore.com/img/flags/png-country-4x2-none/res-640x480/no.png,410.59,410.61,2024-05-21,obk,False,anchored,,,,7,5,2,43,2,7,5,2,0,0,0,0,0,0,0.195261,7,4.039667,,0,0.0,0,0,0.0,7,4.039667,5,2,,0,0.0,0,0,9-Ball,0.0
3081704,Sundar K,https://img.cuescore.com/image/d/4/d3d0762c1282b563ee78a7bee42a6557.png?t=1554841037,https://cuescore.com/img/flags/png-country-4x2-none/res-640x480/in.png,410.38,410.52,2019-06-12,obk,False,anchored,11.0,2019-06-12T16:18:00Z,5528868,386,171,215,0,2,386,171,215,0,0,0,0,0,0,5e-06,386,65.822165,-0.228084,75,12.828157,17,58,0.052462,305,51.896411,150,155,0.185247,6,1.097597,4,2,10-Ball,0.185247
34894609,Matias Holen Dale,https://img.cuescore.com/image/8/4/862c792ba8eb7f97e626fbe6cbcc59f6.png,https://cuescore.com/img/flags/png-country-4x2-none/res-640x480/no.png,410.33,410.35,2026-03-21,obk,False,anchored,,,,4,2,2,46,2,4,2,2,0,0,0,0,0,0,0.233492,4,3.524725,,0,0.0,0,0,0.0,4,3.524725,2,2,,0,0.0,0,0,9-Ball,0.0
1013249,Jan Verner Bjørklund,https://img.cuescore.com/image/e/4/e46eeccaa24caaf1350bb8219f83d268.png?t=1441950120,https://cuescore.com/img/flags/png-country-4x2-none/res-640x480/no.png,410.09,410.1,2020-06-06,obk,False,anchored,3.0,2020-06-06T11:00:00Z,7911168,27,13,14,23,2,27,13,14,0,0,0,0,0,0,0.127622,27,3.143855,,0,0.0,0,0,0.0,27,3.143855,13,14,,0,0.0,0,0,9-Ball,0.0
7654643,Raymond Alstad,https://img.cuescore.com/image/8/4/862c792ba8eb7f97e626fbe6cbcc59f6.png,https://cuescore.com/img/flags/png-country-4x2-none/res-640x480/no.png,409.92,409.96,2020-03-09,obk,False,anchored,,,,36,18,18,14,2,36,18,18,0,0,0,0,0,0,0.030785,36,7.832431,,0,0.0,0,0,-0.086891,15,3.280385,6,9,0.062617,21,4.552046,12,9,10-Ball,0.062617
5670467,Tasos Mertzanis,https://img.cuescore.com/image/8/4/862c792ba8eb7f97e626fbe6cbcc59f6.png,https://cuescore.com/img/flags/png-country-4x2-none/res-640x480/gr.png,409.77,409.77,2019-09-04,obk,False,anchored,88.0,2019-09-04T17:01:00Z,6299728,18,8,10,32,2,18,8,10,0,0,0,0,0,0,0.161982,18,3.347859,,0,0.0,0,0,0.0,18,3.347859,8,10,,0,0.0,0,0,9-Ball,0.0
7779625,Løkky Loke,https://img.cuescore.com/image/8/4/862c792ba8eb7f97e626fbe6cbcc59f6.png,https://cuescore.com/img/flags/png-country-4x2-none/res-640x480/no.png,409.69,409.71,2020-03-09,obk,False,anchored,,,,16,10,6,34,2,16,10,6,0,0,0,0,0,0,0.163051,16,3.499077,,0,0.0,0,0,0.0,16,3.499077,10,6,,0,0.0,0,0,9-Ball,0.0
6088513,Christopher Koba,https://img.cuescore.com/image/5/4/5e25d7a0c728fa1613fde51f1e4b8650.png?t=1711275410,https://cuescore.com/img/flags/png-country-4x2-none/res-640x480/se.png,409.5,409.52,2019-08-31,obk,False,anchored,0.0,2019-08-30T20:00:00Z,6096626,10,5,5,40,2,10,5,5,0,0,0,0,0,0,0.340169,10,1.935866,,0,0.0,0,0,0.0,10,1.935866,5,5,,0,0.0,0,0,9-Ball,0.0
1006514,Thomas Pedersen,https://img.cuescore.com/image/b/4/bbfba97afb24d0205e2c96ce54c0fa3c.png?t=1575984272,https://cuescore.com/img/flags/png-country-4x2-none/res-640x480/no.png,409.43,409.45,2019-03-20,obk,False,anchored,85.0,2019-03-20T17:15:00Z,5065455,20,8,12,30,2,20,8,12,0,0,0,0,0,0,0.161658,20,3.032382,,0,0.0,0,0,0.0,20,3.032382,8,12,,0,0.0,0,0,9-Ball,0.0
2140751,Jamal Malik,https://img.cuescore.com/image/8/4/862c792ba8eb7f97e626fbe6cbcc59f6.png,https://cuescore.com/img/flags/png-country-4x2-none/res-640x480/no.png,409.41,409.7,2018-05-14,obk,False,anchored,,,,194,91,103,0,2,194,91,103,0,0,0,0,0,0,8e-06,194,27.049962,,0,0.0,0,0,0.0,194,27.049962,91,103,,0,0.0,0,0,9-Ball,0.0
1934104,Milad Safa,https://img.cuescore.com/image/8/4/862c792ba8eb7f97e626fbe6cbcc59f6.png,,408.92,408.93,2017-10-30,obk,False,anchored,,,,22,15,7,28,2,22,15,7,0,0,0,0,0,0,0.155088,22,2.7907,0.0,22,2.7907,15,7,,0,0.0,0,0,,0,0.0,0,0,8-Ball,0.0
1934110,Ivan Tadic,https://img.cuescore.com/image/8/4/862c792ba8eb7f97e626fbe6cbcc59f6.png,,408.92,408.93,2017-10-30,obk,False,anchored,,,,22,14,8,28,2,22,14,8,0,0,0,0,0,0,0.155009,22,2.7907,0.0,22,2.7907,14,8,,0,0.0,0,0,,0,0.0,0,0,8-Ball,0.0
2053862,Patrik Enbom,https://img.cuescore.com/image/1/4/176e7888ccc21afaf12720d5f6edafbd.png?t=1568055392,https://cuescore.com/img/flags/png-country-4x2-none/res-640x480/se.png,408.92,408.93,2024-02-23,obk,False,anchored,0.0,2024-02-23T17:00:00Z,40191676,5,2,3,45,2,5,2,3,0,0,0,0,0,0,0.254874,5,2.729381,,0,0.0,0,0,0.0,5,2.729381,2,3,,0,0.0,0,0,9-Ball,0.0
2684489,Bjørn,https://img.cuescore.com/image/8/4/862c792ba8eb7f97e626fbe6cbcc59f6.png,https://cuescore.com/img/flags/png-country-4x2-none/res-640x480/no.png,408.88,408.9,2018-06-16,obk,False,anchored,,,,15,10,5,35,2,15,10,5,0,0,0,0,0,0,0.244764,15,2.199121,,0,0.0,0,0,0.0,15,2.199121,10,5,,0,0.0,0,0,9-Ball,0.0
29331970,Arne Pedersen,https://img.cuescore.com/image/0/4/00d785c37378c3d8679710b70e122d97.png?t=1697449339,https://cuescore.com/img/flags/png-country-4x2-none/res-640x480/no.png,408.85,408.85,2023-11-13,obk,False,anchored,217.0,2023-11-01T17:00:00Z,34393408,29,10,19,21,2,29,10,19,0,0,0,0,0,0,0.021961,29,14.661258,,0,0.0,0,0,0.0,29,14.661258,10,19,,0,0.0,0,0,9-Ball,0.0
7285241,Linda,https://img.cuescore.com/image/5/4/5aa6aa48f7d5ffe854d5266ac08db7ef.png,https://cuescore.com/img/flags/png-country-4x2-none/res-640x480/no.png,408.83,408.84,2020-02-03,obk,False,anchored,,,,10,8,2,40,2,10,8,2,0,0,0,0,0,0,0.285947,10,2.139035,0.0,10,2.139035,8,2,,0,0.0,0,0,,0,0.0,0,0,8-Ball,0.0
1496697,Sabahudin Comor,https://img.cuescore.com/image/8/4/862c792ba8eb7f97e626fbe6cbcc59f6.png,https://cuescore.com/img/flags/png-country-4x2-none/res-640x480/ba.png,408.66,408.67,2022-12-30,obk,False,anchored,2.0,2020-07-04T11:00:00Z,7913882,5,3,2,45,2,5,3,2,0,0,0,0,0,0,0.322596,5,2.092557,,0,0.0,0,0,0.0,5,2.092557,3,2,,0,0.0,0,0,9-Ball,0.0
6773261,Thomas Andreassen,https://img.cuescore.com/image/8/4/862c792ba8eb7f97e626fbe6cbcc59f6.png,https://cuescore.com/img/flags/png-country-4x2-none/res-640x480/no.png,408.51,408.6,2020-10-12,obk,False,anchored,,,,44,20,24,6,2,44,20,24,0,0,0,0,0,0,0.009151,44,9.717339,0.0,44,9.717339,20,24,,0,0.0,0,0,,0,0.0,0,0,8-Ball,0.0
1010309,Tom-Kristoffer Lindblad,https://img.cuescore.com/image/5/4/55fad9dc41b7a28e5c5db4271b13f9e8.png?t=1627474001,https://cuescore.com/img/flags/png-country-4x2-none/res-640x480/no.png,408.45,408.51,2017-06-17,obk,False,anchored,,,,25,10,15,25,2,25,10,15,0,0,0,0,0,0,0.125597,25,2.910977,,0,0.0,0,0,0.0,25,2.910977,10,15,,0,0.0,0,0,9-Ball,0.0
1561576,Antonio Hagen,https://img.cuescore.com/image/f/4/f243fd7940952f5815831a51894a204a.png?t=1501859553,https://cuescore.com/img/flags/png-country-4x2-none/res-640x480/no.png,408.42,408.48,2018-01-15,obk,False,anchored,20.0,2017-12-06T18:30:00Z,1999499,146,48,98,0,2,146,48,98,0,0,0,0,0,0,5.7e-05,146,18.405871,-0.067442,51,6.519577,15,36,0.014053,26,3.321849,10,16,0.045889,69,8.564446,23,46,10-Ball,0.045889
36079675,Merethe Holtet,https://img.cuescore.com/image/0/4/0c7ef2b8be6edfef5588acf121f44662.png?t=1714224556,https://cuescore.com/img/flags/png-country-4x2-none/res-640x480/no.png,407.86,407.88,2024-01-09,obk,False,anchored,,,,7,5,2,43,2,7,5,2,0,0,0,0,0,0,0.157798,7,3.713892,,0,0.0,0,0,0.0,7,3.713892,5,2,,0,0.0,0,0,9-Ball,0.0
2950065,Billy Hipolito,https://img.cuescore.com/image/8/4/862c792ba8eb7f97e626fbe6cbcc59f6.png,https://cuescore.com/img/flags/png-country-4x2-none/res-640x480/no.png,407.83,407.86,2018-09-03,obk,False,anchored,,,,19,12,7,31,2,19,12,7,0,0,0,0,0,0,0.143688,19,2.92853,,0,0.0,0,0,0.0,19,2.92853,12,7,,0,0.0,0,0,9-Ball,0.0
1922791,Ole Sandvik,https://img.cuescore.com/image/8/4/862c792ba8eb7f97e626fbe6cbcc59f6.png,,407.8,407.83,2018-05-14,obk,False,anchored,,,,20,13,7,30,2,20,13,7,0,0,0,0,0,0,0.160723,20,2.525724,0.0,20,2.525724,13,7,,0,0.0,0,0,,0,0.0,0,0,8-Ball,0.0
16050145,Linda Dedekam,https://img.cuescore.com/image/5/4/5aa6aa48f7d5ffe854d5266ac08db7ef.png,https://cuescore.com/img/flags/png-country-4x2-none/res-640x480/no.png,407.78,407.8,2022-05-28,obk,False,anchored,,,,8,5,3,42,2,8,5,3,0,0,0,0,0,0,0.193857,8,2.920142,0.0,8,2.920142,5,3,,0,0.0,0,0,,0,0.0,0,0,8-Ball,0.0
6179045,Georgios,https://img.cuescore.com/image/8/4/862c792ba8eb7f97e626fbe6cbcc59f6.png,https://cuescore.com/img/flags/png-country-4x2-none/res-640x480/no.png,407.56,407.6,2020-02-17,obk,False,anchored,,,,21,11,10,29,2,21,11,10,0,0,0,0,0,0,0.091984,21,4.132871,-0.524414,4,0.863225,0,4,0.138452,17,3.269646,11,6,,0,0.0,0,0,9-Ball,0.138452
52796242,Hanne-Therése Runestad,https://img.cuescore.com/image/5/4/5aa6aa48f7d5ffe854d5266ac08db7ef.png,https://cuescore.com/img/flags/png-country-4x2-none/res-640x480/no.png,407.49,407.52,2024-12-12,obk,False,anchored,,,,13,7,6,37,2,13,7,6,0,0,0,0,0,0,0.056204,13,8.541377,,0,0.0,0,0,0.0,13,8.541377,7,6,,0,0.0,0,0,9-Ball,0.0
13294528,Carsten Westberg,https://img.cuescore.com/image/b/4/baf55504824a0b57f8f9e179dc10a201.png?t=1645187883,https://cuescore.com/img/flags/png-country-4x2-none/res-640x480/no.png,407.46,407.48,2024-02-06,obk,False,anchored,,,,22,11,11,28,2,22,11,11,0,0,0,0,0,0,0.030453,22,11.880507,,0,0.0,0,0,,0,0.0,0,0,0.0,22,11.880507,11,11,10-Ball,0.0
52324939,Saga Hedin,https://img.cuescore.com/image/7/4/71a53944f404b15eba3b31cb97f86f42.png?t=1733346809,https://cuescore.com/img/flags/png-country-4x2-none/res-640x480/se.png,407.38,407.46,2025-05-28,obk,False,anchored,110.0,2025-05-28T16:00:00Z,61330126,33,13,20,17,2,33,13,20,0,0,0,0,0,0,0.009244,33,23.518333,,0,0.0,0,0,0.0,33,23.518333,13,20,,0,0.0,0,0,9-Ball,0.0
1006150,BArild Sørum,https://img.cuescore.com/image/7/4/7b565ded15222bab0a8b9e20f7e194df.png?t=1764668770,https://cuescore.com/img/flags/png-country-4x2-none/res-640x480/no.png,407.14,407.16,2018-08-22,obk,False,anchored,78.0,2018-08-22T16:15:00Z,2891870,12,9,3,38,2,12,9,3,0,0,0,0,0,0,0.319496,12,1.471041,,0,0.0,0,0,0.0,12,1.471041,9,3,,0,0.0,0,0,9-Ball,0.0
2084760,Adam Rydström,https://img.cuescore.com/image/8/4/86bc4d30888950ccf969718ced4efaff.png?t=1727864686,https://cuescore.com/img/flags/png-country-4x2-none/res-640x480/se.png,407.1,407.11,2018-02-01,obk,False,anchored,0.0,2018-02-01T17:00:00Z,2103827,26,8,18,24,2,26,8,18,0,0,0,0,0,0,0.084323,26,3.500164,,0,0.0,0,0,0.0,26,3.500164,8,18,,0,0.0,0,0,9-Ball,0.0
9981040,Thomas Andre,https://img.cuescore.com/image/8/4/862c792ba8eb7f97e626fbe6cbcc59f6.png,https://cuescore.com/img/flags/png-country-4x2-none/res-640x480/no.png,407.1,407.11,2021-10-11,obk,False,anchored,,,,8,6,2,42,2,8,6,2,0,0,0,0,0,0,0.204491,8,2.526577,0.0,8,2.526577,6,2,,0,0.0,0,0,,0,0.0,0,0,8-Ball,0.0
9981874,vibeke oslo bk,https://img.cuescore.com/image/5/4/5aa6aa48f7d5ffe854d5266ac08db7ef.png,https://cuescore.com/img/flags/png-country-4x2-none/res-640x480/no.png,407.1,407.11,2021-10-11,obk,False,anchored,,,,8,6,2,42,2,8,6,2,0,0,0,0,0,0,0.204491,8,2.526577,0.0,8,2.526577,6,2,,0,0.0,0,0,,0,0.0,0,0,8-Ball,0.0
10570834,Alexander Kjos Hartz,https://img.cuescore.com/image/3/4/3653053c5ba70e3107547a8d8fbc8b89.png?t=1637761528,https://cuescore.com/img/flags/png-country-4x2-none/res-640x480/no.png,407.09,407.12,2021-11-08,obk,False,anchored,,,,17,7,10,33,2,17,7,10,0,0,0,0,0,0,0.074139,17,5.465042,,0,0.0,0,0,,0,0.0,0,0,0.0,17,5.465042,7,10,10-Ball,0.0
1006261,Hasan Emre Vural,https://img.cuescore.com/image/8/4/862c792ba8eb7f97e626fbe6cbcc59f6.png,https://cuescore.com/img/flags/png-country-4x2-none/res-640x480/no.png,406.92,406.87,2019-06-27,obk,False,anchored,113.0,2019-05-01T14:00:00Z,5263422,9,4,5,41,2,9,4,5,0,0,0,0,0,0,0.29363,9,1.67393,,0,0.0,0,0,0.0,9,1.67393,4,5,,0,0.0,0,0,9-Ball,0.0
1006391,Michelle Sandman,https://img.cuescore.com/image/0/4/04b2bf499819c13555590ca27503d862.png?t=1728042827,https://cuescore.com/img/flags/png-country-4x2-none/res-640x480/no.png,406.81,406.83,2025-03-15,obk,False,anchored,2.0,2025-03-15T09:00:00Z,55383781,7,3,4,43,2,7,3,4,0,0,0,0,0,0,0.11147,7,4.550068,,0,0.0,0,0,,0,0.0,0,0,0.0,7,4.550068,3,4,10-Ball,0.0
1141525,Øystein Krøvel,https://img.cuescore.com/image/8/4/862c792ba8eb7f97e626fbe6cbcc59f6.png,https://cuescore.com/img/flags/png-country-4x2-none/res-640x480/no.png,406.51,406.53,2018-05-28,obk,False,anchored,,,,15,8,7,35,2,15,8,7,0,0,0,0,0,0,0.228001,15,1.732882,-0.111209,11,1.153409,5,6,0.221356,4,0.579473,3,1,,0,0.0,0,0,9-Ball,0.221356
16996054,Elise Bygjordet,https://img.cuescore.com/image/5/4/5aa6aa48f7d5ffe854d5266ac08db7ef.png,https://cuescore.com/img/flags/png-country-4x2-none/res-640x480/no.png,406.47,406.48,2022-08-03,obk,False,anchored,,,,6,4,2,44,2,6,4,2,0,0,0,0,0,0,0.215949,6,2.284866,,0,0.0,0,0,0.0,6,2.284866,4,2,,0,0.0,0,0,9-Ball,0.0
2206237,Eihab Sray aldeen,https://img.cuescore.com/image/8/4/862c792ba8eb7f97e626fbe6cbcc59f6.png,https://cuescore.com/img/flags/png-country-4x2-none/res-640x480/sy.png,406.46,406.47,2018-03-05,obk,False,anchored,,,,11,8,3,39,2,11,8,3,0,0,0,0,0,0,0.288839,11,1.511121,0.0,11,1.511121,8,3,,0,0.0,0,0,,0,0.0,0,0,8-Ball,0.0
39034855,Jonas Nilsson,https://img.cuescore.com/image/4/4/45bc3e7c0e6589be1e58fb58c89e15d0.png?t=1773517526,https://cuescore.com/img/flags/png-country-4x2-none/res-640x480/no.png,406.35,406.37,2026-03-21,obk,False,anchored,,,,4,2,2,46,2,4,2,2,0,0,0,0,0,0,0.143587,4,3.524725,,0,0.0,0,0,0.0,4,3.524725,2,2,,0,0.0,0,0,9-Ball,0.0
1944569,Philippe Beal,https://img.cuescore.com/image/8/4/862c792ba8eb7f97e626fbe6cbcc59f6.png,https://cuescore.com/img/flags/png-country-4x2-none/res-640x480/no.png,406.3,406.36,2018-04-09,obk,False,anchored,,,,30,15,15,20,2,30,15,15,0,0,0,0,0,0,0.056136,30,3.901534,0.002104,28,3.620642,14,14,-0.027125,2,0.280893,1,1,,0,0.0,0,0,8-Ball,0.002104
1006303,Joakim Haugen,https://img.cuescore.com/image/8/4/862c792ba8eb7f97e626fbe6cbcc59f6.png,https://cuescore.com/img/flags/png-country-4x2-none/res-640x480/no.png,406.28,406.28,2024-12-27,obk,False,anchored,0.0,2024-12-27T11:00:00Z,52314610,14,5,9,36,2,14,5,9,0,0,0,0,0,0,0.144316,14,2.711737,,0,0.0,0,0,,0,0.0,0,0,0.0,14,2.711737,5,9,10-Ball,0.0
1969296,Alexander Reyes Monsen,https://img.cuescore.com/image/8/4/862c792ba8eb7f97e626fbe6cbcc59f6.png,https://cuescore.com/img/flags/png-country-4x2-none/res-640x480/no.png,406.19,406.21,2017-12-11,obk,False,anchored,,,,20,9,11,30,2,20,9,11,0,0,0,0,0,0,0.123649,20,2.605308,,0,0.0,0,0,0.0,20,2.605308,9,11,,0,0.0,0,0,9-Ball,0.0
1047611,Tam,https://img.cuescore.com/image/8/4/862c792ba8eb7f97e626fbe6cbcc59f6.png,,406.16,406.17,2019-12-09,obk,False,anchored,,,,13,7,6,37,2,13,7,6,0,0,0,0,0,0,0.147009,13,2.683962,0.0,13,2.683962,7,6,,0,0.0,0,0,,0,0.0,0,0,8-Ball,0.0
4759047,Geir Anfinsen,https://img.cuescore.com/image/8/4/862c792ba8eb7f97e626fbe6cbcc59f6.png,https://cuescore.com/img/flags/png-country-4x2-none/res-640x480/no.png,405.87,405.88,2019-08-14,obk,False,anchored,,,,4,4,0,46,2,4,4,0,0,0,0,0,0,0,0.610357,4,0.766912,,0,0.0,0,0,0.0,4,0.766912,4,0,,0,0.0,0,0,9-Ball,0.0
43051717,Ulrik Enstad,https://img.cuescore.com/image/8/4/862c792ba8eb7f97e626fbe6cbcc59f6.png,https://cuescore.com/img/flags/png-country-4x2-none/res-640x480/no.png,405.72,405.74,2024-05-21,obk,False,anchored,,,,8,5,3,42,2,8,5,3,0,0,0,0,0,0,0.090268,8,4.616763,,0,0.0,0,0,0.0,8,4.616763,5,3,,0,0.0,0,0,9-Ball,0.0
30143524,Paulina Statkiewicz,https://img.cuescore.com/image/4/4/401c303a87a53c3e8ca46d6a6f1eec5a.png?t=1782817363,https://cuescore.com/img/flags/png-country-4x2-none/res-640x480/pl.png,405.71,405.73,2023-12-13,obk,False,anchored,202.0,2023-12-13T16:52:00Z,35912224,32,12,20,18,2,32,12,20,0,0,0,0,0,0,0.010968,32,16.223551,,0,0.0,0,0,0.0,32,16.223551,12,20,,0,0.0,0,0,9-Ball,0.0
1183878,Petter Olsen,https://img.cuescore.com/image/8/4/862c792ba8eb7f97e626fbe6cbcc59f6.png,https://cuescore.com/img/flags/png-country-4x2-none/res-640x480/no.png,405.68,405.7,2017-10-30,obk,False,anchored,,,,27,15,12,23,2,27,15,12,0,0,0,0,0,0,0.066427,27,3.401646,0.0,27,3.401646,15,12,,0,0.0,0,0,,0,0.0,0,0,8-Ball,0.0
13381909,Kjartan Madsen,https://img.cuescore.com/image/8/4/862c792ba8eb7f97e626fbe6cbcc59f6.png,https://cuescore.com/img/flags/png-country-4x2-none/res-640x480/no.png,405.53,405.55,2022-02-21,obk,False,anchored,,,,16,8,8,34,2,16,8,8,0,0,0,0,0,0,0.059297,16,5.496817,,0,0.0,0,0,,0,0.0,0,0,0.0,16,5.496817,8,8,10-Ball,0.0
1027209,Thang Vu Ngoc,https://img.cuescore.com/image/8/4/862c792ba8eb7f97e626fbe6cbcc59f6.png,,405.42,405.45,2019-12-09,obk,False,anchored,,,,20,11,9,30,2,20,11,9,0,0,0,0,0,0,0.083748,20,3.369248,0.0,20,3.369248,11,9,,0,0.0,0,0,,0,0.0,0,0,8-Ball,0.0
2684364,Huan,https://img.cuescore.com/image/8/4/862c792ba8eb7f97e626fbe6cbcc59f6.png,https://cuescore.com/img/flags/png-country-4x2-none/res-640x480/no.png,405.32,405.52,2018-09-17,obk,False,anchored,,,,59,27,32,0,2,59,27,32,0,0,0,0,0,0,4.8e-05,59,9.028247,-0.004687,17,2.619606,7,10,0.001916,42,6.408641,20,22,,0,0.0,0,0,9-Ball,0.001916
5063328,Josh Young,https://img.cuescore.com/image/8/4/862c792ba8eb7f97e626fbe6cbcc59f6.png,https://cuescore.com/img/flags/png-country-4x2-none/res-640x480/no.png,405.3,405.31,2019-03-18,obk,False,anchored,,,,7,5,2,43,2,7,5,2,0,0,0,0,0,0,0.32318,7,1.221385,0.0,7,1.221385,5,2,,0,0.0,0,0,,0,0.0,0,0,8-Ball,0.0
1006273,Hermund Årdalen,https://img.cuescore.com/image/d/4/d984da65190714eac16c8728ada15434.png?t=1674215618,https://cuescore.com/img/flags/png-country-4x2-none/res-640x480/no.png,405.19,405.21,2024-04-13,obk,False,anchored,,,,8,2,6,42,2,8,2,6,0,0,0,0,0,0,0.083765,8,4.506987,,0,0.0,0,0,0.0,8,4.506987,2,6,,0,0.0,0,0,9-Ball,0.0
2574158,Tommy Andersen,https://img.cuescore.com/image/8/4/862c792ba8eb7f97e626fbe6cbcc59f6.png,https://cuescore.com/img/flags/png-country-4x2-none/res-640x480/no.png,405.19,405.21,2018-05-14,obk,False,anchored,,,,16,8,8,34,2,16,8,8,0,0,0,0,0,0,0.13319,16,2.29745,,0,0.0,0,0,,0,0.0,0,0,0.0,16,2.29745,8,8,10-Ball,0.0
2307209,Ed Liu,https://img.cuescore.com/image/9/4/971c8a9692d2b1681eadcc04456631ac.png?t=1753338873,https://cuescore.com/img/flags/png-country-4x2-none/res-640x480/us.png,405.14,404.73,2026-08-05,obk,False,anchored,225.0,2026-08-05T15:50:00Z,85946203,29,12,17,21,2,29,12,17,0,0,0,0,0,0,0.007572,29,24.797745,,0,0.0,0,0,-0.198322,14,13.449335,3,11,0.235037,15,11.34841,9,6,10-Ball,0.235037
6425441,Gustav Karlman,https://img.cuescore.com/image/2/4/23aa9cbf9a61c01390199b87a6eb72dc.png?t=1764753853,https://cuescore.com/img/flags/png-country-4x2-none/res-640x480/se.png,404.89,404.9,2021-07-24,obk,False,anchored,,,,5,2,3,45,2,5,2,3,0,0,0,0,0,0,0.253778,5,1.502362,,0,0.0,0,0,0.0,5,1.502362,2,3,,0,0.0,0,0,9-Ball,0.0
7131380,Remik kwit,https://img.cuescore.com/image/3/4/3d74498be03a7fe83bcecbd611d7ee45.png?t=1769872433,https://cuescore.com/img/flags/png-country-4x2-none/res-640x480/pl.png,404.88,404.9,2025-04-02,obk,False,anchored,175.0,2025-04-02T16:00:00Z,53306617,8,5,3,42,2,8,5,3,0,0,0,0,0,0,0.209641,8,1.69614,0.0,8,1.69614,5,3,,0,0.0,0,0,,0,0.0,0,0,8-Ball,0.0
10604059,Ole Kvalsvik,https://img.cuescore.com/image/2/4/2c2c32a0dd7c4783432aa6f5a53e9046.png?t=1644434537,https://cuescore.com/img/flags/png-country-4x2-none/res-640x480/no.png,404.78,404.8,2025-07-28,obk,False,anchored,275.0,2025-07-28T16:00:00Z,64053550,8,3,5,42,2,8,3,5,0,0,0,0,0,0,0.057351,8,6.071659,,0,0.0,0,0,0.0,8,6.071659,3,5,,0,0.0,0,0,9-Ball,0.0
1008226,John Ove Løvdal,https://img.cuescore.com/image/8/4/862c792ba8eb7f97e626fbe6cbcc59f6.png,https://cuescore.com/img/flags/png-country-4x2-none/res-640x480/no.png,404.65,404.72,2022-11-16,obk,False,anchored,275.0,2022-11-02T17:00:00Z,19910281,24,10,14,26,2,24,10,14,0,0,0,0,0,0,0.0215,24,9.768555,,0,0.0,0,0,0.0,24,9.768555,10,14,,0,0.0,0,0,9-Ball,0.0
17431444,Kathrine Eikeseth,https://img.cuescore.com/image/7/4/75407df5102f828bcaf73d8ab9eff05f.png?t=1714472972,https://cuescore.com/img/flags/png-country-4x2-none/res-640x480/no.png,404.65,404.77,2022-08-29,obk,False,anchored,,,,28,11,17,22,2,28,11,17,0,0,0,0,0,0,0.016403,28,10.806603,,0,0.0,0,0,0.070404,20,7.709227,9,11,-0.175233,8,3.097376,2,6,9-Ball,0.070404
1027208,Anders Sandholtet,https://img.cuescore.com/image/8/4/862c792ba8eb7f97e626fbe6cbcc59f6.png,,404.57,404.57,2018-03-05,obk,False,anchored,,,,24,12,12,26,2,24,12,12,0,0,0,0,0,0,0.066108,24,3.110713,0.0,24,3.110713,12,12,,0,0.0,0,0,,0,0.0,0,0,8-Ball,0.0
8280788,Anita Håland,https://img.cuescore.com/image/5/4/5aa6aa48f7d5ffe854d5266ac08db7ef.png,https://cuescore.com/img/flags/png-country-4x2-none/res-640x480/no.png,404.54,404.56,2020-11-02,obk,False,anchored,,,,16,8,8,34,2,16,8,8,0,0,0,0,0,0,0.065763,16,4.067611,,0,0.0,0,0,0.0,16,4.067611,8,8,,0,0.0,0,0,9-Ball,0.0
2213742,Sebastian Trolle,https://img.cuescore.com/image/1/4/13914f616c90317603ac8fe263b3c821.png?t=1701607084,https://cuescore.com/img/flags/png-country-4x2-none/res-640x480/dk.png,404.23,404.23,2024-02-03,obk,False,anchored,,,,2,1,1,48,2,2,1,1,0,0,0,0,0,0,0.32652,2,1.078027,,0,0.0,0,0,0.0,2,1.078027,1,1,,0,0.0,0,0,9-Ball,0.0
36847480,Maren Hermansen,https://img.cuescore.com/image/f/4/f540c3a8e3f405ed0960ff090f3a84d9.png?t=1709981971,https://cuescore.com/img/flags/png-country-4x2-none/res-640x480/no.png,404.22,404.25,2024-03-09,obk,False,anchored,,,,14,6,8,36,2,14,6,8,0,0,0,0,0,0,0.034128,14,7.715332,,0,0.0,0,0,0.0,14,7.715332,6,8,,0,0.0,0,0,9-Ball,0.0
1714804,Chris B Råthen,https://img.cuescore.com/image/4/4/4d5b779c4be0e8d65f26b672d6192aa9.png?t=1601232336,,404.2,404.21,2017-09-25,obk,False,anchored,,,,14,9,5,36,2,14,9,5,0,0,0,0,0,0,0.150939,14,1.736966,0.0,14,1.736966,9,5,,0,0.0,0,0,,0,0.0,0,0,8-Ball,0.0
1006327,Ken Simon Røed,https://img.cuescore.com/image/6/4/60193ca21b3ab41ba31da0686a6183a2.png?t=1462136976,https://cuescore.com/img/flags/png-country-4x2-none/res-640x480/no.png,404.12,404.14,2017-09-06,obk,False,anchored,,,,14,5,9,36,2,14,5,9,0,0,0,0,0,0,0.149687,14,1.716214,,0,0.0,0,0,0.0,14,1.716214,5,9,,0,0.0,0,0,9-Ball,0.0
1957538,Mathias macdonald,https://img.cuescore.com/image/8/4/862c792ba8eb7f97e626fbe6cbcc59f6.png,https://cuescore.com/img/flags/png-country-4x2-none/res-640x480/no.png,404.09,404.11,2017-11-13,obk,False,anchored,,,,19,11,8,31,2,19,11,8,0,0,0,0,0,0,0.090567,19,2.431589,0.0,19,2.431589,11,8,,0,0.0,0,0,,0,0.0,0,0,8-Ball,0.0
3635602,Rune Fevang,https://img.cuescore.com/image/8/4/862c792ba8eb7f97e626fbe6cbcc59f6.png,https://cuescore.com/img/flags/png-country-4x2-none/res-640x480/no.png,404.02,404.04,2020-01-13,obk,False,anchored,,,,17,7,10,33,2,17,7,10,0,0,0,0,0,0,0.06405,17,3.588373,,0,0.0,0,0,0.0,17,3.588373,7,10,,0,0.0,0,0,9-Ball,0.0
1022360,Morten Nystuen,https://img.cuescore.com/image/a/4/a192704adfcca7c13b89d76aff36a23e.png?t=1446291069,https://cuescore.com/img/flags/png-country-4x2-none/res-640x480/no.png,404.0,404.01,2017-01-02,obk,False,anchored,,,,8,6,2,42,2,8,6,2,0,0,0,0,0,0,0.347553,8,0.838854,0.0,8,0.838854,6,2,,0,0.0,0,0,,0,0.0,0,0,8-Ball,0.0
42294223,Cato Eliassen,https://img.cuescore.com/image/8/4/862c792ba8eb7f97e626fbe6cbcc59f6.png,https://cuescore.com/img/flags/png-country-4x2-none/res-640x480/no.png,404.0,404.01,2024-04-27,obk,False,anchored,,,,3,2,1,47,2,3,2,1,0,0,0,0,0,0,0.191041,3,1.70511,0.0,3,1.70511,2,1,,0,0.0,0,0,,0,0.0,0,0,8-Ball,0.0
2890737,Mirosław Zduńczuk,https://img.cuescore.com/image/2/4/2e927c504538bc2cd0321e95d5e01cf4.png?t=1534779352,,403.94,403.95,2018-08-20,obk,False,anchored,,,,13,8,5,37,2,13,8,5,0,0,0,0,0,0,0.127256,13,1.986064,,0,0.0,0,0,0.0,13,1.986064,8,5,,0,0.0,0,0,9-Ball,0.0
16049032,Lene Finsveen,https://img.cuescore.com/image/8/4/8a009718d25288433e490a4c1aee9a10.png?t=1787123670,https://cuescore.com/img/flags/png-country-4x2-none/res-640x480/no.png,403.89,403.9,2022-11-21,obk,False,anchored,137.0,2022-11-21T17:00:00Z,20121019,14,8,6,36,2,14,8,6,0,0,0,0,0,0,0.047479,14,5.110248,0.0,14,5.110248,8,6,,0,0.0,0,0,,0,0.0,0,0,8-Ball,0.0
1957539,Johny Lotto,https://img.cuescore.com/image/8/4/862c792ba8eb7f97e626fbe6cbcc59f6.png,,403.88,403.89,2017-11-13,obk,False,anchored,,,,12,6,6,38,2,12,6,6,0,0,0,0,0,0,0.166445,12,1.535741,0.0,12,1.535741,6,6,,0,0.0,0,0,,0,0.0,0,0,8-Ball,0.0
1944633,Abdul Al Rahman Malik,https://img.cuescore.com/image/8/4/862c792ba8eb7f97e626fbe6cbcc59f6.png,https://cuescore.com/img/flags/png-country-4x2-none/res-640x480/no.png,403.79,403.8,2019-12-09,obk,False,anchored,,,,6,4,2,44,2,6,4,2,0,0,0,0,0,0,0.233407,6,1.238752,0.0,6,1.238752,4,2,,0,0.0,0,0,,0,0.0,0,0,8-Ball,0.0
1934105,Nader Fallah,https://img.cuescore.com/image/8/4/862c792ba8eb7f97e626fbe6cbcc59f6.png,,403.76,403.77,2017-10-30,obk,False,anchored,,,,15,9,6,35,2,15,9,6,0,0,0,0,0,0,0.119993,15,1.90275,0.0,15,1.90275,9,6,,0,0.0,0,0,,0,0.0,0,0,8-Ball,0.0
21261571,Alexander Lindbäck,https://img.cuescore.com/image/5/4/55aefc2f6c1dceb232bbd215bdafdfa0.png?t=1771064099,https://cuescore.com/img/flags/png-country-4x2-none/res-640x480/no.png,403.65,403.68,2024-12-27,obk,False,anchored,4.0,2024-12-27T11:00:00Z,52314610,13,5,8,37,2,13,5,8,0,0,0,0,0,0,0.035832,13,6.535985,,0,0.0,0,0,0.0,13,6.535985,5,8,,0,0.0,0,0,9-Ball,0.0
6907086,Elens Zommers,https://img.cuescore.com/image/8/4/862c792ba8eb7f97e626fbe6cbcc59f6.png,https://cuescore.com/img/flags/png-country-4x2-none/res-640x480/no.png,403.64,403.66,2020-11-01,obk,False,anchored,1.0,2020-11-01T13:00:00Z,8418763,14,6,8,36,2,14,6,8,0,0,0,0,0,0,0.064028,14,3.543162,,0,0.0,0,0,,0,0.0,0,0,0.0,14,3.543162,6,8,10-Ball,0.0
54686500,Danylo Yavorskyi,https://img.cuescore.com/image/9/4/9595b0061eb22e6b9b48cce4e2e19213.png?t=1754495329,https://cuescore.com/img/flags/png-country-4x2-none/res-640x480/no.png,403.61,403.62,2026-03-21,obk,False,anchored,,,,4,2,2,46,2,4,2,2,0,0,0,0,0,0,0.08169,4,3.524725,,0,0.0,0,0,0.0,4,3.524725,2,2,,0,0.0,0,0,9-Ball,0.0
16996057,Kristy Wang,https://img.cuescore.com/image/5/4/5aa6aa48f7d5ffe854d5266ac08db7ef.png,https://cuescore.com/img/flags/png-country-4x2-none/res-640x480/no.png,403.6,403.61,2022-08-03,obk,False,anchored,,,,7,4,3,43,2,7,4,3,0,0,0,0,0,0,0.100747,7,2.665677,,0,0.0,0,0,0.0,7,2.665677,4,3,,0,0.0,0,0,9-Ball,0.0
1345906,Ahad Rashid,https://img.cuescore.com/image/8/4/862c792ba8eb7f97e626fbe6cbcc59f6.png,https://cuescore.com/img/flags/png-country-4x2-none/res-640x480/no.png,403.55,403.55,2017-11-13,obk,False,anchored,,,,14,7,7,36,2,14,7,7,0,0,0,0,0,0,0.123548,14,1.791697,0.0,14,1.791697,7,7,,0,0.0,0,0,,0,0.0,0,0,8-Ball,0.0
42294328,Lars Nilsen,https://img.cuescore.com/image/8/4/862c792ba8eb7f97e626fbe6cbcc59f6.png,https://cuescore.com/img/flags/png-country-4x2-none/res-640x480/no.png,403.49,403.5,2024-04-27,obk,False,anchored,,,,3,2,1,47,2,3,2,1,0,0,0,0,0,0,0.166976,3,1.70511,0.0,3,1.70511,2,1,,0,0.0,0,0,,0,0.0,0,0,8-Ball,0.0
24833275,Marte Stulen Aamodt,https://img.cuescore.com/image/9/4/949ff0c82e7a2b280c9b9144ab423fa9.png?t=1677401941,https://cuescore.com/img/flags/png-country-4x2-none/res-640x480/no.png,403.3,403.7,2025-07-02,obk,False,anchored,196.0,2025-02-19T17:00:00Z,53301571,168,62,106,0,2,168,62,106,0,0,0,0,0,0,-9e-06,168,101.494198,-0.141279,29,16.268971,8,21,0.040341,128,78.661429,51,77,-0.133282,11,6.563798,3,8,9-Ball,0.040341
12339043,Magnus Groseth,https://img.cuescore.com/image/5/4/58ebae7e492bbafb077ff0f5c97974c1.png?t=1674052498,https://cuescore.com/img/flags/png-country-4x2-none/res-640x480/no.png,403.29,403.51,2023-01-18,obk,False,anchored,225.0,2023-01-18T17:00:00Z,21241612,58,23,35,0,2,58,23,35,0,0,0,0,0,0,2.8e-05,58,19.885401,-0.106107,25,8.496551,8,17,0.145564,19,6.579136,9,10,-0.011672,14,4.809715,6,8,9-Ball,0.145564
21092911,Per Ditlef Faye,https://img.cuescore.com/image/8/4/862c792ba8eb7f97e626fbe6cbcc59f6.png,https://cuescore.com/img/flags/png-country-4x2-none/res-640x480/no.png,403.25,403.27,2023-04-03,obk,False,anchored,147.0,2023-03-13T17:00:00Z,25613272,9,5,4,41,2,9,5,4,0,0,0,0,0,0,0.057881,9,3.997266,0.0,9,3.997266,5,4,,0,0.0,0,0,,0,0.0,0,0,8-Ball,0.0
6060601,Nomen Nescio,https://img.cuescore.com/image/5/4/5aa6aa48f7d5ffe854d5266ac08db7ef.png,https://cuescore.com/img/flags/png-country-4x2-none/res-640x480/no.png,403.25,403.27,2022-03-12,obk,False,anchored,30.0,2020-02-05T17:00:00Z,7282943,11,6,5,39,2,11,6,5,0,0,0,0,0,0,0.057483,11,3.824757,0.0,11,3.824757,6,5,,0,0.0,0,0,,0,0.0,0,0,8-Ball,0.0
3430505,Ben Tanner,https://img.cuescore.com/image/1/4/1a27ea57d57f6eefe3b9514bc38fc91d.png?t=1726497475,https://cuescore.com/img/flags/png-country-4x2-none/res-640x480/gb-eng.png,403.23,403.27,2026-08-12,obk,False,anchored,425.0,2026-08-12T15:45:00Z,86204368,8,4,4,42,2,8,4,4,0,0,0,0,0,0,0.030475,8,7.721509,,0,0.0,0,0,0.0,8,7.721509,4,4,,0,0.0,0,0,9-Ball,0.0
79002523,luis Cardenas rosas,https://img.cuescore.com/image/8/4/862c792ba8eb7f97e626fbe6cbcc59f6.png,https://cuescore.com/img/flags/png-country-4x2-none/res-640x480/no.png,403.12,403.17,2026-03-23,obk,False,anchored,175.0,2026-03-23T17:00:00Z,76464466,9,4,5,41,2,9,4,5,0,0,0,0,0,0,0.027935,9,7.940672,,0,0.0,0,0,,0,0.0,0,0,0.0,9,7.940672,4,5,10-Ball,0.0
50522596,Olav Finnerud,https://img.cuescore.com/image/8/4/862c792ba8eb7f97e626fbe6cbcc59f6.png,https://cuescore.com/img/flags/png-country-4x2-none/res-640x480/no.png,403.07,403.11,2026-01-26,obk,False,anchored,165.0,2026-01-26T17:00:00Z,75333334,5,2,3,45,2,5,2,3,0,0,0,0,0,0,0.056292,5,4.257943,0.0,5,4.257943,2,3,,0,0.0,0,0,,0,0.0,0,0,8-Ball,0.0
21425374,Richard Persson,https://img.cuescore.com/image/2/4/2d0d731061f8db1207bcc19ffd06342e.png?t=1766246032,https://cuescore.com/img/flags/png-country-4x2-none/res-640x480/se.png,403.06,403.09,2024-12-27,obk,False,anchored,3.0,2024-12-27T11:00:00Z,52314610,13,5,8,37,2,13,5,8,0,0,0,0,0,0,0.030623,13,6.421264,0.0,13,6.421264,5,8,,0,0.0,0,0,,0,0.0,0,0,8-Ball,0.0
82895710,Rolf Woods,https://img.cuescore.com/image/8/4/862c792ba8eb7f97e626fbe6cbcc59f6.png,https://cuescore.com/img/flags/png-country-4x2-none/res-640x480/no.png,403.0,402.89,2026-06-03,obk,False,anchored,175.0,2026-06-03T16:00:00Z,82639456,17,5,12,33,2,17,5,12,0,0,0,0,0,0,0.010924,17,15.697585,,0,0.0,0,0,0.0,17,15.697585,5,12,,0,0.0,0,0,9-Ball,0.0
8362155,Nicolai,https://img.cuescore.com/image/8/4/862c792ba8eb7f97e626fbe6cbcc59f6.png,https://cuescore.com/img/flags/png-country-4x2-none/res-640x480/no.png,403.0,403.01,2020-10-12,obk,False,anchored,,,,11,5,6,39,2,11,5,6,0,0,0,0,0,0,0.073512,11,2.759506,,0,0.0,0,0,0.0,11,2.759506,5,6,,0,0.0,0,0,9-Ball,0.0
1552001,Stig Elde Mikkelsen,https://img.cuescore.com/image/f/4/faf1ee1962736e0f6504c12e74ff3fe3.png?t=1501105742,https://cuescore.com/img/flags/png-country-4x2-none/res-640x480/no.png,403.0,403.0,2019-08-31,obk,False,anchored,6.0,2019-08-30T14:00:00Z,5976158,3,2,1,47,2,3,2,1,0,0,0,0,0,0,0.420173,3,0.58147,,0,0.0,0,0,0.0,3,0.58147,2,1,,0,0.0,0,0,9-Ball,0.0
5339081,Daniel,https://img.cuescore.com/image/8/4/862c792ba8eb7f97e626fbe6cbcc59f6.png,https://cuescore.com/img/flags/png-country-4x2-none/res-640x480/no.png,402.84,402.85,2019-09-09,obk,False,anchored,,,,9,5,4,41,2,9,5,4,0,0,0,0,0,0,0.115042,9,1.754137,,0,0.0,0,0,0.0,9,1.754137,5,4,,0,0.0,0,0,9-Ball,0.0
57800878,Lukasz Majewski,https://img.cuescore.com/image/5/4/588a800ff739d8ffbd3e24a327e10cb7.png?t=1756759411,https://cuescore.com/img/flags/png-country-4x2-none/res-640x480/pl.png,402.81,402.85,2025-09-01,obk,False,anchored,175.0,2025-09-01T16:00:00Z,65621962,12,6,6,38,2,12,6,6,0,0,0,0,0,0,0.019901,12,9.311384,,0,0.0,0,0,0.0,12,9.311384,6,6,,0,0.0,0,0,9-Ball,0.0
1431228,remi kwit,https://img.cuescore.com/image/8/4/862c792ba8eb7f97e626fbe6cbcc59f6.png,,402.75,402.78,2017-11-13,obk,False,anchored,,,,17,9,8,33,2,17,9,8,0,0,0,0,0,0,0.072572,17,2.175633,0.0,17,2.175633,9,8,,0,0.0,0,0,,0,0.0,0,0,8-Ball,0.0
73236004,Dragan Ceranic,https://img.cuescore.com/image/4/4/433f4c52eca74e8965ef92ee2c02efee.png?t=1764751023,https://cuescore.com/img/flags/png-country-4x2-none/res-640x480/hr.png,402.58,402.61,2025-12-27,obk,False,anchored,4.0,2025-12-27T11:00:00Z,71848093,16,3,13,34,2,16,3,13,0,0,0,0,0,0,0.011354,16,13.367162,,0,0.0,0,0,0.0,16,13.367162,3,13,,0,0.0,0,0,9-Ball,0.0
10774063,Axel Mikhail Dalberg,https://img.cuescore.com/image/7/4/7184042b06619ed2c04b9912e7dd0d42.png?t=1647203908,https://cuescore.com/img/flags/png-country-4x2-none/res-640x480/no.png,402.55,402.61,2023-10-15,obk,False,anchored,43.0,2022-06-15T16:00:00Z,16266742,19,7,12,31,2,19,7,12,0,0,0,0,0,0,0.014759,19,9.288999,,0,0.0,0,0,0.0,19,9.288999,7,12,,0,0.0,0,0,9-Ball,0.0
3647948,Janna Braseth,https://img.cuescore.com/image/5/4/5aa6aa48f7d5ffe854d5266ac08db7ef.png,https://cuescore.com/img/flags/png-country-4x2-none/res-640x480/no.png,402.46,402.51,2021-07-04,obk,False,anchored,3.0,2021-07-04T14:00:00Z,8995646,22,8,14,28,2,22,8,14,0,0,0,0,0,0,0.024645,22,4.863159,0.033502,5,0.787919,2,3,-0.006477,17,4.07524,6,11,,0,0.0,0,0,8-Ball,0.033502
8984217,Philip Smith,https://img.cuescore.com/image/8/4/862c792ba8eb7f97e626fbe6cbcc59f6.png,https://cuescore.com/img/flags/png-country-4x2-none/res-640x480/no.png,402.26,402.27,2021-06-28,obk,False,anchored,,,,8,4,4,42,2,8,4,4,0,0,0,0,0,0,0.069709,8,2.364198,0.0,8,2.364198,4,4,,0,0.0,0,0,,0,0.0,0,0,8-Ball,0.0
5185785,Benjamin Memeti,https://img.cuescore.com/image/8/4/862c792ba8eb7f97e626fbe6cbcc59f6.png,https://cuescore.com/img/flags/png-country-4x2-none/res-640x480/mk.png,402.2,402.21,2019-10-21,obk,False,anchored,40.0,2019-10-09T16:03:00Z,6584939,17,6,11,33,2,17,6,11,0,0,0,0,0,0,0.036944,17,3.402628,,0,0.0,0,0,0.0,17,3.402628,6,11,,0,0.0,0,0,9-Ball,0.0
2620563,Shakir,https://img.cuescore.com/image/8/4/862c792ba8eb7f97e626fbe6cbcc59f6.png,https://cuescore.com/img/flags/png-country-4x2-none/res-640x480/no.png,402.0,402.01,2018-06-04,obk,False,anchored,12.0,2018-05-26T12:01:00Z,2619365,8,5,3,42,2,8,5,3,0,0,0,0,0,0,0.125212,8,1.164087,0.0,8,1.164087,5,3,,0,0.0,0,0,,0,0.0,0,0,8-Ball,0.0
2251358,Davut Demir,https://img.cuescore.com/image/8/4/862c792ba8eb7f97e626fbe6cbcc59f6.png,,401.91,401.92,2018-03-19,obk,False,anchored,,,,9,5,4,41,2,9,5,4,0,0,0,0,0,0,0.109073,9,1.24737,0.0,9,1.24737,5,4,,0,0.0,0,0,,0,0.0,0,0,8-Ball,0.0
26507311,nicolai sundt,https://img.cuescore.com/image/8/4/862c792ba8eb7f97e626fbe6cbcc59f6.png,https://cuescore.com/img/flags/png-country-4x2-none/res-640x480/no.png,401.81,401.83,2021-06-27,obk,False,anchored,,,,15,5,10,35,2,15,5,10,0,0,0,0,0,0,0.024817,15,4.429866,0.0,15,4.429866,5,10,,0,0.0,0,0,,0,0.0,0,0,8-Ball,0.0
5476975,Toan Truong,https://img.cuescore.com/image/6/4/6349399674ea3696bafa9ceb8596d609.png?t=1559249294,https://cuescore.com/img/flags/png-country-4x2-none/res-640x480/vn.png,401.81,401.83,2019-06-03,obk,False,anchored,,,,18,8,10,32,2,18,8,10,0,0,0,0,0,0,0.030491,18,3.297467,,0,0.0,0,0,-0.077048,12,2.198258,4,8,0.154085,6,1.099209,4,2,10-Ball,0.154085
73998136,Andreas Langkås,https://img.cuescore.com/image/8/4/862c792ba8eb7f97e626fbe6cbcc59f6.png,https://cuescore.com/img/flags/png-country-4x2-none/res-640x480/no.png,401.71,401.87,2025-12-27,obk,False,anchored,5.0,2025-12-27T11:00:00Z,71848093,13,4,9,37,2,13,4,9,0,0,0,0,0,0,0.010091,13,10.860819,,0,0.0,0,0,0.0,13,10.860819,4,9,,0,0.0,0,0,9-Ball,0.0
16259161,Anders Selland,https://img.cuescore.com/image/8/4/862c792ba8eb7f97e626fbe6cbcc59f6.png,https://cuescore.com/img/flags/png-country-4x2-none/res-640x480/no.png,401.7,401.73,2026-05-11,obk,False,anchored,319.0,2026-05-11T16:00:00Z,81171145,10,2,8,40,2,10,2,8,0,0,0,0,0,0,0.012971,10,9.100497,0.0,10,9.100497,2,8,,0,0.0,0,0,,0,0.0,0,0,8-Ball,0.0
1285998,Haakon Røstad,https://img.cuescore.com/image/3/4/36e69289f28f700594d4d267b0609dd0.png?t=1736158534,https://cuescore.com/img/flags/png-country-4x2-none/res-640x480/no.png,401.67,401.68,2024-04-13,obk,False,anchored,,,,14,6,8,36,2,14,6,8,0,0,0,0,0,0,0.01325,14,7.887228,,0,0.0,0,0,0.0,14,7.887228,6,8,,0,0.0,0,0,9-Ball,0.0
2251356,Saban Tepeli,https://img.cuescore.com/image/8/4/862c792ba8eb7f97e626fbe6cbcc59f6.png,,401.59,401.6,2018-03-19,obk,False,anchored,,,,11,6,5,39,2,11,6,5,0,0,0,0,0,0,0.070629,11,1.524563,0.0,11,1.524563,6,5,,0,0.0,0,0,,0,0.0,0,0,8-Ball,0.0
1256298,Andreas Bjerke,https://img.cuescore.com/image/e/4/e6832a281bf31df6fd0f45024016cd8e.png?t=1579116811,https://cuescore.com/img/flags/png-country-4x2-none/res-640x480/no.png,401.49,401.5,2019-02-20,obk,False,anchored,28.0,2019-02-20T17:00:00Z,4797252,7,4,3,43,2,7,4,3,0,0,0,0,0,0,0.092855,7,1.199942,0.0,7,1.199942,4,3,,0,0.0,0,0,,0,0.0,0,0,8-Ball,0.0
40876063,Ali Hazem,https://img.cuescore.com/image/8/4/862c792ba8eb7f97e626fbe6cbcc59f6.png,https://cuescore.com/img/flags/png-country-4x2-none/res-640x480/no.png,401.46,401.47,2024-03-16,obk,False,anchored,,,,2,1,1,48,2,2,1,1,0,0,0,0,0,0,0.110069,2,1.107053,,0,0.0,0,0,0.0,2,1.107053,1,1,,0,0.0,0,0,9-Ball,0.0
5063316,Asgeir H,https://img.cuescore.com/image/8/4/862c792ba8eb7f97e626fbe6cbcc59f6.png,https://cuescore.com/img/flags/png-country-4x2-none/res-640x480/no.png,401.26,401.26,2019-03-18,obk,False,anchored,,,,8,4,4,42,2,8,4,4,0,0,0,0,0,0,0.065762,8,1.395869,0.0,8,1.395869,4,4,,0,0.0,0,0,,0,0.0,0,0,8-Ball,0.0
4797931,Geir Perez,https://img.cuescore.com/image/8/4/862c792ba8eb7f97e626fbe6cbcc59f6.png,https://cuescore.com/img/flags/png-country-4x2-none/res-640x480/no.png,401.26,401.27,2019-02-18,obk,False,anchored,,,,10,5,5,40,2,10,5,5,0,0,0,0,0,0,0.051079,10,1.714203,0.0,10,1.714203,5,5,,0,0.0,0,0,,0,0.0,0,0,8-Ball,0.0
34719502,Jonathan Storvik,https://img.cuescore.com/image/8/4/862c792ba8eb7f97e626fbe6cbcc59f6.png,https://cuescore.com/img/flags/png-country-4x2-none/res-640x480/no.png,401.06,401.09,2024-07-15,obk,False,anchored,175.0,2024-07-15T16:00:00Z,44280016,24,12,12,26,2,24,12,12,0,0,0,0,0,0,0.00389,24,12.282389,,0,0.0,0,0,0.0,24,12.282389,12,12,,0,0.0,0,0,9-Ball,0.0
6863666,Silje Vareide,https://img.cuescore.com/image/5/4/5aa6aa48f7d5ffe854d5266ac08db7ef.png,https://cuescore.com/img/flags/png-country-4x2-none/res-640x480/no.png,401.06,401.07,2019-11-18,obk,False,anchored,,,,8,4,4,42,2,8,4,4,0,0,0,0,0,0,0.047336,8,1.629873,,0,0.0,0,0,0.0,8,1.629873,4,4,,0,0.0,0,0,9-Ball,0.0
2021209,Johnny Lotto,https://img.cuescore.com/image/8/4/862c792ba8eb7f97e626fbe6cbcc59f6.png,https://cuescore.com/img/flags/png-country-4x2-none/res-640x480/no.png,401.05,401.05,2017-12-18,obk,False,anchored,,,,13,5,8,37,2,13,5,8,0,0,0,0,0,0,0.039442,13,1.700966,,0,0.0,0,0,,0,0.0,0,0,0.0,13,1.700966,5,8,10-Ball,0.0
60309976,Samuel Feste,https://img.cuescore.com/image/8/4/862c792ba8eb7f97e626fbe6cbcc59f6.png,https://cuescore.com/img/flags/png-country-4x2-none/res-640x480/no.png,401.02,401.09,2026-02-23,obk,False,anchored,180.0,2026-02-23T17:00:00Z,76441429,15,8,7,35,2,15,8,7,0,0,0,0,0,0,0.005262,15,11.850647,0.0,15,11.850647,8,7,,0,0.0,0,0,,0,0.0,0,0,8-Ball,0.0
3508778,Naser lusnjani,https://img.cuescore.com/image/8/4/862c792ba8eb7f97e626fbe6cbcc59f6.png,https://cuescore.com/img/flags/png-country-4x2-none/res-640x480/no.png,400.82,400.83,2018-12-17,obk,False,anchored,,,,12,6,6,38,2,12,6,6,0,0,0,0,0,0,0.027413,12,1.972309,0.171971,6,0.988338,4,2,,0,0.0,0,0,-0.172734,6,0.983971,2,4,8-Ball,0.171971
1071680,Michael,https://img.cuescore.com/image/8/4/862c792ba8eb7f97e626fbe6cbcc59f6.png,,400.75,400.76,2019-05-27,obk,False,anchored,,,,8,3,5,42,2,8,3,5,0,0,0,0,0,0,0.037587,8,1.459031,0.0,8,1.459031,3,5,,0,0.0,0,0,,0,0.0,0,0,8-Ball,0.0
6550338,Isak Karlsen,https://img.cuescore.com/image/8/4/862c792ba8eb7f97e626fbe6cbcc59f6.png,https://cuescore.com/img/flags/png-country-4x2-none/res-640x480/no.png,400.62,400.63,2019-09-30,obk,False,anchored,,,,14,6,8,36,2,14,6,8,0,0,0,0,0,0,0.013945,14,2.765149,,0,0.0,0,0,,0,0.0,0,0,0.0,14,2.765149,6,8,10-Ball,0.0
42294211,Gaute Andersen,https://img.cuescore.com/image/8/4/862c792ba8eb7f97e626fbe6cbcc59f6.png,https://cuescore.com/img/flags/png-country-4x2-none/res-640x480/no.png,400.62,400.63,2024-04-27,obk,False,anchored,,,,2,1,1,48,2,2,1,1,0,0,0,0,0,0,0.045733,2,1.13674,0.0,2,1.13674,1,1,,0,0.0,0,0,,0,0.0,0,0,8-Ball,0.0
4762955,Benjamin,https://img.cuescore.com/image/8/4/862c792ba8eb7f97e626fbe6cbcc59f6.png,https://cuescore.com/img/flags/png-country-4x2-none/res-640x480/no.png,400.61,400.63,2019-02-18,obk,False,anchored,,,,23,10,13,27,2,23,10,13,0,0,0,0,0,0,0.007323,23,3.93139,-0.063748,8,1.371362,3,5,,0,0.0,0,0,0.034149,15,2.560028,7,8,10-Ball,0.034149
9209866,Johannes Sandström,https://img.cuescore.com/image/8/4/862c792ba8eb7f97e626fbe6cbcc59f6.png,https://cuescore.com/img/flags/png-country-4x2-none/res-640x480/se.png,400.59,400.64,2022-02-21,obk,False,anchored,,,,33,14,19,17,2,33,14,19,0,0,0,0,0,0,0.001557,33,11.0705,,0,0.0,0,0,0.018795,15,4.886582,6,9,-0.014852,18,6.183919,8,10,9-Ball,0.018795
3036773,Mathias Stav,https://img.cuescore.com/image/8/4/862c792ba8eb7f97e626fbe6cbcc59f6.png,https://cuescore.com/img/flags/png-country-4x2-none/res-640x480/no.png,400.53,400.53,2018-09-10,obk,False,anchored,,,,10,5,5,40,2,10,5,5,0,0,0,0,0,0,0.023727,10,1.548172,0.0,10,1.548172,5,5,,0,0.0,0,0,,0,0.0,0,0,8-Ball,0.0
3543768,Dennis,https://img.cuescore.com/image/8/4/862c792ba8eb7f97e626fbe6cbcc59f6.png,https://cuescore.com/img/flags/png-country-4x2-none/res-640x480/us.png,400.52,400.52,2018-12-17,obk,False,anchored,,,,7,3,4,43,2,7,3,4,0,0,0,0,0,0,0.033533,7,1.153061,0.0,7,1.153061,3,4,,0,0.0,0,0,,0,0.0,0,0,8-Ball,0.0
1914701,James Aranas,https://img.cuescore.com/image/8/4/862c792ba8eb7f97e626fbe6cbcc59f6.png,https://cuescore.com/img/flags/png-country-4x2-none/res-640x480/ph.png,400.43,400.41,2020-01-24,obk,False,anchored,,,,18,7,11,32,2,18,7,11,0,0,0,0,0,0,0.006245,18,3.824964,,0,0.0,0,0,,0,0.0,0,0,0.0,18,3.824964,7,11,10-Ball,0.0
8362037,Gunn Hellen,https://img.cuescore.com/image/5/4/5aa6aa48f7d5ffe854d5266ac08db7ef.png,https://cuescore.com/img/flags/png-country-4x2-none/res-640x480/no.png,400.43,400.44,2020-10-12,obk,False,anchored,,,,4,2,2,46,2,4,2,2,0,0,0,0,0,0,0.034432,4,1.003457,0.0,4,1.003457,2,2,,0,0.0,0,0,,0,0.0,0,0,8-Ball,0.0
3508777,Outi,https://img.cuescore.com/image/5/4/5aa6aa48f7d5ffe854d5266ac08db7ef.png,https://cuescore.com/img/flags/png-country-4x2-none/res-640x480/no.png,400.26,400.27,2018-12-10,obk,False,anchored,,,,8,4,4,42,2,8,4,4,0,0,0,0,0,0,0.014576,8,1.311961,,0,0.0,0,0,,0,0.0,0,0,0.0,8,1.311961,4,4,10-Ball,0.0
33729541,Eivind Yoo Yong Jae Johansen,https://img.cuescore.com/image/9/4/9e9ee73d7605cca6639592549f75768d.png?t=1766744087,https://cuescore.com/img/flags/png-country-4x2-none/res-640x480/kr.png,400.24,400.49,2026-06-20,obk,False,anchored,184.0,2026-06-03T16:00:00Z,82639456,317,118,199,0,2,317,118,199,0,0,0,0,0,0,-4e-06,317,253.905592,-0.075056,44,37.975359,17,27,0.012156,246,200.417094,89,157,0.02669,27,15.513138,12,15,10-Ball,0.02669
1006339,Kim Ronny Nygård,https://img.cuescore.com/image/0/4/050ec025b1e31e0ac5eea74c4c82b3ac.png?t=1478380445,https://cuescore.com/img/flags/png-country-4x2-none/res-640x480/no.png,400.24,400.26,2026-06-15,obk,False,anchored,,,,22,11,11,28,2,22,11,11,0,0,0,0,0,0,0.000733,22,16.658891,,0,0.0,0,0,0.0,22,16.658891,11,11,,0,0.0,0,0,9-Ball,0.0
7784582,Mathias Kolloen Nilsen,https://img.cuescore.com/image/8/4/862c792ba8eb7f97e626fbe6cbcc59f6.png,https://cuescore.com/img/flags/png-country-4x2-none/res-640x480/no.png,400.14,400.25,2020-05-27,obk,False,anchored,30.0,2020-05-27T15:55:00Z,7906953,68,26,42,0,2,68,26,42,0,0,0,0,0,0,5.2e-05,68,13.104002,0.066676,10,1.64723,5,5,0.029188,22,4.450949,9,13,-0.034221,36,7.005823,12,24,8-Ball,0.066676
3305265,Fredrik Nyberg,https://img.cuescore.com/image/8/4/862c792ba8eb7f97e626fbe6cbcc59f6.png,https://cuescore.com/img/flags/png-country-4x2-none/res-640x480/se.png,400.14,400.16,2024-10-07,obk,False,anchored,266.0,2024-10-07T16:00:00Z,50414158,27,9,18,23,2,27,9,18,0,0,0,0,0,0,0.001192,27,4.604907,-0.085858,9,1.793408,2,7,0.054768,18,2.811499,7,11,,0,0.0,0,0,9-Ball,0.054768
42294346,Sigurd Ibsen,https://img.cuescore.com/image/8/4/862c792ba8eb7f97e626fbe6cbcc59f6.png,https://cuescore.com/img/flags/png-country-4x2-none/res-640x480/no.png,400.12,400.13,2024-04-27,obk,False,anchored,,,,2,1,1,48,2,2,1,1,0,0,0,0,0,0,0.009287,2,1.13674,0.0,2,1.13674,1,1,,0,0.0,0,0,,0,0.0,0,0,8-Ball,0.0
1006283,Jan Erik Gundersen,https://img.cuescore.com/image/0/4/0c24bbf2b386a7084424cd3aadb80dd8.png?t=1537810552,https://cuescore.com/img/flags/png-country-4x2-none/res-640x480/no.png,400.11,400.11,2018-10-10,obk,False,anchored,97.0,2018-10-10T16:00:00Z,3182917,3,1,2,47,2,3,1,2,0,0,0,0,0,0,0.021225,3,0.428945,,0,0.0,0,0,0.0,3,0.428945,1,2,,0,0.0,0,0,9-Ball,0.0
5063317,Eirik N,https://img.cuescore.com/image/8/4/862c792ba8eb7f97e626fbe6cbcc59f6.png,https://cuescore.com/img/flags/png-country-4x2-none/res-640x480/no.png,400.07,400.07,2019-03-18,obk,False,anchored,,,,9,4,5,41,2,9,4,5,0,0,0,0,0,0,0.003034,9,1.570353,0.0,9,1.570353,4,5,,0,0.0,0,0,,0,0.0,0,0,8-Ball,0.0
43190422,Sang Luong,https://img.cuescore.com/image/d/4/dc13e3a34dd216ec238a852216b3d368.png?t=1716297885,https://cuescore.com/img/flags/png-country-4x2-none/res-640x480/vn.png,400.01,400.02,2024-05-21,obk,False,anchored,,,,4,2,2,46,2,4,2,2,0,0,0,0,0,0,0.000502,4,2.308381,,0,0.0,0,0,0.0,4,2.308381,2,2,,0,0.0,0,0,9-Ball,0.0
42294226,Kristoffer Myhre,https://img.cuescore.com/image/8/4/862c792ba8eb7f97e626fbe6cbcc59f6.png,https://cuescore.com/img/flags/png-country-4x2-none/res-640x480/no.png,400.01,400.01,2024-04-27,obk,False,anchored,,,,2,1,1,48,2,2,1,1,0,0,0,0,0,0,0.00058,2,1.13674,0.0,2,1.13674,1,1,,0,0.0,0,0,,0,0.0,0,0,8-Ball,0.0
42280075,Eivind Jørgensen,https://img.cuescore.com/image/8/4/862c792ba8eb7f97e626fbe6cbcc59f6.png,https://cuescore.com/img/flags/png-country-4x2-none/res-640x480/no.png,400.0,400.0,2024-04-27,obk,False,anchored,,,,2,1,1,48,2,2,1,1,0,0,0,0,0,0,0.000156,2,1.13674,0.0,2,1.13674,1,1,,0,0.0,0,0,,0,0.0,0,0,8-Ball,0.0
1286272,Chris Melling,https://img.cuescore.com/image/3/4/356fefcf263ca65fab4970105f37ab60.png?t=1730878839,https://cuescore.com/img/flags/png-country-4x2-none/res-640x480/gb.png,399.97,399.97,2020-01-24,obk,False,anchored,,,,20,9,11,30,2,20,9,11,0,0,0,0,0,0,-0.000327,20,4.24996,,0,0.0,0,0,,0,0.0,0,0,0.0,20,4.24996,9,11,10-Ball,0.0
6680803,Jake Hill,https://img.cuescore.com/image/8/4/862c792ba8eb7f97e626fbe6cbcc59f6.png,https://cuescore.com/img/flags/png-country-4x2-none/res-640x480/gb-eng.png,399.91,399.93,2019-10-21,obk,False,anchored,,,,15,7,8,35,2,15,7,8,0,0,0,0,0,0,-0.001756,15,3.002371,,0,0.0,0,0,0.0,15,3.002371,7,8,,0,0.0,0,0,9-Ball,0.0
5140382,Jørgen Johansen,https://img.cuescore.com/image/8/4/862c792ba8eb7f97e626fbe6cbcc59f6.png,https://cuescore.com/img/flags/png-country-4x2-none/res-640x480/no.png,399.86,399.86,2019-04-01,obk,False,anchored,,,,7,3,4,43,2,7,3,4,0,0,0,0,0,0,-0.008414,7,1.232234,0.0,7,1.232234,3,4,,0,0.0,0,0,,0,0.0,0,0,8-Ball,0.0
18283951,Gabriel Salvesen,https://img.cuescore.com/image/6/4/617beda9646d1770816a08319adaa7e3.png?t=1664293865,https://cuescore.com/img/flags/png-country-4x2-none/res-640x480/no.png,399.86,399.87,2023-10-15,obk,False,anchored,,,,3,1,2,47,2,3,1,2,0,0,0,0,0,0,-0.007191,3,1.50747,,0,0.0,0,0,0.0,3,1.50747,1,2,,0,0.0,0,0,9-Ball,0.0
1075531,Thang Vu Ngoc,https://img.cuescore.com/image/8/4/862c792ba8eb7f97e626fbe6cbcc59f6.png,https://cuescore.com/img/flags/png-country-4x2-none/res-640x480/no.png,399.83,399.82,2017-09-25,obk,False,anchored,,,,10,5,5,40,2,10,5,5,0,0,0,0,0,0,-0.009803,10,1.24069,0.0,10,1.24069,5,5,,0,0.0,0,0,,0,0.0,0,0,8-Ball,0.0
1006454,Robin Svedin,https://img.cuescore.com/image/9/4/95022528569ec3f0e42fd735817a9a85.png?t=1762575167,https://cuescore.com/img/flags/png-country-4x2-none/res-640x480/no.png,399.78,399.78,2019-08-31,obk,False,anchored,4.0,2019-08-30T14:00:00Z,5976158,1,0,1,49,2,1,0,1,0,0,0,0,0,0,-0.094971,1,0.193823,,0,0.0,0,0,0.0,1,0.193823,0,1,,0,0.0,0,0,9-Ball,0.0
2167251,Tor Bugten,https://img.cuescore.com/image/8/4/862c792ba8eb7f97e626fbe6cbcc59f6.png,https://cuescore.com/img/flags/png-country-4x2-none/res-640x480/no.png,399.75,399.75,2018-02-19,obk,False,anchored,,,,8,3,5,42,2,8,3,5,0,0,0,0,0,0,-0.01661,8,1.089307,0.0,8,1.089307,3,5,,0,0.0,0,0,,0,0.0,0,0,8-Ball,0.0
7027028,Wael,https://img.cuescore.com/image/8/4/862c792ba8eb7f97e626fbe6cbcc59f6.png,https://cuescore.com/img/flags/png-country-4x2-none/res-640x480/no.png,399.74,399.74,2022-10-24,obk,False,anchored,225.0,2022-10-24T16:00:00Z,19043404,11,4,7,39,2,11,4,7,0,0,0,0,0,0,-0.007681,11,2.312346,-0.262501,5,1.069518,1,4,0.225896,6,1.242828,3,3,,0,0.0,0,0,9-Ball,0.225896
1006419,Ole Kristian Elnæs,https://img.cuescore.com/image/b/4/b130d080a36488e0a86e683be5b16db3.png?t=1516825670,https://cuescore.com/img/flags/png-country-4x2-none/res-640x480/no.png,399.69,399.67,2019-06-07,obk,False,anchored,,,,10,3,7,40,2,10,3,7,0,0,0,0,0,0,-0.011808,10,1.836547,,0,0.0,0,0,0.0,10,1.836547,3,7,,0,0.0,0,0,9-Ball,0.0
2166644,Nicolai Sætra,https://img.cuescore.com/image/f/4/f0ecab4af4dd1d68f5d037f0acea4f65.png?t=1519837466,https://cuescore.com/img/flags/png-country-4x2-none/res-640x480/no.png,399.68,399.69,2019-08-31,obk,False,anchored,6.0,2019-08-30T14:00:00Z,5976158,1,0,1,49,2,1,0,1,0,0,0,0,0,0,-0.13736,1,0.193823,,0,0.0,0,0,0.0,1,0.193823,0,1,,0,0.0,0,0,9-Ball,0.0
1714798,Efka Jega,https://img.cuescore.com/image/5/4/5b939af9399cb941afb5fece6c8a5e0f.png?t=1506354695,,399.54,399.55,2017-10-09,obk,False,anchored,,,,26,13,13,24,2,26,13,13,0,0,0,0,0,0,-0.005922,26,3.243453,0.0,26,3.243453,13,13,,0,0.0,0,0,,0,0.0,0,0,8-Ball,0.0
2577877,Britt Sølvi Hauge Pettersen,https://img.cuescore.com/image/1/4/109aeba109c23887012b75a85eaa62a6.png?t=1732796970,https://cuescore.com/img/flags/png-country-4x2-none/res-640x480/no.png,399.48,399.65,2025-07-02,obk,False,anchored,225.0,2025-07-02T16:15:00Z,63131038,13,4,9,37,2,13,4,9,0,0,0,0,0,0,-0.003394,13,9.705561,,0,0.0,0,0,0.0,13,9.705561,4,9,,0,0.0,0,0,9-Ball,0.0
2431088,Chalak,https://img.cuescore.com/image/8/4/862c792ba8eb7f97e626fbe6cbcc59f6.png,https://cuescore.com/img/flags/png-country-4x2-none/res-640x480/no.png,399.41,399.42,2018-04-30,obk,False,anchored,,,,23,9,14,27,2,23,9,14,0,0,0,0,0,0,-0.008348,23,3.273509,,0,0.0,0,0,0.0,23,3.273509,9,14,,0,0.0,0,0,9-Ball,0.0
6550337,Mats Rognås,https://img.cuescore.com/image/8/4/862c792ba8eb7f97e626fbe6cbcc59f6.png,https://cuescore.com/img/flags/png-country-4x2-none/res-640x480/no.png,399.35,399.37,2019-09-30,obk,False,anchored,,,,19,8,11,31,2,19,8,11,0,0,0,0,0,0,-0.009211,19,3.752702,,0,0.0,0,0,,0,0.0,0,0,0.0,19,3.752702,8,11,10-Ball,0.0
3439599,Even Nguyen,https://img.cuescore.com/image/8/4/862c792ba8eb7f97e626fbe6cbcc59f6.png,https://cuescore.com/img/flags/png-country-4x2-none/res-640x480/no.png,399.33,399.34,2018-12-03,obk,False,anchored,,,,5,2,3,45,2,5,2,3,0,0,0,0,0,0,-0.063634,5,0.816353,0.0,5,0.816353,2,3,,0,0.0,0,0,,0,0.0,0,0,8-Ball,0.0
1006516,Timo Mäkelä,https://img.cuescore.com/image/8/4/862c792ba8eb7f97e626fbe6cbcc59f6.png,https://cuescore.com/img/flags/png-country-4x2-none/res-640x480/no.png,399.29,399.29,2018-04-18,obk,False,anchored,,,,1,0,1,49,2,1,0,1,0,0,0,0,0,0,-0.426796,1,0.14107,,0,0.0,0,0,0.0,1,0.14107,0,1,,0,0.0,0,0,9-Ball,0.0
1511260,Lars Haakon Lunde,https://img.cuescore.com/image/8/4/862c792ba8eb7f97e626fbe6cbcc59f6.png,https://cuescore.com/img/flags/png-country-4x2-none/res-640x480/no.png,399.26,399.26,2017-11-13,obk,False,anchored,,,,11,4,7,39,2,11,4,7,0,0,0,0,0,0,-0.03576,11,1.407762,0.0,11,1.407762,4,7,,0,0.0,0,0,,0,0.0,0,0,8-Ball,0.0
2357030,Jens Gundersen,https://img.cuescore.com/image/8/4/862c792ba8eb7f97e626fbe6cbcc59f6.png,https://cuescore.com/img/flags/png-country-4x2-none/res-640x480/no.png,399.24,399.25,2018-04-16,obk,False,anchored,,,,1,0,1,49,2,1,0,1,0,0,0,0,0,0,-0.453624,1,0.14107,,0,0.0,0,0,0.0,1,0.14107,0,1,,0,0.0,0,0,9-Ball,0.0
6863635,Jan olav Nordskog,https://img.cuescore.com/image/8/4/862c792ba8eb7f97e626fbe6cbcc59f6.png,https://cuescore.com/img/flags/png-country-4x2-none/res-640x480/no.png,399.21,399.22,2019-11-18,obk,False,anchored,,,,7,3,4,43,2,7,3,4,0,0,0,0,0,0,-0.04119,7,1.426139,,0,0.0,0,0,0.0,7,1.426139,3,4,,0,0.0,0,0,9-Ball,0.0
71402752,Enrique Mohamed ”Saleh“ Saleh Ruzafa,https://img.cuescore.com/image/e/4/e8a2719b85121aebb65ffe4f61bda1c9.png?t=1778896862,https://cuescore.com/img/flags/png-country-4x2-none/res-640x480/no.png,399.19,399.22,2026-01-12,obk,False,anchored,196.0,2026-01-12T17:00:00Z,74675884,48,20,28,2,2,48,20,28,0,0,0,0,0,0,-9.5e-05,48,39.389345,0.0,48,39.389345,20,28,,0,0.0,0,0,,0,0.0,0,0,8-Ball,0.0
77926909,Fredrik August Svendsen,https://img.cuescore.com/image/8/4/862c792ba8eb7f97e626fbe6cbcc59f6.png,https://cuescore.com/img/flags/png-country-4x2-none/res-640x480/no.png,399.17,399.2,2026-03-06,obk,False,anchored,,,,14,6,8,36,2,14,6,8,0,0,0,0,0,0,-0.004224,14,12.220006,,0,0.0,0,0,0.0,14,12.220006,6,8,,0,0.0,0,0,9-Ball,0.0
1024684,Christian Laland,https://img.cuescore.com/image/b/4/b289a8b84ffba4e8d816a4011720062d.png?t=1536997209,https://cuescore.com/img/flags/png-country-4x2-none/res-640x480/no.png,399.17,399.17,2018-06-18,obk,False,anchored,,,,3,1,2,47,2,3,1,2,0,0,0,0,0,0,-0.154706,3,0.43468,,0,0.0,0,0,0.0,3,0.43468,1,2,,0,0.0,0,0,9-Ball,0.0
5159274,Nahom Legesse Tafesse,https://img.cuescore.com/image/8/4/862c792ba8eb7f97e626fbe6cbcc59f6.png,https://cuescore.com/img/flags/png-country-4x2-none/res-640x480/et.png,399.15,399.15,2019-11-11,obk,False,anchored,,,,7,3,4,43,2,7,3,4,0,0,0,0,0,0,-0.044557,7,1.419837,0.0,7,1.419837,3,4,,0,0.0,0,0,,0,0.0,0,0,8-Ball,0.0
1697350,Philippe Beal,https://img.cuescore.com/image/8/4/862c792ba8eb7f97e626fbe6cbcc59f6.png,https://cuescore.com/img/flags/png-country-4x2-none/res-640x480/no.png,399.13,399.23,2018-02-05,obk,False,anchored,,,,97,42,55,0,2,97,42,55,0,0,0,0,0,0,-1.4e-05,97,12.535432,0.020662,90,11.60316,41,49,-0.257163,7,0.932272,1,6,,0,0.0,0,0,8-Ball,0.020662
1183879,Alexander Juliussen,https://img.cuescore.com/image/8/4/862c792ba8eb7f97e626fbe6cbcc59f6.png,https://cuescore.com/img/flags/png-country-4x2-none/res-640x480/no.png,399.13,399.13,2019-12-02,obk,False,anchored,,,,5,1,4,45,2,5,1,4,0,0,0,0,0,0,-0.066033,5,1.027732,,0,0.0,0,0,0.0,5,1.027732,1,4,,0,0.0,0,0,9-Ball,0.0
7458715,Kristoforos,https://img.cuescore.com/image/8/4/862c792ba8eb7f97e626fbe6cbcc59f6.png,https://cuescore.com/img/flags/png-country-4x2-none/res-640x480/no.png,398.99,399.0,2020-02-17,obk,False,anchored,,,,7,3,4,43,2,7,3,4,0,0,0,0,0,0,-0.049474,7,1.510644,0.0,7,1.510644,3,4,,0,0.0,0,0,,0,0.0,0,0,8-Ball,0.0
17073727,Svein Roger Hansen,https://img.cuescore.com/image/8/4/84c5d6bcba4d0473eba66d138dad94df.png?t=1659867020,https://cuescore.com/img/flags/png-country-4x2-none/res-640x480/no.png,398.98,398.97,2023-04-12,obk,False,anchored,1.0,2023-04-12T16:00:00Z,21241732,24,6,18,26,2,24,6,18,0,0,0,0,0,0,-0.004502,24,10.123103,,0,0.0,0,0,0.04656,16,6.63714,4,12,-0.088648,8,3.485963,2,6,9-Ball,0.04656
1472752,Aneta Johnsen,https://img.cuescore.com/image/5/4/5aa6aa48f7d5ffe854d5266ac08db7ef.png,https://cuescore.com/img/flags/png-country-4x2-none/res-640x480/no.png,398.97,398.97,2017-10-30,obk,False,anchored,,,,13,6,7,37,2,13,6,7,0,0,0,0,0,0,-0.039894,13,1.64905,0.0,13,1.64905,6,7,,0,0.0,0,0,,0,0.0,0,0,8-Ball,0.0
7027022,Marie,https://img.cuescore.com/image/8/4/862c792ba8eb7f97e626fbe6cbcc59f6.png,https://cuescore.com/img/flags/png-country-4x2-none/res-640x480/no.png,398.95,398.96,2019-12-14,obk,False,anchored,,,,2,0,2,48,2,2,0,2,0,0,0,0,0,0,-0.209513,2,0.414276,,0,0.0,0,0,0.0,2,0.414276,0,2,,0,0.0,0,0,9-Ball,0.0
2243631,Jens Gundersen,https://img.cuescore.com/image/8/4/862c792ba8eb7f97e626fbe6cbcc59f6.png,https://cuescore.com/img/flags/png-country-4x2-none/res-640x480/no.png,398.93,398.93,2018-06-18,obk,False,anchored,,,,2,0,2,48,2,2,0,2,0,0,0,0,0,0,-0.304034,2,0.291674,,0,0.0,0,0,0.0,2,0.291674,0,2,,0,0.0,0,0,9-Ball,0.0
6082345,Virginijus Sipavičius,https://img.cuescore.com/image/0/4/0786d6223eba29ad0f875f374dc8eb15.png?t=1633953904,https://cuescore.com/img/flags/png-country-4x2-none/res-640x480/lt.png,398.92,398.92,2019-08-31,obk,False,anchored,3.0,2019-08-30T20:00:00Z,6096626,1,0,1,49,2,1,0,1,0,0,0,0,0,0,-0.474532,1,0.193823,,0,0.0,0,0,0.0,1,0.193823,0,1,,0,0.0,0,0,9-Ball,0.0
42527356,rafal wisniewski,https://img.cuescore.com/image/8/4/862c792ba8eb7f97e626fbe6cbcc59f6.png,https://cuescore.com/img/flags/png-country-4x2-none/res-640x480/pl.png,398.86,398.91,2026-02-23,obk,False,anchored,172.0,2026-02-23T17:00:00Z,76441429,13,6,7,37,2,13,6,7,0,0,0,0,0,0,-0.006485,13,11.268488,0.0,13,11.268488,6,7,,0,0.0,0,0,,0,0.0,0,0,8-Ball,0.0
1949271,Olaus C Hansen,https://img.cuescore.com/image/8/4/862c792ba8eb7f97e626fbe6cbcc59f6.png,https://cuescore.com/img/flags/png-country-4x2-none/res-640x480/no.png,398.8,398.81,2024-03-09,obk,False,anchored,,,,4,1,3,46,2,4,1,3,0,0,0,0,0,0,-0.043375,4,2.20438,,0,0.0,0,0,0.0,4,2.20438,1,3,,0,0.0,0,0,9-Ball,0.0
1018075,Jo Erlend,https://img.cuescore.com/image/8/4/862c792ba8eb7f97e626fbe6cbcc59f6.png,,398.66,398.66,2017-01-02,obk,False,anchored,,,,5,1,4,45,2,5,1,4,0,0,0,0,0,0,-0.199114,5,0.524284,0.0,5,0.524284,1,4,,0,0.0,0,0,,0,0.0,0,0,8-Ball,0.0
1006193,Dag Johnsen,https://img.cuescore.com/image/8/4/846da8f03bebb58d781746edb0335956.png?t=1489061635,https://cuescore.com/img/flags/png-country-4x2-none/res-640x480/no.png,398.59,398.6,2018-08-15,obk,False,anchored,54.0,2018-08-15T16:00:00Z,2867850,17,5,12,33,2,17,5,12,0,0,0,0,0,0,-0.031129,17,2.577525,,0,0.0,0,0,0.0,17,2.577525,5,12,,0,0.0,0,0,9-Ball,0.0
1079170,Rune Løe,https://img.cuescore.com/image/b/4/b4949314266e20f25811f361e43de15a.png?t=1556688554,https://cuescore.com/img/flags/png-country-4x2-none/res-640x480/no.png,398.59,398.59,2019-12-14,obk,False,anchored,61.0,2018-01-10T17:05:00Z,2054176,2,0,2,48,2,2,0,2,0,0,0,0,0,0,-0.282279,2,0.414276,,0,0.0,0,0,0.0,2,0.414276,0,2,,0,0.0,0,0,9-Ball,0.0
40875670,Jan Kjetil Alfstad,https://img.cuescore.com/image/8/4/862c792ba8eb7f97e626fbe6cbcc59f6.png,https://cuescore.com/img/flags/png-country-4x2-none/res-640x480/no.png,398.53,398.52,2024-03-16,obk,False,anchored,,,,1,0,1,49,2,1,0,1,0,0,0,0,0,0,-0.225589,1,0.553526,,0,0.0,0,0,0.0,1,0.553526,0,1,,0,0.0,0,0,9-Ball,0.0
1384599,Hamid Alizadeh,https://img.cuescore.com/image/5/4/53e8bebe1d09f3439bd3753861854423.png?t=1643310610,https://cuescore.com/img/flags/png-country-4x2-none/res-640x480/no.png,398.52,398.52,2019-07-24,obk,False,anchored,2.0,2019-07-24T16:00:00Z,6015793,8,3,5,42,2,8,3,5,0,0,0,0,0,0,-0.110067,8,0.980694,,0,0.0,0,0,0.0,8,0.980694,3,5,,0,0.0,0,0,9-Ball,0.0
2052755,Erling Betten,https://img.cuescore.com/image/6/4/63f5f5ed13357a80981a19ce09468cc7.png?t=1515326914,,398.52,398.52,2018-01-15,obk,False,anchored,,,,9,3,6,41,2,9,3,6,0,0,0,0,0,0,-0.087838,9,1.198636,,0,0.0,0,0,0.0,9,1.198636,3,6,,0,0.0,0,0,9-Ball,0.0
1411042,Skyler Woodward,https://img.cuescore.com/image/f/4/fc457760315328968094d9e7fa83e716.png?t=1553693365,https://cuescore.com/img/flags/png-country-4x2-none/res-640x480/us.png,398.51,398.5,2020-01-24,obk,False,anchored,,,,14,3,11,36,2,14,3,11,0,0,0,0,0,0,-0.031175,14,2.974972,,0,0.0,0,0,,0,0.0,0,0,0.0,14,2.974972,3,11,10-Ball,0.0
6962355,Dennis,https://img.cuescore.com/image/8/4/862c792ba8eb7f97e626fbe6cbcc59f6.png,https://cuescore.com/img/flags/png-country-4x2-none/res-640x480/no.png,398.48,398.49,2019-12-02,obk,False,anchored,,,,9,3,6,41,2,9,3,6,0,0,0,0,0,0,-0.058244,9,1.849932,,0,0.0,0,0,0.0,9,1.849932,3,6,,0,0.0,0,0,9-Ball,0.0
2400653,Cathleen,https://img.cuescore.com/image/5/4/5aa6aa48f7d5ffe854d5266ac08db7ef.png,https://cuescore.com/img/flags/png-country-4x2-none/res-640x480/no.png,398.48,398.49,2018-04-23,obk,False,anchored,,,,9,4,5,41,2,9,4,5,0,0,0,0,0,0,-0.084479,9,1.275262,0.0,9,1.275262,4,5,,0,0.0,0,0,,0,0.0,0,0,8-Ball,0.0
1006451,Robert Gelin Rysjedal,https://img.cuescore.com/image/7/4/775a8c69cbad1ba33b3766b608acc2d9.png?t=1710020783,https://cuescore.com/img/flags/png-country-4x2-none/res-640x480/no.png,398.4,398.37,2019-06-07,obk,False,anchored,,,,10,2,8,40,2,10,2,8,0,0,0,0,0,0,-0.060494,10,1.836547,,0,0.0,0,0,0.0,10,1.836547,2,8,,0,0.0,0,0,9-Ball,0.0
2013157,Fredrik Hovda,https://img.cuescore.com/image/8/4/862c792ba8eb7f97e626fbe6cbcc59f6.png,https://cuescore.com/img/flags/png-country-4x2-none/res-640x480/no.png,398.4,398.4,2017-12-11,obk,False,anchored,,,,5,1,4,45,2,5,1,4,0,0,0,0,0,0,-0.191542,5,0.651327,0.0,5,0.651327,1,4,,0,0.0,0,0,,0,0.0,0,0,8-Ball,0.0
6909215,Thomas Andreassen,https://img.cuescore.com/image/8/4/862c792ba8eb7f97e626fbe6cbcc59f6.png,https://cuescore.com/img/flags/png-country-4x2-none/res-640x480/no.png,398.39,398.4,2020-01-20,obk,False,anchored,,,,6,2,4,44,2,6,2,4,0,0,0,0,0,0,-0.096102,6,1.272105,0.0,6,1.272105,2,4,,0,0.0,0,0,,0,0.0,0,0,8-Ball,0.0
16996051,Ylva Mathisen,https://img.cuescore.com/image/5/4/5aa6aa48f7d5ffe854d5266ac08db7ef.png,https://cuescore.com/img/flags/png-country-4x2-none/res-640x480/no.png,398.34,398.35,2022-08-03,obk,False,anchored,,,,5,2,3,45,2,5,2,3,0,0,0,0,0,0,-0.067727,5,1.904055,,0,0.0,0,0,0.0,5,1.904055,2,3,,0,0.0,0,0,9-Ball,0.0
25508719,Magnus Maprang Dahlø,https://img.cuescore.com/image/5/4/535e65630064412bdba604db24b2b636.png?t=1784791853,https://cuescore.com/img/flags/png-country-4x2-none/res-640x480/no.png,398.33,398.33,2026-03-21,obk,False,anchored,,,,3,1,2,47,2,3,1,2,0,0,0,0,0,0,-0.051479,3,2.643544,,0,0.0,0,0,0.0,3,2.643544,1,2,,0,0.0,0,0,9-Ball,0.0
5475535,Sandro Hasecic,https://img.cuescore.com/image/c/4/c0fa701330e893d119b851a929db0de8.png?t=1610458338,https://cuescore.com/img/flags/png-country-4x2-none/res-640x480/no.png,398.31,398.34,2022-12-30,obk,False,anchored,,,,21,8,13,29,2,21,8,13,0,0,0,0,0,0,-0.012484,21,6.782077,,0,0.0,0,0,0.0,21,6.782077,8,13,,0,0.0,0,0,9-Ball,0.0
19059169,Ilyas Amri,https://img.cuescore.com/image/4/4/47ded01f939e677e2aa69a2e4a4e92d1.png?t=1747178216,https://cuescore.com/img/flags/png-country-4x2-none/res-640x480/no.png,398.3,398.36,2025-06-02,obk,False,anchored,198.0,2025-06-02T16:00:00Z,61790500,16,7,9,34,2,16,7,9,0,0,0,0,0,0,-0.008528,16,11.720671,,0,0.0,0,0,0.0,16,11.720671,7,9,,0,0.0,0,0,9-Ball,0.0
2140742,Jamal Malik,https://img.cuescore.com/image/8/4/862c792ba8eb7f97e626fbe6cbcc59f6.png,https://cuescore.com/img/flags/png-country-4x2-none/res-640x480/no.png,398.27,398.45,2018-10-01,obk,False,anchored,,,,178,73,105,0,2,178,73,105,0,0,0,0,0,0,5e-06,178,25.917359,0.075238,59,8.464038,29,30,-0.036487,119,17.45332,44,75,,0,0.0,0,0,8-Ball,0.075238
5558769,walk over 18,https://img.cuescore.com/image/8/4/862c792ba8eb7f97e626fbe6cbcc59f6.png,https://cuescore.com/img/flags/png-country-4x2-none/res-640x480/it.png,398.23,398.24,2019-06-27,obk,False,anchored,,,,6,1,5,44,2,6,1,5,0,0,0,0,0,0,-0.120624,6,1.115953,,0,0.0,0,0,0.0,6,1.115953,1,5,,0,0.0,0,0,9-Ball,0.0
6461421,Ole,https://img.cuescore.com/image/8/4/862c792ba8eb7f97e626fbe6cbcc59f6.png,https://cuescore.com/img/flags/png-country-4x2-none/res-640x480/no.png,398.21,398.21,2019-09-16,obk,False,anchored,,,,12,5,7,38,2,12,5,7,0,0,0,0,0,0,-0.050265,12,2.34923,0.0,12,2.34923,5,7,,0,0.0,0,0,,0,0.0,0,0,8-Ball,0.0
8296078,Mathias Hæreid,https://img.cuescore.com/image/8/4/862c792ba8eb7f97e626fbe6cbcc59f6.png,https://cuescore.com/img/flags/png-country-4x2-none/res-640x480/no.png,398.05,398.05,2020-09-28,obk,False,anchored,,,,3,0,3,47,2,3,0,3,0,0,0,0,0,0,-0.212572,3,0.745957,0.0,3,0.745957,0,3,,0,0.0,0,0,,0,0.0,0,0,8-Ball,0.0
5076660,Fredrik Nymark,https://img.cuescore.com/image/8/4/862c792ba8eb7f97e626fbe6cbcc59f6.png,https://cuescore.com/img/flags/png-country-4x2-none/res-640x480/no.png,398.03,398.03,2020-02-24,obk,False,anchored,,,,11,4,7,39,2,11,4,7,0,0,0,0,0,0,-0.055789,11,2.384405,,0,0.0,0,0,,0,0.0,0,0,0.0,11,2.384405,4,7,10-Ball,0.0
4936012,Halvor,https://img.cuescore.com/image/8/4/862c792ba8eb7f97e626fbe6cbcc59f6.png,https://cuescore.com/img/flags/png-country-4x2-none/res-640x480/no.png,398.01,398.01,2019-03-04,obk,False,anchored,,,,2,0,2,48,2,2,0,2,0,0,0,0,0,0,-0.478578,2,0.34589,0.0,2,0.34589,0,2,,0,0.0,0,0,,0,0.0,0,0,8-Ball,0.0
4734031,Simon,https://img.cuescore.com/image/8/4/862c792ba8eb7f97e626fbe6cbcc59f6.png,https://cuescore.com/img/flags/png-country-4x2-none/res-640x480/no.png,397.99,398.0,2019-02-04,obk,False,anchored,,,,5,1,4,45,2,5,1,4,0,0,0,0,0,0,-0.183983,5,0.849544,0.0,5,0.849544,1,4,,0,0.0,0,0,,0,0.0,0,0,8-Ball,0.0
2140523,Ola Mo,https://img.cuescore.com/image/8/4/862c792ba8eb7f97e626fbe6cbcc59f6.png,https://cuescore.com/img/flags/png-country-4x2-none/res-640x480/no.png,397.97,398.01,2018-02-12,obk,False,anchored,,,,30,12,18,20,2,30,12,18,0,0,0,0,0,0,-0.01724,30,4.066852,,0,0.0,0,0,0.0,30,4.066852,12,18,,0,0.0,0,0,9-Ball,0.0
6461417,Per Holm,https://img.cuescore.com/image/8/4/862c792ba8eb7f97e626fbe6cbcc59f6.png,https://cuescore.com/img/flags/png-country-4x2-none/res-640x480/no.png,397.92,397.92,2019-09-16,obk,False,anchored,,,,8,2,6,42,2,8,2,6,0,0,0,0,0,0,-0.096596,8,1.566153,0.0,8,1.566153,2,6,,0,0.0,0,0,,0,0.0,0,0,8-Ball,0.0
8340868,Enrique (El Zagal) Ruzafa,https://img.cuescore.com/image/8/4/862c792ba8eb7f97e626fbe6cbcc59f6.png,https://cuescore.com/img/flags/png-country-4x2-none/res-640x480/no.png,397.89,397.91,2020-10-07,obk,False,anchored,,,,14,3,11,36,2,14,3,11,0,0,0,0,0,0,-0.037569,14,3.500961,,0,0.0,0,0,0.0,14,3.500961,3,11,,0,0.0,0,0,9-Ball,0.0
1006523,Tommy Myhre,https://img.cuescore.com/image/5/4/5c5b187ef5b7949a899232957b981489.png?t=1707428602,https://cuescore.com/img/flags/png-country-4x2-none/res-640x480/no.png,397.87,397.81,2022-02-26,obk,False,anchored,3.0,2019-08-30T14:00:00Z,5976158,11,1,10,39,2,11,1,10,0,0,0,0,0,0,-0.037878,11,3.790534,,0,0.0,0,0,0.0,11,3.790534,1,10,,0,0.0,0,0,9-Ball,0.0
8112358,Marcus Andre Trondsen,https://img.cuescore.com/image/d/4/d228d351e8223ea083bf531cc4042fb7.png?t=1599492841,https://cuescore.com/img/flags/png-country-4x2-none/res-640x480/no.png,397.79,397.8,2020-09-07,obk,False,anchored,,,,12,4,8,38,2,12,4,8,0,0,0,0,0,0,-0.049334,12,2.944451,,0,0.0,0,0,,0,0.0,0,0,0.0,12,2.944451,4,8,10-Ball,0.0
1006166,Bjørn Johan Lorange,https://img.cuescore.com/image/8/4/862c792ba8eb7f97e626fbe6cbcc59f6.png,https://cuescore.com/img/flags/png-country-4x2-none/res-640x480/no.png,397.69,397.68,2024-04-13,obk,False,anchored,,,,5,2,3,45,2,5,2,3,0,0,0,0,0,0,-0.06395,5,2.816867,,0,0.0,0,0,0.0,5,2.816867,2,3,,0,0.0,0,0,9-Ball,0.0
26005630,Cathrine Fjermerås,https://img.cuescore.com/image/5/4/5aa6aa48f7d5ffe854d5266ac08db7ef.png,https://cuescore.com/img/flags/png-country-4x2-none/res-640x480/no.png,397.67,397.67,2023-06-19,obk,False,anchored,110.0,2023-06-19T16:00:00Z,29031835,6,2,4,44,2,6,2,4,0,0,0,0,0,0,-0.066441,6,2.664844,0.0,6,2.664844,2,4,,0,0.0,0,0,,0,0.0,0,0,8-Ball,0.0
2890757,Maria,https://img.cuescore.com/image/5/4/5aa6aa48f7d5ffe854d5266ac08db7ef.png,https://cuescore.com/img/flags/png-country-4x2-none/res-640x480/no.png,397.6,397.61,2018-10-08,obk,False,anchored,,,,15,6,9,35,2,15,6,9,0,0,0,0,0,0,-0.063254,15,2.295002,-0.170844,5,0.767261,1,4,0.085801,10,1.527741,5,5,,0,0.0,0,0,9-Ball,0.085801
1756915,Jo Erlend Schinstad,https://img.cuescore.com/image/8/4/862c792ba8eb7f97e626fbe6cbcc59f6.png,https://cuescore.com/img/flags/png-country-4x2-none/res-640x480/no.png,397.48,397.48,2018-09-10,obk,False,anchored,,,,5,1,4,45,2,5,1,4,0,0,0,0,0,0,-0.253564,5,0.774086,0.0,5,0.774086,1,4,,0,0.0,0,0,,0,0.0,0,0,8-Ball,0.0
1429235,Martin Andersson,https://img.cuescore.com/image/8/4/862c792ba8eb7f97e626fbe6cbcc59f6.png,https://cuescore.com/img/flags/png-country-4x2-none/res-640x480/se.png,397.47,397.47,2018-10-22,obk,False,anchored,,,,6,1,5,44,2,6,1,5,0,0,0,0,0,0,-0.201999,6,0.953914,0.0,6,0.953914,1,5,,0,0.0,0,0,,0,0.0,0,0,8-Ball,0.0
11381914,Håvard Dyvesveen,https://img.cuescore.com/image/8/4/862c792ba8eb7f97e626fbe6cbcc59f6.png,https://cuescore.com/img/flags/png-country-4x2-none/res-640x480/no.png,397.45,397.47,2025-01-06,obk,False,anchored,175.0,2025-01-06T17:00:00Z,53310313,15,5,10,35,2,15,5,10,0,0,0,0,0,0,-0.031305,15,4.930051,,0,0.0,0,0,0.0,15,4.930051,5,10,,0,0.0,0,0,9-Ball,0.0
2251357,Abdullah Demir,https://img.cuescore.com/image/8/4/862c792ba8eb7f97e626fbe6cbcc59f6.png,,397.4,397.4,2018-03-19,obk,False,anchored,,,,5,1,4,45,2,5,1,4,0,0,0,0,0,0,-0.292518,5,0.692983,0.0,5,0.692983,1,4,,0,0.0,0,0,,0,0.0,0,0,8-Ball,0.0
6914065,Bokai Wen,https://img.cuescore.com/image/8/4/862c792ba8eb7f97e626fbe6cbcc59f6.png,https://cuescore.com/img/flags/png-country-4x2-none/res-640x480/no.png,397.36,397.36,2019-12-09,obk,False,anchored,,,,5,1,4,45,2,5,1,4,0,0,0,0,0,0,-0.199361,5,1.032293,0.0,5,1.032293,1,4,,0,0.0,0,0,,0,0.0,0,0,8-Ball,0.0
42294208,Øyvind OL,https://img.cuescore.com/image/8/4/862c792ba8eb7f97e626fbe6cbcc59f6.png,https://cuescore.com/img/flags/png-country-4x2-none/res-640x480/no.png,397.35,397.35,2024-04-27,obk,False,anchored,,,,1,0,1,49,2,1,0,1,0,0,0,0,0,0,-0.396306,1,0.56837,0.0,1,0.56837,0,1,,0,0.0,0,0,,0,0.0,0,0,8-Ball,0.0
3543771,Jonas Laskemoen,https://img.cuescore.com/image/8/4/862c792ba8eb7f97e626fbe6cbcc59f6.png,https://cuescore.com/img/flags/png-country-4x2-none/res-640x480/no.png,397.32,397.32,2018-12-17,obk,False,anchored,,,,5,1,4,45,2,5,1,4,0,0,0,0,0,0,-0.253293,5,0.823615,0.0,5,0.823615,1,4,,0,0.0,0,0,,0,0.0,0,0,8-Ball,0.0
1423374,Geir André Nilsen,https://img.cuescore.com/image/a/4/acb00369802aee8a1bf1d0b23f22f112.png?t=1554112361,https://cuescore.com/img/flags/png-country-4x2-none/res-640x480/no.png,397.29,397.31,2021-09-08,obk,False,anchored,61.0,2021-09-08T16:00:00Z,9259829,16,5,11,34,2,16,5,11,0,0,0,0,0,0,-0.059243,16,2.6901,-0.225277,5,0.812746,0,5,,0,0.0,0,0,0.097527,11,1.877354,5,6,10-Ball,0.097527
40875667,Terje Larsen Larsen,https://img.cuescore.com/image/8/4/862c792ba8eb7f97e626fbe6cbcc59f6.png,https://cuescore.com/img/flags/png-country-4x2-none/res-640x480/no.png,397.29,397.29,2024-03-16,obk,False,anchored,,,,1,0,1,49,2,1,0,1,0,0,0,0,0,0,-0.415021,1,0.553526,,0,0.0,0,0,0.0,1,0.553526,0,1,,0,0.0,0,0,9-Ball,0.0
1006228,Espen M. Andersen,https://img.cuescore.com/image/7/4/7b077f3e3fb166e1912735cbc25237ee.png?t=1484669440,https://cuescore.com/img/flags/png-country-4x2-none/res-640x480/no.png,397.25,397.24,2021-09-01,obk,False,anchored,110.0,2021-09-01T16:00:00Z,9203046,10,1,9,40,2,10,1,9,0,0,0,0,0,0,-0.098485,10,1.936955,,0,0.0,0,0,,0,0.0,0,0,0.0,10,1.936955,1,9,10-Ball,0.0
34217209,Kenneth Eknes,https://img.cuescore.com/image/8/4/862c792ba8eb7f97e626fbe6cbcc59f6.png,https://cuescore.com/img/flags/png-country-4x2-none/res-640x480/no.png,397.13,397.14,2023-10-23,obk,False,anchored,,,,7,3,4,43,2,7,3,4,0,0,0,0,0,0,-0.060464,7,3.534996,,0,0.0,0,0,0.0,7,3.534996,3,4,,0,0.0,0,0,9-Ball,0.0
2525464,Oc Hansen,https://img.cuescore.com/image/8/4/862c792ba8eb7f97e626fbe6cbcc59f6.png,https://cuescore.com/img/flags/png-country-4x2-none/res-640x480/no.png,397.09,397.09,2018-05-07,obk,False,anchored,,,,14,5,9,36,2,14,5,9,0,0,0,0,0,0,-0.090808,14,2.001387,0.0,14,2.001387,5,9,,0,0.0,0,0,,0,0.0,0,0,8-Ball,0.0
6461422,Fredrik,https://img.cuescore.com/image/8/4/862c792ba8eb7f97e626fbe6cbcc59f6.png,https://cuescore.com/img/flags/png-country-4x2-none/res-640x480/no.png,397.05,397.05,2019-09-16,obk,False,anchored,,,,7,2,5,43,2,7,2,5,0,0,0,0,0,0,-0.160255,7,1.370384,0.0,7,1.370384,2,5,,0,0.0,0,0,,0,0.0,0,0,8-Ball,0.0
2110679,Eskil Skogen,https://img.cuescore.com/image/8/4/862c792ba8eb7f97e626fbe6cbcc59f6.png,https://cuescore.com/img/flags/png-country-4x2-none/res-640x480/no.png,396.93,396.93,2018-03-05,obk,False,anchored,,,,8,2,6,42,2,8,2,6,0,0,0,0,0,0,-0.203033,8,1.098997,0.0,8,1.098997,2,6,,0,0.0,0,0,,0,0.0,0,0,8-Ball,0.0
2194859,Eivind Yoo Yong Jae Johansen,https://img.cuescore.com/image/c/4/ce38f18080a2824195c0dda72107626a.png?t=1789163047,https://cuescore.com/img/flags/png-country-4x2-none/res-640x480/kr.png,396.91,398.87,2026-10-07,obk,True,anchored,175.0,2026-10-07T16:00:00Z,90543088,1213,451,762,0,2,1213,451,762,0,0,0,0,0,0,3e-06,1213,853.228439,-0.040778,150,73.686385,52,98,0.003338,865,646.332554,326,539,0.006361,198,133.2095,73,125,10-Ball,0.006361
49839568,Navid Elyasi,https://img.cuescore.com/image/1/4/185f29f75f427c3eeca9c35e1be91c32.png?t=1732056330,https://cuescore.com/img/flags/png-country-4x2-none/res-640x480/no.png,396.9,396.89,2025-02-17,obk,False,anchored,,,,17,5,12,33,2,17,5,12,0,0,0,0,0,0,-0.015851,17,11.193072,,0,0.0,0,0,0.0,17,11.193072,5,12,,0,0.0,0,0,9-Ball,0.0
2684409,Roland,https://img.cuescore.com/image/8/4/862c792ba8eb7f97e626fbe6cbcc59f6.png,https://cuescore.com/img/flags/png-country-4x2-none/res-640x480/no.png,396.87,396.88,2018-06-16,obk,False,anchored,,,,5,1,4,45,2,5,1,4,0,0,0,0,0,0,-0.332481,5,0.73304,,0,0.0,0,0,0.0,5,0.73304,1,4,,0,0.0,0,0,9-Ball,0.0
1043841,Elisabeth Synnøve Roaas,https://img.cuescore.com/image/5/4/5aa6aa48f7d5ffe854d5266ac08db7ef.png,https://cuescore.com/img/flags/png-country-4x2-none/res-640x480/no.png,396.86,396.87,2017-10-09,obk,False,anchored,,,,27,9,18,23,2,27,9,18,0,0,0,0,0,0,-0.040867,27,3.056743,0.0,27,3.056743,9,18,,0,0.0,0,0,,0,0.0,0,0,8-Ball,0.0
42280069,Geir M Nilsen,https://img.cuescore.com/image/8/4/862c792ba8eb7f97e626fbe6cbcc59f6.png,https://cuescore.com/img/flags/png-country-4x2-none/res-640x480/no.png,396.85,396.85,2024-04-27,obk,False,anchored,,,,1,0,1,49,2,1,0,1,0,0,0,0,0,0,-0.469833,1,0.56837,0.0,1,0.56837,0,1,,0,0.0,0,0,,0,0.0,0,0,8-Ball,0.0
20969761,Ahmed Allawi,https://img.cuescore.com/image/8/4/862c792ba8eb7f97e626fbe6cbcc59f6.png,https://cuescore.com/img/flags/png-country-4x2-none/res-640x480/no.png,396.79,396.79,2024-03-16,obk,False,anchored,,,,1,0,1,49,2,1,0,1,0,0,0,0,0,0,-0.491908,1,0.553526,,0,0.0,0,0,0.0,1,0.553526,0,1,,0,0.0,0,0,9-Ball,0.0
42294352,Thomas Riis,https://img.cuescore.com/image/8/4/862c792ba8eb7f97e626fbe6cbcc59f6.png,https://cuescore.com/img/flags/png-country-4x2-none/res-640x480/no.png,396.74,396.73,2024-04-27,obk,False,anchored,,,,1,0,1,49,2,1,0,1,0,0,0,0,0,0,-0.487422,1,0.56837,0.0,1,0.56837,0,1,,0,0.0,0,0,,0,0.0,0,0,8-Ball,0.0
42294337,Øyvind Håheim,https://img.cuescore.com/image/8/4/862c792ba8eb7f97e626fbe6cbcc59f6.png,https://cuescore.com/img/flags/png-country-4x2-none/res-640x480/no.png,396.73,396.73,2024-04-27,obk,False,anchored,,,,1,0,1,49,2,1,0,1,0,0,0,0,0,0,-0.488288,1,0.56837,0.0,1,0.56837,0,1,,0,0.0,0,0,,0,0.0,0,0,8-Ball,0.0
42294325,Knut Gunnar Andersen,https://img.cuescore.com/image/8/4/862c792ba8eb7f97e626fbe6cbcc59f6.png,https://cuescore.com/img/flags/png-country-4x2-none/res-640x480/no.png,396.7,396.69,2024-04-27,obk,False,anchored,,,,1,0,1,49,2,1,0,1,0,0,0,0,0,0,-0.493208,1,0.56837,0.0,1,0.56837,0,1,,0,0.0,0,0,,0,0.0,0,0,8-Ball,0.0
42294334,Jon Olav Birkeland,https://img.cuescore.com/image/8/4/862c792ba8eb7f97e626fbe6cbcc59f6.png,https://cuescore.com/img/flags/png-country-4x2-none/res-640x480/no.png,396.69,396.69,2024-04-27,obk,False,anchored,,,,1,0,1,49,2,1,0,1,0,0,0,0,0,0,-0.494247,1,0.56837,0.0,1,0.56837,0,1,,0,0.0,0,0,,0,0.0,0,0,8-Ball,0.0
42294331,Stig Korshavn,https://img.cuescore.com/image/8/4/862c792ba8eb7f97e626fbe6cbcc59f6.png,https://cuescore.com/img/flags/png-country-4x2-none/res-640x480/no.png,396.69,396.69,2024-04-27,obk,False,anchored,,,,1,0,1,49,2,1,0,1,0,0,0,0,0,0,-0.494057,1,0.56837,0.0,1,0.56837,0,1,,0,0.0,0,0,,0,0.0,0,0,8-Ball,0.0
42294322,Geir Langeland,https://img.cuescore.com/image/8/4/862c792ba8eb7f97e626fbe6cbcc59f6.png,https://cuescore.com/img/flags/png-country-4x2-none/res-640x480/no.png,396.69,396.69,2024-04-27,obk,False,anchored,,,,1,0,1,49,2,1,0,1,0,0,0,0,0,0,-0.494264,1,0.56837,0.0,1,0.56837,0,1,,0,0.0,0,0,,0,0.0,0,0,8-Ball,0.0
2923221,Kristina Westad,https://img.cuescore.com/image/5/4/5aa6aa48f7d5ffe854d5266ac08db7ef.png,https://cuescore.com/img/flags/png-country-4x2-none/res-640x480/no.png,396.68,396.68,2018-08-27,obk,False,anchored,,,,4,0,4,46,2,4,0,4,0,0,0,0,0,0,-0.430957,4,0.613808,0.0,4,0.613808,0,4,,0,0.0,0,0,,0,0.0,0,0,8-Ball,0.0
5689902,Roger Andresen,https://img.cuescore.com/image/8/4/862c792ba8eb7f97e626fbe6cbcc59f6.png,https://cuescore.com/img/flags/png-country-4x2-none/res-640x480/no.png,396.59,396.71,2026-04-03,obk,False,anchored,3.0,2026-04-03T13:00:00Z,79209838,110,42,68,0,2,110,42,68,0,0,0,0,0,0,8e-06,110,82.809835,,0,0.0,0,0,0.01565,100,74.90165,40,60,-0.148224,10,7.908185,2,8,9-Ball,0.01565
6909381,Thomas Erdmann,https://img.cuescore.com/image/8/4/862c792ba8eb7f97e626fbe6cbcc59f6.png,https://cuescore.com/img/flags/png-country-4x2-none/res-640x480/no.png,396.56,396.56,2019-11-25,obk,False,anchored,,,,5,1,4,45,2,5,1,4,0,0,0,0,0,0,-0.261708,5,1.023191,0.0,5,1.023191,1,4,,0,0.0,0,0,,0,0.0,0,0,8-Ball,0.0
7401491,Morten Bjellås,https://img.cuescore.com/image/8/4/862c792ba8eb7f97e626fbe6cbcc59f6.png,https://cuescore.com/img/flags/png-country-4x2-none/res-640x480/no.png,396.48,396.5,2021-08-04,obk,False,anchored,45.0,2021-08-04T16:00:00Z,9073490,20,7,13,30,2,20,7,13,0,0,0,0,0,0,-0.039466,20,4.635971,,0,0.0,0,0,0.0,20,4.635971,7,13,,0,0.0,0,0,9-Ball,0.0
2923222,Ronja Omar,https://img.cuescore.com/image/5/4/5aa6aa48f7d5ffe854d5266ac08db7ef.png,https://cuescore.com/img/flags/png-country-4x2-none/res-640x480/no.png,396.42,396.42,2018-08-27,obk,False,anchored,,,,4,0,4,46,2,4,0,4,0,0,0,0,0,0,-0.463985,4,0.613808,0.0,4,0.613808,0,4,,0,0.0,0,0,,0,0.0,0,0,8-Ball,0.0
21092905,Adam Tumidajewicz,https://img.cuescore.com/image/b/4/bd7267db3aa78c3d0256b04a72cc4eab.png?t=1673861077,https://cuescore.com/img/flags/png-country-4x2-none/res-640x480/no.png,396.39,396.39,2025-01-13,obk,False,anchored,129.0,2025-01-13T17:00:00Z,53310325,7,2,5,43,2,7,2,5,0,0,0,0,0,0,-0.086516,7,3.108984,0.0,7,3.108984,2,5,,0,0.0,0,0,,0,0.0,0,0,8-Ball,0.0
7224647,Gustav Lennartsson,https://img.cuescore.com/image/8/4/862c792ba8eb7f97e626fbe6cbcc59f6.png,https://cuescore.com/img/flags/png-country-4x2-none/res-640x480/no.png,396.37,396.37,2020-01-27,obk,False,anchored,,,,8,2,6,42,2,8,2,6,0,0,0,0,0,0,-0.155007,8,1.703668,,0,0.0,0,0,0.0,8,1.703668,2,6,,0,0.0,0,0,9-Ball,0.0
18474781,Darijus Seresevskij,https://img.cuescore.com/image/f/4/f28bf5aa13afddda08ad88cf8b56460f.png?t=1673358198,https://cuescore.com/img/flags/png-country-4x2-none/res-640x480/lt.png,396.33,396.51,2025-07-28,obk,False,anchored,425.0,2025-07-28T16:00:00Z,64053550,11,3,8,39,2,11,3,8,0,0,0,0,0,0,-0.029646,11,8.348532,,0,0.0,0,0,0.0,11,8.348532,3,8,,0,0.0,0,0,9-Ball,0.0
7173754,Thomas erdmann,https://img.cuescore.com/image/8/4/862c792ba8eb7f97e626fbe6cbcc59f6.png,https://cuescore.com/img/flags/png-country-4x2-none/res-640x480/no.png,396.21,396.21,2020-03-02,obk,False,anchored,,,,5,1,4,45,2,5,1,4,0,0,0,0,0,0,-0.271318,5,1.08863,0.0,5,1.08863,1,4,,0,0.0,0,0,,0,0.0,0,0,8-Ball,0.0
2620562,Adil,https://img.cuescore.com/image/8/4/862c792ba8eb7f97e626fbe6cbcc59f6.png,https://cuescore.com/img/flags/png-country-4x2-none/res-640x480/no.png,396.2,396.25,2019-01-28,obk,False,anchored,12.0,2018-05-26T12:01:00Z,2619365,40,16,24,10,2,40,16,24,0,0,0,0,0,0,-0.010478,40,6.339534,0.076855,34,5.324585,16,18,-0.403196,6,1.014949,0,6,,0,0.0,0,0,8-Ball,0.076855
7224649,Kenneth,https://img.cuescore.com/image/8/4/862c792ba8eb7f97e626fbe6cbcc59f6.png,https://cuescore.com/img/flags/png-country-4x2-none/res-640x480/no.png,396.19,396.2,2020-01-27,obk,False,anchored,,,,8,2,6,42,2,8,2,6,0,0,0,0,0,0,-0.162385,8,1.703668,,0,0.0,0,0,0.0,8,1.703668,2,6,,0,0.0,0,0,9-Ball,0.0
6475205,Yorkey Ronald,https://img.cuescore.com/image/8/4/862c792ba8eb7f97e626fbe6cbcc59f6.png,https://cuescore.com/img/flags/png-country-4x2-none/res-640x480/ng.png,396.14,396.2,2019-11-18,obk,False,anchored,45.0,2019-09-18T16:05:00Z,6467397,34,11,23,16,2,34,11,23,0,0,0,0,0,0,-0.015496,34,6.858882,0.079901,20,4.056678,8,12,-0.115671,14,2.802204,3,11,,0,0.0,0,0,8-Ball,0.079901
2625188,Christian Garmann Schjelderup,https://img.cuescore.com/image/8/4/862c792ba8eb7f97e626fbe6cbcc59f6.png,https://cuescore.com/img/flags/png-country-4x2-none/res-640x480/no.png,396.06,396.21,2018-10-01,obk,False,anchored,28.0,2018-08-22T16:15:00Z,2891870,137,61,76,0,2,137,61,76,0,0,0,0,0,0,1.4e-05,137,20.916957,-0.102938,22,3.264595,8,14,0.019037,115,17.652363,53,62,,0,0.0,0,0,9-Ball,0.019037
2267856,Jimmy Andersson,https://img.cuescore.com/image/8/4/862c792ba8eb7f97e626fbe6cbcc59f6.png,https://cuescore.com/img/flags/png-country-4x2-none/res-640x480/se.png,395.93,396.06,2018-03-26,obk,False,anchored,,,,54,21,33,0,2,54,21,33,0,0,0,0,0,0,-1.2e-05,54,7.517235,,0,0.0,0,0,0.0,54,7.517235,21,33,,0,0.0,0,0,9-Ball,0.0
1566815,Daniel Rødskog,https://img.cuescore.com/image/6/4/6d047cddcd99fc32a0369b4b314082bc.png?t=1508785789,https://cuescore.com/img/flags/png-country-4x2-none/res-640x480/no.png,395.9,395.9,2017-11-13,obk,False,anchored,,,,7,1,6,43,2,7,1,6,0,0,0,0,0,0,-0.340768,7,0.895849,0.0,7,0.895849,1,6,,0,0.0,0,0,,0,0.0,0,0,8-Ball,0.0
5527972,Amir Albania,https://img.cuescore.com/image/4/4/4b4c66cae7fdf4062230c229b4ab54b0.png?t=1560182561,,395.9,395.9,2019-06-10,obk,False,anchored,,,,4,0,4,46,2,4,0,4,0,0,0,0,0,0,-0.444269,4,0.736005,0.0,4,0.736005,0,4,,0,0.0,0,0,,0,0.0,0,0,8-Ball,0.0
24452485,Mahran Alhadad,https://img.cuescore.com/image/8/4/8b1c3a78232e969ba00d99e1522b235c.png?t=1737627850,https://cuescore.com/img/flags/png-country-4x2-none/res-640x480/no.png,395.87,395.82,2025-02-24,obk,False,anchored,216.0,2025-02-24T17:00:00Z,54821110,31,9,22,19,2,31,9,22,0,0,0,0,0,0,-0.008323,31,16.308112,0.134634,19,9.997742,9,10,,0,0.0,0,0,-0.213305,12,6.31037,0,12,8-Ball,0.134634
83739619,Aalok Jain,https://img.cuescore.com/image/5/4/587347b28f346cf005356cc043616bd5.png?t=1781541231,https://cuescore.com/img/flags/png-country-4x2-none/res-640x480/in.png,395.81,395.89,2026-06-17,obk,False,anchored,776.0,2026-06-15T16:00:00Z,83685481,22,6,16,28,2,22,6,16,0,0,0,0,0,0,-0.009906,22,20.486987,,0,0.0,0,0,0.0,22,20.486987,6,16,,0,0.0,0,0,9-Ball,0.0
86091817,André Henriksen,https://img.cuescore.com/image/8/4/862c792ba8eb7f97e626fbe6cbcc59f6.png,https://cuescore.com/img/flags/png-country-4x2-none/res-640x480/no.png,395.8,395.83,2026-08-10,obk,False,anchored,167.0,2026-08-10T16:00:00Z,86164780,10,2,8,40,2,10,2,8,0,0,0,0,0,0,-0.030188,10,9.639747,,0,0.0,0,0,,0,0.0,0,0,0.0,10,9.639747,2,8,10-Ball,0.0
8362036,Anita,https://img.cuescore.com/image/5/4/5aa6aa48f7d5ffe854d5266ac08db7ef.png,https://cuescore.com/img/flags/png-country-4x2-none/res-640x480/no.png,395.79,395.79,2020-10-12,obk,False,anchored,,,,5,1,4,45,2,5,1,4,0,0,0,0,0,0,-0.261665,5,1.254321,0.0,5,1.254321,1,4,,0,0.0,0,0,,0,0.0,0,0,8-Ball,0.0
19663813,Aneta Bananarama,https://img.cuescore.com/image/5/4/5aa6aa48f7d5ffe854d5266ac08db7ef.png,https://cuescore.com/img/flags/png-country-4x2-none/res-640x480/no.png,395.7,395.71,2022-10-22,obk,False,anchored,,,,11,4,7,39,2,11,4,7,0,0,0,0,0,0,-0.066002,11,4.406134,,0,0.0,0,0,0.0,11,4.406134,4,7,,0,0.0,0,0,9-Ball,0.0
6219637,Henning Olsen,https://img.cuescore.com/image/8/4/862c792ba8eb7f97e626fbe6cbcc59f6.png,https://cuescore.com/img/flags/png-country-4x2-none/res-640x480/no.png,395.68,395.68,2019-09-16,obk,False,anchored,,,,6,1,5,44,2,6,1,5,0,0,0,0,0,0,-0.280513,6,1.174615,0.0,6,1.174615,1,5,,0,0.0,0,0,,0,0.0,0,0,8-Ball,0.0
6347824,Simen,https://img.cuescore.com/image/8/4/862c792ba8eb7f97e626fbe6cbcc59f6.png,https://cuescore.com/img/flags/png-country-4x2-none/res-640x480/no.png,395.62,395.62,2019-09-09,obk,False,anchored,,,,4,0,4,46,2,4,0,4,0,0,0,0,0,0,-0.447648,4,0.779617,,0,0.0,0,0,0.0,4,0.779617,0,4,,0,0.0,0,0,9-Ball,0.0
8125349,Simen Haugland,https://img.cuescore.com/image/8/4/862c792ba8eb7f97e626fbe6cbcc59f6.png,https://cuescore.com/img/flags/png-country-4x2-none/res-640x480/no.png,395.5,395.51,2020-08-31,obk,False,anchored,,,,8,2,6,42,2,8,2,6,0,0,0,0,0,0,-0.167316,8,1.954294,,0,0.0,0,0,0.0,8,1.954294,2,6,,0,0.0,0,0,9-Ball,0.0
9014911,Erik Forsberg,https://img.cuescore.com/image/8/4/862c792ba8eb7f97e626fbe6cbcc59f6.png,https://cuescore.com/img/flags/png-country-4x2-none/res-640x480/se.png,395.39,395.44,2021-07-12,obk,False,anchored,,,,22,6,16,28,2,22,6,16,0,0,0,0,0,0,-0.034036,22,6.559395,0.0,22,6.559395,6,16,,0,0.0,0,0,,0,0.0,0,0,8-Ball,0.0
38467387,Misha Novikov,https://img.cuescore.com/image/5/4/50488de4431981e4fa058240ed778845.png?t=1753913971,https://cuescore.com/img/flags/png-country-4x2-none/res-640x480/ua.png,395.39,395.39,2026-03-21,obk,False,anchored,,,,2,0,2,48,2,2,0,2,0,0,0,0,0,0,-0.217271,2,1.762363,,0,0.0,0,0,0.0,2,1.762363,0,2,,0,0.0,0,0,9-Ball,0.0
8362041,Monika,https://img.cuescore.com/image/8/4/862c792ba8eb7f97e626fbe6cbcc59f6.png,https://cuescore.com/img/flags/png-country-4x2-none/res-640x480/no.png,395.37,395.37,2020-10-12,obk,False,anchored,,,,5,1,4,45,2,5,1,4,0,0,0,0,0,0,-0.287547,5,1.254321,0.0,5,1.254321,1,4,,0,0.0,0,0,,0,0.0,0,0,8-Ball,0.0
7086107,Ajsa Comor,https://img.cuescore.com/image/5/4/5aa6aa48f7d5ffe854d5266ac08db7ef.png,https://cuescore.com/img/flags/png-country-4x2-none/res-640x480/ba.png,395.24,395.24,2022-12-30,obk,False,anchored,,,,2,0,2,48,2,2,0,2,0,0,0,0,0,0,-0.472469,2,0.837023,,0,0.0,0,0,0.0,2,0.837023,0,2,,0,0.0,0,0,9-Ball,0.0
6863665,Vladimir Petsch,https://img.cuescore.com/image/8/4/862c792ba8eb7f97e626fbe6cbcc59f6.png,https://cuescore.com/img/flags/png-country-4x2-none/res-640x480/no.png,395.2,395.2,2019-11-18,obk,False,anchored,,,,4,0,4,46,2,4,0,4,0,0,0,0,0,0,-0.469141,4,0.814936,,0,0.0,0,0,0.0,4,0.814936,0,4,,0,0.0,0,0,9-Ball,0.0
1043840,Elisabeth Synnøve Roaas,https://img.cuescore.com/image/5/4/5aa6aa48f7d5ffe854d5266ac08db7ef.png,https://cuescore.com/img/flags/png-country-4x2-none/res-640x480/no.png,395.14,395.15,2017-11-13,obk,False,anchored,,,,21,7,14,29,2,21,7,14,0,0,0,0,0,0,-0.091508,21,2.665548,0.0,21,2.665548,7,14,,0,0.0,0,0,,0,0.0,0,0,8-Ball,0.0
1714802,Darius Žilinskas,https://img.cuescore.com/image/d/4/d301f2555271bafaa1afaa7fe61bc921.png?t=1506354709,,395.08,395.09,2018-04-09,obk,False,anchored,,,,26,10,16,24,2,26,10,16,0,0,0,0,0,0,-0.061021,26,3.352577,-0.04078,23,2.931237,8,15,0.283704,3,0.421339,2,1,,0,0.0,0,0,9-Ball,0.283704
77931454,Knut Røte,https://img.cuescore.com/image/8/4/862c792ba8eb7f97e626fbe6cbcc59f6.png,https://cuescore.com/img/flags/png-country-4x2-none/res-640x480/no.png,395.05,395.13,2026-03-06,obk,False,anchored,,,,13,5,8,37,2,13,5,8,0,0,0,0,0,0,-0.027997,13,11.347149,,0,0.0,0,0,0.0,13,11.347149,5,8,,0,0.0,0,0,9-Ball,0.0
7163741,Staffan,https://img.cuescore.com/image/8/4/862c792ba8eb7f97e626fbe6cbcc59f6.png,https://cuescore.com/img/flags/png-country-4x2-none/res-640x480/no.png,395.02,395.02,2020-01-20,obk,False,anchored,,,,4,0,4,46,2,4,0,4,0,0,0,0,0,0,-0.467578,4,0.84807,0.0,4,0.84807,0,4,,0,0.0,0,0,,0,0.0,0,0,8-Ball,0.0
7906080,Alessandro Luca,https://img.cuescore.com/image/d/4/d10cd1e2e6ca3b495d3832fba211a5d6.png?t=1601821820,https://cuescore.com/img/flags/png-country-4x2-none/res-640x480/it.png,395.0,395.19,2026-03-23,obk,False,anchored,197.0,2026-03-23T17:00:00Z,76464466,139,59,80,0,2,139,59,80,0,0,0,0,0,0,-2e-06,139,99.548501,0.091497,53,43.640585,28,25,-0.02393,73,46.722761,31,42,-0.312995,13,9.185156,0,13,8-Ball,0.091497
3428057,Kenneth Eknes,https://img.cuescore.com/image/8/4/862c792ba8eb7f97e626fbe6cbcc59f6.png,https://cuescore.com/img/flags/png-country-4x2-none/res-640x480/no.png,394.95,394.95,2020-02-17,obk,False,anchored,,,,4,0,4,46,2,4,0,4,0,0,0,0,0,0,-0.466154,4,0.863225,0.0,4,0.863225,0,4,,0,0.0,0,0,,0,0.0,0,0,8-Ball,0.0
3253188,Tor Einar Johansen,https://img.cuescore.com/image/9/4/921fcc142992a12fdeb37558b8a20add.png?t=1550137651,https://cuescore.com/img/flags/png-country-4x2-none/res-640x480/no.png,394.91,394.95,2022-03-30,obk,False,anchored,38.0,2022-03-30T16:00:00Z,14507158,25,9,16,25,2,25,9,16,0,0,0,0,0,0,-0.025209,25,8.731445,-0.275816,7,2.437018,1,6,0.106788,18,6.294428,8,10,,0,0.0,0,0,9-Ball,0.106788
6636579,Naser Bajrami,https://img.cuescore.com/image/8/4/862c792ba8eb7f97e626fbe6cbcc59f6.png,https://cuescore.com/img/flags/png-country-4x2-none/res-640x480/no.png,394.81,394.82,2019-10-14,obk,False,anchored,,,,7,1,6,43,2,7,1,6,0,0,0,0,0,0,-0.276895,7,1.394873,0.0,7,1.394873,1,6,,0,0.0,0,0,,0,0.0,0,0,8-Ball,0.0
18356173,Ulrika Eriksson,https://img.cuescore.com/image/5/4/53f5e1058df95c19de2b9719808da351.png?t=1663787545,https://cuescore.com/img/flags/png-country-4x2-none/res-640x480/se.png,394.57,394.59,2023-01-09,obk,False,anchored,133.0,2023-01-09T17:00:00Z,21241765,10,4,6,40,2,10,4,6,0,0,0,0,0,0,-0.093851,10,4.005576,,0,0.0,0,0,0.0,10,4.005576,4,6,,0,0.0,0,0,9-Ball,0.0
16017055,Gitte Kristiansen,https://img.cuescore.com/image/d/4/d8a0a0044ecf1887a56da738f595e4d8.png?t=1653649590,https://cuescore.com/img/flags/png-country-4x2-none/res-640x480/no.png,394.55,394.54,2022-05-28,obk,False,anchored,,,,5,1,4,45,2,5,1,4,0,0,0,0,0,0,-0.232908,5,1.825088,0.0,5,1.825088,1,4,,0,0.0,0,0,,0,0.0,0,0,8-Ball,0.0
1286188,Billy Thorpe,https://img.cuescore.com/image/c/4/cb672f0c938a7b928faef35a363ee344.png?t=1555596352,https://cuescore.com/img/flags/png-country-4x2-none/res-640x480/us.png,394.44,394.42,2020-01-24,obk,False,anchored,,,,15,4,11,35,2,15,4,11,0,0,0,0,0,0,-0.105732,15,3.18747,,0,0.0,0,0,,0,0.0,0,0,0.0,15,3.18747,4,11,10-Ball,0.0
60020002,Yousef Hjelde Elmofty,https://img.cuescore.com/image/8/4/862c792ba8eb7f97e626fbe6cbcc59f6.png,https://cuescore.com/img/flags/png-country-4x2-none/res-640x480/no.png,394.43,394.48,2025-05-05,obk,False,anchored,175.0,2025-05-05T16:00:00Z,59906125,23,11,12,27,2,23,11,12,0,0,0,0,0,0,-0.015703,23,16.552663,,0,0.0,0,0,0.0,23,16.552663,11,12,,0,0.0,0,0,9-Ball,0.0
33749638,Noah Justin Pano Gangfløt,https://img.cuescore.com/image/7/4/7244d9d7079ea22950f2c856257d882d.png?t=1717768685,https://cuescore.com/img/flags/png-country-4x2-none/res-640x480/no.png,394.4,394.44,2024-12-28,obk,False,anchored,5.0,2024-12-27T11:00:00Z,52314610,8,2,6,42,2,8,2,6,0,0,0,0,0,0,-0.076677,8,5.309283,,0,0.0,0,0,0.0,8,5.309283,2,6,,0,0.0,0,0,9-Ball,0.0
10440895,Pål Erik Omnes,https://img.cuescore.com/image/f/4/fb6ba13c087d42188d978dd37266c13b.png?t=1771236437,https://cuescore.com/img/flags/png-country-4x2-none/res-640x480/no.png,394.11,394.11,2023-10-15,obk,False,anchored,,,,2,0,2,48,2,2,0,2,0,0,0,0,0,0,-0.487059,2,1.00498,,0,0.0,0,0,0.0,2,1.00498,0,2,,0,0.0,0,0,9-Ball,0.0
1435682,Ane Carlsen,https://img.cuescore.com/image/5/4/5aa6aa48f7d5ffe854d5266ac08db7ef.png,https://cuescore.com/img/flags/png-country-4x2-none/res-640x480/no.png,393.88,393.88,2017-09-25,obk,False,anchored,,,,8,0,8,42,2,8,0,8,0,0,0,0,0,0,-0.448497,8,0.992552,0.0,8,0.992552,0,8,,0,0.0,0,0,,0,0.0,0,0,8-Ball,0.0
79780879,Kim Alexander Foss,https://img.cuescore.com/image/8/4/862c792ba8eb7f97e626fbe6cbcc59f6.png,https://cuescore.com/img/flags/png-country-4x2-none/res-640x480/no.png,393.83,393.93,2026-04-06,obk,False,anchored,152.0,2026-04-06T16:00:00Z,76464547,19,8,11,31,2,19,8,11,0,0,0,0,0,0,-0.019594,19,16.912319,,0,0.0,0,0,0.0,19,16.912319,8,11,,0,0.0,0,0,9-Ball,0.0
4797934,Thomas Berg,https://img.cuescore.com/image/8/4/862c792ba8eb7f97e626fbe6cbcc59f6.png,https://cuescore.com/img/flags/png-country-4x2-none/res-640x480/no.png,393.83,393.82,2019-02-18,obk,False,anchored,,,,6,0,6,44,2,6,0,6,0,0,0,0,0,0,-0.457402,6,1.028522,0.0,6,1.028522,0,6,,0,0.0,0,0,,0,0.0,0,0,8-Ball,0.0
12637336,Alexander Bjørseth,https://img.cuescore.com/image/2/4/2268c5ab63b4cc381c5662332f9faa20.png?t=1787761157,https://cuescore.com/img/flags/png-country-4x2-none/res-640x480/no.png,393.76,393.76,2026-03-21,obk,False,anchored,,,,2,0,2,48,2,2,0,2,0,0,0,0,0,0,-0.294227,2,1.762363,,0,0.0,0,0,0.0,2,1.762363,0,2,,0,0.0,0,0,9-Ball,0.0
8217316,Ida Amundsen Holtet,https://img.cuescore.com/image/3/4/3eb9c11140ed451034c9ab35d844aa31.png?t=1768456598,https://cuescore.com/img/flags/png-country-4x2-none/res-640x480/no.png,393.64,393.93,2026-04-01,obk,False,anchored,210.0,2026-04-01T16:00:00Z,78941740,483,167,316,0,2,483,167,316,0,0,0,0,0,0,1.1e-05,483,248.396882,-0.05834,70,31.44531,25,45,-0.006248,290,145.618085,102,188,0.038472,123,71.333487,40,83,10-Ball,0.038472
36950884,Kristina Mile,https://img.cuescore.com/image/5/4/5aa6aa48f7d5ffe854d5266ac08db7ef.png,https://cuescore.com/img/flags/png-country-4x2-none/res-640x480/no.png,393.59,393.62,2024-03-09,obk,False,anchored,,,,8,2,6,42,2,8,2,6,0,0,0,0,0,0,-0.105783,8,4.408761,,0,0.0,0,0,0.0,8,4.408761,2,6,,0,0.0,0,0,9-Ball,0.0
2525591,Erlend Lid,https://img.cuescore.com/image/8/4/862c792ba8eb7f97e626fbe6cbcc59f6.png,https://cuescore.com/img/flags/png-country-4x2-none/res-640x480/no.png,393.54,393.54,2018-05-07,obk,False,anchored,,,,11,2,9,39,2,11,2,9,0,0,0,0,0,0,-0.277362,11,1.572518,0.0,11,1.572518,2,9,,0,0.0,0,0,,0,0.0,0,0,8-Ball,0.0
16854487,Hans Røbergshagen,https://img.cuescore.com/image/3/4/3f783359ff3368726a68e7bcf0c1dd1e.png?t=1662579078,https://cuescore.com/img/flags/png-country-4x2-none/res-640x480/no.png,393.39,393.4,2024-07-08,obk,False,anchored,,,,7,1,6,43,2,7,1,6,0,0,0,0,0,0,-0.185592,7,2.650858,,0,0.0,0,0,,0,0.0,0,0,0.0,7,2.650858,1,6,10-Ball,0.0
1105029,Dennis Orcollo,https://img.cuescore.com/image/1/4/11f27bea680cd5420c63acb0f56259b2.png?t=1555596490,https://cuescore.com/img/flags/png-country-4x2-none/res-640x480/ph.png,393.18,393.17,2020-01-24,obk,False,anchored,,,,16,5,11,34,2,16,5,11,0,0,0,0,0,0,-0.118218,16,3.399968,,0,0.0,0,0,,0,0.0,0,0,0.0,16,3.399968,5,11,10-Ball,0.0
46509994,Petter Ronglien,https://img.cuescore.com/image/8/4/82bc7b1fc90329e04b7d6ca51ba8c4a2.png?t=1722586486,https://cuescore.com/img/flags/png-country-4x2-none/res-640x480/gi.png,393.08,393.09,2026-05-06,obk,False,anchored,221.0,2026-05-06T16:00:00Z,80902807,7,3,4,43,2,7,3,4,0,0,0,0,0,0,-0.089517,7,5.760928,,0,0.0,0,0,0.0,7,5.760928,3,4,,0,0.0,0,0,9-Ball,0.0
25346131,Daniel Fosnes Hansen,https://img.cuescore.com/image/8/4/862c792ba8eb7f97e626fbe6cbcc59f6.png,https://cuescore.com/img/flags/png-country-4x2-none/res-640x480/no.png,392.86,392.87,2023-03-27,obk,False,anchored,137.0,2023-03-27T16:00:00Z,25906933,11,4,7,39,2,11,4,7,0,0,0,0,0,0,-0.100534,11,4.7999,0.0,11,4.7999,4,7,,0,0.0,0,0,,0,0.0,0,0,8-Ball,0.0
3543769,Besar Kurti,https://img.cuescore.com/image/8/4/862c792ba8eb7f97e626fbe6cbcc59f6.png,https://cuescore.com/img/flags/png-country-4x2-none/res-640x480/no.png,392.67,392.67,2019-03-25,obk,False,anchored,,,,13,3,10,37,2,13,3,10,0,0,0,0,0,0,-0.210013,13,2.236345,-0.290135,4,0.658892,0,4,0.121187,9,1.577453,3,6,,0,0.0,0,0,9-Ball,0.121187
7904326,Silja Vepsä,https://img.cuescore.com/image/3/4/3b72e62ce634ef874d5e8d0ebf736a50.png?t=1726508136,https://cuescore.com/img/flags/png-country-4x2-none/res-640x480/no.png,392.51,392.49,2025-12-27,obk,False,anchored,4.0,2025-12-27T11:00:00Z,71848093,20,6,14,30,2,20,6,14,0,0,0,0,0,0,-0.023279,20,16.708953,,0,0.0,0,0,0.0,20,16.708953,6,14,,0,0.0,0,0,9-Ball,0.0
9981877,kristina Cleaverley,https://img.cuescore.com/image/5/4/5aa6aa48f7d5ffe854d5266ac08db7ef.png,https://cuescore.com/img/flags/png-country-4x2-none/res-640x480/no.png,392.38,392.37,2021-10-11,obk,False,anchored,,,,7,2,5,43,2,7,2,5,0,0,0,0,0,0,-0.256804,7,2.210755,0.0,7,2.210755,2,5,,0,0.0,0,0,,0,0.0,0,0,8-Ball,0.0
18194104,Roberto Gomez,https://img.cuescore.com/image/3/4/3e880f971a24cb996690b527aa81f78a.png?t=1676653345,https://cuescore.com/img/flags/png-country-4x2-none/res-640x480/nl.png,392.31,392.3,2020-01-24,obk,False,anchored,,,,16,5,11,34,2,16,5,11,0,0,0,0,0,0,-0.133199,16,3.399968,,0,0.0,0,0,,0,0.0,0,0,0.0,16,3.399968,5,11,10-Ball,0.0
5698300,Don Caram,https://img.cuescore.com/image/8/4/862c792ba8eb7f97e626fbe6cbcc59f6.png,https://cuescore.com/img/flags/png-country-4x2-none/res-640x480/no.png,392.19,392.19,2019-06-27,obk,False,anchored,,,,13,3,10,37,2,13,3,10,0,0,0,0,0,0,-0.207058,13,2.417898,,0,0.0,0,0,0.0,13,2.417898,3,10,,0,0.0,0,0,9-Ball,0.0
7131160,leif Nilsen,https://img.cuescore.com/image/8/4/862c792ba8eb7f97e626fbe6cbcc59f6.png,https://cuescore.com/img/flags/png-country-4x2-none/res-640x480/no.png,392.18,392.19,2022-03-21,obk,False,anchored,,,,10,2,8,40,2,10,2,8,0,0,0,0,0,0,-0.154844,10,3.496904,,0,0.0,0,0,0.0,10,3.496904,2,8,,0,0.0,0,0,9-Ball,0.0
6863670,Jone Saba,https://img.cuescore.com/image/8/4/862c792ba8eb7f97e626fbe6cbcc59f6.png,https://cuescore.com/img/flags/png-country-4x2-none/res-640x480/no.png,392.15,392.15,2019-12-02,obk,False,anchored,,,,16,5,11,34,2,16,5,11,0,0,0,0,0,0,-0.141226,16,3.272439,,0,0.0,0,0,0.0,16,3.272439,5,11,,0,0.0,0,0,9-Ball,0.0
13252696,Brede Arnøy,https://img.cuescore.com/image/6/4/65f05126ac44bec2ce40e66b35172726.png?t=1788877346,https://cuescore.com/img/flags/png-country-4x2-none/res-640x480/no.png,392.13,392.12,2026-06-15,obk,False,anchored,,,,12,5,7,38,2,12,5,7,0,0,0,0,0,0,-0.04637,12,11.165083,,0,0.0,0,0,0.0,12,11.165083,5,7,,0,0.0,0,0,9-Ball,0.0
1423958,Ørjan Saxrud,https://img.cuescore.com/image/2/4/248740f38c57ad4c2c960061b3383b03.png?t=1622729507,https://cuescore.com/img/flags/png-country-4x2-none/res-640x480/no.png,391.99,391.99,2020-10-19,obk,False,anchored,,,,7,0,7,43,2,7,0,7,0,0,0,0,0,0,-0.338012,7,1.763843,,0,0.0,0,0,,0,0.0,0,0,0.0,7,1.763843,0,7,10-Ball,0.0
1006218,Emma Therese Gangfløt,https://img.cuescore.com/image/5/4/5aa6aa48f7d5ffe854d5266ac08db7ef.png,https://cuescore.com/img/flags/png-country-4x2-none/res-640x480/no.png,391.39,391.39,2020-09-14,obk,False,anchored,,,,8,0,8,42,2,8,0,8,0,0,0,0,0,0,-0.31747,8,1.971679,,0,0.0,0,0,0.0,8,1.971679,0,8,,0,0.0,0,0,9-Ball,0.0
1472748,Tommy Martinsen,https://img.cuescore.com/image/8/4/862c792ba8eb7f97e626fbe6cbcc59f6.png,https://cuescore.com/img/flags/png-country-4x2-none/res-640x480/no.png,391.26,391.4,2019-05-27,obk,False,anchored,,,,116,55,61,0,2,116,55,61,0,0,0,0,0,0,3.6e-05,116,15.902495,-0.201127,33,4.68657,9,24,0.084041,83,11.215924,46,37,,0,0.0,0,0,9-Ball,0.084041
58672273,Santo Angel Maican Lara,https://img.cuescore.com/image/0/4/0fa19026e39c25dedcbccbd170ee2d5d.png?t=1744394979,https://cuescore.com/img/flags/png-country-4x2-none/res-640x480/no.png,391.26,391.41,2025-12-27,obk,False,anchored,4.0,2025-12-27T11:00:00Z,71848093,11,2,9,39,2,11,2,9,0,0,0,0,0,0,-0.064226,11,9.189924,,0,0.0,0,0,0.0,11,9.189924,2,9,,0,0.0,0,0,9-Ball,0.0
1566592,Kim Bengtsson,https://img.cuescore.com/image/3/4/3db50292aeb0de732d2f45a054185a92.png?t=1651951301,https://cuescore.com/img/flags/png-country-4x2-none/res-640x480/se.png,391.18,391.18,2025-12-27,obk,False,anchored,2.0,2025-12-27T11:00:00Z,71848093,11,4,7,39,2,11,4,7,0,0,0,0,0,0,-0.064809,11,9.189924,,0,0.0,0,0,0.0,11,9.189924,4,7,,0,0.0,0,0,9-Ball,0.0
61176751,Santina Lafjell Crolla,https://img.cuescore.com/image/5/4/5aa6aa48f7d5ffe854d5266ac08db7ef.png,https://cuescore.com/img/flags/png-country-4x2-none/res-640x480/no.png,391.12,391.28,2025-06-02,obk,False,anchored,175.0,2025-06-02T16:00:00Z,61790500,28,13,15,22,2,28,13,15,0,0,0,0,0,0,-0.016506,28,20.472335,0.026398,12,8.751664,6,6,-0.019711,16,11.720671,7,9,,0,0.0,0,0,8-Ball,0.026398
16144324,George Malekkides,https://img.cuescore.com/image/8/4/862c792ba8eb7f97e626fbe6cbcc59f6.png,https://cuescore.com/img/flags/png-country-4x2-none/res-640x480/cy.png,391.03,391.02,2026-06-15,obk,False,anchored,,,,4,1,3,46,2,4,1,3,0,0,0,0,0,0,-0.192054,4,3.721694,,0,0.0,0,0,0.0,4,3.721694,1,3,,0,0.0,0,0,9-Ball,0.0
8563408,Marcus Bjørseth,https://img.cuescore.com/image/b/4/bac343e038de7269c3c6bf3bc63c23ce.png?t=1732054726,https://cuescore.com/img/flags/png-country-4x2-none/res-640x480/no.png,390.1,390.09,2026-03-21,obk,False,anchored,,,,2,0,2,48,2,2,0,2,0,0,0,0,0,0,-0.467023,2,1.762363,,0,0.0,0,0,0.0,2,1.762363,0,2,,0,0.0,0,0,9-Ball,0.0
2581136,Mona Søvold Sunde,https://img.cuescore.com/image/1/4/117c1e840893a671dc3141ac91a7022c.png?t=1694038789,https://cuescore.com/img/flags/png-country-4x2-none/res-640x480/no.png,390.01,390.29,2026-07-29,obk,False,anchored,9.0,2026-07-29T15:45:00Z,85448731,887,311,576,0,2,887,311,576,0,0,0,0,0,0,5e-06,887,562.431971,-0.068617,123,60.812534,40,83,-0.002871,614,413.854945,213,401,0.061084,150,87.764493,58,92,10-Ball,0.061084
12698008,Mathias Hæreid,https://img.cuescore.com/image/8/4/862c792ba8eb7f97e626fbe6cbcc59f6.png,https://cuescore.com/img/flags/png-country-4x2-none/res-640x480/no.png,389.97,389.96,2022-02-07,obk,False,anchored,,,,5,0,5,45,2,5,0,5,0,0,0,0,0,0,-0.458937,5,1.702609,,0,0.0,0,0,0.0,5,1.702609,0,5,,0,0.0,0,0,9-Ball,0.0
8227535,Martin Elgsæter,https://img.cuescore.com/image/8/4/862c792ba8eb7f97e626fbe6cbcc59f6.png,https://cuescore.com/img/flags/png-country-4x2-none/res-640x480/no.png,389.69,389.75,2020-10-12,obk,False,anchored,,,,34,11,23,16,2,34,11,23,0,0,0,0,0,0,-0.033809,34,8.450027,-0.186283,8,1.989218,1,7,0.057355,26,6.460808,10,16,,0,0.0,0,0,9-Ball,0.057355
75049945,Ahmed zakaria Hamdoun,https://img.cuescore.com/image/8/4/862c792ba8eb7f97e626fbe6cbcc59f6.png,https://cuescore.com/img/flags/png-country-4x2-none/res-640x480/es.png,389.4,389.41,2026-01-19,obk,False,anchored,180.0,2026-01-19T17:00:00Z,74908216,4,1,3,46,2,4,1,3,0,0,0,0,0,0,-0.248943,4,3.391304,,0,0.0,0,0,0.0,4,3.391304,1,3,,0,0.0,0,0,9-Ball,0.0
1987327,Stian Stian,https://img.cuescore.com/image/d/4/d072f6449452cf7f3dc5b687e2d438d0.png?t=1511801538,,389.27,389.26,2018-02-19,obk,False,anchored,,,,23,5,18,27,2,23,5,18,0,0,0,0,0,0,-0.16563,23,3.03034,0.0,23,3.03034,5,18,,0,0.0,0,0,,0,0.0,0,0,8-Ball,0.0
26899522,Brian Stensland,https://img.cuescore.com/image/f/4/f4870eaabd796ee4e5c23d1893c137b9.png?t=1683207856,https://cuescore.com/img/flags/png-country-4x2-none/res-640x480/no.png,389.19,388.53,2026-08-31,obk,False,anchored,275.0,2026-08-31T16:00:00Z,86423461,9,3,6,41,2,9,3,6,0,0,0,0,0,0,-0.087234,9,8.791793,0.0,9,8.791793,3,6,,0,0.0,0,0,,0,0.0,0,0,8-Ball,0.0
28065760,Line Marie H. Steffensen,https://img.cuescore.com/image/b/4/b47d0c70c86175b119197bc068571532.png?t=1788885756,https://cuescore.com/img/flags/png-country-4x2-none/res-640x480/no.png,388.68,388.7,2025-04-15,obk,False,anchored,125.0,2024-10-09T16:00:00Z,47691958,14,5,9,36,2,14,5,9,0,0,0,0,0,0,-0.070973,14,9.948863,,0,0.0,0,0,0.0,14,9.948863,5,9,,0,0.0,0,0,9-Ball,0.0
1021381,spiller 1,https://img.cuescore.com/image/8/4/862c792ba8eb7f97e626fbe6cbcc59f6.png,,388.49,388.49,2019-10-28,obk,False,anchored,,,,16,3,13,34,2,16,3,13,0,0,0,0,0,0,-0.228669,16,2.963846,-0.245948,4,0.804182,0,4,0.091582,12,2.159664,3,9,,0,0.0,0,0,9-Ball,0.091582
9211722,Thomas Herbert-Andersen,https://img.cuescore.com/image/c/4/cf5adc23d04b492540847c0f19bf92f5.png?t=1636013168,https://cuescore.com/img/flags/png-country-4x2-none/res-640x480/no.png,388.2,388.2,2023-03-04,obk,False,anchored,275.0,2022-11-07T17:00:00Z,20098285,9,1,8,41,2,9,1,8,0,0,0,0,0,0,-0.213572,9,3.921708,,0,0.0,0,0,,0,0.0,0,0,0.0,9,3.921708,1,8,10-Ball,0.0
58717324,Kjetil Kristensen,https://img.cuescore.com/image/8/4/862c792ba8eb7f97e626fbe6cbcc59f6.png,https://cuescore.com/img/flags/png-country-4x2-none/res-640x480/no.png,388.12,388.42,2025-11-24,obk,False,anchored,187.0,2025-11-24T17:00:00Z,72856591,187,67,120,0,2,187,67,120,0,0,0,0,0,0,1.3e-05,187,140.138006,-0.039782,54,39.952842,21,33,-0.024543,102,77.945507,32,70,0.157484,31,22.239656,14,17,10-Ball,0.157484
1714800,Karolis Vo,https://img.cuescore.com/image/f/4/f6ecc418edc6d2df1f464e80fa8b3426.png?t=1506354698,,387.95,387.95,2018-04-09,obk,False,anchored,,,,26,8,18,24,2,26,8,18,0,0,0,0,0,0,-0.150849,26,3.320926,0.003693,25,3.180479,8,17,-0.08364,1,0.140446,0,1,,0,0.0,0,0,8-Ball,0.003693
15113617,Fatlum Krasniqi,https://img.cuescore.com/image/d/4/d6dd8fd25ae2b536d81628ef8b8709e4.png?t=1678573718,https://cuescore.com/img/flags/png-country-4x2-none/res-640x480/al.png,387.79,387.79,2024-02-06,obk,False,anchored,,,,20,8,12,30,2,20,8,12,0,0,0,0,0,0,-0.058726,20,10.800461,,0,0.0,0,0,,0,0.0,0,0,0.0,20,10.800461,8,12,10-Ball,0.0
5490988,Ole Berg,https://img.cuescore.com/image/8/4/862c792ba8eb7f97e626fbe6cbcc59f6.png,https://cuescore.com/img/flags/png-country-4x2-none/res-640x480/no.png,387.58,387.59,2019-06-10,obk,False,anchored,,,,18,4,14,32,2,18,4,14,0,0,0,0,0,0,-0.208238,18,3.303702,-0.00908,5,0.920006,1,4,-0.125926,9,1.65089,1,8,0.29509,4,0.732806,2,2,10-Ball,0.29509
63113578,Håkon Kristiansen,https://img.cuescore.com/image/8/4/862c792ba8eb7f97e626fbe6cbcc59f6.png,https://cuescore.com/img/flags/png-country-4x2-none/res-640x480/no.png,387.33,387.4,2026-10-05,obk,False,anchored,233.0,2026-10-05T16:00:00Z,90543082,792,292,500,0,2,792,292,500,0,0,0,0,0,0,-8e-06,792,678.452521,-0.065508,154,128.519265,51,103,0.013484,581,498.925819,216,365,0.033166,57,51.007437,25,32,10-Ball,0.033166
1006507,Terje Mathisen,https://img.cuescore.com/image/b/4/b06e2451db212e24319e92126f731d25.png?t=1445890238,https://cuescore.com/img/flags/png-country-4x2-none/res-640x480/no.png,387.28,387.28,2024-04-13,obk,False,anchored,,,,8,2,6,42,2,8,2,6,0,0,0,0,0,0,-0.205154,8,4.506987,,0,0.0,0,0,0.0,8,4.506987,2,6,,0,0.0,0,0,9-Ball,0.0
7466532,Øyvind Rørslett,https://img.cuescore.com/image/8/4/862c792ba8eb7f97e626fbe6cbcc59f6.png,https://cuescore.com/img/flags/png-country-4x2-none/res-640x480/no.png,387.17,387.16,2020-03-02,obk,False,anchored,,,,16,4,12,34,2,16,4,12,0,0,0,0,0,0,-0.217532,16,3.472073,-0.230813,4,0.870904,0,4,,0,0.0,0,0,0.077279,12,2.601169,4,8,10-Ball,0.077279
1006260,Hans-Gunnar Bernhardsen,https://img.cuescore.com/image/8/4/86f566c626980cb4605e7c87e4a09953.png?t=1766928475,https://cuescore.com/img/flags/png-country-4x2-none/res-640x480/no.png,387.16,387.16,2024-04-13,obk,False,anchored,,,,7,1,6,43,2,7,1,6,0,0,0,0,0,0,-0.242306,7,3.943614,,0,0.0,0,0,0.0,7,3.943614,1,6,,0,0.0,0,0,9-Ball,0.0
1006392,Moises Farfan,https://img.cuescore.com/image/c/4/ca56bb26b754e0385ef460e447a7fe57.png?t=1771667845,https://cuescore.com/img/flags/png-country-4x2-none/res-640x480/no.png,387.14,387.07,2024-04-13,obk,False,anchored,,,,6,0,6,44,2,6,0,6,0,0,0,0,0,0,-0.289951,6,3.38024,,0,0.0,0,0,0.0,6,3.38024,0,6,,0,0.0,0,0,9-Ball,0.0
52011748,Joakim Aamo,https://img.cuescore.com/image/6/4/64e6a3cc33b01a8f8f4fc7ab98848e0d.png?t=1731668064,https://cuescore.com/img/flags/png-country-4x2-none/res-640x480/no.png,386.92,386.93,2024-11-15,obk,False,anchored,,,,7,1,6,43,2,7,1,6,0,0,0,0,0,0,-0.215348,7,4.521395,0.0,7,4.521395,1,6,,0,0.0,0,0,,0,0.0,0,0,8-Ball,0.0
1393613,Vegar Hammer Olsen,https://img.cuescore.com/image/0/4/09b6dffe84e9dc5928b0baa845da3938.png?t=1708343756,https://cuescore.com/img/flags/png-country-4x2-none/res-640x480/no.png,386.38,386.37,2024-04-13,obk,False,anchored,89.0,2019-02-20T17:00:00Z,4797252,6,0,6,44,2,6,0,6,0,0,0,0,0,0,-0.307016,6,3.38024,,0,0.0,0,0,0.0,6,3.38024,0,6,,0,0.0,0,0,9-Ball,0.0
65039485,Nico Gulfan,https://img.cuescore.com/image/8/4/862c792ba8eb7f97e626fbe6cbcc59f6.png,https://cuescore.com/img/flags/png-country-4x2-none/res-640x480/ph.png,385.95,385.95,2025-08-04,obk,False,anchored,175.0,2025-08-04T16:00:00Z,64500307,8,1,7,42,2,8,1,7,0,0,0,0,0,0,-0.167602,8,6.098605,0.0,8,6.098605,1,7,,0,0.0,0,0,,0,0.0,0,0,8-Ball,0.0
1341947,Angelos Kyriakou,https://img.cuescore.com/image/b/4/bb1f0b2651db091c74cb488b7636429d.png?t=1779280379,https://cuescore.com/img/flags/png-country-4x2-none/res-640x480/cy.png,385.63,385.77,2026-06-15,obk,False,anchored,,,,9,3,6,41,2,9,3,6,0,0,0,0,0,0,-0.121829,9,8.373812,,0,0.0,0,0,0.0,9,8.373812,3,6,,0,0.0,0,0,9-Ball,0.0
17691844,Ketil Blix,https://img.cuescore.com/image/8/4/862c792ba8eb7f97e626fbe6cbcc59f6.png,https://cuescore.com/img/flags/png-country-4x2-none/res-640x480/no.png,385.54,385.56,2025-05-03,obk,False,anchored,107.0,2024-08-05T16:00:00Z,46595956,28,12,16,22,2,28,12,16,0,0,0,0,0,0,-0.032768,28,16.808917,,0,0.0,0,0,-0.029311,18,12.937197,8,10,0.097941,10,3.87172,4,6,10-Ball,0.097941
5105730,Kevin,https://img.cuescore.com/image/8/4/862c792ba8eb7f97e626fbe6cbcc59f6.png,https://cuescore.com/img/flags/png-country-4x2-none/res-640x480/no.png,385.16,385.16,2019-03-25,obk,False,anchored,,,,19,3,16,31,2,19,3,16,0,0,0,0,0,0,-0.239147,19,3.329989,,0,0.0,0,0,0.0,19,3.329989,3,16,,0,0.0,0,0,9-Ball,0.0
6835940,Christiane .,https://img.cuescore.com/image/8/4/862c792ba8eb7f97e626fbe6cbcc59f6.png,https://cuescore.com/img/flags/png-country-4x2-none/res-640x480/no.png,385.13,385.12,2019-12-02,obk,False,anchored,,,,13,1,12,37,2,13,1,12,0,0,0,0,0,0,-0.358699,13,2.655839,-0.084277,6,1.217004,0,6,0.071283,7,1.438835,1,6,,0,0.0,0,0,9-Ball,0.071283
1156277,Mathias Hæreid,https://img.cuescore.com/image/8/4/862c792ba8eb7f97e626fbe6cbcc59f6.png,https://cuescore.com/img/flags/png-country-4x2-none/res-640x480/no.png,384.93,384.93,2020-08-31,obk,False,anchored,,,,28,9,19,22,2,28,9,19,0,0,0,0,0,0,-0.115437,28,4.974867,0.025362,15,1.936752,5,10,-0.035848,8,1.954294,2,6,0.019318,5,1.08382,2,3,8-Ball,0.025362
2947260,Jasper Nicolaysen,https://img.cuescore.com/image/3/4/3b1245a108069de94f409a8dedd4d249.png?t=1559602522,,384.89,385.03,2019-11-25,obk,False,anchored,,,,150,62,88,0,2,150,62,88,0,0,0,0,0,0,-3e-06,150,26.107853,-0.102869,51,8.773656,16,35,0.047985,86,15.20226,39,47,0.081172,13,2.131937,7,6,10-Ball,0.081172
1084882,Remi Kwit,https://img.cuescore.com/image/8/4/862c792ba8eb7f97e626fbe6cbcc59f6.png,,384.77,384.91,2020-03-02,obk,False,anchored,,,,91,39,52,0,2,91,39,52,0,0,0,0,0,0,5e-06,91,12.744326,0.098581,51,6.703233,26,25,-0.109386,40,6.041093,13,27,,0,0.0,0,0,8-Ball,0.098581
1751232,Øyvind Stenhaug,https://img.cuescore.com/image/2/4/2101e23f9055a7301562f72b0a4b9813.png?t=1507544706,https://cuescore.com/img/flags/png-country-4x2-none/res-640x480/no.png,384.65,384.83,2020-02-24,obk,False,anchored,15.0,2020-01-30T19:15:00Z,7224607,1078,425,653,0,2,1078,425,653,0,0,0,0,0,0,8e-06,1078,176.090994,-0.098039,325,51.420382,103,222,0.033128,690,112.679792,290,400,0.109113,63,11.99082,32,31,10-Ball,0.109113
8280867,Gunn - Ellen Hansen,https://img.cuescore.com/image/5/4/5aa6aa48f7d5ffe854d5266ac08db7ef.png,https://cuescore.com/img/flags/png-country-4x2-none/res-640x480/no.png,384.17,384.16,2020-11-02,obk,False,anchored,,,,14,2,12,36,2,14,2,12,0,0,0,0,0,0,-0.277236,14,3.55916,,0,0.0,0,0,0.0,14,3.55916,2,12,,0,0.0,0,0,9-Ball,0.0
65039377,Eva Marie Sommerfelt jacobsen,https://img.cuescore.com/image/5/4/5aa6aa48f7d5ffe854d5266ac08db7ef.png,https://cuescore.com/img/flags/png-country-4x2-none/res-640x480/no.png,383.79,383.77,2025-08-04,obk,False,anchored,125.0,2025-08-04T16:00:00Z,64500307,6,0,6,44,2,6,0,6,0,0,0,0,0,0,-0.269914,6,4.573954,0.0,6,4.573954,0,6,,0,0.0,0,0,,0,0.0,0,0,8-Ball,0.0
3719239,Odin,https://img.cuescore.com/image/8/4/862c792ba8eb7f97e626fbe6cbcc59f6.png,https://cuescore.com/img/flags/png-country-4x2-none/res-640x480/no.png,383.46,383.48,2019-02-04,obk,False,anchored,,,,33,10,23,17,2,33,10,23,0,0,0,0,0,0,-0.087011,33,5.585972,0.075867,5,0.849544,2,3,-0.013608,28,4.736428,8,20,,0,0.0,0,0,8-Ball,0.075867
2145734,Thong Trong Ho,https://img.cuescore.com/image/8/4/862c792ba8eb7f97e626fbe6cbcc59f6.png,https://cuescore.com/img/flags/png-country-4x2-none/res-640x480/no.png,382.94,382.94,2018-12-03,obk,False,anchored,,,,27,9,18,23,2,27,9,18,0,0,0,0,0,0,-0.157101,27,4.32443,0.0,27,4.32443,9,18,,0,0.0,0,0,,0,0.0,0,0,8-Ball,0.0
42270385,Kamal Jr,https://img.cuescore.com/image/e/4/ecc2f429f928a402d7beb6e9da638978.png?t=1772642194,https://cuescore.com/img/flags/png-country-4x2-none/res-640x480/no.png,382.13,382.38,2026-06-08,obk,False,anchored,209.0,2026-06-08T16:00:00Z,83165326,32,10,22,18,2,32,10,22,0,0,0,0,0,0,-0.020269,32,27.466218,,0,0.0,0,0,0.0,32,27.466218,10,22,,0,0.0,0,0,9-Ball,0.0
1736336,Sander Evjen Sanna,https://img.cuescore.com/image/0/4/04e16137a4729a2fdc654066da1d73e1.png?t=1758574245,https://cuescore.com/img/flags/png-country-4x2-none/res-640x480/no.png,381.2,381.27,2025-09-29,obk,False,anchored,225.0,2025-09-29T16:00:00Z,69151819,26,11,15,24,2,26,11,15,0,0,0,0,0,0,-0.038157,26,20.475869,,0,0.0,0,0,-0.005267,17,13.367533,7,10,0.009905,9,7.108336,4,5,10-Ball,0.009905
10625680,Mariann Zalahas,https://img.cuescore.com/image/2/4/2b544acdf693a26010332ae9f4be4933.png?t=1677658936,https://cuescore.com/img/flags/png-country-4x2-none/res-640x480/no.png,380.34,380.32,2024-05-21,obk,False,anchored,,,,13,3,10,37,2,13,3,10,0,0,0,0,0,0,-0.201268,13,6.255694,0.06268,5,1.825088,1,4,-0.02582,8,4.430606,2,6,,0,0.0,0,0,8-Ball,0.06268
34220254,Malin Myra,https://img.cuescore.com/image/e/4/ec3dd97053796683bfeb4d19d478c101.png?t=1711452409,https://cuescore.com/img/flags/png-country-4x2-none/res-640x480/no.png,380.03,380.02,2023-10-23,obk,False,anchored,,,,13,4,9,37,2,13,4,9,0,0,0,0,0,0,-0.194687,13,6.564992,,0,0.0,0,0,0.0,13,6.564992,4,9,,0,0.0,0,0,9-Ball,0.0
77275558,Matilde Bjørnstad,https://img.cuescore.com/image/5/4/5aa6aa48f7d5ffe854d5266ac08db7ef.png,https://cuescore.com/img/flags/png-country-4x2-none/res-640x480/no.png,380.01,380.0,2026-02-23,obk,False,anchored,168.0,2026-02-23T17:00:00Z,76441429,5,1,4,45,2,5,1,4,0,0,0,0,0,0,-0.359119,5,4.334034,0.0,5,4.334034,1,4,,0,0.0,0,0,,0,0.0,0,0,8-Ball,0.0
18904714,Janna Flottorp,https://img.cuescore.com/image/8/4/862c792ba8eb7f97e626fbe6cbcc59f6.png,https://cuescore.com/img/flags/png-country-4x2-none/res-640x480/no.png,379.79,379.78,2024-12-27,obk,False,anchored,4.0,2024-12-27T11:00:00Z,52314610,16,5,11,34,2,16,5,11,0,0,0,0,0,0,-0.137544,16,8.640369,,0,0.0,0,0,,0,0.0,0,0,0.0,16,8.640369,5,11,10-Ball,0.0
12239083,Christoffer karlik,https://img.cuescore.com/image/8/4/862c792ba8eb7f97e626fbe6cbcc59f6.png,https://cuescore.com/img/flags/png-country-4x2-none/res-640x480/no.png,379.73,379.72,2022-01-24,obk,False,anchored,,,,13,1,12,37,2,13,1,12,0,0,0,0,0,0,-0.295696,13,4.387753,0.0,13,4.387753,1,12,,0,0.0,0,0,,0,0.0,0,0,8-Ball,0.0
24871531,Eystein Sæther,https://img.cuescore.com/image/8/4/862c792ba8eb7f97e626fbe6cbcc59f6.png,https://cuescore.com/img/flags/png-country-4x2-none/res-640x480/no.png,379.6,379.61,2026-10-05,obk,False,anchored,146.0,2026-10-05T16:00:00Z,90543082,19,8,11,31,2,19,8,11,0,0,0,0,0,0,-0.081415,19,13.430027,0.206692,10,4.441406,5,5,-0.102129,9,8.988621,3,6,,0,0.0,0,0,8-Ball,0.206692
2400654,Lukas Mørk,https://img.cuescore.com/image/8/4/862c792ba8eb7f97e626fbe6cbcc59f6.png,https://cuescore.com/img/flags/png-country-4x2-none/res-640x480/no.png,379.3,379.29,2018-05-14,obk,False,anchored,,,,26,5,21,24,2,26,5,21,0,0,0,0,0,0,-0.231599,26,3.711845,0.057539,20,2.850301,5,15,-0.190361,6,0.861544,0,6,,0,0.0,0,0,8-Ball,0.057539
70455445,Henry Gaudiano,https://img.cuescore.com/image/8/4/862c792ba8eb7f97e626fbe6cbcc59f6.png,https://cuescore.com/img/flags/png-country-4x2-none/res-640x480/ph.png,379.13,379.13,2026-08-03,obk,False,anchored,142.0,2026-08-03T16:00:00Z,85939042,16,3,13,34,2,16,3,13,0,0,0,0,0,0,-0.088299,16,13.898657,,0,0.0,0,0,0.0,16,13.898657,3,13,,0,0.0,0,0,9-Ball,0.0
67477954,Jake Cope,https://img.cuescore.com/image/8/4/862c792ba8eb7f97e626fbe6cbcc59f6.png,https://cuescore.com/img/flags/png-country-4x2-none/res-640x480/gb.png,378.18,378.2,2025-09-08,obk,False,anchored,175.0,2025-09-08T16:00:00Z,66256909,13,4,9,37,2,13,4,9,0,0,0,0,0,0,-0.137803,13,10.1321,0.0,13,10.1321,4,9,,0,0.0,0,0,,0,0.0,0,0,8-Ball,0.0
1183869,Matias Myhrhaug,https://img.cuescore.com/image/3/4/3ce692a5256888ef15404d8281977a29.png?t=1479744907,https://cuescore.com/img/flags/png-country-4x2-none/res-640x480/no.png,378.02,378.11,2019-04-29,obk,False,anchored,,,,131,54,77,0,2,131,54,77,0,0,0,0,0,0,-5e-06,131,16.937556,0.039178,106,13.518365,50,56,-0.154899,25,3.419191,4,21,,0,0.0,0,0,8-Ball,0.039178
36476392,Anniina Kettunen,https://img.cuescore.com/image/7/4/7328add0c82fcc0e4ca7ebec12476fde.png?t=1704309719,https://cuescore.com/img/flags/png-country-4x2-none/res-640x480/fi.png,377.7,377.68,2026-06-15,obk,False,anchored,,,,7,1,6,43,2,7,1,6,0,0,0,0,0,0,-0.254654,7,6.512965,,0,0.0,0,0,0.0,7,6.512965,1,6,,0,0.0,0,0,9-Ball,0.0
9221877,Johnny Wu,https://img.cuescore.com/image/8/4/862c792ba8eb7f97e626fbe6cbcc59f6.png,https://cuescore.com/img/flags/png-country-4x2-none/res-640x480/cn.png,377.46,377.7,2026-06-01,obk,False,anchored,211.0,2026-06-01T16:00:00Z,82585786,79,31,48,0,2,79,31,48,0,0,0,0,0,0,1e-05,79,47.591678,0.021971,30,14.901507,14,16,-0.010507,39,29.254661,14,25,-0.005832,10,3.43551,3,7,8-Ball,0.021971
77558374,Khizar Iqbal,https://img.cuescore.com/image/0/4/026c05e13b3a3888ec75cfc47f101235.png?t=1772304873,https://cuescore.com/img/flags/png-country-4x2-none/res-640x480/no.png,377.37,377.36,2026-08-31,obk,False,anchored,225.0,2026-08-31T16:00:00Z,86423461,7,1,6,43,2,7,1,6,0,0,0,0,0,0,-0.246147,7,6.838062,0.0,7,6.838062,1,6,,0,0.0,0,0,,0,0.0,0,0,8-Ball,0.0
1466420,Helene Fossum,https://img.cuescore.com/image/8/4/862c792ba8eb7f97e626fbe6cbcc59f6.png,https://cuescore.com/img/flags/png-country-4x2-none/res-640x480/no.png,377.1,377.11,2017-10-30,obk,False,anchored,,,,30,7,23,20,2,30,7,23,0,0,0,0,0,0,-0.210784,30,3.752059,0.0,30,3.752059,7,23,,0,0.0,0,0,,0,0.0,0,0,8-Ball,0.0
47936833,Merle Schmitz,https://img.cuescore.com/image/5/4/5aa6aa48f7d5ffe854d5266ac08db7ef.png,https://cuescore.com/img/flags/png-country-4x2-none/res-640x480/de.png,376.5,376.47,2026-06-15,obk,False,anchored,250.0,2026-06-15T16:00:00Z,83685481,7,0,7,43,2,7,0,7,0,0,0,0,0,0,-0.26828,7,6.512965,,0,0.0,0,0,0.0,7,6.512965,0,7,,0,0.0,0,0,9-Ball,0.0
53204752,Julianne Myhren-heyerdahl,https://img.cuescore.com/image/8/4/8d09505fbd225c313f1b43fc41084bc6.png?t=1735477538,https://cuescore.com/img/flags/png-country-4x2-none/res-640x480/no.png,376.37,376.69,2026-10-05,obk,False,anchored,160.0,2026-10-05T16:00:00Z,90543082,1127,361,766,0,2,1127,361,766,0,0,0,0,0,0,-3e-06,1127,914.121583,-0.141217,107,84.124882,20,87,0.008475,849,699.367096,278,571,0.045572,171,130.629605,63,108,10-Ball,0.045572
79780918,Viktorija Kraft,https://img.cuescore.com/image/7/4/7047a5152587b7d668dac0a333916361.png?t=1776286052,https://cuescore.com/img/flags/png-country-4x2-none/res-640x480/no.png,375.89,375.95,2026-04-06,obk,False,anchored,145.0,2026-04-06T16:00:00Z,76464547,14,5,9,36,2,14,5,9,0,0,0,0,0,0,-0.120437,14,12.461708,,0,0.0,0,0,0.0,14,12.461708,5,9,,0,0.0,0,0,9-Ball,0.0
1084883,Pål Nilsson,https://img.cuescore.com/image/8/4/862c792ba8eb7f97e626fbe6cbcc59f6.png,,375.47,375.48,2019-02-18,obk,False,anchored,,,,39,13,26,11,2,39,13,26,0,0,0,0,0,0,-0.075812,39,6.162161,-0.074492,20,3.13129,5,15,0.076961,19,3.030871,8,11,,0,0.0,0,0,9-Ball,0.076961
9225027,Wei Liu,https://img.cuescore.com/image/8/4/862c792ba8eb7f97e626fbe6cbcc59f6.png,https://cuescore.com/img/flags/png-country-4x2-none/res-640x480/cn.png,375.42,375.54,2021-09-20,obk,False,anchored,,,,28,7,21,22,2,28,7,21,0,0,0,0,0,0,-0.107688,28,8.676838,0.0,28,8.676838,7,21,,0,0.0,0,0,,0,0.0,0,0,8-Ball,0.0
21530185,Ayet Rahimi,https://img.cuescore.com/image/8/4/862c792ba8eb7f97e626fbe6cbcc59f6.png,https://cuescore.com/img/flags/png-country-4x2-none/res-640x480/no.png,373.92,374.07,2024-08-12,obk,False,anchored,201.0,2024-08-12T16:00:00Z,46642558,53,18,35,0,2,53,18,35,0,0,0,0,0,0,-4.4e-05,53,25.33135,-0.195372,10,4.441406,1,9,0.041538,43,20.889944,17,26,,0,0.0,0,0,9-Ball,0.041538
75757273,Oliver Milett,https://img.cuescore.com/image/8/4/862c792ba8eb7f97e626fbe6cbcc59f6.png,https://cuescore.com/img/flags/png-country-4x2-none/res-640x480/no.png,373.5,373.6,2026-02-06,obk,False,anchored,175.0,2026-02-06T17:00:00Z,75807100,46,14,32,4,2,46,14,32,0,0,0,0,0,0,-0.004666,46,39.402176,,0,0.0,0,0,0.0,46,39.402176,14,32,,0,0.0,0,0,9-Ball,0.0
83475292,Trym Lurås,https://img.cuescore.com/image/8/4/862c792ba8eb7f97e626fbe6cbcc59f6.png,https://cuescore.com/img/flags/png-country-4x2-none/res-640x480/no.png,373.24,373.25,2026-06-08,obk,False,anchored,172.0,2026-06-08T16:00:00Z,83165326,14,2,12,36,2,14,2,12,0,0,0,0,0,0,-0.128356,14,12.968377,,0,0.0,0,0,0.0,14,12.968377,2,12,,0,0.0,0,0,9-Ball,0.0
36291190,Mary Xeline Santoyo,https://img.cuescore.com/image/4/4/4551b11b3b6cc3ea18b76235d83c612f.png?t=1704838399,https://cuescore.com/img/flags/png-country-4x2-none/res-640x480/ph.png,373.03,373.07,2025-12-01,obk,False,anchored,175.0,2025-12-01T17:00:00Z,73112671,33,13,20,17,2,33,13,20,0,0,0,0,0,0,-0.037014,33,21.420146,-0.032504,26,17.706254,9,17,0.154964,7,3.713892,4,3,,0,0.0,0,0,9-Ball,0.154964
45883531,Nico Garibaldi,https://img.cuescore.com/image/f/4/f9f8ca47dc3aff4776d888f084274408.png?t=1729711081,https://cuescore.com/img/flags/png-country-4x2-none/res-640x480/it.png,372.81,372.99,2024-11-27,obk,False,anchored,182.0,2024-11-27T17:00:00Z,52236193,43,11,32,7,2,43,11,32,0,0,0,0,0,0,-0.012678,43,25.860131,-0.078537,10,5.993571,2,8,0.023694,33,19.86656,9,24,,0,0.0,0,0,9-Ball,0.023694
1016897,Hannes Ragnar Leifsson,https://img.cuescore.com/image/1/4/197b214d267b152616d3a629b349e981.png?t=1477738623,https://cuescore.com/img/flags/png-country-4x2-none/res-640x480/is.png,372.69,372.82,2019-10-21,obk,False,anchored,,,,44,19,25,6,2,44,19,25,0,0,0,0,0,0,-0.036968,44,7.627154,,0,0.0,0,0,0.0,44,7.627154,19,25,,0,0.0,0,0,9-Ball,0.0
83477917,Fabian Andersen,https://img.cuescore.com/image/4/4/40ed37261b8ee15dfbd04a3340a5cdb6.png?t=1791175478,https://cuescore.com/img/flags/png-country-4x2-none/res-640x480/no.png,372.67,373.0,2026-10-05,obk,False,anchored,176.0,2026-10-05T16:00:00Z,90543082,65,26,39,0,2,65,26,39,0,0,0,0,0,0,4.8e-05,65,63.564163,-0.009712,19,18.630015,6,13,0.004027,46,44.934148,20,26,,0,0.0,0,0,9-Ball,0.004027
27194773,Torstein Brustugun,https://img.cuescore.com/image/6/4/6acaab3086ea7d73fe4a894d2b44e4cb.png?t=1727369399,https://cuescore.com/img/flags/png-country-4x2-none/res-640x480/no.png,372.46,372.37,2025-12-27,obk,False,anchored,3.0,2025-12-27T11:00:00Z,71848093,10,0,10,40,2,10,0,10,0,0,0,0,0,0,-0.227784,10,8.354477,,0,0.0,0,0,0.0,10,8.354477,0,10,,0,0.0,0,0,9-Ball,0.0
79717822,Julian Gheorghiu-Foss,https://img.cuescore.com/image/0/4/09cecd0f1194e528b893585eb38a5d76.png?t=1775512874,https://cuescore.com/img/flags/png-country-4x2-none/res-640x480/no.png,372.21,372.5,2026-04-08,obk,False,anchored,142.0,2026-04-08T16:00:00Z,78942220,24,8,16,26,2,24,8,16,0,0,0,0,0,0,-0.058379,24,21.373071,,0,0.0,0,0,0.0,24,21.373071,8,16,,0,0.0,0,0,9-Ball,0.0
36997234,Robin Valde,https://img.cuescore.com/image/8/4/862c792ba8eb7f97e626fbe6cbcc59f6.png,https://cuescore.com/img/flags/png-country-4x2-none/res-640x480/no.png,371.17,371.14,2024-01-15,obk,False,anchored,,,,10,1,9,40,2,10,1,9,0,0,0,0,0,0,-0.373972,10,5.325736,0.0,10,5.325736,1,9,,0,0.0,0,0,,0,0.0,0,0,8-Ball,0.0
71407519,Celia Dyremyhr,https://img.cuescore.com/image/5/4/5aa6aa48f7d5ffe854d5266ac08db7ef.png,https://cuescore.com/img/flags/png-country-4x2-none/res-640x480/no.png,370.67,370.63,2025-10-27,obk,False,anchored,175.0,2025-10-27T17:00:00Z,70312090,8,1,7,42,2,8,1,7,0,0,0,0,0,0,-0.330845,8,6.431605,0.0,8,6.431605,1,7,,0,0.0,0,0,,0,0.0,0,0,8-Ball,0.0
5916966,Per Christian Slåtta,https://img.cuescore.com/image/9/4/94f0961688ab7220c30bdb92a4843aa3.png?t=1562800981,,370.47,370.59,2019-12-02,obk,False,anchored,31.0,2019-08-28T16:45:00Z,6223167,80,31,49,0,2,80,31,49,0,0,0,0,0,0,7e-06,80,15.96,0.011138,23,4.629856,9,14,-0.020004,45,8.960016,17,28,0.053866,12,2.370127,5,7,10-Ball,0.053866
67015048,jo-inge holen,https://img.cuescore.com/image/8/4/862c792ba8eb7f97e626fbe6cbcc59f6.png,https://cuescore.com/img/flags/png-country-4x2-none/res-640x480/no.png,370.01,370.01,2025-09-01,obk,False,anchored,175.0,2025-09-01T16:00:00Z,65621962,13,3,10,37,2,13,3,10,0,0,0,0,0,0,-0.189945,13,10.087333,,0,0.0,0,0,0.0,13,10.087333,3,10,,0,0.0,0,0,9-Ball,0.0
7705975,Nikolai kwit,https://img.cuescore.com/image/a/4/a6af6fda30a91d2a3d2b79e484afd294.png?t=1582914765,https://cuescore.com/img/flags/png-country-4x2-none/res-640x480/no.png,369.95,369.96,2025-10-20,obk,False,anchored,125.0,2025-10-20T16:00:00Z,70188088,14,3,11,36,2,14,3,11,0,0,0,0,0,0,-0.166684,14,11.205283,,0,0.0,0,0,0.0,14,11.205283,3,11,,0,0.0,0,0,9-Ball,0.0
25741009,Heidi Tobiassen,https://img.cuescore.com/image/7/4/7b71c8394a20fb6c1c3f0d26e952e359.png?t=1697885475,https://cuescore.com/img/flags/png-country-4x2-none/res-640x480/no.png,365.77,365.81,2025-08-25,obk,False,anchored,156.0,2025-08-25T16:00:00Z,65621914,35,14,21,15,2,35,14,21,0,0,0,0,0,0,-0.034573,35,25.611549,,0,0.0,0,0,0.0,35,25.611549,14,21,,0,0.0,0,0,9-Ball,0.0
36216313,Bjørn-Kowalski Hansen,https://img.cuescore.com/image/1/4/1679f2186b15751344a58039c04ff726.png?t=1717444166,https://cuescore.com/img/flags/png-country-4x2-none/res-640x480/no.png,363.99,364.25,2025-12-27,obk,False,anchored,4.0,2025-12-27T11:00:00Z,71848093,62,14,48,0,2,62,14,48,0,0,0,0,0,0,3.3e-05,62,41.845118,-0.161435,9,5.394213,1,8,0.02389,53,36.450905,13,40,,0,0.0,0,0,9-Ball,0.02389
59841508,Bjørn Inge Sørensen,https://img.cuescore.com/image/8/4/862c792ba8eb7f97e626fbe6cbcc59f6.png,https://cuescore.com/img/flags/png-country-4x2-none/res-640x480/no.png,363.28,363.29,2025-05-05,obk,False,anchored,150.0,2025-05-05T16:00:00Z,59906125,42,17,25,8,2,42,17,25,0,0,0,0,0,0,-0.016773,42,30.20954,,0,0.0,0,0,0.0,42,30.20954,17,25,,0,0.0,0,0,9-Ball,0.0
2085426,Minh Bui Cong,https://img.cuescore.com/image/8/4/862c792ba8eb7f97e626fbe6cbcc59f6.png,https://cuescore.com/img/flags/png-country-4x2-none/res-640x480/no.png,362.5,362.7,2020-02-03,obk,False,anchored,,,,68,27,41,0,2,68,27,41,0,0,0,0,0,0,4.9e-05,68,11.311436,-0.042056,41,6.858482,15,26,0.136,22,3.632979,11,11,-0.250791,5,0.819976,1,4,9-Ball,0.136
68817391,Stian Espelid,https://img.cuescore.com/image/8/4/862c792ba8eb7f97e626fbe6cbcc59f6.png,https://cuescore.com/img/flags/png-country-4x2-none/res-640x480/hk.png,362.33,362.4,2025-11-03,obk,False,anchored,215.0,2025-11-03T17:00:00Z,70841431,32,10,22,18,2,32,10,22,0,0,0,0,0,0,-0.04591,32,25.459909,-0.14065,8,6.439747,0,8,0.113908,17,13.367533,8,9,-0.109138,7,5.652629,2,5,9-Ball,0.113908
4849639,Petter Rognlien,https://img.cuescore.com/image/8/4/862c792ba8eb7f97e626fbe6cbcc59f6.png,https://cuescore.com/img/flags/png-country-4x2-none/res-640x480/no.png,362.31,362.55,2026-08-10,obk,False,anchored,209.0,2026-08-10T16:00:00Z,86164780,225,70,155,0,2,225,70,155,0,0,0,0,0,0,2e-06,225,151.258674,-0.058628,23,15.182091,5,18,0.037958,170,115.700339,61,109,-0.171848,32,20.376244,4,28,9-Ball,0.037958
54197755,Tom erik Lysenstøen,https://img.cuescore.com/image/4/4/40b64e7913fff82c25db64dca11c5100.png?t=1737635899,https://cuescore.com/img/flags/png-country-4x2-none/res-640x480/no.png,354.89,355.38,2026-10-07,obk,True,anchored,200.0,2026-10-07T16:00:00Z,90543088,1484,426,1058,0,2,1484,426,1058,0,0,0,0,0,0,4e-06,1484,1247.234148,-0.089025,187,156.374634,47,140,0.004714,1081,918.194395,304,777,0.055556,216,172.665119,75,141,10-Ball,0.055556
80766817,Tobias Bratseth,https://img.cuescore.com/image/7/4/7ea4a90d3c1f0719f8ecbf61304134cc.png?t=1778484724,https://cuescore.com/img/flags/png-country-4x2-none/res-640x480/no.png,354.34,354.26,2026-05-11,obk,False,anchored,144.0,2026-05-11T16:00:00Z,81171145,26,7,19,24,2,26,7,19,0,0,0,0,0,0,-0.080083,26,23.508836,-0.115516,7,6.370348,0,7,0.042937,19,17.138488,7,12,,0,0.0,0,0,9-Ball,0.042937
71803366,Jakob Corcoran-Øien,https://img.cuescore.com/image/8/4/862c792ba8eb7f97e626fbe6cbcc59f6.png,https://cuescore.com/img/flags/png-country-4x2-none/res-640x480/no.png,353.58,353.77,2026-04-20,obk,False,anchored,151.0,2026-04-20T16:00:00Z,76464751,88,37,51,0,2,88,37,51,0,0,0,0,0,0,-1.3e-05,88,75.36217,-0.080255,30,25.964238,10,20,0.123197,39,32.516537,21,18,-0.113863,19,16.881396,6,13,9-Ball,0.123197
88271758,Aleksander Edseth Kristiansen,https://img.cuescore.com/image/8/4/862c792ba8eb7f97e626fbe6cbcc59f6.png,https://cuescore.com/img/flags/png-country-4x2-none/res-640x480/no.png,350.96,350.94,2026-09-23,obk,False,anchored,175.0,2026-09-23T16:00:00Z,89905801,19,4,15,31,2,19,4,15,0,0,0,0,0,0,-0.139697,19,18.674988,-0.018474,11,10.745525,3,8,,0,0.0,0,0,0.025035,8,7.929463,1,7,10-Ball,0.025035
2576333,Besar Avdi,https://img.cuescore.com/image/8/4/862c792ba8eb7f97e626fbe6cbcc59f6.png,https://cuescore.com/img/flags/png-country-4x2-none/res-640x480/no.png,349.26,349.36,2019-01-28,obk,False,anchored,,,,46,14,32,4,2,46,14,32,0,0,0,0,0,0,-0.046986,46,7.412261,-0.12998,5,0.809155,1,4,0.015928,41,6.603106,13,28,,0,0.0,0,0,9-Ball,0.015928
1944804,Tommy Martinsen,https://img.cuescore.com/image/8/4/862c792ba8eb7f97e626fbe6cbcc59f6.png,https://cuescore.com/img/flags/png-country-4x2-none/res-640x480/no.png,346.41,346.59,2019-06-03,obk,False,anchored,,,,72,27,45,0,2,72,27,45,0,0,0,0,0,0,3.3e-05,72,11.310132,-0.080643,24,3.440482,7,17,0.074677,44,7.138456,20,24,-0.349606,4,0.731194,0,4,9-Ball,0.074677
52645105,Tommy Bratseth,https://img.cuescore.com/image/8/4/8d880301fd90eac09d80e3a09080fa14.png?t=1747289659,https://cuescore.com/img/flags/png-country-4x2-none/res-640x480/no.png,346.08,345.89,2026-09-09,obk,False,anchored,263.0,2026-09-09T16:00:00Z,87717052,242,70,172,0,2,242,70,172,0,0,0,0,0,0,-0.0,242,210.205711,-0.100617,66,56.063863,14,52,0.030708,170,149.402958,53,117,0.222226,6,4.738891,3,3,10-Ball,0.222226
2576334,Ridvan Avdi,https://img.cuescore.com/image/8/4/862c792ba8eb7f97e626fbe6cbcc59f6.png,https://cuescore.com/img/flags/png-country-4x2-none/res-640x480/no.png,339.09,339.2,2019-01-28,obk,False,anchored,,,,69,22,47,0,2,69,22,47,0,0,0,0,0,0,-8.2e-05,69,10.934705,-0.241924,11,1.679529,1,10,0.043902,58,9.255175,21,37,,0,0.0,0,0,9-Ball,0.043902
1944631,Lars Haakon Lunde,https://img.cuescore.com/image/8/4/862c792ba8eb7f97e626fbe6cbcc59f6.png,https://cuescore.com/img/flags/png-country-4x2-none/res-640x480/no.png,329.33,329.41,2021-06-28,obk,False,anchored,,,,53,16,37,0,2,53,16,37,0,0,0,0,0,0,1.7e-05,53,9.479144,0.098824,23,3.608823,8,15,0.163889,19,2.619548,7,12,-0.241774,11,3.250773,1,10,9-Ball,0.163889
11193832,Susann Lamby Solvang,https://img.cuescore.com/image/2/4/213fe4b7fc4da90f37e2907ede08242c.png?t=1647129741,https://cuescore.com/img/flags/png-country-4x2-none/res-640x480/no.png,324.63,324.89,2022-04-04,obk,False,anchored,,,,66,19,47,0,2,66,19,47,0,0,0,0,0,0,3.6e-05,66,22.678273,-0.038838,53,18.091979,14,39,0.153207,13,4.586294,5,8,,0,0.0,0,0,9-Ball,0.153207
78855460,Raymund Perez,https://img.cuescore.com/image/8/4/862c792ba8eb7f97e626fbe6cbcc59f6.png,https://cuescore.com/img/flags/png-country-4x2-none/res-640x480/ph.png,323.6,323.32,2026-04-27,obk,False,anchored,169.0,2026-04-27T16:00:00Z,76464886,47,11,36,3,2,47,11,36,0,0,0,0,0,0,-0.009239,47,41.855465,,0,0.0,0,0,0.0,47,41.855465,11,36,,0,0.0,0,0,9-Ball,0.0
17419783,Ketil Blix,https://img.cuescore.com/image/4/4/4afafb802c9f4d2ecad04cc1ae0f6f0c.png?t=1696926173,https://cuescore.com/img/flags/png-country-4x2-none/res-640x480/no.png,321.76,321.81,2026-10-05,obk,False,anchored,100.0,2026-10-05T16:00:00Z,90543082,625,187,438,0,2,625,187,438,0,0,0,0,0,0,-9e-06,625,473.019281,-0.071866,115,79.534245,28,87,0.010023,451,338.696512,141,310,0.042366,59,54.788523,18,41,10-Ball,0.042366
63511876,Ingebrigt Magne Dale,https://img.cuescore.com/image/8/4/862c792ba8eb7f97e626fbe6cbcc59f6.png,https://cuescore.com/img/flags/png-country-4x2-none/res-640x480/no.png,321.37,321.36,2026-04-06,obk,False,anchored,159.0,2026-04-06T16:00:00Z,76464547,27,3,24,23,2,27,3,24,0,0,0,0,0,0,-0.148228,27,20.640514,,0,0.0,0,0,0.0,27,20.640514,3,24,,0,0.0,0,0,9-Ball,0.0
81177493,Bjørn Wildhagen,https://img.cuescore.com/image/8/4/862c792ba8eb7f97e626fbe6cbcc59f6.png,https://cuescore.com/img/flags/png-country-4x2-none/res-640x480/no.png,318.31,318.59,2026-09-28,obk,False,anchored,141.0,2026-09-28T16:00:00Z,90141868,135,36,99,0,2,135,36,99,0,0,0,0,0,0,8e-06,135,128.83912,,0,0.0,0,0,0.0,135,128.83912,36,99,,0,0.0,0,0,9-Ball,0.0
2620564,Ridvan,https://img.cuescore.com/image/8/4/862c792ba8eb7f97e626fbe6cbcc59f6.png,https://cuescore.com/img/flags/png-country-4x2-none/res-640x480/no.png,316.6,316.92,2018-10-15,obk,False,anchored,12.0,2018-05-26T12:01:00Z,2619365,50,19,31,0,2,50,19,31,0,0,0,0,0,0,0.000113,50,7.756896,-0.120594,5,0.727554,1,4,0.012482,45,7.029342,18,27,,0,0.0,0,0,9-Ball,0.012482
8274311,Jenny Carine Borrmann,https://img.cuescore.com/image/a/4/a37b21112662883c7b786d1046f2e0aa.png?t=1600699448,https://cuescore.com/img/flags/png-country-4x2-none/res-640x480/no.png,313.62,313.62,2022-11-28,obk,False,anchored,125.0,2022-11-28T17:00:00Z,20121031,40,7,33,10,2,40,7,33,0,0,0,0,0,0,-0.114222,40,12.722046,-0.008887,33,10.98917,6,27,0.056356,7,1.732875,1,6,,0,0.0,0,0,9-Ball,0.056356
28197979,Kalsang Kalsang,https://img.cuescore.com/image/8/4/898112511dfa0280a0dd5592e6dad7ea.png?t=1708242036,https://cuescore.com/img/flags/png-country-4x2-none/res-640x480/no.png,312.58,312.66,2026-04-03,obk,False,anchored,4.0,2026-04-03T13:00:00Z,79209838,33,5,28,17,2,33,5,28,0,0,0,0,0,0,-0.121172,33,20.619345,-0.036675,10,5.26197,1,9,0.055848,9,7.995277,2,7,-0.034437,14,7.362099,2,12,9-Ball,0.055848
3080986,Qazim Redzepi,https://img.cuescore.com/image/8/4/862c792ba8eb7f97e626fbe6cbcc59f6.png,https://cuescore.com/img/flags/png-country-4x2-none/res-640x480/no.png,310.04,310.1,2019-02-25,obk,False,anchored,,,,59,19,40,0,2,59,19,40,0,0,0,0,0,0,-9e-05,59,9.779452,0.151593,13,2.131232,6,7,-0.014879,42,6.992239,13,29,-0.333917,4,0.655981,0,4,8-Ball,0.151593
1018030,Thomas Bestorp,https://img.cuescore.com/image/8/4/862c792ba8eb7f97e626fbe6cbcc59f6.png,,307.79,307.95,2019-09-23,obk,False,anchored,,,,100,30,70,0,2,100,30,70,0,0,0,0,0,0,4.3e-05,100,15.560959,-0.234986,26,4.008678,2,24,0.081541,74,11.552281,28,46,,0,0.0,0,0,9-Ball,0.081541
74738734,Frode Johansen,https://img.cuescore.com/image/d/4/dd7a0826b7ca8ae4c7aa8393ec6196b9.png?t=1768412707,https://cuescore.com/img/flags/png-country-4x2-none/res-640x480/no.png,307.69,308.0,2026-06-01,obk,False,anchored,126.0,2026-06-01T16:00:00Z,82585786,187,60,127,0,2,187,60,127,0,0,0,0,0,0,1.1e-05,187,163.22815,-0.03966,45,39.252077,13,32,0.026103,119,103.923016,42,77,-0.057644,23,20.053057,5,18,9-Ball,0.026103
77274373,Elin Demoniere,https://img.cuescore.com/image/2/4/277e89a18ad63fb7c3bdb2887170b175.png?t=1772469683,https://cuescore.com/img/flags/png-country-4x2-none/res-640x480/no.png,300.05,299.83,2026-09-28,obk,False,anchored,101.0,2026-09-28T16:00:00Z,90141868,285,79,206,0,2,285,79,206,0,0,0,0,0,0,1e-06,285,263.506213,-0.105567,37,34.302865,8,29,0.014119,207,191.303483,59,148,0.024282,41,37.899865,12,29,10-Ball,0.024282
1968343,Silje Jacobsen,https://img.cuescore.com/image/5/4/5aa6aa48f7d5ffe854d5266ac08db7ef.png,https://cuescore.com/img/flags/png-country-4x2-none/res-640x480/no.png,283.25,283.24,2019-01-28,obk,False,anchored,,,,82,21,61,0,2,82,21,61,0,0,0,0,0,0,-0.000115,82,11.936019,,0,0.0,0,0,0.0,82,11.936019,21,61,,0,0.0,0,0,9-Ball,0.0
3218903,Amir Bajrami,https://img.cuescore.com/image/8/4/862c792ba8eb7f97e626fbe6cbcc59f6.png,,283.0,283.36,2019-11-25,obk,False,anchored,,,,53,15,38,0,2,53,15,38,0,0,0,0,0,0,0.000117,53,8.984152,0.046483,19,3.485138,5,14,-0.02946,34,5.499015,10,24,,0,0.0,0,0,8-Ball,0.046483
1091521,Silje Jacobsen,https://img.cuescore.com/image/5/4/5aa6aa48f7d5ffe854d5266ac08db7ef.png,https://cuescore.com/img/flags/png-country-4x2-none/res-640x480/no.png,221.63,221.83,2019-02-11,obk,False,anchored,,,,61,12,49,0,2,61,12,49,0,0,0,0,0,0,5.6e-05,61,9.446031,-0.137928,11,1.459515,1,10,0.025206,50,7.986516,11,39,,0,0.0,0,0,9-Ball,0.025206
3405178,Lag 5,https://img.cuescore.com/image/8/4/862c792ba8eb7f97e626fbe6cbcc59f6.png,https://cuescore.com/img/flags/png-country-4x2-none/res-640x480/no.png,,,2019-12-15,obk,False,disconnected,,,,32,14,18,18,3,32,14,18,0,0,0,0,0,0,,0,0.0,,0,0.0,1,1,,0,0.0,13,17,,0,0.0,0,0,,
3405185,lag 12,https://img.cuescore.com/image/8/4/862c792ba8eb7f97e626fbe6cbcc59f6.png,https://cuescore.com/img/flags/png-country-4x2-none/res-640x480/no.png,,,2019-12-15,obk,False,disconnected,,,,28,11,17,22,3,28,11,17,0,0,0,0,0,0,,0,0.0,,0,0.0,0,0,,0,0.0,11,17,,0,0.0,0,0,,
3405179,Lag 6,https://img.cuescore.com/image/8/4/862c792ba8eb7f97e626fbe6cbcc59f6.png,https://cuescore.com/img/flags/png-country-4x2-none/res-640x480/no.png,,,2019-12-15,obk,False,disconnected,,,,55,30,25,0,3,55,30,25,0,0,0,0,0,0,,0,0.0,,0,0.0,0,1,,0,0.0,30,24,,0,0.0,0,0,,
3405183,Lag 10,https://img.cuescore.com/image/8/4/862c792ba8eb7f97e626fbe6cbcc59f6.png,https://cuescore.com/img/flags/png-country-4x2-none/res-640x480/no.png,,,2019-12-15,obk,False,disconnected,,,,32,17,15,18,3,32,17,15,0,0,0,0,0,0,,0,0.0,,0,0.0,0,0,,0,0.0,17,15,,0,0.0,0,0,,
3405176,Lag 3,https://img.cuescore.com/image/8/4/862c792ba8eb7f97e626fbe6cbcc59f6.png,https://cuescore.com/img/flags/png-country-4x2-none/res-640x480/no.png,,,2019-12-15,obk,False,disconnected,,,,30,11,19,20,3,30,11,19,0,0,0,0,0,0,,0,0.0,,0,0.0,2,0,,0,0.0,9,19,,0,0.0,0,0,,
3405180,Lag 7,https://img.cuescore.com/image/8/4/862c792ba8eb7f97e626fbe6cbcc59f6.png,https://cuescore.com/img/flags/png-country-4x2-none/res-640x480/no.png,,,2019-12-15,obk,False,disconnected,,,,45,27,18,5,3,45,27,18,0,0,0,0,0,0,,0,0.0,,0,0.0,0,1,,0,0.0,27,17,,0,0.0,0,0,,
3405184,Lag 11,https://img.cuescore.com/image/8/4/862c792ba8eb7f97e626fbe6cbcc59f6.png,https://cuescore.com/img/flags/png-country-4x2-none/res-640x480/no.png,,,2019-12-15,obk,False,disconnected,,,,50,33,17,0,3,50,33,17,0,0,0,0,0,0,,0,0.0,,0,0.0,0,0,,0,0.0,33,17,,0,0.0,0,0,,
3405181,Lag 8,https://img.cuescore.com/image/8/4/862c792ba8eb7f97e626fbe6cbcc59f6.png,https://cuescore.com/img/flags/png-country-4x2-none/res-640x480/no.png,,,2019-12-15,obk,False,disconnected,,,,19,4,15,31,3,19,4,15,0,0,0,0,0,0,,0,0.0,,0,0.0,0,0,,0,0.0,4,15,,0,0.0,0,0,,
3405175,Lag 2,https://img.cuescore.com/image/8/4/862c792ba8eb7f97e626fbe6cbcc59f6.png,https://cuescore.com/img/flags/png-country-4x2-none/res-640x480/no.png,,,2019-12-15,obk,False,disconnected,,,,42,24,18,8,3,42,24,18,0,0,0,0,0,0,,0,0.0,,0,0.0,0,1,,0,0.0,24,17,,0,0.0,0,0,,
3405177,Lag 4,https://img.cuescore.com/image/8/4/862c792ba8eb7f97e626fbe6cbcc59f6.png,https://cuescore.com/img/flags/png-country-4x2-none/res-640x480/no.png,,,2019-12-15,obk,False,disconnected,,,,37,19,18,13,3,37,19,18,0,0,0,0,0,0,,0,0.0,,0,0.0,2,0,,0,0.0,17,18,,0,0.0,0,0,,
3405182,Lag 9,https://img.cuescore.com/image/8/4/862c792ba8eb7f97e626fbe6cbcc59f6.png,https://cuescore.com/img/flags/png-country-4x2-none/res-640x480/no.png,,,2019-12-15,obk,False,disconnected,,,,33,13,20,17,3,33,13,20,0,0,0,0,0,0,,0,0.0,,0,0.0,0,0,,0,0.0,13,20,,0,0.0,0,0,,
3405174,Lag 1,https://img.cuescore.com/image/8/4/862c792ba8eb7f97e626fbe6cbcc59f6.png,https://cuescore.com/img/flags/png-country-4x2-none/res-640x480/no.png,,,2019-12-15,obk,False,disconnected,,,,31,14,17,19,3,31,14,17,0,0,0,0,0,0,,0,0.0,,0,0.0,0,1,,0,0.0,14,16,,0,0.0,0,0,,
8339160,Anita,https://img.cuescore.com/image/8/4/862c792ba8eb7f97e626fbe6cbcc59f6.png,https://cuescore.com/img/flags/png-country-4x2-none/res-640x480/no.png,,,2020-10-05,obk,False,disconnected,,,,9,7,2,41,4,9,7,2,0,0,0,0,0,0,,0,0.0,,0,0.0,0,0,,0,0.0,7,2,,0,0.0,0,0,,
8339346,Gunn Ellen,https://img.cuescore.com/image/5/4/5aa6aa48f7d5ffe854d5266ac08db7ef.png,https://cuescore.com/img/flags/png-country-4x2-none/res-640x480/no.png,,,2020-10-05,obk,False,disconnected,,,,9,6,3,41,4,9,6,3,0,0,0,0,0,0,,0,0.0,,0,0.0,0,0,,0,0.0,6,3,,0,0.0,0,0,,
8339161,Silje,https://img.cuescore.com/image/8/4/862c792ba8eb7f97e626fbe6cbcc59f6.png,https://cuescore.com/img/flags/png-country-4x2-none/res-640x480/no.png,,,2020-10-05,obk,False,disconnected,,,,6,0,6,44,4,6,0,6,0,0,0,0,0,0,,0,0.0,,0,0.0,0,0,,0,0.0,0,6,,0,0.0,0,0,,
8338866,Frode,https://img.cuescore.com/image/8/4/862c792ba8eb7f97e626fbe6cbcc59f6.png,https://cuescore.com/img/flags/png-country-4x2-none/res-640x480/no.png,,,2020-10-05,obk,False,disconnected,,,,6,2,4,44,4,6,2,4,0,0,0,0,0,0,,0,0.0,,0,0.0,0,0,,0,0.0,2,4,,0,0.0,0,0,,
57625429,Yngve Aurum,https://img.cuescore.com/image/8/4/862c792ba8eb7f97e626fbe6cbcc59f6.png,https://cuescore.com/img/flags/png-country-4x2-none/res-640x480/no.png,,,2025-03-19,obk,False,disconnected,,,,8,7,1,42,5,8,7,1,0,0,0,0,0,0,,0,0.0,,0,0.0,0,0,,0,0.0,7,1,,0,0.0,0,0,,
57625435,Ståle Aurum,https://img.cuescore.com/image/8/4/862c792ba8eb7f97e626fbe6cbcc59f6.png,https://cuescore.com/img/flags/png-country-4x2-none/res-640x480/no.png,,,2025-03-19,obk,False,disconnected,,,,9,5,4,41,5,9,5,4,0,0,0,0,0,0,,0,0.0,,0,0.0,0,0,,0,0.0,5,4,,0,0.0,0,0,,
57625432,Stian Aurum,https://img.cuescore.com/image/8/4/862c792ba8eb7f97e626fbe6cbcc59f6.png,https://cuescore.com/img/flags/png-country-4x2-none/res-640x480/no.png,,,2025-03-19,obk,False,disconnected,,,,3,1,2,47,5,3,1,2,0,0,0,0,0,0,,0,0.0,,0,0.0,0,0,,0,0.0,1,2,,0,0.0,0,0,,
57625354,Aanund Aurum,https://img.cuescore.com/image/8/4/862c792ba8eb7f97e626fbe6cbcc59f6.png,https://cuescore.com/img/flags/png-country-4x2-none/res-640x480/no.png,,,2025-03-19,obk,False,disconnected,,,,2,0,2,48,5,2,0,2,0,0,0,0,0,0,,0,0.0,,0,0.0,0,0,,0,0.0,0,2,,0,0.0,0,0,,
57625423,Anders Aurum,https://img.cuescore.com/image/8/4/862c792ba8eb7f97e626fbe6cbcc59f6.png,https://cuescore.com/img/flags/png-country-4x2-none/res-640x480/no.png,,,2025-03-19,obk,False,disconnected,,,,4,2,2,46,5,4,2,2,0,0,0,0,0,0,,0,0.0,,0,0.0,0,0,,0,0.0,2,2,,0,0.0,0,0,,
57625420,Arve Aurum,https://img.cuescore.com/image/8/4/862c792ba8eb7f97e626fbe6cbcc59f6.png,https://cuescore.com/img/flags/png-country-4x2-none/res-640x480/no.png,,,2025-03-19,obk,False,disconnected,,,,2,0,2,48,5,2,0,2,0,0,0,0,0,0,,0,0.0,,0,0.0,0,0,,0,0.0,0,2,,0,0.0,0,0,,
57625438,Espen Aurum,https://img.cuescore.com/image/8/4/862c792ba8eb7f97e626fbe6cbcc59f6.png,https://cuescore.com/img/flags/png-country-4x2-none/res-640x480/no.png,,,2025-03-19,obk,False,disconnected,,,,4,2,2,46,5,4,2,2,0,0,0,0,0,0,,0,0.0,,0,0.0,0,0,,0,0.0,2,2,,0,0.0,0,0,,
57625426,Bergen Aurum,https://img.cuescore.com/image/8/4/862c792ba8eb7f97e626fbe6cbcc59f6.png,https://cuescore.com/img/flags/png-country-4x2-none/res-640x480/no.png,,,2025-03-19,obk,False,disconnected,,,,2,0,2,48,5,2,0,2,0,0,0,0,0,0,,0,0.0,,0,0.0,0,0,,0,0.0,0,2,,0,0.0,0,0,,
1751816,Georgios Fragkias,https://img.cuescore.com/image/8/4/862c792ba8eb7f97e626fbe6cbcc59f6.png,https://cuescore.com/img/flags/png-country-4x2-none/res-640x480/gr.png,,,2017-10-09,obk,False,disconnected,,,,4,1,3,46,6,4,1,3,0,0,0,0,0,0,,0,0.0,,0,0.0,1,3,,0,0.0,0,0,,0,0.0,0,0,,
1751817,Panagiotis Konstantinidis,https://img.cuescore.com/image/8/4/862c792ba8eb7f97e626fbe6cbcc59f6.png,https://cuescore.com/img/flags/png-country-4x2-none/res-640x480/gr.png,,,2017-10-09,obk,False,disconnected,,,,4,3,1,46,6,4,3,1,0,0,0,0,0,0,,0,0.0,,0,0.0,3,1,,0,0.0,0,0,,0,0.0,0,0,,
58582747,Kari Mo,https://img.cuescore.com/image/5/4/5aa6aa48f7d5ffe854d5266ac08db7ef.png,https://cuescore.com/img/flags/png-country-4x2-none/res-640x480/no.png,,,2025-04-09,obk,False,disconnected,,,,6,3,3,44,7,6,3,3,0,0,0,0,0,0,,0,0.0,,0,0.0,3,3,,0,0.0,0,0,,0,0.0,0,0,,
58582762,Olav Melve,https://img.cuescore.com/image/8/4/862c792ba8eb7f97e626fbe6cbcc59f6.png,https://cuescore.com/img/flags/png-country-4x2-none/res-640x480/no.png,,,2025-04-09,obk,False,disconnected,,,,8,5,3,42,7,8,5,3,0,0,0,0,0,0,,0,0.0,,0,0.0,5,3,,0,0.0,0,0,,0,0.0,0,0,,
58582753,Herleik Holtan,https://img.cuescore.com/image/8/4/862c792ba8eb7f97e626fbe6cbcc59f6.png,https://cuescore.com/img/flags/png-country-4x2-none/res-640x480/no.png,,,2025-04-09,obk,False,disconnected,,,,7,6,1,43,7,7,6,1,0,0,0,0,0,0,,0,0.0,,0,0.0,6,1,,0,0.0,0,0,,0,0.0,0,0,,
58582768,Maximilian Rimmel,https://img.cuescore.com/image/8/4/862c792ba8eb7f97e626fbe6cbcc59f6.png,https://cuescore.com/img/flags/png-country-4x2-none/res-640x480/no.png,,,2025-04-09,obk,False,disconnected,,,,7,3,4,43,7,7,3,4,0,0,0,0,0,0,,0,0.0,,0,0.0,3,4,,0,0.0,0,0,,0,0.0,0,0,,
58582774,Sindri Ingolfsson,https://img.cuescore.com/image/8/4/862c792ba8eb7f97e626fbe6cbcc59f6.png,https://cuescore.com/img/flags/png-country-4x2-none/res-640x480/no.png,,,2025-04-09,obk,False,disconnected,,,,6,2,4,44,7,6,2,4,0,0,0,0,0,0,,0,0.0,,0,0.0,2,4,,0,0.0,0,0,,0,0.0,0,0,,
58582759,Sinara Vijayan,https://img.cuescore.com/image/5/4/5aa6aa48f7d5ffe854d5266ac08db7ef.png,https://cuescore.com/img/flags/png-country-4x2-none/res-640x480/no.png,,,2025-04-09,obk,False,disconnected,,,,4,0,4,46,7,4,0,4,0,0,0,0,0,0,,0,0.0,,0,0.0,0,4,,0,0.0,0,0,,0,0.0,0,0,,
25651783,Fabian & Ivar,https://img.cuescore.com/image/8/4/862c792ba8eb7f97e626fbe6cbcc59f6.png,https://cuescore.com/img/flags/png-country-4x2-none/res-640x480/no.png,,,2023-03-07,obk,False,disconnected,,,,3,1,2,47,8,3,1,2,0,0,0,0,0,0,,0,0.0,,0,0.0,1,2,,0,0.0,0,0,,0,0.0,0,0,,
25651789,Peter & Ronny,https://img.cuescore.com/image/8/4/862c792ba8eb7f97e626fbe6cbcc59f6.png,https://cuescore.com/img/flags/png-country-4x2-none/res-640x480/no.png,,,2023-03-07,obk,False,disconnected,,,,7,5,2,43,8,7,5,2,0,0,0,0,0,0,,0,0.0,,0,0.0,5,2,,0,0.0,0,0,,0,0.0,0,0,,
25651198,Cecilie & Dagfinn,https://img.cuescore.com/image/8/4/862c792ba8eb7f97e626fbe6cbcc59f6.png,https://cuescore.com/img/flags/png-country-4x2-none/res-640x480/no.png,,,2023-03-07,obk,False,disconnected,,,,3,1,2,47,8,3,1,2,0,0,0,0,0,0,,0,0.0,,0,0.0,1,2,,0,0.0,0,0,,0,0.0,0,0,,
25651231,Christian Andre & Daniel,https://img.cuescore.com/image/8/4/862c792ba8eb7f97e626fbe6cbcc59f6.png,https://cuescore.com/img/flags/png-country-4x2-none/res-640x480/no.png,,,2023-03-07,obk,False,disconnected,,,,6,4,2,44,8,6,4,2,0,0,0,0,0,0,,0,0.0,,0,0.0,4,2,,0,0.0,0,0,,0,0.0,0,0,,
25651222,Kenneth & Tore,https://img.cuescore.com/image/8/4/862c792ba8eb7f97e626fbe6cbcc59f6.png,https://cuescore.com/img/flags/png-country-4x2-none/res-640x480/no.png,,,2023-03-07,obk,False,disconnected,,,,5,3,2,45,8,5,3,2,0,0,0,0,0,0,,0,0.0,,0,0.0,3,2,,0,0.0,0,0,,0,0.0,0,0,,
25651163,Martine & Merhawi,https://img.cuescore.com/image/8/4/862c792ba8eb7f97e626fbe6cbcc59f6.png,https://cuescore.com/img/flags/png-country-4x2-none/res-640x480/no.png,,,2023-03-07,obk,False,disconnected,,,,2,0,2,48,8,2,0,2,0,0,0,0,0,0,,0,0.0,,0,0.0,0,2,,0,0.0,0,0,,0,0.0,0,0,,
25651813,Hans Otto & Per Åge & Espen,https://img.cuescore.com/image/8/4/862c792ba8eb7f97e626fbe6cbcc59f6.png,https://cuescore.com/img/flags/png-country-4x2-none/res-640x480/no.png,,,2023-03-07,obk,False,disconnected,,,,4,2,2,46,8,4,2,2,0,0,0,0,0,0,,0,0.0,,0,0.0,2,2,,0,0.0,0,0,,0,0.0,0,0,,
25651180,Mathias & Vincent,https://img.cuescore.com/image/8/4/862c792ba8eb7f97e626fbe6cbcc59f6.png,https://cuescore.com/img/flags/png-country-4x2-none/res-640x480/no.png,,,2023-03-07,obk,False,disconnected,,,,2,0,2,48,8,2,0,2,0,0,0,0,0,0,,0,0.0,,0,0.0,0,2,,0,0.0,0,0,,0,0.0,0,0,,
25651801,Tomas & Geir,https://img.cuescore.com/image/8/4/862c792ba8eb7f97e626fbe6cbcc59f6.png,https://cuescore.com/img/flags/png-country-4x2-none/res-640x480/no.png,,,2023-03-07,obk,False,disconnected,,,,4,2,2,46,8,4,2,2,0,0,0,0,0,0,,0,0.0,,0,0.0,2,2,,0,0.0,0,0,,0,0.0,0,0,,
8096866,Marius,https://img.cuescore.com/image/8/4/862c792ba8eb7f97e626fbe6cbcc59f6.png,https://cuescore.com/img/flags/png-country-4x2-none/res-640x480/no.png,,,2020-08-22,obk,False,disconnected,,,,6,3,3,44,9,6,3,3,0,0,0,0,0,0,,0,0.0,,0,0.0,0,0,,0,0.0,3,3,,0,0.0,0,0,,
8096870,Seb,https://img.cuescore.com/image/8/4/862c792ba8eb7f97e626fbe6cbcc59f6.png,https://cuescore.com/img/flags/png-country-4x2-none/res-640x480/no.png,,,2020-08-22,obk,False,disconnected,,,,3,1,2,47,9,3,1,2,0,0,0,0,0,0,,0,0.0,,0,0.0,0,0,,0,0.0,1,2,,0,0.0,0,0,,
8096868,Alex Holm,https://img.cuescore.com/image/8/4/862c792ba8eb7f97e626fbe6cbcc59f6.png,https://cuescore.com/img/flags/png-country-4x2-none/res-640x480/no.png,,,2020-08-22,obk,False,disconnected,,,,3,1,2,47,9,3,1,2,0,0,0,0,0,0,,0,0.0,,0,0.0,0,0,,0,0.0,1,2,,0,0.0,0,0,,
8096876,Miika,https://img.cuescore.com/image/8/4/862c792ba8eb7f97e626fbe6cbcc59f6.png,https://cuescore.com/img/flags/png-country-4x2-none/res-640x480/no.png,,,2020-08-22,obk,False,disconnected,,,,11,7,4,39,9,11,7,4,0,0,0,0,0,0,,0,0.0,,0,0.0,0,0,,0,0.0,7,4,,0,0.0,0,0,,
8096869,Daniel,https://img.cuescore.com/image/8/4/862c792ba8eb7f97e626fbe6cbcc59f6.png,https://cuescore.com/img/flags/png-country-4x2-none/res-640x480/no.png,,,2020-08-22,obk,False,disconnected,,,,8,5,3,42,9,8,5,3,0,0,0,0,0,0,,0,0.0,,0,0.0,0,0,,0,0.0,5,3,,0,0.0,0,0,,
8096875,Siri,https://img.cuescore.com/image/5/4/5aa6aa48f7d5ffe854d5266ac08db7ef.png,https://cuescore.com/img/flags/png-country-4x2-none/res-640x480/no.png,,,2020-08-22,obk,False,disconnected,,,,5,3,2,45,9,5,3,2,0,0,0,0,0,0,,0,0.0,,0,0.0,0,0,,0,0.0,3,2,,0,0.0,0,0,,
8096810,Joachim,https://img.cuescore.com/image/8/4/862c792ba8eb7f97e626fbe6cbcc59f6.png,https://cuescore.com/img/flags/png-country-4x2-none/res-640x480/no.png,,,2020-08-22,obk,False,disconnected,,,,5,2,3,45,9,5,2,3,0,0,0,0,0,0,,0,0.0,,0,0.0,0,0,,0,0.0,2,3,,0,0.0,0,0,,
8096872,Bjørn,https://img.cuescore.com/image/8/4/862c792ba8eb7f97e626fbe6cbcc59f6.png,https://cuescore.com/img/flags/png-country-4x2-none/res-640x480/no.png,,,2020-08-22,obk,False,disconnected,,,,9,8,1,41,9,9,8,1,0,0,0,0,0,0,,0,0.0,,0,0.0,0,0,,0,0.0,8,1,,0,0.0,0,0,,
8096879,Jokke,https://img.cuescore.com/image/8/4/862c792ba8eb7f97e626fbe6cbcc59f6.png,https://cuescore.com/img/flags/png-country-4x2-none/res-640x480/no.png,,,2020-08-22,obk,False,disconnected,,,,2,0,2,48,9,2,0,2,0,0,0,0,0,0,,0,0.0,,0,0.0,0,0,,0,0.0,0,2,,0,0.0,0,0,,
8096867,josias,https://img.cuescore.com/image/8/4/862c792ba8eb7f97e626fbe6cbcc59f6.png,https://cuescore.com/img/flags/png-country-4x2-none/res-640x480/no.png,,,2020-08-22,obk,False,disconnected,,,,2,0,2,48,9,2,0,2,0,0,0,0,0,0,,0,0.0,,0,0.0,0,0,,0,0.0,0,2,,0,0.0,0,0,,
8096874,Evy,https://img.cuescore.com/image/5/4/5aa6aa48f7d5ffe854d5266ac08db7ef.png,https://cuescore.com/img/flags/png-country-4x2-none/res-640x480/no.png,,,2020-08-22,obk,False,disconnected,,,,2,0,2,48,9,2,0,2,0,0,0,0,0,0,,0,0.0,,0,0.0,0,0,,0,0.0,0,2,,0,0.0,0,0,,
8096871,Tina,https://img.cuescore.com/image/5/4/5aa6aa48f7d5ffe854d5266ac08db7ef.png,https://cuescore.com/img/flags/png-country-4x2-none/res-640x480/no.png,,,2020-08-22,obk,False,disconnected,,,,2,0,2,48,9,2,0,2,0,0,0,0,0,0,,0,0.0,,0,0.0,0,0,,0,0.0,0,2,,0,0.0,0,0,,
8096873,Heidi,https://img.cuescore.com/image/5/4/5aa6aa48f7d5ffe854d5266ac08db7ef.png,https://cuescore.com/img/flags/png-country-4x2-none/res-640x480/no.png,,,2020-08-22,obk,False,disconnected,,,,2,0,2,48,9,2,0,2,0,0,0,0,0,0,,0,0.0,,0,0.0,0,0,,0,0.0,0,2,,0,0.0,0,0,,
7704519,Ester Mathilde Sve,https://img.cuescore.com/image/8/4/862c792ba8eb7f97e626fbe6cbcc59f6.png,https://cuescore.com/img/flags/png-country-4x2-none/res-640x480/no.png,,,2020-02-28,obk,False,disconnected,,,,3,1,2,47,10,3,1,2,0,0,0,0,0,0,,0,0.0,,0,0.0,1,2,,0,0.0,0,0,,0,0.0,0,0,,
7704545,Stian Svea,https://img.cuescore.com/image/8/4/862c792ba8eb7f97e626fbe6cbcc59f6.png,https://cuescore.com/img/flags/png-country-4x2-none/res-640x480/no.png,,,2020-02-28,obk,False,disconnected,,,,6,3,3,44,10,6,3,3,0,0,0,0,0,0,,0,0.0,,0,0.0,3,3,,0,0.0,0,0,,0,0.0,0,0,,
7704525,Andre Svea,https://img.cuescore.com/image/8/4/862c792ba8eb7f97e626fbe6cbcc59f6.png,https://cuescore.com/img/flags/png-country-4x2-none/res-640x480/no.png,,,2020-02-28,obk,False,disconnected,,,,3,1,2,47,10,3,1,2,0,0,0,0,0,0,,0,0.0,,0,0.0,1,2,,0,0.0,0,0,,0,0.0,0,0,,
7704528,Jostein Svea,https://img.cuescore.com/image/8/4/862c792ba8eb7f97e626fbe6cbcc59f6.png,https://cuescore.com/img/flags/png-country-4x2-none/res-640x480/no.png,,,2020-02-28,obk,False,disconnected,,,,6,3,3,44,10,6,3,3,0,0,0,0,0,0,,0,0.0,,0,0.0,3,3,,0,0.0,0,0,,0,0.0,0,0,,
7704523,Anne Sofie svea,https://img.cuescore.com/image/8/4/862c792ba8eb7f97e626fbe6cbcc59f6.png,https://cuescore.com/img/flags/png-country-4x2-none/res-640x480/no.png,,,2020-02-28,obk,False,disconnected,,,,3,1,2,47,10,3,1,2,0,0,0,0,0,0,,0,0.0,,0,0.0,1,2,,0,0.0,0,0,,0,0.0,0,0,,
7704526,Sindre Svea,https://img.cuescore.com/image/8/4/862c792ba8eb7f97e626fbe6cbcc59f6.png,https://cuescore.com/img/flags/png-country-4x2-none/res-640x480/no.png,,,2020-02-28,obk,False,disconnected,,,,10,7,3,40,10,10,7,3,0,0,0,0,0,0,,0,0.0,,0,0.0,7,3,,0,0.0,0,0,,0,0.0,0,0,,
7704520,Christine Svea,https://img.cuescore.com/image/8/4/862c792ba8eb7f97e626fbe6cbcc59f6.png,https://cuescore.com/img/flags/png-country-4x2-none/res-640x480/no.png,,,2020-02-28,obk,False,disconnected,,,,7,4,3,43,10,7,4,3,0,0,0,0,0,0,,0,0.0,,0,0.0,4,3,,0,0.0,0,0,,0,0.0,0,0,,
7704529,Magnus Svea,https://img.cuescore.com/image/8/4/862c792ba8eb7f97e626fbe6cbcc59f6.png,https://cuescore.com/img/flags/png-country-4x2-none/res-640x480/no.png,,,2020-02-28,obk,False,disconnected,,,,11,8,3,39,10,11,8,3,0,0,0,0,0,0,,0,0.0,,0,0.0,8,3,,0,0.0,0,0,,0,0.0,0,0,,
7704530,Chip Svea,https://img.cuescore.com/image/8/4/862c792ba8eb7f97e626fbe6cbcc59f6.png,https://cuescore.com/img/flags/png-country-4x2-none/res-640x480/no.png,,,2020-02-28,obk,False,disconnected,,,,7,5,2,43,10,7,5,2,0,0,0,0,0,0,,0,0.0,,0,0.0,5,2,,0,0.0,0,0,,0,0.0,0,0,,
7704532,Aurora Svea,https://img.cuescore.com/image/8/4/862c792ba8eb7f97e626fbe6cbcc59f6.png,https://cuescore.com/img/flags/png-country-4x2-none/res-640x480/no.png,,,2020-02-28,obk,False,disconnected,,,,2,0,2,48,10,2,0,2,0,0,0,0,0,0,,0,0.0,,0,0.0,0,2,,0,0.0,0,0,,0,0.0,0,0,,
7704516,Mathiesen thoresen Svea,https://img.cuescore.com/image/5/4/5aa6aa48f7d5ffe854d5266ac08db7ef.png,https://cuescore.com/img/flags/png-country-4x2-none/res-640x480/no.png,,,2020-02-28,obk,False,disconnected,,,,2,0,2,48,10,2,0,2,0,0,0,0,0,0,,0,0.0,,0,0.0,0,2,,0,0.0,0,0,,0,0.0,0,0,,
7704524,Victor Svea,https://img.cuescore.com/image/8/4/862c792ba8eb7f97e626fbe6cbcc59f6.png,https://cuescore.com/img/flags/png-country-4x2-none/res-640x480/no.png,,,2020-02-28,obk,False,disconnected,,,,2,0,2,48,10,2,0,2,0,0,0,0,0,0,,0,0.0,,0,0.0,0,2,,0,0.0,0,0,,0,0.0,0,0,,
7704536,Aisha Svea,https://img.cuescore.com/image/8/4/862c792ba8eb7f97e626fbe6cbcc59f6.png,https://cuescore.com/img/flags/png-country-4x2-none/res-640x480/no.png,,,2020-02-28,obk,False,disconnected,,,,2,0,2,48,10,2,0,2,0,0,0,0,0,0,,0,0.0,,0,0.0,0,2,,0,0.0,0,0,,0,0.0,0,0,,
7704542,Martin Svea,https://img.cuescore.com/image/8/4/862c792ba8eb7f97e626fbe6cbcc59f6.png,https://cuescore.com/img/flags/png-country-4x2-none/res-640x480/no.png,,,2020-02-28,obk,False,disconnected,,,,2,0,2,48,10,2,0,2,0,0,0,0,0,0,,0,0.0,,0,0.0,0,2,,0,0.0,0,0,,0,0.0,0,0,,
58625332,Vegard Kristian,https://img.cuescore.com/image/8/4/862c792ba8eb7f97e626fbe6cbcc59f6.png,https://cuescore.com/img/flags/png-country-4x2-none/res-640x480/no.png,,,2025-04-10,obk,False,disconnected,,,,3,2,1,47,11,3,2,1,0,0,0,0,0,0,,0,0.0,,0,0.0,2,1,,0,0.0,0,0,,0,0.0,0,0,,
58625335,Silje Ylva,https://img.cuescore.com/image/8/4/862c792ba8eb7f97e626fbe6cbcc59f6.png,https://cuescore.com/img/flags/png-country-4x2-none/res-640x480/no.png,,,2025-04-10,obk,False,disconnected,,,,5,3,2,45,11,5,3,2,0,0,0,0,0,0,,0,0.0,,0,0.0,3,2,,0,0.0,0,0,,0,0.0,0,0,,
58625338,Simon Ida,https://img.cuescore.com/image/8/4/862c792ba8eb7f97e626fbe6cbcc59f6.png,https://cuescore.com/img/flags/png-country-4x2-none/res-640x480/no.png,,,2025-04-10,obk,False,disconnected,,,,4,2,2,46,11,4,2,2,0,0,0,0,0,0,,0,0.0,,0,0.0,2,2,,0,0.0,0,0,,0,0.0,0,0,,
58625356,Simen Fredrik,https://img.cuescore.com/image/8/4/862c792ba8eb7f97e626fbe6cbcc59f6.png,https://cuescore.com/img/flags/png-country-4x2-none/res-640x480/no.png,,,2025-04-10,obk,False,disconnected,,,,3,1,2,47,11,3,1,2,0,0,0,0,0,0,,0,0.0,,0,0.0,1,2,,0,0.0,0,0,,0,0.0,0,0,,
58625257,Josef Karl,https://img.cuescore.com/image/8/4/862c792ba8eb7f97e626fbe6cbcc59f6.png,https://cuescore.com/img/flags/png-country-4x2-none/res-640x480/no.png,,,2025-04-10,obk,False,disconnected,,,,2,0,2,48,11,2,0,2,0,0,0,0,0,0,,0,0.0,,0,0.0,0,2,,0,0.0,0,0,,0,0.0,0,0,,
58625341,Andreas Sondre,https://img.cuescore.com/image/8/4/862c792ba8eb7f97e626fbe6cbcc59f6.png,https://cuescore.com/img/flags/png-country-4x2-none/res-640x480/no.png,,,2025-04-10,obk,False,disconnected,,,,4,4,0,46,11,4,4,0,0,0,0,0,0,0,,0,0.0,,0,0.0,4,0,,0,0.0,0,0,,0,0.0,0,0,,
58625347,Michelle Thea,https://img.cuescore.com/image/8/4/862c792ba8eb7f97e626fbe6cbcc59f6.png,https://cuescore.com/img/flags/png-country-4x2-none/res-640x480/no.png,,,2025-04-10,obk,False,disconnected,,,,2,0,2,48,11,2,0,2,0,0,0,0,0,0,,0,0.0,,0,0.0,0,2,,0,0.0,0,0,,0,0.0,0,0,,
58625374,Andreas pia Aleks,https://img.cuescore.com/image/8/4/862c792ba8eb7f97e626fbe6cbcc59f6.png,https://cuescore.com/img/flags/png-country-4x2-none/res-640x480/no.png,,,2025-04-10,obk,False,disconnected,,,,3,1,2,47,11,3,1,2,0,0,0,0,0,0,,0,0.0,,0,0.0,1,2,,0,0.0,0,0,,0,0.0,0,0,,
14668741,Alan Tomczak,https://img.cuescore.com/image/8/4/862c792ba8eb7f97e626fbe6cbcc59f6.png,https://cuescore.com/img/flags/png-country-4x2-none/res-640x480/no.png,,,2022-03-24,obk,False,disconnected,,,,5,3,2,45,12,5,3,2,0,0,0,0,0,0,,0,0.0,,0,0.0,3,2,,0,0.0,0,0,,0,0.0,0,0,,
14668945,Ove Graneng,https://img.cuescore.com/image/8/4/862c792ba8eb7f97e626fbe6cbcc59f6.png,https://cuescore.com/img/flags/png-country-4x2-none/res-640x480/no.png,,,2022-03-24,obk,False,disconnected,,,,3,3,0,47,12,3,3,0,0,0,0,0,0,0,,0,0.0,,0,0.0,3,0,,0,0.0,0,0,,0,0.0,0,0,,
14668681,Gry Winther,https://img.cuescore.com/image/5/4/5aa6aa48f7d5ffe854d5266ac08db7ef.png,https://cuescore.com/img/flags/png-country-4x2-none/res-640x480/no.png,,,2022-03-24,obk,False,disconnected,,,,2,0,2,48,12,2,0,2,0,0,0,0,0,0,,0,0.0,,0,0.0,0,2,,0,0.0,0,0,,0,0.0,0,0,,
14668708,Tommy Larsen,https://img.cuescore.com/image/8/4/862c792ba8eb7f97e626fbe6cbcc59f6.png,https://cuescore.com/img/flags/png-country-4x2-none/res-640x480/no.png,,,2022-03-24,obk,False,disconnected,,,,6,4,2,44,12,6,4,2,0,0,0,0,0,0,,0,0.0,,0,0.0,4,2,,0,0.0,0,0,,0,0.0,0,0,,
14668696,Damian Buchla,https://img.cuescore.com/image/8/4/862c792ba8eb7f97e626fbe6cbcc59f6.png,https://cuescore.com/img/flags/png-country-4x2-none/res-640x480/no.png,,,2022-03-24,obk,False,disconnected,,,,2,0,2,48,12,2,0,2,0,0,0,0,0,0,,0,0.0,,0,0.0,0,2,,0,0.0,0,0,,0,0.0,0,0,,
14668783,Niklas Olausson,https://img.cuescore.com/image/8/4/862c792ba8eb7f97e626fbe6cbcc59f6.png,https://cuescore.com/img/flags/png-country-4x2-none/res-640x480/no.png,,,2022-03-24,obk,False,disconnected,,,,4,2,2,46,12,4,2,2,0,0,0,0,0,0,,0,0.0,,0,0.0,2,2,,0,0.0,0,0,,0,0.0,0,0,,
14668687,Petter Brenne,https://img.cuescore.com/image/8/4/862c792ba8eb7f97e626fbe6cbcc59f6.png,https://cuescore.com/img/flags/png-country-4x2-none/res-640x480/no.png,,,2022-03-24,obk,False,disconnected,,,,4,2,2,46,12,4,2,2,0,0,0,0,0,0,,0,0.0,,0,0.0,2,2,,0,0.0,0,0,,0,0.0,0,0,,
14668744,Josef Mahnin,https://img.cuescore.com/image/8/4/862c792ba8eb7f97e626fbe6cbcc59f6.png,https://cuescore.com/img/flags/png-country-4x2-none/res-640x480/no.png,,,2022-03-24,obk,False,disconnected,,,,2,0,2,48,12,2,0,2,0,0,0,0,0,0,,0,0.0,,0,0.0,0,2,,0,0.0,0,0,,0,0.0,0,0,,
14668786,Christoffer Edvardsen,https://img.cuescore.com/image/8/4/862c792ba8eb7f97e626fbe6cbcc59f6.png,https://cuescore.com/img/flags/png-country-4x2-none/res-640x480/no.png,,,2022-03-24,obk,False,disconnected,,,,3,1,2,47,12,3,1,2,0,0,0,0,0,0,,0,0.0,,0,0.0,1,2,,0,0.0,0,0,,0,0.0,0,0,,
14668684,Frank Taug,https://img.cuescore.com/image/8/4/862c792ba8eb7f97e626fbe6cbcc59f6.png,https://cuescore.com/img/flags/png-country-4x2-none/res-640x480/no.png,,,2022-03-24,obk,False,disconnected,,,,5,3,2,45,12,5,3,2,0,0,0,0,0,0,,0,0.0,,0,0.0,3,2,,0,0.0,0,0,,0,0.0,0,0,,
14668753,Arnor Vegardsson,https://img.cuescore.com/image/8/4/862c792ba8eb7f97e626fbe6cbcc59f6.png,https://cuescore.com/img/flags/png-country-4x2-none/res-640x480/no.png,,,2022-03-24,obk,False,disconnected,,,,2,0,2,48,12,2,0,2,0,0,0,0,0,0,,0,0.0,,0,0.0,0,2,,0,0.0,0,0,,0,0.0,0,0,,
14668933,Andreas Ulseth,https://img.cuescore.com/image/8/4/862c792ba8eb7f97e626fbe6cbcc59f6.png,https://cuescore.com/img/flags/png-country-4x2-none/res-640x480/no.png,,,2022-03-24,obk,False,disconnected,,,,3,1,2,47,12,3,1,2,0,0,0,0,0,0,,0,0.0,,0,0.0,1,2,,0,0.0,0,0,,0,0.0,0,0,,
14668723,Fredrik Ruud,https://img.cuescore.com/image/8/4/862c792ba8eb7f97e626fbe6cbcc59f6.png,https://cuescore.com/img/flags/png-country-4x2-none/res-640x480/no.png,,,2022-03-24,obk,False,disconnected,,,,3,3,0,47,12,3,3,0,0,0,0,0,0,0,,0,0.0,,0,0.0,3,0,,0,0.0,0,0,,0,0.0,0,0,,
9081066,Martin,https://img.cuescore.com/image/8/4/862c792ba8eb7f97e626fbe6cbcc59f6.png,https://cuescore.com/img/flags/png-country-4x2-none/res-640x480/no.png,,,2021-08-07,obk,False,disconnected,,,,2,1,1,48,13,2,1,1,0,0,0,0,0,0,,0,0.0,,0,0.0,1,1,,0,0.0,0,0,,0,0.0,0,0,,
9081070,Jardar,https://img.cuescore.com/image/8/4/862c792ba8eb7f97e626fbe6cbcc59f6.png,https://cuescore.com/img/flags/png-country-4x2-none/res-640x480/no.png,,,2021-08-07,obk,False,disconnected,,,,1,0,1,49,13,1,0,1,0,0,0,0,0,0,,0,0.0,,0,0.0,0,1,,0,0.0,0,0,,0,0.0,0,0,,
9081069,Lodve,https://img.cuescore.com/image/8/4/862c792ba8eb7f97e626fbe6cbcc59f6.png,https://cuescore.com/img/flags/png-country-4x2-none/res-640x480/no.png,,,2021-08-07,obk,False,disconnected,,,,3,3,0,47,13,3,3,0,0,0,0,0,0,0,,0,0.0,,0,0.0,3,0,,0,0.0,0,0,,0,0.0,0,0,,
9081071,Njaal,https://img.cuescore.com/image/8/4/862c792ba8eb7f97e626fbe6cbcc59f6.png,https://cuescore.com/img/flags/png-country-4x2-none/res-640x480/no.png,,,2021-08-07,obk,False,disconnected,,,,1,0,1,49,13,1,0,1,0,0,0,0,0,0,,0,0.0,,0,0.0,0,1,,0,0.0,0,0,,0,0.0,0,0,,
9081073,Geir Einar,https://img.cuescore.com/image/8/4/862c792ba8eb7f97e626fbe6cbcc59f6.png,https://cuescore.com/img/flags/png-country-4x2-none/res-640x480/no.png,,,2021-08-07,obk,False,disconnected,,,,2,1,1,48,13,2,1,1,0,0,0,0,0,0,,0,0.0,,0,0.0,1,1,,0,0.0,0,0,,0,0.0,0,0,,
9081065,Sturla,https://img.cuescore.com/image/8/4/862c792ba8eb7f97e626fbe6cbcc59f6.png,https://cuescore.com/img/flags/png-country-4x2-none/res-640x480/no.png,,,2021-08-07,obk,False,disconnected,,,,2,1,1,48,13,2,1,1,0,0,0,0,0,0,,0,0.0,,0,0.0,1,1,,0,0.0,0,0,,0,0.0,0,0,,
9081072,Kristian,https://img.cuescore.com/image/8/4/862c792ba8eb7f97e626fbe6cbcc59f6.png,https://cuescore.com/img/flags/png-country-4x2-none/res-640x480/no.png,,,2021-08-07,obk,False,disconnected,,,,1,0,1,49,13,1,0,1,0,0,0,0,0,0,,0,0.0,,0,0.0,0,1,,0,0.0,0,0,,0,0.0,0,0,,
9081067,Kris,https://img.cuescore.com/image/8/4/862c792ba8eb7f97e626fbe6cbcc59f6.png,https://cuescore.com/img/flags/png-country-4x2-none/res-640x480/no.png,,,2021-08-07,obk,False,disconnected,,,,1,0,1,49,13,1,0,1,0,0,0,0,0,0,,0,0.0,,0,0.0,0,1,,0,0.0,0,0,,0,0.0,0,0,,
9081068,Ole,https://img.cuescore.com/image/8/4/862c792ba8eb7f97e626fbe6cbcc59f6.png,https://cuescore.com/img/flags/png-country-4x2-none/res-640x480/no.png,,,2021-08-07,obk,False,disconnected,,,,3,2,1,47,13,3,2,1,0,0,0,0,0,0,,0,0.0,,0,0.0,2,1,,0,0.0,0,0,,0,0.0,0,0,,
6672223,Veronica,https://img.cuescore.com/image/5/4/5aa6aa48f7d5ffe854d5266ac08db7ef.png,https://cuescore.com/img/flags/png-country-4x2-none/res-640x480/no.png,,,2019-10-19,obk,False,disconnected,,,,2,1,1,48,14,2,1,1,0,0,0,0,0,0,,0,0.0,,0,0.0,1,1,,0,0.0,0,0,,0,0.0,0,0,,
6672291,Carina,https://img.cuescore.com/image/8/4/862c792ba8eb7f97e626fbe6cbcc59f6.png,https://cuescore.com/img/flags/png-country-4x2-none/res-640x480/no.png,,,2019-10-19,obk,False,disconnected,,,,1,0,1,49,14,1,0,1,0,0,0,0,0,0,,0,0.0,,0,0.0,0,1,,0,0.0,0,0,,0,0.0,0,0,,
6672292,Charlotte,https://img.cuescore.com/image/5/4/5aa6aa48f7d5ffe854d5266ac08db7ef.png,https://cuescore.com/img/flags/png-country-4x2-none/res-640x480/no.png,,,2019-10-19,obk,False,disconnected,,,,1,0,1,49,14,1,0,1,0,0,0,0,0,0,,0,0.0,,0,0.0,0,1,,0,0.0,0,0,,0,0.0,0,0,,
6672304,Iselin,https://img.cuescore.com/image/5/4/5aa6aa48f7d5ffe854d5266ac08db7ef.png,https://cuescore.com/img/flags/png-country-4x2-none/res-640x480/no.png,,,2019-10-19,obk,False,disconnected,,,,2,1,1,48,14,2,1,1,0,0,0,0,0,0,,0,0.0,,0,0.0,1,1,,0,0.0,0,0,,0,0.0,0,0,,
6672221,Erlend,https://img.cuescore.com/image/8/4/862c792ba8eb7f97e626fbe6cbcc59f6.png,https://cuescore.com/img/flags/png-country-4x2-none/res-640x480/no.png,,,2019-10-19,obk,False,disconnected,,,,4,3,1,46,14,4,3,1,0,0,0,0,0,0,,0,0.0,,0,0.0,3,1,,0,0.0,0,0,,0,0.0,0,0,,
6672225,Jens,https://img.cuescore.com/image/8/4/862c792ba8eb7f97e626fbe6cbcc59f6.png,https://cuescore.com/img/flags/png-country-4x2-none/res-640x480/no.png,,,2019-10-19,obk,False,disconnected,,,,1,0,1,49,14,1,0,1,0,0,0,0,0,0,,0,0.0,,0,0.0,0,1,,0,0.0,0,0,,0,0.0,0,0,,
6672297,Eivind,https://img.cuescore.com/image/8/4/862c792ba8eb7f97e626fbe6cbcc59f6.png,https://cuescore.com/img/flags/png-country-4x2-none/res-640x480/no.png,,,2019-10-19,obk,False,disconnected,,,,1,0,1,49,14,1,0,1,0,0,0,0,0,0,,0,0.0,,0,0.0,0,1,,0,0.0,0,0,,0,0.0,0,0,,
6672300,Rubicca,https://img.cuescore.com/image/5/4/5aa6aa48f7d5ffe854d5266ac08db7ef.png,https://cuescore.com/img/flags/png-country-4x2-none/res-640x480/no.png,,,2019-10-19,obk,False,disconnected,,,,2,1,1,48,14,2,1,1,0,0,0,0,0,0,,0,0.0,,0,0.0,1,1,,0,0.0,0,0,,0,0.0,0,0,,
6672226,Valton,https://img.cuescore.com/image/8/4/862c792ba8eb7f97e626fbe6cbcc59f6.png,https://cuescore.com/img/flags/png-country-4x2-none/res-640x480/no.png,,,2019-10-19,obk,False,disconnected,,,,4,3,1,46,14,4,3,1,0,0,0,0,0,0,,0,0.0,,0,0.0,3,1,,0,0.0,0,0,,0,0.0,0,0,,
6672290,Marte,https://img.cuescore.com/image/5/4/5aa6aa48f7d5ffe854d5266ac08db7ef.png,https://cuescore.com/img/flags/png-country-4x2-none/res-640x480/no.png,,,2019-10-19,obk,False,disconnected,,,,1,0,1,49,14,1,0,1,0,0,0,0,0,0,,0,0.0,,0,0.0,0,1,,0,0.0,0,0,,0,0.0,0,0,,
6672293,Tim,https://img.cuescore.com/image/8/4/862c792ba8eb7f97e626fbe6cbcc59f6.png,https://cuescore.com/img/flags/png-country-4x2-none/res-640x480/no.png,,,2019-10-19,obk,False,disconnected,,,,4,4,0,46,14,4,4,0,0,0,0,0,0,0,,0,0.0,,0,0.0,4,0,,0,0.0,0,0,,0,0.0,0,0,,
6672289,Ane,https://img.cuescore.com/image/5/4/5aa6aa48f7d5ffe854d5266ac08db7ef.png,https://cuescore.com/img/flags/png-country-4x2-none/res-640x480/no.png,,,2019-10-19,obk,False,disconnected,,,,1,0,1,49,14,1,0,1,0,0,0,0,0,0,,0,0.0,,0,0.0,0,1,,0,0.0,0,0,,0,0.0,0,0,,
6672296,Ove,https://img.cuescore.com/image/8/4/862c792ba8eb7f97e626fbe6cbcc59f6.png,https://cuescore.com/img/flags/png-country-4x2-none/res-640x480/no.png,,,2019-10-19,obk,False,disconnected,,,,2,1,1,48,14,2,1,1,0,0,0,0,0,0,,0,0.0,,0,0.0,1,1,,0,0.0,0,0,,0,0.0,0,0,,
6672295,Sondre,https://img.cuescore.com/image/8/4/862c792ba8eb7f97e626fbe6cbcc59f6.png,https://cuescore.com/img/flags/png-country-4x2-none/res-640x480/no.png,,,2019-10-19,obk,False,disconnected,,,,2,1,1,48,14,2,1,1,0,0,0,0,0,0,,0,0.0,,0,0.0,1,1,,0,0.0,0,0,,0,0.0,0,0,,
6672298,Håkon,https://img.cuescore.com/image/8/4/862c792ba8eb7f97e626fbe6cbcc59f6.png,https://cuescore.com/img/flags/png-country-4x2-none/res-640x480/no.png,,,2019-10-19,obk,False,disconnected,,,,1,0,1,49,14,1,0,1,0,0,0,0,0,0,,0,0.0,,0,0.0,0,1,,0,0.0,0,0,,0,0.0,0,0,,
6672301,Petter Olsen,https://img.cuescore.com/image/8/4/862c792ba8eb7f97e626fbe6cbcc59f6.png,https://cuescore.com/img/flags/png-country-4x2-none/res-640x480/no.png,,,2019-10-19,obk,False,disconnected,,,,4,3,1,46,14,4,3,1,0,0,0,0,0,0,,0,0.0,,0,0.0,3,1,,0,0.0,0,0,,0,0.0,0,0,,
6672294,Christoffer,https://img.cuescore.com/image/8/4/862c792ba8eb7f97e626fbe6cbcc59f6.png,https://cuescore.com/img/flags/png-country-4x2-none/res-640x480/no.png,,,2019-10-19,obk,False,disconnected,,,,2,1,1,48,14,2,1,1,0,0,0,0,0,0,,0,0.0,,0,0.0,1,1,,0,0.0,0,0,,0,0.0,0,0,,
6672299,Neda,https://img.cuescore.com/image/5/4/5aa6aa48f7d5ffe854d5266ac08db7ef.png,https://cuescore.com/img/flags/png-country-4x2-none/res-640x480/no.png,,,2019-10-19,obk,False,disconnected,,,,1,0,1,49,14,1,0,1,0,0,0,0,0,0,,0,0.0,,0,0.0,0,1,,0,0.0,0,0,,0,0.0,0,0,,
6672222,Rune,https://img.cuescore.com/image/8/4/862c792ba8eb7f97e626fbe6cbcc59f6.png,https://cuescore.com/img/flags/png-country-4x2-none/res-640x480/no.png,,,2019-10-19,obk,False,disconnected,,,,2,1,1,48,14,2,1,1,0,0,0,0,0,0,,0,0.0,,0,0.0,1,1,,0,0.0,0,0,,0,0.0,0,0,,
6672302,Jannicke,https://img.cuescore.com/image/5/4/5aa6aa48f7d5ffe854d5266ac08db7ef.png,https://cuescore.com/img/flags/png-country-4x2-none/res-640x480/no.png,,,2019-10-19,obk,False,disconnected,,,,1,0,1,49,14,1,0,1,0,0,0,0,0,0,,0,0.0,,0,0.0,0,1,,0,0.0,0,0,,0,0.0,0,0,,
2243719,Camilla Kroan,https://img.cuescore.com/image/5/4/5aa6aa48f7d5ffe854d5266ac08db7ef.png,https://cuescore.com/img/flags/png-country-4x2-none/res-640x480/no.png,,,2019-10-19,obk,False,disconnected,,,,1,0,1,49,14,1,0,1,0,0,0,0,0,0,,0,0.0,,0,0.0,0,1,,0,0.0,0,0,,0,0.0,0,0,,
