component,player_id,player_name,image,countryImage,fargo_rating,previous_rating,latest_tournament,in_latest_tournament,rating_status,latest_handicap,games,wins,losses
1,1010312,Mikael Øgaard,https://img.cuescore.com/image/8/4/804dda94ce89ff5970b7abd8d67af4e7.png?t=1697106544,https://cuescore.com/img/flags/png-country-4x2-none/res-640x480/no.png,797.3,797.43,2026-03-04,False,anchored,678.0,145,109,36
1,1006214,Emil André Gangfløt,https://img.cuescore.com/image/9/4/963ffedb0da7bc8fa83237386abda13b.png?t=1771601925,https://cuescore.com/img/flags/png-country-4x2-none/res-640x480/no.png,786.11,786.15,2026-08-03,False,anchored,818.0,678,480,198
1,1047734,Ole Kristian Rudshavn,https://img.cuescore.com/image/7/4/7b93300592f2f5386997461ab5962e49.png?t=1548246763,https://cuescore.com/img/flags/png-country-4x2-none/res-640x480/no.png,714.47,714.37,2024-06-12,False,anchored,710.0,627,408,219
1,2080111,Casper Cappe Matikainen,https://img.cuescore.com/image/8/4/82e541487d0b01e9944ed349d1e3966b.png?t=1762963580,https://cuescore.com/img/flags/png-country-4x2-none/res-640x480/fi.png,697.12,697.22,2025-07-05,False,anchored,0.0,194,119,75
1,1006164,Bjørn Erik Bergh,https://img.cuescore.com/image/e/4/e91eddf0ebffc08dc939bc6afc9c7677.png?t=1757362250,https://cuescore.com/img/flags/png-country-4x2-none/res-640x480/no.png,696.21,696.24,2025-03-15,False,anchored,0.0,50,33,17
1,2639057,Ivan Blomqvist,https://img.cuescore.com/image/d/4/db1243711fa6ef91a311d07f9aaf632f.png?t=1625398277,https://cuescore.com/img/flags/png-country-4x2-none/res-640x480/se.png,694.69,694.62,2024-07-24,False,anchored,558.0,304,187,117
1,1014092,Martin Meintjes,https://img.cuescore.com/image/0/4/0a41d932907ab40e31402f663398a0fc.png?t=1766066493,https://cuescore.com/img/flags/png-country-4x2-none/res-640x480/no.png,685.83,685.74,2026-03-18,False,anchored,530.0,181,117,64
1,1006220,Erik Gårdelöf,https://img.cuescore.com/image/e/4/e1266df8dfc9edb21a9816bb8c812135.png?t=1569668287,https://cuescore.com/img/flags/png-country-4x2-none/res-640x480/se.png,684.78,683.81,2026-09-23,True,anchored,845.0,2381,1517,864
1,1160318,Niels Feijen,https://img.cuescore.com/image/d/4/ddb2699d6a30a8edd2c54d23a773b693.png?t=1680592705,https://cuescore.com/img/flags/png-country-4x2-none/res-640x480/nl.png,683.64,683.84,2019-08-30,False,anchored,0.0,121,73,48
1,1006288,Jan Kjetil Nordrum,https://img.cuescore.com/image/0/4/0fb8abab823abb0932d87b158aed53d8.png?t=1598464421,https://cuescore.com/img/flags/png-country-4x2-none/res-640x480/no.png,681.62,681.47,2025-07-05,False,anchored,1.0,151,85,66
1,1006513,Thomas Fjæran,https://img.cuescore.com/image/0/4/042ca8826ef9e0d2fcb0c4ecb08a3397.png?t=1765102020,https://cuescore.com/img/flags/png-country-4x2-none/res-640x480/no.png,679.51,679.48,2026-03-25,False,anchored,630.0,486,300,186
1,1006184,Christian Johannessen,https://img.cuescore.com/image/5/4/59f058846aed9c9a08dbfff3d9b6bf16.png?t=1747123976,https://cuescore.com/img/flags/png-country-4x2-none/res-640x480/no.png,672.36,672.25,2026-09-16,False,anchored,589.0,741,467,274
1,1006124,Albert-Roman Borrie Stensrød,https://img.cuescore.com/image/a/4/a81a66d70ed4ce1200df00f5e1b41cdd.png?t=1688324478,https://cuescore.com/img/flags/png-country-4x2-none/res-640x480/no.png,668.37,668.25,2025-07-02,False,anchored,0.0,171,94,77
1,1010308,Emil Braserud,https://img.cuescore.com/image/1/4/191c9fa4a4191a73f484c7f0d222792f.png?t=1478117794,https://cuescore.com/img/flags/png-country-4x2-none/res-640x480/no.png,667.17,667.69,2025-06-04,False,anchored,573.0,47,33,14
1,1006332,Kent Halldin,https://img.cuescore.com/image/5/4/5e520ccfc567a22227fa8e4dcf047a95.png?t=1726389089,https://cuescore.com/img/flags/png-country-4x2-none/res-640x480/no.png,665.15,665.33,2021-08-18,False,anchored,0.0,162,98,64
1,1042070,Henrik Olsson,https://img.cuescore.com/image/f/4/f8748e76acc44f5ac8a99710e9e61762.png?t=1571386328,https://cuescore.com/img/flags/png-country-4x2-none/res-640x480/se.png,663.82,663.82,2025-11-05,False,anchored,708.0,842,526,316
1,6186620,Wiktor Zieliński,https://img.cuescore.com/image/3/4/39fd2a88f5121fba8bd9ba18ea28351f.png?t=1579198078,https://cuescore.com/img/flags/png-country-4x2-none/res-640x480/pl.png,661.64,661.82,2019-08-30,False,anchored,0.0,104,57,47
1,1079105,Didrik Vatne,https://img.cuescore.com/image/b/4/b645bac51f603fd26b302f7a8f763004.png?t=1626124556,https://cuescore.com/img/flags/png-country-4x2-none/res-640x480/no.png,660.56,660.72,2023-04-01,False,anchored,575.0,171,101,70
1,17978686,Ibra Alkhader,https://img.cuescore.com/image/e/4/eaf3ffcf4ae92f068c6e20ca069a3cfb.png?t=1692828855,https://cuescore.com/img/flags/png-country-4x2-none/res-640x480/sy.png,659.63,659.55,2026-07-04,False,anchored,1.0,2740,1835,905
1,6600268,Kim Soo Garmark,https://img.cuescore.com/image/2/4/201635ccb58face4f82ce896ddd377c5.png?t=1787502564,https://cuescore.com/img/flags/png-country-4x2-none/res-640x480/no.png,659.3,659.97,2026-09-23,True,anchored,812.0,2352,1393,959
1,1006457,Roger Lysholm,https://img.cuescore.com/image/d/4/dfd36fa7b8799975efb1037d1658a663.png?t=1656764979,https://cuescore.com/img/flags/png-country-4x2-none/res-640x480/no.png,656.55,656.89,2025-07-05,False,anchored,0.0,115,68,47
1,1006208,Eirik Riisnæs,https://img.cuescore.com/image/6/4/6e052574f2349c6cf093eb7bca229cdb.png?t=1702675354,https://cuescore.com/img/flags/png-country-4x2-none/res-640x480/no.png,655.67,656.03,2022-12-30,False,anchored,120.0,188,111,77
1,1006458,Roger Rasmussen,https://img.cuescore.com/image/1/4/1249ad8941f35c38906657eb2e135399.png?t=1637259817,https://cuescore.com/img/flags/png-country-4x2-none/res-640x480/no.png,653.08,654.11,2026-09-23,True,anchored,675.0,592,359,233
1,1441973,Geir Holmqvist,https://img.cuescore.com/image/9/4/9e617dfff0c4c411fdad5791561e3986.png?t=1581519216,https://cuescore.com/img/flags/png-country-4x2-none/res-640x480/no.png,652.86,653.13,2025-03-15,False,anchored,0.0,92,60,32
1,1006195,Damianos Giallourakis,https://img.cuescore.com/image/2/4/2b3054b8ea8e3ac94512fd303d9b6432.png?t=1761829501,https://cuescore.com/img/flags/png-country-4x2-none/res-640x480/gr.png,647.1,647.38,2025-07-05,False,anchored,0.0,314,196,118
1,1006549,Umar Hayat Ali,https://img.cuescore.com/image/5/4/57348eddfe0304988fda97ec1e9cfed5.png?t=1537580099,https://cuescore.com/img/flags/png-country-4x2-none/res-640x480/no.png,646.55,643.31,2026-09-23,True,anchored,572.0,851,533,318
1,1033026,Robin Hagerup Ertesvåg,https://img.cuescore.com/image/b/4/b2186caf579b809ca003c5ca566f62c9.png?t=1671544638,https://cuescore.com/img/flags/png-country-4x2-none/res-640x480/no.png,642.66,643.05,2018-12-16,False,anchored,116.0,344,206,138
1,7962169,Patryk Statkiewicz,https://img.cuescore.com/image/b/4/b04af8735ffe86888e427c6b64e38be3.png?t=1759269435,https://cuescore.com/img/flags/png-country-4x2-none/res-640x480/pl.png,641.98,641.9,2024-02-21,False,anchored,591.0,181,106,75
1,1006372,Marius Nørsterud,https://img.cuescore.com/image/f/4/f349b875c195f5af718dd4c7501d325d.png?t=1480002630,https://cuescore.com/img/flags/png-country-4x2-none/res-640x480/no.png,641.96,642.03,2026-07-18,False,anchored,525.0,310,171,139
1,1073747,John Erstad,https://img.cuescore.com/image/7/4/7a3d4fd9d2b3c76c8bb3a5c0d65edc06.png?t=1665823558,https://cuescore.com/img/flags/png-country-4x2-none/res-640x480/no.png,638.18,637.9,2026-08-19,False,anchored,527.0,123,81,42
1,1268827,Bastian Andreassen,https://img.cuescore.com/image/8/4/8ee7a4643989fc7422ee9aa1689b8210.png?t=1566200262,https://cuescore.com/img/flags/png-country-4x2-none/res-640x480/no.png,633.08,633.06,2022-02-27,False,anchored,1.0,136,69,67
1,1015919,Ahmed Abiev,https://img.cuescore.com/image/9/4/9c16423ae27fd2690103bf96ff191361.png?t=1714310262,https://cuescore.com/img/flags/png-country-4x2-none/res-640x480/no.png,631.44,631.05,2025-07-05,False,anchored,1.0,79,46,33
1,1097814,Mika Immonen,https://img.cuescore.com/image/2/4/24df8192e24d95529ce9fd82af1006e2.png?t=1668506861,https://cuescore.com/img/flags/png-country-4x2-none/res-640x480/fi.png,631.2,631.62,2019-08-30,False,anchored,0.0,89,45,44
1,1006360,Lars Harby,https://img.cuescore.com/image/4/4/4898d95a0d1786ec55d00f002137119c.png?t=1441974664,https://cuescore.com/img/flags/png-country-4x2-none/res-640x480/no.png,630.81,630.82,2026-07-04,False,anchored,1.0,1349,777,572
1,6172489,Alban Richard,https://img.cuescore.com/image/b/4/b41c6bfe8acb97451578c767b2a810c5.png?t=1646037566,https://cuescore.com/img/flags/png-country-4x2-none/res-640x480/fr.png,629.39,629.5,2025-07-05,False,anchored,0.0,135,71,64
1,1006443,Philip Sanchez Gangfløt,https://img.cuescore.com/image/1/4/13ff25ad18aac88c9a98549b78a5d462.png?t=1664957568,https://cuescore.com/img/flags/png-country-4x2-none/res-640x480/no.png,627.82,627.79,2025-12-27,False,anchored,1.0,58,37,21
1,2311288,David Larsson,https://img.cuescore.com/image/c/4/c6cab805f61818caaa0f9a4e0f63cdda.png?t=1769347464,https://cuescore.com/img/flags/png-country-4x2-none/res-640x480/se.png,624.68,625.02,2025-07-05,False,anchored,0.0,96,58,38
1,1067228,Roy Steffensen,https://img.cuescore.com/image/d/4/d8713043f7814554692857a8551f35ac.png?t=1769896756,https://cuescore.com/img/flags/png-country-4x2-none/res-640x480/no.png,620.55,620.66,2025-06-18,False,anchored,559.0,179,97,82
1,14638297,Joakim Langkås,https://img.cuescore.com/image/6/4/62774ae814e93316bf9e95b3a58c5ef5.png?t=1732797275,https://cuescore.com/img/flags/png-country-4x2-none/res-640x480/no.png,619.12,619.13,2026-07-04,False,anchored,1.0,417,242,175
1,8435377,Geir Anfinsen,https://img.cuescore.com/image/8/4/81a6da212ed323f71cdddd9cbf80d5af.png?t=1727820935,https://cuescore.com/img/flags/png-country-4x2-none/res-640x480/no.png,617.2,617.28,2026-04-20,False,anchored,437.0,284,168,116
1,1006271,Henrik Hagen,https://img.cuescore.com/image/e/4/e5ab795b615cb12579bf5296b45b25fc.png?t=1515999880,https://cuescore.com/img/flags/png-country-4x2-none/res-640x480/no.png,613.67,613.71,2025-07-05,False,anchored,1.0,109,60,49
1,1286245,Kim Laaksonen,https://img.cuescore.com/image/e/4/eca7d5a9183f5fe1a32546336707ed18.png?t=1578300138,https://cuescore.com/img/flags/png-country-4x2-none/res-640x480/fi.png,611.8,612.1,2019-08-30,False,anchored,0.0,89,49,40
1,23594815,Svein Gjermundsen,https://img.cuescore.com/image/3/4/30f16aaf648a3eb3891a4a211da1870e.png?t=1727078843,https://cuescore.com/img/flags/png-country-4x2-none/res-640x480/no.png,610.61,610.48,2026-01-31,False,anchored,1.0,84,40,44
1,1006431,Pål Daud Fillipsveen,https://img.cuescore.com/image/5/4/5c671df1a09f356682e74cec0af79bd2.png?t=1515352971,https://cuescore.com/img/flags/png-country-4x2-none/res-640x480/no.png,609.29,607.75,2026-09-23,True,anchored,573.0,1293,743,550
1,2126333,Senharip Azar,https://img.cuescore.com/image/3/4/32abb71ca14ad556572e91410131271f.png?t=1566459185,https://cuescore.com/img/flags/png-country-4x2-none/res-640x480/se.png,608.6,608.36,2020-01-30,False,anchored,0.0,184,110,74
1,1035589,Sebastian Mæhlum,https://img.cuescore.com/image/8/4/862c792ba8eb7f97e626fbe6cbcc59f6.png,https://cuescore.com/img/flags/png-country-4x2-none/res-640x480/no.png,607.84,607.91,2026-05-20,False,anchored,534.0,315,186,129
1,9990106,Jonas Nyman Trollhättans BK,https://img.cuescore.com/image/6/4/6aab59292b90e4eb7476accd8837ef85.png?t=1634050921,https://cuescore.com/img/flags/png-country-4x2-none/res-640x480/se.png,604.98,605.38,2025-07-05,False,anchored,2.0,73,36,37
1,1090712,Ralf Souquet,https://img.cuescore.com/image/3/4/396d7ef2798acb50f30a250a143af2ce.png?t=1664348433,https://cuescore.com/img/flags/png-country-4x2-none/res-640x480/de.png,603.72,603.96,2019-08-30,False,anchored,0.0,81,41,40
1,1006345,Kjetil Aasane Fredriksen,https://img.cuescore.com/image/d/4/d04f91696324e54ad3bd22c10bef1deb.png?t=1762176985,https://cuescore.com/img/flags/png-country-4x2-none/res-640x480/no.png,603.62,603.67,2026-01-31,False,anchored,2.0,219,106,113
1,3073760,Ronny Jakobsen,https://img.cuescore.com/image/7/4/751868ed038a8bdafb328be735714260.png?t=1711203037,https://cuescore.com/img/flags/png-country-4x2-none/res-640x480/no.png,603.38,603.46,2025-07-28,False,anchored,425.0,84,57,27
1,6686119,Levi Pavdeja,https://img.cuescore.com/image/e/4/e9ef4fbb6d905f61d3f241336004ebff.png?t=1708890061,https://cuescore.com/img/flags/png-country-4x2-none/res-640x480/al.png,602.83,602.9,2026-07-20,False,anchored,529.0,1332,724,608
1,1006277,Ingolf Höns,https://img.cuescore.com/image/b/4/b5bea3b955fccff5790a4c86ae76016e.png?t=1768202543,https://cuescore.com/img/flags/png-country-4x2-none/res-640x480/no.png,602.25,602.06,2025-12-27,False,anchored,2.0,165,90,75
1,1286181,Petri Makkonen,https://img.cuescore.com/image/8/4/8ee46a2fc91935516ab45c618180d4dc.png?t=1758010003,https://cuescore.com/img/flags/png-country-4x2-none/res-640x480/fi.png,601.88,601.99,2025-07-05,False,anchored,0.0,194,102,92
1,1006373,Mark McGauley,https://img.cuescore.com/image/e/4/e9ebd785252499c54858a2385a4b92f8.png?t=1627826388,https://cuescore.com/img/flags/png-country-4x2-none/res-640x480/no.png,601.34,601.31,2026-08-12,False,anchored,598.0,364,191,173
1,70090471,Øyvind Risan,https://img.cuescore.com/image/9/4/9a957fd3a5fee2193a9bfa2d6247b695.png?t=1786960937,https://cuescore.com/img/flags/png-country-4x2-none/res-640x480/no.png,600.83,600.97,2026-07-04,False,anchored,2.0,83,44,39
1,3212629,Rolf G. Sedsbøe Jensen,https://img.cuescore.com/image/2/4/25c07dff394b54d88f9848f6de522519.png?t=1542614358,https://cuescore.com/img/flags/png-country-4x2-none/res-640x480/no.png,600.78,600.77,2026-01-31,False,anchored,1.0,381,212,169
1,25743094,Mohamed Salkiny,https://img.cuescore.com/image/2/4/2eb0efddf8b8f86551a61600f62cd9d9.png?t=1693824907,https://cuescore.com/img/flags/png-country-4x2-none/res-640x480/sy.png,599.32,599.45,2026-07-04,False,anchored,2.0,803,444,359
1,1072290,Fedor Gorst,https://img.cuescore.com/image/f/4/f3e20ad59d024e18de36e33f43ead2dc.png?t=1631601239,https://cuescore.com/img/flags/png-country-4x2-none/res-640x480/ru.png,598.47,598.78,2019-08-30,False,anchored,0.0,96,55,41
1,6082347,Pijus Labutis,https://img.cuescore.com/image/7/4/710d99c29d4830a0932f1794eea7d4fc.png?t=1677518094,https://cuescore.com/img/flags/png-country-4x2-none/res-640x480/lt.png,597.56,597.8,2019-08-30,False,anchored,0.0,69,34,35
1,1272012,Erol Dane Mula,https://img.cuescore.com/image/2/4/23dbb46c4c1f9222447abbf8c7fce7fe.png?t=1630444419,https://cuescore.com/img/flags/png-country-4x2-none/res-640x480/ph.png,597.31,596.34,2026-09-23,True,anchored,543.0,2277,1260,1017
1,1046692,Mario He,https://img.cuescore.com/image/8/4/8752d88a0fa07c56d7eefab470a48d0a.png?t=1555597369,https://cuescore.com/img/flags/png-country-4x2-none/res-640x480/at.png,596.21,596.59,2019-08-30,False,anchored,0.0,88,46,42
1,20264908,Bartosz Oldakowski,https://img.cuescore.com/image/0/4/0e23b02b462bb9cac48c34a5666b93d2.png?t=1668638071,https://cuescore.com/img/flags/png-country-4x2-none/res-640x480/pl.png,596.17,596.1,2025-07-05,False,anchored,1.0,262,145,117
1,1960202,Ola Magnus Johnsen,https://img.cuescore.com/image/1/4/1fc59739224adb9a97d849b33454d636.png?t=1749107451,https://cuescore.com/img/flags/png-country-4x2-none/res-640x480/no.png,594.8,596.15,2026-09-23,True,anchored,562.0,1173,657,516
1,11218942,Stein Amundsen,https://img.cuescore.com/image/1/4/14e8266f65bd5c1797aaacf38ce6b72c.png?t=1639677114,https://cuescore.com/img/flags/png-country-4x2-none/res-640x480/no.png,594.15,595.79,2026-09-23,True,anchored,522.0,398,236,162
1,2241168,Trond L,https://img.cuescore.com/image/8/4/862c792ba8eb7f97e626fbe6cbcc59f6.png,https://cuescore.com/img/flags/png-country-4x2-none/res-640x480/no.png,591.53,591.72,2018-11-26,False,anchored,22.0,152,103,49
1,10585213,Veejay Adriano,https://img.cuescore.com/image/e/4/e268690a958b4a979dc23aabddd13dac.png?t=1776426571,https://cuescore.com/img/flags/png-country-4x2-none/res-640x480/ph.png,591.47,591.56,2026-01-31,False,anchored,1.0,189,112,77
1,24897019,Robert Hedin,https://img.cuescore.com/image/8/4/882db237b94f993a3f3405200d9d2064.png?t=1700218507,https://cuescore.com/img/flags/png-country-4x2-none/res-640x480/se.png,591.18,591.25,2026-05-20,False,anchored,512.0,1158,646,512
1,1967863,Nate Komljenovic,https://img.cuescore.com/image/8/4/862c792ba8eb7f97e626fbe6cbcc59f6.png,https://cuescore.com/img/flags/png-country-4x2-none/res-640x480/si.png,591.04,591.21,2022-06-15,False,anchored,74.0,272,170,102
1,1359835,Per Hagen,https://img.cuescore.com/image/6/4/600097d88a4596cf7ef4775830c31cce.png?t=1515422994,https://cuescore.com/img/flags/png-country-4x2-none/res-640x480/no.png,591.03,591.12,2020-10-07,False,anchored,117.0,469,259,210
1,1006406,Nina Torvund,https://img.cuescore.com/image/e/4/ec37bf27b912833da5b472f7701397df.png?t=1687292181,https://cuescore.com/img/flags/png-country-4x2-none/res-640x480/no.png,590.53,590.71,2026-01-31,False,anchored,1.0,245,140,105
1,1081546,Bent Brørs,https://img.cuescore.com/image/9/4/92842a4e723035ec423c9f4f87f0d8cf.png?t=1775585063,https://cuescore.com/img/flags/png-country-4x2-none/res-640x480/no.png,590.11,589.9,2021-07-14,False,anchored,62.0,53,28,25
1,1123060,"Paweł ""Mumrikken"" Zalewski",https://img.cuescore.com/image/9/4/90259d41e4d1c75a71a1737cde77cbe7.png?t=1690283137,https://cuescore.com/img/flags/png-country-4x2-none/res-640x480/no.png,588.99,589.18,2026-08-19,False,anchored,535.0,1098,609,489
1,1006388,Mats Brujordet Schjetne,https://img.cuescore.com/image/5/4/57e243d3b2c752949a5a144d6905cd53.png?t=1668509803,https://cuescore.com/img/flags/png-country-4x2-none/res-640x480/no.png,586.95,586.98,2022-12-30,False,anchored,0.0,85,49,36
1,6839980,Daniel Lorentzen-Styr,https://img.cuescore.com/image/8/4/86fde4223f4b4cd7cd6a9f62e01922c5.png?t=1740319921,https://cuescore.com/img/flags/png-country-4x2-none/res-640x480/no.png,586.88,586.95,2026-09-16,False,anchored,561.0,2051,1188,863
1,1006453,Robin Nathan,https://img.cuescore.com/image/8/4/862c792ba8eb7f97e626fbe6cbcc59f6.png,https://cuescore.com/img/flags/png-country-4x2-none/res-640x480/no.png,584.79,592.19,2026-09-23,True,anchored,495.0,269,157,112
1,1006465,Ronny Oldervik,https://img.cuescore.com/image/d/4/d0caacc80c252936d0ca083487d72a10.png?t=1445364661,https://cuescore.com/img/flags/png-country-4x2-none/res-640x480/no.png,584.16,584.43,2025-07-05,False,anchored,0.0,61,30,31
1,1417853,Robin Hauge Pettersen,https://img.cuescore.com/image/8/4/8d73e872302ae047187778b2500eae33.png?t=1732796719,https://cuescore.com/img/flags/png-country-4x2-none/res-640x480/no.png,584.14,584.24,2026-06-15,False,anchored,538.0,152,84,68
1,12836296,Kochar Habib Mushir,https://img.cuescore.com/image/5/4/52b68b2add14e01de4fd4d88c0d69182.png?t=1772302809,https://cuescore.com/img/flags/png-country-4x2-none/res-640x480/se.png,583.97,583.67,2025-07-05,False,anchored,2.0,92,48,44
1,1006536,Tormod Rygge,https://img.cuescore.com/image/2/4/2053792328b78e00e7caf0ef33d55776.png?t=1557667159,https://cuescore.com/img/flags/png-country-4x2-none/res-640x480/no.png,583.5,583.71,2026-08-10,False,anchored,428.0,99,61,38
1,3585947,Didrik Voga Berg,https://img.cuescore.com/image/8/4/862c792ba8eb7f97e626fbe6cbcc59f6.png,https://cuescore.com/img/flags/png-country-4x2-none/res-640x480/no.png,582.06,582.08,2022-02-27,False,anchored,80.0,149,80,69
1,20124274,Paolo Speciale,https://img.cuescore.com/image/9/4/9a5ff1e940f4f6029d545ce7295675ac.png?t=1707903294,https://cuescore.com/img/flags/png-country-4x2-none/res-640x480/it.png,579.17,579.4,2026-05-11,False,anchored,466.0,447,241,206
1,1091363,Sanjin Pehlivanovic,https://img.cuescore.com/image/e/4/ecd989e6b8988b96a74643cd5e806777.png?t=1676458373,https://cuescore.com/img/flags/png-country-4x2-none/res-640x480/ba.png,578.84,579.12,2019-08-30,False,anchored,0.0,45,25,20
1,1006204,Egil Arne Sørensen,https://img.cuescore.com/image/8/4/8951860177a57721e14d225b8cf045de.png?t=1698284000,https://cuescore.com/img/flags/png-country-4x2-none/res-640x480/no.png,577.05,577.1,2026-07-04,False,anchored,2.0,1166,605,561
1,1006135,Anas Khan,https://img.cuescore.com/image/8/4/862c792ba8eb7f97e626fbe6cbcc59f6.png,https://cuescore.com/img/flags/png-country-4x2-none/res-640x480/no.png,576.04,575.67,2026-01-31,False,anchored,4.0,205,105,100
1,26005654,Jacob Sæther,https://img.cuescore.com/image/0/4/0918d58f366e986146d4643e6685222e.png?t=1784673781,https://cuescore.com/img/flags/png-country-4x2-none/res-640x480/no.png,575.81,576.08,2026-09-23,True,anchored,524.0,2412,1291,1121
1,1006450,Robert Farinetti,https://img.cuescore.com/image/2/4/2f4e6263b067924062af03733f9dff52.png?t=1496531120,https://cuescore.com/img/flags/png-country-4x2-none/res-640x480/it.png,575.58,575.74,2026-01-31,False,anchored,1.0,166,86,80
1,1006163,Bjørn Bratteberg,https://img.cuescore.com/image/6/4/603786a85ccb7240ca913c188eaf8f76.png?t=1591603396,https://cuescore.com/img/flags/png-country-4x2-none/res-640x480/no.png,572.15,573.62,2026-09-23,True,anchored,439.0,1428,796,632
1,1075717,Bjørn Erik Øverland,https://img.cuescore.com/image/7/4/797daf7f0f241df9c9a14c19d7dc4b9b.png?t=1591603842,https://cuescore.com/img/flags/png-country-4x2-none/res-640x480/no.png,571.5,571.79,2020-09-18,False,anchored,2.0,393,209,184
1,30913960,Josef Knutsson,https://img.cuescore.com/image/8/4/842a10f6a642218e7a37d4a54a15204d.png?t=1694241499,https://cuescore.com/img/flags/png-country-4x2-none/res-640x480/se.png,569.58,569.61,2025-12-27,False,anchored,2.0,123,61,62
1,7153377,Henning Ingvorsen,https://img.cuescore.com/image/e/4/e3a4127c65f59302c36bda2ecb06e9ee.png?t=1636120016,https://cuescore.com/img/flags/png-country-4x2-none/res-640x480/no.png,569.23,569.36,2026-07-18,False,anchored,2.0,584,320,264
1,1022496,Jozef Kwit,https://img.cuescore.com/image/0/4/01637b27248df68f0ea6d0f70a494d47.png?t=1764258850,https://cuescore.com/img/flags/png-country-4x2-none/res-640x480/pl.png,569.04,570.78,2026-09-23,True,anchored,464.0,1529,796,733
1,1006292,Jan Thomassen,https://img.cuescore.com/image/0/4/03344da4b02a82722cd5f8d8c270c281.png?t=1630849658,https://cuescore.com/img/flags/png-country-4x2-none/res-640x480/no.png,568.48,568.65,2026-09-09,False,anchored,521.0,846,444,402
1,51736666,Yakup Aliz,https://img.cuescore.com/image/9/4/95ad0351251512cab1fa15040a914b26.png?t=1771328097,https://cuescore.com/img/flags/png-country-4x2-none/res-640x480/tr.png,567.98,568.04,2026-09-21,False,anchored,469.0,1239,664,575
1,20637220,Sindre Aarhus Narvestad,https://img.cuescore.com/image/8/4/862c792ba8eb7f97e626fbe6cbcc59f6.png,https://cuescore.com/img/flags/png-country-4x2-none/res-640x480/no.png,567.07,567.25,2024-07-08,False,anchored,320.0,91,48,43
1,2084051,Arian Kvalsund Hansen,https://img.cuescore.com/image/6/4/647c7e053815150e4d01f0498a8d323e.png?t=1784239177,https://cuescore.com/img/flags/png-country-4x2-none/res-640x480/no.png,564.71,564.79,2026-06-15,False,anchored,,48,28,20
1,6181993,Kim Bjørnstad,https://img.cuescore.com/image/b/4/be0fe2693f2b774566e640fa7748c382.png?t=1748805797,https://cuescore.com/img/flags/png-country-4x2-none/res-640x480/no.png,564.55,564.66,2025-07-05,False,anchored,2.0,420,271,149
1,8206764,Grzegorz Tabor,https://img.cuescore.com/image/2/4/2e3d07c1b46a78cdc7aaaa76cb95f7fe.png?t=1644406413,https://cuescore.com/img/flags/png-country-4x2-none/res-640x480/pl.png,563.93,563.89,2023-02-04,False,anchored,384.0,61,34,27
1,43127857,Manabu Sekiguchi,https://img.cuescore.com/image/5/4/51fbf144207077a68108d1b56175d0a6.png?t=1766441780,https://cuescore.com/img/flags/png-country-4x2-none/res-640x480/jp.png,563.85,564.01,2026-08-31,False,anchored,359.0,1007,566,441
1,1006399,Nedzat Cimilji,https://img.cuescore.com/image/d/4/d602c147f7181f4b66b54813f6bd2336.png?t=1655535403,https://cuescore.com/img/flags/png-country-4x2-none/res-640x480/al.png,563.54,563.72,2026-07-08,False,anchored,372.0,232,122,110
1,1157968,Jesper Gustafsson,https://img.cuescore.com/image/2/4/2bff8eda883261b811994b16a8f67bf6.png?t=1544449902,https://cuescore.com/img/flags/png-country-4x2-none/res-640x480/no.png,562.21,562.52,2026-04-03,False,anchored,3.0,100,57,43
1,7284524,Daniel Hult,https://img.cuescore.com/image/6/4/6a0c03fb23b9ce44b6c520d3333bc4e2.png?t=1724841371,https://cuescore.com/img/flags/png-country-4x2-none/res-640x480/se.png,560.43,560.33,2025-07-05,False,anchored,1.0,83,39,44
1,2298416,Terje Kristoffersen,https://img.cuescore.com/image/9/4/908ddf9d7b9b6bddb637436225924df2.png?t=1759692859,https://cuescore.com/img/flags/png-country-4x2-none/res-640x480/no.png,558.67,558.76,2026-01-31,False,anchored,3.0,459,230,229
1,1279214,Daniel Axeborg,https://img.cuescore.com/image/7/4/7f1f4b10245095e2573395dfd833b8b7.png?t=1712320427,https://cuescore.com/img/flags/png-country-4x2-none/res-640x480/no.png,558.58,558.99,2024-04-03,False,anchored,3.0,71,42,29
1,1061867,Stig Ringebo,https://img.cuescore.com/image/2/4/26ed737056bdc2952d81787bc247fd8f.png?t=1695907233,https://cuescore.com/img/flags/png-country-4x2-none/res-640x480/no.png,557.66,557.7,2026-05-13,False,anchored,445.0,682,343,339
1,6137239,Rudi Mathisen,https://img.cuescore.com/image/4/4/47a98faaff7c7badec4f0370e0a4fe9d.png?t=1565557963,https://cuescore.com/img/flags/png-country-4x2-none/res-640x480/no.png,557.37,557.38,2023-12-27,False,anchored,325.0,79,41,38
1,44184394,Per Arne Grotthing,https://img.cuescore.com/image/4/4/46494dfa72bb67f431886cdb4eb155f3.png?t=1725269101,https://cuescore.com/img/flags/png-country-4x2-none/res-640x480/no.png,557.34,557.03,2026-09-23,True,anchored,467.0,1131,579,552
1,25875517,Christian Hedin,https://img.cuescore.com/image/e/4/e335ce16cffa7556a64250dfae4f8e77.png?t=1681205262,https://cuescore.com/img/flags/png-country-4x2-none/res-640x480/se.png,556.44,556.63,2026-08-31,False,anchored,457.0,878,459,419
1,1093760,Mindaugas Jomantas,https://img.cuescore.com/image/e/4/e4150d363143f70a855dce53c79f1161.png?t=1765456801,https://cuescore.com/img/flags/png-country-4x2-none/res-640x480/lt.png,555.76,556.04,2026-08-19,False,anchored,425.0,2098,1103,995
1,1035192,Kjell Martin Andersen,https://img.cuescore.com/image/f/4/f0b986b7aace3e37295bfe59f072f90e.png?t=1714042633,https://cuescore.com/img/flags/png-country-4x2-none/res-640x480/no.png,555.28,555.56,2025-12-27,False,anchored,1.0,40,26,14
1,13874206,Torvald Asplund Trollhättan BK,https://img.cuescore.com/image/5/4/58c19d246f469880eb84942fabc19f1a.png?t=1759396185,https://cuescore.com/img/flags/png-country-4x2-none/res-640x480/se.png,555.15,555.32,2025-07-05,False,anchored,2.0,48,22,26
1,1131881,Lars Haakon Lunde,https://img.cuescore.com/image/8/4/862c792ba8eb7f97e626fbe6cbcc59f6.png,https://cuescore.com/img/flags/png-country-4x2-none/res-640x480/no.png,553.64,553.97,2018-06-18,False,anchored,,64,37,27
1,1290914,Mark Gray,https://img.cuescore.com/image/e/4/e634ac9dfbad14474d5815a98ee63def.png?t=1484339097,https://cuescore.com/img/flags/png-country-4x2-none/res-640x480/gb.png,552.95,553.08,2019-08-30,False,anchored,0.0,59,32,27
1,1006403,Niklas Engström-Øvretveit,https://img.cuescore.com/image/f/4/fea0a6e1ecee3ff96a10bfb99281a7da.png?t=1696062510,https://cuescore.com/img/flags/png-country-4x2-none/res-640x480/no.png,552.24,552.95,2026-09-16,False,anchored,417.0,498,245,253
1,15982738,Asgeir Elfar Asgeirsson,https://img.cuescore.com/image/e/4/eff66e3aa251e8da9ad0928588dd2ba7.png?t=1782749427,https://cuescore.com/img/flags/png-country-4x2-none/res-640x480/is.png,551.36,551.59,2025-07-05,False,anchored,3.0,115,60,55
1,1006145,Aria Senemar,https://img.cuescore.com/image/f/4/fea2ab10fe605fa5b5634672b700b6bd.png?t=1515587716,https://cuescore.com/img/flags/png-country-4x2-none/res-640x480/no.png,549.62,549.83,2025-12-10,False,anchored,502.0,205,105,100
1,1024805,Audun Bjerve,https://img.cuescore.com/image/a/4/a073ffcb17681daa679221db852044bf.png?t=1489310440,https://cuescore.com/img/flags/png-country-4x2-none/res-640x480/no.png,549.49,551.53,2026-09-23,True,anchored,472.0,874,452,422
1,44478316,Rune Stensvold,https://img.cuescore.com/image/5/4/5646369a370cce26c66ac8663a624cea.png?t=1788812353,https://cuescore.com/img/flags/png-country-4x2-none/res-640x480/no.png,549.05,549.21,2026-07-04,False,anchored,4.0,72,35,37
1,13295035,Jan Olav Johnsen,https://img.cuescore.com/image/8/4/836376f69b1d7a9c85b514e924a048d1.png?t=1645189337,https://cuescore.com/img/flags/png-country-4x2-none/res-640x480/no.png,548.4,548.49,2026-07-04,False,anchored,2.0,372,186,186
1,59525161,Wojciech Wajda,https://img.cuescore.com/image/8/4/862c792ba8eb7f97e626fbe6cbcc59f6.png,https://cuescore.com/img/flags/png-country-4x2-none/res-640x480/pl.png,547.09,547.14,2026-01-28,False,anchored,225.0,42,20,22
1,4935731,Rj Velasquez,https://img.cuescore.com/image/5/4/5cda04852396a658601a709c36798c15.png?t=1551701898,https://cuescore.com/img/flags/png-country-4x2-none/res-640x480/ph.png,546.08,546.1,2019-05-27,False,anchored,,145,96,49
1,2354012,Arvydas Gitenis,https://img.cuescore.com/image/8/4/862c792ba8eb7f97e626fbe6cbcc59f6.png,https://cuescore.com/img/flags/png-country-4x2-none/res-640x480/lt.png,545.97,546.21,2024-07-27,False,anchored,350.0,51,21,30
1,1006290,Jan Ove Kvalsund Hansen,https://img.cuescore.com/image/3/4/305c8ffb751b08dbad140246c266376a.png?t=1779803429,https://cuescore.com/img/flags/png-country-4x2-none/res-640x480/no.png,545.92,546.06,2025-08-02,False,anchored,,40,22,18
1,1006467,Roy Toycowboy Grimsen,https://img.cuescore.com/image/c/4/c14c9da762ce65d6ab8ef72d292a6ba6.png?t=1527691496,https://cuescore.com/img/flags/png-country-4x2-none/res-640x480/no.png,545.22,545.58,2025-09-08,False,anchored,381.0,233,120,113
1,56994721,Rolf-Tommy Østensson,https://img.cuescore.com/image/8/4/862c792ba8eb7f97e626fbe6cbcc59f6.png,https://cuescore.com/img/flags/png-country-4x2-none/res-640x480/se.png,544.99,544.96,2026-02-23,False,anchored,295.0,84,43,41
1,2230546,Tor B.,https://img.cuescore.com/image/8/4/862c792ba8eb7f97e626fbe6cbcc59f6.png,https://cuescore.com/img/flags/png-country-4x2-none/res-640x480/no.png,544.7,544.86,2019-01-07,False,anchored,,90,55,35
1,25946332,Peder Hammer,https://img.cuescore.com/image/e/4/e1d5c405e90817823e7f8057a2d83af6.png?t=1730135953,https://cuescore.com/img/flags/png-country-4x2-none/res-640x480/no.png,543.86,543.93,2024-12-11,False,anchored,231.0,52,31,21
1,1006543,Trond Lid Cappelen,https://img.cuescore.com/image/8/4/862c792ba8eb7f97e626fbe6cbcc59f6.png,https://cuescore.com/img/flags/png-country-4x2-none/res-640x480/no.png,543.34,543.59,2019-11-18,False,anchored,,250,143,107
1,1027114,Jeremiah Torres,https://img.cuescore.com/image/8/4/8e769b6795001aa9fef39d8f9a66c82a.png?t=1761840498,https://cuescore.com/img/flags/png-country-4x2-none/res-640x480/no.png,542.76,542.69,2026-01-31,False,anchored,3.0,333,167,166
1,1006186,Christian Wikeby,https://img.cuescore.com/image/0/4/06ee8ad98564e6f6d56dd422aa6af0c8.png?t=1483460945,https://cuescore.com/img/flags/png-country-4x2-none/res-640x480/no.png,541.32,541.53,2026-04-03,False,anchored,1.0,382,206,176
1,1006420,Ole Tobias Tanilon Gangfløt,https://img.cuescore.com/image/f/4/f1926bc40d05863530d616af04169f4b.png?t=1514720572,https://cuescore.com/img/flags/png-country-4x2-none/res-640x480/no.png,541.07,541.21,2026-07-13,False,anchored,0.0,112,69,43
1,6180822,Christian Rundqvist   Trollhättans Bk,https://img.cuescore.com/image/9/4/97282f103414671e2c05465f4d4fbd10.png?t=1736756158,https://cuescore.com/img/flags/png-country-4x2-none/res-640x480/se.png,539.95,539.99,2025-07-05,False,anchored,2.0,70,32,38
1,1006333,Kent Hansen,https://img.cuescore.com/image/e/4/e66e7151e4e19dfe359e86387ba24e14.png?t=1596995062,https://cuescore.com/img/flags/png-country-4x2-none/res-640x480/no.png,539.69,540.58,2026-09-23,True,anchored,378.0,2284,1140,1144
1,9835810,Navid Eslah,https://img.cuescore.com/image/f/4/fbb9e41a5b3721235ac7c928a5805906.png?t=1717603928,https://cuescore.com/img/flags/png-country-4x2-none/res-640x480/no.png,539.57,539.54,2025-05-14,False,anchored,519.0,40,24,16
1,15567079,Pawel Goik,https://img.cuescore.com/image/e/4/e19cd038fdb74d6e90d3f68afdb3ba44.png?t=1704406580,https://cuescore.com/img/flags/png-country-4x2-none/res-640x480/pl.png,538.91,538.98,2026-07-04,False,anchored,3.0,164,71,93
1,26088853,Simeon Ivanov,https://img.cuescore.com/image/2/4/2955fda07146c983ff1e4e06742a9d31.png?t=1771898045,https://cuescore.com/img/flags/png-country-4x2-none/res-640x480/bg.png,538.8,538.63,2026-03-11,False,anchored,350.0,180,93,87
1,1061500,Jim Fors,https://img.cuescore.com/image/8/4/862c792ba8eb7f97e626fbe6cbcc59f6.png,https://cuescore.com/img/flags/png-country-4x2-none/res-640x480/no.png,538.69,539.16,2022-08-17,False,anchored,76.0,168,84,84
1,53649337,Erlend Helgesen,https://img.cuescore.com/image/8/4/8e36b4e5c1b3b60935fab95c7efae87d.png?t=1736502915,https://cuescore.com/img/flags/png-country-4x2-none/res-640x480/no.png,538.44,538.57,2026-09-09,False,anchored,425.0,533,256,277
1,2252446,Tor Bugten,https://img.cuescore.com/image/8/4/862c792ba8eb7f97e626fbe6cbcc59f6.png,https://cuescore.com/img/flags/png-country-4x2-none/res-640x480/no.png,538.22,538.39,2024-05-18,False,anchored,320.0,644,375,269
1,83723041,Luka Bugarski,https://img.cuescore.com/image/d/4/d4af4bdd4ba3aa4c174aab7ea53a1c62.png?t=1783882505,https://cuescore.com/img/flags/png-country-4x2-none/res-640x480/rs.png,538.17,538.34,2026-06-15,False,anchored,,26,21,5
1,7121356,Roger Mølmann,https://img.cuescore.com/image/8/4/862c792ba8eb7f97e626fbe6cbcc59f6.png,https://cuescore.com/img/flags/png-country-4x2-none/res-640x480/no.png,537.26,537.38,2020-09-14,False,anchored,57.0,92,52,40
1,20010922,Tudor Pauliuc,https://img.cuescore.com/image/0/4/02479d5672e38247d5bed60e816766e2.png?t=1785933806,https://cuescore.com/img/flags/png-country-4x2-none/res-640x480/ro.png,536.9,537.1,2025-07-05,False,anchored,4.0,108,51,57
1,1298131,Jack Nordby,https://img.cuescore.com/image/7/4/7307cbe88824c9194b927b4b40b81fa8.png?t=1657102337,https://cuescore.com/img/flags/png-country-4x2-none/res-640x480/no.png,536.66,536.68,2026-06-01,False,anchored,369.0,1064,536,528
1,1016719,Sebastian Meling,https://img.cuescore.com/image/6/4/68cd49c6e61326d18a0f726886c63d3f.png?t=1699971678,https://cuescore.com/img/flags/png-country-4x2-none/res-640x480/no.png,536.64,536.87,2024-04-13,False,anchored,89.0,107,58,49
1,16636270,Stian Wium,https://img.cuescore.com/image/b/4/ba5da0655c8902b6b2161e2ff2de4d4b.png?t=1788971528,https://cuescore.com/img/flags/png-country-4x2-none/res-640x480/no.png,535.93,535.88,2026-01-31,False,anchored,4.0,348,173,175
1,40844470,Øyvind Løvseth,https://img.cuescore.com/image/d/4/d6863afa12deef5412cc1ae1072d38d5.png?t=1710751246,https://cuescore.com/img/flags/png-country-4x2-none/res-640x480/no.png,535.67,535.65,2026-07-04,False,anchored,3.0,292,133,159
1,3595353,Knut Holm,https://img.cuescore.com/image/8/4/862c792ba8eb7f97e626fbe6cbcc59f6.png,https://cuescore.com/img/flags/png-country-4x2-none/res-640x480/no.png,535.22,535.32,2020-03-09,False,anchored,34.0,226,145,81
1,1612715,Kunta Kinte,https://img.cuescore.com/image/8/4/862c792ba8eb7f97e626fbe6cbcc59f6.png,https://cuescore.com/img/flags/png-country-4x2-none/res-640x480/pl.png,534.93,535.21,2020-02-24,False,anchored,,336,190,146
1,1969407,Alexander Reyes Monsen,https://img.cuescore.com/image/9/4/93167011c14780537f064ae90d6eae97.png?t=1708341619,https://cuescore.com/img/flags/png-country-4x2-none/res-640x480/no.png,534.05,534.14,2018-02-19,False,anchored,,65,40,25
1,1006197,Daniel Salole,https://img.cuescore.com/image/d/4/d773ff3c105a615161665f4ca769be49.png?t=1484131929,https://cuescore.com/img/flags/png-country-4x2-none/res-640x480/no.png,533.06,533.16,2025-12-27,False,anchored,2.0,62,34,28
1,43980262,Ask Benham,https://img.cuescore.com/image/f/4/f7028e3ae9e367f986e367f9b34f25ba.png?t=1731435213,https://cuescore.com/img/flags/png-country-4x2-none/res-640x480/no.png,531.43,531.75,2026-01-31,False,anchored,3.0,82,38,44
1,1006515,Thorbjørn Vildar Dahl Eriksen,https://img.cuescore.com/image/8/4/868df813ad6f5cffd252777db1935fbf.png?t=1497261618,https://cuescore.com/img/flags/png-country-4x2-none/res-640x480/no.png,530.84,530.99,2025-10-22,False,anchored,466.0,46,24,22
1,3532613,Tom Kristiansen,https://img.cuescore.com/image/2/4/2f9815339a69b6180cfe058a8b8db478.png?t=1545505404,https://cuescore.com/img/flags/png-country-4x2-none/res-640x480/no.png,530.77,530.79,2025-12-27,False,anchored,2.0,125,59,66
1,12165220,Rune Johnsen,https://img.cuescore.com/image/5/4/5103c198859539cee49e149208f17c86.png?t=1644248300,https://cuescore.com/img/flags/png-country-4x2-none/res-640x480/no.png,530.64,530.69,2024-04-13,False,anchored,,88,55,33
1,1277043,Alexander Hagen,https://img.cuescore.com/image/0/4/0bb3f29a6d41e5f98d383c8f3f0d34b1.png?t=1728761584,https://cuescore.com/img/flags/png-country-4x2-none/res-640x480/no.png,529.93,530.18,2026-04-20,False,anchored,425.0,138,66,72
1,1006562,Yousef Austrheim,https://img.cuescore.com/image/8/4/862c792ba8eb7f97e626fbe6cbcc59f6.png,https://cuescore.com/img/flags/png-country-4x2-none/res-640x480/no.png,529.64,530.08,2026-07-04,False,anchored,2.0,252,116,136
1,1277819,Lasse Kåring,https://img.cuescore.com/image/3/4/309803d12287ba0686b1aeee3ee7f798.png?t=1663711147,https://cuescore.com/img/flags/png-country-4x2-none/res-640x480/no.png,529.02,529.21,2024-12-18,False,anchored,429.0,1123,620,503
1,16144084,Truls Bakken,https://img.cuescore.com/image/c/4/ca1d73d5f732e5e29e22ae72eac5daf0.png?t=1766862688,https://cuescore.com/img/flags/png-country-4x2-none/res-640x480/no.png,528.78,529.17,2026-09-21,False,anchored,320.0,798,390,408
1,1006183,Christel Hanah Johnsen,https://img.cuescore.com/image/8/4/8925333ae7ecfce570ba9991a5e3ac8b.png?t=1710863176,https://cuescore.com/img/flags/png-country-4x2-none/res-640x480/no.png,528.37,528.57,2024-03-16,False,anchored,325.0,156,86,70
1,1006430,Pak San Li,https://img.cuescore.com/image/5/4/5ea22822eaec144ec84802a6be986978.png?t=1705075166,https://cuescore.com/img/flags/png-country-4x2-none/res-640x480/hk.png,527.74,528.06,2019-11-25,False,anchored,,126,71,55
1,4734030,Ronny,https://img.cuescore.com/image/8/4/862c792ba8eb7f97e626fbe6cbcc59f6.png,https://cuescore.com/img/flags/png-country-4x2-none/res-640x480/no.png,526.68,526.78,2019-02-25,False,anchored,,98,59,39
1,1014093,Espen Tingvoll,https://img.cuescore.com/image/4/4/4afac16290e73d7a46dcf8d7ec4a9708.png?t=1733163651,https://cuescore.com/img/flags/png-country-4x2-none/res-640x480/no.png,526.24,526.29,2025-05-14,False,anchored,347.0,51,23,28
1,4743665,Morten Bakken,https://img.cuescore.com/image/0/4/0464fe0de7cf3ab210cbfdeaaf0dc682.png?t=1718050321,https://cuescore.com/img/flags/png-country-4x2-none/res-640x480/no.png,526.0,526.1,2022-06-29,False,anchored,92.0,49,24,25
1,20361406,Amir Khan,https://img.cuescore.com/image/8/4/862c792ba8eb7f97e626fbe6cbcc59f6.png,https://cuescore.com/img/flags/png-country-4x2-none/res-640x480/no.png,525.51,525.6,2026-01-19,False,anchored,3.0,384,182,202
1,76192783,Chris Wells,https://img.cuescore.com/image/4/4/4ddf50f2e874b645d26cc30011565d5c.png?t=1770903779,https://cuescore.com/img/flags/png-country-4x2-none/res-640x480/mt.png,525.32,525.7,2026-04-15,False,anchored,325.0,46,20,26
1,1006359,Larry Skogheim,https://img.cuescore.com/image/1/4/10895ef720bada828fb107dcc39baa47.png?t=1574289124,https://cuescore.com/img/flags/png-country-4x2-none/res-640x480/no.png,524.47,524.79,2026-04-03,False,anchored,2.0,64,30,34
1,1697351,Per Ingvarsson,https://img.cuescore.com/image/8/4/862c792ba8eb7f97e626fbe6cbcc59f6.png,https://cuescore.com/img/flags/png-country-4x2-none/res-640x480/se.png,522.45,522.63,2017-12-11,False,anchored,,80,46,34
1,18284020,Nomen Nescio,https://img.cuescore.com/image/8/4/862c792ba8eb7f97e626fbe6cbcc59f6.png,https://cuescore.com/img/flags/png-country-4x2-none/res-640x480/no.png,521.31,521.33,2025-05-16,False,anchored,0.0,209,109,100
1,1006281,Jan Atle Kofoed,https://img.cuescore.com/image/8/4/82d5d809600aecc46b7d3756b4ea78a7.png?t=1442044357,https://cuescore.com/img/flags/png-country-4x2-none/res-640x480/no.png,520.64,520.85,2025-10-15,False,anchored,377.0,671,316,355
1,16686499,Herman Aleksander Wium,https://img.cuescore.com/image/4/4/4fd106c70d29e59cc5d65a013b8dbd71.png?t=1789749821,https://cuescore.com/img/flags/png-country-4x2-none/res-640x480/no.png,519.06,519.08,2026-07-04,False,anchored,3.0,479,216,263
1,1934129,Johnny Lotto,https://img.cuescore.com/image/8/4/862c792ba8eb7f97e626fbe6cbcc59f6.png,,518.32,518.64,2018-01-15,False,anchored,,80,43,37
1,69888928,T M.H,https://img.cuescore.com/image/7/4/7573bd1ad2155bd6ba6d0830bd161b2e.png?t=1761607499,https://cuescore.com/img/flags/png-country-4x2-none/res-640x480/no.png,518.16,518.49,2026-08-31,False,anchored,253.0,110,71,39
1,42921529,Joshua Turla Tuppal,https://img.cuescore.com/image/1/4/19ecde34653f10eb1501011f362a70a9.png?t=1768880658,https://cuescore.com/img/flags/png-country-4x2-none/res-640x480/ph.png,516.89,516.99,2026-09-16,False,anchored,307.0,1056,498,558
1,1290151,Imran Majid,https://img.cuescore.com/image/d/4/d287a022cd86a20655f3fe5a5894a799.png?t=1484339319,https://cuescore.com/img/flags/png-country-4x2-none/res-640x480/gb.png,516.74,516.95,2019-08-30,False,anchored,0.0,41,24,17
1,71804122,Henning Hagen,https://img.cuescore.com/image/4/4/44603ea7a8624735e759a865c36ce516.png?t=1762346038,https://cuescore.com/img/flags/png-country-4x2-none/res-640x480/no.png,516.37,516.56,2025-12-10,False,anchored,328.0,79,36,43
1,2052753,Morten Falk,https://img.cuescore.com/image/7/4/7d335b5482a61f4a5cdd7ce0e90983b8.png?t=1517871964,https://cuescore.com/img/flags/png-country-4x2-none/res-640x480/no.png,515.89,516.04,2020-02-24,False,anchored,56.0,745,423,322
1,26143903,Katrine Sætereng,https://img.cuescore.com/image/2/4/212cbd6eb399cf603dc07d800defc260.png?t=1780381479,https://cuescore.com/img/flags/png-country-4x2-none/res-640x480/no.png,515.58,515.52,2026-09-07,False,anchored,430.0,1153,551,602
1,21900748,Leoncio Jr Licarte,https://img.cuescore.com/image/9/4/9b144cb010622c9a52090620d768e271.png?t=1760780281,https://cuescore.com/img/flags/png-country-4x2-none/res-640x480/ph.png,515.14,514.89,2025-10-13,False,anchored,297.0,72,42,30
1,1006328,Lioness Princess,https://img.cuescore.com/image/c/4/c7c0b5ee022a9f2b3ef03b301b2ee1d3.png?t=1552833511,https://cuescore.com/img/flags/png-country-4x2-none/res-640x480/no.png,514.7,514.88,2023-02-22,False,anchored,328.0,59,26,33
1,3185355,Ivar Lexi,https://img.cuescore.com/image/e/4/ec32dcbf8d23e79723a618d5146475df.png?t=1768498721,https://cuescore.com/img/flags/png-country-4x2-none/res-640x480/no.png,514.66,515.26,2026-09-23,True,anchored,380.0,1452,649,803
1,1014552,Baard Onsum,https://img.cuescore.com/image/a/4/a8f46313916ef2e38c55f16039e97450.png?t=1442448508,https://cuescore.com/img/flags/png-country-4x2-none/res-640x480/no.png,514.43,514.6,2022-12-16,False,anchored,1.0,68,34,34
1,7131339,Roger Mølmann,https://img.cuescore.com/image/3/4/34be07c6aa5be235fe40a50871001bf3.png?t=1602961257,https://cuescore.com/img/flags/png-country-4x2-none/res-640x480/no.png,514.06,514.16,2025-09-17,False,anchored,313.0,960,527,433
1,1006239,Frank Hjeldnes,https://img.cuescore.com/image/d/4/d0c6c02918708134a763e2e2a0ca08af.png?t=1523131167,https://cuescore.com/img/flags/png-country-4x2-none/res-640x480/no.png,513.95,513.99,2025-12-28,False,anchored,1.0,69,35,34
1,16476664,Øystein Følling,https://img.cuescore.com/image/8/4/862c792ba8eb7f97e626fbe6cbcc59f6.png,https://cuescore.com/img/flags/png-country-4x2-none/res-640x480/no.png,513.69,513.94,2026-04-20,False,anchored,354.0,1029,481,548
1,13988242,Monika Goik,https://img.cuescore.com/image/6/4/69daab49c5890bb397da03a24ca8ca6f.png?t=1651227621,https://cuescore.com/img/flags/png-country-4x2-none/res-640x480/pl.png,513.36,513.27,2025-07-05,False,anchored,4.0,43,19,24
1,1071778,Deleted Account,https://img.cuescore.com/image/8/4/862c792ba8eb7f97e626fbe6cbcc59f6.png,https://cuescore.com/img/flags/png-country-4x2-none/res-640x480/no.png,513.23,513.41,2019-09-02,False,anchored,52.0,277,143,134
1,1510340,Andris Viksnins,https://img.cuescore.com/image/a/4/aa8ae696def0c9c88edb24684774e16d.png?t=1581432669,https://cuescore.com/img/flags/png-country-4x2-none/res-640x480/no.png,512.89,512.98,2026-08-03,False,anchored,325.0,2704,1426,1278
1,8498578,Riaz Ali,https://img.cuescore.com/image/f/4/fb5b79044dab0faef6b2c1e2ceb7b313.png?t=1786194576,https://cuescore.com/img/flags/png-country-4x2-none/res-640x480/no.png,512.63,512.82,2026-07-04,False,anchored,3.0,796,388,408
1,1095179,Ernesto Antonio Meléndez,https://img.cuescore.com/image/2/4/26262ff4af43122f00476168f64b5bda.png?t=1522650690,https://cuescore.com/img/flags/png-country-4x2-none/res-640x480/no.png,512.46,513.86,2026-09-23,True,anchored,302.0,643,293,350
1,1006298,Jarek (Barracuda) Kapuściński,https://img.cuescore.com/image/5/4/5308cfe182f097062e00cb89ba193eb9.png?t=1443616526,https://cuescore.com/img/flags/png-country-4x2-none/res-640x480/pl.png,512.4,512.48,2026-09-07,False,anchored,313.0,615,319,296
1,1030563,Alexander Baranji,https://img.cuescore.com/image/4/4/47b05ae303d3174c04a779e249a19579.png?t=1762883231,https://cuescore.com/img/flags/png-country-4x2-none/res-640x480/no.png,512.35,512.55,2026-09-02,False,anchored,419.0,556,266,290
1,20809939,Gary Zacaria,https://img.cuescore.com/image/8/4/862c792ba8eb7f97e626fbe6cbcc59f6.png,https://cuescore.com/img/flags/png-country-4x2-none/res-640x480/ph.png,511.53,511.67,2024-10-16,False,anchored,317.0,151,71,80
1,2063761,Kurt Anders Lund,https://img.cuescore.com/image/9/4/932491ad8667f8957f24b9df124b79a0.png?t=1729685568,https://cuescore.com/img/flags/png-country-4x2-none/res-640x480/no.png,511.49,511.48,2026-06-24,False,anchored,450.0,50,22,28
1,1946517,Ivan Tadic,https://img.cuescore.com/image/f/4/f70dafc0141d998b2619c59d23283ffb.png?t=1509996043,https://cuescore.com/img/flags/png-country-4x2-none/res-640x480/no.png,510.49,510.69,2022-04-04,False,anchored,12.0,1145,608,537
1,48159925,Ole-Jakob Rosenvold,https://img.cuescore.com/image/a/4/ac8138d357b9d12dd00be31639899b4c.png?t=1728812914,https://cuescore.com/img/flags/png-country-4x2-none/res-640x480/no.png,510.25,509.63,2026-09-23,True,anchored,319.0,134,70,64
1,25484464,Joaquin K. Yovine,https://img.cuescore.com/image/4/4/439ff949812ca26dfb670b2fcddea663.png?t=1762679224,https://cuescore.com/img/flags/png-country-4x2-none/res-640x480/ar.png,509.8,509.89,2025-10-22,False,anchored,381.0,647,285,362
1,1006174,Børre Kofoed Karaka,https://img.cuescore.com/image/f/4/f5938ce323c3e2ca496567a495dbab64.png?t=1447875824,https://cuescore.com/img/flags/png-country-4x2-none/res-640x480/no.png,508.68,508.87,2018-09-19,False,anchored,38.0,275,143,132
1,1006340,Kjartan Maraas,https://img.cuescore.com/image/8/4/80cd0b7c3c0eda0f178367486ebed239.png?t=1652428795,https://cuescore.com/img/flags/png-country-4x2-none/res-640x480/no.png,508.59,508.53,2025-09-24,False,anchored,423.0,231,93,138
1,10220035,Marius Lamby Solvang,https://img.cuescore.com/image/5/4/5551b89a55c5007133c8bebe6d6a284b.png?t=1712844064,https://cuescore.com/img/flags/png-country-4x2-none/res-640x480/no.png,508.4,508.4,2026-08-10,False,anchored,305.0,1248,598,650
1,2653482,Adil Lusjani,https://img.cuescore.com/image/8/4/862c792ba8eb7f97e626fbe6cbcc59f6.png,https://cuescore.com/img/flags/png-country-4x2-none/res-640x480/no.png,508.01,508.01,2019-01-21,False,anchored,,208,128,80
1,1015952,Marius Farås,https://img.cuescore.com/image/9/4/966b6ba72e1babc46e394f0e4e028199.png?t=1451653219,https://cuescore.com/img/flags/png-country-4x2-none/res-640x480/no.png,507.92,508.14,2024-12-27,False,anchored,2.0,176,87,89
1,1022588,Nikolaos Chatzitheodorou,https://img.cuescore.com/image/9/4/9f111cc7394df3d82ee00a85986c9c3d.png?t=1539274559,https://cuescore.com/img/flags/png-country-4x2-none/res-640x480/gr.png,505.96,506.16,2018-12-15,False,anchored,45.0,265,137,128
1,12042235,Evert Andersson,https://img.cuescore.com/image/4/4/44c626da57307bdf01fb14d0ecb7f565.png?t=1654608437,https://cuescore.com/img/flags/png-country-4x2-none/res-640x480/se.png,505.95,505.78,2026-06-24,False,anchored,400.0,49,23,26
1,3587297,Didrik V Berg,https://img.cuescore.com/image/8/4/862c792ba8eb7f97e626fbe6cbcc59f6.png,https://cuescore.com/img/flags/png-country-4x2-none/res-640x480/no.png,505.81,505.94,2021-11-24,False,anchored,78.0,45,27,18
1,2043792,Vaios Evangelou,https://img.cuescore.com/image/7/4/7036968f7bde92e60c5f1fa05435bf33.png?t=1739016923,https://cuescore.com/img/flags/png-country-4x2-none/res-640x480/gr.png,505.67,505.9,2021-06-30,False,anchored,58.0,134,66,68
1,75512620,Trond Evjen,https://img.cuescore.com/image/8/4/862c792ba8eb7f97e626fbe6cbcc59f6.png,https://cuescore.com/img/flags/png-country-4x2-none/res-640x480/no.png,505.33,505.33,2026-03-04,False,anchored,241.0,65,35,30
1,36990883,Anders Valde,https://img.cuescore.com/image/9/4/92645097ded7d58a05f5712bdd468f78.png?t=1705362002,https://cuescore.com/img/flags/png-country-4x2-none/res-640x480/no.png,505.17,505.08,2025-12-27,False,anchored,3.0,236,98,138
1,1006171,Bjørnar Davidsen,https://img.cuescore.com/image/1/4/13ae6d4051653c58f346f9f6478528a5.png?t=1441835857,https://cuescore.com/img/flags/png-country-4x2-none/res-640x480/no.png,504.85,505.04,2023-09-18,False,anchored,55.0,443,236,207
1,1597907,Haukur Stefansson,https://img.cuescore.com/image/8/4/862c792ba8eb7f97e626fbe6cbcc59f6.png,https://cuescore.com/img/flags/png-country-4x2-none/res-640x480/is.png,503.86,503.83,2026-01-28,False,anchored,317.0,86,40,46
1,8270907,Christian Söderström,https://img.cuescore.com/image/6/4/6a3d709e325db75a3d35a56a683978dc.png?t=1766584752,https://cuescore.com/img/flags/png-country-4x2-none/res-640x480/no.png,502.79,502.94,2026-05-11,False,anchored,328.0,129,61,68
1,6545064,Kim-Olaf Sørensen,https://img.cuescore.com/image/9/4/9437a09ca9ddbc446e2a40572302f3c6.png?t=1686311792,https://cuescore.com/img/flags/png-country-4x2-none/res-640x480/no.png,501.86,502.14,2026-05-20,False,anchored,304.0,123,58,65
1,1006487,Desak Sri Pustini,https://img.cuescore.com/image/8/4/8a8ce09d8231a8d0e80ee3c8e5c11a4f.png?t=1519162788,https://cuescore.com/img/flags/png-country-4x2-none/res-640x480/no.png,500.73,500.89,2022-02-21,False,anchored,57.0,240,124,116
1,1006157,Asle M. Johansen,https://img.cuescore.com/image/c/4/c6fa543957778aaa7d85eeeac094bd56.png?t=1515450638,https://cuescore.com/img/flags/png-country-4x2-none/res-640x480/no.png,499.84,500.12,2020-08-24,False,anchored,,278,146,132
1,2181146,Mentor Nuredini,https://img.cuescore.com/image/8/4/862c792ba8eb7f97e626fbe6cbcc59f6.png,https://cuescore.com/img/flags/png-country-4x2-none/res-640x480/al.png,499.66,499.9,2018-02-28,False,anchored,,49,29,20
1,1018532,Goran Nikolic,https://img.cuescore.com/image/f/4/f407bea43582938521ec2c0024955fae.png?t=1456566394,https://cuescore.com/img/flags/png-country-4x2-none/res-640x480/rs.png,498.45,498.75,2017-06-17,False,anchored,,45,24,21
1,6691281,Andreas Wahr-Hansen,https://img.cuescore.com/image/8/4/862c792ba8eb7f97e626fbe6cbcc59f6.png,https://cuescore.com/img/flags/png-country-4x2-none/res-640x480/no.png,498.17,498.19,2026-05-04,False,anchored,318.0,1002,501,501
1,7222054,Leif Norvald Nilsen,https://img.cuescore.com/image/2/4/269e09c845bf07d0d7ba711b85b29e20.png?t=1582101702,https://cuescore.com/img/flags/png-country-4x2-none/res-640x480/no.png,497.77,497.91,2026-03-04,False,anchored,242.0,138,76,62
1,1396429,Øyvind Stordahl,https://img.cuescore.com/image/2/4/2f810371d4a4fbaeb237b4e908bad17c.png?t=1638019950,https://cuescore.com/img/flags/png-country-4x2-none/res-640x480/no.png,497.67,497.8,2022-10-26,False,anchored,275.0,53,28,25
1,58725133,Kjell-egil Woster,https://img.cuescore.com/image/b/4/b9326bca4b60f10303f242e257bab6be.png?t=1753705117,https://cuescore.com/img/flags/png-country-4x2-none/res-640x480/no.png,497.55,497.58,2026-07-04,False,anchored,3.0,102,49,53
1,3120055,Per Christian Slåtta,https://img.cuescore.com/image/8/4/862c792ba8eb7f97e626fbe6cbcc59f6.png,https://cuescore.com/img/flags/png-country-4x2-none/res-640x480/no.png,497.27,497.31,2019-06-03,False,anchored,,323,184,139
1,3036771,Adrian Gawlak,https://img.cuescore.com/image/8/4/862c792ba8eb7f97e626fbe6cbcc59f6.png,https://cuescore.com/img/flags/png-country-4x2-none/res-640x480/pl.png,496.31,496.32,2018-10-08,False,anchored,,126,73,53
1,1498747,Andris Viksnins,https://img.cuescore.com/image/8/4/862c792ba8eb7f97e626fbe6cbcc59f6.png,https://cuescore.com/img/flags/png-country-4x2-none/res-640x480/ge.png,495.81,496.23,2017-10-30,False,anchored,,56,27,29
1,1561935,Øystein Holm Krøvel,https://img.cuescore.com/image/8/4/862c792ba8eb7f97e626fbe6cbcc59f6.png,https://cuescore.com/img/flags/png-country-4x2-none/res-640x480/no.png,495.1,495.36,2020-03-02,False,anchored,,278,134,144
1,7957612,Guido Thyssen,https://img.cuescore.com/image/b/4/b750fc4c231371fe07c54897b662b9aa.png?t=1736385363,https://cuescore.com/img/flags/png-country-4x2-none/res-640x480/de.png,494.98,494.85,2026-01-31,False,anchored,3.0,70,34,36
1,17693218,Romain Rolland,https://img.cuescore.com/image/4/4/4cf74a44defe52ea6e7893d46649eb0d.png?t=1721485281,https://cuescore.com/img/flags/png-country-4x2-none/res-640x480/no.png,494.72,494.5,2025-05-12,False,anchored,218.0,95,45,50
1,1013991,Ahad Rashid,https://img.cuescore.com/image/8/4/862c792ba8eb7f97e626fbe6cbcc59f6.png,https://cuescore.com/img/flags/png-country-4x2-none/res-640x480/no.png,494.59,494.8,2020-02-10,False,anchored,46.0,375,183,192
1,2053323,Ib Christiansen,https://img.cuescore.com/image/2/4/2ec690189b070352f6fd86cbdae76c24.png?t=1532262581,https://cuescore.com/img/flags/png-country-4x2-none/res-640x480/no.png,492.43,492.39,2026-08-31,False,anchored,318.0,634,335,299
1,80088046,Kim Rui,https://img.cuescore.com/image/b/4/b115a715a10e46bdf68733400637f8ef.png?t=1780934994,https://cuescore.com/img/flags/png-country-4x2-none/res-640x480/no.png,492.01,485.64,2026-09-23,True,anchored,319.0,366,177,189
1,1000003,Thomas Elmgren Stavang,https://img.cuescore.com/image/c/4/c9dae26033c402e972e833d3868acb37.png?t=1787837068,https://cuescore.com/img/flags/png-country-4x2-none/res-640x480/no.png,491.98,492.33,2017-06-17,False,anchored,,65,28,37
1,4742719,Adiil Lusjanii,https://img.cuescore.com/image/2/4/2a5217bd0489c5e2990e6327bf7be97f.png?t=1549472165,https://cuescore.com/img/flags/png-country-4x2-none/res-640x480/no.png,491.89,492.02,2020-10-12,False,anchored,31.0,192,100,92
1,4889312,Hamza Malik,https://img.cuescore.com/image/8/4/862c792ba8eb7f97e626fbe6cbcc59f6.png,https://cuescore.com/img/flags/png-country-4x2-none/res-640x480/no.png,491.81,491.83,2020-09-07,False,anchored,35.0,106,60,46
1,1081697,Giena Tanilon,https://img.cuescore.com/image/e/4/e4266b6d289840197a5daee639bdca8f.png?t=1633705833,https://cuescore.com/img/flags/png-country-4x2-none/res-640x480/no.png,491.67,491.76,2025-07-05,False,anchored,3.0,139,79,60
1,19030543,Martin Olsson,https://img.cuescore.com/image/6/4/6a9f2b1e91ce51337c1a4fdb5a8f71f0.png?t=1786094993,https://cuescore.com/img/flags/png-country-4x2-none/res-640x480/se.png,490.87,490.81,2026-09-07,False,anchored,292.0,649,318,331
1,1356128,Christian Moberg,https://img.cuescore.com/image/c/4/c060608e7b3ef73e887d220038654551.png?t=1739974000,https://cuescore.com/img/flags/png-country-4x2-none/res-640x480/no.png,488.28,488.45,2025-12-27,False,anchored,3.0,136,65,71
1,1036778,Ronald Natifu,https://img.cuescore.com/image/8/4/862c792ba8eb7f97e626fbe6cbcc59f6.png,,487.95,488.1,2018-02-17,False,anchored,9.0,48,25,23
1,55415260,Dag Erik Wiig,https://img.cuescore.com/image/7/4/778ff88fa19172cf4bf3e46284690c76.png?t=1741537286,https://cuescore.com/img/flags/png-country-4x2-none/res-640x480/no.png,487.61,487.59,2026-04-15,False,anchored,306.0,436,213,223
1,1997987,Sven Høgdahl,https://img.cuescore.com/image/8/4/8d29195469d3a1b088d829a550e79fac.png?t=1670759545,https://cuescore.com/img/flags/png-country-4x2-none/res-640x480/no.png,487.47,487.55,2023-03-27,False,anchored,210.0,109,61,48
1,10540801,Vasileios Nikolaou,https://img.cuescore.com/image/3/4/3f3e02322213a8ac803ddee19babdbca.png?t=1643031157,https://cuescore.com/img/flags/png-country-4x2-none/res-640x480/gr.png,486.74,486.87,2022-07-20,False,anchored,60.0,49,26,23
1,16553469,Márk Szabo,https://img.cuescore.com/image/6/4/61b9f48c7494d11107954c279778292b.png?t=1789402438,https://cuescore.com/img/flags/png-country-4x2-none/res-640x480/sk.png,486.48,486.93,2026-06-15,False,anchored,,21,15,6
1,1012750,Frode Myhre Larsen,https://img.cuescore.com/image/2/4/22c5ca59fea69101c56d9f8ce9581270.png?t=1483536851,https://cuescore.com/img/flags/png-country-4x2-none/res-640x480/no.png,485.69,485.75,2020-02-24,False,anchored,,213,124,89
1,13872481,Erik Weiselius,https://img.cuescore.com/image/2/4/22b83c03f8e43e65019e48bc540ab145.png?t=1673206462,https://cuescore.com/img/flags/png-country-4x2-none/res-640x480/se.png,485.59,485.72,2025-07-14,False,anchored,625.0,24,16,8
1,5174448,Thomas Hilling Amundsen,https://img.cuescore.com/image/b/4/b34d126bf7ab880025a1473f13cffcaa.png?t=1677525102,https://cuescore.com/img/flags/png-country-4x2-none/res-640x480/no.png,485.45,485.45,2019-06-05,False,anchored,39.0,111,63,48
1,3632537,Dennis Nilsen,https://img.cuescore.com/image/0/4/04380520c9456dbdd2ad4e94151583d0.png?t=1548855703,https://cuescore.com/img/flags/png-country-4x2-none/res-640x480/no.png,485.13,485.2,2019-01-21,False,anchored,,81,41,40
1,1024799,Stig Nesvik,https://img.cuescore.com/image/1/4/1d7931022cb5cc99a4bfa630a7ff07ed.png?t=1655704835,https://cuescore.com/img/flags/png-country-4x2-none/res-640x480/no.png,484.17,484.49,2026-09-23,True,anchored,417.0,4557,2098,2459
1,2298198,Kenneth Mydland,https://img.cuescore.com/image/d/4/d3954a893621a735a6fa24f06a39de3d.png?t=1535399536,https://cuescore.com/img/flags/png-country-4x2-none/res-640x480/no.png,483.24,483.32,2024-12-27,False,anchored,1.0,28,20,8
1,2947265,Bernjard David C Ruiz,https://img.cuescore.com/image/1/4/12c0e46fcccd8e52650f604aa340158a.png?t=1780495121,https://cuescore.com/img/flags/png-country-4x2-none/res-640x480/ph.png,483.2,483.37,2026-06-15,False,anchored,328.0,687,349,338
1,2690021,Torkel Rønningen,https://img.cuescore.com/image/8/4/862c792ba8eb7f97e626fbe6cbcc59f6.png,https://cuescore.com/img/flags/png-country-4x2-none/res-640x480/no.png,483.03,483.06,2018-11-19,False,anchored,,56,31,25
1,1006250,Geir Tollefsrud,https://img.cuescore.com/image/6/4/6f96ab8151fbcef425b09e01849ab744.png?t=1761033062,https://cuescore.com/img/flags/png-country-4x2-none/res-640x480/no.png,482.81,482.62,2025-12-27,False,anchored,3.0,31,15,16
1,49097056,Herman Maraas,https://img.cuescore.com/image/9/4/9cb01c63ff307e612a66168e5d63c220.png?t=1726357714,https://cuescore.com/img/flags/png-country-4x2-none/res-640x480/no.png,482.45,482.99,2025-07-09,False,anchored,240.0,270,115,155
1,31114699,Ferdinand Jaggi,https://img.cuescore.com/image/9/4/9e0636ce594a896c5f91a72107ace66a.png?t=1728905358,https://cuescore.com/img/flags/png-country-4x2-none/res-640x480/no.png,481.83,481.79,2026-06-08,False,anchored,325.0,134,70,64
1,1006448,Roald Pettersen,https://img.cuescore.com/image/a/4/a5d798e918d8de9ec9c0a89e50060623.png?t=1582609862,https://cuescore.com/img/flags/png-country-4x2-none/res-640x480/no.png,480.54,480.74,2026-05-13,False,anchored,322.0,162,78,84
1,3595359,Øivind Bakken,https://img.cuescore.com/image/1/4/15f459fa7178e8d3fc57a547d81de45c.png?t=1551183592,https://cuescore.com/img/flags/png-country-4x2-none/res-640x480/no.png,480.44,480.58,2020-03-09,False,anchored,34.0,379,200,179
1,8383377,Tina Lindvall,https://img.cuescore.com/image/6/4/6ad47a8d509c9b4bbca66e2c4d822070.png?t=1711720002,https://cuescore.com/img/flags/png-country-4x2-none/res-640x480/no.png,479.42,479.5,2022-05-28,False,anchored,,60,34,26
1,1024806,Lars Nitteberg,https://img.cuescore.com/image/1/4/18bfc13d56224b3b1a04d52ae0b1f118.png?t=1455480472,https://cuescore.com/img/flags/png-country-4x2-none/res-640x480/no.png,477.85,478.15,2018-05-14,False,anchored,,282,130,152
1,19913527,Wael Handal,https://img.cuescore.com/image/5/4/560089e4ea7003d4b17eb2f1341fad56.png?t=1677498717,https://cuescore.com/img/flags/png-country-4x2-none/res-640x480/no.png,477.69,477.75,2024-08-26,False,anchored,339.0,262,127,135
1,1006215,Emil Andreassen,https://img.cuescore.com/image/4/4/49095675f030b08c4fb3f68d35ad9287.png?t=1481128220,https://cuescore.com/img/flags/png-country-4x2-none/res-640x480/no.png,476.87,477.1,2023-09-06,False,anchored,275.0,639,291,348
1,11273659,Grzegorz Tabor,https://img.cuescore.com/image/8/4/862c792ba8eb7f97e626fbe6cbcc59f6.png,https://cuescore.com/img/flags/png-country-4x2-none/res-640x480/no.png,476.38,476.48,2022-02-07,False,anchored,,31,22,9
1,1393993,Ronny Sørlie,https://img.cuescore.com/image/2/4/25bf706b3d9ad951c7d185470c891a7b.png?t=1490047759,https://cuescore.com/img/flags/png-country-4x2-none/res-640x480/no.png,476.21,476.42,2020-03-11,False,anchored,54.0,122,56,66
1,7959797,Pergantis Zalachas,https://img.cuescore.com/image/6/4/6d23b331d8bf2f4873a4ad3230a17127.png?t=1734529208,https://cuescore.com/img/flags/png-country-4x2-none/res-640x480/gr.png,476.17,476.07,2026-06-08,False,anchored,288.0,1432,667,765
1,2251359,Gustav Leennatsso,https://img.cuescore.com/image/8/4/862c792ba8eb7f97e626fbe6cbcc59f6.png,,475.81,475.78,2018-04-16,False,anchored,,56,31,25
1,1006473,Rune Antonsen,https://img.cuescore.com/image/2/4/2342c31ef802c8a1e692a25553e1318c.png?t=1454529598,https://cuescore.com/img/flags/png-country-4x2-none/res-640x480/no.png,475.36,475.37,2026-01-31,False,anchored,3.0,42,18,24
1,83723089,Shane Petrick,https://img.cuescore.com/image/3/4/3694f2e3c0b8246c15208da784c034c9.png?t=1781520936,https://cuescore.com/img/flags/png-country-4x2-none/res-640x480/us.png,474.47,474.56,2026-06-15,False,anchored,350.0,26,15,11
1,5129473,Andreas Bjørnhaug,https://img.cuescore.com/image/8/4/862c792ba8eb7f97e626fbe6cbcc59f6.png,https://cuescore.com/img/flags/png-country-4x2-none/res-640x480/no.png,474.33,474.48,2021-08-23,False,anchored,54.0,133,65,68
1,80198077,Nils Vogt,https://img.cuescore.com/image/8/4/862c792ba8eb7f97e626fbe6cbcc59f6.png,https://cuescore.com/img/flags/png-country-4x2-none/res-640x480/no.png,473.77,473.58,2026-09-21,False,anchored,319.0,166,69,97
1,1015461,Nils Arild Sabbasen,https://img.cuescore.com/image/1/4/1e7800c680e775f9073bce8437a62a95.png?t=1726685928,https://cuescore.com/img/flags/png-country-4x2-none/res-640x480/no.png,472.75,473.01,2025-07-16,False,anchored,200.0,579,253,326
1,34735372,Karl Våglund,https://img.cuescore.com/image/5/4/5bdacd9a26a55ff524a58ce548811260.png?t=1751375438,https://cuescore.com/img/flags/png-country-4x2-none/res-640x480/se.png,471.37,471.51,2025-07-05,False,anchored,4.0,69,27,42
1,9924259,Amin Asil,https://img.cuescore.com/image/e/4/e41a9cceba33d609c55920e51930c9df.png?t=1785252669,https://cuescore.com/img/flags/png-country-4x2-none/res-640x480/no.png,471.18,471.16,2026-02-16,False,anchored,301.0,42,19,23
1,1006178,Carl Kolrud,https://img.cuescore.com/image/f/4/f9b1679b362d7a5ecbf897998f074c6e.png?t=1452001050,https://cuescore.com/img/flags/png-country-4x2-none/res-640x480/no.png,470.62,470.78,2023-09-18,False,anchored,40.0,307,136,171
1,3428055,Rune Fevang,https://img.cuescore.com/image/6/4/6682d0164785f00997fdc32f46aa236c.png?t=1598120176,https://cuescore.com/img/flags/png-country-4x2-none/res-640x480/no.png,470.5,470.64,2025-02-17,False,anchored,267.0,1190,585,605
1,1969239,Leko Antonijevic,https://img.cuescore.com/image/8/4/862c792ba8eb7f97e626fbe6cbcc59f6.png,https://cuescore.com/img/flags/png-country-4x2-none/res-640x480/rs.png,470.36,470.43,2017-11-20,False,anchored,,39,30,9
1,3399547,Per Yngvar Hodnebrog,https://img.cuescore.com/image/2/4/2f84caa08f77b23625eceb9f0ca3c80c.png?t=1543097217,https://cuescore.com/img/flags/png-country-4x2-none/res-640x480/no.png,470.17,470.22,2025-12-27,False,anchored,1.0,24,13,11
1,3682319,Lasse Rognlien,https://img.cuescore.com/image/c/4/cbd35a5519cb486b5c8f550b72023a6a.png?t=1729677207,https://cuescore.com/img/flags/png-country-4x2-none/res-640x480/no.png,469.75,469.56,2026-09-23,True,anchored,307.0,1580,647,933
1,71956222,Raymond Mælen,https://img.cuescore.com/image/f/4/f0e41aa51ad3d87a64a1b22f3330c4d7.png?t=1772470365,https://cuescore.com/img/flags/png-country-4x2-none/res-640x480/no.png,469.54,469.57,2026-09-21,False,anchored,319.0,499,230,269
1,16978756,Kevin Jensen,https://img.cuescore.com/image/8/4/862c792ba8eb7f97e626fbe6cbcc59f6.png,https://cuescore.com/img/flags/png-country-4x2-none/res-640x480/no.png,469.39,469.44,2022-10-03,False,anchored,125.0,85,40,45
1,1969223,Ole Andreas Sandvik,https://img.cuescore.com/image/6/4/60a0b00a935c6d21347d56b59302f073.png?t=1568885329,https://cuescore.com/img/flags/png-country-4x2-none/res-640x480/no.png,469.16,469.27,2022-10-31,False,anchored,215.0,1043,526,517
1,2167253,Michel Mateos,https://img.cuescore.com/image/1/4/1c36619fc831abafe75cce19b82ae667.png?t=1519059541,,468.85,468.97,2026-06-15,False,anchored,35.0,256,139,117
1,1036625,Elias Rytterager Johnsen,https://img.cuescore.com/image/d/4/de345c58a434ed9e688bba7a1c0b1fed.png?t=1785697603,https://cuescore.com/img/flags/png-country-4x2-none/res-640x480/no.png,468.82,468.89,2025-12-27,False,anchored,3.0,33,16,17
1,1566758,Tor-Arne Slorafoss,https://img.cuescore.com/image/8/4/862c792ba8eb7f97e626fbe6cbcc59f6.png,https://cuescore.com/img/flags/png-country-4x2-none/res-640x480/no.png,468.67,468.9,2026-03-09,False,anchored,234.0,523,228,295
1,1612717,Mentor Nuredini,https://img.cuescore.com/image/8/4/862c792ba8eb7f97e626fbe6cbcc59f6.png,https://cuescore.com/img/flags/png-country-4x2-none/res-640x480/no.png,467.16,467.68,2018-03-12,False,anchored,,52,24,28
1,5738538,Benjamin Herland Aralden,https://img.cuescore.com/image/c/4/cac79bc3bebb84540c814d1101274348.png?t=1764693725,https://cuescore.com/img/flags/png-country-4x2-none/res-640x480/no.png,466.36,466.51,2026-06-15,False,anchored,,20,13,7
1,1750663,Tore Mo,https://img.cuescore.com/image/8/4/868cafde2fe44c2d541c5be3b4330b54.png?t=1550297541,https://cuescore.com/img/flags/png-country-4x2-none/res-640x480/no.png,466.17,466.29,2024-11-13,False,anchored,267.0,1839,857,982
1,16590622,Kjetil Nordal,https://img.cuescore.com/image/8/4/862c792ba8eb7f97e626fbe6cbcc59f6.png,https://cuescore.com/img/flags/png-country-4x2-none/res-640x480/no.png,464.98,464.66,2023-08-14,False,anchored,143.0,94,43,51
1,34778635,Wiktor Kaczmarek,https://img.cuescore.com/image/5/4/502e0fdd373fef4e8141f6798718c482.png?t=1714771039,https://cuescore.com/img/flags/png-country-4x2-none/res-640x480/pl.png,464.94,464.84,2026-06-15,False,anchored,550.0,17,13,4
1,1084127,Simen Ekern Bakken,https://img.cuescore.com/image/1/4/1ea0d5df64fc7e27d2f85cbdaaba1d26.png?t=1567687252,https://cuescore.com/img/flags/png-country-4x2-none/res-640x480/no.png,464.58,464.66,2024-12-28,False,anchored,2.0,17,12,5
1,1902521,Tom-Henrik Sandvik,https://img.cuescore.com/image/2/4/2906c48212c1841545c4d2a6b1aef3e6.png?t=1579272043,https://cuescore.com/img/flags/png-country-4x2-none/res-640x480/no.png,463.86,463.98,2024-01-29,False,anchored,225.0,1098,546,552
1,8532632,Eddie Vonderau,https://img.cuescore.com/image/8/4/862c792ba8eb7f97e626fbe6cbcc59f6.png,https://cuescore.com/img/flags/png-country-4x2-none/res-640x480/us.png,463.55,463.68,2026-06-15,False,anchored,,16,13,3
1,1402248,Trond Engebakk,https://img.cuescore.com/image/8/4/862c792ba8eb7f97e626fbe6cbcc59f6.png,https://cuescore.com/img/flags/png-country-4x2-none/res-640x480/no.png,463.45,463.56,2026-04-22,False,anchored,518.0,32,14,18
1,7719582,Astrid E. Pedersen,https://img.cuescore.com/image/e/4/e219e9c2df259c77f1de2743034ebeae.png?t=1627285842,https://cuescore.com/img/flags/png-country-4x2-none/res-640x480/no.png,461.92,462.06,2026-07-18,False,anchored,325.0,1458,651,807
1,7038973,James Leahy,https://img.cuescore.com/image/2/4/20dff670fb5324a4bcb0f90dbb22fe94.png?t=1578167150,https://cuescore.com/img/flags/png-country-4x2-none/res-640x480/au.png,461.79,461.73,2026-09-16,False,anchored,300.0,22,11,11
1,1670605,Bernadette Bodó,https://img.cuescore.com/image/a/4/af24d3de0701bedd6850b44d6d26c813.png?t=1699869479,https://cuescore.com/img/flags/png-country-4x2-none/res-640x480/no.png,461.4,461.29,2026-01-31,False,anchored,3.0,467,210,257
1,7004013,Jone Berntsen Stava,https://img.cuescore.com/image/8/4/81ee268ce80e3f01f9fb086fa81254b4.png?t=1625690742,https://cuescore.com/img/flags/png-country-4x2-none/res-640x480/no.png,461.11,461.35,2024-01-29,False,anchored,231.0,144,68,76
1,40384564,James Acker,https://img.cuescore.com/image/b/4/b48b067c613abbcd8fc28c9547ec8af7.png?t=1756464458,https://cuescore.com/img/flags/png-country-4x2-none/res-640x480/no.png,461.07,461.23,2025-12-27,False,anchored,4.0,66,24,42
1,1016894,Tommy Andersen,https://img.cuescore.com/image/b/4/b61eb3f32899828304cd7d959ff83099.png?t=1510221156,https://cuescore.com/img/flags/png-country-4x2-none/res-640x480/no.png,460.87,461.11,2019-04-29,False,anchored,,367,161,206
1,4797871,Johannes Ulsund,https://img.cuescore.com/image/0/4/02f5ca1bdd87e02b91d92a2a40dc614d.png?t=1569571166,https://cuescore.com/img/flags/png-country-4x2-none/res-640x480/no.png,458.74,458.85,2023-06-19,False,anchored,224.0,1004,476,528
1,1916867,Christian Sparrenlöv Fischer,https://img.cuescore.com/image/e/4/e614186f8ca3178072c0eeb65a285077.png?t=1727785034,https://cuescore.com/img/flags/png-country-4x2-none/res-640x480/se.png,458.71,458.79,2019-08-31,False,anchored,0.0,27,23,4
1,8760495,Emir Pandzic,https://img.cuescore.com/image/a/4/a49ae3f587d5501c68d1e8bb904de4c8.png?t=1748465291,https://cuescore.com/img/flags/png-country-4x2-none/res-640x480/ba.png,457.92,458.02,2026-06-15,False,anchored,350.0,16,10,6
1,2251360,Joakim Elfstrøm,https://img.cuescore.com/image/8/4/862c792ba8eb7f97e626fbe6cbcc59f6.png,,457.49,457.55,2020-03-02,False,anchored,,118,56,62
1,36225232,Adrian Winther,https://img.cuescore.com/image/8/4/81cb50b2c575f161fd697cd82244b485.png?t=1741602346,https://cuescore.com/img/flags/png-country-4x2-none/res-640x480/no.png,456.4,456.37,2025-05-05,False,anchored,232.0,123,62,61
1,13720633,Håkon Haukebøe,https://img.cuescore.com/image/3/4/319f038cddfee25c3e4aa68d059139e5.png?t=1662394144,https://cuescore.com/img/flags/png-country-4x2-none/res-640x480/no.png,455.56,446.71,2026-09-23,True,anchored,207.0,499,204,295
1,62353570,Hallvard Olaussen,https://img.cuescore.com/image/c/4/c463352554c0fe1c75fb66658424a011.png?t=1788221030,https://cuescore.com/img/flags/png-country-4x2-none/res-640x480/no.png,455.3,456.53,2026-09-23,True,anchored,325.0,612,306,306
1,48151645,Albert Fjeldavli,https://img.cuescore.com/image/8/4/862c792ba8eb7f97e626fbe6cbcc59f6.png,https://cuescore.com/img/flags/png-country-4x2-none/res-640x480/no.png,453.76,453.89,2025-02-24,False,anchored,325.0,32,13,19
1,19616722,Lobsang Thupten,https://img.cuescore.com/image/1/4/12db8ac2ac795425bd7b813c8236d9a0.png?t=1669638758,https://cuescore.com/img/flags/png-country-4x2-none/res-640x480/no.png,453.4,453.36,2026-04-06,False,anchored,230.0,429,168,261
1,5140422,Tomas Gryczon,https://img.cuescore.com/image/4/4/430ec5c9df468db155800427085d7147.png?t=1658087473,https://cuescore.com/img/flags/png-country-4x2-none/res-640x480/no.png,453.14,453.32,2026-09-02,False,anchored,312.0,2460,1002,1458
1,2950122,Mathias Gjerdrum,https://img.cuescore.com/image/8/4/862c792ba8eb7f97e626fbe6cbcc59f6.png,https://cuescore.com/img/flags/png-country-4x2-none/res-640x480/no.png,453.1,453.18,2019-12-14,False,anchored,,37,25,12
1,2431087,Mads Gjefsen,https://img.cuescore.com/image/8/4/862c792ba8eb7f97e626fbe6cbcc59f6.png,https://cuescore.com/img/flags/png-country-4x2-none/res-640x480/no.png,452.73,452.85,2018-04-30,False,anchored,,40,26,14
1,27634768,Roger Andresen,https://img.cuescore.com/image/8/4/862c792ba8eb7f97e626fbe6cbcc59f6.png,https://cuescore.com/img/flags/png-country-4x2-none/res-640x480/no.png,452.7,452.13,2026-04-15,False,anchored,260.0,166,76,90
1,1006194,Dag-jøran Aralden,https://img.cuescore.com/image/c/4/c8c4ed55994518cb68d5da39a08dfb10.png?t=1457105902,https://cuescore.com/img/flags/png-country-4x2-none/res-640x480/no.png,452.38,452.44,2026-06-15,False,anchored,,14,11,3
1,8383376,Hans Petter Ilstad,https://img.cuescore.com/image/8/4/862c792ba8eb7f97e626fbe6cbcc59f6.png,https://cuescore.com/img/flags/png-country-4x2-none/res-640x480/no.png,452.04,452.1,2023-03-27,False,anchored,175.0,54,28,26
1,1969238,Audun Brede,https://img.cuescore.com/image/b/4/bbddd48ed50a7d4ee6b713845627eaf1.png?t=1511800739,https://cuescore.com/img/flags/png-country-4x2-none/res-640x480/no.png,451.3,451.37,2020-03-09,False,anchored,,650,340,310
1,1708121,Petter Olsen,https://img.cuescore.com/image/b/4/b442bea202b1222facbc56e62a070416.png?t=1647035273,https://cuescore.com/img/flags/png-country-4x2-none/res-640x480/no.png,451.15,451.27,2023-11-06,False,anchored,263.0,983,477,506
1,2660053,Morten Bjellås,https://img.cuescore.com/image/6/4/61677b113ed0ff9f7747c85295ec0473.png?t=1690105407,https://cuescore.com/img/flags/png-country-4x2-none/res-640x480/no.png,450.69,450.85,2026-04-03,False,anchored,3.0,384,182,202
1,2140752,Mats Larsen,https://img.cuescore.com/image/8/4/862c792ba8eb7f97e626fbe6cbcc59f6.png,https://cuescore.com/img/flags/png-country-4x2-none/res-640x480/no.png,450.6,450.62,2018-05-21,False,anchored,,227,115,112
1,7401493,Simen Skattum,https://img.cuescore.com/image/8/4/862c792ba8eb7f97e626fbe6cbcc59f6.png,https://cuescore.com/img/flags/png-country-4x2-none/res-640x480/no.png,450.44,450.55,2021-10-10,False,anchored,20.0,85,42,43
1,5516156,Freddy Jansson,https://img.cuescore.com/image/d/4/dbf2b7474d80f4c232c754c5e7847958.png?t=1597843784,https://cuescore.com/img/flags/png-country-4x2-none/res-640x480/se.png,450.03,450.12,2022-06-29,False,anchored,80.0,26,18,8
1,1006316,Jonas Sanchez Gangfløt,https://img.cuescore.com/image/d/4/d1f69440f57ff666de675e2a0269e0bc.png?t=1444771503,https://cuescore.com/img/flags/png-country-4x2-none/res-640x480/no.png,449.89,449.95,2024-12-28,False,anchored,2.0,13,9,4
1,1069187,Thomas Erichsen,https://img.cuescore.com/image/8/4/862c792ba8eb7f97e626fbe6cbcc59f6.png,https://cuescore.com/img/flags/png-country-4x2-none/res-640x480/no.png,449.84,449.94,2018-10-08,False,anchored,,91,48,43
1,73722376,Seva Tkach,https://img.cuescore.com/image/4/4/423dffe0722795cfb0c3ede75c9051fb.png?t=1766008678,https://cuescore.com/img/flags/png-country-4x2-none/res-640x480/no.png,448.95,448.78,2026-06-17,False,anchored,289.0,354,146,208
1,77931514,Kevin Le Falconelli,https://img.cuescore.com/image/8/4/862c792ba8eb7f97e626fbe6cbcc59f6.png,https://cuescore.com/img/flags/png-country-4x2-none/res-640x480/no.png,448.75,448.81,2026-03-06,False,anchored,,19,10,9
1,13507978,Sondre Noraberg,https://img.cuescore.com/image/8/4/862c792ba8eb7f97e626fbe6cbcc59f6.png,https://cuescore.com/img/flags/png-country-4x2-none/res-640x480/no.png,448.59,448.72,2022-02-27,False,anchored,70.0,35,13,22
1,9221595,Christoffer Sørensen,https://img.cuescore.com/image/8/4/862c792ba8eb7f97e626fbe6cbcc59f6.png,https://cuescore.com/img/flags/png-country-4x2-none/res-640x480/no.png,448.39,448.48,2024-03-09,False,anchored,66.0,22,13,9
1,9287997,Bengt Bårdsen,https://img.cuescore.com/image/d/4/dd8043c7ce313ce180259a43167a4acb.png?t=1742896439,https://cuescore.com/img/flags/png-country-4x2-none/res-640x480/no.png,448.17,448.22,2024-02-06,False,anchored,,29,19,10
1,1006147,Arild Kråkvik,https://img.cuescore.com/image/2/4/2e1bbf687394242ede8ccb3700a03d07.png?t=1548893988,https://cuescore.com/img/flags/png-country-4x2-none/res-640x480/no.png,447.61,447.72,2026-04-03,False,anchored,2.0,117,53,64
1,1006253,Gunder Eriksen,https://img.cuescore.com/image/d/4/d29ba32b21c8cca9b7b83932128d81b2.png?t=1486550121,https://cuescore.com/img/flags/png-country-4x2-none/res-640x480/no.png,447.14,447.7,2026-02-02,False,anchored,,32,14,18
1,5493128,Per christian Slåtta,https://img.cuescore.com/image/6/4/6d193257b45d8108eda43084f063133e.png?t=1604331063,https://cuescore.com/img/flags/png-country-4x2-none/res-640x480/no.png,446.12,446.27,2024-02-23,False,anchored,2.0,790,345,445
1,77931460,Daniel Nordhaug,https://img.cuescore.com/image/8/4/862c792ba8eb7f97e626fbe6cbcc59f6.png,https://cuescore.com/img/flags/png-country-4x2-none/res-640x480/no.png,445.82,445.81,2026-03-06,False,anchored,,31,17,14
1,50993632,Kester Hvattum,https://img.cuescore.com/image/8/4/862c792ba8eb7f97e626fbe6cbcc59f6.png,https://cuescore.com/img/flags/png-country-4x2-none/res-640x480/cl.png,445.4,445.36,2026-06-08,False,anchored,228.0,162,75,87
1,1059772,Magnus Olaussen,https://img.cuescore.com/image/4/4/4fb99aadf4971c3fd491886f0a3f230c.png?t=1486541136,https://cuescore.com/img/flags/png-country-4x2-none/res-640x480/no.png,444.8,445.18,2017-10-23,False,anchored,,71,31,40
1,9350575,Valentin Schmitz,https://img.cuescore.com/image/8/4/862c792ba8eb7f97e626fbe6cbcc59f6.png,https://cuescore.com/img/flags/png-country-4x2-none/res-640x480/de.png,444.56,444.61,2026-06-15,False,anchored,,10,7,3
1,3183489,Knut-Håkon Helgesen,https://img.cuescore.com/image/9/4/9f5027895f2ed0bbb125cb67d3a34c39.png?t=1767906577,https://cuescore.com/img/flags/png-country-4x2-none/res-640x480/no.png,443.39,443.88,2026-09-23,True,anchored,325.0,295,127,168
1,52390867,Emil Johannesen,https://img.cuescore.com/image/5/4/52a75d48a2bdd8a0c1fb5939915a00e0.png?t=1755506638,https://cuescore.com/img/flags/png-country-4x2-none/res-640x480/no.png,442.93,442.45,2026-07-20,False,anchored,213.0,335,150,185
1,30080695,Marek Zagrobelny,https://img.cuescore.com/image/2/4/25adc0a8bf6fdf8a122e9d00c2a5756f.png?t=1789108262,https://cuescore.com/img/flags/png-country-4x2-none/res-640x480/no.png,442.33,442.61,2025-07-19,False,anchored,290.0,186,75,111
1,1031037,Sverre Kringler,https://img.cuescore.com/image/8/4/8e9ff4571fca48b3177926eed53cfab6.png?t=1744288534,https://cuescore.com/img/flags/png-country-4x2-none/res-640x480/no.png,441.78,442.14,2025-05-21,False,anchored,372.0,35,14,21
1,2251353,Mentor Nuredini,https://img.cuescore.com/image/e/4/e49824bb8f7622deac2c272313e0e71f.png?t=1521478610,,441.75,441.83,2025-02-17,False,anchored,285.0,570,281,289
1,2620565,Fadil,https://img.cuescore.com/image/8/4/862c792ba8eb7f97e626fbe6cbcc59f6.png,https://cuescore.com/img/flags/png-country-4x2-none/res-640x480/no.png,440.94,440.97,2019-02-25,False,anchored,12.0,130,68,62
1,75505852,Flavio Wicki,https://img.cuescore.com/image/8/4/8317f5adaef9722187f5ce48953a8a10.png?t=1779385047,https://cuescore.com/img/flags/png-country-4x2-none/res-640x480/ch.png,440.72,440.81,2026-09-21,False,anchored,275.0,184,84,100
1,1429285,Kristoffer Fjellstad,https://img.cuescore.com/image/8/4/862c792ba8eb7f97e626fbe6cbcc59f6.png,,440.7,440.7,2018-02-26,False,anchored,,86,46,40
1,3611862,Minh Cong Bui,https://img.cuescore.com/image/7/4/7c9208409708328f1778fbaaa4054f0a.png?t=1546946724,,440.66,440.7,2020-01-13,False,anchored,,117,55,62
1,1006225,Espen Hauge,https://img.cuescore.com/image/4/4/439e444ed9697da9b51689e7d53506a4.png?t=1442096186,https://cuescore.com/img/flags/png-country-4x2-none/res-640x480/no.png,440.6,440.71,2024-04-13,False,anchored,,48,15,33
1,1695480,Korab Neziri,https://img.cuescore.com/image/d/4/dc4bd53747ad86393d2c78bd8920ab2f.png?t=1515349346,https://cuescore.com/img/flags/png-country-4x2-none/res-640x480/no.png,440.26,440.37,2023-04-01,False,anchored,251.0,38,17,21
1,2431085,Shakir,https://img.cuescore.com/image/8/4/862c792ba8eb7f97e626fbe6cbcc59f6.png,https://cuescore.com/img/flags/png-country-4x2-none/res-640x480/no.png,440.22,440.35,2018-05-21,False,anchored,,96,52,44
1,2653483,Shakir Bajrami,https://img.cuescore.com/image/8/4/862c792ba8eb7f97e626fbe6cbcc59f6.png,https://cuescore.com/img/flags/png-country-4x2-none/res-640x480/no.png,440.12,440.26,2019-03-25,False,anchored,,61,30,31
1,53060527,Mazen AlAli,https://img.cuescore.com/image/5/4/5a34023dbc577ba79795ead1e76ce139.png?t=1767610532,https://cuescore.com/img/flags/png-country-4x2-none/res-640x480/jo.png,440.0,439.63,2026-09-21,False,anchored,244.0,291,134,157
1,60502477,Matteo Sevenius,https://img.cuescore.com/image/8/4/862c792ba8eb7f97e626fbe6cbcc59f6.png,https://cuescore.com/img/flags/png-country-4x2-none/res-640x480/no.png,439.91,439.97,2025-05-16,False,anchored,1.0,17,9,8
1,1006216,Emil Bjørkmann,https://img.cuescore.com/image/c/4/c9975a4ae32a7fca6dd029089516ec07.png?t=1659863453,https://cuescore.com/img/flags/png-country-4x2-none/res-640x480/no.png,439.29,439.66,2025-10-08,False,anchored,525.0,27,12,15
1,2827292,Simen Jøndal,https://img.cuescore.com/image/7/4/7d64592ad673139659a9a603a39a24f2.png?t=1768576519,https://cuescore.com/img/flags/png-country-4x2-none/res-640x480/no.png,438.15,438.3,2024-12-02,False,anchored,200.0,1596,673,923
1,9264588,Marcin Lewicki,https://img.cuescore.com/image/f/4/f710226240876644cf99c119c0ac7eb6.png?t=1702229683,https://cuescore.com/img/flags/png-country-4x2-none/res-640x480/pl.png,437.45,436.56,2025-06-16,False,anchored,425.0,18,11,7
1,15015523,Vijay Jadhav,https://img.cuescore.com/image/e/4/e25c82ae33b057f692b5419d2d252c2d.png?t=1669719097,https://cuescore.com/img/flags/png-country-4x2-none/res-640x480/no.png,436.91,437.09,2023-04-17,False,anchored,237.0,148,56,92
1,2947251,Maria Torjussen,https://img.cuescore.com/image/2/4/25700506d70ae33852488e0707d9c8ea.png?t=1664988973,https://cuescore.com/img/flags/png-country-4x2-none/res-640x480/no.png,436.06,436.17,2019-01-07,False,anchored,20.0,51,27,24
1,1006160,Audun Risan Heimsjø,https://img.cuescore.com/image/3/4/3ff58b19f52dfb1dbcde932fcf78b2be.png?t=1496737367,https://cuescore.com/img/flags/png-country-4x2-none/res-640x480/no.png,435.36,435.39,2024-09-11,False,anchored,475.0,18,11,7
1,1022965,Tommy Bakke,https://img.cuescore.com/image/3/4/3a932451afdf4d29cbb8d41a41fc1597.png?t=1507121479,https://cuescore.com/img/flags/png-country-4x2-none/res-640x480/no.png,434.6,434.87,2020-09-28,False,anchored,38.0,271,109,162
1,1006233,Eystein Gangfløt,https://img.cuescore.com/image/8/4/87424e99243c8e5efc81d0dbc1b80d56.png?t=1479306437,https://cuescore.com/img/flags/png-country-4x2-none/res-640x480/no.png,434.56,434.76,2024-12-28,False,anchored,4.0,24,11,13
1,59496361,Wojciech Wajda,https://img.cuescore.com/image/8/4/862c792ba8eb7f97e626fbe6cbcc59f6.png,https://cuescore.com/img/flags/png-country-4x2-none/res-640x480/no.png,434.51,434.69,2025-04-30,False,anchored,225.0,25,12,13
1,3119948,Huan Bao Ngo,https://img.cuescore.com/image/d/4/d16efb250f548683c0ab94cc4ac2d001.png?t=1537802739,,434.48,433.87,2025-10-13,False,anchored,159.0,455,242,213
1,6550335,Usama Javed,https://img.cuescore.com/image/8/4/862c792ba8eb7f97e626fbe6cbcc59f6.png,https://cuescore.com/img/flags/png-country-4x2-none/res-640x480/no.png,434.43,434.48,2019-09-30,False,anchored,,26,20,6
1,85089859,Stian Rekdal,https://img.cuescore.com/image/e/4/e6698add950ed5222f83224b6c2c6f09.png?t=1784585696,https://cuescore.com/img/flags/png-country-4x2-none/res-640x480/no.png,434.35,434.33,2026-09-16,False,anchored,307.0,66,28,38
1,3012666,Eirik Sandaaker,https://img.cuescore.com/image/3/4/361508a21a4d356b9a636c2744dbff2c.png?t=1572096861,https://cuescore.com/img/flags/png-country-4x2-none/res-640x480/no.png,433.85,433.91,2025-03-31,False,anchored,213.0,471,216,255
1,1014993,Tron Vidar Engebakk,https://img.cuescore.com/image/5/4/5feb60003354010600e14e8d9294a896.png?t=1496737384,https://cuescore.com/img/flags/png-country-4x2-none/res-640x480/no.png,433.82,434.08,2026-07-08,False,anchored,528.0,19,8,11
1,2576372,Fadil Mustafa,https://img.cuescore.com/image/8/4/862c792ba8eb7f97e626fbe6cbcc59f6.png,https://cuescore.com/img/flags/png-country-4x2-none/res-640x480/no.png,433.69,433.73,2019-02-04,False,anchored,,112,57,55
1,5493801,Rune Greaker,https://img.cuescore.com/image/8/4/862c792ba8eb7f97e626fbe6cbcc59f6.png,https://cuescore.com/img/flags/png-country-4x2-none/res-640x480/no.png,433.61,433.77,2019-06-04,False,anchored,,31,16,15
1,26698165,Jeff Hagen,https://img.cuescore.com/image/6/4/604b5b644e80e61bab39e5630066838d.png?t=1681852265,https://cuescore.com/img/flags/png-country-4x2-none/res-640x480/no.png,433.16,433.21,2025-04-14,False,anchored,224.0,16,10,6
1,5076344,Hamad Malik,https://img.cuescore.com/image/9/4/9ddf026a6a88add06763765c963d4325.png?t=1774097154,https://cuescore.com/img/flags/png-country-4x2-none/res-640x480/no.png,432.92,432.99,2024-12-18,False,anchored,225.0,35,17,18
1,1006361,Lars-Harald Riiber,https://img.cuescore.com/image/8/4/871d2421fb7943ea0a3b27cf1f779042.png?t=1517485408,https://cuescore.com/img/flags/png-country-4x2-none/res-640x480/no.png,432.92,432.96,2024-04-13,False,anchored,,19,12,7
1,9588856,Michel Mateos,https://img.cuescore.com/image/3/4/34b47ba4007296d7976cda0c6c46d9b6.png?t=1632317079,https://cuescore.com/img/flags/png-country-4x2-none/res-640x480/no.png,432.72,432.46,2026-07-06,False,anchored,250.0,12,9,3
1,16282693,Mikko Virtanen,https://img.cuescore.com/image/f/4/fadf073f7c43822c35050de1bbaf1dbd.png?t=1664286566,https://cuescore.com/img/flags/png-country-4x2-none/res-640x480/no.png,432.58,431.43,2023-09-18,False,anchored,145.0,54,29,25
1,8969328,Trygve Jensen,https://img.cuescore.com/image/b/4/b803e8adfc8ae3cf7c4e65b92a2446f3.png?t=1635719927,https://cuescore.com/img/flags/png-country-4x2-none/res-640x480/no.png,432.54,432.61,2022-02-14,False,anchored,3.0,28,14,14
1,1006375,Maron Pettersen,https://img.cuescore.com/image/a/4/a5265b5827de36fe529be13b82677706.png?t=1732797096,https://cuescore.com/img/flags/png-country-4x2-none/res-640x480/no.png,432.5,432.57,2025-07-02,False,anchored,325.0,25,8,17
1,31380109,Fabrizio Inga,https://img.cuescore.com/image/8/4/862c792ba8eb7f97e626fbe6cbcc59f6.png,https://cuescore.com/img/flags/png-country-4x2-none/res-640x480/it.png,432.37,432.36,2024-12-09,False,anchored,,11,6,5
1,8306234,Frode Ellingsen,https://img.cuescore.com/image/8/4/862c792ba8eb7f97e626fbe6cbcc59f6.png,https://cuescore.com/img/flags/png-country-4x2-none/res-640x480/no.png,432.0,432.12,2022-04-04,False,anchored,,100,45,55
1,1006415,Olav Skrudland,https://img.cuescore.com/image/f/4/ff6dafcbb081d49b36b68299d12e71a8.png?t=1471353653,https://cuescore.com/img/flags/png-country-4x2-none/res-640x480/no.png,431.8,431.79,2022-04-06,False,anchored,88.0,29,14,15
1,4889376,Tayab Malik,https://img.cuescore.com/image/8/4/862c792ba8eb7f97e626fbe6cbcc59f6.png,https://cuescore.com/img/flags/png-country-4x2-none/res-640x480/no.png,431.31,431.35,2020-09-07,False,anchored,20.0,87,41,46
1,2106214,Don Hajra,https://img.cuescore.com/image/d/4/dbe904ba44581e81a5e02ab0f9d27c08.png?t=1730554060,https://cuescore.com/img/flags/png-country-4x2-none/res-640x480/xk.png,431.21,431.25,2024-10-28,False,anchored,550.0,8,6,2
1,34163575,Brahim Sandli,https://img.cuescore.com/image/d/4/d85bf34caa687e73bcc66223bf021a3d.png?t=1718494782,https://cuescore.com/img/flags/png-country-4x2-none/res-640x480/no.png,430.82,430.53,2026-03-30,False,anchored,217.0,97,49,48
1,77931466,Aksel Nergaard,https://img.cuescore.com/image/8/4/862c792ba8eb7f97e626fbe6cbcc59f6.png,https://cuescore.com/img/flags/png-country-4x2-none/res-640x480/no.png,430.77,430.72,2026-03-06,False,anchored,,26,14,12
1,7114931,Håkon Haukebøe,https://img.cuescore.com/image/8/4/862c792ba8eb7f97e626fbe6cbcc59f6.png,https://cuescore.com/img/flags/png-country-4x2-none/res-640x480/no.png,430.72,430.76,2021-08-18,False,anchored,14.0,14,13,1
1,8976389,April Gonzales,https://img.cuescore.com/image/5/4/5aa6aa48f7d5ffe854d5266ac08db7ef.png,https://cuescore.com/img/flags/png-country-4x2-none/res-640x480/us.png,430.56,430.65,2026-06-15,False,anchored,300.0,23,11,12
1,1047363,Vinko Smolic,https://img.cuescore.com/image/9/4/91a5645698fe5816864ae2f2a28f7f9d.png?t=1737469114,https://cuescore.com/img/flags/png-country-4x2-none/res-640x480/no.png,430.42,430.37,2026-05-20,False,anchored,366.0,36,11,25
1,3543748,Thong Trong Ho,https://img.cuescore.com/image/5/4/51feb0eff159a7e27af163612fabba7e.png?t=1545065304,,430.4,430.36,2020-02-03,False,anchored,,224,104,120
1,2057268,Øyvind Stenhaug,https://img.cuescore.com/image/8/4/862c792ba8eb7f97e626fbe6cbcc59f6.png,https://cuescore.com/img/flags/png-country-4x2-none/res-640x480/no.png,429.96,430.08,2020-01-06,False,anchored,,157,71,86
1,36694312,David Slacek,https://img.cuescore.com/image/4/4/4633eaec932cf53d307eabe602b3e5e5.png?t=1779136650,https://cuescore.com/img/flags/png-country-4x2-none/res-640x480/si.png,429.56,429.62,2026-06-15,False,anchored,,8,6,2
1,81875407,Sa-Lee Suwannachuen,https://img.cuescore.com/image/c/4/c9b43da7930ad91609c54ea96ca0b8a7.png?t=1787433055,https://cuescore.com/img/flags/png-country-4x2-none/res-640x480/th.png,429.5,428.98,2026-06-03,False,anchored,278.0,58,20,38
1,1014095,Odd Sebastian Bobby Fischer,https://img.cuescore.com/image/b/4/b100d0bfe07f44b3d6b29348ff51e66e.png?t=1464035018,https://cuescore.com/img/flags/png-country-4x2-none/res-640x480/no.png,429.38,429.49,2023-01-30,False,anchored,149.0,100,45,55
1,12309862,Aleksander Gill,https://img.cuescore.com/image/e/4/ed76cc6e402e499af566548d336b831b.png?t=1676356905,https://cuescore.com/img/flags/png-country-4x2-none/res-640x480/no.png,429.15,429.19,2024-02-06,False,anchored,,24,11,13
1,3256681,Alex Hoang Hai Nguyen,https://img.cuescore.com/image/2/4/2eaf6f032dec3b757ed8638af957f017.png?t=1673600265,https://cuescore.com/img/flags/png-country-4x2-none/res-640x480/no.png,429.09,429.04,2020-02-03,False,anchored,,253,126,127
1,20396602,Erik Sørensen,https://img.cuescore.com/image/8/4/862c792ba8eb7f97e626fbe6cbcc59f6.png,https://cuescore.com/img/flags/png-country-4x2-none/res-640x480/no.png,428.29,427.19,2026-08-24,False,anchored,221.0,148,81,67
1,57799534,Iris Marie Evdahl,https://img.cuescore.com/image/f/4/f55166c463c87aaf1907b184fd111821.png?t=1763125182,https://cuescore.com/img/flags/png-country-4x2-none/res-640x480/no.png,428.25,428.23,2026-07-20,False,anchored,225.0,238,91,147
1,4989992,Ronny Andresen,https://img.cuescore.com/image/8/4/862c792ba8eb7f97e626fbe6cbcc59f6.png,https://cuescore.com/img/flags/png-country-4x2-none/res-640x480/no.png,427.73,427.78,2019-03-18,False,anchored,28.0,27,17,10
1,1006479,Sigurd Mølmann,https://img.cuescore.com/image/8/4/862c792ba8eb7f97e626fbe6cbcc59f6.png,https://cuescore.com/img/flags/png-country-4x2-none/res-640x480/no.png,427.59,427.64,2022-01-24,False,anchored,45.0,20,13,7
1,18119206,Julia Babica,https://img.cuescore.com/image/3/4/3033210e2d6faf1e9a0c528e5ad90e47.png?t=1717433446,https://cuescore.com/img/flags/png-country-4x2-none/res-640x480/pl.png,427.57,427.6,2026-06-15,False,anchored,450.0,8,5,3
1,2431086,Adil,https://img.cuescore.com/image/8/4/862c792ba8eb7f97e626fbe6cbcc59f6.png,https://cuescore.com/img/flags/png-country-4x2-none/res-640x480/no.png,427.45,427.53,2018-12-10,False,anchored,,88,42,46
1,1095734,William Viitanen,https://img.cuescore.com/image/1/4/1a54a71ae6c394ef081948f784f4e5d2.png?t=1764757451,https://cuescore.com/img/flags/png-country-4x2-none/res-640x480/se.png,427.13,427.11,2020-01-30,False,anchored,0.0,32,11,21
1,6100647,Konrad Juszczyszyn,https://img.cuescore.com/image/5/4/5d3ba91ada52036ad9ee70787250c694.png?t=1581325286,https://cuescore.com/img/flags/png-country-4x2-none/res-640x480/pl.png,427.03,427.11,2019-08-30,False,anchored,0.0,31,11,20
1,48190969,Rune Vestøl,https://img.cuescore.com/image/2/4/20307d80110242ac84057819d2032d76.png?t=1786342004,https://cuescore.com/img/flags/png-country-4x2-none/res-640x480/no.png,426.63,426.66,2025-07-03,False,anchored,275.0,28,8,20
1,1042164,Lars-Gøran Engerdahl,https://img.cuescore.com/image/e/4/e7a6394056269a71ca2b9ef2f87b98c7.png?t=1458164127,https://cuescore.com/img/flags/png-country-4x2-none/res-640x480/no.png,426.47,426.56,2024-04-13,False,anchored,,14,6,8
1,2357139,Aaron Rossel,https://img.cuescore.com/image/8/4/862c792ba8eb7f97e626fbe6cbcc59f6.png,https://cuescore.com/img/flags/png-country-4x2-none/res-640x480/no.png,426.15,426.2,2018-04-23,False,anchored,,40,20,20
1,2085431,Andreas Gerwen,https://img.cuescore.com/image/8/4/862c792ba8eb7f97e626fbe6cbcc59f6.png,https://cuescore.com/img/flags/png-country-4x2-none/res-640x480/se.png,425.73,425.79,2018-02-01,False,anchored,0.0,30,12,18
1,2947262,Christian Lothar Ruiz,https://img.cuescore.com/image/c/4/ce6981da8508a5d3d8922c214d2bb391.png?t=1664138195,https://cuescore.com/img/flags/png-country-4x2-none/res-640x480/ph.png,425.43,424.95,2026-05-04,False,anchored,213.0,228,104,124
1,12348586,Runar Leiren,https://img.cuescore.com/image/e/4/ea34dfe9a3584f25612c048954a56661.png?t=1663603227,https://cuescore.com/img/flags/png-country-4x2-none/res-640x480/no.png,425.07,424.57,2026-09-21,False,anchored,201.0,255,130,125
1,3545840,Ben Litvak,https://img.cuescore.com/image/4/4/4482a4f9a73c7871fb28e28b8a2b5c13.png?t=1545295580,https://cuescore.com/img/flags/png-country-4x2-none/res-640x480/us.png,424.82,424.87,2018-03-12,False,anchored,,24,17,7
1,54046015,Cvetko Vega,https://img.cuescore.com/image/3/4/34604240a143f85f0680703edbd4d003.png?t=1737301629,https://cuescore.com/img/flags/png-country-4x2-none/res-640x480/si.png,424.79,424.83,2026-06-15,False,anchored,350.0,18,10,8
1,59180038,Nestori Hovi,https://img.cuescore.com/image/9/4/9d4e111dd1b698e0701d77bd5b551890.png?t=1785856121,https://cuescore.com/img/flags/png-country-4x2-none/res-640x480/fi.png,424.67,424.64,2026-08-12,False,anchored,425.0,16,8,8
1,7980809,Jan Petter Svendsen,https://img.cuescore.com/image/8/4/8f0e38beb036675cec186173d4de58ce.png?t=1665154760,https://cuescore.com/img/flags/png-country-4x2-none/res-640x480/no.png,424.41,424.47,2024-12-04,False,anchored,374.0,22,9,13
1,1034683,Matias Nilsen,https://img.cuescore.com/image/8/4/862c792ba8eb7f97e626fbe6cbcc59f6.png,,424.29,424.33,2020-03-02,False,anchored,,24,16,8
1,2923223,Christian Lothar Ruiz,https://img.cuescore.com/image/8/4/862c792ba8eb7f97e626fbe6cbcc59f6.png,https://cuescore.com/img/flags/png-country-4x2-none/res-640x480/no.png,423.99,424.08,2019-11-25,False,anchored,,80,37,43
1,2314015,Morgan Palmborg,https://img.cuescore.com/image/e/4/e90086d984eef5dddcb03a2fdfc525d3.png?t=1626005937,https://cuescore.com/img/flags/png-country-4x2-none/res-640x480/se.png,423.91,423.96,2021-07-24,False,anchored,,21,13,8
1,19663153,Katrine Salomonsen,https://img.cuescore.com/image/5/4/5aa6aa48f7d5ffe854d5266ac08db7ef.png,https://cuescore.com/img/flags/png-country-4x2-none/res-640x480/no.png,423.43,423.45,2022-10-22,False,anchored,,15,11,4
1,20183539,Casper Herland Aralden,https://img.cuescore.com/image/d/4/d22ef02969d25f8070373e1312c4804e.png?t=1773679112,https://cuescore.com/img/flags/png-country-4x2-none/res-640x480/no.png,423.35,423.39,2026-06-15,False,anchored,,15,8,7
1,1161937,Ivo Aarts,https://img.cuescore.com/image/d/4/dc936c1a36d05be9bb8dacb7f22a7ecc.png?t=1709642783,https://cuescore.com/img/flags/png-country-4x2-none/res-640x480/nl.png,423.18,423.25,2019-06-19,False,anchored,121.0,16,10,6
1,2021922,Matej Brajkovič,https://img.cuescore.com/image/b/4/b95d43ec06db0e1b8d06a7a4a8b1e89d.png?t=1524081986,https://cuescore.com/img/flags/png-country-4x2-none/res-640x480/si.png,423.01,423.07,2026-06-15,False,anchored,,8,5,3
1,58087078,Bias Hagen,https://img.cuescore.com/image/a/4/a8c9efd37c0856ef290ef9d8b121ed1d.png?t=1769242077,https://cuescore.com/img/flags/png-country-4x2-none/res-640x480/no.png,422.9,422.83,2026-01-28,False,anchored,272.0,23,9,14
1,1006386,Matias Sætre,https://img.cuescore.com/image/8/4/89bb305c4b9e9c632112f8f8d48f580f.png?t=1547705914,https://cuescore.com/img/flags/png-country-4x2-none/res-640x480/no.png,422.37,422.43,2019-08-30,False,anchored,0.0,34,12,22
1,6085717,Jyri Halttu,https://img.cuescore.com/image/4/4/429112dcc15a018c19d89a175191c56e.png?t=1732098099,https://cuescore.com/img/flags/png-country-4x2-none/res-640x480/se.png,421.84,421.81,2020-01-30,False,anchored,0.0,31,10,21
1,1038588,Lucas Baranji,https://img.cuescore.com/image/4/4/492e28c12d82364add542baf9eb296e7.png?t=1571323976,https://cuescore.com/img/flags/png-country-4x2-none/res-640x480/no.png,421.42,421.78,2026-06-08,False,anchored,311.0,19,8,11
1,1006320,Jørgen Nilsen,https://img.cuescore.com/image/8/4/88516303c0e5775351cc2a7ca41bb761.png?t=1516173669,https://cuescore.com/img/flags/png-country-4x2-none/res-640x480/no.png,421.12,421.17,2025-03-15,False,anchored,0.0,23,13,10
1,3613617,Vito Antonio Palmisano,https://img.cuescore.com/image/8/4/862c792ba8eb7f97e626fbe6cbcc59f6.png,https://cuescore.com/img/flags/png-country-4x2-none/res-640x480/it.png,420.85,420.87,2020-03-02,False,anchored,,20,15,5
1,2080241,Michel Mateos,https://img.cuescore.com/image/8/4/862c792ba8eb7f97e626fbe6cbcc59f6.png,https://cuescore.com/img/flags/png-country-4x2-none/res-640x480/no.png,420.7,420.74,2020-02-17,False,anchored,,26,17,9
1,34802578,Anders Valde,https://img.cuescore.com/image/8/4/862c792ba8eb7f97e626fbe6cbcc59f6.png,https://cuescore.com/img/flags/png-country-4x2-none/res-640x480/no.png,420.63,420.7,2023-12-04,False,anchored,225.0,23,11,12
1,2167690,Iselin Masternes,https://img.cuescore.com/image/e/4/e6bc2ecc2fd23a48d7ddf400ca5b2a85.png?t=1700074270,https://cuescore.com/img/flags/png-country-4x2-none/res-640x480/no.png,420.53,420.15,2025-03-26,False,anchored,179.0,820,382,438
1,3439621,Qani Rahimi,https://img.cuescore.com/image/8/4/862c792ba8eb7f97e626fbe6cbcc59f6.png,https://cuescore.com/img/flags/png-country-4x2-none/res-640x480/no.png,420.07,420.23,2019-02-25,False,anchored,,52,27,25
1,2888171,Ørjan Storborg,https://img.cuescore.com/image/8/4/862c792ba8eb7f97e626fbe6cbcc59f6.png,https://cuescore.com/img/flags/png-country-4x2-none/res-640x480/no.png,419.85,419.89,2024-05-14,False,anchored,,21,11,10
1,52796236,Maija Uleberg,https://img.cuescore.com/image/5/4/5aa6aa48f7d5ffe854d5266ac08db7ef.png,https://cuescore.com/img/flags/png-country-4x2-none/res-640x480/no.png,419.22,419.22,2024-12-12,False,anchored,,13,9,4
1,1006246,Gavin Powell,https://img.cuescore.com/image/e/4/e45257193ca34ce64b93fdbfd60dbee3.png?t=1515498618,https://cuescore.com/img/flags/png-country-4x2-none/res-640x480/gb-wls.png,419.22,419.27,2021-08-07,False,anchored,0.0,20,6,14
1,1014998,Ivan Crenn,https://img.cuescore.com/image/2/4/23bb42a4d955678512c8aa3541a126b8.png?t=1639134744,https://cuescore.com/img/flags/png-country-4x2-none/res-640x480/fr.png,419.2,419.61,2019-07-24,False,anchored,1.0,33,17,16
1,12348598,Runar Leiren,https://img.cuescore.com/image/8/4/862c792ba8eb7f97e626fbe6cbcc59f6.png,https://cuescore.com/img/flags/png-country-4x2-none/res-640x480/no.png,419.05,419.06,2022-01-31,False,anchored,,22,13,9
1,4765825,Knut Holm,https://img.cuescore.com/image/8/4/862c792ba8eb7f97e626fbe6cbcc59f6.png,https://cuescore.com/img/flags/png-country-4x2-none/res-640x480/no.png,418.86,418.9,2020-02-03,False,anchored,,23,13,10
1,1957536,Sebastian Yet,https://img.cuescore.com/image/c/4/c67d8fc5203e9222da435c18983e72fe.png?t=1510592641,,418.85,418.95,2018-03-12,False,anchored,,59,26,33
1,10651267,Marcin Góra,https://img.cuescore.com/image/a/4/a8dc68e40105eb6e5fddc4fc7acf6436.png?t=1711224948,https://cuescore.com/img/flags/png-country-4x2-none/res-640x480/no.png,418.79,418.91,2026-06-15,False,anchored,,16,7,9
1,2828304,Robin Nordbøen,https://img.cuescore.com/image/0/4/03eec035966868636af49ea5563752f5.png?t=1687895124,https://cuescore.com/img/flags/png-country-4x2-none/res-640x480/no.png,418.75,418.81,2024-04-13,False,anchored,60.0,30,15,15
1,2140722,Mats Larsen,https://img.cuescore.com/image/8/4/862c792ba8eb7f97e626fbe6cbcc59f6.png,https://cuescore.com/img/flags/png-country-4x2-none/res-640x480/no.png,418.58,418.57,2018-12-10,False,anchored,,173,85,88
1,1006302,Jo Bjørnstad,https://img.cuescore.com/image/b/4/be02e2a0818d00d7c02cd37ef62e28eb.png?t=1643559237,https://cuescore.com/img/flags/png-country-4x2-none/res-640x480/no.png,418.51,418.57,2024-04-13,False,anchored,,16,8,8
1,2084043,Mahmut Mutto,https://img.cuescore.com/image/a/4/aca65f40e1adc3286188e4cb430c07bc.png?t=1741411165,https://cuescore.com/img/flags/png-country-4x2-none/res-640x480/se.png,418.28,418.33,2020-01-30,False,anchored,0.0,28,10,18
1,21247174,Iris Eijmberts,https://img.cuescore.com/image/8/4/860c958e81ab89f3126206831816b542.png?t=1761472843,https://cuescore.com/img/flags/png-country-4x2-none/res-640x480/nl.png,418.07,418.09,2026-06-15,False,anchored,,13,7,6
1,1097384,Raymond Hauge,https://img.cuescore.com/image/e/4/e3595fd0b4106f80ead6c38d51c219dc.png?t=1778178582,https://cuescore.com/img/flags/png-country-4x2-none/res-640x480/no.png,418.05,418.04,2025-03-03,False,anchored,,8,4,4
1,1081624,Jan SuperMario Johansen,https://img.cuescore.com/image/f/4/f53f13111b19543cd96b91003631d65e.png?t=1646213481,https://cuescore.com/img/flags/png-country-4x2-none/res-640x480/no.png,417.74,417.78,2022-03-16,False,anchored,,9,5,4
1,8329325,Frode Ellingsen,https://img.cuescore.com/image/b/4/b824a9445cc26ad115a8c325d41f0dd9.png?t=1651306825,https://cuescore.com/img/flags/png-country-4x2-none/res-640x480/no.png,417.18,417.23,2022-10-31,False,anchored,175.0,23,12,11
1,7711820,Marie Hoff Petersen,https://img.cuescore.com/image/1/4/16ac7e2cf89c09e1e7e0d99804f49340.png?t=1616599247,https://cuescore.com/img/flags/png-country-4x2-none/res-640x480/no.png,417.17,417.22,2026-04-03,False,anchored,4.0,255,87,168
1,3375253,Elvis Miglans,https://img.cuescore.com/image/0/4/02db2ff0e81064d8489a026214fd2d88.png?t=1663498762,https://cuescore.com/img/flags/png-country-4x2-none/res-640x480/se.png,416.12,416.15,2021-07-24,False,anchored,,16,11,5
1,67010161,Valtteri Vaherto,https://img.cuescore.com/image/2/4/24d23e3d45b5df4600cdbaf9eb3f3ff7.png?t=1761576522,https://cuescore.com/img/flags/png-country-4x2-none/res-640x480/fi.png,416.06,416.06,2026-06-15,False,anchored,,10,5,5
1,15015007,Nikola Tadijanović,https://img.cuescore.com/image/2/4/2f1a2daecdffaa6d63b4843c739b07bf.png?t=1650726826,https://cuescore.com/img/flags/png-country-4x2-none/res-640x480/hr.png,415.77,415.82,2024-09-09,False,anchored,225.0,25,13,12
1,4762948,Drilon Disha,https://img.cuescore.com/image/5/4/5ba95bf50f144f7e62bfa9744f546f27.png?t=1549903644,,415.67,415.71,2019-02-11,False,anchored,,33,15,18
1,1384637,Jesper Slanti,https://img.cuescore.com/image/8/4/8eadc9798eddf1b4acaa0a2769bacb1f.png?t=1779064358,https://cuescore.com/img/flags/png-country-4x2-none/res-640x480/no.png,415.11,415.13,2024-05-14,False,anchored,20.0,14,8,6
1,49471744,Nikola Ljusic,https://img.cuescore.com/image/8/4/862c792ba8eb7f97e626fbe6cbcc59f6.png,https://cuescore.com/img/flags/png-country-4x2-none/res-640x480/no.png,415.1,414.62,2025-06-30,False,anchored,204.0,16,6,10
1,2166616,Philippe Béal,https://img.cuescore.com/image/6/4/600f1bbaeb2efc9ba2bac0cd76b99000.png?t=1519076753,https://cuescore.com/img/flags/png-country-4x2-none/res-640x480/no.png,415.08,414.95,2025-12-08,False,anchored,162.0,453,208,245
1,78617272,Harald Fjeldberg,https://img.cuescore.com/image/c/4/c0e2cb07f45d9955efda470c7d670255.png?t=1788242445,https://cuescore.com/img/flags/png-country-4x2-none/res-640x480/no.png,414.94,416.15,2026-08-31,False,anchored,225.0,16,9,7
1,1944588,Drilon Disha,https://img.cuescore.com/image/8/4/862c792ba8eb7f97e626fbe6cbcc59f6.png,https://cuescore.com/img/flags/png-country-4x2-none/res-640x480/no.png,414.85,414.92,2018-03-19,False,anchored,,46,21,25
1,1751833,Carlton Ford,https://img.cuescore.com/image/8/4/862c792ba8eb7f97e626fbe6cbcc59f6.png,https://cuescore.com/img/flags/png-country-4x2-none/res-640x480/us.png,414.85,414.93,2019-10-28,False,anchored,,70,34,36
1,11386969,Magnus Saltnessand,https://img.cuescore.com/image/8/4/862c792ba8eb7f97e626fbe6cbcc59f6.png,https://cuescore.com/img/flags/png-country-4x2-none/res-640x480/no.png,414.84,414.87,2026-03-21,False,anchored,,5,3,2
1,44119141,Gaute Rogstad,https://img.cuescore.com/image/8/4/862c792ba8eb7f97e626fbe6cbcc59f6.png,https://cuescore.com/img/flags/png-country-4x2-none/res-640x480/no.png,414.79,414.58,2026-08-17,False,anchored,166.0,209,98,111
1,8970047,Ante Petricevic,https://img.cuescore.com/image/8/4/8c796448c67168a4d919f058a2300b29.png?t=1770645249,https://cuescore.com/img/flags/png-country-4x2-none/res-640x480/hr.png,414.63,414.9,2026-06-15,False,anchored,219.0,203,64,139
1,7100105,Filip,https://img.cuescore.com/image/8/4/862c792ba8eb7f97e626fbe6cbcc59f6.png,https://cuescore.com/img/flags/png-country-4x2-none/res-640x480/no.png,414.54,414.57,2020-03-09,False,anchored,,39,19,20
1,67477936,Theodor Brekke-Hongset,https://img.cuescore.com/image/8/4/862c792ba8eb7f97e626fbe6cbcc59f6.png,https://cuescore.com/img/flags/png-country-4x2-none/res-640x480/no.png,414.3,414.03,2025-09-24,False,anchored,175.0,36,15,21
1,1006371,Marius Fredriksen,https://img.cuescore.com/image/8/4/862c792ba8eb7f97e626fbe6cbcc59f6.png,https://cuescore.com/img/flags/png-country-4x2-none/res-640x480/no.png,414.23,414.23,2023-03-04,False,anchored,62.0,21,9,12
1,2049369,Mickey Krause,https://img.cuescore.com/image/3/4/39758b4ef4170280206fa2dd84185a2c.png?t=1522751763,https://cuescore.com/img/flags/png-country-4x2-none/res-640x480/dk.png,414.09,414.12,2022-12-30,False,anchored,1.0,18,7,11
1,28669342,EM Thai,https://img.cuescore.com/image/8/4/862c792ba8eb7f97e626fbe6cbcc59f6.png,https://cuescore.com/img/flags/png-country-4x2-none/res-640x480/th.png,413.95,413.98,2026-06-15,False,anchored,,12,6,6
1,1295268,Line Kjørsvik,https://img.cuescore.com/image/e/4/e57b8883b2bac653a12b10efad714aae.png?t=1572094810,https://cuescore.com/img/flags/png-country-4x2-none/res-640x480/no.png,413.87,413.89,2022-05-28,False,anchored,,12,8,4
1,30584953,Mattias Beckman,https://img.cuescore.com/image/8/4/862c792ba8eb7f97e626fbe6cbcc59f6.png,https://cuescore.com/img/flags/png-country-4x2-none/res-640x480/se.png,413.74,413.9,2024-09-02,False,anchored,201.0,63,23,40
1,1944604,Antonio De La Garza,https://img.cuescore.com/image/8/4/862c792ba8eb7f97e626fbe6cbcc59f6.png,https://cuescore.com/img/flags/png-country-4x2-none/res-640x480/no.png,413.63,413.68,2018-03-05,False,anchored,,31,13,18
1,5145209,Frode Lystad,https://img.cuescore.com/image/3/4/3211b5a9e406c00f7f207fb76980e0f5.png?t=1729016700,https://cuescore.com/img/flags/png-country-4x2-none/res-640x480/no.png,413.47,413.56,2024-07-06,False,anchored,,25,10,15
1,5528057,Stelios,https://img.cuescore.com/image/8/4/862c792ba8eb7f97e626fbe6cbcc59f6.png,https://cuescore.com/img/flags/png-country-4x2-none/res-640x480/no.png,413.37,413.35,2020-02-17,False,anchored,,31,17,14
1,69871786,Tito Hansen,https://img.cuescore.com/image/8/4/862c792ba8eb7f97e626fbe6cbcc59f6.png,https://cuescore.com/img/flags/png-country-4x2-none/res-640x480/no.png,412.77,412.81,2025-10-06,False,anchored,175.0,15,8,7
1,2792002,Shaq Bajrami,https://img.cuescore.com/image/9/4/91a29293797ec4825e64dc6a81bff17a.png?t=1531840692,,412.62,412.74,2023-02-06,False,anchored,225.0,128,54,74
1,1281902,Bjørn Edvardsen,https://img.cuescore.com/image/8/4/862c792ba8eb7f97e626fbe6cbcc59f6.png,https://cuescore.com/img/flags/png-country-4x2-none/res-640x480/no.png,412.5,412.52,2017-01-04,False,anchored,,22,12,10
1,19663147,Elin Evensen,https://img.cuescore.com/image/5/4/5aa6aa48f7d5ffe854d5266ac08db7ef.png,https://cuescore.com/img/flags/png-country-4x2-none/res-640x480/no.png,412.19,412.22,2022-10-22,False,anchored,,21,12,9
1,3635527,Per Ståle,https://img.cuescore.com/image/8/4/862c792ba8eb7f97e626fbe6cbcc59f6.png,https://cuescore.com/img/flags/png-country-4x2-none/res-640x480/no.png,412.0,412.0,2019-01-14,False,anchored,,29,15,14
1,1537965,Lukas Andersson,https://img.cuescore.com/image/2/4/2312c1d26620e1bc0f2972cb83a20fe5.png?t=1700153031,https://cuescore.com/img/flags/png-country-4x2-none/res-640x480/se.png,411.94,411.92,2018-02-01,False,anchored,0.0,27,9,18
1,19571821,Erik Sørensen,https://img.cuescore.com/image/8/4/862c792ba8eb7f97e626fbe6cbcc59f6.png,https://cuescore.com/img/flags/png-country-4x2-none/res-640x480/no.png,411.88,411.91,2023-12-11,False,anchored,151.0,17,8,9
1,26613781,Patrick Kilman,https://img.cuescore.com/image/f/4/f81a347da33f5ce48b5b4b1fb2380718.png?t=1681463828,https://cuescore.com/img/flags/png-country-4x2-none/res-640x480/se.png,411.81,411.83,2025-01-27,False,anchored,,9,4,5
1,7654573,Sam Musallam Burnieh,https://img.cuescore.com/image/8/4/862c792ba8eb7f97e626fbe6cbcc59f6.png,https://cuescore.com/img/flags/png-country-4x2-none/res-640x480/no.png,411.8,411.81,2020-03-02,False,anchored,,21,13,8
1,1472755,Georgina Askeland,https://img.cuescore.com/image/5/4/5aa6aa48f7d5ffe854d5266ac08db7ef.png,https://cuescore.com/img/flags/png-country-4x2-none/res-640x480/no.png,411.76,412.1,2018-03-12,False,anchored,,45,17,28
1,16820812,Remi Johnsen,https://img.cuescore.com/image/0/4/0b01457fa7ee5b82666a17eda498918a.png?t=1730975709,https://cuescore.com/img/flags/png-country-4x2-none/res-640x480/no.png,411.07,411.09,2026-06-15,False,anchored,,7,4,3
1,2890761,Yanan,https://img.cuescore.com/image/5/4/5aa6aa48f7d5ffe854d5266ac08db7ef.png,https://cuescore.com/img/flags/png-country-4x2-none/res-640x480/no.png,410.96,410.97,2018-08-20,False,anchored,,15,12,3
1,1006374,Markus Kotvojs,https://img.cuescore.com/image/4/4/459349959f5e9edf2fa68f0688d9da54.png?t=1446584388,https://cuescore.com/img/flags/png-country-4x2-none/res-640x480/no.png,410.93,410.98,2018-06-11,False,anchored,,27,13,14
1,1006203,Edwin Ingebrigtsen,https://img.cuescore.com/image/4/4/4311efb130d377e75e15b5b6c689c2fb.png?t=1603618955,https://cuescore.com/img/flags/png-country-4x2-none/res-640x480/no.png,410.92,410.92,2024-04-13,False,anchored,60.0,10,4,6
1,3485006,Cyril Vella,https://img.cuescore.com/image/2/4/28f0877d2dc7216baa53c6da8c25ff0c.png?t=1543951140,https://cuescore.com/img/flags/png-country-4x2-none/res-640x480/fr.png,410.8,410.83,2020-03-02,False,anchored,,30,16,14
1,43019719,Martin Mellemstrand,https://img.cuescore.com/image/8/4/862c792ba8eb7f97e626fbe6cbcc59f6.png,https://cuescore.com/img/flags/png-country-4x2-none/res-640x480/no.png,410.64,410.65,2024-05-21,False,anchored,,7,5,2
1,34894609,Matias Holen Dale,https://img.cuescore.com/image/8/4/862c792ba8eb7f97e626fbe6cbcc59f6.png,https://cuescore.com/img/flags/png-country-4x2-none/res-640x480/no.png,410.41,410.43,2026-03-21,False,anchored,,4,2,2
1,3081704,Sundar K,https://img.cuescore.com/image/d/4/d3d0762c1282b563ee78a7bee42a6557.png?t=1554841037,https://cuescore.com/img/flags/png-country-4x2-none/res-640x480/in.png,410.22,410.21,2019-06-12,False,anchored,11.0,386,171,215
1,1013249,Jan Verner Bjørklund,https://img.cuescore.com/image/e/4/e46eeccaa24caaf1350bb8219f83d268.png?t=1441950120,https://cuescore.com/img/flags/png-country-4x2-none/res-640x480/no.png,410.15,410.2,2020-06-06,False,anchored,3.0,27,13,14
1,7654643,Raymond Alstad,https://img.cuescore.com/image/8/4/862c792ba8eb7f97e626fbe6cbcc59f6.png,https://cuescore.com/img/flags/png-country-4x2-none/res-640x480/no.png,409.99,410.01,2020-03-09,False,anchored,,36,18,18
1,5670467,Tasos Mertzanis,https://img.cuescore.com/image/8/4/862c792ba8eb7f97e626fbe6cbcc59f6.png,https://cuescore.com/img/flags/png-country-4x2-none/res-640x480/gr.png,409.82,409.79,2019-09-04,False,anchored,88.0,18,8,10
1,7779625,Løkky Loke,https://img.cuescore.com/image/8/4/862c792ba8eb7f97e626fbe6cbcc59f6.png,https://cuescore.com/img/flags/png-country-4x2-none/res-640x480/no.png,409.77,409.79,2020-03-09,False,anchored,,16,10,6
1,6088513,Christopher Koba,https://img.cuescore.com/image/5/4/5e25d7a0c728fa1613fde51f1e4b8650.png?t=1711275410,https://cuescore.com/img/flags/png-country-4x2-none/res-640x480/se.png,409.57,409.58,2019-08-31,False,anchored,0.0,10,5,5
1,1006514,Thomas Pedersen,https://img.cuescore.com/image/b/4/bbfba97afb24d0205e2c96ce54c0fa3c.png?t=1575984272,https://cuescore.com/img/flags/png-country-4x2-none/res-640x480/no.png,409.51,409.52,2019-03-20,False,anchored,85.0,20,8,12
1,2140751,Jamal Malik,https://img.cuescore.com/image/8/4/862c792ba8eb7f97e626fbe6cbcc59f6.png,https://cuescore.com/img/flags/png-country-4x2-none/res-640x480/no.png,409.34,409.48,2018-05-14,False,anchored,,194,91,103
1,72868804,Sander Naas-Mælen,https://img.cuescore.com/image/8/4/862c792ba8eb7f97e626fbe6cbcc59f6.png,https://cuescore.com/img/flags/png-country-4x2-none/res-640x480/no.png,409.32,409.05,2026-09-21,False,anchored,227.0,502,191,311
1,1934104,Milad Safa,https://img.cuescore.com/image/8/4/862c792ba8eb7f97e626fbe6cbcc59f6.png,,408.99,409.0,2017-10-30,False,anchored,,22,15,7
1,1934110,Ivan Tadic,https://img.cuescore.com/image/8/4/862c792ba8eb7f97e626fbe6cbcc59f6.png,,408.98,408.99,2017-10-30,False,anchored,,22,14,8
1,2053862,Patrik Enbom,https://img.cuescore.com/image/1/4/176e7888ccc21afaf12720d5f6edafbd.png?t=1568055392,https://cuescore.com/img/flags/png-country-4x2-none/res-640x480/se.png,408.97,408.98,2024-02-23,False,anchored,0.0,5,2,3
1,2684489,Bjørn,https://img.cuescore.com/image/8/4/862c792ba8eb7f97e626fbe6cbcc59f6.png,https://cuescore.com/img/flags/png-country-4x2-none/res-640x480/no.png,408.95,408.97,2018-06-16,False,anchored,,15,10,5
1,7285241,Linda,https://img.cuescore.com/image/5/4/5aa6aa48f7d5ffe854d5266ac08db7ef.png,https://cuescore.com/img/flags/png-country-4x2-none/res-640x480/no.png,408.9,408.9,2020-02-03,False,anchored,,10,8,2
1,29331970,Arne Pedersen,https://img.cuescore.com/image/0/4/00d785c37378c3d8679710b70e122d97.png?t=1697449339,https://cuescore.com/img/flags/png-country-4x2-none/res-640x480/no.png,408.85,408.87,2023-11-13,False,anchored,217.0,29,10,19
1,1496697,Sabahudin Comor,https://img.cuescore.com/image/8/4/862c792ba8eb7f97e626fbe6cbcc59f6.png,https://cuescore.com/img/flags/png-country-4x2-none/res-640x480/ba.png,408.79,408.81,2022-12-30,False,anchored,2.0,5,3,2
1,6773261,Thomas Andreassen,https://img.cuescore.com/image/8/4/862c792ba8eb7f97e626fbe6cbcc59f6.png,https://cuescore.com/img/flags/png-country-4x2-none/res-640x480/no.png,408.5,408.52,2020-10-12,False,anchored,,44,20,24
1,1010309,Tom-Kristoffer Lindblad,https://img.cuescore.com/image/5/4/55fad9dc41b7a28e5c5db4271b13f9e8.png?t=1627474001,https://cuescore.com/img/flags/png-country-4x2-none/res-640x480/no.png,408.48,408.53,2017-06-17,False,anchored,,25,10,15
1,1561576,Antonio Hagen,https://img.cuescore.com/image/f/4/f243fd7940952f5815831a51894a204a.png?t=1501859553,https://cuescore.com/img/flags/png-country-4x2-none/res-640x480/no.png,408.28,408.67,2018-01-15,False,anchored,20.0,146,48,98
1,36079675,Merethe Holtet,https://img.cuescore.com/image/0/4/0c7ef2b8be6edfef5588acf121f44662.png?t=1714224556,https://cuescore.com/img/flags/png-country-4x2-none/res-640x480/no.png,407.91,407.92,2024-01-09,False,anchored,,7,5,2
1,2950065,Billy Hipolito,https://img.cuescore.com/image/8/4/862c792ba8eb7f97e626fbe6cbcc59f6.png,https://cuescore.com/img/flags/png-country-4x2-none/res-640x480/no.png,407.9,407.91,2018-09-03,False,anchored,,19,12,7
1,1922791,Ole Sandvik,https://img.cuescore.com/image/8/4/862c792ba8eb7f97e626fbe6cbcc59f6.png,,407.87,407.88,2018-05-14,False,anchored,,20,13,7
1,16050145,Linda Dedekam,https://img.cuescore.com/image/5/4/5aa6aa48f7d5ffe854d5266ac08db7ef.png,https://cuescore.com/img/flags/png-country-4x2-none/res-640x480/no.png,407.83,407.84,2022-05-28,False,anchored,,8,5,3
1,6179045,Georgios,https://img.cuescore.com/image/8/4/862c792ba8eb7f97e626fbe6cbcc59f6.png,https://cuescore.com/img/flags/png-country-4x2-none/res-640x480/no.png,407.59,407.6,2020-02-17,False,anchored,,21,11,10
1,13294528,Carsten Westberg,https://img.cuescore.com/image/b/4/baf55504824a0b57f8f9e179dc10a201.png?t=1645187883,https://cuescore.com/img/flags/png-country-4x2-none/res-640x480/no.png,407.56,407.57,2024-02-06,False,anchored,,22,11,11
1,52324939,Saga Hedin,https://img.cuescore.com/image/7/4/71a53944f404b15eba3b31cb97f86f42.png?t=1733346809,https://cuescore.com/img/flags/png-country-4x2-none/res-640x480/se.png,407.45,407.45,2025-05-28,False,anchored,110.0,33,13,20
1,1006150,BArild Sørum,https://img.cuescore.com/image/7/4/7b565ded15222bab0a8b9e20f7e194df.png?t=1764668770,https://cuescore.com/img/flags/png-country-4x2-none/res-640x480/no.png,407.19,407.2,2018-08-22,False,anchored,78.0,12,9,3
1,2084760,Adam Rydström,https://img.cuescore.com/image/8/4/86bc4d30888950ccf969718ced4efaff.png?t=1727864686,https://cuescore.com/img/flags/png-country-4x2-none/res-640x480/se.png,407.16,407.17,2018-02-01,False,anchored,0.0,26,8,18
1,9981040,Thomas Andre,https://img.cuescore.com/image/8/4/862c792ba8eb7f97e626fbe6cbcc59f6.png,https://cuescore.com/img/flags/png-country-4x2-none/res-640x480/no.png,407.15,407.15,2021-10-11,False,anchored,,8,6,2
1,9981874,vibeke oslo bk,https://img.cuescore.com/image/5/4/5aa6aa48f7d5ffe854d5266ac08db7ef.png,https://cuescore.com/img/flags/png-country-4x2-none/res-640x480/no.png,407.15,407.15,2021-10-11,False,anchored,,8,6,2
1,10570834,Alexander Kjos Hartz,https://img.cuescore.com/image/3/4/3653053c5ba70e3107547a8d8fbc8b89.png?t=1637761528,https://cuescore.com/img/flags/png-country-4x2-none/res-640x480/no.png,407.04,407.05,2021-11-08,False,anchored,,17,7,10
1,1006261,Hasan Emre Vural,https://img.cuescore.com/image/8/4/862c792ba8eb7f97e626fbe6cbcc59f6.png,https://cuescore.com/img/flags/png-country-4x2-none/res-640x480/no.png,406.91,406.94,2019-06-27,False,anchored,113.0,9,4,5
1,1006391,Michelle Sandman,https://img.cuescore.com/image/0/4/04b2bf499819c13555590ca27503d862.png?t=1728042827,https://cuescore.com/img/flags/png-country-4x2-none/res-640x480/no.png,406.84,406.86,2025-03-15,False,anchored,2.0,7,3,4
1,1006303,Joakim Haugen,https://img.cuescore.com/image/8/4/862c792ba8eb7f97e626fbe6cbcc59f6.png,https://cuescore.com/img/flags/png-country-4x2-none/res-640x480/no.png,406.74,406.77,2024-12-27,False,anchored,0.0,14,5,9
1,1141525,Øystein Krøvel,https://img.cuescore.com/image/8/4/862c792ba8eb7f97e626fbe6cbcc59f6.png,https://cuescore.com/img/flags/png-country-4x2-none/res-640x480/no.png,406.56,406.58,2018-05-28,False,anchored,,15,8,7
1,16996054,Elise Bygjordet,https://img.cuescore.com/image/5/4/5aa6aa48f7d5ffe854d5266ac08db7ef.png,https://cuescore.com/img/flags/png-country-4x2-none/res-640x480/no.png,406.54,406.55,2022-08-03,False,anchored,,6,4,2
1,2206237,Eihab Sray aldeen,https://img.cuescore.com/image/8/4/862c792ba8eb7f97e626fbe6cbcc59f6.png,https://cuescore.com/img/flags/png-country-4x2-none/res-640x480/sy.png,406.51,406.52,2018-03-05,False,anchored,,11,8,3
1,39034855,Jonas Nilsson,https://img.cuescore.com/image/4/4/45bc3e7c0e6589be1e58fb58c89e15d0.png?t=1773517526,https://cuescore.com/img/flags/png-country-4x2-none/res-640x480/no.png,406.39,406.4,2026-03-21,False,anchored,,4,2,2
1,1944569,Philippe Beal,https://img.cuescore.com/image/8/4/862c792ba8eb7f97e626fbe6cbcc59f6.png,https://cuescore.com/img/flags/png-country-4x2-none/res-640x480/no.png,406.36,406.37,2018-04-09,False,anchored,,30,15,15
1,1969296,Alexander Reyes Monsen,https://img.cuescore.com/image/8/4/862c792ba8eb7f97e626fbe6cbcc59f6.png,https://cuescore.com/img/flags/png-country-4x2-none/res-640x480/no.png,406.25,406.27,2017-12-11,False,anchored,,20,9,11
1,1047611,Tam,https://img.cuescore.com/image/8/4/862c792ba8eb7f97e626fbe6cbcc59f6.png,,406.2,406.2,2019-12-09,False,anchored,,13,7,6
1,4759047,Geir Anfinsen,https://img.cuescore.com/image/8/4/862c792ba8eb7f97e626fbe6cbcc59f6.png,https://cuescore.com/img/flags/png-country-4x2-none/res-640x480/no.png,405.96,405.97,2019-08-14,False,anchored,,4,4,0
1,43051717,Ulrik Enstad,https://img.cuescore.com/image/8/4/862c792ba8eb7f97e626fbe6cbcc59f6.png,https://cuescore.com/img/flags/png-country-4x2-none/res-640x480/no.png,405.76,405.75,2024-05-21,False,anchored,,8,5,3
1,24871531,Eystein Sæther,https://img.cuescore.com/image/8/4/862c792ba8eb7f97e626fbe6cbcc59f6.png,https://cuescore.com/img/flags/png-country-4x2-none/res-640x480/no.png,405.76,405.69,2024-12-09,False,anchored,150.0,10,5,5
1,1183878,Petter Olsen,https://img.cuescore.com/image/8/4/862c792ba8eb7f97e626fbe6cbcc59f6.png,https://cuescore.com/img/flags/png-country-4x2-none/res-640x480/no.png,405.71,405.72,2017-10-30,False,anchored,,27,15,12
1,13381909,Kjartan Madsen,https://img.cuescore.com/image/8/4/862c792ba8eb7f97e626fbe6cbcc59f6.png,https://cuescore.com/img/flags/png-country-4x2-none/res-640x480/no.png,405.55,405.57,2022-02-21,False,anchored,,16,8,8
1,30143524,Paulina Statkiewicz,https://img.cuescore.com/image/4/4/401c303a87a53c3e8ca46d6a6f1eec5a.png?t=1782817363,https://cuescore.com/img/flags/png-country-4x2-none/res-640x480/pl.png,405.51,405.53,2023-12-13,False,anchored,202.0,32,12,20
1,1027209,Thang Vu Ngoc,https://img.cuescore.com/image/8/4/862c792ba8eb7f97e626fbe6cbcc59f6.png,,405.48,405.49,2019-12-09,False,anchored,,20,11,9
1,5063328,Josh Young,https://img.cuescore.com/image/8/4/862c792ba8eb7f97e626fbe6cbcc59f6.png,https://cuescore.com/img/flags/png-country-4x2-none/res-640x480/no.png,405.34,405.34,2019-03-18,False,anchored,,7,5,2
1,2574158,Tommy Andersen,https://img.cuescore.com/image/8/4/862c792ba8eb7f97e626fbe6cbcc59f6.png,https://cuescore.com/img/flags/png-country-4x2-none/res-640x480/no.png,405.24,405.26,2018-05-14,False,anchored,,16,8,8
1,2684364,Huan,https://img.cuescore.com/image/8/4/862c792ba8eb7f97e626fbe6cbcc59f6.png,https://cuescore.com/img/flags/png-country-4x2-none/res-640x480/no.png,405.22,405.31,2018-09-17,False,anchored,,59,27,32
1,1006273,Hermund Årdalen,https://img.cuescore.com/image/d/4/d984da65190714eac16c8728ada15434.png?t=1674215618,https://cuescore.com/img/flags/png-country-4x2-none/res-640x480/no.png,405.21,405.19,2024-04-13,False,anchored,,8,2,6
1,6425441,Gustav Karlman,https://img.cuescore.com/image/2/4/23aa9cbf9a61c01390199b87a6eb72dc.png?t=1764753853,https://cuescore.com/img/flags/png-country-4x2-none/res-640x480/se.png,404.93,404.94,2021-07-24,False,anchored,,5,2,3
1,7131380,Remik kwit,https://img.cuescore.com/image/3/4/3d74498be03a7fe83bcecbd611d7ee45.png?t=1769872433,https://cuescore.com/img/flags/png-country-4x2-none/res-640x480/pl.png,404.92,404.91,2025-04-02,False,anchored,175.0,8,5,3
1,10604059,Ole Kvalsvik,https://img.cuescore.com/image/2/4/2c2c32a0dd7c4783432aa6f5a53e9046.png?t=1644434537,https://cuescore.com/img/flags/png-country-4x2-none/res-640x480/no.png,404.77,404.86,2025-07-28,False,anchored,275.0,8,3,5
1,17431444,Kathrine Eikeseth,https://img.cuescore.com/image/7/4/75407df5102f828bcaf73d8ab9eff05f.png?t=1714472972,https://cuescore.com/img/flags/png-country-4x2-none/res-640x480/no.png,404.73,404.78,2022-08-29,False,anchored,,28,11,17
1,1008226,John Ove Løvdal,https://img.cuescore.com/image/8/4/862c792ba8eb7f97e626fbe6cbcc59f6.png,https://cuescore.com/img/flags/png-country-4x2-none/res-640x480/no.png,404.63,404.62,2022-11-16,False,anchored,275.0,24,10,14
1,1027208,Anders Sandholtet,https://img.cuescore.com/image/8/4/862c792ba8eb7f97e626fbe6cbcc59f6.png,,404.59,404.6,2018-03-05,False,anchored,,24,12,12
1,8280788,Anita Håland,https://img.cuescore.com/image/5/4/5aa6aa48f7d5ffe854d5266ac08db7ef.png,https://cuescore.com/img/flags/png-country-4x2-none/res-640x480/no.png,404.56,404.55,2020-11-02,False,anchored,,16,8,8
1,52796242,Hanne-Therése Runestad,https://img.cuescore.com/image/5/4/5aa6aa48f7d5ffe854d5266ac08db7ef.png,https://cuescore.com/img/flags/png-country-4x2-none/res-640x480/no.png,404.52,404.51,2024-12-12,False,anchored,,13,7,6
1,21092911,Per Ditlef Faye,https://img.cuescore.com/image/8/4/862c792ba8eb7f97e626fbe6cbcc59f6.png,https://cuescore.com/img/flags/png-country-4x2-none/res-640x480/no.png,404.28,404.16,2023-04-03,False,anchored,147.0,9,5,4
1,2213742,Sebastian Trolle,https://img.cuescore.com/image/1/4/13914f616c90317603ac8fe263b3c821.png?t=1701607084,https://cuescore.com/img/flags/png-country-4x2-none/res-640x480/dk.png,404.27,404.27,2024-02-03,False,anchored,,2,1,1
1,1714804,Chris B Råthen,https://img.cuescore.com/image/4/4/4d5b779c4be0e8d65f26b672d6192aa9.png?t=1601232336,,404.23,404.24,2017-09-25,False,anchored,,14,9,5
1,1006327,Ken Simon Røed,https://img.cuescore.com/image/6/4/60193ca21b3ab41ba31da0686a6183a2.png?t=1462136976,https://cuescore.com/img/flags/png-country-4x2-none/res-640x480/no.png,404.14,404.14,2017-09-06,False,anchored,,14,5,9
1,1957538,Mathias macdonald,https://img.cuescore.com/image/8/4/862c792ba8eb7f97e626fbe6cbcc59f6.png,https://cuescore.com/img/flags/png-country-4x2-none/res-640x480/no.png,404.13,404.13,2017-11-13,False,anchored,,19,11,8
1,3635602,Rune Fevang,https://img.cuescore.com/image/8/4/862c792ba8eb7f97e626fbe6cbcc59f6.png,https://cuescore.com/img/flags/png-country-4x2-none/res-640x480/no.png,404.05,404.06,2020-01-13,False,anchored,,17,7,10
1,1022360,Morten Nystuen,https://img.cuescore.com/image/a/4/a192704adfcca7c13b89d76aff36a23e.png?t=1446291069,https://cuescore.com/img/flags/png-country-4x2-none/res-640x480/no.png,404.04,404.05,2017-01-02,False,anchored,,8,6,2
1,2890737,Mirosław Zduńczuk,https://img.cuescore.com/image/2/4/2e927c504538bc2cd0321e95d5e01cf4.png?t=1534779352,,403.97,403.97,2018-08-20,False,anchored,,13,8,5
1,1957539,Johny Lotto,https://img.cuescore.com/image/8/4/862c792ba8eb7f97e626fbe6cbcc59f6.png,,403.93,403.94,2017-11-13,False,anchored,,12,6,6
1,36847480,Maren Hermansen,https://img.cuescore.com/image/f/4/f540c3a8e3f405ed0960ff090f3a84d9.png?t=1709981971,https://cuescore.com/img/flags/png-country-4x2-none/res-640x480/no.png,403.9,403.91,2024-03-09,False,anchored,,14,6,8
1,1944633,Abdul Al Rahman Malik,https://img.cuescore.com/image/8/4/862c792ba8eb7f97e626fbe6cbcc59f6.png,https://cuescore.com/img/flags/png-country-4x2-none/res-640x480/no.png,403.82,403.82,2019-12-09,False,anchored,,6,4,2
1,16049032,Lene Finsveen,https://img.cuescore.com/image/8/4/8a009718d25288433e490a4c1aee9a10.png?t=1787123670,https://cuescore.com/img/flags/png-country-4x2-none/res-640x480/no.png,403.8,403.81,2022-11-21,False,anchored,137.0,14,8,6
1,1934105,Nader Fallah,https://img.cuescore.com/image/8/4/862c792ba8eb7f97e626fbe6cbcc59f6.png,,403.79,403.79,2017-10-30,False,anchored,,15,9,6
1,6907086,Elens Zommers,https://img.cuescore.com/image/8/4/862c792ba8eb7f97e626fbe6cbcc59f6.png,https://cuescore.com/img/flags/png-country-4x2-none/res-640x480/no.png,403.7,403.72,2020-11-01,False,anchored,1.0,14,6,8
1,2307209,Ed Liu,https://img.cuescore.com/image/9/4/971c8a9692d2b1681eadcc04456631ac.png?t=1753338873,https://cuescore.com/img/flags/png-country-4x2-none/res-640x480/us.png,403.68,403.4,2026-08-05,False,anchored,225.0,29,12,17
1,54686500,Danylo Yavorskyi,https://img.cuescore.com/image/9/4/9595b0061eb22e6b9b48cce4e2e19213.png?t=1754495329,https://cuescore.com/img/flags/png-country-4x2-none/res-640x480/no.png,403.65,403.66,2026-03-21,False,anchored,,4,2,2
1,16996057,Kristy Wang,https://img.cuescore.com/image/5/4/5aa6aa48f7d5ffe854d5266ac08db7ef.png,https://cuescore.com/img/flags/png-country-4x2-none/res-640x480/no.png,403.64,403.64,2022-08-03,False,anchored,,7,4,3
1,21261571,Alexander Lindbäck,https://img.cuescore.com/image/5/4/55aefc2f6c1dceb232bbd215bdafdfa0.png?t=1771064099,https://cuescore.com/img/flags/png-country-4x2-none/res-640x480/no.png,403.61,403.61,2024-12-27,False,anchored,4.0,13,5,8
1,1345906,Ahad Rashid,https://img.cuescore.com/image/8/4/862c792ba8eb7f97e626fbe6cbcc59f6.png,https://cuescore.com/img/flags/png-country-4x2-none/res-640x480/no.png,403.57,403.59,2017-11-13,False,anchored,,14,7,7
1,50522596,Olav Finnerud,https://img.cuescore.com/image/8/4/862c792ba8eb7f97e626fbe6cbcc59f6.png,https://cuescore.com/img/flags/png-country-4x2-none/res-640x480/no.png,403.4,403.38,2026-01-26,False,anchored,165.0,5,2,3
1,12339043,Magnus Groseth,https://img.cuescore.com/image/5/4/58ebae7e492bbafb077ff0f5c97974c1.png?t=1674052498,https://cuescore.com/img/flags/png-country-4x2-none/res-640x480/no.png,403.38,403.4,2023-01-18,False,anchored,225.0,58,23,35
1,82895710,Rolf Woods,https://img.cuescore.com/image/8/4/862c792ba8eb7f97e626fbe6cbcc59f6.png,https://cuescore.com/img/flags/png-country-4x2-none/res-640x480/no.png,403.23,403.16,2026-06-03,False,anchored,175.0,17,5,12
1,79002523,luis Cardenas rosas,https://img.cuescore.com/image/8/4/862c792ba8eb7f97e626fbe6cbcc59f6.png,https://cuescore.com/img/flags/png-country-4x2-none/res-640x480/no.png,403.13,403.09,2026-03-23,False,anchored,175.0,9,4,5
1,3647948,Janna Braseth,https://img.cuescore.com/image/5/4/5aa6aa48f7d5ffe854d5266ac08db7ef.png,https://cuescore.com/img/flags/png-country-4x2-none/res-640x480/no.png,403.02,403.06,2020-08-01,False,anchored,,22,8,14
1,1552001,Stig Elde Mikkelsen,https://img.cuescore.com/image/f/4/faf1ee1962736e0f6504c12e74ff3fe3.png?t=1501105742,https://cuescore.com/img/flags/png-country-4x2-none/res-640x480/no.png,403.02,403.03,2019-08-31,False,anchored,6.0,3,2,1
1,21425374,Richard Persson,https://img.cuescore.com/image/2/4/2d0d731061f8db1207bcc19ffd06342e.png?t=1766246032,https://cuescore.com/img/flags/png-country-4x2-none/res-640x480/se.png,403.0,403.01,2024-12-27,False,anchored,3.0,13,5,8
1,8362155,Nicolai,https://img.cuescore.com/image/8/4/862c792ba8eb7f97e626fbe6cbcc59f6.png,https://cuescore.com/img/flags/png-country-4x2-none/res-640x480/no.png,403.0,403.01,2020-10-12,False,anchored,,11,5,6
1,6060601,Nomen Nescio,https://img.cuescore.com/image/5/4/5aa6aa48f7d5ffe854d5266ac08db7ef.png,https://cuescore.com/img/flags/png-country-4x2-none/res-640x480/no.png,402.98,402.99,2022-03-12,False,anchored,30.0,11,6,5
1,3430505,Ben Tanner,https://img.cuescore.com/image/1/4/1a27ea57d57f6eefe3b9514bc38fc91d.png?t=1726497475,https://cuescore.com/img/flags/png-country-4x2-none/res-640x480/gb-eng.png,402.96,402.93,2026-08-12,False,anchored,425.0,8,4,4
1,5339081,Daniel,https://img.cuescore.com/image/8/4/862c792ba8eb7f97e626fbe6cbcc59f6.png,https://cuescore.com/img/flags/png-country-4x2-none/res-640x480/no.png,402.9,402.9,2019-09-09,False,anchored,,9,5,4
1,1431228,remi kwit,https://img.cuescore.com/image/8/4/862c792ba8eb7f97e626fbe6cbcc59f6.png,,402.79,402.8,2017-11-13,False,anchored,,17,9,8
1,57800878,Lukasz Majewski,https://img.cuescore.com/image/5/4/588a800ff739d8ffbd3e24a327e10cb7.png?t=1756759411,https://cuescore.com/img/flags/png-country-4x2-none/res-640x480/pl.png,402.66,402.61,2025-09-01,False,anchored,175.0,12,6,6
1,1006318,Jonas Kvalsund Hansen,https://img.cuescore.com/image/7/4/74042a5fb330252a2151c354505f927d.png?t=1686684110,https://cuescore.com/img/flags/png-country-4x2-none/res-640x480/no.png,402.56,402.56,2019-08-31,False,anchored,2.0,2,2,0
1,73236004,Dragan Ceranic,https://img.cuescore.com/image/4/4/433f4c52eca74e8965ef92ee2c02efee.png?t=1764751023,https://cuescore.com/img/flags/png-country-4x2-none/res-640x480/hr.png,402.52,402.43,2025-12-27,False,anchored,4.0,16,3,13
1,8984217,Philip Smith,https://img.cuescore.com/image/8/4/862c792ba8eb7f97e626fbe6cbcc59f6.png,https://cuescore.com/img/flags/png-country-4x2-none/res-640x480/no.png,402.28,402.28,2021-06-28,False,anchored,,8,4,4
1,5185785,Benjamin Memeti,https://img.cuescore.com/image/8/4/862c792ba8eb7f97e626fbe6cbcc59f6.png,https://cuescore.com/img/flags/png-country-4x2-none/res-640x480/mk.png,402.27,402.29,2019-10-21,False,anchored,40.0,17,6,11
1,73998136,Andreas Langkås,https://img.cuescore.com/image/8/4/862c792ba8eb7f97e626fbe6cbcc59f6.png,https://cuescore.com/img/flags/png-country-4x2-none/res-640x480/no.png,402.12,402.15,2025-12-27,False,anchored,5.0,13,4,9
1,34719502,Jonathan Storvik,https://img.cuescore.com/image/8/4/862c792ba8eb7f97e626fbe6cbcc59f6.png,https://cuescore.com/img/flags/png-country-4x2-none/res-640x480/no.png,402.02,401.66,2024-07-15,False,anchored,175.0,24,12,12
1,2620563,Shakir,https://img.cuescore.com/image/8/4/862c792ba8eb7f97e626fbe6cbcc59f6.png,https://cuescore.com/img/flags/png-country-4x2-none/res-640x480/no.png,402.02,402.02,2018-06-04,False,anchored,12.0,8,5,3
1,2251358,Davut Demir,https://img.cuescore.com/image/8/4/862c792ba8eb7f97e626fbe6cbcc59f6.png,,401.94,401.93,2018-03-19,False,anchored,,9,5,4
1,5476975,Toan Truong,https://img.cuescore.com/image/6/4/6349399674ea3696bafa9ceb8596d609.png?t=1559249294,https://cuescore.com/img/flags/png-country-4x2-none/res-640x480/vn.png,401.82,401.83,2019-06-03,False,anchored,,18,8,10
1,10774063,Axel Mikhail Dalberg,https://img.cuescore.com/image/7/4/7184042b06619ed2c04b9912e7dd0d42.png?t=1647203908,https://cuescore.com/img/flags/png-country-4x2-none/res-640x480/no.png,401.78,401.79,2023-10-15,False,anchored,43.0,19,7,12
1,16259161,Anders Selland,https://img.cuescore.com/image/8/4/862c792ba8eb7f97e626fbe6cbcc59f6.png,https://cuescore.com/img/flags/png-country-4x2-none/res-640x480/no.png,401.67,401.65,2026-05-11,False,anchored,319.0,10,2,8
1,1285998,Haakon Røstad,https://img.cuescore.com/image/3/4/36e69289f28f700594d4d267b0609dd0.png?t=1736158534,https://cuescore.com/img/flags/png-country-4x2-none/res-640x480/no.png,401.66,401.67,2024-04-13,False,anchored,,14,6,8
1,2251356,Saban Tepeli,https://img.cuescore.com/image/8/4/862c792ba8eb7f97e626fbe6cbcc59f6.png,,401.61,401.61,2018-03-19,False,anchored,,11,6,5
1,1256298,Andreas Bjerke,https://img.cuescore.com/image/e/4/e6832a281bf31df6fd0f45024016cd8e.png?t=1579116811,https://cuescore.com/img/flags/png-country-4x2-none/res-640x480/no.png,401.51,401.5,2019-02-20,False,anchored,28.0,7,4,3
1,40876063,Ali Hazem,https://img.cuescore.com/image/8/4/862c792ba8eb7f97e626fbe6cbcc59f6.png,https://cuescore.com/img/flags/png-country-4x2-none/res-640x480/no.png,401.48,401.48,2024-03-16,False,anchored,,2,1,1
1,5063316,Asgeir H,https://img.cuescore.com/image/8/4/862c792ba8eb7f97e626fbe6cbcc59f6.png,https://cuescore.com/img/flags/png-country-4x2-none/res-640x480/no.png,401.27,401.27,2019-03-18,False,anchored,,8,4,4
1,4797931,Geir Perez,https://img.cuescore.com/image/8/4/862c792ba8eb7f97e626fbe6cbcc59f6.png,https://cuescore.com/img/flags/png-country-4x2-none/res-640x480/no.png,401.27,401.27,2019-02-18,False,anchored,,10,5,5
1,6863666,Silje Vareide,https://img.cuescore.com/image/5/4/5aa6aa48f7d5ffe854d5266ac08db7ef.png,https://cuescore.com/img/flags/png-country-4x2-none/res-640x480/no.png,401.08,401.08,2019-11-18,False,anchored,,8,4,4
1,2021209,Johnny Lotto,https://img.cuescore.com/image/8/4/862c792ba8eb7f97e626fbe6cbcc59f6.png,https://cuescore.com/img/flags/png-country-4x2-none/res-640x480/no.png,401.06,401.07,2017-12-18,False,anchored,,13,5,8
1,3508778,Naser lusnjani,https://img.cuescore.com/image/8/4/862c792ba8eb7f97e626fbe6cbcc59f6.png,https://cuescore.com/img/flags/png-country-4x2-none/res-640x480/no.png,400.82,400.81,2018-12-17,False,anchored,,12,6,6
1,1071680,Michael,https://img.cuescore.com/image/8/4/862c792ba8eb7f97e626fbe6cbcc59f6.png,,400.77,400.76,2019-05-27,False,anchored,,8,3,5
1,60309976,Samuel Feste,https://img.cuescore.com/image/8/4/862c792ba8eb7f97e626fbe6cbcc59f6.png,https://cuescore.com/img/flags/png-country-4x2-none/res-640x480/no.png,400.76,400.72,2026-02-23,False,anchored,180.0,15,8,7
1,6550338,Isak Karlsen,https://img.cuescore.com/image/8/4/862c792ba8eb7f97e626fbe6cbcc59f6.png,https://cuescore.com/img/flags/png-country-4x2-none/res-640x480/no.png,400.66,400.67,2019-09-30,False,anchored,,14,6,8
1,9209866,Johannes Sandström,https://img.cuescore.com/image/8/4/862c792ba8eb7f97e626fbe6cbcc59f6.png,https://cuescore.com/img/flags/png-country-4x2-none/res-640x480/se.png,400.62,400.68,2022-02-21,False,anchored,,33,14,19
1,4762955,Benjamin,https://img.cuescore.com/image/8/4/862c792ba8eb7f97e626fbe6cbcc59f6.png,https://cuescore.com/img/flags/png-country-4x2-none/res-640x480/no.png,400.58,400.59,2019-02-18,False,anchored,,23,10,13
1,3036773,Mathias Stav,https://img.cuescore.com/image/8/4/862c792ba8eb7f97e626fbe6cbcc59f6.png,https://cuescore.com/img/flags/png-country-4x2-none/res-640x480/no.png,400.53,400.52,2018-09-10,False,anchored,,10,5,5
1,3543768,Dennis,https://img.cuescore.com/image/8/4/862c792ba8eb7f97e626fbe6cbcc59f6.png,https://cuescore.com/img/flags/png-country-4x2-none/res-640x480/us.png,400.52,400.52,2018-12-17,False,anchored,,7,3,4
1,1006339,Kim Ronny Nygård,https://img.cuescore.com/image/0/4/050ec025b1e31e0ac5eea74c4c82b3ac.png?t=1478380445,https://cuescore.com/img/flags/png-country-4x2-none/res-640x480/no.png,400.46,400.47,2026-06-15,False,anchored,,22,11,11
1,8362037,Gunn Hellen,https://img.cuescore.com/image/5/4/5aa6aa48f7d5ffe854d5266ac08db7ef.png,https://cuescore.com/img/flags/png-country-4x2-none/res-640x480/no.png,400.43,400.44,2020-10-12,False,anchored,,4,2,2
1,3508777,Outi,https://img.cuescore.com/image/5/4/5aa6aa48f7d5ffe854d5266ac08db7ef.png,https://cuescore.com/img/flags/png-country-4x2-none/res-640x480/no.png,400.26,400.26,2018-12-10,False,anchored,,8,4,4
1,3305265,Fredrik Nyberg,https://img.cuescore.com/image/8/4/862c792ba8eb7f97e626fbe6cbcc59f6.png,https://cuescore.com/img/flags/png-country-4x2-none/res-640x480/se.png,400.14,400.17,2024-10-07,False,anchored,266.0,27,9,18
1,33729541,Eivind Yoo Yong Jae Johansen,https://img.cuescore.com/image/9/4/9e9ee73d7605cca6639592549f75768d.png?t=1766744087,https://cuescore.com/img/flags/png-country-4x2-none/res-640x480/kr.png,400.13,400.01,2026-06-20,False,anchored,184.0,317,118,199
1,1006283,Jan Erik Gundersen,https://img.cuescore.com/image/0/4/0c24bbf2b386a7084424cd3aadb80dd8.png?t=1537810552,https://cuescore.com/img/flags/png-country-4x2-none/res-640x480/no.png,400.11,400.11,2018-10-10,False,anchored,97.0,3,1,2
1,5063317,Eirik N,https://img.cuescore.com/image/8/4/862c792ba8eb7f97e626fbe6cbcc59f6.png,https://cuescore.com/img/flags/png-country-4x2-none/res-640x480/no.png,400.07,400.06,2019-03-18,False,anchored,,9,4,5
1,43190422,Sang Luong,https://img.cuescore.com/image/d/4/dc13e3a34dd216ec238a852216b3d368.png?t=1716297885,https://cuescore.com/img/flags/png-country-4x2-none/res-640x480/vn.png,399.98,399.98,2024-05-21,False,anchored,,4,2,2
1,6680803,Jake Hill,https://img.cuescore.com/image/8/4/862c792ba8eb7f97e626fbe6cbcc59f6.png,https://cuescore.com/img/flags/png-country-4x2-none/res-640x480/gb-eng.png,399.93,399.94,2019-10-21,False,anchored,,15,7,8
1,18283951,Gabriel Salvesen,https://img.cuescore.com/image/6/4/617beda9646d1770816a08319adaa7e3.png?t=1664293865,https://cuescore.com/img/flags/png-country-4x2-none/res-640x480/no.png,399.92,399.93,2023-10-15,False,anchored,,3,1,2
1,7784582,Mathias Kolloen Nilsen,https://img.cuescore.com/image/8/4/862c792ba8eb7f97e626fbe6cbcc59f6.png,https://cuescore.com/img/flags/png-country-4x2-none/res-640x480/no.png,399.88,399.97,2020-05-27,False,anchored,30.0,68,26,42
1,5140382,Jørgen Johansen,https://img.cuescore.com/image/8/4/862c792ba8eb7f97e626fbe6cbcc59f6.png,https://cuescore.com/img/flags/png-country-4x2-none/res-640x480/no.png,399.86,399.85,2019-04-01,False,anchored,,7,3,4
1,1075531,Thang Vu Ngoc,https://img.cuescore.com/image/8/4/862c792ba8eb7f97e626fbe6cbcc59f6.png,https://cuescore.com/img/flags/png-country-4x2-none/res-640x480/no.png,399.82,399.82,2017-09-25,False,anchored,,10,5,5
1,2167251,Tor Bugten,https://img.cuescore.com/image/8/4/862c792ba8eb7f97e626fbe6cbcc59f6.png,https://cuescore.com/img/flags/png-country-4x2-none/res-640x480/no.png,399.76,399.75,2018-02-19,False,anchored,,8,3,5
1,7027028,Wael,https://img.cuescore.com/image/8/4/862c792ba8eb7f97e626fbe6cbcc59f6.png,https://cuescore.com/img/flags/png-country-4x2-none/res-640x480/no.png,399.74,399.74,2022-10-24,False,anchored,225.0,11,4,7
1,1006419,Ole Kristian Elnæs,https://img.cuescore.com/image/b/4/b130d080a36488e0a86e683be5b16db3.png?t=1516825670,https://cuescore.com/img/flags/png-country-4x2-none/res-640x480/no.png,399.69,399.72,2019-06-07,False,anchored,,10,3,7
1,2166644,Nicolai Sætra,https://img.cuescore.com/image/f/4/f0ecab4af4dd1d68f5d037f0acea4f65.png?t=1519837466,https://cuescore.com/img/flags/png-country-4x2-none/res-640x480/no.png,399.68,399.68,2019-08-31,False,anchored,6.0,1,0,1
1,1714798,Efka Jega,https://img.cuescore.com/image/5/4/5b939af9399cb941afb5fece6c8a5e0f.png?t=1506354695,,399.53,399.53,2017-10-09,False,anchored,,26,13,13
1,2431088,Chalak,https://img.cuescore.com/image/8/4/862c792ba8eb7f97e626fbe6cbcc59f6.png,https://cuescore.com/img/flags/png-country-4x2-none/res-640x480/no.png,399.41,399.42,2018-04-30,False,anchored,,23,9,14
1,6550337,Mats Rognås,https://img.cuescore.com/image/8/4/862c792ba8eb7f97e626fbe6cbcc59f6.png,https://cuescore.com/img/flags/png-country-4x2-none/res-640x480/no.png,399.35,399.36,2019-09-30,False,anchored,,19,8,11
1,3439599,Even Nguyen,https://img.cuescore.com/image/8/4/862c792ba8eb7f97e626fbe6cbcc59f6.png,https://cuescore.com/img/flags/png-country-4x2-none/res-640x480/no.png,399.33,399.32,2018-12-03,False,anchored,,5,2,3
1,1006516,Timo Mäkelä,https://img.cuescore.com/image/8/4/862c792ba8eb7f97e626fbe6cbcc59f6.png,https://cuescore.com/img/flags/png-country-4x2-none/res-640x480/no.png,399.28,399.28,2018-04-18,False,anchored,,1,0,1
1,1511260,Lars Haakon Lunde,https://img.cuescore.com/image/8/4/862c792ba8eb7f97e626fbe6cbcc59f6.png,https://cuescore.com/img/flags/png-country-4x2-none/res-640x480/no.png,399.25,399.25,2017-11-13,False,anchored,,11,4,7
1,2357030,Jens Gundersen,https://img.cuescore.com/image/8/4/862c792ba8eb7f97e626fbe6cbcc59f6.png,https://cuescore.com/img/flags/png-country-4x2-none/res-640x480/no.png,399.24,399.24,2018-04-16,False,anchored,,1,0,1
1,77926909,Fredrik August Svendsen,https://img.cuescore.com/image/8/4/862c792ba8eb7f97e626fbe6cbcc59f6.png,https://cuescore.com/img/flags/png-country-4x2-none/res-640x480/no.png,399.19,399.18,2026-03-06,False,anchored,,14,6,8
1,6863635,Jan olav Nordskog,https://img.cuescore.com/image/8/4/862c792ba8eb7f97e626fbe6cbcc59f6.png,https://cuescore.com/img/flags/png-country-4x2-none/res-640x480/no.png,399.19,399.18,2019-11-18,False,anchored,,7,3,4
1,1024684,Christian Laland,https://img.cuescore.com/image/b/4/b289a8b84ffba4e8d816a4011720062d.png?t=1536997209,https://cuescore.com/img/flags/png-country-4x2-none/res-640x480/no.png,399.17,399.17,2018-06-18,False,anchored,,3,1,2
1,5159274,Nahom Legesse Tafesse,https://img.cuescore.com/image/8/4/862c792ba8eb7f97e626fbe6cbcc59f6.png,https://cuescore.com/img/flags/png-country-4x2-none/res-640x480/et.png,399.13,399.12,2019-11-11,False,anchored,,7,3,4
1,1183879,Alexander Juliussen,https://img.cuescore.com/image/8/4/862c792ba8eb7f97e626fbe6cbcc59f6.png,https://cuescore.com/img/flags/png-country-4x2-none/res-640x480/no.png,399.12,399.12,2019-12-02,False,anchored,,5,1,4
1,2577877,Britt Sølvi Hauge Pettersen,https://img.cuescore.com/image/1/4/109aeba109c23887012b75a85eaa62a6.png?t=1732796970,https://cuescore.com/img/flags/png-country-4x2-none/res-640x480/no.png,399.06,399.08,2025-07-02,False,anchored,225.0,13,4,9
1,1697350,Philippe Beal,https://img.cuescore.com/image/8/4/862c792ba8eb7f97e626fbe6cbcc59f6.png,https://cuescore.com/img/flags/png-country-4x2-none/res-640x480/no.png,398.99,399.03,2018-02-05,False,anchored,,97,42,55
1,7458715,Kristoforos,https://img.cuescore.com/image/8/4/862c792ba8eb7f97e626fbe6cbcc59f6.png,https://cuescore.com/img/flags/png-country-4x2-none/res-640x480/no.png,398.99,398.99,2020-02-17,False,anchored,,7,3,4
1,1472752,Aneta Johnsen,https://img.cuescore.com/image/5/4/5aa6aa48f7d5ffe854d5266ac08db7ef.png,https://cuescore.com/img/flags/png-country-4x2-none/res-640x480/no.png,398.96,398.96,2017-10-30,False,anchored,,13,6,7
1,7027022,Marie,https://img.cuescore.com/image/8/4/862c792ba8eb7f97e626fbe6cbcc59f6.png,https://cuescore.com/img/flags/png-country-4x2-none/res-640x480/no.png,398.94,398.94,2019-12-14,False,anchored,,2,0,2
1,17073727,Svein Roger Hansen,https://img.cuescore.com/image/8/4/84c5d6bcba4d0473eba66d138dad94df.png?t=1659867020,https://cuescore.com/img/flags/png-country-4x2-none/res-640x480/no.png,398.92,398.89,2023-04-12,False,anchored,1.0,24,6,18
1,2243631,Jens Gundersen,https://img.cuescore.com/image/8/4/862c792ba8eb7f97e626fbe6cbcc59f6.png,https://cuescore.com/img/flags/png-country-4x2-none/res-640x480/no.png,398.92,398.92,2018-06-18,False,anchored,,2,0,2
1,6082345,Virginijus Sipavičius,https://img.cuescore.com/image/0/4/0786d6223eba29ad0f875f374dc8eb15.png?t=1633953904,https://cuescore.com/img/flags/png-country-4x2-none/res-640x480/lt.png,398.91,398.91,2019-08-31,False,anchored,3.0,1,0,1
1,1006454,Robin Svedin,https://img.cuescore.com/image/9/4/95022528569ec3f0e42fd735817a9a85.png?t=1762575167,https://cuescore.com/img/flags/png-country-4x2-none/res-640x480/no.png,398.86,398.86,2019-08-31,False,anchored,4.0,1,0,1
1,42527356,rafal wisniewski,https://img.cuescore.com/image/8/4/862c792ba8eb7f97e626fbe6cbcc59f6.png,https://cuescore.com/img/flags/png-country-4x2-none/res-640x480/pl.png,398.81,398.69,2026-02-23,False,anchored,172.0,13,6,7
1,1949271,Olaus C Hansen,https://img.cuescore.com/image/8/4/862c792ba8eb7f97e626fbe6cbcc59f6.png,https://cuescore.com/img/flags/png-country-4x2-none/res-640x480/no.png,398.79,398.79,2024-03-09,False,anchored,,4,1,3
1,1018075,Jo Erlend,https://img.cuescore.com/image/8/4/862c792ba8eb7f97e626fbe6cbcc59f6.png,,398.65,398.65,2017-01-02,False,anchored,,5,1,4
1,1079170,Rune Løe,https://img.cuescore.com/image/b/4/b4949314266e20f25811f361e43de15a.png?t=1556688554,https://cuescore.com/img/flags/png-country-4x2-none/res-640x480/no.png,398.64,398.64,2019-12-14,False,anchored,61.0,2,0,2
1,1006193,Dag Johnsen,https://img.cuescore.com/image/8/4/846da8f03bebb58d781746edb0335956.png?t=1489061635,https://cuescore.com/img/flags/png-country-4x2-none/res-640x480/no.png,398.61,398.61,2018-08-15,False,anchored,54.0,17,5,12
1,1384599,Hamid Alizadeh,https://img.cuescore.com/image/5/4/53e8bebe1d09f3439bd3753861854423.png?t=1643310610,https://cuescore.com/img/flags/png-country-4x2-none/res-640x480/no.png,398.51,398.5,2019-07-24,False,anchored,2.0,8,3,5
1,40875670,Jan Kjetil Alfstad,https://img.cuescore.com/image/8/4/862c792ba8eb7f97e626fbe6cbcc59f6.png,https://cuescore.com/img/flags/png-country-4x2-none/res-640x480/no.png,398.51,398.51,2024-03-16,False,anchored,,1,0,1
1,2052755,Erling Betten,https://img.cuescore.com/image/6/4/63f5f5ed13357a80981a19ce09468cc7.png?t=1515326914,,398.5,398.5,2018-01-15,False,anchored,,9,3,6
1,6962355,Dennis,https://img.cuescore.com/image/8/4/862c792ba8eb7f97e626fbe6cbcc59f6.png,https://cuescore.com/img/flags/png-country-4x2-none/res-640x480/no.png,398.47,398.46,2019-12-02,False,anchored,,9,3,6
1,2400653,Cathleen,https://img.cuescore.com/image/5/4/5aa6aa48f7d5ffe854d5266ac08db7ef.png,https://cuescore.com/img/flags/png-country-4x2-none/res-640x480/no.png,398.47,398.46,2018-04-23,False,anchored,,9,4,5
1,1006451,Robert Gelin Rysjedal,https://img.cuescore.com/image/7/4/775a8c69cbad1ba33b3766b608acc2d9.png?t=1710020783,https://cuescore.com/img/flags/png-country-4x2-none/res-640x480/no.png,398.38,398.4,2019-06-07,False,anchored,,10,2,8
1,2013157,Fredrik Hovda,https://img.cuescore.com/image/8/4/862c792ba8eb7f97e626fbe6cbcc59f6.png,https://cuescore.com/img/flags/png-country-4x2-none/res-640x480/no.png,398.38,398.38,2017-12-11,False,anchored,,5,1,4
1,6909215,Thomas Andreassen,https://img.cuescore.com/image/8/4/862c792ba8eb7f97e626fbe6cbcc59f6.png,https://cuescore.com/img/flags/png-country-4x2-none/res-640x480/no.png,398.38,398.37,2020-01-20,False,anchored,,6,2,4
1,16996051,Ylva Mathisen,https://img.cuescore.com/image/5/4/5aa6aa48f7d5ffe854d5266ac08db7ef.png,https://cuescore.com/img/flags/png-country-4x2-none/res-640x480/no.png,398.34,398.33,2022-08-03,False,anchored,,5,2,3
1,25508719,Magnus Maprang Dahlø,https://img.cuescore.com/image/5/4/535e65630064412bdba604db24b2b636.png?t=1784791853,https://cuescore.com/img/flags/png-country-4x2-none/res-640x480/no.png,398.31,398.31,2026-03-21,False,anchored,,3,1,2
1,2140742,Jamal Malik,https://img.cuescore.com/image/8/4/862c792ba8eb7f97e626fbe6cbcc59f6.png,https://cuescore.com/img/flags/png-country-4x2-none/res-640x480/no.png,398.29,398.29,2018-10-01,False,anchored,,178,73,105
1,5475535,Sandro Hasecic,https://img.cuescore.com/image/c/4/c0fa701330e893d119b851a929db0de8.png?t=1610458338,https://cuescore.com/img/flags/png-country-4x2-none/res-640x480/no.png,398.28,398.29,2022-12-30,False,anchored,,21,8,13
1,71402752,Enrique Mohamed ”Saleh“ Saleh Ruzafa,https://img.cuescore.com/image/e/4/e8a2719b85121aebb65ffe4f61bda1c9.png?t=1778896862,https://cuescore.com/img/flags/png-country-4x2-none/res-640x480/no.png,398.26,398.25,2026-01-12,False,anchored,196.0,48,20,28
1,6461421,Ole,https://img.cuescore.com/image/8/4/862c792ba8eb7f97e626fbe6cbcc59f6.png,https://cuescore.com/img/flags/png-country-4x2-none/res-640x480/no.png,398.21,398.2,2019-09-16,False,anchored,,12,5,7
1,5558769,walk over 18,https://img.cuescore.com/image/8/4/862c792ba8eb7f97e626fbe6cbcc59f6.png,https://cuescore.com/img/flags/png-country-4x2-none/res-640x480/it.png,398.2,398.2,2019-06-27,False,anchored,,6,1,5
1,19059169,Ilyas Amri,https://img.cuescore.com/image/4/4/47ded01f939e677e2aa69a2e4a4e92d1.png?t=1747178216,https://cuescore.com/img/flags/png-country-4x2-none/res-640x480/no.png,398.11,398.12,2025-06-02,False,anchored,198.0,16,7,9
1,8296078,Mathias Hæreid,https://img.cuescore.com/image/8/4/862c792ba8eb7f97e626fbe6cbcc59f6.png,https://cuescore.com/img/flags/png-country-4x2-none/res-640x480/no.png,398.03,398.03,2020-09-28,False,anchored,,3,0,3
1,5076660,Fredrik Nymark,https://img.cuescore.com/image/8/4/862c792ba8eb7f97e626fbe6cbcc59f6.png,https://cuescore.com/img/flags/png-country-4x2-none/res-640x480/no.png,398.01,398.0,2020-02-24,False,anchored,,11,4,7
1,4936012,Halvor,https://img.cuescore.com/image/8/4/862c792ba8eb7f97e626fbe6cbcc59f6.png,https://cuescore.com/img/flags/png-country-4x2-none/res-640x480/no.png,397.99,397.99,2019-03-04,False,anchored,,2,0,2
1,4734031,Simon,https://img.cuescore.com/image/8/4/862c792ba8eb7f97e626fbe6cbcc59f6.png,https://cuescore.com/img/flags/png-country-4x2-none/res-640x480/no.png,397.98,397.97,2019-02-04,False,anchored,,5,1,4
1,2140523,Ola Mo,https://img.cuescore.com/image/8/4/862c792ba8eb7f97e626fbe6cbcc59f6.png,https://cuescore.com/img/flags/png-country-4x2-none/res-640x480/no.png,397.95,397.92,2018-02-12,False,anchored,,30,12,18
1,6461417,Per Holm,https://img.cuescore.com/image/8/4/862c792ba8eb7f97e626fbe6cbcc59f6.png,https://cuescore.com/img/flags/png-country-4x2-none/res-640x480/no.png,397.9,397.9,2019-09-16,False,anchored,,8,2,6
1,26005630,Cathrine Fjermerås,https://img.cuescore.com/image/5/4/5aa6aa48f7d5ffe854d5266ac08db7ef.png,https://cuescore.com/img/flags/png-country-4x2-none/res-640x480/no.png,397.87,397.86,2023-06-19,False,anchored,110.0,6,2,4
1,8340868,Enrique (El Zagal) Ruzafa,https://img.cuescore.com/image/8/4/862c792ba8eb7f97e626fbe6cbcc59f6.png,https://cuescore.com/img/flags/png-country-4x2-none/res-640x480/no.png,397.86,397.86,2020-10-07,False,anchored,,14,3,11
1,1006523,Tommy Myhre,https://img.cuescore.com/image/5/4/5c5b187ef5b7949a899232957b981489.png?t=1707428602,https://cuescore.com/img/flags/png-country-4x2-none/res-640x480/no.png,397.77,397.78,2022-02-26,False,anchored,3.0,11,1,10
1,8112358,Marcus Andre Trondsen,https://img.cuescore.com/image/d/4/d228d351e8223ea083bf531cc4042fb7.png?t=1599492841,https://cuescore.com/img/flags/png-country-4x2-none/res-640x480/no.png,397.77,397.76,2020-09-07,False,anchored,,12,4,8
1,34217209,Kenneth Eknes,https://img.cuescore.com/image/8/4/862c792ba8eb7f97e626fbe6cbcc59f6.png,https://cuescore.com/img/flags/png-country-4x2-none/res-640x480/no.png,397.7,397.65,2023-10-23,False,anchored,,7,3,4
1,1006166,Bjørn Johan Lorange,https://img.cuescore.com/image/8/4/862c792ba8eb7f97e626fbe6cbcc59f6.png,https://cuescore.com/img/flags/png-country-4x2-none/res-640x480/no.png,397.67,397.67,2024-04-13,False,anchored,,5,2,3
1,1006228,Espen M. Andersen,https://img.cuescore.com/image/7/4/7b077f3e3fb166e1912735cbc25237ee.png?t=1484669440,https://cuescore.com/img/flags/png-country-4x2-none/res-640x480/no.png,397.61,397.61,2021-09-01,False,anchored,110.0,10,1,9
1,2890757,Maria,https://img.cuescore.com/image/5/4/5aa6aa48f7d5ffe854d5266ac08db7ef.png,https://cuescore.com/img/flags/png-country-4x2-none/res-640x480/no.png,397.58,397.58,2018-10-08,False,anchored,,15,6,9
1,1756915,Jo Erlend Schinstad,https://img.cuescore.com/image/8/4/862c792ba8eb7f97e626fbe6cbcc59f6.png,https://cuescore.com/img/flags/png-country-4x2-none/res-640x480/no.png,397.46,397.45,2018-09-10,False,anchored,,5,1,4
1,1429235,Martin Andersson,https://img.cuescore.com/image/8/4/862c792ba8eb7f97e626fbe6cbcc59f6.png,https://cuescore.com/img/flags/png-country-4x2-none/res-640x480/se.png,397.45,397.45,2018-10-22,False,anchored,,6,1,5
1,11381914,Håvard Dyvesveen,https://img.cuescore.com/image/8/4/862c792ba8eb7f97e626fbe6cbcc59f6.png,https://cuescore.com/img/flags/png-country-4x2-none/res-640x480/no.png,397.38,397.38,2025-01-06,False,anchored,175.0,15,5,10
1,2251357,Abdullah Demir,https://img.cuescore.com/image/8/4/862c792ba8eb7f97e626fbe6cbcc59f6.png,,397.38,397.37,2018-03-19,False,anchored,,5,1,4
1,6914065,Bokai Wen,https://img.cuescore.com/image/8/4/862c792ba8eb7f97e626fbe6cbcc59f6.png,https://cuescore.com/img/flags/png-country-4x2-none/res-640x480/no.png,397.34,397.33,2019-12-09,False,anchored,,5,1,4
1,3543771,Jonas Laskemoen,https://img.cuescore.com/image/8/4/862c792ba8eb7f97e626fbe6cbcc59f6.png,https://cuescore.com/img/flags/png-country-4x2-none/res-640x480/no.png,397.3,397.29,2018-12-17,False,anchored,,5,1,4
1,40875667,Terje Larsen Larsen,https://img.cuescore.com/image/8/4/862c792ba8eb7f97e626fbe6cbcc59f6.png,https://cuescore.com/img/flags/png-country-4x2-none/res-640x480/no.png,397.28,397.28,2024-03-16,False,anchored,,1,0,1
1,1423374,Geir André Nilsen,https://img.cuescore.com/image/a/4/acb00369802aee8a1bf1d0b23f22f112.png?t=1554112361,https://cuescore.com/img/flags/png-country-4x2-none/res-640x480/no.png,397.27,397.27,2021-09-08,False,anchored,61.0,16,5,11
1,2525464,Oc Hansen,https://img.cuescore.com/image/8/4/862c792ba8eb7f97e626fbe6cbcc59f6.png,https://cuescore.com/img/flags/png-country-4x2-none/res-640x480/no.png,397.09,397.09,2018-05-07,False,anchored,,14,5,9
1,5689902,Roger Andresen,https://img.cuescore.com/image/8/4/862c792ba8eb7f97e626fbe6cbcc59f6.png,https://cuescore.com/img/flags/png-country-4x2-none/res-640x480/no.png,397.08,397.15,2026-04-03,False,anchored,3.0,110,42,68
1,6461422,Fredrik,https://img.cuescore.com/image/8/4/862c792ba8eb7f97e626fbe6cbcc59f6.png,https://cuescore.com/img/flags/png-country-4x2-none/res-640x480/no.png,397.04,397.03,2019-09-16,False,anchored,,7,2,5
1,2110679,Eskil Skogen,https://img.cuescore.com/image/8/4/862c792ba8eb7f97e626fbe6cbcc59f6.png,https://cuescore.com/img/flags/png-country-4x2-none/res-640x480/no.png,396.91,396.9,2018-03-05,False,anchored,,8,2,6
1,60020002,Yousef Hjelde Elmofty,https://img.cuescore.com/image/8/4/862c792ba8eb7f97e626fbe6cbcc59f6.png,https://cuescore.com/img/flags/png-country-4x2-none/res-640x480/no.png,396.87,396.16,2025-05-05,False,anchored,175.0,23,11,12
1,2684409,Roland,https://img.cuescore.com/image/8/4/862c792ba8eb7f97e626fbe6cbcc59f6.png,https://cuescore.com/img/flags/png-country-4x2-none/res-640x480/no.png,396.85,396.85,2018-06-16,False,anchored,,5,1,4
1,1043841,Elisabeth Synnøve Roaas,https://img.cuescore.com/image/5/4/5aa6aa48f7d5ffe854d5266ac08db7ef.png,https://cuescore.com/img/flags/png-country-4x2-none/res-640x480/no.png,396.84,396.84,2017-10-09,False,anchored,,27,9,18
1,49839568,Navid Elyasi,https://img.cuescore.com/image/1/4/185f29f75f427c3eeca9c35e1be91c32.png?t=1732056330,https://cuescore.com/img/flags/png-country-4x2-none/res-640x480/no.png,396.77,396.73,2025-02-17,False,anchored,,17,5,12
1,20969761,Ahmed Allawi,https://img.cuescore.com/image/8/4/862c792ba8eb7f97e626fbe6cbcc59f6.png,https://cuescore.com/img/flags/png-country-4x2-none/res-640x480/no.png,396.76,396.76,2024-03-16,False,anchored,,1,0,1
1,2923221,Kristina Westad,https://img.cuescore.com/image/5/4/5aa6aa48f7d5ffe854d5266ac08db7ef.png,https://cuescore.com/img/flags/png-country-4x2-none/res-640x480/no.png,396.65,396.65,2018-08-27,False,anchored,,4,0,4
1,21092905,Adam Tumidajewicz,https://img.cuescore.com/image/b/4/bd7267db3aa78c3d0256b04a72cc4eab.png?t=1673861077,https://cuescore.com/img/flags/png-country-4x2-none/res-640x480/no.png,396.58,396.57,2025-01-13,False,anchored,129.0,7,2,5
1,6909381,Thomas Erdmann,https://img.cuescore.com/image/8/4/862c792ba8eb7f97e626fbe6cbcc59f6.png,https://cuescore.com/img/flags/png-country-4x2-none/res-640x480/no.png,396.53,396.53,2019-11-25,False,anchored,,5,1,4
1,2923222,Ronja Omar,https://img.cuescore.com/image/5/4/5aa6aa48f7d5ffe854d5266ac08db7ef.png,https://cuescore.com/img/flags/png-country-4x2-none/res-640x480/no.png,396.39,396.39,2018-08-27,False,anchored,,4,0,4
1,7401491,Morten Bjellås,https://img.cuescore.com/image/8/4/862c792ba8eb7f97e626fbe6cbcc59f6.png,https://cuescore.com/img/flags/png-country-4x2-none/res-640x480/no.png,396.38,396.4,2021-08-04,False,anchored,45.0,20,7,13
1,7224647,Gustav Lennartsson,https://img.cuescore.com/image/8/4/862c792ba8eb7f97e626fbe6cbcc59f6.png,https://cuescore.com/img/flags/png-country-4x2-none/res-640x480/no.png,396.35,396.35,2020-01-27,False,anchored,,8,2,6
1,18474781,Darijus Seresevskij,https://img.cuescore.com/image/f/4/f28bf5aa13afddda08ad88cf8b56460f.png?t=1673358198,https://cuescore.com/img/flags/png-country-4x2-none/res-640x480/lt.png,396.22,396.29,2025-07-28,False,anchored,425.0,11,3,8
1,7173754,Thomas erdmann,https://img.cuescore.com/image/8/4/862c792ba8eb7f97e626fbe6cbcc59f6.png,https://cuescore.com/img/flags/png-country-4x2-none/res-640x480/no.png,396.18,396.18,2020-03-02,False,anchored,,5,1,4
1,7224649,Kenneth,https://img.cuescore.com/image/8/4/862c792ba8eb7f97e626fbe6cbcc59f6.png,https://cuescore.com/img/flags/png-country-4x2-none/res-640x480/no.png,396.16,396.16,2020-01-27,False,anchored,,8,2,6
1,6475205,Yorkey Ronald,https://img.cuescore.com/image/8/4/862c792ba8eb7f97e626fbe6cbcc59f6.png,https://cuescore.com/img/flags/png-country-4x2-none/res-640x480/ng.png,396.12,396.15,2019-11-18,False,anchored,45.0,34,11,23
1,2620562,Adil,https://img.cuescore.com/image/8/4/862c792ba8eb7f97e626fbe6cbcc59f6.png,https://cuescore.com/img/flags/png-country-4x2-none/res-640x480/no.png,396.09,396.09,2019-01-28,False,anchored,12.0,40,16,24
1,2194859,Eivind Yoo Yong Jae Johansen,https://img.cuescore.com/image/c/4/ce38f18080a2824195c0dda72107626a.png?t=1789163047,https://cuescore.com/img/flags/png-country-4x2-none/res-640x480/kr.png,396.06,397.01,2026-09-23,True,anchored,181.0,1170,433,737
1,2625188,Christian Garmann Schjelderup,https://img.cuescore.com/image/8/4/862c792ba8eb7f97e626fbe6cbcc59f6.png,https://cuescore.com/img/flags/png-country-4x2-none/res-640x480/no.png,395.91,395.88,2018-10-01,False,anchored,28.0,137,61,76
1,1566815,Daniel Rødskog,https://img.cuescore.com/image/6/4/6d047cddcd99fc32a0369b4b314082bc.png?t=1508785789,https://cuescore.com/img/flags/png-country-4x2-none/res-640x480/no.png,395.87,395.86,2017-11-13,False,anchored,,7,1,6
1,5527972,Amir Albania,https://img.cuescore.com/image/4/4/4b4c66cae7fdf4062230c229b4ab54b0.png?t=1560182561,,395.86,395.85,2019-06-10,False,anchored,,4,0,4
1,7906080,Alessandro Luca,https://img.cuescore.com/image/d/4/d10cd1e2e6ca3b495d3832fba211a5d6.png?t=1601821820,https://cuescore.com/img/flags/png-country-4x2-none/res-640x480/it.png,395.77,394.34,2026-03-23,False,anchored,197.0,139,59,80
1,8362036,Anita,https://img.cuescore.com/image/5/4/5aa6aa48f7d5ffe854d5266ac08db7ef.png,https://cuescore.com/img/flags/png-country-4x2-none/res-640x480/no.png,395.75,395.75,2020-10-12,False,anchored,,5,1,4
1,86091817,André Henriksen,https://img.cuescore.com/image/8/4/862c792ba8eb7f97e626fbe6cbcc59f6.png,https://cuescore.com/img/flags/png-country-4x2-none/res-640x480/no.png,395.72,395.73,2026-08-10,False,anchored,167.0,10,2,8
1,24452485,Mahran Alhadad,https://img.cuescore.com/image/8/4/8b1c3a78232e969ba00d99e1522b235c.png?t=1737627850,https://cuescore.com/img/flags/png-country-4x2-none/res-640x480/no.png,395.64,395.54,2025-02-24,False,anchored,216.0,31,9,22
1,6219637,Henning Olsen,https://img.cuescore.com/image/8/4/862c792ba8eb7f97e626fbe6cbcc59f6.png,https://cuescore.com/img/flags/png-country-4x2-none/res-640x480/no.png,395.64,395.64,2019-09-16,False,anchored,,6,1,5
1,19663813,Aneta Bananarama,https://img.cuescore.com/image/5/4/5aa6aa48f7d5ffe854d5266ac08db7ef.png,https://cuescore.com/img/flags/png-country-4x2-none/res-640x480/no.png,395.62,395.61,2022-10-22,False,anchored,,11,4,7
1,83739619,Aalok Jain,https://img.cuescore.com/image/5/4/587347b28f346cf005356cc043616bd5.png?t=1781541231,https://cuescore.com/img/flags/png-country-4x2-none/res-640x480/in.png,395.61,395.73,2026-06-17,False,anchored,776.0,22,6,16
1,6347824,Simen,https://img.cuescore.com/image/8/4/862c792ba8eb7f97e626fbe6cbcc59f6.png,https://cuescore.com/img/flags/png-country-4x2-none/res-640x480/no.png,395.59,395.59,2019-09-09,False,anchored,,4,0,4
1,2267856,Jimmy Andersson,https://img.cuescore.com/image/8/4/862c792ba8eb7f97e626fbe6cbcc59f6.png,https://cuescore.com/img/flags/png-country-4x2-none/res-640x480/se.png,395.46,395.35,2018-03-26,False,anchored,,54,21,33
1,8125349,Simen Haugland,https://img.cuescore.com/image/8/4/862c792ba8eb7f97e626fbe6cbcc59f6.png,https://cuescore.com/img/flags/png-country-4x2-none/res-640x480/no.png,395.46,395.46,2020-08-31,False,anchored,,8,2,6
1,9014911,Erik Forsberg,https://img.cuescore.com/image/8/4/862c792ba8eb7f97e626fbe6cbcc59f6.png,https://cuescore.com/img/flags/png-country-4x2-none/res-640x480/se.png,395.38,395.39,2021-07-12,False,anchored,,22,6,16
1,38467387,Misha Novikov,https://img.cuescore.com/image/5/4/50488de4431981e4fa058240ed778845.png?t=1753913971,https://cuescore.com/img/flags/png-country-4x2-none/res-640x480/ua.png,395.35,395.34,2026-03-21,False,anchored,,2,0,2
1,8362041,Monika,https://img.cuescore.com/image/8/4/862c792ba8eb7f97e626fbe6cbcc59f6.png,https://cuescore.com/img/flags/png-country-4x2-none/res-640x480/no.png,395.32,395.32,2020-10-12,False,anchored,,5,1,4
1,7086107,Ajsa Comor,https://img.cuescore.com/image/5/4/5aa6aa48f7d5ffe854d5266ac08db7ef.png,https://cuescore.com/img/flags/png-country-4x2-none/res-640x480/ba.png,395.21,395.2,2022-12-30,False,anchored,,2,0,2
1,6863665,Vladimir Petsch,https://img.cuescore.com/image/8/4/862c792ba8eb7f97e626fbe6cbcc59f6.png,https://cuescore.com/img/flags/png-country-4x2-none/res-640x480/no.png,395.16,395.15,2019-11-18,False,anchored,,4,0,4
1,1043840,Elisabeth Synnøve Roaas,https://img.cuescore.com/image/5/4/5aa6aa48f7d5ffe854d5266ac08db7ef.png,https://cuescore.com/img/flags/png-country-4x2-none/res-640x480/no.png,395.1,395.09,2017-11-13,False,anchored,,21,7,14
1,1714802,Darius Žilinskas,https://img.cuescore.com/image/d/4/d301f2555271bafaa1afaa7fe61bc921.png?t=1506354709,,395.03,395.02,2018-04-09,False,anchored,,26,10,16
1,7163741,Staffan,https://img.cuescore.com/image/8/4/862c792ba8eb7f97e626fbe6cbcc59f6.png,https://cuescore.com/img/flags/png-country-4x2-none/res-640x480/no.png,394.98,394.97,2020-01-20,False,anchored,,4,0,4
1,77931454,Knut Røte,https://img.cuescore.com/image/8/4/862c792ba8eb7f97e626fbe6cbcc59f6.png,https://cuescore.com/img/flags/png-country-4x2-none/res-640x480/no.png,394.94,394.85,2026-03-06,False,anchored,,13,5,8
1,3428057,Kenneth Eknes,https://img.cuescore.com/image/8/4/862c792ba8eb7f97e626fbe6cbcc59f6.png,https://cuescore.com/img/flags/png-country-4x2-none/res-640x480/no.png,394.91,394.9,2020-02-17,False,anchored,,4,0,4
1,3253188,Tor Einar Johansen,https://img.cuescore.com/image/9/4/921fcc142992a12fdeb37558b8a20add.png?t=1550137651,https://cuescore.com/img/flags/png-country-4x2-none/res-640x480/no.png,394.83,394.85,2022-03-30,False,anchored,38.0,25,9,16
1,6636579,Naser Bajrami,https://img.cuescore.com/image/8/4/862c792ba8eb7f97e626fbe6cbcc59f6.png,https://cuescore.com/img/flags/png-country-4x2-none/res-640x480/no.png,394.79,394.78,2019-10-14,False,anchored,,7,1,6
1,79780879,Kim Alexander Foss,https://img.cuescore.com/image/8/4/862c792ba8eb7f97e626fbe6cbcc59f6.png,https://cuescore.com/img/flags/png-country-4x2-none/res-640x480/no.png,394.58,394.53,2026-04-06,False,anchored,152.0,19,8,11
1,16017055,Gitte Kristiansen,https://img.cuescore.com/image/d/4/d8a0a0044ecf1887a56da738f595e4d8.png?t=1653649590,https://cuescore.com/img/flags/png-country-4x2-none/res-640x480/no.png,394.49,394.49,2022-05-28,False,anchored,,5,1,4
1,18356173,Ulrika Eriksson,https://img.cuescore.com/image/5/4/53f5e1058df95c19de2b9719808da351.png?t=1663787545,https://cuescore.com/img/flags/png-country-4x2-none/res-640x480/se.png,394.46,394.46,2023-01-09,False,anchored,133.0,10,4,6
1,33749638,Noah Justin Pano Gangfløt,https://img.cuescore.com/image/7/4/7244d9d7079ea22950f2c856257d882d.png?t=1717768685,https://cuescore.com/img/flags/png-country-4x2-none/res-640x480/no.png,394.35,394.43,2024-12-28,False,anchored,5.0,8,2,6
1,1435682,Ane Carlsen,https://img.cuescore.com/image/5/4/5aa6aa48f7d5ffe854d5266ac08db7ef.png,https://cuescore.com/img/flags/png-country-4x2-none/res-640x480/no.png,393.83,393.81,2017-09-25,False,anchored,,8,0,8
1,4797934,Thomas Berg,https://img.cuescore.com/image/8/4/862c792ba8eb7f97e626fbe6cbcc59f6.png,https://cuescore.com/img/flags/png-country-4x2-none/res-640x480/no.png,393.77,393.77,2019-02-18,False,anchored,,6,0,6
1,12637336,Alexander Bjørseth,https://img.cuescore.com/image/2/4/2268c5ab63b4cc381c5662332f9faa20.png?t=1787761157,https://cuescore.com/img/flags/png-country-4x2-none/res-640x480/no.png,393.72,393.71,2026-03-21,False,anchored,,2,0,2
1,2525591,Erlend Lid,https://img.cuescore.com/image/8/4/862c792ba8eb7f97e626fbe6cbcc59f6.png,https://cuescore.com/img/flags/png-country-4x2-none/res-640x480/no.png,393.48,393.47,2018-05-07,False,anchored,,11,2,9
1,10440895,Pål Erik Omnes,https://img.cuescore.com/image/f/4/fb6ba13c087d42188d978dd37266c13b.png?t=1771236437,https://cuescore.com/img/flags/png-country-4x2-none/res-640x480/no.png,393.44,393.43,2023-10-15,False,anchored,,2,0,2
1,16854487,Hans Røbergshagen,https://img.cuescore.com/image/3/4/3f783359ff3368726a68e7bcf0c1dd1e.png?t=1662579078,https://cuescore.com/img/flags/png-country-4x2-none/res-640x480/no.png,393.34,393.33,2024-07-08,False,anchored,,7,1,6
1,8217316,Ida Amundsen Holtet,https://img.cuescore.com/image/3/4/3eb9c11140ed451034c9ab35d844aa31.png?t=1768456598,https://cuescore.com/img/flags/png-country-4x2-none/res-640x480/no.png,392.84,392.94,2026-04-01,False,anchored,210.0,483,167,316
1,46509994,Petter Ronglien,https://img.cuescore.com/image/8/4/82bc7b1fc90329e04b7d6ca51ba8c4a2.png?t=1722586486,https://cuescore.com/img/flags/png-country-4x2-none/res-640x480/gi.png,392.79,392.75,2026-05-06,False,anchored,221.0,7,3,4
1,25346131,Daniel Fosnes Hansen,https://img.cuescore.com/image/8/4/862c792ba8eb7f97e626fbe6cbcc59f6.png,https://cuescore.com/img/flags/png-country-4x2-none/res-640x480/no.png,392.77,392.6,2023-03-27,False,anchored,137.0,11,4,7
1,3543769,Besar Kurti,https://img.cuescore.com/image/8/4/862c792ba8eb7f97e626fbe6cbcc59f6.png,https://cuescore.com/img/flags/png-country-4x2-none/res-640x480/no.png,392.59,392.57,2019-03-25,False,anchored,,13,3,10
1,13252696,Brede Arnøy,https://img.cuescore.com/image/6/4/65f05126ac44bec2ce40e66b35172726.png?t=1788877346,https://cuescore.com/img/flags/png-country-4x2-none/res-640x480/no.png,392.47,392.48,2026-06-15,False,anchored,,12,5,7
1,7904326,Silja Vepsä,https://img.cuescore.com/image/3/4/3b72e62ce634ef874d5e8d0ebf736a50.png?t=1726508136,https://cuescore.com/img/flags/png-country-4x2-none/res-640x480/no.png,392.31,392.32,2025-12-27,False,anchored,4.0,20,6,14
1,9981877,kristina Cleaverley,https://img.cuescore.com/image/5/4/5aa6aa48f7d5ffe854d5266ac08db7ef.png,https://cuescore.com/img/flags/png-country-4x2-none/res-640x480/no.png,392.3,392.29,2021-10-11,False,anchored,,7,2,5
1,7131160,leif Nilsen,https://img.cuescore.com/image/8/4/862c792ba8eb7f97e626fbe6cbcc59f6.png,https://cuescore.com/img/flags/png-country-4x2-none/res-640x480/no.png,392.12,392.11,2022-03-21,False,anchored,,10,2,8
1,6863670,Jone Saba,https://img.cuescore.com/image/8/4/862c792ba8eb7f97e626fbe6cbcc59f6.png,https://cuescore.com/img/flags/png-country-4x2-none/res-640x480/no.png,392.1,392.09,2019-12-02,False,anchored,,16,5,11
1,5698300,Don Caram,https://img.cuescore.com/image/8/4/862c792ba8eb7f97e626fbe6cbcc59f6.png,https://cuescore.com/img/flags/png-country-4x2-none/res-640x480/no.png,392.06,392.05,2019-06-27,False,anchored,,13,3,10
1,1423958,Ørjan Saxrud,https://img.cuescore.com/image/2/4/248740f38c57ad4c2c960061b3383b03.png?t=1622729507,https://cuescore.com/img/flags/png-country-4x2-none/res-640x480/no.png,391.93,391.92,2020-10-19,False,anchored,,7,0,7
1,1006218,Emma Therese Gangfløt,https://img.cuescore.com/image/5/4/5aa6aa48f7d5ffe854d5266ac08db7ef.png,https://cuescore.com/img/flags/png-country-4x2-none/res-640x480/no.png,391.32,391.31,2020-09-14,False,anchored,,8,0,8
1,58672273,Santo Angel Maican Lara,https://img.cuescore.com/image/0/4/0fa19026e39c25dedcbccbd170ee2d5d.png?t=1744394979,https://cuescore.com/img/flags/png-country-4x2-none/res-640x480/no.png,391.26,391.23,2025-12-27,False,anchored,4.0,11,2,9
1,1472748,Tommy Martinsen,https://img.cuescore.com/image/8/4/862c792ba8eb7f97e626fbe6cbcc59f6.png,https://cuescore.com/img/flags/png-country-4x2-none/res-640x480/no.png,391.13,391.17,2019-05-27,False,anchored,,116,55,61
1,1566592,Kim Bengtsson,https://img.cuescore.com/image/3/4/3db50292aeb0de732d2f45a054185a92.png?t=1651951301,https://cuescore.com/img/flags/png-country-4x2-none/res-640x480/se.png,391.08,391.08,2025-12-27,False,anchored,2.0,11,4,7
1,16144324,George Malekkides,https://img.cuescore.com/image/8/4/862c792ba8eb7f97e626fbe6cbcc59f6.png,https://cuescore.com/img/flags/png-country-4x2-none/res-640x480/cy.png,390.97,390.96,2026-06-15,False,anchored,,4,1,3
1,61176751,Santina Lafjell Crolla,https://img.cuescore.com/image/5/4/5aa6aa48f7d5ffe854d5266ac08db7ef.png,https://cuescore.com/img/flags/png-country-4x2-none/res-640x480/no.png,390.9,390.84,2025-06-02,False,anchored,175.0,28,13,15
1,36950884,Kristina Mile,https://img.cuescore.com/image/5/4/5aa6aa48f7d5ffe854d5266ac08db7ef.png,https://cuescore.com/img/flags/png-country-4x2-none/res-640x480/no.png,390.6,390.6,2024-03-09,False,anchored,,8,2,6
1,12698008,Mathias Hæreid,https://img.cuescore.com/image/8/4/862c792ba8eb7f97e626fbe6cbcc59f6.png,https://cuescore.com/img/flags/png-country-4x2-none/res-640x480/no.png,390.3,390.27,2022-02-07,False,anchored,,5,0,5
1,8563408,Marcus Bjørseth,https://img.cuescore.com/image/b/4/bac343e038de7269c3c6bf3bc63c23ce.png?t=1732054726,https://cuescore.com/img/flags/png-country-4x2-none/res-640x480/no.png,390.02,390.0,2026-03-21,False,anchored,,2,0,2
1,8227535,Martin Elgsæter,https://img.cuescore.com/image/8/4/862c792ba8eb7f97e626fbe6cbcc59f6.png,https://cuescore.com/img/flags/png-country-4x2-none/res-640x480/no.png,389.64,389.67,2020-10-12,False,anchored,,34,11,23
1,75049945,Ahmed zakaria Hamdoun,https://img.cuescore.com/image/8/4/862c792ba8eb7f97e626fbe6cbcc59f6.png,https://cuescore.com/img/flags/png-country-4x2-none/res-640x480/es.png,389.21,389.19,2026-01-19,False,anchored,180.0,4,1,3
1,1987327,Stian Stian,https://img.cuescore.com/image/d/4/d072f6449452cf7f3dc5b687e2d438d0.png?t=1511801538,,389.15,389.13,2018-02-19,False,anchored,,23,5,18
1,28065760,Line Marie H. Steffensen,https://img.cuescore.com/image/b/4/b47d0c70c86175b119197bc068571532.png?t=1788885756,https://cuescore.com/img/flags/png-country-4x2-none/res-640x480/no.png,388.59,388.57,2025-04-15,False,anchored,125.0,14,5,9
1,58717324,Kjetil Kristensen,https://img.cuescore.com/image/8/4/862c792ba8eb7f97e626fbe6cbcc59f6.png,https://cuescore.com/img/flags/png-country-4x2-none/res-640x480/no.png,388.46,388.18,2025-11-24,False,anchored,187.0,187,67,120
1,2581136,Mona Søvold Sunde,https://img.cuescore.com/image/1/4/117c1e840893a671dc3141ac91a7022c.png?t=1694038789,https://cuescore.com/img/flags/png-country-4x2-none/res-640x480/no.png,388.43,388.49,2026-07-29,False,anchored,9.0,862,300,562
1,1021381,spiller 1,https://img.cuescore.com/image/8/4/862c792ba8eb7f97e626fbe6cbcc59f6.png,,388.37,388.36,2019-10-28,False,anchored,,16,3,13
1,9211722,Thomas Herbert-Andersen,https://img.cuescore.com/image/c/4/cf5adc23d04b492540847c0f19bf92f5.png?t=1636013168,https://cuescore.com/img/flags/png-country-4x2-none/res-640x480/no.png,388.12,388.13,2023-03-04,False,anchored,275.0,9,1,8
1,1714800,Karolis Vo,https://img.cuescore.com/image/f/4/f6ecc418edc6d2df1f464e80fa8b3426.png?t=1506354698,,387.84,387.83,2018-04-09,False,anchored,,26,8,18
1,15113617,Fatlum Krasniqi,https://img.cuescore.com/image/d/4/d6dd8fd25ae2b536d81628ef8b8709e4.png?t=1678573718,https://cuescore.com/img/flags/png-country-4x2-none/res-640x480/al.png,387.74,387.73,2024-02-06,False,anchored,,20,8,12
1,26899522,Brian Stensland,https://img.cuescore.com/image/f/4/f4870eaabd796ee4e5c23d1893c137b9.png?t=1683207856,https://cuescore.com/img/flags/png-country-4x2-none/res-640x480/no.png,387.53,387.64,2026-08-31,False,anchored,275.0,9,3,6
1,5490988,Ole Berg,https://img.cuescore.com/image/8/4/862c792ba8eb7f97e626fbe6cbcc59f6.png,https://cuescore.com/img/flags/png-country-4x2-none/res-640x480/no.png,387.48,387.46,2019-06-10,False,anchored,,18,4,14
1,1006507,Terje Mathisen,https://img.cuescore.com/image/b/4/b06e2451db212e24319e92126f731d25.png?t=1445890238,https://cuescore.com/img/flags/png-country-4x2-none/res-640x480/no.png,387.19,387.18,2024-04-13,False,anchored,,8,2,6
1,7466532,Øyvind Rørslett,https://img.cuescore.com/image/8/4/862c792ba8eb7f97e626fbe6cbcc59f6.png,https://cuescore.com/img/flags/png-country-4x2-none/res-640x480/no.png,387.07,387.05,2020-03-02,False,anchored,,16,4,12
1,1006260,Hans-Gunnar Bernhardsen,https://img.cuescore.com/image/8/4/86f566c626980cb4605e7c87e4a09953.png?t=1766928475,https://cuescore.com/img/flags/png-country-4x2-none/res-640x480/no.png,387.04,387.03,2024-04-13,False,anchored,,7,1,6
1,1006392,Moises Farfan,https://img.cuescore.com/image/c/4/ca56bb26b754e0385ef460e447a7fe57.png?t=1771667845,https://cuescore.com/img/flags/png-country-4x2-none/res-640x480/no.png,386.97,386.98,2024-04-13,False,anchored,,6,0,6
1,52011748,Joakim Aamo,https://img.cuescore.com/image/6/4/64e6a3cc33b01a8f8f4fc7ab98848e0d.png?t=1731668064,https://cuescore.com/img/flags/png-country-4x2-none/res-640x480/no.png,386.82,386.82,2024-11-15,False,anchored,,7,1,6
1,1393613,Vegar Hammer Olsen,https://img.cuescore.com/image/0/4/09b6dffe84e9dc5928b0baa845da3938.png?t=1708343756,https://cuescore.com/img/flags/png-country-4x2-none/res-640x480/no.png,386.29,386.27,2024-04-13,False,anchored,89.0,6,0,6
1,65039485,Nico Gulfan,https://img.cuescore.com/image/8/4/862c792ba8eb7f97e626fbe6cbcc59f6.png,https://cuescore.com/img/flags/png-country-4x2-none/res-640x480/ph.png,385.73,385.7,2025-08-04,False,anchored,175.0,8,1,7
1,17691844,Ketil Blix,https://img.cuescore.com/image/8/4/862c792ba8eb7f97e626fbe6cbcc59f6.png,https://cuescore.com/img/flags/png-country-4x2-none/res-640x480/no.png,385.69,385.67,2025-05-03,False,anchored,107.0,28,12,16
1,1341947,Angelos Kyriakou,https://img.cuescore.com/image/b/4/bb1f0b2651db091c74cb488b7636429d.png?t=1779280379,https://cuescore.com/img/flags/png-country-4x2-none/res-640x480/cy.png,385.45,385.51,2026-06-15,False,anchored,,9,3,6
1,5105730,Kevin,https://img.cuescore.com/image/8/4/862c792ba8eb7f97e626fbe6cbcc59f6.png,https://cuescore.com/img/flags/png-country-4x2-none/res-640x480/no.png,385.03,385.01,2019-03-25,False,anchored,,19,3,16
1,6835940,Christiane .,https://img.cuescore.com/image/8/4/862c792ba8eb7f97e626fbe6cbcc59f6.png,https://cuescore.com/img/flags/png-country-4x2-none/res-640x480/no.png,384.98,384.95,2019-12-02,False,anchored,,13,1,12
1,1156277,Mathias Hæreid,https://img.cuescore.com/image/8/4/862c792ba8eb7f97e626fbe6cbcc59f6.png,https://cuescore.com/img/flags/png-country-4x2-none/res-640x480/no.png,384.79,384.79,2020-08-31,False,anchored,,28,9,19
1,2947260,Jasper Nicolaysen,https://img.cuescore.com/image/3/4/3b1245a108069de94f409a8dedd4d249.png?t=1559602522,,384.78,384.84,2019-11-25,False,anchored,,150,62,88
1,1751232,Øyvind Stenhaug,https://img.cuescore.com/image/2/4/2101e23f9055a7301562f72b0a4b9813.png?t=1507544706,https://cuescore.com/img/flags/png-country-4x2-none/res-640x480/no.png,384.63,384.7,2020-02-24,False,anchored,15.0,1078,425,653
1,42270385,Kamal Jr,https://img.cuescore.com/image/e/4/ecc2f429f928a402d7beb6e9da638978.png?t=1772642194,https://cuescore.com/img/flags/png-country-4x2-none/res-640x480/no.png,384.63,384.41,2026-06-08,False,anchored,209.0,32,10,22
1,1084882,Remi Kwit,https://img.cuescore.com/image/8/4/862c792ba8eb7f97e626fbe6cbcc59f6.png,,384.55,384.53,2020-03-02,False,anchored,,91,39,52
1,8280867,Gunn - Ellen Hansen,https://img.cuescore.com/image/5/4/5aa6aa48f7d5ffe854d5266ac08db7ef.png,https://cuescore.com/img/flags/png-country-4x2-none/res-640x480/no.png,384.05,383.98,2020-11-02,False,anchored,,14,2,12
1,63113578,Håkon Kristiansen,https://img.cuescore.com/image/8/4/862c792ba8eb7f97e626fbe6cbcc59f6.png,https://cuescore.com/img/flags/png-country-4x2-none/res-640x480/no.png,384.0,383.77,2026-09-21,False,anchored,232.0,763,275,488
1,65039377,Eva Marie Sommerfelt jacobsen,https://img.cuescore.com/image/5/4/5aa6aa48f7d5ffe854d5266ac08db7ef.png,https://cuescore.com/img/flags/png-country-4x2-none/res-640x480/no.png,383.68,383.65,2025-08-04,False,anchored,125.0,6,0,6
1,3719239,Odin,https://img.cuescore.com/image/8/4/862c792ba8eb7f97e626fbe6cbcc59f6.png,https://cuescore.com/img/flags/png-country-4x2-none/res-640x480/no.png,383.32,383.31,2019-02-04,False,anchored,,33,10,23
1,2145734,Thong Trong Ho,https://img.cuescore.com/image/8/4/862c792ba8eb7f97e626fbe6cbcc59f6.png,https://cuescore.com/img/flags/png-country-4x2-none/res-640x480/no.png,382.8,382.78,2018-12-03,False,anchored,,27,9,18
1,1736336,Sander Evjen Sanna,https://img.cuescore.com/image/0/4/04e16137a4729a2fdc654066da1d73e1.png?t=1758574245,https://cuescore.com/img/flags/png-country-4x2-none/res-640x480/no.png,382.32,382.27,2025-09-29,False,anchored,225.0,26,11,15
1,34220254,Malin Myra,https://img.cuescore.com/image/e/4/ec3dd97053796683bfeb4d19d478c101.png?t=1711452409,https://cuescore.com/img/flags/png-country-4x2-none/res-640x480/no.png,380.89,380.61,2023-10-23,False,anchored,,13,4,9
1,10625680,Mariann Zalahas,https://img.cuescore.com/image/2/4/2b544acdf693a26010332ae9f4be4933.png?t=1677658936,https://cuescore.com/img/flags/png-country-4x2-none/res-640x480/no.png,380.15,380.11,2024-05-21,False,anchored,,13,3,10
1,77275558,Matilde Bjørnstad,https://img.cuescore.com/image/5/4/5aa6aa48f7d5ffe854d5266ac08db7ef.png,https://cuescore.com/img/flags/png-country-4x2-none/res-640x480/no.png,379.78,379.73,2026-02-23,False,anchored,168.0,5,1,4
1,18904714,Janna Flottorp,https://img.cuescore.com/image/8/4/862c792ba8eb7f97e626fbe6cbcc59f6.png,https://cuescore.com/img/flags/png-country-4x2-none/res-640x480/no.png,379.67,379.65,2024-12-27,False,anchored,4.0,16,5,11
1,12239083,Christoffer karlik,https://img.cuescore.com/image/8/4/862c792ba8eb7f97e626fbe6cbcc59f6.png,https://cuescore.com/img/flags/png-country-4x2-none/res-640x480/no.png,379.54,379.52,2022-01-24,False,anchored,,13,1,12
1,2400654,Lukas Mørk,https://img.cuescore.com/image/8/4/862c792ba8eb7f97e626fbe6cbcc59f6.png,https://cuescore.com/img/flags/png-country-4x2-none/res-640x480/no.png,379.13,379.12,2018-05-14,False,anchored,,26,5,21
1,70455445,Henry Gaudiano,https://img.cuescore.com/image/8/4/862c792ba8eb7f97e626fbe6cbcc59f6.png,https://cuescore.com/img/flags/png-country-4x2-none/res-640x480/ph.png,378.8,378.76,2026-08-03,False,anchored,142.0,16,3,13
1,9221877,Johnny Wu,https://img.cuescore.com/image/8/4/862c792ba8eb7f97e626fbe6cbcc59f6.png,https://cuescore.com/img/flags/png-country-4x2-none/res-640x480/cn.png,378.28,377.79,2026-06-01,False,anchored,211.0,79,31,48
1,1183869,Matias Myhrhaug,https://img.cuescore.com/image/3/4/3ce692a5256888ef15404d8281977a29.png?t=1479744907,https://cuescore.com/img/flags/png-country-4x2-none/res-640x480/no.png,377.98,378.07,2019-04-29,False,anchored,,131,54,77
1,67477954,Jake Cope,https://img.cuescore.com/image/8/4/862c792ba8eb7f97e626fbe6cbcc59f6.png,https://cuescore.com/img/flags/png-country-4x2-none/res-640x480/gb.png,377.98,377.98,2025-09-08,False,anchored,175.0,13,4,9
1,82125409,Ralfs Savielis,https://img.cuescore.com/image/9/4/960e417c3d38c2ed3b745266bf2f51ee.png?t=1789544638,https://cuescore.com/img/flags/png-country-4x2-none/res-640x480/lv.png,377.69,377.78,2026-09-16,False,anchored,222.0,38,15,23
1,36476392,Anniina Kettunen,https://img.cuescore.com/image/7/4/7328add0c82fcc0e4ca7ebec12476fde.png?t=1704309719,https://cuescore.com/img/flags/png-country-4x2-none/res-640x480/fi.png,377.59,377.57,2026-06-15,False,anchored,,7,1,6
1,1466420,Helene Fossum,https://img.cuescore.com/image/8/4/862c792ba8eb7f97e626fbe6cbcc59f6.png,https://cuescore.com/img/flags/png-country-4x2-none/res-640x480/no.png,376.94,376.89,2017-10-30,False,anchored,,30,7,23
1,47936833,Merle Schmitz,https://img.cuescore.com/image/5/4/5aa6aa48f7d5ffe854d5266ac08db7ef.png,https://cuescore.com/img/flags/png-country-4x2-none/res-640x480/de.png,376.3,376.28,2026-06-15,False,anchored,250.0,7,0,7
1,53204752,Julianne Myhren-heyerdahl,https://img.cuescore.com/image/8/4/8d09505fbd225c313f1b43fc41084bc6.png?t=1735477538,https://cuescore.com/img/flags/png-country-4x2-none/res-640x480/no.png,376.2,376.11,2026-09-16,False,anchored,160.0,1115,356,759
1,77558374,Khizar Iqbal,https://img.cuescore.com/image/0/4/026c05e13b3a3888ec75cfc47f101235.png?t=1772304873,https://cuescore.com/img/flags/png-country-4x2-none/res-640x480/no.png,376.12,376.06,2026-08-31,False,anchored,225.0,7,1,6
1,79780918,Viktorija Kraft,https://img.cuescore.com/image/7/4/7047a5152587b7d668dac0a333916361.png?t=1776286052,https://cuescore.com/img/flags/png-country-4x2-none/res-640x480/no.png,375.65,375.58,2026-04-06,False,anchored,145.0,14,5,9
1,1084883,Pål Nilsson,https://img.cuescore.com/image/8/4/862c792ba8eb7f97e626fbe6cbcc59f6.png,,375.32,375.28,2019-02-18,False,anchored,,39,13,26
1,9225027,Wei Liu,https://img.cuescore.com/image/8/4/862c792ba8eb7f97e626fbe6cbcc59f6.png,https://cuescore.com/img/flags/png-country-4x2-none/res-640x480/cn.png,375.19,375.23,2021-09-20,False,anchored,,28,7,21
1,45883531,Nico Garibaldi,https://img.cuescore.com/image/f/4/f9f8ca47dc3aff4776d888f084274408.png?t=1729711081,https://cuescore.com/img/flags/png-country-4x2-none/res-640x480/it.png,374.53,374.55,2024-11-27,False,anchored,182.0,43,11,32
1,75757273,Oliver Milett,https://img.cuescore.com/image/8/4/862c792ba8eb7f97e626fbe6cbcc59f6.png,https://cuescore.com/img/flags/png-country-4x2-none/res-640x480/no.png,374.1,374.07,2026-02-06,False,anchored,175.0,46,14,32
1,21530185,Ayet Rahimi,https://img.cuescore.com/image/8/4/862c792ba8eb7f97e626fbe6cbcc59f6.png,https://cuescore.com/img/flags/png-country-4x2-none/res-640x480/no.png,373.5,373.6,2024-08-12,False,anchored,201.0,53,18,35
1,1016897,Hannes Ragnar Leifsson,https://img.cuescore.com/image/1/4/197b214d267b152616d3a629b349e981.png?t=1477738623,https://cuescore.com/img/flags/png-country-4x2-none/res-640x480/is.png,372.77,372.82,2019-10-21,False,anchored,,44,19,25
1,36291190,Mary Xeline Santoyo,https://img.cuescore.com/image/4/4/4551b11b3b6cc3ea18b76235d83c612f.png?t=1704838399,https://cuescore.com/img/flags/png-country-4x2-none/res-640x480/ph.png,372.71,372.74,2025-12-01,False,anchored,175.0,33,13,20
1,83475292,Trym Lurås,https://img.cuescore.com/image/8/4/862c792ba8eb7f97e626fbe6cbcc59f6.png,https://cuescore.com/img/flags/png-country-4x2-none/res-640x480/no.png,372.68,372.67,2026-06-08,False,anchored,172.0,14,2,12
1,27194773,Torstein Brustugun,https://img.cuescore.com/image/6/4/6acaab3086ea7d73fe4a894d2b44e4cb.png?t=1727369399,https://cuescore.com/img/flags/png-country-4x2-none/res-640x480/no.png,372.21,372.14,2025-12-27,False,anchored,3.0,10,0,10
1,79717822,Julian Gheorghiu-Foss,https://img.cuescore.com/image/0/4/09cecd0f1194e528b893585eb38a5d76.png?t=1775512874,https://cuescore.com/img/flags/png-country-4x2-none/res-640x480/no.png,371.77,371.75,2026-04-08,False,anchored,142.0,24,8,16
1,36997234,Robin Valde,https://img.cuescore.com/image/8/4/862c792ba8eb7f97e626fbe6cbcc59f6.png,https://cuescore.com/img/flags/png-country-4x2-none/res-640x480/no.png,371.66,371.46,2024-01-15,False,anchored,,10,1,9
1,5916966,Per Christian Slåtta,https://img.cuescore.com/image/9/4/94f0961688ab7220c30bdb92a4843aa3.png?t=1562800981,,370.43,370.52,2019-12-02,False,anchored,31.0,80,31,49
1,71407519,Celia Dyremyhr,https://img.cuescore.com/image/5/4/5aa6aa48f7d5ffe854d5266ac08db7ef.png,https://cuescore.com/img/flags/png-country-4x2-none/res-640x480/no.png,370.23,370.19,2025-10-27,False,anchored,175.0,8,1,7
1,67015048,jo-inge holen,https://img.cuescore.com/image/8/4/862c792ba8eb7f97e626fbe6cbcc59f6.png,https://cuescore.com/img/flags/png-country-4x2-none/res-640x480/no.png,369.51,369.45,2025-09-01,False,anchored,175.0,13,3,10
1,7705975,Nikolai kwit,https://img.cuescore.com/image/a/4/a6af6fda30a91d2a3d2b79e484afd294.png?t=1582914765,https://cuescore.com/img/flags/png-country-4x2-none/res-640x480/no.png,369.47,369.54,2025-10-20,False,anchored,125.0,14,3,11
1,25741009,Heidi Tobiassen,https://img.cuescore.com/image/7/4/7b71c8394a20fb6c1c3f0d26e952e359.png?t=1697885475,https://cuescore.com/img/flags/png-country-4x2-none/res-640x480/no.png,367.56,367.24,2025-08-25,False,anchored,156.0,35,14,21
1,83477917,Fabian Andersen,https://img.cuescore.com/image/a/4/ae18da4261f367c8c8f80358dc6fb21d.png?t=1788174358,https://cuescore.com/img/flags/png-country-4x2-none/res-640x480/no.png,366.71,366.46,2026-09-16,False,anchored,166.0,32,9,23
1,59841508,Bjørn Inge Sørensen,https://img.cuescore.com/image/8/4/862c792ba8eb7f97e626fbe6cbcc59f6.png,https://cuescore.com/img/flags/png-country-4x2-none/res-640x480/no.png,364.69,364.6,2025-05-05,False,anchored,150.0,42,17,25
1,36216313,Bjørn-Kowalski Hansen,https://img.cuescore.com/image/1/4/1679f2186b15751344a58039c04ff726.png?t=1717444166,https://cuescore.com/img/flags/png-country-4x2-none/res-640x480/no.png,363.67,363.58,2025-12-27,False,anchored,4.0,62,14,48
1,68817391,Stian Espelid,https://img.cuescore.com/image/8/4/862c792ba8eb7f97e626fbe6cbcc59f6.png,https://cuescore.com/img/flags/png-country-4x2-none/res-640x480/hk.png,362.61,362.51,2025-11-03,False,anchored,215.0,32,10,22
1,2085426,Minh Bui Cong,https://img.cuescore.com/image/8/4/862c792ba8eb7f97e626fbe6cbcc59f6.png,https://cuescore.com/img/flags/png-country-4x2-none/res-640x480/no.png,362.55,362.55,2020-02-03,False,anchored,,68,27,41
1,4849639,Petter Rognlien,https://img.cuescore.com/image/8/4/862c792ba8eb7f97e626fbe6cbcc59f6.png,https://cuescore.com/img/flags/png-country-4x2-none/res-640x480/no.png,361.55,361.49,2026-08-10,False,anchored,209.0,225,70,155
1,80766817,Tobias Bratseth,https://img.cuescore.com/image/7/4/7ea4a90d3c1f0719f8ecbf61304134cc.png?t=1778484724,https://cuescore.com/img/flags/png-country-4x2-none/res-640x480/no.png,354.08,353.42,2026-05-11,False,anchored,144.0,26,7,19
1,54197755,Tom erik Lysenstøen,https://img.cuescore.com/image/4/4/40b64e7913fff82c25db64dca11c5100.png?t=1737635899,https://cuescore.com/img/flags/png-country-4x2-none/res-640x480/no.png,353.73,353.54,2026-09-21,False,anchored,210.0,1424,402,1022
1,71803366,Jakob Corcoran-Øien,https://img.cuescore.com/image/8/4/862c792ba8eb7f97e626fbe6cbcc59f6.png,https://cuescore.com/img/flags/png-country-4x2-none/res-640x480/no.png,353.33,353.23,2026-04-20,False,anchored,151.0,88,37,51
1,88271758,Aleksander Edseth Kristiansen,https://img.cuescore.com/image/8/4/862c792ba8eb7f97e626fbe6cbcc59f6.png,https://cuescore.com/img/flags/png-country-4x2-none/res-640x480/no.png,350.98,369.74,2026-09-23,True,anchored,175.0,19,4,15
1,2576333,Besar Avdi,https://img.cuescore.com/image/8/4/862c792ba8eb7f97e626fbe6cbcc59f6.png,https://cuescore.com/img/flags/png-country-4x2-none/res-640x480/no.png,349.0,348.96,2019-01-28,False,anchored,,46,14,32
1,1944804,Tommy Martinsen,https://img.cuescore.com/image/8/4/862c792ba8eb7f97e626fbe6cbcc59f6.png,https://cuescore.com/img/flags/png-country-4x2-none/res-640x480/no.png,346.39,346.35,2019-06-03,False,anchored,,72,27,45
1,52645105,Tommy Bratseth,https://img.cuescore.com/image/8/4/8d880301fd90eac09d80e3a09080fa14.png?t=1747289659,https://cuescore.com/img/flags/png-country-4x2-none/res-640x480/no.png,345.18,345.19,2026-09-09,False,anchored,263.0,242,70,172
1,24833275,Marte Stulen Aamodt,https://img.cuescore.com/image/9/4/949ff0c82e7a2b280c9b9144ab423fa9.png?t=1677401941,https://cuescore.com/img/flags/png-country-4x2-none/res-640x480/no.png,342.51,342.34,2025-07-02,False,anchored,196.0,119,37,82
1,2576334,Ridvan Avdi,https://img.cuescore.com/image/8/4/862c792ba8eb7f97e626fbe6cbcc59f6.png,https://cuescore.com/img/flags/png-country-4x2-none/res-640x480/no.png,338.88,338.8,2019-01-28,False,anchored,,69,22,47
1,1944631,Lars Haakon Lunde,https://img.cuescore.com/image/8/4/862c792ba8eb7f97e626fbe6cbcc59f6.png,https://cuescore.com/img/flags/png-country-4x2-none/res-640x480/no.png,329.81,329.99,2021-06-28,False,anchored,,53,16,37
1,17419783,Ketil Blix,https://img.cuescore.com/image/4/4/4afafb802c9f4d2ecad04cc1ae0f6f0c.png?t=1696926173,https://cuescore.com/img/flags/png-country-4x2-none/res-640x480/no.png,329.51,325.37,2026-09-23,True,anchored,103.0,593,181,412
1,81177493,Bjørn Wildhagen,https://img.cuescore.com/image/8/4/862c792ba8eb7f97e626fbe6cbcc59f6.png,https://cuescore.com/img/flags/png-country-4x2-none/res-640x480/no.png,327.49,327.16,2026-09-07,False,anchored,168.0,123,32,91
1,11193832,Susann Lamby Solvang,https://img.cuescore.com/image/2/4/213fe4b7fc4da90f37e2907ede08242c.png?t=1647129741,https://cuescore.com/img/flags/png-country-4x2-none/res-640x480/no.png,324.2,324.23,2022-04-04,False,anchored,,66,19,47
1,78855460,Raymund Perez,https://img.cuescore.com/image/8/4/862c792ba8eb7f97e626fbe6cbcc59f6.png,https://cuescore.com/img/flags/png-country-4x2-none/res-640x480/ph.png,323.97,324.52,2026-04-27,False,anchored,169.0,47,11,36
1,63511876,Ingebrigt Magne Dale,https://img.cuescore.com/image/8/4/862c792ba8eb7f97e626fbe6cbcc59f6.png,https://cuescore.com/img/flags/png-country-4x2-none/res-640x480/no.png,321.03,321.03,2026-04-06,False,anchored,159.0,27,3,24
1,2620564,Ridvan,https://img.cuescore.com/image/8/4/862c792ba8eb7f97e626fbe6cbcc59f6.png,https://cuescore.com/img/flags/png-country-4x2-none/res-640x480/no.png,316.95,317.01,2018-10-15,False,anchored,12.0,50,19,31
1,8274311,Jenny Carine Borrmann,https://img.cuescore.com/image/a/4/a37b21112662883c7b786d1046f2e0aa.png?t=1600699448,https://cuescore.com/img/flags/png-country-4x2-none/res-640x480/no.png,312.87,312.85,2022-11-28,False,anchored,125.0,40,7,33
1,28197979,Kalsang Kalsang,https://img.cuescore.com/image/8/4/898112511dfa0280a0dd5592e6dad7ea.png?t=1708242036,https://cuescore.com/img/flags/png-country-4x2-none/res-640x480/no.png,312.84,312.82,2026-04-03,False,anchored,4.0,33,5,28
1,3080986,Qazim Redzepi,https://img.cuescore.com/image/8/4/862c792ba8eb7f97e626fbe6cbcc59f6.png,https://cuescore.com/img/flags/png-country-4x2-none/res-640x480/no.png,309.97,310.01,2019-02-25,False,anchored,,59,19,40
1,1018030,Thomas Bestorp,https://img.cuescore.com/image/8/4/862c792ba8eb7f97e626fbe6cbcc59f6.png,,307.6,307.59,2019-09-23,False,anchored,,100,30,70
1,74738734,Frode Johansen,https://img.cuescore.com/image/d/4/dd7a0826b7ca8ae4c7aa8393ec6196b9.png?t=1768412707,https://cuescore.com/img/flags/png-country-4x2-none/res-640x480/no.png,306.55,306.12,2026-06-01,False,anchored,126.0,187,60,127
1,77274373,Elin Demoniere,https://img.cuescore.com/image/2/4/277e89a18ad63fb7c3bdb2887170b175.png?t=1772469683,https://cuescore.com/img/flags/png-country-4x2-none/res-640x480/no.png,298.61,298.55,2026-09-21,False,anchored,92.0,260,70,190
1,3218903,Amir Bajrami,https://img.cuescore.com/image/8/4/862c792ba8eb7f97e626fbe6cbcc59f6.png,,283.33,283.48,2019-11-25,False,anchored,,53,15,38
1,1968343,Silje Jacobsen,https://img.cuescore.com/image/5/4/5aa6aa48f7d5ffe854d5266ac08db7ef.png,https://cuescore.com/img/flags/png-country-4x2-none/res-640x480/no.png,283.04,283.02,2019-01-28,False,anchored,,82,21,61
1,1091521,Silje Jacobsen,https://img.cuescore.com/image/5/4/5aa6aa48f7d5ffe854d5266ac08db7ef.png,https://cuescore.com/img/flags/png-country-4x2-none/res-640x480/no.png,221.84,221.91,2019-02-11,False,anchored,,61,12,49
2,3405178,Lag 5,https://img.cuescore.com/image/8/4/862c792ba8eb7f97e626fbe6cbcc59f6.png,https://cuescore.com/img/flags/png-country-4x2-none/res-640x480/no.png,,,2019-12-15,False,disconnected,,32,14,18
2,3405185,lag 12,https://img.cuescore.com/image/8/4/862c792ba8eb7f97e626fbe6cbcc59f6.png,https://cuescore.com/img/flags/png-country-4x2-none/res-640x480/no.png,,,2019-12-15,False,disconnected,,28,11,17
2,3405179,Lag 6,https://img.cuescore.com/image/8/4/862c792ba8eb7f97e626fbe6cbcc59f6.png,https://cuescore.com/img/flags/png-country-4x2-none/res-640x480/no.png,,,2019-12-15,False,disconnected,,55,30,25
2,3405183,Lag 10,https://img.cuescore.com/image/8/4/862c792ba8eb7f97e626fbe6cbcc59f6.png,https://cuescore.com/img/flags/png-country-4x2-none/res-640x480/no.png,,,2019-12-15,False,disconnected,,32,17,15
2,3405176,Lag 3,https://img.cuescore.com/image/8/4/862c792ba8eb7f97e626fbe6cbcc59f6.png,https://cuescore.com/img/flags/png-country-4x2-none/res-640x480/no.png,,,2019-12-15,False,disconnected,,30,11,19
2,3405180,Lag 7,https://img.cuescore.com/image/8/4/862c792ba8eb7f97e626fbe6cbcc59f6.png,https://cuescore.com/img/flags/png-country-4x2-none/res-640x480/no.png,,,2019-12-15,False,disconnected,,45,27,18
2,3405184,Lag 11,https://img.cuescore.com/image/8/4/862c792ba8eb7f97e626fbe6cbcc59f6.png,https://cuescore.com/img/flags/png-country-4x2-none/res-640x480/no.png,,,2019-12-15,False,disconnected,,50,33,17
2,3405181,Lag 8,https://img.cuescore.com/image/8/4/862c792ba8eb7f97e626fbe6cbcc59f6.png,https://cuescore.com/img/flags/png-country-4x2-none/res-640x480/no.png,,,2019-12-15,False,disconnected,,19,4,15
2,3405175,Lag 2,https://img.cuescore.com/image/8/4/862c792ba8eb7f97e626fbe6cbcc59f6.png,https://cuescore.com/img/flags/png-country-4x2-none/res-640x480/no.png,,,2019-12-15,False,disconnected,,42,24,18
2,3405177,Lag 4,https://img.cuescore.com/image/8/4/862c792ba8eb7f97e626fbe6cbcc59f6.png,https://cuescore.com/img/flags/png-country-4x2-none/res-640x480/no.png,,,2019-12-15,False,disconnected,,37,19,18
2,3405182,Lag 9,https://img.cuescore.com/image/8/4/862c792ba8eb7f97e626fbe6cbcc59f6.png,https://cuescore.com/img/flags/png-country-4x2-none/res-640x480/no.png,,,2019-12-15,False,disconnected,,33,13,20
2,3405174,Lag 1,https://img.cuescore.com/image/8/4/862c792ba8eb7f97e626fbe6cbcc59f6.png,https://cuescore.com/img/flags/png-country-4x2-none/res-640x480/no.png,,,2019-12-15,False,disconnected,,31,14,17
3,8339160,Anita,https://img.cuescore.com/image/8/4/862c792ba8eb7f97e626fbe6cbcc59f6.png,https://cuescore.com/img/flags/png-country-4x2-none/res-640x480/no.png,,,2020-10-05,False,disconnected,,9,7,2
3,8339346,Gunn Ellen,https://img.cuescore.com/image/5/4/5aa6aa48f7d5ffe854d5266ac08db7ef.png,https://cuescore.com/img/flags/png-country-4x2-none/res-640x480/no.png,,,2020-10-05,False,disconnected,,9,6,3
3,8339161,Silje,https://img.cuescore.com/image/8/4/862c792ba8eb7f97e626fbe6cbcc59f6.png,https://cuescore.com/img/flags/png-country-4x2-none/res-640x480/no.png,,,2020-10-05,False,disconnected,,6,0,6
3,8338866,Frode,https://img.cuescore.com/image/8/4/862c792ba8eb7f97e626fbe6cbcc59f6.png,https://cuescore.com/img/flags/png-country-4x2-none/res-640x480/no.png,,,2020-10-05,False,disconnected,,6,2,4
4,57625429,Yngve Aurum,https://img.cuescore.com/image/8/4/862c792ba8eb7f97e626fbe6cbcc59f6.png,https://cuescore.com/img/flags/png-country-4x2-none/res-640x480/no.png,,,2025-03-19,False,disconnected,,8,7,1
4,57625435,Ståle Aurum,https://img.cuescore.com/image/8/4/862c792ba8eb7f97e626fbe6cbcc59f6.png,https://cuescore.com/img/flags/png-country-4x2-none/res-640x480/no.png,,,2025-03-19,False,disconnected,,9,5,4
4,57625432,Stian Aurum,https://img.cuescore.com/image/8/4/862c792ba8eb7f97e626fbe6cbcc59f6.png,https://cuescore.com/img/flags/png-country-4x2-none/res-640x480/no.png,,,2025-03-19,False,disconnected,,3,1,2
4,57625354,Aanund Aurum,https://img.cuescore.com/image/8/4/862c792ba8eb7f97e626fbe6cbcc59f6.png,https://cuescore.com/img/flags/png-country-4x2-none/res-640x480/no.png,,,2025-03-19,False,disconnected,,2,0,2
4,57625423,Anders Aurum,https://img.cuescore.com/image/8/4/862c792ba8eb7f97e626fbe6cbcc59f6.png,https://cuescore.com/img/flags/png-country-4x2-none/res-640x480/no.png,,,2025-03-19,False,disconnected,,4,2,2
4,57625420,Arve Aurum,https://img.cuescore.com/image/8/4/862c792ba8eb7f97e626fbe6cbcc59f6.png,https://cuescore.com/img/flags/png-country-4x2-none/res-640x480/no.png,,,2025-03-19,False,disconnected,,2,0,2
4,57625438,Espen Aurum,https://img.cuescore.com/image/8/4/862c792ba8eb7f97e626fbe6cbcc59f6.png,https://cuescore.com/img/flags/png-country-4x2-none/res-640x480/no.png,,,2025-03-19,False,disconnected,,4,2,2
4,57625426,Bergen Aurum,https://img.cuescore.com/image/8/4/862c792ba8eb7f97e626fbe6cbcc59f6.png,https://cuescore.com/img/flags/png-country-4x2-none/res-640x480/no.png,,,2025-03-19,False,disconnected,,2,0,2
5,1751816,Georgios Fragkias,https://img.cuescore.com/image/8/4/862c792ba8eb7f97e626fbe6cbcc59f6.png,https://cuescore.com/img/flags/png-country-4x2-none/res-640x480/gr.png,,,2017-10-09,False,disconnected,,4,1,3
5,1751817,Panagiotis Konstantinidis,https://img.cuescore.com/image/8/4/862c792ba8eb7f97e626fbe6cbcc59f6.png,https://cuescore.com/img/flags/png-country-4x2-none/res-640x480/gr.png,,,2017-10-09,False,disconnected,,4,3,1
6,58582747,Kari Mo,https://img.cuescore.com/image/5/4/5aa6aa48f7d5ffe854d5266ac08db7ef.png,https://cuescore.com/img/flags/png-country-4x2-none/res-640x480/no.png,,,2025-04-09,False,disconnected,,6,3,3
6,58582762,Olav Melve,https://img.cuescore.com/image/8/4/862c792ba8eb7f97e626fbe6cbcc59f6.png,https://cuescore.com/img/flags/png-country-4x2-none/res-640x480/no.png,,,2025-04-09,False,disconnected,,8,5,3
6,58582753,Herleik Holtan,https://img.cuescore.com/image/8/4/862c792ba8eb7f97e626fbe6cbcc59f6.png,https://cuescore.com/img/flags/png-country-4x2-none/res-640x480/no.png,,,2025-04-09,False,disconnected,,7,6,1
6,58582768,Maximilian Rimmel,https://img.cuescore.com/image/8/4/862c792ba8eb7f97e626fbe6cbcc59f6.png,https://cuescore.com/img/flags/png-country-4x2-none/res-640x480/no.png,,,2025-04-09,False,disconnected,,7,3,4
6,58582774,Sindri Ingolfsson,https://img.cuescore.com/image/8/4/862c792ba8eb7f97e626fbe6cbcc59f6.png,https://cuescore.com/img/flags/png-country-4x2-none/res-640x480/no.png,,,2025-04-09,False,disconnected,,6,2,4
6,58582759,Sinara Vijayan,https://img.cuescore.com/image/5/4/5aa6aa48f7d5ffe854d5266ac08db7ef.png,https://cuescore.com/img/flags/png-country-4x2-none/res-640x480/no.png,,,2025-04-09,False,disconnected,,4,0,4
7,25651783,Fabian & Ivar,https://img.cuescore.com/image/8/4/862c792ba8eb7f97e626fbe6cbcc59f6.png,https://cuescore.com/img/flags/png-country-4x2-none/res-640x480/no.png,,,2023-03-07,False,disconnected,,3,1,2
7,25651789,Peter & Ronny,https://img.cuescore.com/image/8/4/862c792ba8eb7f97e626fbe6cbcc59f6.png,https://cuescore.com/img/flags/png-country-4x2-none/res-640x480/no.png,,,2023-03-07,False,disconnected,,7,5,2
7,25651198,Cecilie & Dagfinn,https://img.cuescore.com/image/8/4/862c792ba8eb7f97e626fbe6cbcc59f6.png,https://cuescore.com/img/flags/png-country-4x2-none/res-640x480/no.png,,,2023-03-07,False,disconnected,,3,1,2
7,25651231,Christian Andre & Daniel,https://img.cuescore.com/image/8/4/862c792ba8eb7f97e626fbe6cbcc59f6.png,https://cuescore.com/img/flags/png-country-4x2-none/res-640x480/no.png,,,2023-03-07,False,disconnected,,6,4,2
7,25651222,Kenneth & Tore,https://img.cuescore.com/image/8/4/862c792ba8eb7f97e626fbe6cbcc59f6.png,https://cuescore.com/img/flags/png-country-4x2-none/res-640x480/no.png,,,2023-03-07,False,disconnected,,5,3,2
7,25651163,Martine & Merhawi,https://img.cuescore.com/image/8/4/862c792ba8eb7f97e626fbe6cbcc59f6.png,https://cuescore.com/img/flags/png-country-4x2-none/res-640x480/no.png,,,2023-03-07,False,disconnected,,2,0,2
7,25651813,Hans Otto & Per Åge & Espen,https://img.cuescore.com/image/8/4/862c792ba8eb7f97e626fbe6cbcc59f6.png,https://cuescore.com/img/flags/png-country-4x2-none/res-640x480/no.png,,,2023-03-07,False,disconnected,,4,2,2
7,25651180,Mathias & Vincent,https://img.cuescore.com/image/8/4/862c792ba8eb7f97e626fbe6cbcc59f6.png,https://cuescore.com/img/flags/png-country-4x2-none/res-640x480/no.png,,,2023-03-07,False,disconnected,,2,0,2
7,25651801,Tomas & Geir,https://img.cuescore.com/image/8/4/862c792ba8eb7f97e626fbe6cbcc59f6.png,https://cuescore.com/img/flags/png-country-4x2-none/res-640x480/no.png,,,2023-03-07,False,disconnected,,4,2,2
8,8096866,Marius,https://img.cuescore.com/image/8/4/862c792ba8eb7f97e626fbe6cbcc59f6.png,https://cuescore.com/img/flags/png-country-4x2-none/res-640x480/no.png,,,2020-08-22,False,disconnected,,6,3,3
8,8096870,Seb,https://img.cuescore.com/image/8/4/862c792ba8eb7f97e626fbe6cbcc59f6.png,https://cuescore.com/img/flags/png-country-4x2-none/res-640x480/no.png,,,2020-08-22,False,disconnected,,3,1,2
8,8096868,Alex Holm,https://img.cuescore.com/image/8/4/862c792ba8eb7f97e626fbe6cbcc59f6.png,https://cuescore.com/img/flags/png-country-4x2-none/res-640x480/no.png,,,2020-08-22,False,disconnected,,3,1,2
8,8096876,Miika,https://img.cuescore.com/image/8/4/862c792ba8eb7f97e626fbe6cbcc59f6.png,https://cuescore.com/img/flags/png-country-4x2-none/res-640x480/no.png,,,2020-08-22,False,disconnected,,11,7,4
8,8096869,Daniel,https://img.cuescore.com/image/8/4/862c792ba8eb7f97e626fbe6cbcc59f6.png,https://cuescore.com/img/flags/png-country-4x2-none/res-640x480/no.png,,,2020-08-22,False,disconnected,,8,5,3
8,8096875,Siri,https://img.cuescore.com/image/5/4/5aa6aa48f7d5ffe854d5266ac08db7ef.png,https://cuescore.com/img/flags/png-country-4x2-none/res-640x480/no.png,,,2020-08-22,False,disconnected,,5,3,2
8,8096810,Joachim,https://img.cuescore.com/image/8/4/862c792ba8eb7f97e626fbe6cbcc59f6.png,https://cuescore.com/img/flags/png-country-4x2-none/res-640x480/no.png,,,2020-08-22,False,disconnected,,5,2,3
8,8096872,Bjørn,https://img.cuescore.com/image/8/4/862c792ba8eb7f97e626fbe6cbcc59f6.png,https://cuescore.com/img/flags/png-country-4x2-none/res-640x480/no.png,,,2020-08-22,False,disconnected,,9,8,1
8,8096879,Jokke,https://img.cuescore.com/image/8/4/862c792ba8eb7f97e626fbe6cbcc59f6.png,https://cuescore.com/img/flags/png-country-4x2-none/res-640x480/no.png,,,2020-08-22,False,disconnected,,2,0,2
8,8096867,josias,https://img.cuescore.com/image/8/4/862c792ba8eb7f97e626fbe6cbcc59f6.png,https://cuescore.com/img/flags/png-country-4x2-none/res-640x480/no.png,,,2020-08-22,False,disconnected,,2,0,2
8,8096874,Evy,https://img.cuescore.com/image/5/4/5aa6aa48f7d5ffe854d5266ac08db7ef.png,https://cuescore.com/img/flags/png-country-4x2-none/res-640x480/no.png,,,2020-08-22,False,disconnected,,2,0,2
8,8096871,Tina,https://img.cuescore.com/image/5/4/5aa6aa48f7d5ffe854d5266ac08db7ef.png,https://cuescore.com/img/flags/png-country-4x2-none/res-640x480/no.png,,,2020-08-22,False,disconnected,,2,0,2
8,8096873,Heidi,https://img.cuescore.com/image/5/4/5aa6aa48f7d5ffe854d5266ac08db7ef.png,https://cuescore.com/img/flags/png-country-4x2-none/res-640x480/no.png,,,2020-08-22,False,disconnected,,2,0,2
9,7704519,Ester Mathilde Sve,https://img.cuescore.com/image/8/4/862c792ba8eb7f97e626fbe6cbcc59f6.png,https://cuescore.com/img/flags/png-country-4x2-none/res-640x480/no.png,,,2020-02-28,False,disconnected,,3,1,2
9,7704545,Stian Svea,https://img.cuescore.com/image/8/4/862c792ba8eb7f97e626fbe6cbcc59f6.png,https://cuescore.com/img/flags/png-country-4x2-none/res-640x480/no.png,,,2020-02-28,False,disconnected,,6,3,3
9,7704525,Andre Svea,https://img.cuescore.com/image/8/4/862c792ba8eb7f97e626fbe6cbcc59f6.png,https://cuescore.com/img/flags/png-country-4x2-none/res-640x480/no.png,,,2020-02-28,False,disconnected,,3,1,2
9,7704528,Jostein Svea,https://img.cuescore.com/image/8/4/862c792ba8eb7f97e626fbe6cbcc59f6.png,https://cuescore.com/img/flags/png-country-4x2-none/res-640x480/no.png,,,2020-02-28,False,disconnected,,6,3,3
9,7704523,Anne Sofie svea,https://img.cuescore.com/image/8/4/862c792ba8eb7f97e626fbe6cbcc59f6.png,https://cuescore.com/img/flags/png-country-4x2-none/res-640x480/no.png,,,2020-02-28,False,disconnected,,3,1,2
9,7704526,Sindre Svea,https://img.cuescore.com/image/8/4/862c792ba8eb7f97e626fbe6cbcc59f6.png,https://cuescore.com/img/flags/png-country-4x2-none/res-640x480/no.png,,,2020-02-28,False,disconnected,,10,7,3
9,7704520,Christine Svea,https://img.cuescore.com/image/8/4/862c792ba8eb7f97e626fbe6cbcc59f6.png,https://cuescore.com/img/flags/png-country-4x2-none/res-640x480/no.png,,,2020-02-28,False,disconnected,,7,4,3
9,7704529,Magnus Svea,https://img.cuescore.com/image/8/4/862c792ba8eb7f97e626fbe6cbcc59f6.png,https://cuescore.com/img/flags/png-country-4x2-none/res-640x480/no.png,,,2020-02-28,False,disconnected,,11,8,3
9,7704530,Chip Svea,https://img.cuescore.com/image/8/4/862c792ba8eb7f97e626fbe6cbcc59f6.png,https://cuescore.com/img/flags/png-country-4x2-none/res-640x480/no.png,,,2020-02-28,False,disconnected,,7,5,2
9,7704532,Aurora Svea,https://img.cuescore.com/image/8/4/862c792ba8eb7f97e626fbe6cbcc59f6.png,https://cuescore.com/img/flags/png-country-4x2-none/res-640x480/no.png,,,2020-02-28,False,disconnected,,2,0,2
9,7704516,Mathiesen thoresen Svea,https://img.cuescore.com/image/5/4/5aa6aa48f7d5ffe854d5266ac08db7ef.png,https://cuescore.com/img/flags/png-country-4x2-none/res-640x480/no.png,,,2020-02-28,False,disconnected,,2,0,2
9,7704524,Victor Svea,https://img.cuescore.com/image/8/4/862c792ba8eb7f97e626fbe6cbcc59f6.png,https://cuescore.com/img/flags/png-country-4x2-none/res-640x480/no.png,,,2020-02-28,False,disconnected,,2,0,2
9,7704536,Aisha Svea,https://img.cuescore.com/image/8/4/862c792ba8eb7f97e626fbe6cbcc59f6.png,https://cuescore.com/img/flags/png-country-4x2-none/res-640x480/no.png,,,2020-02-28,False,disconnected,,2,0,2
9,7704542,Martin Svea,https://img.cuescore.com/image/8/4/862c792ba8eb7f97e626fbe6cbcc59f6.png,https://cuescore.com/img/flags/png-country-4x2-none/res-640x480/no.png,,,2020-02-28,False,disconnected,,2,0,2
10,58625332,Vegard Kristian,https://img.cuescore.com/image/8/4/862c792ba8eb7f97e626fbe6cbcc59f6.png,https://cuescore.com/img/flags/png-country-4x2-none/res-640x480/no.png,,,2025-04-10,False,disconnected,,3,2,1
10,58625335,Silje Ylva,https://img.cuescore.com/image/8/4/862c792ba8eb7f97e626fbe6cbcc59f6.png,https://cuescore.com/img/flags/png-country-4x2-none/res-640x480/no.png,,,2025-04-10,False,disconnected,,5,3,2
10,58625338,Simon Ida,https://img.cuescore.com/image/8/4/862c792ba8eb7f97e626fbe6cbcc59f6.png,https://cuescore.com/img/flags/png-country-4x2-none/res-640x480/no.png,,,2025-04-10,False,disconnected,,4,2,2
10,58625356,Simen Fredrik,https://img.cuescore.com/image/8/4/862c792ba8eb7f97e626fbe6cbcc59f6.png,https://cuescore.com/img/flags/png-country-4x2-none/res-640x480/no.png,,,2025-04-10,False,disconnected,,3,1,2
10,58625257,Josef Karl,https://img.cuescore.com/image/8/4/862c792ba8eb7f97e626fbe6cbcc59f6.png,https://cuescore.com/img/flags/png-country-4x2-none/res-640x480/no.png,,,2025-04-10,False,disconnected,,2,0,2
10,58625341,Andreas Sondre,https://img.cuescore.com/image/8/4/862c792ba8eb7f97e626fbe6cbcc59f6.png,https://cuescore.com/img/flags/png-country-4x2-none/res-640x480/no.png,,,2025-04-10,False,disconnected,,4,4,0
10,58625347,Michelle Thea,https://img.cuescore.com/image/8/4/862c792ba8eb7f97e626fbe6cbcc59f6.png,https://cuescore.com/img/flags/png-country-4x2-none/res-640x480/no.png,,,2025-04-10,False,disconnected,,2,0,2
10,58625374,Andreas pia Aleks,https://img.cuescore.com/image/8/4/862c792ba8eb7f97e626fbe6cbcc59f6.png,https://cuescore.com/img/flags/png-country-4x2-none/res-640x480/no.png,,,2025-04-10,False,disconnected,,3,1,2
11,14668741,Alan Tomczak,https://img.cuescore.com/image/8/4/862c792ba8eb7f97e626fbe6cbcc59f6.png,https://cuescore.com/img/flags/png-country-4x2-none/res-640x480/no.png,,,2022-03-24,False,disconnected,,5,3,2
11,14668945,Ove Graneng,https://img.cuescore.com/image/8/4/862c792ba8eb7f97e626fbe6cbcc59f6.png,https://cuescore.com/img/flags/png-country-4x2-none/res-640x480/no.png,,,2022-03-24,False,disconnected,,3,3,0
11,14668681,Gry Winther,https://img.cuescore.com/image/5/4/5aa6aa48f7d5ffe854d5266ac08db7ef.png,https://cuescore.com/img/flags/png-country-4x2-none/res-640x480/no.png,,,2022-03-24,False,disconnected,,2,0,2
11,14668708,Tommy Larsen,https://img.cuescore.com/image/8/4/862c792ba8eb7f97e626fbe6cbcc59f6.png,https://cuescore.com/img/flags/png-country-4x2-none/res-640x480/no.png,,,2022-03-24,False,disconnected,,6,4,2
11,14668696,Damian Buchla,https://img.cuescore.com/image/8/4/862c792ba8eb7f97e626fbe6cbcc59f6.png,https://cuescore.com/img/flags/png-country-4x2-none/res-640x480/no.png,,,2022-03-24,False,disconnected,,2,0,2
11,14668783,Niklas Olausson,https://img.cuescore.com/image/8/4/862c792ba8eb7f97e626fbe6cbcc59f6.png,https://cuescore.com/img/flags/png-country-4x2-none/res-640x480/no.png,,,2022-03-24,False,disconnected,,4,2,2
11,14668687,Petter Brenne,https://img.cuescore.com/image/8/4/862c792ba8eb7f97e626fbe6cbcc59f6.png,https://cuescore.com/img/flags/png-country-4x2-none/res-640x480/no.png,,,2022-03-24,False,disconnected,,4,2,2
11,14668744,Josef Mahnin,https://img.cuescore.com/image/8/4/862c792ba8eb7f97e626fbe6cbcc59f6.png,https://cuescore.com/img/flags/png-country-4x2-none/res-640x480/no.png,,,2022-03-24,False,disconnected,,2,0,2
11,14668786,Christoffer Edvardsen,https://img.cuescore.com/image/8/4/862c792ba8eb7f97e626fbe6cbcc59f6.png,https://cuescore.com/img/flags/png-country-4x2-none/res-640x480/no.png,,,2022-03-24,False,disconnected,,3,1,2
11,14668684,Frank Taug,https://img.cuescore.com/image/8/4/862c792ba8eb7f97e626fbe6cbcc59f6.png,https://cuescore.com/img/flags/png-country-4x2-none/res-640x480/no.png,,,2022-03-24,False,disconnected,,5,3,2
11,14668753,Arnor Vegardsson,https://img.cuescore.com/image/8/4/862c792ba8eb7f97e626fbe6cbcc59f6.png,https://cuescore.com/img/flags/png-country-4x2-none/res-640x480/no.png,,,2022-03-24,False,disconnected,,2,0,2
11,14668933,Andreas Ulseth,https://img.cuescore.com/image/8/4/862c792ba8eb7f97e626fbe6cbcc59f6.png,https://cuescore.com/img/flags/png-country-4x2-none/res-640x480/no.png,,,2022-03-24,False,disconnected,,3,1,2
11,14668723,Fredrik Ruud,https://img.cuescore.com/image/8/4/862c792ba8eb7f97e626fbe6cbcc59f6.png,https://cuescore.com/img/flags/png-country-4x2-none/res-640x480/no.png,,,2022-03-24,False,disconnected,,3,3,0
12,9081066,Martin,https://img.cuescore.com/image/8/4/862c792ba8eb7f97e626fbe6cbcc59f6.png,https://cuescore.com/img/flags/png-country-4x2-none/res-640x480/no.png,,,2021-08-07,False,disconnected,,2,1,1
12,9081070,Jardar,https://img.cuescore.com/image/8/4/862c792ba8eb7f97e626fbe6cbcc59f6.png,https://cuescore.com/img/flags/png-country-4x2-none/res-640x480/no.png,,,2021-08-07,False,disconnected,,1,0,1
12,9081069,Lodve,https://img.cuescore.com/image/8/4/862c792ba8eb7f97e626fbe6cbcc59f6.png,https://cuescore.com/img/flags/png-country-4x2-none/res-640x480/no.png,,,2021-08-07,False,disconnected,,3,3,0
12,9081071,Njaal,https://img.cuescore.com/image/8/4/862c792ba8eb7f97e626fbe6cbcc59f6.png,https://cuescore.com/img/flags/png-country-4x2-none/res-640x480/no.png,,,2021-08-07,False,disconnected,,1,0,1
12,9081073,Geir Einar,https://img.cuescore.com/image/8/4/862c792ba8eb7f97e626fbe6cbcc59f6.png,https://cuescore.com/img/flags/png-country-4x2-none/res-640x480/no.png,,,2021-08-07,False,disconnected,,2,1,1
12,9081065,Sturla,https://img.cuescore.com/image/8/4/862c792ba8eb7f97e626fbe6cbcc59f6.png,https://cuescore.com/img/flags/png-country-4x2-none/res-640x480/no.png,,,2021-08-07,False,disconnected,,2,1,1
12,9081072,Kristian,https://img.cuescore.com/image/8/4/862c792ba8eb7f97e626fbe6cbcc59f6.png,https://cuescore.com/img/flags/png-country-4x2-none/res-640x480/no.png,,,2021-08-07,False,disconnected,,1,0,1
12,9081067,Kris,https://img.cuescore.com/image/8/4/862c792ba8eb7f97e626fbe6cbcc59f6.png,https://cuescore.com/img/flags/png-country-4x2-none/res-640x480/no.png,,,2021-08-07,False,disconnected,,1,0,1
12,9081068,Ole,https://img.cuescore.com/image/8/4/862c792ba8eb7f97e626fbe6cbcc59f6.png,https://cuescore.com/img/flags/png-country-4x2-none/res-640x480/no.png,,,2021-08-07,False,disconnected,,3,2,1
13,6672223,Veronica,https://img.cuescore.com/image/5/4/5aa6aa48f7d5ffe854d5266ac08db7ef.png,https://cuescore.com/img/flags/png-country-4x2-none/res-640x480/no.png,,,2019-10-19,False,disconnected,,2,1,1
13,6672291,Carina,https://img.cuescore.com/image/8/4/862c792ba8eb7f97e626fbe6cbcc59f6.png,https://cuescore.com/img/flags/png-country-4x2-none/res-640x480/no.png,,,2019-10-19,False,disconnected,,1,0,1
13,6672292,Charlotte,https://img.cuescore.com/image/5/4/5aa6aa48f7d5ffe854d5266ac08db7ef.png,https://cuescore.com/img/flags/png-country-4x2-none/res-640x480/no.png,,,2019-10-19,False,disconnected,,1,0,1
13,6672304,Iselin,https://img.cuescore.com/image/5/4/5aa6aa48f7d5ffe854d5266ac08db7ef.png,https://cuescore.com/img/flags/png-country-4x2-none/res-640x480/no.png,,,2019-10-19,False,disconnected,,2,1,1
13,6672221,Erlend,https://img.cuescore.com/image/8/4/862c792ba8eb7f97e626fbe6cbcc59f6.png,https://cuescore.com/img/flags/png-country-4x2-none/res-640x480/no.png,,,2019-10-19,False,disconnected,,4,3,1
13,6672225,Jens,https://img.cuescore.com/image/8/4/862c792ba8eb7f97e626fbe6cbcc59f6.png,https://cuescore.com/img/flags/png-country-4x2-none/res-640x480/no.png,,,2019-10-19,False,disconnected,,1,0,1
13,6672297,Eivind,https://img.cuescore.com/image/8/4/862c792ba8eb7f97e626fbe6cbcc59f6.png,https://cuescore.com/img/flags/png-country-4x2-none/res-640x480/no.png,,,2019-10-19,False,disconnected,,1,0,1
13,6672300,Rubicca,https://img.cuescore.com/image/5/4/5aa6aa48f7d5ffe854d5266ac08db7ef.png,https://cuescore.com/img/flags/png-country-4x2-none/res-640x480/no.png,,,2019-10-19,False,disconnected,,2,1,1
13,6672226,Valton,https://img.cuescore.com/image/8/4/862c792ba8eb7f97e626fbe6cbcc59f6.png,https://cuescore.com/img/flags/png-country-4x2-none/res-640x480/no.png,,,2019-10-19,False,disconnected,,4,3,1
13,6672290,Marte,https://img.cuescore.com/image/5/4/5aa6aa48f7d5ffe854d5266ac08db7ef.png,https://cuescore.com/img/flags/png-country-4x2-none/res-640x480/no.png,,,2019-10-19,False,disconnected,,1,0,1
13,6672293,Tim,https://img.cuescore.com/image/8/4/862c792ba8eb7f97e626fbe6cbcc59f6.png,https://cuescore.com/img/flags/png-country-4x2-none/res-640x480/no.png,,,2019-10-19,False,disconnected,,4,4,0
13,6672289,Ane,https://img.cuescore.com/image/5/4/5aa6aa48f7d5ffe854d5266ac08db7ef.png,https://cuescore.com/img/flags/png-country-4x2-none/res-640x480/no.png,,,2019-10-19,False,disconnected,,1,0,1
13,6672296,Ove,https://img.cuescore.com/image/8/4/862c792ba8eb7f97e626fbe6cbcc59f6.png,https://cuescore.com/img/flags/png-country-4x2-none/res-640x480/no.png,,,2019-10-19,False,disconnected,,2,1,1
13,6672295,Sondre,https://img.cuescore.com/image/8/4/862c792ba8eb7f97e626fbe6cbcc59f6.png,https://cuescore.com/img/flags/png-country-4x2-none/res-640x480/no.png,,,2019-10-19,False,disconnected,,2,1,1
13,6672298,Håkon,https://img.cuescore.com/image/8/4/862c792ba8eb7f97e626fbe6cbcc59f6.png,https://cuescore.com/img/flags/png-country-4x2-none/res-640x480/no.png,,,2019-10-19,False,disconnected,,1,0,1
13,6672301,Petter Olsen,https://img.cuescore.com/image/8/4/862c792ba8eb7f97e626fbe6cbcc59f6.png,https://cuescore.com/img/flags/png-country-4x2-none/res-640x480/no.png,,,2019-10-19,False,disconnected,,4,3,1
13,6672294,Christoffer,https://img.cuescore.com/image/8/4/862c792ba8eb7f97e626fbe6cbcc59f6.png,https://cuescore.com/img/flags/png-country-4x2-none/res-640x480/no.png,,,2019-10-19,False,disconnected,,2,1,1
13,6672299,Neda,https://img.cuescore.com/image/5/4/5aa6aa48f7d5ffe854d5266ac08db7ef.png,https://cuescore.com/img/flags/png-country-4x2-none/res-640x480/no.png,,,2019-10-19,False,disconnected,,1,0,1
13,6672222,Rune,https://img.cuescore.com/image/8/4/862c792ba8eb7f97e626fbe6cbcc59f6.png,https://cuescore.com/img/flags/png-country-4x2-none/res-640x480/no.png,,,2019-10-19,False,disconnected,,2,1,1
13,6672302,Jannicke,https://img.cuescore.com/image/5/4/5aa6aa48f7d5ffe854d5266ac08db7ef.png,https://cuescore.com/img/flags/png-country-4x2-none/res-640x480/no.png,,,2019-10-19,False,disconnected,,1,0,1
13,2243719,Camilla Kroan,https://img.cuescore.com/image/5/4/5aa6aa48f7d5ffe854d5266ac08db7ef.png,https://cuescore.com/img/flags/png-country-4x2-none/res-640x480/no.png,,,2019-10-19,False,disconnected,,1,0,1
