tournament_id,name,url,starttime
89905801,Oslo BK Klubbturnering Høstserie 6 2026,https://cuescore.com/tournament/Oslo+BK+Klubbturnering+H%C3%B8stserie+6+2026/89905801,2026-09-23T16:00:00Z
88917997,OSLO BK CD-LIGA 6 HØST 2026,https://cuescore.com/tournament/OSLO+BK+CD-LIGA+6+H%C3%98ST+2026/88917997,2026-09-21T16:00:00Z
88916302,OSLO BK B-LIGA 6 HØST 2026,https://cuescore.com/tournament/OSLO+BK+B-LIGA+6+H%C3%98ST+2026/88916302,2026-09-21T16:00:00Z
88468552,OSLO BK KLUBBTURNERING HØSTSERIE 5 2026,https://cuescore.com/tournament/OSLO+BK+KLUBBTURNERING+H%C3%98STSERIE+5+2026/88468552,2026-09-16T16:00:00Z
88891051,Oslo BK B-LIGA 5 HØST 2026,https://cuescore.com/tournament/Oslo+BK+B-LIGA+5+H%C3%98ST+2026/88891051,2026-09-14T16:00:00Z
88891195,Oslo BK CD-LIGA 5 HØST 2026,https://cuescore.com/tournament/Oslo+BK+CD-LIGA+5+H%C3%98ST+2026/88891195,2026-09-14T16:00:00Z
87717052,Oslo BK KLUBBTURNERING HØSTSERIE 4 2026,https://cuescore.com/tournament/Oslo+BK+KLUBBTURNERING+H%C3%98STSERIE+4+2026/87717052,2026-09-09T16:00:00Z
88868773,Test cara,https://cuescore.com/tournament/Test+cara/88868773,2026-09-09T16:00:00Z
88868212,Test varom,https://cuescore.com/tournament/Test+varom/88868212,2026-09-09T16:00:00Z
87717049,Oslo BK CD-Liga 4 høst 2026,https://cuescore.com/tournament/Oslo+BK+CD-Liga+4+h%C3%B8st+2026/87717049,2026-09-07T16:00:00Z
87717046,Oslo BK B-liga 4 2026,https://cuescore.com/tournament/Oslo+BK+B-liga+4+2026/87717046,2026-09-07T16:00:00Z
86425378,Oslo BK KLUBBTURNERING HØSTSERIE 3 2026,https://cuescore.com/tournament/Oslo+BK+KLUBBTURNERING+H%C3%98STSERIE+3+2026/86425378,2026-09-02T16:00:00Z
86423428,Oslo BK B-LIGA 3 HØST 2026,https://cuescore.com/tournament/Oslo+BK+B-LIGA+3+H%C3%98ST+2026/86423428,2026-08-31T16:00:00Z
86423461,Oslo BK CD-LIGA 3 HØST 2026,https://cuescore.com/tournament/Oslo+BK+CD-LIGA+3+H%C3%98ST+2026/86423461,2026-08-31T16:00:00Z
86421538,💥UTSATT PGA STRØMSTANS! Oslo BK Klubbturnering Høstserie 2 2026,https://cuescore.com/tournament/%F0%9F%92%A5UTSATT+PGA+STR%C3%98MSTANS%21+Oslo+BK+Klubbturnering+H%C3%B8stserie+2+2026/86421538,2026-08-26T16:00:00Z
86419045,Oslo BK B-LIGA 2 HØST 2026,https://cuescore.com/tournament/Oslo+BK+B-LIGA+2+H%C3%98ST+2026/86419045,2026-08-24T16:00:00Z
86421148,Oslo BK CD-LIGA 2 HØST 2026,https://cuescore.com/tournament/Oslo+BK+CD-LIGA+2+H%C3%98ST+2026/86421148,2026-08-24T16:00:00Z
86380657,Oslo BK Klubbturnering Høstserie 1 2026,https://cuescore.com/tournament/Oslo+BK+Klubbturnering+H%C3%B8stserie+1+2026/86380657,2026-08-19T16:00:00Z
86204356,Oslo BK CD-LIGA  1 HØST 2026,https://cuescore.com/tournament/Oslo+BK+CD-LIGA++1+H%C3%98ST+2026/86204356,2026-08-17T16:00:00Z
86204209,OSLO BK B-LIGA 1 Høst 2026,https://cuescore.com/tournament/OSLO+BK+B-LIGA+1+H%C3%B8st+2026/86204209,2026-08-17T16:00:00Z
86204368,Oslo BK SOMMERKLUBBTURNERING,https://cuescore.com/tournament/Oslo+BK+SOMMERKLUBBTURNERING/86204368,2026-08-12T15:45:00Z
86164780,Oslo BK Mandagsturnering for Alle,https://cuescore.com/tournament/Oslo+BK+Mandagsturnering+for+Alle/86164780,2026-08-10T16:00:00Z
85946203,Oslo BK Sommerklubbturnering,https://cuescore.com/tournament/Oslo+BK+Sommerklubbturnering/85946203,2026-08-05T15:50:00Z
85939042,Mandagsturnering for ALLE,https://cuescore.com/tournament/Mandagsturnering+for+ALLE/85939042,2026-08-03T16:00:00Z
85448731,Oslo BK Sommerklubbturnering 5/9,https://cuescore.com/tournament/Oslo+BK+Sommerklubbturnering+5%252F9/85448731,2026-07-29T15:45:00Z
85373497,OSLO BK MANDAGSTURNERING FOR ALLE,https://cuescore.com/tournament/OSLO+BK+MANDAGSTURNERING+FOR+ALLE/85373497,2026-07-27T15:45:00Z
85174897,Oslo BK Sommerklubbturnering,https://cuescore.com/tournament/Oslo+BK+Sommerklubbturnering/85174897,2026-07-22T15:45:00Z
85126495,Oslo BK Mandagsturnering for Alle,https://cuescore.com/tournament/Oslo+BK+Mandagsturnering+for+Alle/85126495,2026-07-20T15:45:00Z
80662309,OSLO BK SUMMERTOUR 2026 5/9,https://cuescore.com/tournament/OSLO+BK+SUMMERTOUR+2026+5%252F9/80662309,2026-07-18T11:00:00Z
84953668,OSLO BK SOMMERKLUBBTURNERING,https://cuescore.com/tournament/OSLO+BK+SOMMERKLUBBTURNERING/84953668,2026-07-15T15:45:00Z
84819610,Oslo BK Mandagsturnering for ALLE 5/9,https://cuescore.com/tournament/Oslo+BK+Mandagsturnering+for+ALLE+5%252F9/84819610,2026-07-13T15:45:00Z
84684754,OSLO BK Klubbturnering,https://cuescore.com/tournament/OSLO+BK+Klubbturnering/84684754,2026-07-08T16:00:00Z
84509800,Oslo BK Mandagst  for alle,https://cuescore.com/tournament/Oslo+BK+Mandagst++for+alle/84509800,2026-07-06T16:00:00Z
79932562,"Mezz Scandinavian 10-Ball Masters - Norway Qualifier, 2 of 4",https://cuescore.com/tournament/Mezz+Scandinavian+10-Ball+Masters+-+Norway+Qualifier%2C+2+of+4/79932562,2026-07-04T08:00:00Z
84281935,Oslo BK klubbturnering,https://cuescore.com/tournament/Oslo+BK+klubbturnering/84281935,2026-07-01T16:00:00Z
84281557,OBK MANDAGSTURNERING FOR ALLE,https://cuescore.com/tournament/OBK+MANDAGSTURNERING+FOR+ALLE/84281557,2026-06-29T16:00:00Z
83950600,Oslo BK Klubbturnering,https://cuescore.com/tournament/Oslo+BK+Klubbturnering/83950600,2026-06-24T16:00:00Z
83950594,Mandagsturnering for Alle,https://cuescore.com/tournament/Mandagsturnering+for+Alle/83950594,2026-06-22T16:00:00Z
83940328,Sommertour-erstatning,https://cuescore.com/tournament/Sommertour-erstatning/83940328,2026-06-20T11:30:00Z
83685484,Oslo BK Klubbturnering,https://cuescore.com/tournament/Oslo+BK+Klubbturnering/83685484,2026-06-17T16:00:00Z
83685481,Mandagsturnering for Alle,https://cuescore.com/tournament/Mandagsturnering+for+Alle/83685481,2026-06-15T16:00:00Z
83594485,Kun en test,https://cuescore.com/tournament/Kun+en+test/83594485,2026-06-11T18:00:00Z
83165332,Oslo BK Klubbturnering 5/9,https://cuescore.com/tournament/Oslo+BK+Klubbturnering+5%252F9/83165332,2026-06-10T16:00:00Z
83165326,MANDAGSTURNERING FOR ALLE,https://cuescore.com/tournament/MANDAGSTURNERING+FOR+ALLE/83165326,2026-06-08T16:00:00Z
82639456,Oslo BK Klubbturnering,https://cuescore.com/tournament/Oslo+BK+Klubbturnering/82639456,2026-06-03T16:00:00Z
82585786,Mandagsturnering for Alle,https://cuescore.com/tournament/Mandagsturnering+for+Alle/82585786,2026-06-01T16:00:00Z
82432042,Scotsh dobbel MIX,https://cuescore.com/tournament/Scotsh+dobbel+MIX/82432042,2026-05-30T13:00:00Z
82376929,Oslo BK Klubbturnering,https://cuescore.com/tournament/Oslo+BK+Klubbturnering/82376929,2026-05-27T16:00:00Z
81474325,Oslo BK Klubbturnering,https://cuescore.com/tournament/Oslo+BK+Klubbturnering/81474325,2026-05-20T16:00:00Z
81474142,Oslo BK Mandagsturnering for ALLE,https://cuescore.com/tournament/Oslo+BK+Mandagsturnering+for+ALLE/81474142,2026-05-18T16:00:00Z
81079399,OBK Finale 8 Beste Vårserie 2026,https://cuescore.com/tournament/OBK+Finale+8+Beste+V%C3%A5rserie+2026/81079399,2026-05-13T16:15:00Z
81091549,OBK KLUBBTURNERING FOR RØKLA,https://cuescore.com/tournament/OBK+KLUBBTURNERING+FOR+R%C3%98KLA/81091549,2026-05-13T16:00:00Z
81171145,OBK MANDAGSTURNERING FOR ALLE,https://cuescore.com/tournament/OBK+MANDAGSTURNERING+FOR+ALLE/81171145,2026-05-11T16:00:00Z
80902807,Oslo BK KLUBBTURNERING,https://cuescore.com/tournament/Oslo+BK+KLUBBTURNERING/80902807,2026-05-06T16:00:00Z
80902801,Oslo BK Mandagsturnering for Alle,https://cuescore.com/tournament/Oslo+BK+Mandagsturnering+for+Alle/80902801,2026-05-04T16:00:00Z
78942490,Oslo BK Klubbturnering vårserien 16/16 2026,https://cuescore.com/tournament/Oslo+BK+Klubbturnering+v%C3%A5rserien+16%252F16+2026/78942490,2026-04-29T16:00:00Z
76464886,Oslo BK C&D-liga Vår 2026 16/16 *FINALE*,https://cuescore.com/tournament/Oslo+BK+C%2526D-liga+V%C3%A5r+2026+16%252F16+%2AFINALE%2A/76464886,2026-04-27T16:00:00Z
76468270,Oslo BK B-liga Vår 2026 16/16 *FINALE*,https://cuescore.com/tournament/Oslo+BK+B-liga+V%C3%A5r+2026+16%252F16+%2AFINALE%2A/76468270,2026-04-27T16:00:00Z
78942364,Oslo BK Klubbturnering vårserien 15/16 2026,https://cuescore.com/tournament/Oslo+BK+Klubbturnering+v%C3%A5rserien+15%252F16+2026/78942364,2026-04-22T16:07:00Z
76464751,Oslo BK C&D-liga Vår 2026 15/16,https://cuescore.com/tournament/Oslo+BK+C%2526D-liga+V%C3%A5r+2026+15%252F16/76464751,2026-04-20T16:00:00Z
76468234,Oslo BK B-liga Vår 2026 15/16,https://cuescore.com/tournament/Oslo+BK+B-liga+V%C3%A5r+2026+15%252F16/76468234,2026-04-20T16:00:00Z
78942265,Oslo BK Klubbturnering vårserien 14/16 2026,https://cuescore.com/tournament/Oslo+BK+Klubbturnering+v%C3%A5rserien+14%252F16+2026/78942265,2026-04-15T16:00:00Z
76467904,Oslo BK B-liga Vår 2026 14/16,https://cuescore.com/tournament/Oslo+BK+B-liga+V%C3%A5r+2026+14%252F16/76467904,2026-04-13T16:00:00Z
76464583,Oslo BK C&D-liga Vår 2026 14/16,https://cuescore.com/tournament/Oslo+BK+C%2526D-liga+V%C3%A5r+2026+14%252F16/76464583,2026-04-13T16:00:00Z
78942220,Oslo BK Klubbturnering vårserien 13/16 2026,https://cuescore.com/tournament/Oslo+BK+Klubbturnering+v%C3%A5rserien+13%252F16+2026/78942220,2026-04-08T16:00:00Z
76464547,Oslo BK C&D-liga Vår 2026 13/16,https://cuescore.com/tournament/Oslo+BK+C%2526D-liga+V%C3%A5r+2026+13%252F16/76464547,2026-04-06T16:00:00Z
76467286,Oslo BK B-liga Vår 2026 13/16,https://cuescore.com/tournament/Oslo+BK+B-liga+V%C3%A5r+2026+13%252F16/76467286,2026-04-06T16:00:00Z
79209838,Oslo BK Langfredag Open,https://cuescore.com/tournament/Oslo+BK+Langfredag+Open/79209838,2026-04-03T13:00:00Z
78941740,Oslo BK Klubbturnering vårserien 12/16 2026,https://cuescore.com/tournament/Oslo+BK+Klubbturnering+v%C3%A5rserien+12%252F16+2026/78941740,2026-04-01T16:00:00Z
76464520,Oslo BK C&D-liga Vår 2026 12/16,https://cuescore.com/tournament/Oslo+BK+C%2526D-liga+V%C3%A5r+2026+12%252F16/76464520,2026-03-30T16:00:00Z
76466062,Oslo BK B-liga Vår 2026 12/16,https://cuescore.com/tournament/Oslo+BK+B-liga+V%C3%A5r+2026+12%252F16/76466062,2026-03-30T16:00:00Z
77587555,Oslo BK Klubbturnering vårserien 11/16 5/9an,https://cuescore.com/tournament/Oslo+BK+Klubbturnering+v%C3%A5rserien+11%252F16+5%252F9an/77587555,2026-03-25T17:00:00Z
76466029,Oslo BK B-liga Vår 2026 11/16,https://cuescore.com/tournament/Oslo+BK+B-liga+V%C3%A5r+2026+11%252F16/76466029,2026-03-23T17:00:00Z
76464466,Oslo BK C&D-liga Vår 2026 11/16,https://cuescore.com/tournament/Oslo+BK+C%2526D-liga+V%C3%A5r+2026+11%252F16/76464466,2026-03-23T17:00:00Z
78895663,One Rack Junior,https://cuescore.com/tournament/One+Rack+Junior/78895663,2026-03-21T17:00:00Z
77585350,Oslo BK Klubbturnering vårserien 10/16 2026,https://cuescore.com/tournament/Oslo+BK+Klubbturnering+v%C3%A5rserien+10%252F16+2026/77585350,2026-03-18T17:00:00Z
76464289,Oslo BK C&D-liga Vår 2026 10/16,https://cuescore.com/tournament/Oslo+BK+C%2526D-liga+V%C3%A5r+2026+10%252F16/76464289,2026-03-16T17:00:00Z
76465294,Oslo BK B-liga 10/16 Vår 2026,https://cuescore.com/tournament/Oslo+BK+B-liga+10%252F16+V%C3%A5r+2026/76465294,2026-03-16T17:00:00Z
77629129,Scotch double MIX,https://cuescore.com/tournament/Scotch+double+MIX/77629129,2026-03-14T14:00:00Z
77584183,Oslo BK Klubbturnering vårserien 9/16 2026,https://cuescore.com/tournament/Oslo+BK+Klubbturnering+v%C3%A5rserien+9%252F16+2026/77584183,2026-03-11T17:00:00Z
76465543,Oslo BK B-liga Vår 2026 9/16,https://cuescore.com/tournament/Oslo+BK+B-liga+V%C3%A5r+2026+9%252F16/76465543,2026-03-09T17:00:00Z
76463698,Oslo BK C&D-liga Vår 2026 9/16,https://cuescore.com/tournament/Oslo+BK+C%2526D-liga+V%C3%A5r+2026+9%252F16/76463698,2026-03-09T17:00:00Z
77607463,Oslo BK JUNIORTURNERING,https://cuescore.com/tournament/Oslo+BK+JUNIORTURNERING/77607463,2026-03-06T16:55:00Z
77583133,Oslo BK Klubbturnering vårserien 8/16 2026,https://cuescore.com/tournament/Oslo+BK+Klubbturnering+v%C3%A5rserien+8%252F16+2026/77583133,2026-03-04T17:00:00Z
76463632,Oslo BK C&D-liga Vår 2026 8/16,https://cuescore.com/tournament/Oslo+BK+C%2526D-liga+V%C3%A5r+2026+8%252F16/76463632,2026-03-02T17:00:00Z
76465501,Oslo BK B-liga Vår 2026 8/16,https://cuescore.com/tournament/Oslo+BK+B-liga+V%C3%A5r+2026+8%252F16/76465501,2026-03-02T17:00:00Z
77190547,Oslo BK Klubbturnering vårserien 7/16 2026,https://cuescore.com/tournament/Oslo+BK+Klubbturnering+v%C3%A5rserien+7%252F16+2026/77190547,2026-02-25T17:00:00Z
76441603,Oslo BK B-liga Vår 2026 7/16,https://cuescore.com/tournament/Oslo+BK+B-liga+V%C3%A5r+2026+7%252F16/76441603,2026-02-23T17:00:00Z
76441429,Oslo BK C&D-liga Vår 2026 7/16,https://cuescore.com/tournament/Oslo+BK+C%2526D-liga+V%C3%A5r+2026+7%252F16/76441429,2026-02-23T17:00:00Z
76447432,Oslo BK Klubbturnering vårserie 6/16 2026,https://cuescore.com/tournament/Oslo+BK+Klubbturnering+v%C3%A5rserie+6%252F16+2026/76447432,2026-02-18T17:00:00Z
76101406,Oslo BK C&D-liga Vår 2026 6/16,https://cuescore.com/tournament/Oslo+BK+C%2526D-liga+V%C3%A5r+2026+6%252F16/76101406,2026-02-16T17:00:00Z
76111522,Oslo BK B-liga Vår 2026 6/16,https://cuescore.com/tournament/Oslo+BK+B-liga+V%C3%A5r+2026+6%252F16/76111522,2026-02-16T17:00:00Z
76170127,Oslo BK Vårserien 5/16 2026,https://cuescore.com/tournament/Oslo+BK+V%C3%A5rserien+5%252F16+2026/76170127,2026-02-11T17:00:00Z
76047013,Oslo BK B-liga Vår 2026 5/16,https://cuescore.com/tournament/Oslo+BK+B-liga+V%C3%A5r+2026+5%252F16/76047013,2026-02-09T17:00:00Z
76041652,Oslo BK C&D-liga Vår 2026 5/116,https://cuescore.com/tournament/Oslo+BK+C%2526D-liga+V%C3%A5r+2026+5%252F116/76041652,2026-02-09T17:00:00Z
75807100,Fredagsturnering i samarbeid med SightRight,https://cuescore.com/tournament/Fredagsturnering+i+samarbeid+med+SightRight/75807100,2026-02-06T17:00:00Z
75823387,Oslo BK klubbturnering vårserien 4/16 2026,https://cuescore.com/tournament/Oslo+BK+klubbturnering+v%C3%A5rserien+4%252F16+2026/75823387,2026-02-04T17:00:00Z
75746917,Oslo BK C&D-liga Vår 2026 4/16,https://cuescore.com/tournament/Oslo+BK+C%2526D-liga+V%C3%A5r+2026+4%252F16/75746917,2026-02-02T17:00:00Z
75746926,Oslo BK B-liga Vår 2026 4/16,https://cuescore.com/tournament/Oslo+BK+B-liga+V%C3%A5r+2026+4%252F16/75746926,2026-02-02T17:00:00Z
72236716,"Mezz Scandinavian 10-Ball Masters - Norway Qualifier, 1 of 4",https://cuescore.com/tournament/Mezz+Scandinavian+10-Ball+Masters+-+Norway+Qualifier%2C+1+of+4/72236716,2026-01-31T10:00:00Z
74911768,Oslo BK Klubbturnering Vårserien 3/16 2026,https://cuescore.com/tournament/Oslo+BK+Klubbturnering+V%C3%A5rserien+3%252F16+2026/74911768,2026-01-28T17:00:00Z
75333334,Oslo BK C&D-liga Vår 2026 3/16,https://cuescore.com/tournament/Oslo+BK+C%2526D-liga+V%C3%A5r+2026+3%252F16/75333334,2026-01-26T17:00:00Z
75333169,Oslo BK B-liga Vår 2026 3/16,https://cuescore.com/tournament/Oslo+BK+B-liga+V%C3%A5r+2026+3%252F16/75333169,2026-01-26T17:00:00Z
75087961,Oslo BK Klubbturnering Vårserien 2/16 2026,https://cuescore.com/tournament/Oslo+BK+Klubbturnering+V%C3%A5rserien+2%252F16+2026/75087961,2026-01-21T17:00:00Z
74908216,Oslo BK C&D-liga Vår 2026 2/16,https://cuescore.com/tournament/Oslo+BK+C%2526D-liga+V%C3%A5r+2026+2%252F16/74908216,2026-01-19T17:00:00Z
74908237,Oslo BK B-liga Vår 2026 2/16,https://cuescore.com/tournament/Oslo+BK+B-liga+V%C3%A5r+2026+2%252F16/74908237,2026-01-19T17:00:00Z
74879221,A-liga,https://cuescore.com/tournament/A-liga/74879221,2026-01-17T12:00:00Z
74520049,Oslo BK Klubbturnering vårserie 1/16 2026,https://cuescore.com/tournament/Oslo+BK+Klubbturnering+v%C3%A5rserie+1%252F16+2026/74520049,2026-01-14T17:00:00Z
74675884,Oslo BK C&D-liga Vår 2026 1/16,https://cuescore.com/tournament/Oslo+BK+C%2526D-liga+V%C3%A5r+2026+1%252F16/74675884,2026-01-12T17:00:00Z
74685658,Oslo BK B-liga Vår 2026 1/16,https://cuescore.com/tournament/Oslo+BK+B-liga+V%C3%A5r+2026+1%252F16/74685658,2026-01-12T17:00:00Z
74397181,Oslo BK Klubbturnering,https://cuescore.com/tournament/Oslo+BK+Klubbturnering/74397181,2026-01-07T17:00:00Z
74417461,Mandags turnering for alle,https://cuescore.com/tournament/Mandags+turnering+for+alle/74417461,2026-01-05T17:00:00Z
74253664,Intern 5/9 ultimate 25 Champ,https://cuescore.com/tournament/Intern+5%252F9+ultimate+25+Champ/74253664,2026-01-01T14:00:00Z
74033515,Avslutning Julen 2025,https://cuescore.com/tournament/Avslutning+Julen+2025/74033515,2025-12-28T15:00:00Z
71848093,Oslo Christmas Classic 2025,https://cuescore.com/tournament/Oslo+Christmas+Classic+2025/71848093,2025-12-27T11:00:00Z
70757440,Oslo BK Romjulsoppvarming til Cristmas Classic 5/9 med Ringebo,https://cuescore.com/tournament/Oslo+BK+Romjulsoppvarming+til+Cristmas+Classic+5%252F9+med+Ringebo/70757440,2025-12-26T11:00:00Z
73839757,Oslo BK Mandagsturnering for Alle,https://cuescore.com/tournament/Oslo+BK+Mandagsturnering+for+Alle/73839757,2025-12-22T17:00:00Z
70628815,Oslo BK Klubbmesterskap 2025-2026 9-ball,https://cuescore.com/tournament/Oslo+BK+Klubbmesterskap+2025-2026+9-ball/70628815,2025-12-19T16:45:00Z
73537213,Oslo BK Finale 8 beste Høstserien 2025,https://cuescore.com/tournament/Oslo+BK+Finale+8+beste+H%C3%B8stserien+2025/73537213,2025-12-17T17:15:00Z
73584964,Oslo BK Klubbturnering for Røkla,https://cuescore.com/tournament/Oslo+BK+Klubbturnering+for+R%C3%B8kla/73584964,2025-12-17T17:06:00Z
73585087,Oslo BK Mandagsturnering for ALLE,https://cuescore.com/tournament/Oslo+BK+Mandagsturnering+for+ALLE/73585087,2025-12-15T17:00:00Z
73440613,Oslo BK Klubbturnering Høstserien 16/16 2025,https://cuescore.com/tournament/Oslo+BK+Klubbturnering+H%C3%B8stserien+16%252F16+2025/73440613,2025-12-10T17:00:00Z
73368757,Oslo BK A&B-Ligaen 16/16 Høst 2025,https://cuescore.com/tournament/Oslo+BK+A%2526B-Ligaen+16%252F16+H%C3%B8st+2025/73368757,2025-12-08T17:00:00Z
73368727,Oslo BK C&D-Ligaen 16/16 Høst 2025,https://cuescore.com/tournament/Oslo+BK+C%2526D-Ligaen+16%252F16+H%C3%B8st+2025/73368727,2025-12-08T17:00:00Z
73191823,Oslo BK Klubbturnering Høstliga 15/16 2025,https://cuescore.com/tournament/Oslo+BK+Klubbturnering+H%C3%B8stliga+15%252F16+2025/73191823,2025-12-03T17:00:00Z
73112671,Oslo BK C&D-Liga 15/16 høst 2025,https://cuescore.com/tournament/Oslo+BK+C%2526D-Liga+15%252F16+h%C3%B8st+2025/73112671,2025-12-01T17:00:00Z
73147459,Oslo BK A&B-Ligaen XV Høst 2025,https://cuescore.com/tournament/Oslo+BK+A%2526B-Ligaen+XV+H%C3%B8st+2025/73147459,2025-12-01T17:00:00Z
72856615,Oslo BK Klubbturnering Høstserien 14/16 2025,https://cuescore.com/tournament/Oslo+BK+Klubbturnering+H%C3%B8stserien+14%252F16+2025/72856615,2025-11-26T17:00:00Z
72856582,Oslo BK A&B-Liga XIV Høst 2025,https://cuescore.com/tournament/Oslo+BK+A%2526B-Liga+XIV+H%C3%B8st+2025/72856582,2025-11-24T17:00:00Z
72856591,Oslo BK C&D Liga 14/16 Høst 2025,https://cuescore.com/tournament/Oslo+BK+C%2526D+Liga+14%252F16+H%C3%B8st+2025/72856591,2025-11-24T17:00:00Z
72505156,Oslo BK Klubbturnering Høstliga 13/16 2025,https://cuescore.com/tournament/Oslo+BK+Klubbturnering+H%C3%B8stliga+13%252F16+2025/72505156,2025-11-19T17:00:00Z
72505105,Oslo BK C&D-Ligaen 13/16 høst 2025,https://cuescore.com/tournament/Oslo+BK+C%2526D-Ligaen+13%252F16+h%C3%B8st+2025/72505105,2025-11-17T17:00:00Z
72505132,Oslo BK A&B-Liga XIII høst 2025,https://cuescore.com/tournament/Oslo+BK+A%2526B-Liga+XIII+h%C3%B8st+2025/72505132,2025-11-17T17:00:00Z
71618566,Oslo BK Klubbturnering Høstserien 12/16 2025,https://cuescore.com/tournament/Oslo+BK+Klubbturnering+H%C3%B8stserien+12%252F16+2025/71618566,2025-11-12T17:00:00Z
71711479,Oslo BK C&D-Ligaen12/16 høst 2025,https://cuescore.com/tournament/Oslo+BK+C%2526D-Ligaen12%252F16+h%C3%B8st+2025/71711479,2025-11-10T17:00:00Z
71711503,Oslo BK A&B-Ligaen XII Høst 2025,https://cuescore.com/tournament/Oslo+BK+A%2526B-Ligaen+XII+H%C3%B8st+2025/71711503,2025-11-10T17:00:00Z
70574776,Oslo BK Scotch Doubles Mixed Cue#23,https://cuescore.com/tournament/Oslo+BK+Scotch+Doubles+Mixed+Cue%252323/70574776,2025-11-08T14:30:00Z
71509747,Oslo BK Klubbturnering Høstserien 11/16 2025,https://cuescore.com/tournament/Oslo+BK+Klubbturnering+H%C3%B8stserien+11%252F16+2025/71509747,2025-11-05T17:00:00Z
70841533,Oslo BK A&B-Liga XI Høst 2025,https://cuescore.com/tournament/Oslo+BK+A%2526B-Liga+XI+H%C3%B8st+2025/70841533,2025-11-03T17:00:00Z
70841431,Oslo BK C&D-Liga 11/16 2025,https://cuescore.com/tournament/Oslo+BK+C%2526D-Liga+11%252F16+2025/70841431,2025-11-03T17:00:00Z
70312063,Oslo BK Klubbturnering Høstserie 10/16 2025,https://cuescore.com/tournament/Oslo+BK+Klubbturnering+H%C3%B8stserie+10%252F16+2025/70312063,2025-10-29T17:00:00Z
70312090,Oslo BK C&D-Liga 10/16 2025,https://cuescore.com/tournament/Oslo+BK+C%2526D-Liga+10%252F16+2025/70312090,2025-10-27T17:00:00Z
70312114,Oslo BK A&B-Liga X Høst 2025,https://cuescore.com/tournament/Oslo+BK+A%2526B-Liga+X+H%C3%B8st+2025/70312114,2025-10-27T17:00:00Z
70292821,Oslo BK Klubbturnering høstserie 9/19 2025,https://cuescore.com/tournament/Oslo+BK+Klubbturnering+h%C3%B8stserie+9%252F19+2025/70292821,2025-10-22T16:00:00Z
70188088,Oslo BK C&D-Liga 9/16 2025,https://cuescore.com/tournament/Oslo+BK+C%2526D-Liga+9%252F16+2025/70188088,2025-10-20T16:00:00Z
70187635,Oslo BK A&B-Liga IX Høst 2025,https://cuescore.com/tournament/Oslo+BK+A%2526B-Liga+IX+H%C3%B8st+2025/70187635,2025-10-20T16:00:00Z
70086943,Oslo BK Klubbturnering Høstliga 8/16 2025,https://cuescore.com/tournament/Oslo+BK+Klubbturnering+H%C3%B8stliga+8%252F16+2025/70086943,2025-10-15T16:00:00Z
70084372,Oslo BK A&B-Liga VIII Høst 2025,https://cuescore.com/tournament/Oslo+BK+A%2526B-Liga+VIII+H%C3%B8st+2025/70084372,2025-10-13T16:00:00Z
70078510,Oslo BK C&D-Liga 8/16 Høst 2025,https://cuescore.com/tournament/Oslo+BK+C%2526D-Liga+8%252F16+H%C3%B8st+2025/70078510,2025-10-13T16:00:00Z
69799330,Oslo BK Klubbturnering Høstserie 7/16 2025,https://cuescore.com/tournament/Oslo+BK+Klubbturnering+H%C3%B8stserie+7%252F16+2025/69799330,2025-10-08T16:00:00Z
69800428,Oslo BK A&B-Liga VII Høst 2025,https://cuescore.com/tournament/Oslo+BK+A%2526B-Liga+VII+H%C3%B8st+2025/69800428,2025-10-06T16:00:00Z
69798916,Oslo BK C&D-Liga 7/16 Høst 2025,https://cuescore.com/tournament/Oslo+BK+C%2526D-Liga+7%252F16+H%C3%B8st+2025/69798916,2025-10-06T16:00:00Z
69818206,Søndgskollaps 5/9an (Intern turn),https://cuescore.com/tournament/S%C3%B8ndgskollaps+5%252F9an+%28Intern+turn%29/69818206,2025-10-05T16:15:00Z
69265546,Oslo BK Klubbturnering Høstserien 6/16 2025,https://cuescore.com/tournament/Oslo+BK+Klubbturnering+H%C3%B8stserien+6%252F16+2025/69265546,2025-10-01T16:10:00Z
69151819,Oslo BK C&D-liga 6/16 høst 2025,https://cuescore.com/tournament/Oslo+BK+C%2526D-liga+6%252F16+h%C3%B8st+2025/69151819,2025-09-29T16:00:00Z
69152188,Oslo BK A&B-liga VI Høst 2025,https://cuescore.com/tournament/Oslo+BK+A%2526B-liga+VI+H%C3%B8st+2025/69152188,2025-09-29T16:00:00Z
68791057,Oslo BK klubbturnering Høstserien 5/16 2025,https://cuescore.com/tournament/Oslo+BK+klubbturnering+H%C3%B8stserien+5%252F16+2025/68791057,2025-09-24T16:00:00Z
68682517,Oslo BK A&B-Liga V Høst 2025,https://cuescore.com/tournament/Oslo+BK+A%2526B-Liga+V+H%C3%B8st+2025/68682517,2025-09-22T16:00:00Z
68682694,Oslo BK C&D-Liga 5/16 Høst 2025,https://cuescore.com/tournament/Oslo+BK+C%2526D-Liga+5%252F16+H%C3%B8st+2025/68682694,2025-09-22T16:00:00Z
67973878,Oslo BK klubbturnering Høstserien 4/16 2025,https://cuescore.com/tournament/Oslo+BK+klubbturnering+H%C3%B8stserien+4%252F16+2025/67973878,2025-09-17T16:00:00Z
66258256,Oslo BK Klubbturnering Høstserien 3/16 2025,https://cuescore.com/tournament/Oslo+BK+Klubbturnering+H%C3%B8stserien+3%252F16+2025/66258256,2025-09-10T16:00:00Z
66996301,Oslo BK A&B-Liga IV Høst 2025,https://cuescore.com/tournament/Oslo+BK+A%2526B-Liga+IV+H%C3%B8st+2025/66996301,2025-09-08T16:00:00Z
66256909,Oslo BK C&D-Liga 4/16 Høst 2025,https://cuescore.com/tournament/Oslo+BK+C%2526D-Liga+4%252F16+H%C3%B8st+2025/66256909,2025-09-08T16:00:00Z
66088000,OBK`s Juniorfredag no.3,https://cuescore.com/tournament/OBK%60s+Juniorfredag+no.3/66088000,2025-09-05T16:00:00Z
66258712,Oslo BK Ekstraordinær Årsmøteturnering 5/9,https://cuescore.com/tournament/Oslo+BK+Ekstraordin%C3%A6r+%C3%85rsm%C3%B8teturnering+5%252F9/66258712,2025-09-03T17:00:00Z
65621962,Oslo BK C&D-Ligaen 3/16 Høst  2025,https://cuescore.com/tournament/Oslo+BK+C%2526D-Ligaen+3%252F16+H%C3%B8st++2025/65621962,2025-09-01T16:00:00Z
66256249,Oslo BK A&B-Liga III Høst 2025,https://cuescore.com/tournament/Oslo+BK+A%2526B-Liga+III+H%C3%B8st+2025/66256249,2025-09-01T16:00:00Z
65640343,Oslo BK Scotch Doubles Mixed #22 Cue,https://cuescore.com/tournament/Oslo+BK+Scotch+Doubles+Mixed+%252322+Cue/65640343,2025-08-30T12:00:00Z
65635264,Oslo BK Klubbturnering Høstserien 2/16,https://cuescore.com/tournament/Oslo+BK+Klubbturnering+H%C3%B8stserien+2%252F16/65635264,2025-08-27T16:00:00Z
65624743,Oslo BK A&B-Liga II Høst 2025,https://cuescore.com/tournament/Oslo+BK+A%2526B-Liga+II+H%C3%B8st+2025/65624743,2025-08-25T16:00:00Z
65621914,Oslo BK C&D-Liga 2/16 Høst 2025,https://cuescore.com/tournament/Oslo+BK+C%2526D-Liga+2%252F16+H%C3%B8st+2025/65621914,2025-08-25T16:00:00Z
65522071,Oslo BK Klubbturnering Høstserien 1/16 2025,https://cuescore.com/tournament/Oslo+BK+Klubbturnering+H%C3%B8stserien+1%252F16+2025/65522071,2025-08-20T16:00:00Z
65502853,Oslo BK C&D-liga 1/16 Høst 2025,https://cuescore.com/tournament/Oslo+BK+C%2526D-liga+1%252F16+H%C3%B8st+2025/65502853,2025-08-18T16:00:00Z
65522575,Oslo BK A&B-Liga I Høst 2025,https://cuescore.com/tournament/Oslo+BK+A%2526B-Liga+I+H%C3%B8st+2025/65522575,2025-08-18T16:00:00Z
65270950,Oslo BK Klubbturnering,https://cuescore.com/tournament/Oslo+BK+Klubbturnering/65270950,2025-08-13T16:00:00Z
65189452,Oslo BK Mandagsturnering for Alle,https://cuescore.com/tournament/Oslo+BK+Mandagsturnering+for+Alle/65189452,2025-08-11T16:00:00Z
65077801,OSLO BK KLUBBTURNERING,https://cuescore.com/tournament/OSLO+BK+KLUBBTURNERING/65077801,2025-08-06T16:00:00Z
64500307,Oslo BK Mandagsturnering for Alle,https://cuescore.com/tournament/Oslo+BK+Mandagsturnering+for+Alle/64500307,2025-08-04T16:00:00Z
62000230,Oslo BK Sommertour IV 2025,https://cuescore.com/tournament/Oslo+BK+Sommertour+IV+2025/62000230,2025-08-02T12:00:00Z
64053565,Oslo BK Klubbturnering,https://cuescore.com/tournament/Oslo+BK+Klubbturnering/64053565,2025-07-30T16:00:00Z
64053550,Mandagsturnering for Alle,https://cuescore.com/tournament/Mandagsturnering+for+Alle/64053550,2025-07-28T16:00:00Z
63997867,Oslo BK klubbturnering,https://cuescore.com/tournament/Oslo+BK+klubbturnering/63997867,2025-07-23T16:00:00Z
64040629,Tirsdagssmultiball Grand Prix,https://cuescore.com/tournament/Tirsdagssmultiball+Grand+Prix/64040629,2025-07-22T12:17:00Z
62924494,Oslo BK Mandagsturnering for Alle,https://cuescore.com/tournament/Oslo+BK+Mandagsturnering+for+Alle/62924494,2025-07-21T16:00:00Z
61999078,Oslo BK Sommertour III 2025,https://cuescore.com/tournament/Oslo+BK+Sommertour+III+2025/61999078,2025-07-19T12:00:00Z
63506224,OBK`s Juniorfredag no.2!,https://cuescore.com/tournament/OBK%60s+Juniorfredag+no.2%21/63506224,2025-07-18T16:00:00Z
62670598,Oslo BK Klubbturnering,https://cuescore.com/tournament/Oslo+BK+Klubbturnering/62670598,2025-07-16T16:00:00Z
62671435,OBK MANDAGSTURNERING FOR ALLE,https://cuescore.com/tournament/OBK+MANDAGSTURNERING+FOR+ALLE/62671435,2025-07-14T16:00:00Z
61999048,Oslo BK Sommertour II 2025 5-9,https://cuescore.com/tournament/Oslo+BK+Sommertour+II+2025+5-9/61999048,2025-07-12T12:00:00Z
62923603,Mixed Scotch Double no.21@CUE!,https://cuescore.com/tournament/Mixed+Scotch+Double+no.21%40CUE%21/62923603,2025-07-11T15:00:00Z
62631910,Oslo BK Klubbturnering,https://cuescore.com/tournament/Oslo+BK+Klubbturnering/62631910,2025-07-09T16:00:00Z
62742229,Oslo BK Mandagsturnering for Alle,https://cuescore.com/tournament/Oslo+BK+Mandagsturnering+for+Alle/62742229,2025-07-07T16:00:00Z
59079793,1. Oslo BK - 10-Ball Masters 2 of 3,https://cuescore.com/tournament/1.+Oslo+BK+-+10-Ball+Masters+2+of+3/59079793,2025-07-05T08:00:00Z
63113050,Oslo Open Main Event dag 1B,https://cuescore.com/tournament/Oslo+Open+Main+Event+dag+1B/63113050,2025-07-03T11:00:00Z
63131038,Klubbturnering/Wednesday after Main A-tournament,https://cuescore.com/tournament/Klubbturnering%252FWednesday+after+Main+A-tournament/63131038,2025-07-02T16:15:00Z
63112054,Oslo Open Main Event dag 1A,https://cuescore.com/tournament/Oslo+Open+Main+Event+dag+1A/63112054,2025-07-02T11:00:00Z
62644030,OBK Mandagsturnering for Alle,https://cuescore.com/tournament/OBK+Mandagsturnering+for+Alle/62644030,2025-06-30T16:00:00Z
62605837,OBK KLUBBTURNERING,https://cuescore.com/tournament/OBK+KLUBBTURNERING/62605837,2025-06-25T16:00:00Z
62583913,OBK Mandagsturnering for Alle,https://cuescore.com/tournament/OBK+Mandagsturnering+for+Alle/62583913,2025-06-23T16:00:00Z
61667476,Oslo BK Sommertour I 2025,https://cuescore.com/tournament/Oslo+BK+Sommertour+I+2025/61667476,2025-06-21T12:00:00Z
62222692,OBK Klubbturnering,https://cuescore.com/tournament/OBK+Klubbturnering/62222692,2025-06-18T16:00:00Z
62204857,Oslo BK Mandagsturnering for Alle,https://cuescore.com/tournament/Oslo+BK+Mandagsturnering+for+Alle/62204857,2025-06-16T16:00:00Z
62090635,Fredagschill: Scotch Double,https://cuescore.com/tournament/Fredagschill%3A+Scotch+Double/62090635,2025-06-13T16:00:00Z
62059081,Oslo BK Klubbturnering,https://cuescore.com/tournament/Oslo+BK+Klubbturnering/62059081,2025-06-11T16:00:00Z
61791286,Oslo BK Klubbturnering,https://cuescore.com/tournament/Oslo+BK+Klubbturnering/61791286,2025-06-04T16:05:00Z
61790500,Mandagsturnering for C og D,https://cuescore.com/tournament/Mandagsturnering+for+C+og+D/61790500,2025-06-02T16:00:00Z
61791256,Mandagsturnering for A og B spillere,https://cuescore.com/tournament/Mandagsturnering+for+A+og+B+spillere/61791256,2025-06-02T16:00:00Z
61330126,Oslo BK klubbturnering,https://cuescore.com/tournament/Oslo+BK+klubbturnering/61330126,2025-05-28T16:00:00Z
61330003,Mandagsturnering A og B-spillere,https://cuescore.com/tournament/Mandagsturnering+A+og+B-spillere/61330003,2025-05-26T16:00:00Z
61329901,Mandagsturnering C og D-spillere,https://cuescore.com/tournament/Mandagsturnering+C+og+D-spillere/61329901,2025-05-26T16:00:00Z
59340604,OBK Klubbturnering WarmUp-DIVELITE,https://cuescore.com/tournament/OBK+Klubbturnering+WarmUp-DIVELITE/59340604,2025-05-21T16:00:00Z
60608266,Mandagsturnering for C&D-liga,https://cuescore.com/tournament/Mandagsturnering+for+C%2526D-liga/60608266,2025-05-19T16:00:00Z
60608275,Mandagsturnering for A&B-liga,https://cuescore.com/tournament/Mandagsturnering+for+A%2526B-liga/60608275,2025-05-19T16:00:00Z
59841952,Oslo BKs Juniorfredag no.1,https://cuescore.com/tournament/Oslo+BKs+Juniorfredag+no.1/59841952,2025-05-16T16:00:00Z
53309149,OBK Klubbturnering Vårserien Topp 8,https://cuescore.com/tournament/OBK+Klubbturnering+V%C3%A5rserien+Topp+8/53309149,2025-05-14T16:00:00Z
53309998,OBK Klubbturnering Vårserien for Røkla,https://cuescore.com/tournament/OBK+Klubbturnering+V%C3%A5rserien+for+R%C3%B8kla/53309998,2025-05-14T16:00:00Z
60279199,Mandagsturnering for  C og D,https://cuescore.com/tournament/Mandagsturnering+for++C+og+D/60279199,2025-05-12T16:00:00Z
60279223,Mandagsturnering for A og B,https://cuescore.com/tournament/Mandagsturnering+for+A+og+B/60279223,2025-05-12T16:00:00Z
59860135,Fredagschill hos OBK: Scotch Double,https://cuescore.com/tournament/Fredagschill+hos+OBK%3A+Scotch+Double/59860135,2025-05-09T16:00:00Z
56650972,Klubbturnering vårserie 16/16 2025,https://cuescore.com/tournament/Klubbturnering+v%C3%A5rserie+16%252F16+2025/56650972,2025-05-07T16:00:00Z
59906080,OBK A&B-turnering,https://cuescore.com/tournament/OBK+A%2526B-turnering/59906080,2025-05-05T16:00:00Z
59906125,OBK C&D-turnering,https://cuescore.com/tournament/OBK+C%2526D-turnering/59906125,2025-05-05T16:00:00Z
59841466,Oslo BK: for de rullende🛞,https://cuescore.com/tournament/Oslo+BK%3A+for+de+rullende%F0%9F%9B%9E/59841466,2025-05-03T14:00:00Z
59337625,Fredagschill: Scotch Double!,https://cuescore.com/tournament/Fredagschill%3A+Scotch+Double%21/59337625,2025-05-02T16:00:00Z
59436775,1  MAI,https://cuescore.com/tournament/1++MAI/59436775,2025-05-01T12:00:00Z
53308693,OBK Klubbturnering Vårserie 12/16,https://cuescore.com/tournament/OBK+Klubbturnering+V%C3%A5rserie+12%252F16/53308693,2025-04-30T16:00:00Z
58440106,Mandagsturnering A-B-liga XVI (ses.siste),https://cuescore.com/tournament/Mandagsturnering+A-B-liga+XVI+%28ses.siste%29/58440106,2025-04-28T16:00:00Z
58093120,Mandagsturnering for C&D-liga Vårserie 16/16,https://cuescore.com/tournament/Mandagsturnering+for+C%2526D-liga+V%C3%A5rserie+16%252F16/58093120,2025-04-28T16:00:00Z
53308111,OBK Klubbturnering Vårserie 15/16,https://cuescore.com/tournament/OBK+Klubbturnering+V%C3%A5rserie+15%252F16/53308111,2025-04-23T16:00:00Z
59026537,Klubbturnering 🐣🐣🐣,https://cuescore.com/tournament/Klubbturnering+%F0%9F%90%A3%F0%9F%90%A3%F0%9F%90%A3/59026537,2025-04-21T16:00:00Z
58744450,Fredagschill OBK: 5-9 an,https://cuescore.com/tournament/Fredagschill+OBK%3A+5-9+an/58744450,2025-04-18T16:07:00Z
58738909,Oslo BK Klubbturnering,https://cuescore.com/tournament/Oslo+BK+Klubbturnering/58738909,2025-04-16T16:00:00Z
58319320,For the XX`s og mini-XY: Oppvarming til Dame og junior-NM!,https://cuescore.com/tournament/For+the+XX%60s+og+mini-XY%3A+Oppvarming+til+Dame+og+junior-NM%21/58319320,2025-04-15T16:00:00Z
58438219,Mandagsturnering A-B-liga XV,https://cuescore.com/tournament/Mandagsturnering+A-B-liga+XV/58438219,2025-04-14T16:00:00Z
58092145,Mandagsturnering for C&D-liga Vårserie 15/16,https://cuescore.com/tournament/Mandagsturnering+for+C%2526D-liga+V%C3%A5rserie+15%252F16/58092145,2025-04-14T16:00:00Z
58178899,Fredagschill: Pool Classic!,https://cuescore.com/tournament/Fredagschill%3A+Pool+Classic%21/58178899,2025-04-11T16:00:00Z
58625224,Gjensidige,https://cuescore.com/tournament/Gjensidige/58625224,2025-04-10T16:00:00Z
53307901,OBK Klubbturnering Vårserie 14/16,https://cuescore.com/tournament/OBK+Klubbturnering+V%C3%A5rserie+14%252F16/53307901,2025-04-09T16:00:00Z
58582741,Cisco CUe,https://cuescore.com/tournament/Cisco+CUe/58582741,2025-04-09T16:00:00Z
58092139,Mandagsturnering for C&D-liga Vårserie 14/16,https://cuescore.com/tournament/Mandagsturnering+for+C%2526D-liga+V%C3%A5rserie+14%252F16/58092139,2025-04-07T16:00:00Z
58437307,Mandagsturnering A-B-liga XIV,https://cuescore.com/tournament/Mandagsturnering+A-B-liga+XIV/58437307,2025-04-07T16:00:00Z
53306617,OBK Klubbturnering Vårserie 13/16,https://cuescore.com/tournament/OBK+Klubbturnering+V%C3%A5rserie+13%252F16/53306617,2025-04-02T16:00:00Z
55339273,Mandagsturnering for A&B-liga XIII,https://cuescore.com/tournament/Mandagsturnering+for+A%2526B-liga+XIII/55339273,2025-03-31T16:00:00Z
58092127,Mandagsturnering for C&D-liga Vårserie 13/16,https://cuescore.com/tournament/Mandagsturnering+for+C%2526D-liga+V%C3%A5rserie+13%252F16/58092127,2025-03-31T16:00:00Z
53306476,OBK Klubbturnering  Årsmøteversjon 2025 5:9an,https://cuescore.com/tournament/OBK+Klubbturnering++%C3%85rsm%C3%B8teversjon+2025+5%3A9an/53306476,2025-03-26T17:30:00Z
54821365,Mandagsturnering for C&D-liga Vårserie 12/16,https://cuescore.com/tournament/Mandagsturnering+for+C%2526D-liga+V%C3%A5rserie+12%252F16/54821365,2025-03-24T17:00:00Z
55338898,Mandagsturnering for A&B-liga XII,https://cuescore.com/tournament/Mandagsturnering+for+A%2526B-liga+XII/55338898,2025-03-24T17:00:00Z
52709212,Mixed Scotch Double no.20 @CUE,https://cuescore.com/tournament/Mixed+Scotch+Double+no.20+%40CUE/52709212,2025-03-22T13:30:00Z
57641905,Fredagschill hos OBK: Scotch Double!,https://cuescore.com/tournament/Fredagschill+hos+OBK%3A+Scotch+Double%21/57641905,2025-03-21T17:00:00Z
57625270,Aurum bedriftsarrangement,https://cuescore.com/tournament/Aurum+bedriftsarrangement/57625270,2025-03-19T17:00:00Z
53306224,OBK Klubbturnering Vårserie 11/16,https://cuescore.com/tournament/OBK+Klubbturnering+V%C3%A5rserie+11%252F16/53306224,2025-03-19T17:00:00Z
55338844,Mandagsturnering for A og B-liga XI,https://cuescore.com/tournament/Mandagsturnering+for+A+og+B-liga+XI/55338844,2025-03-17T17:00:00Z
54821344,Mandagsturnering for C&D-liga Vårserie 11/16,https://cuescore.com/tournament/Mandagsturnering+for+C%2526D-liga+V%C3%A5rserie+11%252F16/54821344,2025-03-17T17:00:00Z
55383781,1.  Oslo BK - 10-Ball Masters 1 of 3,https://cuescore.com/tournament/1.++Oslo+BK+-+10-Ball+Masters+1+of+3/55383781,2025-03-15T09:00:00Z
55815760,Fredagschill hos OBK: Scotch Double!,https://cuescore.com/tournament/Fredagschill+hos+OBK%3A+Scotch+Double%21/55815760,2025-03-14T17:00:00Z
53303290,OBK Klubbturnering Vårserie 10/16,https://cuescore.com/tournament/OBK+Klubbturnering+V%C3%A5rserie+10%252F16/53303290,2025-03-12T17:00:00Z
54692281,Mandags turn. A-B-liga X,https://cuescore.com/tournament/Mandags+turn.+A-B-liga+X/54692281,2025-03-10T17:00:00Z
54821185,Mandagsturnering for C&D-liga Vårserie 10/16,https://cuescore.com/tournament/Mandagsturnering+for+C%2526D-liga+V%C3%A5rserie+10%252F16/54821185,2025-03-10T17:00:00Z
55815748,Fredagschill hos OBK: 🎱-ball!,https://cuescore.com/tournament/Fredagschill+hos+OBK%3A+%F0%9F%8E%B1-ball%21/55815748,2025-03-07T17:00:00Z
53301817,OBK Klubbturnering Vårserie 9/16,https://cuescore.com/tournament/OBK+Klubbturnering+V%C3%A5rserie+9%252F16/53301817,2025-03-05T17:00:00Z
54821161,Mandagsturnering for C&D-liga Vårserie 9/16,https://cuescore.com/tournament/Mandagsturnering+for+C%2526D-liga+V%C3%A5rserie+9%252F16/54821161,2025-03-03T17:00:00Z
53789371,Mand.turnering A&B-Liga IX,https://cuescore.com/tournament/Mand.turnering+A%2526B-Liga+IX/53789371,2025-03-03T17:00:00Z
54778471,Fredagschill hos OBK: Pool Classic!,https://cuescore.com/tournament/Fredagschill+hos+OBK%3A+Pool+Classic%21/54778471,2025-02-28T17:00:00Z
53301787,OBK Klubbturnering Vårserie 8/16,https://cuescore.com/tournament/OBK+Klubbturnering+V%C3%A5rserie+8%252F16/53301787,2025-02-26T17:00:00Z
54821110,Mandagsturnering for C&D-liga Vårserie 8/16,https://cuescore.com/tournament/Mandagsturnering+for+C%2526D-liga+V%C3%A5rserie+8%252F16/54821110,2025-02-24T17:00:00Z
53745241,Mand.turn. A-B Liga VIII,https://cuescore.com/tournament/Mand.turn.+A-B+Liga+VIII/53745241,2025-02-24T17:00:00Z
54778195,Fredagschill hos OBK: 7-ball!,https://cuescore.com/tournament/Fredagschill+hos+OBK%3A+7-ball%21/54778195,2025-02-21T17:00:00Z
53301571,OBK Klubbturnering Vårserie 7/16,https://cuescore.com/tournament/OBK+Klubbturnering+V%C3%A5rserie+7%252F16/53301571,2025-02-19T17:00:00Z
53744863,Mand.turn. A-B Liga VII,https://cuescore.com/tournament/Mand.turn.+A-B+Liga+VII/53744863,2025-02-17T17:00:00Z
54821068,Mandagsturnering for C&D-liga Vårserie 7/16,https://cuescore.com/tournament/Mandagsturnering+for+C%2526D-liga+V%C3%A5rserie+7%252F16/54821068,2025-02-17T17:00:00Z
52709119,Mixed Scotch Double no.19 @CUE,https://cuescore.com/tournament/Mixed+Scotch+Double+no.19+%40CUE/52709119,2025-02-15T13:30:00Z
55486222,Fredagschill: 9-ball,https://cuescore.com/tournament/Fredagschill%3A+9-ball/55486222,2025-02-14T17:00:00Z
53301457,OBK Klubbturnering Vårserie 6/16,https://cuescore.com/tournament/OBK+Klubbturnering+V%C3%A5rserie+6%252F16/53301457,2025-02-12T17:00:00Z
54821011,Mandagsturnering for C&D-liga Vårserie 6/16,https://cuescore.com/tournament/Mandagsturnering+for+C%2526D-liga+V%C3%A5rserie+6%252F16/54821011,2025-02-10T17:00:00Z
53744845,Mand.turnering A-B Liga VI,https://cuescore.com/tournament/Mand.turnering+A-B+Liga+VI/53744845,2025-02-10T17:00:00Z
54777862,Fredagschill hos OBK: 8-ball!,https://cuescore.com/tournament/Fredagschill+hos+OBK%3A+8-ball%21/54777862,2025-02-07T17:00:00Z
53301178,OBK Klubbturnering Vårserie 5/16,https://cuescore.com/tournament/OBK+Klubbturnering+V%C3%A5rserie+5%252F16/53301178,2025-02-05T17:00:00Z
53310295,Mandagsturnering for A&B-liga V,https://cuescore.com/tournament/Mandagsturnering+for+A%2526B-liga+V/53310295,2025-02-03T17:00:00Z
54774025,Mandagsturnering for C&D-liga Vårserie 5/16,https://cuescore.com/tournament/Mandagsturnering+for+C%2526D-liga+V%C3%A5rserie+5%252F16/54774025,2025-02-03T17:00:00Z
52878601,Fredagsturnering hos OBK: Scotch Double!,https://cuescore.com/tournament/Fredagsturnering+hos+OBK%3A+Scotch+Double%21/52878601,2025-01-31T17:00:00Z
53301157,OBK Klubbturnering Vårserie 4/16,https://cuescore.com/tournament/OBK+Klubbturnering+V%C3%A5rserie+4%252F16/53301157,2025-01-29T17:00:00Z
54401890,Mandagsturnering for C&D-liga Vårserie 4/16,https://cuescore.com/tournament/Mandagsturnering+for+C%2526D-liga+V%C3%A5rserie+4%252F16/54401890,2025-01-27T17:00:00Z
53310280,Mandagsturnering for A&B-liga IV,https://cuescore.com/tournament/Mandagsturnering+for+A%2526B-liga+IV/53310280,2025-01-27T17:00:00Z
54133246,Fredagschill hos OBK: Scotch Double!,https://cuescore.com/tournament/Fredagschill+hos+OBK%3A+Scotch+Double%21/54133246,2025-01-24T17:00:00Z
53745430,Scotch Doubles mixed Oppvarming NM,https://cuescore.com/tournament/Scotch+Doubles+mixed+Oppvarming+NM/53745430,2025-01-23T17:00:00Z
53300545,OBK Klubbturnering Vårserie 3/16,https://cuescore.com/tournament/OBK+Klubbturnering+V%C3%A5rserie+3%252F16/53300545,2025-01-22T17:00:00Z
53310139,Mandagsturnering for A&B-liga III,https://cuescore.com/tournament/Mandagsturnering+for+A%2526B-liga+III/53310139,2025-01-20T17:00:00Z
53310367,Mandagsturnering for C&D-liga Vårserie 3/16,https://cuescore.com/tournament/Mandagsturnering+for+C%2526D-liga+V%C3%A5rserie+3%252F16/53310367,2025-01-20T17:00:00Z
52878493,Fredagsturnering hos OBK: Scotch Double!,https://cuescore.com/tournament/Fredagsturnering+hos+OBK%3A+Scotch+Double%21/52878493,2025-01-17T17:15:00Z
53300509,OBK Klubbturnering Vårserie 2/16,https://cuescore.com/tournament/OBK+Klubbturnering+V%C3%A5rserie+2%252F16/53300509,2025-01-15T17:00:00Z
53310133,Mandagsturnering for A&B-liga II,https://cuescore.com/tournament/Mandagsturnering+for+A%2526B-liga+II/53310133,2025-01-13T17:00:00Z
53310325,Mandagsturnering for C&D-liga Vårserie 2/16,https://cuescore.com/tournament/Mandagsturnering+for+C%2526D-liga+V%C3%A5rserie+2%252F16/53310325,2025-01-13T17:00:00Z
52878463,Fredagsturnering hos OBK: Scotch Double!,https://cuescore.com/tournament/Fredagsturnering+hos+OBK%3A+Scotch+Double%21/52878463,2025-01-10T17:00:00Z
53300464,OBK Klubbturnering Vårserie 1/16,https://cuescore.com/tournament/OBK+Klubbturnering+V%C3%A5rserie+1%252F16/53300464,2025-01-08T17:00:00Z
53310313,Mandagsturnering for C&D-liga: Vårserie 1/16,https://cuescore.com/tournament/Mandagsturnering+for+C%2526D-liga%3A+V%C3%A5rserie+1%252F16/53310313,2025-01-06T17:00:00Z
53310079,Mandagsturnering for A&B-liga I,https://cuescore.com/tournament/Mandagsturnering+for+A%2526B-liga+I/53310079,2025-01-06T17:00:00Z
52706257,Mixed Scotch Double no.18 @CUE: Warm-up edition!,https://cuescore.com/tournament/Mixed+Scotch+Double+no.18+%40CUE%3A+Warm-up+edition%21/52706257,2025-01-04T13:30:00Z
52878346,Fredagsturnering hos OBK: Scotch Double!,https://cuescore.com/tournament/Fredagsturnering+hos+OBK%3A+Scotch+Double%21/52878346,2025-01-03T17:00:00Z
53140660,Sideturnering Christmas Classic,https://cuescore.com/tournament/Sideturnering+Christmas+Classic/53140660,2024-12-28T13:30:00Z
52314610,"Oslo Christmas Classic, kr 10.000 added prizemoney",https://cuescore.com/tournament/Oslo+Christmas+Classic%2C+kr+10.000+added+prizemoney/52314610,2024-12-27T11:00:00Z
47849872,Oslo BK Klubbmesterskap 24/25 sesongen,https://cuescore.com/tournament/Oslo+BK+Klubbmesterskap+24%252F25+sesongen/47849872,2024-12-20T17:00:00Z
52107430,Oslo BK Klubbturnering,https://cuescore.com/tournament/Oslo+BK+Klubbturnering/52107430,2024-12-18T17:00:00Z
52107334,Mandagsturnering for C&D-liga,https://cuescore.com/tournament/Mandagsturnering+for+C%2526D-liga/52107334,2024-12-16T17:00:00Z
52107265,Mandagsturnering for A&B-liga,https://cuescore.com/tournament/Mandagsturnering+for+A%2526B-liga/52107265,2024-12-16T17:00:00Z
52681747,Fredagsturnering hos OBK: Scotch Double!,https://cuescore.com/tournament/Fredagsturnering+hos+OBK%3A+Scotch+Double%21/52681747,2024-12-13T17:00:00Z
52788970,Juleturnering boccia - kvinnetreningen,https://cuescore.com/tournament/Juleturnering+boccia+-+kvinnetreningen/52788970,2024-12-12T16:30:00Z
52789720,Juleturnering 9-ball - kvinnetreningen,https://cuescore.com/tournament/Juleturnering+9-ball+-+kvinnetreningen/52789720,2024-12-12T16:30:00Z
52107403,Oslo BK klubbturnering,https://cuescore.com/tournament/Oslo+BK+klubbturnering/52107403,2024-12-11T17:00:00Z
52107322,Mandagsturnering for C&D-liga,https://cuescore.com/tournament/Mandagsturnering+for+C%2526D-liga/52107322,2024-12-09T17:00:00Z
52107253,Mandagsturnering for A&B-liga,https://cuescore.com/tournament/Mandagsturnering+for+A%2526B-liga/52107253,2024-12-09T17:00:00Z
45925771,Mixed Scotch Double no.17 @CUE,https://cuescore.com/tournament/Mixed+Scotch+Double+no.17+%40CUE/45925771,2024-12-07T13:30:00Z
52424329,Fredagsturnering hos OBK: Scotch Double!,https://cuescore.com/tournament/Fredagsturnering+hos+OBK%3A+Scotch+Double%21/52424329,2024-12-06T17:00:00Z
51767422,Oslo BK Høstfinale topp 8,https://cuescore.com/tournament/Oslo+BK+H%C3%B8stfinale+topp+8/51767422,2024-12-04T18:00:00Z
52107349,Oslo BK Klubbturnering for «Røkla»,https://cuescore.com/tournament/Oslo+BK+Klubbturnering+for+%C2%ABR%C3%B8kla%C2%BB/52107349,2024-12-04T17:00:00Z
52107247,Mandagsturnering for A&B-liga,https://cuescore.com/tournament/Mandagsturnering+for+A%2526B-liga/52107247,2024-12-02T17:00:00Z
52107310,Mandagsturnering for C&D-liga,https://cuescore.com/tournament/Mandagsturnering+for+C%2526D-liga/52107310,2024-12-02T17:00:00Z
51733684,Fredagsturnering hos OBK 5-9,https://cuescore.com/tournament/Fredagsturnering+hos+OBK+5-9/51733684,2024-11-29T16:45:00Z
52236193,Oslo BK Klubbturnering,https://cuescore.com/tournament/Oslo+BK+Klubbturnering/52236193,2024-11-27T17:00:00Z
52107298,Mandagsturnering for C&D-liga,https://cuescore.com/tournament/Mandagsturnering+for+C%2526D-liga/52107298,2024-11-25T17:00:00Z
52107229,Mandagsturnering for A&B-liga,https://cuescore.com/tournament/Mandagsturnering+for+A%2526B-liga/52107229,2024-11-25T17:00:00Z
51733672,Fredagsturnering hos OBK: Bank Pool!,https://cuescore.com/tournament/Fredagsturnering+hos+OBK%3A+Bank+Pool%21/51733672,2024-11-22T17:15:00Z
51767320,Oslo BK Klubbturnering Høstserien 14/14,https://cuescore.com/tournament/Oslo+BK+Klubbturnering+H%C3%B8stserien+14%252F14/51767320,2024-11-20T17:00:00Z
52107163,Mandagsturnering for A&B-liga,https://cuescore.com/tournament/Mandagsturnering+for+A%2526B-liga/52107163,2024-11-18T17:00:00Z
52107274,Mandagsturnering for C&D-liga,https://cuescore.com/tournament/Mandagsturnering+for+C%2526D-liga/52107274,2024-11-18T17:00:00Z
51732709,Fredagsturnering hos OBK: 8-ball!,https://cuescore.com/tournament/Fredagsturnering+hos+OBK%3A+8-ball%21/51732709,2024-11-15T17:10:00Z
51767293,Oslo BK Klubbturnering Høstserien 13/14,https://cuescore.com/tournament/Oslo+BK+Klubbturnering+H%C3%B8stserien+13%252F14/51767293,2024-11-13T17:00:00Z
51868759,Mandagsturnering for A&B-liga,https://cuescore.com/tournament/Mandagsturnering+for+A%2526B-liga/51868759,2024-11-11T17:00:00Z
51882745,Mandagsturnering for C&D-liga,https://cuescore.com/tournament/Mandagsturnering+for+C%2526D-liga/51882745,2024-11-11T17:00:00Z
51732691,Fredagsturnering hos OBK: 9-ball!,https://cuescore.com/tournament/Fredagsturnering+hos+OBK%3A+9-ball%21/51732691,2024-11-08T17:00:00Z
48275317,Oslo BK klubbturnering Høstserien 12/14,https://cuescore.com/tournament/Oslo+BK+klubbturnering+H%C3%B8stserien+12%252F14/48275317,2024-11-06T17:00:00Z
51177283,Mandagsturnering for C&D-liga,https://cuescore.com/tournament/Mandagsturnering+for+C%2526D-liga/51177283,2024-11-04T17:00:00Z
51642370,Mandagsturnering for A&B-liga,https://cuescore.com/tournament/Mandagsturnering+for+A%2526B-liga/51642370,2024-11-04T17:00:00Z
47631406,Oslo Open OnePocket no.2,https://cuescore.com/tournament/Oslo+Open+OnePocket+no.2/47631406,2024-11-02T10:00:00Z
48275299,Oslo BK klubbturnering Høstserien 11/14,https://cuescore.com/tournament/Oslo+BK+klubbturnering+H%C3%B8stserien+11%252F14/48275299,2024-10-30T17:00:00Z
51177271,Mandagsturnering for C&D-liga,https://cuescore.com/tournament/Mandagsturnering+for+C%2526D-liga/51177271,2024-10-28T17:00:00Z
50433184,Mandagsturnering for A&B-liga,https://cuescore.com/tournament/Mandagsturnering+for+A%2526B-liga/50433184,2024-10-28T17:00:00Z
45925735,Mixed Scotch Double no.16 @CUE,https://cuescore.com/tournament/Mixed+Scotch+Double+no.16+%40CUE/45925735,2024-10-26T12:30:00Z
48275290,Oslo BK Klubbturnering Høstserie 10/14,https://cuescore.com/tournament/Oslo+BK+Klubbturnering+H%C3%B8stserie+10%252F14/48275290,2024-10-23T16:00:00Z
50953339,Mandagsturnering for C&D-liga,https://cuescore.com/tournament/Mandagsturnering+for+C%2526D-liga/50953339,2024-10-21T16:00:00Z
50433130,Mandagsturnering A og B- liga,https://cuescore.com/tournament/Mandagsturnering+A+og+B-+liga/50433130,2024-10-21T16:00:00Z
48275275,Oslo BK Klubbturnering Høstserie 9/14,https://cuescore.com/tournament/Oslo+BK+Klubbturnering+H%C3%B8stserie+9%252F14/48275275,2024-10-16T16:00:00Z
50433073,Mandagsturnering A og B-liga,https://cuescore.com/tournament/Mandagsturnering+A+og+B-liga/50433073,2024-10-14T16:00:00Z
50717713,Mandagsturnering for C&D-liga,https://cuescore.com/tournament/Mandagsturnering+for+C%2526D-liga/50717713,2024-10-14T16:00:00Z
47691958,Oslo BK Klubbturnering Høstserie 8/14,https://cuescore.com/tournament/Oslo+BK+Klubbturnering+H%C3%B8stserie+8%252F14/47691958,2024-10-09T16:00:00Z
50414158,Mandagsturnering for C&D-liga,https://cuescore.com/tournament/Mandagsturnering+for+C%2526D-liga/50414158,2024-10-07T16:00:00Z
49928290,Mandagsturnering for A og B -Liga,https://cuescore.com/tournament/Mandagsturnering+for+A+og+B+-Liga/49928290,2024-10-07T16:00:00Z
47691841,Oslo BK Klubbturnering Høstserie 7/14,https://cuescore.com/tournament/Oslo+BK+Klubbturnering+H%C3%B8stserie+7%252F14/47691841,2024-10-02T16:00:00Z
47692156,Mandagsturnering for alle,https://cuescore.com/tournament/Mandagsturnering+for+alle/47692156,2024-09-30T16:00:00Z
47692474,Mandagsturnering for C&D-liga,https://cuescore.com/tournament/Mandagsturnering+for+C%2526D-liga/47692474,2024-09-30T16:00:00Z
45925435,Mixed Scotch Double no.15 @CUE,https://cuescore.com/tournament/Mixed+Scotch+Double+no.15+%40CUE/45925435,2024-09-28T12:30:00Z
47691679,Oslo BK Klubbturnering Høstserie 6/14,https://cuescore.com/tournament/Oslo+BK+Klubbturnering+H%C3%B8stserie+6%252F14/47691679,2024-09-25T16:00:00Z
49471678,3-vant HC-turnering,https://cuescore.com/tournament/3-vant+HC-turnering/49471678,2024-09-24T15:00:00Z
47692147,Mandagsturnering for alle,https://cuescore.com/tournament/Mandagsturnering+for+alle/47692147,2024-09-23T16:00:00Z
47692348,Mandagsturnering for C&D-liga,https://cuescore.com/tournament/Mandagsturnering+for+C%2526D-liga/47692348,2024-09-23T16:00:00Z
47691670,Oslo BK Klubbturnering Høstserie 5/14,https://cuescore.com/tournament/Oslo+BK+Klubbturnering+H%C3%B8stserie+5%252F14/47691670,2024-09-18T16:00:00Z
49128169,3-vant Tirsdagsturnering,https://cuescore.com/tournament/3-vant+Tirsdagsturnering/49128169,2024-09-17T15:15:00Z
47692237,Mandagsturnering for C&D-liga,https://cuescore.com/tournament/Mandagsturnering+for+C%2526D-liga/47692237,2024-09-16T16:00:00Z
47692036,Mandagsturnering for alle,https://cuescore.com/tournament/Mandagsturnering+for+alle/47692036,2024-09-16T16:00:00Z
47691649,Oslo BK Klubbturnering Høstserie 4/14,https://cuescore.com/tournament/Oslo+BK+Klubbturnering+H%C3%B8stserie+4%252F14/47691649,2024-09-11T16:00:00Z
48398677,3-vant HC-turnering,https://cuescore.com/tournament/3-vant+HC-turnering/48398677,2024-09-10T16:00:00Z
47692231,Mandagsturnering for C&D-liga: Bragging Rights!!,https://cuescore.com/tournament/Mandagsturnering+for+C%2526D-liga%3A+Bragging+Rights%21%21/47692231,2024-09-09T16:00:00Z
47692012,Mandagsturnering for ALLE,https://cuescore.com/tournament/Mandagsturnering+for+ALLE/47692012,2024-09-09T16:00:00Z
48251845,Treningsturn H,https://cuescore.com/tournament/Treningsturn+H/48251845,2024-09-05T17:00:00Z
47689960,Oslo BK Klubbturnering Høstserie 3/14,https://cuescore.com/tournament/Oslo+BK+Klubbturnering+H%C3%B8stserie+3%252F14/47689960,2024-09-04T16:00:00Z
48141958,3-vant Tirsdagsturnering,https://cuescore.com/tournament/3-vant+Tirsdagsturnering/48141958,2024-09-03T15:00:00Z
47692222,Mandagsturnering for C&D-liga: Bragging Rights!!,https://cuescore.com/tournament/Mandagsturnering+for+C%2526D-liga%3A+Bragging+Rights%21%21/47692222,2024-09-02T16:00:00Z
47691994,Mandagsturnering for ALLE,https://cuescore.com/tournament/Mandagsturnering+for+ALLE/47691994,2024-09-02T16:00:00Z
45923464,Mixed Scotch Double no.14 @CUE,https://cuescore.com/tournament/Mixed+Scotch+Double+no.14+%40CUE/45923464,2024-08-31T12:30:00Z
47689402,Oslo BK Klubbturnering Høstserie 2/14,https://cuescore.com/tournament/Oslo+BK+Klubbturnering+H%C3%B8stserie+2%252F14/47689402,2024-08-28T16:00:00Z
47698720,3-vant HC-turnering,https://cuescore.com/tournament/3-vant+HC-turnering/47698720,2024-08-27T15:00:00Z
47692162,Mandagsturnering for C&D-liga,https://cuescore.com/tournament/Mandagsturnering+for+C%2526D-liga/47692162,2024-08-26T16:00:00Z
47691967,Mandagsturnering for ALLE,https://cuescore.com/tournament/Mandagsturnering+for+ALLE/47691967,2024-08-26T16:00:00Z
47036800,Klubbturnering Høstserie 1/14,https://cuescore.com/tournament/Klubbturnering+H%C3%B8stserie+1%252F14/47036800,2024-08-21T16:00:00Z
47330260,3-vant Tirsdagsturnering,https://cuescore.com/tournament/3-vant+Tirsdagsturnering/47330260,2024-08-20T15:00:00Z
47036911,Mandagsturnering for C&D-liga Høstserie 1/14,https://cuescore.com/tournament/Mandagsturnering+for+C%2526D-liga+H%C3%B8stserie+1%252F14/47036911,2024-08-19T16:00:00Z
47036665,Mandagsturnering for ALLE,https://cuescore.com/tournament/Mandagsturnering+for+ALLE/47036665,2024-08-19T16:00:00Z
46715314,Oslo BK Klubbturnering,https://cuescore.com/tournament/Oslo+BK+Klubbturnering/46715314,2024-08-14T16:00:00Z
46985428,3-vant HC-turnering,https://cuescore.com/tournament/3-vant+HC-turnering/46985428,2024-08-13T15:00:00Z
46642558,Mandagsturnering for ALLE,https://cuescore.com/tournament/Mandagsturnering+for+ALLE/46642558,2024-08-12T16:00:00Z
46430416,Oslo BK Klubbturnering,https://cuescore.com/tournament/Oslo+BK+Klubbturnering/46430416,2024-08-07T16:00:00Z
46600066,3-vant Tirsdagsturnering,https://cuescore.com/tournament/3-vant+Tirsdagsturnering/46600066,2024-08-06T15:30:00Z
46595956,Mandagsturnering for ALLE,https://cuescore.com/tournament/Mandagsturnering+for+ALLE/46595956,2024-08-05T16:00:00Z
45657148,Oslo BK Sommertour V Multiball,https://cuescore.com/tournament/Oslo+BK+Sommertour+V+Multiball/45657148,2024-08-03T11:00:00Z
45923092,Oslo BK Klubbturnering,https://cuescore.com/tournament/Oslo+BK+Klubbturnering/45923092,2024-07-31T16:00:00Z
46279183,3-vant HC-turnering,https://cuescore.com/tournament/3-vant+HC-turnering/46279183,2024-07-30T15:00:00Z
44280028,Mandagsturnering for ALLE,https://cuescore.com/tournament/Mandagsturnering+for+ALLE/44280028,2024-07-29T16:00:00Z
45613027,Oslo BK Sommertour IV 5/9 an,https://cuescore.com/tournament/Oslo+BK+Sommertour+IV+5%252F9+an/45613027,2024-07-27T11:00:00Z
46164205,Oslo BK Klubbturnering,https://cuescore.com/tournament/Oslo+BK+Klubbturnering/46164205,2024-07-24T16:00:00Z
45923086,Oslo BK Klubbturnering,https://cuescore.com/tournament/Oslo+BK+Klubbturnering/45923086,2024-07-24T16:00:00Z
46018600,3-vant Tirsdagsturnering,https://cuescore.com/tournament/3-vant+Tirsdagsturnering/46018600,2024-07-23T15:00:00Z
45919432,Mandagsturnering for ALLE,https://cuescore.com/tournament/Mandagsturnering+for+ALLE/45919432,2024-07-22T16:00:00Z
45155158,Oslo BK Sommertour III,https://cuescore.com/tournament/Oslo+BK+Sommertour+III/45155158,2024-07-20T11:00:00Z
45703357,Oslo BK Klubbturnering,https://cuescore.com/tournament/Oslo+BK+Klubbturnering/45703357,2024-07-17T16:00:00Z
45758506,Tirsdags tourney,https://cuescore.com/tournament/Tirsdags+tourney/45758506,2024-07-16T16:15:00Z
44280016,Mandagsturnering for ALLE,https://cuescore.com/tournament/Mandagsturnering+for+ALLE/44280016,2024-07-15T16:00:00Z
44722009,Oslo BK Sommertour II,https://cuescore.com/tournament/Oslo+BK+Sommertour+II/44722009,2024-07-13T11:00:00Z
45501643,Oslo BK Klubbturnering,https://cuescore.com/tournament/Oslo+BK+Klubbturnering/45501643,2024-07-10T16:00:00Z
44280010,Mandagsturnering for ALLE,https://cuescore.com/tournament/Mandagsturnering+for+ALLE/44280010,2024-07-08T16:00:00Z
44355742,Oslo BK Sommertour I,https://cuescore.com/tournament/Oslo+BK+Sommertour+I/44355742,2024-07-06T11:00:00Z
44476267,Oslo BK Klubbturnering,https://cuescore.com/tournament/Oslo+BK+Klubbturnering/44476267,2024-07-03T16:00:00Z
44916973,3-vant HC-turnering,https://cuescore.com/tournament/3-vant+HC-turnering/44916973,2024-07-02T15:00:00Z
44279986,Mandagsturnering for ALLE,https://cuescore.com/tournament/Mandagsturnering+for+ALLE/44279986,2024-07-01T16:00:00Z
44476033,Oslo BK Klubbturnering,https://cuescore.com/tournament/Oslo+BK+Klubbturnering/44476033,2024-06-26T16:00:00Z
44497921,3-vant Tirsdagsturnering,https://cuescore.com/tournament/3-vant+Tirsdagsturnering/44497921,2024-06-25T15:00:00Z
44476027,Mandagsturnering for ALLE!,https://cuescore.com/tournament/Mandagsturnering+for+ALLE%21/44476027,2024-06-24T16:00:00Z
37714462,Mixed Scotch Double no.13 @ CUE,https://cuescore.com/tournament/Mixed+Scotch+Double+no.13+%40+CUE/37714462,2024-06-22T12:30:00Z
44355724,Oslo BK Klubbturnering,https://cuescore.com/tournament/Oslo+BK+Klubbturnering/44355724,2024-06-19T16:00:00Z
44363911,3-vant HC-turnering,https://cuescore.com/tournament/3-vant+HC-turnering/44363911,2024-06-18T16:00:00Z
44355796,Mandagsturnering for ALLE!,https://cuescore.com/tournament/Mandagsturnering+for+ALLE%21/44355796,2024-06-17T16:00:00Z
44183785,Oslo BK Klubbturnering,https://cuescore.com/tournament/Oslo+BK+Klubbturnering/44183785,2024-06-12T16:00:00Z
44188450,3-vant Tirsdagsturnering,https://cuescore.com/tournament/3-vant+Tirsdagsturnering/44188450,2024-06-11T15:00:00Z
44175136,OBK Mandagsturnering C/D: 9-ball,https://cuescore.com/tournament/OBK+Mandagsturnering+C%252FD%3A+9-ball/44175136,2024-06-10T16:00:00Z
43849873,Oslo BK Klubbturnering,https://cuescore.com/tournament/Oslo+BK+Klubbturnering/43849873,2024-06-05T16:00:00Z
43852939,3-vant HC-turnering,https://cuescore.com/tournament/3-vant+HC-turnering/43852939,2024-06-04T15:00:00Z
43818523,Mandagsturnering for C&D-liga,https://cuescore.com/tournament/Mandagsturnering+for+C%2526D-liga/43818523,2024-06-03T16:00:00Z
43517131,3-vant HC-turnering Torsdag,https://cuescore.com/tournament/3-vant+HC-turnering+Torsdag/43517131,2024-05-30T15:00:00Z
43177456,Oslo BK Klubbturnering,https://cuescore.com/tournament/Oslo+BK+Klubbturnering/43177456,2024-05-29T16:00:00Z
43497466,Oslo BK Mandagsturnering 10-ball,https://cuescore.com/tournament/Oslo+BK+Mandagsturnering+10-ball/43497466,2024-05-27T16:00:00Z
43201369,Oslo BK Klubbturnering,https://cuescore.com/tournament/Oslo+BK+Klubbturnering/43201369,2024-05-22T16:00:00Z
42773461,Turnering for amatører og nybegynnere,https://cuescore.com/tournament/Turnering+for+amat%C3%B8rer+og+nybegynnere/42773461,2024-05-21T15:00:00Z
43173127,3-vant Tirsdagsturnering,https://cuescore.com/tournament/3-vant+Tirsdagsturnering/43173127,2024-05-21T15:00:00Z
40279579,B-liga turnering II,https://cuescore.com/tournament/B-liga+turnering+II/40279579,2024-05-18T11:15:00Z
43072570,Flr17maitour,https://cuescore.com/tournament/Flr17maitour/43072570,2024-05-16T17:16:00Z
42274549,Oslo BK Vårfinale Topp 8,https://cuescore.com/tournament/Oslo+BK+V%C3%A5rfinale+Topp+8/42274549,2024-05-15T16:00:00Z
42926308,Oslo BK Klubbturnering,https://cuescore.com/tournament/Oslo+BK+Klubbturnering/42926308,2024-05-15T16:00:00Z
43023493,Osofototour,https://cuescore.com/tournament/Osofototour/43023493,2024-05-14T16:00:00Z
43012720,3-vant HC-turnering,https://cuescore.com/tournament/3-vant+HC-turnering/43012720,2024-05-14T15:00:00Z
37714351,Mixed Scotch Double no.12 @ CUE,https://cuescore.com/tournament/Mixed+Scotch+Double+no.12+%40+CUE/37714351,2024-05-11T12:30:00Z
42274795,Oslo BK Klubbturnering,https://cuescore.com/tournament/Oslo+BK+Klubbturnering/42274795,2024-05-08T16:00:00Z
42782911,OBK klubbturnering,https://cuescore.com/tournament/OBK+klubbturnering/42782911,2024-05-08T16:00:00Z
42697348,3-vant Tirsdagsturnering,https://cuescore.com/tournament/3-vant+Tirsdagsturnering/42697348,2024-05-07T15:10:00Z
42692767,OBK Mandagsturnering C/D: 9-ball,https://cuescore.com/tournament/OBK+Mandagsturnering+C%252FD%3A+9-ball/42692767,2024-05-06T16:00:00Z
42547858,OBK 1.mai turnering 🎉 Kl.17!!,https://cuescore.com/tournament/OBK+1.mai+turnering+%F0%9F%8E%89+Kl.17%21%21/42547858,2024-05-01T15:05:00Z
42446869,3-vant HC-turnering,https://cuescore.com/tournament/3-vant+HC-turnering/42446869,2024-04-30T15:00:00Z
42440206,Mandagsturnering C&D-spillere: 8-ball,https://cuescore.com/tournament/Mandagsturnering+C%2526D-spillere%3A+8-ball/42440206,2024-04-29T16:00:00Z
41921992,Oslo BK Klubbturnering Vårserie 14/14,https://cuescore.com/tournament/Oslo+BK+Klubbturnering+V%C3%A5rserie+14%252F14/41921992,2024-04-24T16:00:00Z
42205636,3-vant Tirsdagsturnering,https://cuescore.com/tournament/3-vant+Tirsdagsturnering/42205636,2024-04-23T15:10:00Z
42204679,Mandagsturnering Special Edition 7-ball,https://cuescore.com/tournament/Mandagsturnering+Special+Edition+7-ball/42204679,2024-04-22T16:00:00Z
37714342,Mixed Scotch Double no.11 @ CUE,https://cuescore.com/tournament/Mixed+Scotch+Double+no.11+%40+CUE/37714342,2024-04-20T11:00:00Z
41921983,Oslo BK Klubbturnering Vårserie 13/14,https://cuescore.com/tournament/Oslo+BK+Klubbturnering+V%C3%A5rserie+13%252F14/41921983,2024-04-17T16:00:00Z
41943160,3-vant HC-turnering,https://cuescore.com/tournament/3-vant+HC-turnering/41943160,2024-04-16T15:00:00Z
41926279,Oslo BK D-ligaen Vårserie 14/14: 9-ball,https://cuescore.com/tournament/Oslo+BK+D-ligaen+V%C3%A5rserie+14%252F14%3A+9-ball/41926279,2024-04-15T16:00:00Z
41899936,Oslo BK C-ligaen Vårserie 14/14: 9-ball,https://cuescore.com/tournament/Oslo+BK+C-ligaen+V%C3%A5rserie+14%252F14%3A+9-ball/41899936,2024-04-15T16:00:00Z
41551393,Triple Cup - Pool,https://cuescore.com/tournament/Triple+Cup+-+Pool/41551393,2024-04-13T14:00:00Z
41551360,Triple Cup - Carambole 1. runde,https://cuescore.com/tournament/Triple+Cup+-+Carambole+1.+runde/41551360,2024-04-13T09:00:00Z
41698363,Triple Cup - Carambole Sluttspill,https://cuescore.com/tournament/Triple+Cup+-+Carambole+Sluttspill/41698363,2024-04-13T09:00:00Z
40382545,Triple Cup,https://cuescore.com/tournament/Triple+Cup/40382545,2024-04-12T15:00:00Z
36728935,Lakskampen 2024 - FLYTTET TIL Q3,https://cuescore.com/tournament/Lakskampen+2024+-+FLYTTET+TIL+Q3/36728935,2024-04-12T14:00:00Z
41624266,Testing testing,https://cuescore.com/tournament/Testing+testing/41624266,2024-04-11T16:00:00Z
36513811,Oslo BK Klubbturnering Vårserie 12/14,https://cuescore.com/tournament/Oslo+BK+Klubbturnering+V%C3%A5rserie+12%252F14/36513811,2024-04-10T16:00:00Z
41565493,3-vant Tirsdagsturnering,https://cuescore.com/tournament/3-vant+Tirsdagsturnering/41565493,2024-04-09T15:00:00Z
41508628,Oslo BK C-ligaen Vårserie 13/14: Bragging Rights,https://cuescore.com/tournament/Oslo+BK+C-ligaen+V%C3%A5rserie+13%252F14%3A+Bragging+Rights/41508628,2024-04-08T16:00:00Z
41115943,Kvinnetrening-turnering,https://cuescore.com/tournament/Kvinnetrening-turnering/41115943,2024-04-04T16:00:00Z
36513790,Oslo BK Klubbturnering Vårserie 11/14,https://cuescore.com/tournament/Oslo+BK+Klubbturnering+V%C3%A5rserie+11%252F14/36513790,2024-04-03T16:00:00Z
41352238,3-vant HC-turnering,https://cuescore.com/tournament/3-vant+HC-turnering/41352238,2024-04-02T15:00:00Z
36515887,Oslo BK Klubbturnering Påskeedition,https://cuescore.com/tournament/Oslo+BK+Klubbturnering+P%C3%A5skeedition/36515887,2024-03-27T17:00:00Z
41143786,Norge vs Sverige,https://cuescore.com/tournament/Norge+vs+Sverige/41143786,2024-03-26T17:00:00Z
40995274,Oslo BK D-ligaen Vårserie 12/14: 5a-9a,https://cuescore.com/tournament/Oslo+BK+D-ligaen+V%C3%A5rserie+12%252F14%3A+5a-9a/40995274,2024-03-25T17:00:00Z
40995253,Oslo BK C-ligaen Vårserie 12/14: 5a-9a,https://cuescore.com/tournament/Oslo+BK+C-ligaen+V%C3%A5rserie+12%252F14%3A+5a-9a/40995253,2024-03-25T17:00:00Z
40997128,Practice match,https://cuescore.com/tournament/Practice+match/40997128,2024-03-21T17:00:00Z
36513769,Oslo BK Klubbturnering Vårserie 10/14,https://cuescore.com/tournament/Oslo+BK+Klubbturnering+V%C3%A5rserie+10%252F14/36513769,2024-03-20T17:00:00Z
40921906,3-vant HC-turnering,https://cuescore.com/tournament/3-vant+HC-turnering/40921906,2024-03-19T16:00:00Z
40873945,Oslo BK C-ligaen Vårserie 11/14: 8-ball,https://cuescore.com/tournament/Oslo+BK+C-ligaen+V%C3%A5rserie+11%252F14%3A+8-ball/40873945,2024-03-18T17:00:00Z
40873963,Oslo BK D-ligaen Vårserie 11/14: 8-ball,https://cuescore.com/tournament/Oslo+BK+D-ligaen+V%C3%A5rserie+11%252F14%3A+8-ball/40873963,2024-03-18T17:00:00Z
40875643,One rack,https://cuescore.com/tournament/One+rack/40875643,2024-03-16T17:00:00Z
40878748,Bank pool,https://cuescore.com/tournament/Bank+pool/40878748,2024-03-16T17:00:00Z
40218460,B-Liga turnering I,https://cuescore.com/tournament/B-Liga+turnering+I/40218460,2024-03-16T12:00:00Z
36513169,Oslo BK Klubbturnering Vårserie 9/14(obs: bytte til torsdag!),https://cuescore.com/tournament/Oslo+BK+Klubbturnering+V%C3%A5rserie+9%252F14%28obs%3A+bytte+til+torsdag%21%29/36513169,2024-03-14T17:00:00Z
40676440,3-vant Tirsdagsturnering,https://cuescore.com/tournament/3-vant+Tirsdagsturnering/40676440,2024-03-12T16:15:00Z
40457998,Oslo BK C-ligaen Vårserie 10/14: Bragging Rights,https://cuescore.com/tournament/Oslo+BK+C-ligaen+V%C3%A5rserie+10%252F14%3A+Bragging+Rights/40457998,2024-03-11T17:00:00Z
40646350,The winner takes it all,https://cuescore.com/tournament/The+winner+takes+it+all/40646350,2024-03-09T18:00:00Z
37714195,Mixed Scotch Double no.10 @ CUE,https://cuescore.com/tournament/Mixed+Scotch+Double+no.10+%40+CUE/37714195,2024-03-09T12:00:00Z
36511846,Oslo BK Klubbturnering Vårserie 8/14,https://cuescore.com/tournament/Oslo+BK+Klubbturnering+V%C3%A5rserie+8%252F14/36511846,2024-03-06T17:00:00Z
40468405,Bragging Rights Match #1!,https://cuescore.com/tournament/Bragging+Rights+Match+%25231%21/40468405,2024-03-05T18:00:00Z
40446757,3-vant HC-turnering,https://cuescore.com/tournament/3-vant+HC-turnering/40446757,2024-03-05T16:00:00Z
40448179,Oslo BK D-ligaen Vårserie 9/14: 9-ball,https://cuescore.com/tournament/Oslo+BK+D-ligaen+V%C3%A5rserie+9%252F14%3A+9-ball/40448179,2024-03-04T17:00:00Z
39841765,Oslo BK C-ligaen Vårserie 9/14: 9-ball,https://cuescore.com/tournament/Oslo+BK+C-ligaen+V%C3%A5rserie+9%252F14%3A+9-ball/39841765,2024-03-04T17:00:00Z
39856168,A-liga,https://cuescore.com/tournament/A-liga/39856168,2024-03-02T11:00:00Z
40322455,3-vant Scotch Double,https://cuescore.com/tournament/3-vant+Scotch+Double/40322455,2024-02-29T17:00:00Z
36511825,Oslo BK Klubbturnering Vårserie 7/14,https://cuescore.com/tournament/Oslo+BK+Klubbturnering+V%C3%A5rserie+7%252F14/36511825,2024-02-28T17:00:00Z
40249678,3-vant Tirsdagsturnering,https://cuescore.com/tournament/3-vant+Tirsdagsturnering/40249678,2024-02-27T16:00:00Z
39841759,Oslo BK D-ligaen Vårserie 8/14: 5a-9a,https://cuescore.com/tournament/Oslo+BK+D-ligaen+V%C3%A5rserie+8%252F14%3A+5a-9a/39841759,2024-02-26T17:00:00Z
39841753,Oslo BK C-ligaen Vårserie 8/14: 5a-9a,https://cuescore.com/tournament/Oslo+BK+C-ligaen+V%C3%A5rserie+8%252F14%3A+5a-9a/39841753,2024-02-26T17:00:00Z
40191676,CUE Oslo - Västerås WARM UP LOSER CUP,https://cuescore.com/tournament/CUE+Oslo+-+V%C3%A4ster%C3%A5s+WARM+UP+LOSER+CUP/40191676,2024-02-23T17:00:00Z
40191154,CUE Oslo - Västerås WARM UP,https://cuescore.com/tournament/CUE+Oslo+-+V%C3%A4ster%C3%A5s+WARM+UP/40191154,2024-02-23T17:00:00Z
36515500,Oslo BK Klubbturnering 5/9-an,https://cuescore.com/tournament/Oslo+BK+Klubbturnering+5%252F9-an/36515500,2024-02-21T17:00:00Z
39913975,3-vant HC-turnering,https://cuescore.com/tournament/3-vant+HC-turnering/39913975,2024-02-20T16:00:00Z
39841747,Oslo BK D-ligaen Vårserie 7/14: 9-ball,https://cuescore.com/tournament/Oslo+BK+D-ligaen+V%C3%A5rserie+7%252F14%3A+9-ball/39841747,2024-02-19T17:00:00Z
39841741,Oslo BK C-ligaen Vårserie 7/14: 9-ball,https://cuescore.com/tournament/Oslo+BK+C-ligaen+V%C3%A5rserie+7%252F14%3A+9-ball/39841741,2024-02-19T17:00:00Z
39090448,3-vant Scotch Double,https://cuescore.com/tournament/3-vant+Scotch+Double/39090448,2024-02-15T17:00:00Z
36511795,Oslo BK Klubbturnering Vårserie 6/14,https://cuescore.com/tournament/Oslo+BK+Klubbturnering+V%C3%A5rserie+6%252F14/36511795,2024-02-14T17:00:00Z
38997661,3-vant Tirsdagsturnering,https://cuescore.com/tournament/3-vant+Tirsdagsturnering/38997661,2024-02-13T16:00:00Z
36520810,Oslo BK C-ligaen Vårserie 6/14,https://cuescore.com/tournament/Oslo+BK+C-ligaen+V%C3%A5rserie+6%252F14/36520810,2024-02-12T17:00:00Z
38992954,Oslo BK D-ligaen Vårserie 6/14,https://cuescore.com/tournament/Oslo+BK+D-ligaen+V%C3%A5rserie+6%252F14/38992954,2024-02-12T17:00:00Z
36511777,Oslo BK Klubbturnering Vårserie 5/14,https://cuescore.com/tournament/Oslo+BK+Klubbturnering+V%C3%A5rserie+5%252F14/36511777,2024-02-07T17:00:00Z
38683189,3-vant HC-turnering,https://cuescore.com/tournament/3-vant+HC-turnering/38683189,2024-02-06T16:00:00Z
38725948,Tirsdag på Lumber,https://cuescore.com/tournament/Tirsdag+p%C3%A5+Lumber/38725948,2024-02-06T16:00:00Z
38698324,Oslo BK D-ligaen Vårserie 5/14: 9-ball,https://cuescore.com/tournament/Oslo+BK+D-ligaen+V%C3%A5rserie+5%252F14%3A+9-ball/38698324,2024-02-05T17:00:00Z
36520792,Oslo BK C-ligaen Vårserie 5/14: Bragging Rights,https://cuescore.com/tournament/Oslo+BK+C-ligaen+V%C3%A5rserie+5%252F14%3A+Bragging+Rights/36520792,2024-02-05T17:00:00Z
38445235,OBK One pocket sluttspill,https://cuescore.com/tournament/OBK+One+pocket+sluttspill/38445235,2024-02-03T17:00:00Z
38668327,One rack,https://cuescore.com/tournament/One+rack/38668327,2024-02-03T17:00:00Z
34775440,Mixed Scotch Double no.9 @ CUE,https://cuescore.com/tournament/Mixed+Scotch+Double+no.9+%40+CUE/34775440,2024-02-03T12:00:00Z
35834287,OBK OnePocket turnering,https://cuescore.com/tournament/OBK+OnePocket+turnering/35834287,2024-02-03T10:00:00Z
36511768,Oslo BK Klubbturnering Vårserie 4/14,https://cuescore.com/tournament/Oslo+BK+Klubbturnering+V%C3%A5rserie+4%252F14/36511768,2024-01-31T17:00:00Z
37771168,3-vant Tirsdagsturnering,https://cuescore.com/tournament/3-vant+Tirsdagsturnering/37771168,2024-01-30T16:00:00Z
37779817,Oslo BK D-ligaen Vårserie 4/14: 5a-9a,https://cuescore.com/tournament/Oslo+BK+D-ligaen+V%C3%A5rserie+4%252F14%3A+5a-9a/37779817,2024-01-29T17:00:00Z
36520705,Oslo BK C-ligaen Vårserie 4/14: 5a-9a,https://cuescore.com/tournament/Oslo+BK+C-ligaen+V%C3%A5rserie+4%252F14%3A+5a-9a/36520705,2024-01-29T17:00:00Z
36511756,Oslo BK Klubbturnering Vårserie 3/14,https://cuescore.com/tournament/Oslo+BK+Klubbturnering+V%C3%A5rserie+3%252F14/36511756,2024-01-24T17:00:00Z
37349863,3-vant HC-turnering,https://cuescore.com/tournament/3-vant+HC-turnering/37349863,2024-01-23T16:00:00Z
36520699,Oslo BK C-ligaen Vårserie 3/14,https://cuescore.com/tournament/Oslo+BK+C-ligaen+V%C3%A5rserie+3%252F14/36520699,2024-01-22T17:00:00Z
37348942,Oslo BK D-ligaen Vårserie 3/14,https://cuescore.com/tournament/Oslo+BK+D-ligaen+V%C3%A5rserie+3%252F14/37348942,2024-01-22T17:00:00Z
36511729,Oslo BK Klubbturnering Vårserie 2/14,https://cuescore.com/tournament/Oslo+BK+Klubbturnering+V%C3%A5rserie+2%252F14/36511729,2024-01-17T17:00:00Z
36990115,3-vant Tirsdagsturnering,https://cuescore.com/tournament/3-vant+Tirsdagsturnering/36990115,2024-01-16T16:00:00Z
36520684,Oslo BK C-ligaen Vårserie 2/14,https://cuescore.com/tournament/Oslo+BK+C-ligaen+V%C3%A5rserie+2%252F14/36520684,2024-01-15T17:00:00Z
36984778,Oslo BK D-ligaen Vårserie 2/14,https://cuescore.com/tournament/Oslo+BK+D-ligaen+V%C3%A5rserie+2%252F14/36984778,2024-01-15T17:00:00Z
34773304,Mixed Scotch Double no.8 @ CUE: Warm Up Edition!,https://cuescore.com/tournament/Mixed+Scotch+Double+no.8+%40+CUE%3A+Warm+Up+Edition%21/34773304,2024-01-14T12:00:00Z
36511714,Oslo BK Klubbturnering Vårserie 1/14,https://cuescore.com/tournament/Oslo+BK+Klubbturnering+V%C3%A5rserie+1%252F14/36511714,2024-01-10T17:00:00Z
36234760,OBK Nybegynner-turnering,https://cuescore.com/tournament/OBK+Nybegynner-turnering/36234760,2024-01-09T17:00:00Z
36670507,3-vant HC-turnering,https://cuescore.com/tournament/3-vant+HC-turnering/36670507,2024-01-09T16:00:00Z
36520480,Oslo BK C-ligaen Vårserie 1/14: Bragging Rights,https://cuescore.com/tournament/Oslo+BK+C-ligaen+V%C3%A5rserie+1%252F14%3A+Bragging+Rights/36520480,2024-01-08T17:00:00Z
36666493,Oslo BK D-ligaen Vårserie 1/14,https://cuescore.com/tournament/Oslo+BK+D-ligaen+V%C3%A5rserie+1%252F14/36666493,2024-01-08T17:00:00Z
36472768,OBK klubbturnering,https://cuescore.com/tournament/OBK+klubbturnering/36472768,2024-01-03T17:00:00Z
36472189,3-vant Tirsdagsturnering,https://cuescore.com/tournament/3-vant+Tirsdagsturnering/36472189,2024-01-02T16:00:00Z
34809064,OBK Klubbmesterskap 2023,https://cuescore.com/tournament/OBK+Klubbmesterskap+2023/34809064,2023-12-27T16:00:00Z
34802626,OBK Klubbmesterskap 2023,https://cuescore.com/tournament/OBK+Klubbmesterskap+2023/34802626,2023-12-26T16:00:00Z
36216613,OBK Klubbturnering: 5a-9a,https://cuescore.com/tournament/OBK+Klubbturnering%3A+5a-9a/36216613,2023-12-20T17:00:00Z
36214483,3-vant HC-turnering,https://cuescore.com/tournament/3-vant+HC-turnering/36214483,2023-12-19T16:00:00Z
36211111,Mandagsturnering for C&D liga: 5a-9a,https://cuescore.com/tournament/Mandagsturnering+for+C%2526D+liga%3A+5a-9a/36211111,2023-12-18T17:00:00Z
35828203,Oslo BK Høstserie 2023 Seriefinale (Topp 8),https://cuescore.com/tournament/Oslo+BK+H%C3%B8stserie+2023+Seriefinale+%28Topp+8%29/35828203,2023-12-13T17:00:00Z
35912224,Oslo BK Klubbturnering,https://cuescore.com/tournament/Oslo+BK+Klubbturnering/35912224,2023-12-13T16:52:00Z
35913583,Peter Cleaverley Memorial  2023,https://cuescore.com/tournament/Peter+Cleaverley+Memorial++2023/35913583,2023-12-12T16:00:00Z
36063010,Mandags-desperatetterturnering-turnering,https://cuescore.com/tournament/Mandags-desperatetterturnering-turnering/36063010,2023-12-11T17:00:00Z
35841997,Klubbturnering OBK,https://cuescore.com/tournament/Klubbturnering+OBK/35841997,2023-12-06T17:00:00Z
35822302,3-vant Tirsdagsturnering,https://cuescore.com/tournament/3-vant+Tirsdagsturnering/35822302,2023-12-05T16:00:00Z
35822521,Mandagsturnering i C & D-liga,https://cuescore.com/tournament/Mandagsturnering+i+C+%2526+D-liga/35822521,2023-12-04T17:00:00Z
35172058,Oslo BK Klubbturnering Høstserie 14/14,https://cuescore.com/tournament/Oslo+BK+Klubbturnering+H%C3%B8stserie+14%252F14/35172058,2023-11-29T17:00:00Z
35604667,Skanska Fadderarrangement,https://cuescore.com/tournament/Skanska+Fadderarrangement/35604667,2023-11-28T17:00:00Z
34790182,Oslo BK C-liga Høstserie 14/14,https://cuescore.com/tournament/Oslo+BK+C-liga+H%C3%B8stserie+14%252F14/34790182,2023-11-27T17:00:00Z
34790191,Oslo BK D-liga Høstserie 14/14,https://cuescore.com/tournament/Oslo+BK+D-liga+H%C3%B8stserie+14%252F14/34790191,2023-11-27T17:00:00Z
35474683,OBK B-Liga turnering I,https://cuescore.com/tournament/OBK+B-Liga+turnering+I/35474683,2023-11-27T17:00:00Z
35172040,Oslo BK Klubbturnering Høstserie 13/14,https://cuescore.com/tournament/Oslo+BK+Klubbturnering+H%C3%B8stserie+13%252F14/35172040,2023-11-22T17:00:00Z
35309095,3-vant Tirsdagsturnering,https://cuescore.com/tournament/3-vant+Tirsdagsturnering/35309095,2023-11-21T16:00:00Z
34790164,Oslo BK C-liga Høstserie 13/14,https://cuescore.com/tournament/Oslo+BK+C-liga+H%C3%B8stserie+13%252F14/34790164,2023-11-20T17:00:00Z
34790170,Oslo BK D-liga Høstserie 13/14,https://cuescore.com/tournament/Oslo+BK+D-liga+H%C3%B8stserie+13%252F14/34790170,2023-11-20T17:00:00Z
35132968,Challenge match (KPD),https://cuescore.com/tournament/Challenge+match+%28KPD%29/35132968,2023-11-16T17:00:00Z
34971901,Oslo BK Klubbturnering Høstserie 12/14,https://cuescore.com/tournament/Oslo+BK+Klubbturnering+H%C3%B8stserie+12%252F14/34971901,2023-11-15T17:00:00Z
34997983,3-vant HC-turnering,https://cuescore.com/tournament/3-vant+HC-turnering/34997983,2023-11-14T16:00:00Z
34790149,Oslo BK C-liga Høstserie 12/14,https://cuescore.com/tournament/Oslo+BK+C-liga+H%C3%B8stserie+12%252F14/34790149,2023-11-13T17:00:00Z
34790158,Oslo BK D-liga Høstserie 12/14,https://cuescore.com/tournament/Oslo+BK+D-liga+H%C3%B8stserie+12%252F14/34790158,2023-11-13T17:00:00Z
34844146,Oslo BK klubbturnering Høstserie 11/14,https://cuescore.com/tournament/Oslo+BK+klubbturnering+H%C3%B8stserie+11%252F14/34844146,2023-11-08T17:00:00Z
34783162,3-vant Tirsdagsturnering,https://cuescore.com/tournament/3-vant+Tirsdagsturnering/34783162,2023-11-07T16:10:00Z
34016380,Oslo BK C-liga Høstserie 11/14,https://cuescore.com/tournament/Oslo+BK+C-liga+H%C3%B8stserie+11%252F14/34016380,2023-11-06T17:00:00Z
30091948,Mixed Scotch Double no.7 @CUE,https://cuescore.com/tournament/Mixed+Scotch+Double+no.7+%40CUE/30091948,2023-11-04T12:00:00Z
34393408,Oslo BK klubbturnering Høstserie 10/14,https://cuescore.com/tournament/Oslo+BK+klubbturnering+H%C3%B8stserie+10%252F14/34393408,2023-11-01T17:00:00Z
34433611,3-vant HC-turnering,https://cuescore.com/tournament/3-vant+HC-turnering/34433611,2023-10-31T16:00:00Z
34016368,Oslo BK C-liga Høstserie 10/14,https://cuescore.com/tournament/Oslo+BK+C-liga+H%C3%B8stserie+10%252F14/34016368,2023-10-30T17:00:00Z
34219687,Oslo BK Klubbturnering Høstserie 9/14,https://cuescore.com/tournament/Oslo+BK+Klubbturnering+H%C3%B8stserie+9%252F14/34219687,2023-10-25T16:00:00Z
34220263,3-vant Tirsdagsturnering,https://cuescore.com/tournament/3-vant+Tirsdagsturnering/34220263,2023-10-24T16:00:00Z
34016350,Oslo BK C-liga Høstserie 9/14,https://cuescore.com/tournament/Oslo+BK+C-liga+H%C3%B8stserie+9%252F14/34016350,2023-10-23T16:00:00Z
34016332,Oslo BK D-liga Høstserie 9/14,https://cuescore.com/tournament/Oslo+BK+D-liga+H%C3%B8stserie+9%252F14/34016332,2023-10-23T16:00:00Z
34019194,Oslo BK Klubbturnering Høstserie 8/14,https://cuescore.com/tournament/Oslo+BK+Klubbturnering+H%C3%B8stserie+8%252F14/34019194,2023-10-18T16:00:00Z
34056361,FourTourPool,https://cuescore.com/tournament/FourTourPool/34056361,2023-10-17T16:00:00Z
34030918,3-vant HC-turnering,https://cuescore.com/tournament/3-vant+HC-turnering/34030918,2023-10-17T15:00:00Z
33987598,Oslo BK D-liga Høstserie 8/14,https://cuescore.com/tournament/Oslo+BK+D-liga+H%C3%B8stserie+8%252F14/33987598,2023-10-16T16:00:00Z
33987667,Oslo BK C-liga Høstserie 8/14,https://cuescore.com/tournament/Oslo+BK+C-liga+H%C3%B8stserie+8%252F14/33987667,2023-10-16T16:00:00Z
33989716,Onerack Cue,https://cuescore.com/tournament/Onerack+Cue/33989716,2023-10-15T19:00:00Z
33368872,Oslo BK Klubbturnering Høstserie 7/14,https://cuescore.com/tournament/Oslo+BK+Klubbturnering+H%C3%B8stserie+7%252F14/33368872,2023-10-11T16:00:00Z
31976623,Oslo BK C-liga Høstserie 7/14,https://cuescore.com/tournament/Oslo+BK+C-liga+H%C3%B8stserie+7%252F14/31976623,2023-10-09T16:00:00Z
33731446,FourTourPoolG,https://cuescore.com/tournament/FourTourPoolG/33731446,2023-10-09T14:20:00Z
33207349,Warm-Up til Nordisk,https://cuescore.com/tournament/Warm-Up+til+Nordisk/33207349,2023-10-08T15:00:00Z
33605782,Tre musketerers tour 1,https://cuescore.com/tournament/Tre+musketerers+tour+1/33605782,2023-10-05T13:33:00Z
30539206,Oslo BK Klubbmesterskap,https://cuescore.com/tournament/Oslo+BK+Klubbmesterskap/30539206,2023-10-04T16:00:00Z
33409723,3-vant Tirsdagsturnering,https://cuescore.com/tournament/3-vant+Tirsdagsturnering/33409723,2023-10-03T15:00:00Z
33372424,Høstferie turnering C&D,https://cuescore.com/tournament/H%C3%B8stferie+turnering+C%2526D/33372424,2023-10-02T16:00:00Z
30091936,Mixed Scotch Double no.6 @ CUE,https://cuescore.com/tournament/Mixed+Scotch+Double+no.6+%40+CUE/30091936,2023-09-30T11:00:00Z
32707141,Oslo BK Klubbturnering Høstserie 6/14,https://cuescore.com/tournament/Oslo+BK+Klubbturnering+H%C3%B8stserie+6%252F14/32707141,2023-09-27T16:00:00Z
33031981,3-vant HC-turnering,https://cuescore.com/tournament/3-vant+HC-turnering/33031981,2023-09-26T15:00:00Z
31976599,Oslo BK C-liga Høstserie 6/14,https://cuescore.com/tournament/Oslo+BK+C-liga+H%C3%B8stserie+6%252F14/31976599,2023-09-25T16:00:00Z
32133340,Oslo BK Klubbturnering Høstserie 5/14,https://cuescore.com/tournament/Oslo+BK+Klubbturnering+H%C3%B8stserie+5%252F14/32133340,2023-09-20T16:00:00Z
32436577,3-vant Tirsdagsturnering,https://cuescore.com/tournament/3-vant+Tirsdagsturnering/32436577,2023-09-19T15:00:00Z
30757132,Oslo BK C-liga Høstserie 5/14,https://cuescore.com/tournament/Oslo+BK+C-liga+H%C3%B8stserie+5%252F14/30757132,2023-09-18T16:10:00Z
30757117,Oslo BK D-liga Høstserie 5/14,https://cuescore.com/tournament/Oslo+BK+D-liga+H%C3%B8stserie+5%252F14/30757117,2023-09-18T16:00:00Z
31996672,Oslo BK Klubbturnering Høstserie 4/14,https://cuescore.com/tournament/Oslo+BK+Klubbturnering+H%C3%B8stserie+4%252F14/31996672,2023-09-13T16:00:00Z
31975486,3-vant HC-turnering,https://cuescore.com/tournament/3-vant+HC-turnering/31975486,2023-09-12T15:00:00Z
30757111,Oslo BK C-liga Høstserie 4/14,https://cuescore.com/tournament/Oslo+BK+C-liga+H%C3%B8stserie+4%252F14/30757111,2023-09-11T16:00:00Z
30757102,Oslo BK D-liga Høstserie 4/14,https://cuescore.com/tournament/Oslo+BK+D-liga+H%C3%B8stserie+4%252F14/30757102,2023-09-11T16:00:00Z
31196827,Oslo BK Klubbturnering Høstserie 3/14,https://cuescore.com/tournament/Oslo+BK+Klubbturnering+H%C3%B8stserie+3%252F14/31196827,2023-09-06T16:00:00Z
31583158,3 Vant Carambole 5 sep,https://cuescore.com/tournament/3+Vant+Carambole+5+sep/31583158,2023-09-05T16:00:00Z
30757096,Oslo BK C-liga Høstserie 3/14,https://cuescore.com/tournament/Oslo+BK+C-liga+H%C3%B8stserie+3%252F14/30757096,2023-09-04T16:00:00Z
30757090,Oslo BK D-liga Høstserie 3/14,https://cuescore.com/tournament/Oslo+BK+D-liga+H%C3%B8stserie+3%252F14/30757090,2023-09-04T16:00:00Z
30903085,Oslo BK Klubbturnering Høstserie 2/14,https://cuescore.com/tournament/Oslo+BK+Klubbturnering+H%C3%B8stserie+2%252F14/30903085,2023-08-30T16:00:00Z
31034632,3-vant HC-turnering,https://cuescore.com/tournament/3-vant+HC-turnering/31034632,2023-08-29T15:00:00Z
30757078,Oslo BK D-liga Høstserie 2/14,https://cuescore.com/tournament/Oslo+BK+D-liga+H%C3%B8stserie+2%252F14/30757078,2023-08-28T16:00:00Z
30757084,Oslo BK C-liga Høstserie 2/14,https://cuescore.com/tournament/Oslo+BK+C-liga+H%C3%B8stserie+2%252F14/30757084,2023-08-28T16:00:00Z
30792346,Scotch Double 3-vant Carambole,https://cuescore.com/tournament/Scotch+Double+3-vant+Carambole/30792346,2023-08-24T16:00:00Z
30556603,Oslo BK Klubbturnering Høstserie 1/14,https://cuescore.com/tournament/Oslo+BK+Klubbturnering+H%C3%B8stserie+1%252F14/30556603,2023-08-23T16:15:00Z
30733414,3-vant Tirsdagsturnering,https://cuescore.com/tournament/3-vant+Tirsdagsturnering/30733414,2023-08-22T15:00:00Z
30636205,Oslo BK C-liga Høstserie 1/14,https://cuescore.com/tournament/Oslo+BK+C-liga+H%C3%B8stserie+1%252F14/30636205,2023-08-21T16:00:00Z
30636211,Oslo BK D-liga Høstserie 1/14,https://cuescore.com/tournament/Oslo+BK+D-liga+H%C3%B8stserie+1%252F14/30636211,2023-08-21T16:00:00Z
30642892,Lørdag på Cue 5-9,https://cuescore.com/tournament/L%C3%B8rdag+p%C3%A5+Cue+5-9/30642892,2023-08-19T11:15:00Z
30522538,Klubbturnering OBK,https://cuescore.com/tournament/Klubbturnering+OBK/30522538,2023-08-16T16:00:00Z
30545785,3-vant HC-turnering,https://cuescore.com/tournament/3-vant+HC-turnering/30545785,2023-08-15T15:00:00Z
30522520,Mandagsturnering i C&D-liga,https://cuescore.com/tournament/Mandagsturnering+i+C%2526D-liga/30522520,2023-08-14T16:00:00Z
30505603,Lørdag på Cue 5-9,https://cuescore.com/tournament/L%C3%B8rdag+p%C3%A5+Cue+5-9/30505603,2023-08-12T11:00:00Z
30079384,Klubbturnering OBK,https://cuescore.com/tournament/Klubbturnering+OBK/30079384,2023-08-09T16:15:00Z
30214869,Mandagsturnering i C & D-liga,https://cuescore.com/tournament/Mandagsturnering+i+C+%2526+D-liga/30214869,2023-08-07T16:00:00Z
30079378,Klubbturnering OBK,https://cuescore.com/tournament/Klubbturnering+OBK/30079378,2023-08-02T16:00:00Z
29191150,Mandagsturnering i C&D- liga,https://cuescore.com/tournament/Mandagsturnering+i+C%2526D-+liga/29191150,2023-07-31T16:00:00Z
28140259,Mixed Scotch Double no.5 @ CUE,https://cuescore.com/tournament/Mixed+Scotch+Double+no.5+%40+CUE/28140259,2023-07-29T11:00:00Z
29191648,Klubbturnering OBK,https://cuescore.com/tournament/Klubbturnering+OBK/29191648,2023-07-26T16:00:00Z
29191141,Mandagsturnering i C&D-liga: Scotch Double,https://cuescore.com/tournament/Mandagsturnering+i+C%2526D-liga%3A+Scotch+Double/29191141,2023-07-24T16:00:00Z
29249482,Lørdagsturnering for A&B-liga,https://cuescore.com/tournament/L%C3%B8rdagsturnering+for+A%2526B-liga/29249482,2023-07-22T11:00:00Z
29191624,Klubbturnering OBK,https://cuescore.com/tournament/Klubbturnering+OBK/29191624,2023-07-19T16:00:00Z
29191072,Mandagsturnering i C&D liga: special edition!,https://cuescore.com/tournament/Mandagsturnering+i+C%2526D+liga%3A+special+edition%21/29191072,2023-07-17T16:00:00Z
29403250,Oslo BK Klubbturnering,https://cuescore.com/tournament/Oslo+BK+Klubbturnering/29403250,2023-07-12T16:00:00Z
29191090,Mandagsturnering i C&D-liga,https://cuescore.com/tournament/Mandagsturnering+i+C%2526D-liga/29191090,2023-07-03T16:00:00Z
29069116,Klubbturnering OBK,https://cuescore.com/tournament/Klubbturnering+OBK/29069116,2023-06-28T16:00:00Z
29201203,3-vant HC-turnering,https://cuescore.com/tournament/3-vant+HC-turnering/29201203,2023-06-27T15:00:00Z
28140208,Scotch Double @ CUE,https://cuescore.com/tournament/Scotch+Double+%40+CUE/28140208,2023-06-24T11:00:00Z
29031700,Oslo BK Onsdagsturnering,https://cuescore.com/tournament/Oslo+BK+Onsdagsturnering/29031700,2023-06-21T16:10:00Z
29046532,3-vant Tirsdagsturnering,https://cuescore.com/tournament/3-vant+Tirsdagsturnering/29046532,2023-06-20T15:00:00Z
29031835,Mandagsturnering i C og D-ligaen,https://cuescore.com/tournament/Mandagsturnering+i+C+og+D-ligaen/29031835,2023-06-19T16:00:00Z
28708276,Klubbturnering OBK,https://cuescore.com/tournament/Klubbturnering+OBK/28708276,2023-06-14T16:10:00Z
28830295,3-vant HC-turnering,https://cuescore.com/tournament/3-vant+HC-turnering/28830295,2023-06-13T15:00:00Z
28025449,Mandagsturnering Special Edition,https://cuescore.com/tournament/Mandagsturnering+Special+Edition/28025449,2023-06-12T16:00:00Z
28785286,Lørdag på CUE 5a-9a,https://cuescore.com/tournament/L%C3%B8rdag+p%C3%A5+CUE+5a-9a/28785286,2023-06-10T11:15:00Z
28707853,Klubbturnering OBK,https://cuescore.com/tournament/Klubbturnering+OBK/28707853,2023-06-07T16:00:00Z
28025434,Mandagsturnering,https://cuescore.com/tournament/Mandagsturnering/28025434,2023-06-05T16:00:00Z
28674856,OneRack,https://cuescore.com/tournament/OneRack/28674856,2023-06-03T14:00:00Z
28433947,5a-9a m hcp,https://cuescore.com/tournament/5a-9a+m+hcp/28433947,2023-06-03T11:15:00Z
28456405,Klubbturnering OBK,https://cuescore.com/tournament/Klubbturnering+OBK/28456405,2023-05-31T16:00:00Z
28456699,3-vant HC-turnering,https://cuescore.com/tournament/3-vant+HC-turnering/28456699,2023-05-30T15:00:00Z
28025368,Mandagsturnering Special Edition: C- og D-liga,https://cuescore.com/tournament/Mandagsturnering+Special+Edition%3A+C-+og+D-liga/28025368,2023-05-29T15:10:00Z
28411504,Søndag på Cue,https://cuescore.com/tournament/S%C3%B8ndag+p%C3%A5+Cue/28411504,2023-05-28T13:00:00Z
27176080,Mixed Scotch Double no.4  @ CUE,https://cuescore.com/tournament/Mixed+Scotch+Double+no.4++%40+CUE/27176080,2023-05-27T11:00:00Z
28194661,Oslo BK onsdagsturnering,https://cuescore.com/tournament/Oslo+BK+onsdagsturnering/28194661,2023-05-24T16:00:00Z
28194655,Finale i vårserien 2023,https://cuescore.com/tournament/Finale+i+v%C3%A5rserien+2023/28194655,2023-05-24T16:00:00Z
28193527,3-vant Tirsdagsturnering,https://cuescore.com/tournament/3-vant+Tirsdagsturnering/28193527,2023-05-23T15:00:00Z
28025347,Mandagsturnering C liga,https://cuescore.com/tournament/Mandagsturnering+C+liga/28025347,2023-05-22T16:00:00Z
27987805,Mandagsturnering C&D-liga,https://cuescore.com/tournament/Mandagsturnering+C%2526D-liga/27987805,2023-05-15T16:00:00Z
27768268,Oslo BK Klubbturnering Vårserie 16/16,https://cuescore.com/tournament/Oslo+BK+Klubbturnering+V%C3%A5rserie+16%252F16/27768268,2023-05-10T16:00:00Z
27760138,3-vant HC-turnering,https://cuescore.com/tournament/3-vant+HC-turnering/27760138,2023-05-09T15:00:00Z
26729878,Oslo BK D-liga Vårserie 16/16,https://cuescore.com/tournament/Oslo+BK+D-liga+V%C3%A5rserie+16%252F16/26729878,2023-05-08T16:00:00Z
26729866,Oslo BK C-liga Vårserie 16/16,https://cuescore.com/tournament/Oslo+BK+C-liga+V%C3%A5rserie+16%252F16/26729866,2023-05-08T16:00:00Z
27175909,Mixed Scotch Double no.3 @ CUE,https://cuescore.com/tournament/Mixed+Scotch+Double+no.3+%40+CUE/27175909,2023-05-06T11:00:00Z
27619834,Oslo BK klubbturnering Vårserie 15/16,https://cuescore.com/tournament/Oslo+BK+klubbturnering+V%C3%A5rserie+15%252F16/27619834,2023-05-03T16:00:00Z
27570220,3-vant Tirsdagsturnering,https://cuescore.com/tournament/3-vant+Tirsdagsturnering/27570220,2023-05-02T15:00:00Z
27254224,1. Mai-turnering for C og D-liga,https://cuescore.com/tournament/1.+Mai-turnering+for+C+og+D-liga/27254224,2023-05-01T16:00:00Z
27181183,Second Chance Vårserie 14/16,https://cuescore.com/tournament/Second+Chance+V%C3%A5rserie+14%252F16/27181183,2023-04-26T16:00:00Z
27183883,Oslo BK Klubbturnering Vårserie 14/16,https://cuescore.com/tournament/Oslo+BK+Klubbturnering+V%C3%A5rserie+14%252F16/27183883,2023-04-26T16:00:00Z
27145993,3-vant HC-turnering,https://cuescore.com/tournament/3-vant+HC-turnering/27145993,2023-04-25T15:00:00Z
26729854,Oslo BK C-liga Vårserie 15/16,https://cuescore.com/tournament/Oslo+BK+C-liga+V%C3%A5rserie+15%252F16/26729854,2023-04-24T16:00:00Z
26729860,Oslo BK D-liga Vårserie 15/16,https://cuescore.com/tournament/Oslo+BK+D-liga+V%C3%A5rserie+15%252F16/26729860,2023-04-24T16:00:00Z
26726110,Oslo BK Klubbturnering Vårserie 13/16,https://cuescore.com/tournament/Oslo+BK+Klubbturnering+V%C3%A5rserie+13%252F16/26726110,2023-04-19T16:00:00Z
26791033,3-vant Tirsdagsturnering,https://cuescore.com/tournament/3-vant+Tirsdagsturnering/26791033,2023-04-18T15:00:00Z
25907116,Oslo BK D-liga Vårserie 14/16,https://cuescore.com/tournament/Oslo+BK+D-liga+V%C3%A5rserie+14%252F16/25907116,2023-04-17T16:00:00Z
25906981,Oslo BK C-liga Vårserie 14/16,https://cuescore.com/tournament/Oslo+BK+C-liga+V%C3%A5rserie+14%252F16/25906981,2023-04-17T16:00:00Z
21241732,Oslo BK Klubbturnering,https://cuescore.com/tournament/Oslo+BK+Klubbturnering/21241732,2023-04-12T16:00:00Z
26525521,3-vant HC-turnering,https://cuescore.com/tournament/3-vant+HC-turnering/26525521,2023-04-11T15:00:00Z
25906957,Oslo BK C-liga Vårserie 13/16,https://cuescore.com/tournament/Oslo+BK+C-liga+V%C3%A5rserie+13%252F16/25906957,2023-04-03T16:00:00Z
25906975,Oslo BK D-liga Vårserie 13/16,https://cuescore.com/tournament/Oslo+BK+D-liga+V%C3%A5rserie+13%252F16/25906975,2023-04-03T16:00:00Z
26320366,Interpool Warm-Up turnering,https://cuescore.com/tournament/Interpool+Warm-Up+turnering/26320366,2023-04-01T12:15:00Z
21241723,Oslo BK Klubbturnering Vårserie 12/16,https://cuescore.com/tournament/Oslo+BK+Klubbturnering+V%C3%A5rserie+12%252F16/21241723,2023-03-29T16:00:00Z
26192839,VÅRSERIE 12/16 Second Chance,https://cuescore.com/tournament/V%C3%85RSERIE+12%252F16+Second+Chance/26192839,2023-03-29T16:00:00Z
26177239,Cara 28 mars,https://cuescore.com/tournament/Cara+28+mars/26177239,2023-03-28T16:00:00Z
25906933,Oslo BK D-liga Vårserie 12/16,https://cuescore.com/tournament/Oslo+BK+D-liga+V%C3%A5rserie+12%252F16/25906933,2023-03-27T16:00:00Z
25906918,Oslo BK C-liga Vårserie 12/16,https://cuescore.com/tournament/Oslo+BK+C-liga+V%C3%A5rserie+12%252F16/25906918,2023-03-27T16:00:00Z
21241717,Oslo BK Klubbturnering Vårserie 11/16,https://cuescore.com/tournament/Oslo+BK+Klubbturnering+V%C3%A5rserie+11%252F16/21241717,2023-03-22T17:00:00Z
26003650,3-vant HC-turnering,https://cuescore.com/tournament/3-vant+HC-turnering/26003650,2023-03-21T16:00:00Z
25613284,Oslo BK D-liga Vårserie 11/16,https://cuescore.com/tournament/Oslo+BK+D-liga+V%C3%A5rserie+11%252F16/25613284,2023-03-20T17:00:00Z
25613290,Oslo BK C-liga Vårserie 11/16,https://cuescore.com/tournament/Oslo+BK+C-liga+V%C3%A5rserie+11%252F16/25613290,2023-03-20T17:00:00Z
21241705,Oslo BK Klubbturnering Vårserie 10/16,https://cuescore.com/tournament/Oslo+BK+Klubbturnering+V%C3%A5rserie+10%252F16/21241705,2023-03-15T17:00:00Z
25825660,3-vant Tirsdagsturnering,https://cuescore.com/tournament/3-vant+Tirsdagsturnering/25825660,2023-03-14T16:00:00Z
25613278,Oslo BK C-liga Vårserie 10/16,https://cuescore.com/tournament/Oslo+BK+C-liga+V%C3%A5rserie+10%252F16/25613278,2023-03-13T17:00:00Z
25613272,Oslo BK D-liga Vårserie 10/16,https://cuescore.com/tournament/Oslo+BK+D-liga+V%C3%A5rserie+10%252F16/25613272,2023-03-13T17:00:00Z
21241684,Oslo BK Klubbturnering Vårserie 9/16,https://cuescore.com/tournament/Oslo+BK+Klubbturnering+V%C3%A5rserie+9%252F16/21241684,2023-03-08T17:00:00Z
25651157,SKANSKA,https://cuescore.com/tournament/SKANSKA/25651157,2023-03-07T17:00:00Z
25617484,3-vant HC-turnering,https://cuescore.com/tournament/3-vant+HC-turnering/25617484,2023-03-07T16:00:00Z
25613266,Oslo BK C-liga Vårserie 9/16,https://cuescore.com/tournament/Oslo+BK+C-liga+V%C3%A5rserie+9%252F16/25613266,2023-03-06T17:00:00Z
25613260,Oslo BK D-liga Vårserie 9/16,https://cuescore.com/tournament/Oslo+BK+D-liga+V%C3%A5rserie+9%252F16/25613260,2023-03-06T17:00:00Z
25477642,A-liga,https://cuescore.com/tournament/A-liga/25477642,2023-03-04T12:00:00Z
25477699,B-liga,https://cuescore.com/tournament/B-liga/25477699,2023-03-04T12:00:00Z
21241675,Oslo BK Klubbturnering Vårserie 8/16,https://cuescore.com/tournament/Oslo+BK+Klubbturnering+V%C3%A5rserie+8%252F16/21241675,2023-03-01T17:00:00Z
24862195,Oslo BK D-liga Vårserie 8/16,https://cuescore.com/tournament/Oslo+BK+D-liga+V%C3%A5rserie+8%252F16/24862195,2023-02-27T17:00:00Z
24861826,Oslo BK C-liga Vårserie 8/16,https://cuescore.com/tournament/Oslo+BK+C-liga+V%C3%A5rserie+8%252F16/24861826,2023-02-27T17:00:00Z
24822634,Mixed Scotch Double no.2 @CUE,https://cuescore.com/tournament/Mixed+Scotch+Double+no.2+%40CUE/24822634,2023-02-25T13:00:00Z
22473667,3-vant Scottish Double,https://cuescore.com/tournament/3-vant+Scottish+Double/22473667,2023-02-23T17:00:00Z
21241669,Oslo BK Klubbturnering Vårserie 7/16,https://cuescore.com/tournament/Oslo+BK+Klubbturnering+V%C3%A5rserie+7%252F16/21241669,2023-02-22T17:00:00Z
24866185,3-vant Tirsdagsturnering,https://cuescore.com/tournament/3-vant+Tirsdagsturnering/24866185,2023-02-21T16:00:00Z
24861766,Oslo BK C-liga Vårserie 7/16,https://cuescore.com/tournament/Oslo+BK+C-liga+V%C3%A5rserie+7%252F16/24861766,2023-02-20T17:00:00Z
24861799,Oslo BK D-liga Vårserie 7/16,https://cuescore.com/tournament/Oslo+BK+D-liga+V%C3%A5rserie+7%252F16/24861799,2023-02-20T17:00:00Z
21241663,Oslo BK Klubbturnering Vårserie 6/16,https://cuescore.com/tournament/Oslo+BK+Klubbturnering+V%C3%A5rserie+6%252F16/21241663,2023-02-15T17:00:00Z
24716551,3-vant HC-turnering,https://cuescore.com/tournament/3-vant+HC-turnering/24716551,2023-02-14T16:00:00Z
21246283,Oslo BK C-liga Vårserie 6/16,https://cuescore.com/tournament/Oslo+BK+C-liga+V%C3%A5rserie+6%252F16/21246283,2023-02-13T17:00:00Z
21246289,Oslo BK D-liga Vårserie 6/16,https://cuescore.com/tournament/Oslo+BK+D-liga+V%C3%A5rserie+6%252F16/21246289,2023-02-13T17:00:00Z
21241657,Oslo BK Klubbturnering Vårserie 5/16,https://cuescore.com/tournament/Oslo+BK+Klubbturnering+V%C3%A5rserie+5%252F16/21241657,2023-02-08T17:00:00Z
23483176,3-vant Tirsdagsturnering,https://cuescore.com/tournament/3-vant+Tirsdagsturnering/23483176,2023-02-07T16:00:00Z
21246271,Oslo BK C-liga Vårserie 5/16,https://cuescore.com/tournament/Oslo+BK+C-liga+V%C3%A5rserie+5%252F16/21246271,2023-02-06T17:00:00Z
21246277,Oslo BK D-liga Vårserie 5/16,https://cuescore.com/tournament/Oslo+BK+D-liga+V%C3%A5rserie+5%252F16/21246277,2023-02-06T17:00:00Z
22638577,A-liga nr 1,https://cuescore.com/tournament/A-liga+nr+1/22638577,2023-02-04T12:30:00Z
21936283,OBK Kvinneturnering i 14:1,https://cuescore.com/tournament/OBK+Kvinneturnering+i+14%3A1/21936283,2023-02-04T11:00:00Z
21241642,Oslo BK Klubbturnering Vårserie 4/16,https://cuescore.com/tournament/Oslo+BK+Klubbturnering+V%C3%A5rserie+4%252F16/21241642,2023-02-01T17:00:00Z
21717250,3-vant HC-turnering,https://cuescore.com/tournament/3-vant+HC-turnering/21717250,2023-01-31T16:10:00Z
21246265,Oslo BK D-liga Vårserie 4/16,https://cuescore.com/tournament/Oslo+BK+D-liga+V%C3%A5rserie+4%252F16/21246265,2023-01-30T17:00:00Z
21246259,Oslo BK C-liga Vårserie 4/16,https://cuescore.com/tournament/Oslo+BK+C-liga+V%C3%A5rserie+4%252F16/21246259,2023-01-30T17:00:00Z
21241621,Oslo BK Klubbturnering Vårserie 3/16,https://cuescore.com/tournament/Oslo+BK+Klubbturnering+V%C3%A5rserie+3%252F16/21241621,2023-01-25T17:00:00Z
21716947,3-vant tirsdagsturnering,https://cuescore.com/tournament/3-vant+tirsdagsturnering/21716947,2023-01-24T16:00:00Z
21246208,Oslo BK D-liga Vårserie 3/16,https://cuescore.com/tournament/Oslo+BK+D-liga+V%C3%A5rserie+3%252F16/21246208,2023-01-23T17:00:00Z
21246154,Oslo BK C-liga Vårserie 3/16,https://cuescore.com/tournament/Oslo+BK+C-liga+V%C3%A5rserie+3%252F16/21246154,2023-01-23T17:00:00Z
21241612,Oslo BK Klubbturnering Vårserie 2/16,https://cuescore.com/tournament/Oslo+BK+Klubbturnering+V%C3%A5rserie+2%252F16/21241612,2023-01-18T17:00:00Z
21526186,3-vant HC-turnering,https://cuescore.com/tournament/3-vant+HC-turnering/21526186,2023-01-17T16:00:00Z
21241792,Oslo BK D-liga Vårserie 2/16,https://cuescore.com/tournament/Oslo+BK+D-liga+V%C3%A5rserie+2%252F16/21241792,2023-01-16T17:00:00Z
21241783,Oslo BK C-liga Vårserie 2/16,https://cuescore.com/tournament/Oslo+BK+C-liga+V%C3%A5rserie+2%252F16/21241783,2023-01-16T17:00:00Z
21521911,A-liga test,https://cuescore.com/tournament/A-liga+test/21521911,2023-01-15T17:30:00Z
21241591,Oslo BK Klubbturnering Vårserie 1/16,https://cuescore.com/tournament/Oslo+BK+Klubbturnering+V%C3%A5rserie+1%252F16/21241591,2023-01-11T17:00:00Z
21241822,Oslo BK Høstserie Seriefinale (Topp 8),https://cuescore.com/tournament/Oslo+BK+H%C3%B8stserie+Seriefinale+%28Topp+8%29/21241822,2023-01-10T18:00:00Z
21363976,3-vant Tirsdagsturnering,https://cuescore.com/tournament/3-vant+Tirsdagsturnering/21363976,2023-01-10T16:11:00Z
21241765,Oslo BK D-liga Vårserie 1/16,https://cuescore.com/tournament/Oslo+BK+D-liga+V%C3%A5rserie+1%252F16/21241765,2023-01-09T17:00:00Z
21241753,Oslo BK C-liga Vårserie 1/16,https://cuescore.com/tournament/Oslo+BK+C-liga+V%C3%A5rserie+1%252F16/21241753,2023-01-09T17:00:00Z
21292483,Nyttårs turnering,https://cuescore.com/tournament/Nytt%C3%A5rs+turnering/21292483,2023-01-04T17:00:00Z
21257188,3-vant HC-turnering,https://cuescore.com/tournament/3-vant+HC-turnering/21257188,2023-01-03T16:00:00Z
21224200,CC One-rack,https://cuescore.com/tournament/CC+One-rack/21224200,2022-12-30T17:00:00Z
21117673,3-vant Romjulsturnering,https://cuescore.com/tournament/3-vant+Romjulsturnering/21117673,2022-12-30T16:00:00Z
19983511,OBK S Jule turnering 2,https://cuescore.com/tournament/OBK+S+Jule+turnering+2/19983511,2022-12-27T11:00:00Z
19983520,OBK s Juleturnering 1,https://cuescore.com/tournament/OBK+s+Juleturnering+1/19983520,2022-12-26T11:00:00Z
19910335,Oslo BK Klubbturnering Høstserie 16/16,https://cuescore.com/tournament/Oslo+BK+Klubbturnering+H%C3%B8stserie+16%252F16/19910335,2022-12-21T17:00:00Z
21090172,3-vant HC-turnering,https://cuescore.com/tournament/3-vant+HC-turnering/21090172,2022-12-20T16:00:00Z
20121067,Oslo BK D-liga Høstserie 16/16,https://cuescore.com/tournament/Oslo+BK+D-liga+H%C3%B8stserie+16%252F16/20121067,2022-12-19T17:00:00Z
20121073,Oslo BK C-liga Høstserie 16/16,https://cuescore.com/tournament/Oslo+BK+C-liga+H%C3%B8stserie+16%252F16/20121073,2022-12-19T17:00:00Z
20390395,Oslo BK Klubbmesterskap 8-ball,https://cuescore.com/tournament/Oslo+BK+Klubbmesterskap+8-ball/20390395,2022-12-18T09:00:00Z
20390383,Oslo BK Klubbmesterskap 9-ball,https://cuescore.com/tournament/Oslo+BK+Klubbmesterskap+9-ball/20390383,2022-12-16T17:00:00Z
19910329,Oslo BK Klubbturnering Høstserie 15/16,https://cuescore.com/tournament/Oslo+BK+Klubbturnering+H%C3%B8stserie+15%252F16/19910329,2022-12-14T17:00:00Z
20804233,3-vant Tirsdagsturnering,https://cuescore.com/tournament/3-vant+Tirsdagsturnering/20804233,2022-12-13T16:00:00Z
20121055,Oslo BK D-liga Høstserie 15/16,https://cuescore.com/tournament/Oslo+BK+D-liga+H%C3%B8stserie+15%252F16/20121055,2022-12-12T17:00:00Z
20121061,Oslo BK C-liga Høstserie 15/16,https://cuescore.com/tournament/Oslo+BK+C-liga+H%C3%B8stserie+15%252F16/20121061,2022-12-12T17:00:00Z
19910323,Oslo BK Klubbturnering Høstserie 14/16,https://cuescore.com/tournament/Oslo+BK+Klubbturnering+H%C3%B8stserie+14%252F16/19910323,2022-12-07T17:00:00Z
20643442,3-vant HC-turnering,https://cuescore.com/tournament/3-vant+HC-turnering/20643442,2022-12-06T15:00:00Z
20121049,Oslo BK C-liga Høstserie 14/16,https://cuescore.com/tournament/Oslo+BK+C-liga+H%C3%B8stserie+14%252F16/20121049,2022-12-05T17:00:00Z
20121043,Oslo BK D-liga Høstserie 14/16,https://cuescore.com/tournament/Oslo+BK+D-liga+H%C3%B8stserie+14%252F16/20121043,2022-12-05T17:00:00Z
20646106,Oslo BK D-liga Høstserie 14/16 Innledende,https://cuescore.com/tournament/Oslo+BK+D-liga+H%C3%B8stserie+14%252F16+Innledende/20646106,2022-12-05T17:00:00Z
19910317,Oslo BK Klubbturnering Høstserie 13/16,https://cuescore.com/tournament/Oslo+BK+Klubbturnering+H%C3%B8stserie+13%252F16/19910317,2022-11-30T17:00:00Z
20404216,Peter Cleaverley Memorial  2022,https://cuescore.com/tournament/Peter+Cleaverley+Memorial++2022/20404216,2022-11-29T16:00:00Z
20121031,Oslo BK D-liga Høstserie 13/16,https://cuescore.com/tournament/Oslo+BK+D-liga+H%C3%B8stserie+13%252F16/20121031,2022-11-28T17:00:00Z
20121037,Oslo BK C-liga Høstserie 13/16,https://cuescore.com/tournament/Oslo+BK+C-liga+H%C3%B8stserie+13%252F16/20121037,2022-11-28T17:00:00Z
19910311,Oslo BK Klubbturnering Høstserie 12/16,https://cuescore.com/tournament/Oslo+BK+Klubbturnering+H%C3%B8stserie+12%252F16/19910311,2022-11-23T17:00:00Z
20394502,3-vant HC-turnering,https://cuescore.com/tournament/3-vant+HC-turnering/20394502,2022-11-22T16:00:00Z
20121019,Oslo BK D-liga Høstserie 12/16,https://cuescore.com/tournament/Oslo+BK+D-liga+H%C3%B8stserie+12%252F16/20121019,2022-11-21T17:00:00Z
20121025,Oslo BK C-liga Høstserie 12/16,https://cuescore.com/tournament/Oslo+BK+C-liga+H%C3%B8stserie+12%252F16/20121025,2022-11-21T17:00:00Z
19910305,Oslo BK Høstserie 11/16,https://cuescore.com/tournament/Oslo+BK+H%C3%B8stserie+11%252F16/19910305,2022-11-16T17:00:00Z
20273653,3-vant Tirsdagsturnering,https://cuescore.com/tournament/3-vant+Tirsdagsturnering/20273653,2022-11-15T16:00:00Z
20101783,Oslo BK C-liga Høstserie 11/16,https://cuescore.com/tournament/Oslo+BK+C-liga+H%C3%B8stserie+11%252F16/20101783,2022-11-14T17:00:00Z
20101777,Oslo BK D-liga Høstserie 11/16,https://cuescore.com/tournament/Oslo+BK+D-liga+H%C3%B8stserie+11%252F16/20101777,2022-11-14T17:00:00Z
19910287,Oslo BK klubbturnering Høstserie 10/16,https://cuescore.com/tournament/Oslo+BK+klubbturnering+H%C3%B8stserie+10%252F16/19910287,2022-11-09T17:00:00Z
20126230,3Vant Cara 8 august 2022,https://cuescore.com/tournament/3Vant+Cara+8+august+2022/20126230,2022-11-08T17:00:00Z
20098285,Oslo BK C-liga Høstserie 10/16,https://cuescore.com/tournament/Oslo+BK+C-liga+H%C3%B8stserie+10%252F16/20098285,2022-11-07T17:00:00Z
20098162,Oslo BK D-liga Høstserie 10/16,https://cuescore.com/tournament/Oslo+BK+D-liga+H%C3%B8stserie+10%252F16/20098162,2022-11-07T17:00:00Z
19910281,Oslo BK klubbturnering Høstserie 9/16,https://cuescore.com/tournament/Oslo+BK+klubbturnering+H%C3%B8stserie+9%252F16/19910281,2022-11-02T17:00:00Z
19913617,3-vant Tirsdagsturnering,https://cuescore.com/tournament/3-vant+Tirsdagsturnering/19913617,2022-11-01T16:00:00Z
19043557,Oslo BK-C-liga Høstserie 9/16,https://cuescore.com/tournament/Oslo+BK-C-liga+H%C3%B8stserie+9%252F16/19043557,2022-10-31T17:00:00Z
19043545,Oslo BK D-liga Høstserie 9/16,https://cuescore.com/tournament/Oslo+BK+D-liga+H%C3%B8stserie+9%252F16/19043545,2022-10-31T17:00:00Z
17824420,Oslo BK Klubbturnering Høstserie 8/16,https://cuescore.com/tournament/Oslo+BK+Klubbturnering+H%C3%B8stserie+8%252F16/17824420,2022-10-26T16:00:00Z
19689016,3-vant HC-turnering,https://cuescore.com/tournament/3-vant+HC-turnering/19689016,2022-10-25T15:10:00Z
19043515,Oslo BK D-liga Høstserie 8/16,https://cuescore.com/tournament/Oslo+BK+D-liga+H%C3%B8stserie+8%252F16/19043515,2022-10-24T16:00:00Z
19043404,Oslo BK C-liga Høstserie 8/16,https://cuescore.com/tournament/Oslo+BK+C-liga+H%C3%B8stserie+8%252F16/19043404,2022-10-24T16:00:00Z
19520500,Ladies first - OBK kvinneturnering,https://cuescore.com/tournament/Ladies+first+-+OBK+kvinneturnering/19520500,2022-10-22T09:30:00Z
17824372,Oslo BK Klubbturnering Høstserie 7/16,https://cuescore.com/tournament/Oslo+BK+Klubbturnering+H%C3%B8stserie+7%252F16/17824372,2022-10-19T16:00:00Z
19568308,3-vant Tirsdagsturnering,https://cuescore.com/tournament/3-vant+Tirsdagsturnering/19568308,2022-10-18T15:30:00Z
19043386,Oslo BK C-liga Høstserie 7/16,https://cuescore.com/tournament/Oslo+BK+C-liga+H%C3%B8stserie+7%252F16/19043386,2022-10-17T16:00:00Z
19043281,Oslo BK D-liga Høstserie 7/16,https://cuescore.com/tournament/Oslo+BK+D-liga+H%C3%B8stserie+7%252F16/19043281,2022-10-17T16:00:00Z
17824366,Oslo BK Klubbturnering Høstserie 6/16,https://cuescore.com/tournament/Oslo+BK+Klubbturnering+H%C3%B8stserie+6%252F16/17824366,2022-10-12T16:00:00Z
19364785,3-vant HC-turnering,https://cuescore.com/tournament/3-vant+HC-turnering/19364785,2022-10-11T15:00:00Z
19043260,Oslo BK D-liga Høstserie 6/16,https://cuescore.com/tournament/Oslo+BK+D-liga+H%C3%B8stserie+6%252F16/19043260,2022-10-10T16:00:00Z
19043269,Oslo BK C-liga Høstserie 6/16,https://cuescore.com/tournament/Oslo+BK+C-liga+H%C3%B8stserie+6%252F16/19043269,2022-10-10T16:00:00Z
17824354,Oslo BK Klubbturnering Høstserie 5/16,https://cuescore.com/tournament/Oslo+BK+Klubbturnering+H%C3%B8stserie+5%252F16/17824354,2022-10-05T16:00:00Z
19037242,3-vant tirsdagsturnering,https://cuescore.com/tournament/3-vant+tirsdagsturnering/19037242,2022-10-04T15:00:00Z
19035526,Oslo BK C-liga Høstserie 5/16,https://cuescore.com/tournament/Oslo+BK+C-liga+H%C3%B8stserie+5%252F16/19035526,2022-10-03T16:00:00Z
19034737,Oslo BK D-liga Høstserie 5/16,https://cuescore.com/tournament/Oslo+BK+D-liga+H%C3%B8stserie+5%252F16/19034737,2022-10-03T16:00:00Z
17824342,Oslo BK Klubbturnering Høstserie 4/16,https://cuescore.com/tournament/Oslo+BK+Klubbturnering+H%C3%B8stserie+4%252F16/17824342,2022-09-28T16:00:00Z
18506242,Oslo BK D-liga Høstserie 4/16,https://cuescore.com/tournament/Oslo+BK+D-liga+H%C3%B8stserie+4%252F16/18506242,2022-09-26T16:00:00Z
18506260,Oslo BK C-liga Høstserie 4/16,https://cuescore.com/tournament/Oslo+BK+C-liga+H%C3%B8stserie+4%252F16/18506260,2022-09-26T16:00:00Z
17824288,Oslo BK Klubbturnering Høstserie 3/16,https://cuescore.com/tournament/Oslo+BK+Klubbturnering+H%C3%B8stserie+3%252F16/17824288,2022-09-21T16:00:00Z
18339880,Oslo BK D-liga Høstserie 3/16,https://cuescore.com/tournament/Oslo+BK+D-liga+H%C3%B8stserie+3%252F16/18339880,2022-09-19T16:00:00Z
18339889,Oslo BK C-liga Høstserie 3/16,https://cuescore.com/tournament/Oslo+BK+C-liga+H%C3%B8stserie+3%252F16/18339889,2022-09-19T16:00:00Z
17824084,Oslo BK Klubbturnering Høstserie 2/16,https://cuescore.com/tournament/Oslo+BK+Klubbturnering+H%C3%B8stserie+2%252F16/17824084,2022-09-14T16:00:00Z
18156289,Oslo BK D-liga Høstserie 2/16,https://cuescore.com/tournament/Oslo+BK+D-liga+H%C3%B8stserie+2%252F16/18156289,2022-09-12T16:00:00Z
18156190,Oslo BK C-liga Høstserie 2/16,https://cuescore.com/tournament/Oslo+BK+C-liga+H%C3%B8stserie+2%252F16/18156190,2022-09-12T16:00:00Z
17823889,Oslo BK Klubbturnering Høstserie 1/16,https://cuescore.com/tournament/Oslo+BK+Klubbturnering+H%C3%B8stserie+1%252F16/17823889,2022-09-07T16:00:00Z
17978494,Oslo BK C-liga Høstserie 1/16,https://cuescore.com/tournament/Oslo+BK+C-liga+H%C3%B8stserie+1%252F16/17978494,2022-09-05T17:00:00Z
17978485,Oslo BK D-liga Høstserie 1/16,https://cuescore.com/tournament/Oslo+BK+D-liga+H%C3%B8stserie+1%252F16/17978485,2022-09-05T16:00:00Z
17101897,Oslo BK Klubbturnering 10,https://cuescore.com/tournament/Oslo+BK+Klubbturnering+10/17101897,2022-08-31T16:00:00Z
17083210,Oslo BK Advance turnering 11,https://cuescore.com/tournament/Oslo+BK+Advance+turnering+11/17083210,2022-08-29T16:00:00Z
17101882,Oslo BK Klubbturnering 9,https://cuescore.com/tournament/Oslo+BK+Klubbturnering+9/17101882,2022-08-24T16:00:00Z
17083201,Oslo BK Advance turnering 10,https://cuescore.com/tournament/Oslo+BK+Advance+turnering+10/17083201,2022-08-22T16:00:00Z
17101861,Oslo BK Klubbturnering 8,https://cuescore.com/tournament/Oslo+BK+Klubbturnering+8/17101861,2022-08-17T16:00:00Z
17083195,Oslo BK Advance turnering 9,https://cuescore.com/tournament/Oslo+BK+Advance+turnering+9/17083195,2022-08-15T16:00:00Z
17101855,Oslo BK Klubbturnering 7,https://cuescore.com/tournament/Oslo+BK+Klubbturnering+7/17101855,2022-08-10T16:00:00Z
17083189,Oslo BK Advance turnering 8,https://cuescore.com/tournament/Oslo+BK+Advance+turnering+8/17083189,2022-08-08T16:00:00Z
16965853,Oslo BK Klubbturnering 6,https://cuescore.com/tournament/Oslo+BK+Klubbturnering+6/16965853,2022-08-03T16:00:00Z
16996042,ungdomsturnering,https://cuescore.com/tournament/ungdomsturnering/16996042,2022-08-03T11:30:00Z
16964515,Oslo BK Advance turnering 7,https://cuescore.com/tournament/Oslo+BK+Advance+turnering+7/16964515,2022-08-01T16:00:00Z
16818799,Oslo BK Klubbturnering 5,https://cuescore.com/tournament/Oslo+BK+Klubbturnering+5/16818799,2022-07-27T16:00:00Z
16818793,Oslo BK Advance turnering 6,https://cuescore.com/tournament/Oslo+BK+Advance+turnering+6/16818793,2022-07-25T16:00:00Z
16780177,Oslo BK Klubbturnering 4,https://cuescore.com/tournament/Oslo+BK+Klubbturnering+4/16780177,2022-07-20T16:00:00Z
16755439,Oslo Biljardklubb Advance 5,https://cuescore.com/tournament/Oslo+Biljardklubb+Advance+5/16755439,2022-07-18T16:00:00Z
16587226,Oslo BK Advance turnering 4,https://cuescore.com/tournament/Oslo+BK+Advance+turnering+4/16587226,2022-07-04T16:00:00Z
16490590,Oslo BK Klubbturnering 3,https://cuescore.com/tournament/Oslo+BK+Klubbturnering+3/16490590,2022-06-29T16:00:00Z
16447690,Oslo BK Advance turnering 3,https://cuescore.com/tournament/Oslo+BK+Advance+turnering+3/16447690,2022-06-27T16:00:00Z
16356526,Oslo BK Klubbturnering 2,https://cuescore.com/tournament/Oslo+BK+Klubbturnering+2/16356526,2022-06-22T16:00:00Z
16313269,Oslo BK Advance turnering 2,https://cuescore.com/tournament/Oslo+BK+Advance+turnering+2/16313269,2022-06-20T16:00:00Z
16280926,Taperturnering,https://cuescore.com/tournament/Taperturnering/16280926,2022-06-16T16:00:00Z
16271845,Firma turnering 2,https://cuescore.com/tournament/Firma+turnering+2/16271845,2022-06-16T16:00:00Z
16266742,Oslo BK Klubbturnering,https://cuescore.com/tournament/Oslo+BK+Klubbturnering/16266742,2022-06-15T16:00:00Z
16250020,Oslo Biljardklubb Advance,https://cuescore.com/tournament/Oslo+Biljardklubb+Advance/16250020,2022-06-13T16:00:00Z
15925921,Turnering kvinnedag Oslo biljardklubb,https://cuescore.com/tournament/Turnering+kvinnedag+Oslo+biljardklubb/15925921,2022-05-28T12:30:00Z
15133150,Stig VS Simen,https://cuescore.com/tournament/Stig+VS+Simen/15133150,2022-04-07T10:05:00Z
15105640,Oslo BK Klubbturnering. Ensjøs last chapter,https://cuescore.com/tournament/Oslo+BK+Klubbturnering.+Ensj%C3%B8s+last+chapter/15105640,2022-04-06T16:00:00Z
15072505,Oslo Bk Advanced. Den siste på ensjø,https://cuescore.com/tournament/Oslo+Bk+Advanced.+Den+siste+p%C3%A5+ensj%C3%B8/15072505,2022-04-04T16:00:00Z
14507158,Klubbturnering Oslo BK,https://cuescore.com/tournament/Klubbturnering+Oslo+BK/14507158,2022-03-30T16:00:00Z
14505004,Amatørturnering Oslo BK,https://cuescore.com/tournament/Amat%C3%B8rturnering+Oslo+BK/14505004,2022-03-28T16:00:00Z
14505019,Advance turnering Oslo BK,https://cuescore.com/tournament/Advance+turnering+Oslo+BK/14505019,2022-03-28T16:00:00Z
14668672,TRG Open,https://cuescore.com/tournament/TRG+Open/14668672,2022-03-24T17:00:00Z
14504986,Klubbturnering Oslo BK,https://cuescore.com/tournament/Klubbturnering+Oslo+BK/14504986,2022-03-23T17:00:00Z
14504941,Advanceturnering Oslo BK,https://cuescore.com/tournament/Advanceturnering+Oslo+BK/14504941,2022-03-21T17:00:00Z
14499562,Amatørturnering Oslo BK,https://cuescore.com/tournament/Amat%C3%B8rturnering+Oslo+BK/14499562,2022-03-21T17:00:00Z
14303638,Oslo BK Klubbturnering,https://cuescore.com/tournament/Oslo+BK+Klubbturnering/14303638,2022-03-16T17:00:00Z
14303626,Oslo BK Advance turnering,https://cuescore.com/tournament/Oslo+BK+Advance+turnering/14303626,2022-03-14T17:00:00Z
14303602,Oslo BK Amatør turnering,https://cuescore.com/tournament/Oslo+BK+Amat%C3%B8r+turnering/14303602,2022-03-14T17:00:00Z
14287939,Oslo BKs kvinnedag 2022,https://cuescore.com/tournament/Oslo+BKs+kvinnedag+2022/14287939,2022-03-12T17:00:00Z
14177590,Oslo BK Klubbturnering,https://cuescore.com/tournament/Oslo+BK+Klubbturnering/14177590,2022-03-09T17:00:00Z
14141587,Oslo BK Advance,https://cuescore.com/tournament/Oslo+BK+Advance/14141587,2022-03-07T17:10:00Z
14141581,Amatørturnering Oslo Biljardsenter,https://cuescore.com/tournament/Amat%C3%B8rturnering+Oslo+Biljardsenter/14141581,2022-03-07T17:00:00Z
13869505,Oslo BK Klubbturnering,https://cuescore.com/tournament/Oslo+BK+Klubbturnering/13869505,2022-03-02T17:00:00Z
13730476,Advance,https://cuescore.com/tournament/Advance/13730476,2022-02-28T17:00:00Z
13335385,"4. kvalifisering til landscup, Team Østlandet",https://cuescore.com/tournament/4.+kvalifisering+til+landscup%2C+Team+%C3%98stlandet/13335385,2022-02-27T13:00:00Z
13331440,"3. kvalifisering til landscupen, Team Østlandet",https://cuescore.com/tournament/3.+kvalifisering+til+landscupen%2C+Team+%C3%98stlandet/13331440,2022-02-26T12:00:00Z
13488412,Klubbturnering Oslo BK,https://cuescore.com/tournament/Klubbturnering+Oslo+BK/13488412,2022-02-23T17:10:00Z
13361977,Advance,https://cuescore.com/tournament/Advance/13361977,2022-02-21T17:00:00Z
13362310,Amatørturnering Oslo Biljardsenter,https://cuescore.com/tournament/Amat%C3%B8rturnering+Oslo+Biljardsenter/13362310,2022-02-21T17:00:00Z
13249462,Oslo BK Klubbturnering 2022,https://cuescore.com/tournament/Oslo+BK+Klubbturnering+2022/13249462,2022-02-16T17:00:00Z
12886000,Oslo BK Advanced 2022,https://cuescore.com/tournament/Oslo+BK+Advanced+2022/12886000,2022-02-14T17:06:00Z
12439600,"2. kvalifisering til landscupen, Team Østlandet",https://cuescore.com/tournament/2.+kvalifisering+til+landscupen%2C+Team+%C3%98stlandet/12439600,2022-02-13T13:20:00Z
12704779,Oslo BK Klubbturnering 2022,https://cuescore.com/tournament/Oslo+BK+Klubbturnering+2022/12704779,2022-02-09T17:11:00Z
12637084,Oslo BK Advanced 2022,https://cuescore.com/tournament/Oslo+BK+Advanced+2022/12637084,2022-02-07T17:00:00Z
12646465,Oslo BK Amatørturnering 2022,https://cuescore.com/tournament/Oslo+BK+Amat%C3%B8rturnering+2022/12646465,2022-02-07T17:00:00Z
12637090,Amatør,https://cuescore.com/tournament/Amat%C3%B8r/12637090,2022-02-06T17:00:00Z
12368365,Oslo BK Klubbturnering 2022,https://cuescore.com/tournament/Oslo+BK+Klubbturnering+2022/12368365,2022-02-02T17:00:00Z
12311410,"1. kvalifisering til landscup, Team Østlandet",https://cuescore.com/tournament/1.+kvalifisering+til+landscup%2C+Team+%C3%98stlandet/12311410,2022-02-01T17:00:00Z
12332377,Oslo BK Amatørturnering 2022,https://cuescore.com/tournament/Oslo+BK+Amat%C3%B8rturnering+2022/12332377,2022-01-31T17:00:00Z
12332317,Oslo BK advanced 2022,https://cuescore.com/tournament/Oslo+BK+advanced+2022/12332317,2022-01-31T17:00:00Z
12258340,Årets 2 Onsdags turnering,https://cuescore.com/tournament/%C3%85rets+2+Onsdags+turnering/12258340,2022-01-26T17:00:00Z
12226957,Mandags turnering for amatører,https://cuescore.com/tournament/Mandags+turnering+for+amat%C3%B8rer/12226957,2022-01-24T17:00:00Z
12226963,Mandags turnering for Advanse,https://cuescore.com/tournament/Mandags+turnering+for+Advanse/12226963,2022-01-24T17:00:00Z
12142285,Årets første 2022,https://cuescore.com/tournament/%C3%85rets+f%C3%B8rste+2022/12142285,2022-01-19T17:00:00Z
12047077,Oslo BK Amatørturnering 2022,https://cuescore.com/tournament/Oslo+BK+Amat%C3%B8rturnering+2022/12047077,2022-01-17T17:00:00Z
12044983,Oslo BK Advanced Jan.-Løkka I 2022,https://cuescore.com/tournament/Oslo+BK+Advanced+Jan.-L%C3%B8kka+I+2022/12044983,2022-01-17T17:00:00Z
11376196,Oslo BK Amatør/advanced 2021,https://cuescore.com/tournament/Oslo+BK+Amat%C3%B8r%252Fadvanced+2021/11376196,2021-12-13T17:00:00Z
11234734,Oslo BK Klubbturnering des. 2021,https://cuescore.com/tournament/Oslo+BK+Klubbturnering+des.+2021/11234734,2021-12-08T18:00:00Z
11174329,Oslo BK Ama/Advanced des. 2021,https://cuescore.com/tournament/Oslo+BK+Ama%252FAdvanced+des.+2021/11174329,2021-12-06T17:00:00Z
10807315,Oslo BK Klubbmesterskap 2021,https://cuescore.com/tournament/Oslo+BK+Klubbmesterskap+2021/10807315,2021-12-05T11:30:00Z
10807162,Oslo BK Klubbmesterskap 2021,https://cuescore.com/tournament/Oslo+BK+Klubbmesterskap+2021/10807162,2021-12-04T11:00:00Z
11093515,Oslo BK klubbturnering VIIII okt.-des. 2021,https://cuescore.com/tournament/Oslo+BK+klubbturnering+VIIII+okt.-des.+2021/11093515,2021-12-01T17:00:00Z
11021686,OBK Advanced VIIII okt.-nov. 2021,https://cuescore.com/tournament/OBK+Advanced+VIIII+okt.-nov.+2021/11021686,2021-11-29T17:00:00Z
11021692,Oslo BK Amatørturnering VIIII okt-nov 2021,https://cuescore.com/tournament/Oslo+BK+Amat%C3%B8rturnering+VIIII+okt-nov+2021/11021692,2021-11-29T17:00:00Z
10951717,Oslo BK Klubbturnering VIII okt.-des. 2021,https://cuescore.com/tournament/Oslo+BK+Klubbturnering+VIII+okt.-des.+2021/10951717,2021-11-24T17:05:00Z
10939021,3 vant HC Turnering 23. Nov,https://cuescore.com/tournament/3+vant+HC+Turnering+23.+Nov/10939021,2021-11-23T16:00:00Z
10903714,OBK Advanced VIII okt.-nov. 2021,https://cuescore.com/tournament/OBK+Advanced+VIII+okt.-nov.+2021/10903714,2021-11-22T17:05:00Z
10903603,Oslo BK Amatør VIII okt-nov 2021,https://cuescore.com/tournament/Oslo+BK+Amat%C3%B8r+VIII+okt-nov+2021/10903603,2021-11-22T17:00:00Z
10651603,Oslo BK Klubbturnering VII okt-des 2021,https://cuescore.com/tournament/Oslo+BK+Klubbturnering+VII+okt-des+2021/10651603,2021-11-17T17:00:00Z
10629670,Oslo BK Amatør VII 2021,https://cuescore.com/tournament/Oslo+BK+Amat%C3%B8r+VII+2021/10629670,2021-11-15T17:00:00Z
10629697,OBK Advanced VII okt-nov 2021,https://cuescore.com/tournament/OBK+Advanced+VII+okt-nov+2021/10629697,2021-11-15T17:00:00Z
10580725,OBK Klubbturnering Rt VI okt-des 2021,https://cuescore.com/tournament/OBK+Klubbturnering+Rt+VI+okt-des+2021/10580725,2021-11-10T17:10:00Z
10537021,OBK Advanced VI okt-nov 2021,https://cuescore.com/tournament/OBK+Advanced+VI+okt-nov+2021/10537021,2021-11-08T17:00:00Z
10536445,Oslo BK Amatørturnering VI nov 2021,https://cuescore.com/tournament/Oslo+BK+Amat%C3%B8rturnering+VI+nov+2021/10536445,2021-11-08T17:00:00Z
10448842,OBK Klubbturnering RT V okt des 2021,https://cuescore.com/tournament/OBK+Klubbturnering+RT+V+okt+des+2021/10448842,2021-11-03T17:12:00Z
10354708,OBK Amatørturnering 9-ball 1november,https://cuescore.com/tournament/OBK+Amat%C3%B8rturnering+9-ball+1november/10354708,2021-11-01T17:00:00Z
10355095,OBK Advanced V okt-nov 2021,https://cuescore.com/tournament/OBK+Advanced+V+okt-nov+2021/10355095,2021-11-01T17:00:00Z
10295266,OBK Klubbturnering RT 3 2021,https://cuescore.com/tournament/OBK+Klubbturnering+RT+3+2021/10295266,2021-10-27T16:00:00Z
9785488,OBK Advanced IV okt-nov 2021,https://cuescore.com/tournament/OBK+Advanced+IV+okt-nov+2021/9785488,2021-10-25T16:00:00Z
9789076,Oslo BK Amatørturnering IV okt 2021,https://cuescore.com/tournament/Oslo+BK+Amat%C3%B8rturnering+IV+okt+2021/9789076,2021-10-25T16:00:00Z
10149010,OBK Klubbturnering RT 2 2021,https://cuescore.com/tournament/OBK+Klubbturnering+RT+2+2021/10149010,2021-10-20T16:05:00Z
10205467,finale kvalifisering,https://cuescore.com/tournament/finale+kvalifisering/10205467,2021-10-19T19:50:00Z
9988942,Red Bull Elmers Open kvalifisering Lag OBK,https://cuescore.com/tournament/Red+Bull+Elmers+Open+kvalifisering+Lag+OBK/9988942,2021-10-19T16:00:00Z
10195165,Cara 3 Vant 19 okt 2021,https://cuescore.com/tournament/Cara+3+Vant+19+okt+2021/10195165,2021-10-19T15:19:00Z
9785443,OBK Advanced III okt-nov 2021,https://cuescore.com/tournament/OBK+Advanced+III+okt-nov+2021/9785443,2021-10-18T16:00:00Z
9794713,Oslo BK Amatørturnering III okt 2021,https://cuescore.com/tournament/Oslo+BK+Amat%C3%B8rturnering+III+okt+2021/9794713,2021-10-18T16:00:00Z
9989758,Oslo BK Klubbturnering RT 1 okt-des 2021,https://cuescore.com/tournament/Oslo+BK+Klubbturnering+RT+1+okt-des+2021/9989758,2021-10-13T16:00:00Z
9794725,Oslo BK Amatørturnering II okt 2021,https://cuescore.com/tournament/Oslo+BK+Amat%C3%B8rturnering+II+okt+2021/9794725,2021-10-11T16:10:00Z
9785140,OBK Advanced II okt-nov 2021,https://cuescore.com/tournament/OBK+Advanced+II+okt-nov+2021/9785140,2021-10-11T16:00:00Z
9971635,Daniels 18 års dag,https://cuescore.com/tournament/Daniels+18+%C3%A5rs+dag/9971635,2021-10-10T14:00:00Z
9870361,OBK Klubbturnering Høst 2021,https://cuescore.com/tournament/OBK+Klubbturnering+H%C3%B8st+2021/9870361,2021-10-06T16:12:00Z
9882946,Cara 3Vant 5 okt 2021,https://cuescore.com/tournament/Cara+3Vant+5+okt+2021/9882946,2021-10-05T14:57:00Z
9785128,OBK Advanced I okt-nov 2021,https://cuescore.com/tournament/OBK+Advanced+I+okt-nov+2021/9785128,2021-10-04T16:10:00Z
9786205,Oslo BK Amatørturnering I oktober 2021,https://cuescore.com/tournament/Oslo+BK+Amat%C3%B8rturnering+I+oktober+2021/9786205,2021-10-04T16:00:00Z
9680569,Oslo BK Klubbturnering,https://cuescore.com/tournament/Oslo+BK+Klubbturnering/9680569,2021-09-29T16:00:00Z
9396184,Oslo BK advanced aug.-sept 2021,https://cuescore.com/tournament/Oslo+BK+advanced+aug.-sept+2021/9396184,2021-09-27T16:00:00Z
9647185,Oslo BK Amatørturnering,https://cuescore.com/tournament/Oslo+BK+Amat%C3%B8rturnering/9647185,2021-09-27T16:00:00Z
9585712,Oslo BK Klubbturnering 2021,https://cuescore.com/tournament/Oslo+BK+Klubbturnering+2021/9585712,2021-09-22T16:10:00Z
9577990,3V Cara 21 sep 2021,https://cuescore.com/tournament/3V+Cara+21+sep+2021/9577990,2021-09-21T15:26:00Z
9386101,Oslo BK Advanced aug-sept 2021,https://cuescore.com/tournament/Oslo+BK+Advanced+aug-sept+2021/9386101,2021-09-20T16:19:00Z
9386089,Oslo BK Amatørturnering,https://cuescore.com/tournament/Oslo+BK+Amat%C3%B8rturnering/9386089,2021-09-20T16:12:00Z
9308137,Oslo BK Klubbturnering 2021,https://cuescore.com/tournament/Oslo+BK+Klubbturnering+2021/9308137,2021-09-15T16:00:00Z
9303931,3V Cara 14 sep 2021,https://cuescore.com/tournament/3V+Cara+14+sep+2021/9303931,2021-09-14T14:22:00Z
9150491,*OBK advanced aug-sept,https://cuescore.com/tournament/%2AOBK+advanced+aug-sept/9150491,2021-09-13T16:00:00Z
9273021,Oslo BK Amatørturnering,https://cuescore.com/tournament/Oslo+BK+Amat%C3%B8rturnering/9273021,2021-09-13T16:00:00Z
9259829,Oslo BK Klubbturnering,https://cuescore.com/tournament/Oslo+BK+Klubbturnering/9259829,2021-09-08T16:00:00Z
9238025,3V Cara 7 sept 2021,https://cuescore.com/tournament/3V+Cara+7+sept+2021/9238025,2021-09-07T15:09:00Z
9222793,Oslo BK Amatørturnering,https://cuescore.com/tournament/Oslo+BK+Amat%C3%B8rturnering/9222793,2021-09-06T16:00:00Z
9150891,OBK Advanced 2021 aug. -sept III,https://cuescore.com/tournament/OBK+Advanced+2021+aug.+-sept+III/9150891,2021-09-06T16:00:00Z
9203046,Oslo  BK Klubbturnering,https://cuescore.com/tournament/Oslo++BK+Klubbturnering/9203046,2021-09-01T16:00:00Z
9203379,3V Cara 30 aug,https://cuescore.com/tournament/3V+Cara+30+aug/9203379,2021-08-31T14:27:00Z
9150485,OBK Advanced aug-sept II (5/9 an),https://cuescore.com/tournament/OBK+Advanced+aug-sept+II+%285%252F9+an%29/9150485,2021-08-30T16:00:00Z
9018659,Peter Cleaverley Memorial,https://cuescore.com/tournament/Peter+Cleaverley+Memorial/9018659,2021-08-28T10:00:00Z
9177088,Oslo BK Klubbturnering 2021,https://cuescore.com/tournament/Oslo+BK+Klubbturnering+2021/9177088,2021-08-25T16:00:00Z
9177381,Tirsdag kos,https://cuescore.com/tournament/Tirsdag+kos/9177381,2021-08-24T16:00:00Z
9168958,Amatør 1,https://cuescore.com/tournament/Amat%C3%B8r+1/9168958,2021-08-23T17:00:00Z
9150480,OBK Advanced 2021 aug-sept RT I,https://cuescore.com/tournament/OBK+Advanced+2021+aug-sept+RT+I/9150480,2021-08-23T16:00:00Z
9153444,Oslo BK Klubbturnering Preseason,https://cuescore.com/tournament/Oslo+BK+Klubbturnering+Preseason/9153444,2021-08-18T16:00:00Z
9144568,OBK Advanced 2021  Preseason siste,https://cuescore.com/tournament/OBK+Advanced+2021++Preseason+siste/9144568,2021-08-16T16:07:00Z
9144566,Amatør 2021 2022,https://cuescore.com/tournament/Amat%C3%B8r+2021+2022/9144566,2021-08-16T16:00:00Z
9070034,Mandagsturnering Amatør 8-ball,https://cuescore.com/tournament/Mandagsturnering+Amat%C3%B8r+8-ball/9070034,2021-08-09T16:00:00Z
9082300,Amatør,https://cuescore.com/tournament/Amat%C3%B8r/9082300,2021-08-09T16:00:00Z
9082302,Mandagsturnering Advanced 9-ball,https://cuescore.com/tournament/Mandagsturnering+Advanced+9-ball/9082302,2021-08-09T16:00:00Z
9081060,Utdrikningsgames,https://cuescore.com/tournament/Utdrikningsgames/9081060,2021-08-07T16:00:00Z
9028528,Oslo BK Sommerturnering III 10-ball,https://cuescore.com/tournament/Oslo+BK+Sommerturnering+III+10-ball/9028528,2021-08-07T10:00:00Z
9073490,Oslo BK Klubbturnering,https://cuescore.com/tournament/Oslo+BK+Klubbturnering/9073490,2021-08-04T16:00:00Z
9070030,OBK Advanced,https://cuescore.com/tournament/OBK+Advanced/9070030,2021-08-02T16:00:00Z
9058140,Test-turnering,https://cuescore.com/tournament/Test-turnering/9058140,2021-07-28T16:00:00Z
9048819,Oslo BK Amatørturnering 2021,https://cuescore.com/tournament/Oslo+BK+Amat%C3%B8rturnering+2021/9048819,2021-07-26T16:00:00Z
9048817,Oslo BK Advancedturnering 2021,https://cuescore.com/tournament/Oslo+BK+Advancedturnering+2021/9048817,2021-07-26T16:00:00Z
9047188,Hill Hill Nordic Tour,https://cuescore.com/tournament/Hill+Hill+Nordic+Tour/9047188,2021-07-24T21:55:00Z
9027007,Oslo BK Amatørturnering,https://cuescore.com/tournament/Oslo+BK+Amat%C3%B8rturnering/9027007,2021-07-19T16:00:00Z
9014452,OBK Advanced 2021,https://cuescore.com/tournament/OBK+Advanced+2021/9014452,2021-07-19T16:00:00Z
8996878,Oslo BK Sommerturnering II,https://cuescore.com/tournament/Oslo+BK+Sommerturnering+II/8996878,2021-07-17T10:00:00Z
9016341,Oslo BK Klubbturnering 2021,https://cuescore.com/tournament/Oslo+BK+Klubbturnering+2021/9016341,2021-07-14T16:00:00Z
9008289,Oslo BK Amatørturnering sommer 2021,https://cuescore.com/tournament/Oslo+BK+Amat%C3%B8rturnering+sommer+2021/9008289,2021-07-12T16:15:00Z
9008407,Oslo BK  Advanced sommertunernering,https://cuescore.com/tournament/Oslo+BK++Advanced+sommertunernering/9008407,2021-07-12T16:05:00Z
9001578,Oslo BK Klubbturnering 2021,https://cuescore.com/tournament/Oslo+BK+Klubbturnering+2021/9001578,2021-07-07T16:15:00Z
8997592,Oslo BK Advanced 2021,https://cuescore.com/tournament/Oslo+BK+Advanced+2021/8997592,2021-07-05T16:10:00Z
8985252,Oslo BK Klubbturnering 2021,https://cuescore.com/tournament/Oslo+BK+Klubbturnering+2021/8985252,2021-06-30T16:00:00Z
8980620,Oslo BK Amatørturnering nivå 1 og 2 2021,https://cuescore.com/tournament/Oslo+BK+Amat%C3%B8rturnering+niv%C3%A5+1+og+2+2021/8980620,2021-06-28T16:00:00Z
8980618,Oslo BK Advanced 2021,https://cuescore.com/tournament/Oslo+BK+Advanced+2021/8980618,2021-06-28T16:00:00Z
8885262,Oslo BK Sommerturnering I 2021,https://cuescore.com/tournament/Oslo+BK+Sommerturnering+I+2021/8885262,2021-06-26T10:00:00Z
8893672,Oslo BK Klubbturnering 2021,https://cuescore.com/tournament/Oslo+BK+Klubbturnering+2021/8893672,2021-06-23T16:15:00Z
8957489,Oslo BK Advanced åpningsturnering 2021,https://cuescore.com/tournament/Oslo+BK+Advanced+%C3%A5pningsturnering+2021/8957489,2021-06-21T16:00:00Z
8951216,Årets første Onsdags turnering,https://cuescore.com/tournament/%C3%85rets+f%C3%B8rste+Onsdags+turnering/8951216,2021-06-16T16:00:00Z
8430334,OBK Snooker 10,https://cuescore.com/tournament/OBK+Snooker+10/8430334,2020-11-05T17:00:00Z
8427809,Oslo BK KT 10 2020,https://cuescore.com/tournament/Oslo+BK+KT+10+2020/8427809,2020-11-04T17:00:00Z
8424539,Snooker nightmare Østkanten at Ensjø,https://cuescore.com/tournament/Snooker+nightmare+%C3%98stkanten+at+Ensj%C3%B8/8424539,2020-11-03T15:35:00Z
8421237,Oslo BK Amatør 1,https://cuescore.com/tournament/Oslo+BK+Amat%C3%B8r+1/8421237,2020-11-02T17:00:00Z
8421244,Oslo BK Advanced Bragging Rights Qualifying,https://cuescore.com/tournament/Oslo+BK+Advanced+Bragging+Rights+Qualifying/8421244,2020-11-02T17:00:00Z
8421240,OSLO BK Amatør 2,https://cuescore.com/tournament/OSLO+BK+Amat%C3%B8r+2/8421240,2020-11-02T17:00:00Z
8418763,Old style 9-ball,https://cuescore.com/tournament/Old+style+9-ball/8418763,2020-11-01T13:00:00Z
8414778,Oslo BK Snooker 9,https://cuescore.com/tournament/Oslo+BK+Snooker+9/8414778,2020-10-29T17:05:00Z
8413402,Oslo BK KT 8 2020/2021,https://cuescore.com/tournament/Oslo+BK+KT+8+2020%252F2021/8413402,2020-10-28T17:00:00Z
8401391,Advancedturnering,https://cuescore.com/tournament/Advancedturnering/8401391,2020-10-26T17:00:00Z
8401389,Amatørturnering Nivå 2,https://cuescore.com/tournament/Amat%C3%B8rturnering+Niv%C3%A5+2/8401389,2020-10-26T17:00:00Z
8368675,Oslo BK LIGASPILL (NY) Åpen Liga max 1300 Norgesratingen 10-ball,https://cuescore.com/tournament/Oslo+BK+LIGASPILL+%28NY%29+%C3%85pen+Liga+max+1300+Norgesratingen+10-ball/8368675,2020-10-26T14:05:00Z
8386655,Oslo BK Snooker 8,https://cuescore.com/tournament/Oslo+BK+Snooker+8/8386655,2020-10-22T15:30:00Z
8393162,Stigs Bingo turnering. winner takes it all,https://cuescore.com/tournament/Stigs+Bingo+turnering.+winner+takes+it+all/8393162,2020-10-21T19:24:00Z
8376394,Oslo BK Klubbturnering 7 2020/2021,https://cuescore.com/tournament/Oslo+BK+Klubbturnering+7+2020%252F2021/8376394,2020-10-21T16:00:00Z
8390530,3 Vant Carambole 20 okt 2020,https://cuescore.com/tournament/3+Vant+Carambole+20+okt+2020/8390530,2020-10-20T15:04:00Z
8384699,Advancedturnering,https://cuescore.com/tournament/Advancedturnering/8384699,2020-10-19T16:00:00Z
8384697,Amatørturnering Nivå 2,https://cuescore.com/tournament/Amat%C3%B8rturnering+Niv%C3%A5+2/8384697,2020-10-19T16:00:00Z
8384695,Amatørturnering,https://cuescore.com/tournament/Amat%C3%B8rturnering/8384695,2020-10-19T16:00:00Z
8373842,Oslo BK Snooker 7,https://cuescore.com/tournament/Oslo+BK+Snooker+7/8373842,2020-10-15T15:30:00Z
8366105,Oslo BK KT 6 2020/2021,https://cuescore.com/tournament/Oslo+BK+KT+6+2020%252F2021/8366105,2020-10-14T16:00:00Z
8360152,Amatørturnering,https://cuescore.com/tournament/Amat%C3%B8rturnering/8360152,2020-10-12T16:00:00Z
8360469,Advancedturnering,https://cuescore.com/tournament/Advancedturnering/8360469,2020-10-12T16:00:00Z
8360467,Amatørturnering Nivå 2,https://cuescore.com/tournament/Amat%C3%B8rturnering+Niv%C3%A5+2/8360467,2020-10-12T16:00:00Z
8346568,Oslo BK Snooker 6,https://cuescore.com/tournament/Oslo+BK+Snooker+6/8346568,2020-10-08T15:30:00Z
8213359,Klubbmesterskap Oslo BK 2020,https://cuescore.com/tournament/Klubbmesterskap+Oslo+BK+2020/8213359,2020-10-07T15:30:00Z
8342050,Carambole 3Vant 6 okt 2020,https://cuescore.com/tournament/Carambole+3Vant+6+okt+2020/8342050,2020-10-06T14:23:00Z
8334110,Amatørturnering Nivå 2,https://cuescore.com/tournament/Amat%C3%B8rturnering+Niv%C3%A5+2/8334110,2020-10-05T16:00:00Z
8334127,Advancedturnering,https://cuescore.com/tournament/Advancedturnering/8334127,2020-10-05T16:00:00Z
8334075,Amatørturnering,https://cuescore.com/tournament/Amat%C3%B8rturnering/8334075,2020-10-05T16:00:00Z
8306824,Oslo BK Snooker 5,https://cuescore.com/tournament/Oslo+BK+Snooker+5/8306824,2020-10-01T15:40:00Z
8300262,Oslo BK KT 5 2020/2021,https://cuescore.com/tournament/Oslo+BK+KT+5+2020%252F2021/8300262,2020-09-30T16:10:00Z
8295652,Advancedturnering,https://cuescore.com/tournament/Advancedturnering/8295652,2020-09-28T16:00:00Z
8295646,Amatørturnering Nivå 2,https://cuescore.com/tournament/Amat%C3%B8rturnering+Niv%C3%A5+2/8295646,2020-09-28T16:00:00Z
8280437,Oslo BK Snooker 4,https://cuescore.com/tournament/Oslo+BK+Snooker+4/8280437,2020-09-24T15:30:00Z
8277140,Oslo BK Klubbturnering 4 2020/2021,https://cuescore.com/tournament/Oslo+BK+Klubbturnering+4+2020%252F2021/8277140,2020-09-23T16:00:00Z
8232986,Pete Cleaverley memorial turnering,https://cuescore.com/tournament/Pete+Cleaverley+memorial+turnering/8232986,2020-09-22T15:00:00Z
8221917,Ligaspill OBK 14. 1 høst 2020 <1200,https://cuescore.com/tournament/Ligaspill+OBK+14.+1+h%C3%B8st+2020+%3C1200/8221917,2020-09-21T17:00:00Z
8274279,Advancedturnering,https://cuescore.com/tournament/Advancedturnering/8274279,2020-09-21T16:00:00Z
8274285,Amatørturnering Nivå 2,https://cuescore.com/tournament/Amat%C3%B8rturnering+Niv%C3%A5+2/8274285,2020-09-21T16:00:00Z
8274287,Amatørturnering,https://cuescore.com/tournament/Amat%C3%B8rturnering/8274287,2020-09-21T16:00:00Z
8124861,Oslo BK Rating <1200 Ligaspill 8-ball lang distanse,https://cuescore.com/tournament/Oslo+BK+Rating+%3C1200+Ligaspill+8-ball+lang+distanse/8124861,2020-09-18T17:18:00Z
8257899,Oslo BK Snooker 3,https://cuescore.com/tournament/Oslo+BK+Snooker+3/8257899,2020-09-17T16:00:00Z
8235836,Oslo BK KT 3 2020-2021,https://cuescore.com/tournament/Oslo+BK+KT+3+2020-2021/8235836,2020-09-16T16:00:00Z
8257054,3 Vant Carambole 15 sep 2020,https://cuescore.com/tournament/3+Vant+Carambole+15+sep+2020/8257054,2020-09-15T13:46:00Z
8217306,Amatørturnering,https://cuescore.com/tournament/Amat%C3%B8rturnering/8217306,2020-09-14T16:00:00Z
8217310,Amatørturnering Nivå 2,https://cuescore.com/tournament/Amat%C3%B8rturnering+Niv%C3%A5+2/8217310,2020-09-14T16:00:00Z
8217313,Advancedturnering,https://cuescore.com/tournament/Advancedturnering/8217313,2020-09-14T16:00:00Z
8181699,Oslo BK Snooker 2,https://cuescore.com/tournament/Oslo+BK+Snooker+2/8181699,2020-09-10T15:30:00Z
8181731,Oslo BK KT II 2020-2021,https://cuescore.com/tournament/Oslo+BK+KT+II+2020-2021/8181731,2020-09-09T16:00:00Z
8093898,ELITELIGAEN I Oslo BK HØST 2020,https://cuescore.com/tournament/ELITELIGAEN+I+Oslo+BK+H%C3%98ST+2020/8093898,2020-09-07T16:03:00Z
8161183,Advancedturnering,https://cuescore.com/tournament/Advancedturnering/8161183,2020-09-07T16:00:00Z
8161179,Amatørturnering Nivå 2,https://cuescore.com/tournament/Amat%C3%B8rturnering+Niv%C3%A5+2/8161179,2020-09-07T16:00:00Z
8110975,Oslo BK Snooker,https://cuescore.com/tournament/Oslo+BK+Snooker/8110975,2020-09-03T15:30:00Z
8122972,Oslo BK KT 1 2020/2021,https://cuescore.com/tournament/Oslo+BK+KT+1+2020%252F2021/8122972,2020-09-02T16:25:00Z
8127427,3Vant 1 sep 2020,https://cuescore.com/tournament/3Vant+1+sep+2020/8127427,2020-09-01T14:51:00Z
8125214,Amatørturnering,https://cuescore.com/tournament/Amat%C3%B8rturnering/8125214,2020-08-31T16:00:00Z
8125217,Amatørturnering Nivå 2,https://cuescore.com/tournament/Amat%C3%B8rturnering+Niv%C3%A5+2/8125217,2020-08-31T16:00:00Z
8124917,Advancedturnering,https://cuescore.com/tournament/Advancedturnering/8124917,2020-08-31T16:00:00Z
8106587,Oslo BK Snooker,https://cuescore.com/tournament/Oslo+BK+Snooker/8106587,2020-08-27T15:30:00Z
8103983,Oslo BK Klubbturnering 2020,https://cuescore.com/tournament/Oslo+BK+Klubbturnering+2020/8103983,2020-08-26T16:00:00Z
8104855,3 Vant nr 2 25 august 2020,https://cuescore.com/tournament/3+Vant+nr+2+25+august+2020/8104855,2020-08-25T16:49:00Z
8104188,3 Vant carambole 25 aug 2020,https://cuescore.com/tournament/3+Vant+carambole+25+aug+2020/8104188,2020-08-25T13:38:00Z
8101155,Advancedturnering 24.08.2020,https://cuescore.com/tournament/Advancedturnering+24.08.2020/8101155,2020-08-24T16:00:00Z
8101126,Amatørturnering Nivå 2,https://cuescore.com/tournament/Amat%C3%B8rturnering+Niv%C3%A5+2/8101126,2020-08-24T16:00:00Z
8096806,Jokkes 30 års lag,https://cuescore.com/tournament/Jokkes+30+%C3%A5rs+lag/8096806,2020-08-22T20:00:00Z
8089230,Oslo BK Ligaspill Rating <1200 H-2020,https://cuescore.com/tournament/Oslo+BK+Ligaspill+Rating+%3C1200+H-2020/8089230,2020-08-20T14:30:00Z
8089125,Oslo BK TRENINGSTURNERING Aug 2020,https://cuescore.com/tournament/Oslo+BK+TRENINGSTURNERING+Aug+2020/8089125,2020-08-19T16:00:00Z
8063321,Oslo BK Klubbturnering PRO RT 1 2020 8-ball,https://cuescore.com/tournament/Oslo+BK+Klubbturnering+PRO+RT+1+2020+8-ball/8063321,2020-08-12T16:00:00Z
8062145,Cara 3V 11 aug 2020,https://cuescore.com/tournament/Cara+3V+11+aug+2020/8062145,2020-08-11T13:53:00Z
8042084,Sommer B-side dobbel Cup,https://cuescore.com/tournament/Sommer+B-side+dobbel+Cup/8042084,2020-08-08T16:55:00Z
7954094,Oslo BK Sommerturnering III 2020,https://cuescore.com/tournament/Oslo+BK+Sommerturnering+III+2020/7954094,2020-08-08T11:00:00Z
8036336,Klubbturnering Oslo Bk,https://cuescore.com/tournament/Klubbturnering+Oslo+Bk/8036336,2020-08-05T16:00:00Z
8022417,OBK multismult Treningsturnering,https://cuescore.com/tournament/OBK+multismult+Treningsturnering/8022417,2020-08-03T17:50:00Z
8001220,Bård vant den første turneringa her er den andre,https://cuescore.com/tournament/B%C3%A5rd+vant+den+f%C3%B8rste+turneringa+her+er+den+andre/8001220,2020-08-02T00:17:00Z
8000974,Birthday shoot to kill TourbManeriMosoe,https://cuescore.com/tournament/Birthday+shoot+to+kill+TourbManeriMosoe/8000974,2020-08-01T20:02:00Z
7992398,Oslo BK X9 Sommer 2020,https://cuescore.com/tournament/Oslo+BK+X9+Sommer+2020/7992398,2020-07-29T16:20:00Z
7967707,Oslo BK X8 Sommer 2020,https://cuescore.com/tournament/Oslo+BK+X8+Sommer+2020/7967707,2020-07-15T16:50:00Z
7957658,Oslo BK KT X7 2020,https://cuescore.com/tournament/Oslo+BK+KT+X7+2020/7957658,2020-07-08T15:55:00Z
7957841,Corona 7 juli,https://cuescore.com/tournament/Corona+7+juli/7957841,2020-07-07T13:42:00Z
7913882,Oslo BK sommerturnering II,https://cuescore.com/tournament/Oslo+BK+sommerturnering+II/7913882,2020-07-04T11:00:00Z
7943313,Oslo BK KTX6 2020,https://cuescore.com/tournament/Oslo+BK+KTX6+2020/7943313,2020-07-01T15:55:00Z
7936221,OBKSUNSummerSuntournament,https://cuescore.com/tournament/OBKSUNSummerSuntournament/7936221,2020-06-26T16:40:00Z
7935822,Min turnering,https://cuescore.com/tournament/Min+turnering/7935822,2020-06-25T17:25:00Z
7934959,o SLO bk KT B SIDE,https://cuescore.com/tournament/o+SLO+bk+KT+B+SIDE/7934959,2020-06-24T18:40:00Z
7931895,Oslo BK KT X5 sommer 2020,https://cuescore.com/tournament/Oslo+BK+KT+X5+sommer+2020/7931895,2020-06-24T16:55:00Z
7921789,Oslo  BK KT summer X4 2020,https://cuescore.com/tournament/Oslo++BK+KT+summer+X4+2020/7921789,2020-06-17T15:59:00Z
7920098,Friendly Summer Scotch Match!,https://cuescore.com/tournament/Friendly+Summer+Scotch+Match%21/7920098,2020-06-13T17:17:00Z
7915337,Oslo BK KT X3 Turnering 2020,https://cuescore.com/tournament/Oslo+BK+KT+X3+Turnering+2020/7915337,2020-06-10T15:56:00Z
7916109,Brawl Brag Round Robin,https://cuescore.com/tournament/Brawl+Brag+Round+Robin/7916109,2020-06-09T17:10:00Z
7911168,Oslo BK Sommerturnering 1- 2020,https://cuescore.com/tournament/Oslo+BK+Sommerturnering+1-+2020/7911168,2020-06-06T11:00:00Z
7909544,Oslo BK KT X2 2020,https://cuescore.com/tournament/Oslo+BK+KT+X2+2020/7909544,2020-06-03T15:52:00Z
7906953,Oslo BK KT X1 (2020),https://cuescore.com/tournament/Oslo+BK+KT+X1+%282020%29/7906953,2020-05-27T15:55:00Z
7901831,Medlemsturnering Oslo BK,https://cuescore.com/tournament/Medlemsturnering+Oslo+BK/7901831,2020-05-20T15:43:00Z
7789404,Advancedturnering,https://cuescore.com/tournament/Advancedturnering/7789404,2020-04-20T16:00:00Z
7789411,Advancedturnering,https://cuescore.com/tournament/Advancedturnering/7789411,2020-03-30T16:00:00Z
7789761,Oslo BK KT 10 2020,https://cuescore.com/tournament/Oslo+BK+KT+10+2020/7789761,2020-03-11T17:00:00Z
7773340,Advancedturnering,https://cuescore.com/tournament/Advancedturnering/7773340,2020-03-09T17:00:00Z
7773350,Amatørturnering,https://cuescore.com/tournament/Amat%C3%B8rturnering/7773350,2020-03-09T17:00:00Z
7773355,Amatørturnering Nivå 2,https://cuescore.com/tournament/Amat%C3%B8rturnering+Niv%C3%A5+2/7773355,2020-03-09T17:00:00Z
7720085,Oslo BK KT 9 2020,https://cuescore.com/tournament/Oslo+BK+KT+9+2020/7720085,2020-03-04T17:15:00Z
7717314,Amatørturnering Nivå 2,https://cuescore.com/tournament/Amat%C3%B8rturnering+Niv%C3%A5+2/7717314,2020-03-02T17:00:00Z
7717316,Amatørturnering,https://cuescore.com/tournament/Amat%C3%B8rturnering/7717316,2020-03-02T17:00:00Z
7464011,Advancedturnering 2.3.2020,https://cuescore.com/tournament/Advancedturnering+2.3.2020/7464011,2020-03-02T17:00:00Z
7680814,MULTI Turnering,https://cuescore.com/tournament/MULTI+Turnering/7680814,2020-02-28T21:35:00Z
7704457,Svea Open 2020,https://cuescore.com/tournament/Svea+Open+2020/7704457,2020-02-28T16:40:00Z
7676374,Oslo BK KT 8 2020,https://cuescore.com/tournament/Oslo+BK+KT+8+2020/7676374,2020-02-26T17:15:00Z
7675289,Cara 25 okt 2020,https://cuescore.com/tournament/Cara+25+okt+2020/7675289,2020-02-25T16:44:00Z
7653715,Amatørturnering Nivå 2,https://cuescore.com/tournament/Amat%C3%B8rturnering+Niv%C3%A5+2/7653715,2020-02-24T17:00:00Z
7653829,Amatørturnering,https://cuescore.com/tournament/Amat%C3%B8rturnering/7653829,2020-02-24T17:00:00Z
7464008,Advancedturnering 24.2.2020,https://cuescore.com/tournament/Advancedturnering+24.2.2020/7464008,2020-02-24T17:00:00Z
7458097,OSLO BK KT 7 2020,https://cuescore.com/tournament/OSLO+BK+KT+7+2020/7458097,2020-02-19T17:10:00Z
7458089,Advancedturnering,https://cuescore.com/tournament/Advancedturnering/7458089,2020-02-17T17:00:00Z
7458087,Amatørturnering Nivå 2,https://cuescore.com/tournament/Amat%C3%B8rturnering+Niv%C3%A5+2/7458087,2020-02-17T17:00:00Z
7458076,Amatørturnering,https://cuescore.com/tournament/Amat%C3%B8rturnering/7458076,2020-02-17T17:00:00Z
7443104,OSLO BK KT 6 2020,https://cuescore.com/tournament/OSLO+BK+KT+6+2020/7443104,2020-02-12T17:00:00Z
7401861,Advancedturnering,https://cuescore.com/tournament/Advancedturnering/7401861,2020-02-10T17:00:00Z
7401857,Amatørturnering Nivå 2,https://cuescore.com/tournament/Amat%C3%B8rturnering+Niv%C3%A5+2/7401857,2020-02-10T17:00:00Z
7401855,Amatørturnering,https://cuescore.com/tournament/Amat%C3%B8rturnering/7401855,2020-02-10T17:00:00Z
7252171,Oslo Biljardklubb Klubbmesterskap 2020,https://cuescore.com/tournament/Oslo+Biljardklubb+Klubbmesterskap+2020/7252171,2020-02-08T12:00:00Z
7282943,Oslo BK KT 5 2020,https://cuescore.com/tournament/Oslo+BK+KT+5+2020/7282943,2020-02-05T17:00:00Z
7288744,Cara 3V 4 feb 2020,https://cuescore.com/tournament/Cara+3V+4+feb+2020/7288744,2020-02-04T16:02:00Z
7284516,Amatørturnering,https://cuescore.com/tournament/Amat%C3%B8rturnering/7284516,2020-02-03T17:00:00Z
7284519,Amatørturnering Nivå 2,https://cuescore.com/tournament/Amat%C3%B8rturnering+Niv%C3%A5+2/7284519,2020-02-03T17:00:00Z
7284870,Advancedturnering,https://cuescore.com/tournament/Advancedturnering/7284870,2020-02-03T17:00:00Z
7224607,Oppvarming til Nordisk 5 - 9,https://cuescore.com/tournament/Oppvarming+til+Nordisk+5+-+9/7224607,2020-01-30T19:15:00Z
7235266,Oslo BK KT 4 2020,https://cuescore.com/tournament/Oslo+BK+KT+4+2020/7235266,2020-01-29T17:15:00Z
7241042,Bragging Rights Brawl # 1 2020,https://cuescore.com/tournament/Bragging+Rights+Brawl+%2523+1+2020/7241042,2020-01-29T13:41:00Z
7214613,Bragging Rights Challenge #1,https://cuescore.com/tournament/Bragging+Rights+Challenge+%25231/7214613,2020-01-28T19:00:00Z
7235317,Cara 3Vant 28 jan 2020,https://cuescore.com/tournament/Cara+3Vant+28+jan+2020/7235317,2020-01-28T15:08:00Z
7222335,Amatørturnering Nivå 2,https://cuescore.com/tournament/Amat%C3%B8rturnering+Niv%C3%A5+2/7222335,2020-01-27T17:00:00Z
7222339,Advancedturnering,https://cuescore.com/tournament/Advancedturnering/7222339,2020-01-27T17:00:00Z
7162340,Oslo BK KT 3 2020,https://cuescore.com/tournament/Oslo+BK+KT+3+2020/7162340,2020-01-22T17:08:00Z
7171877,Cara 3V 21 jan 2020,https://cuescore.com/tournament/Cara+3V+21+jan+2020/7171877,2020-01-21T15:39:00Z
7162718,Advancedturnering,https://cuescore.com/tournament/Advancedturnering/7162718,2020-01-20T17:00:00Z
7162725,Amatørturnering,https://cuescore.com/tournament/Amat%C3%B8rturnering/7162725,2020-01-20T17:00:00Z
7162721,Amatørturnering Nivå 2,https://cuescore.com/tournament/Amat%C3%B8rturnering+Niv%C3%A5+2/7162721,2020-01-20T17:00:00Z
7126216,Oslo BK KT 2 2020,https://cuescore.com/tournament/Oslo+BK+KT+2+2020/7126216,2020-01-15T18:10:00Z
7126230,Bestefar turnering 3 Vant 14 jan 2020,https://cuescore.com/tournament/Bestefar+turnering+3+Vant+14+jan+2020/7126230,2020-01-14T15:10:00Z
7123094,Amatørturnering,https://cuescore.com/tournament/Amat%C3%B8rturnering/7123094,2020-01-13T17:00:00Z
7122956,Advancedturnering,https://cuescore.com/tournament/Advancedturnering/7122956,2020-01-13T17:00:00Z
7123029,Amatørturnering Nivå 2,https://cuescore.com/tournament/Amat%C3%B8rturnering+Niv%C3%A5+2/7123029,2020-01-13T17:00:00Z
7101780,OSLOBK KLUBBT I 2020,https://cuescore.com/tournament/OSLOBK+KLUBBT+I+2020/7101780,2020-01-08T17:15:00Z
7102228,Terje bursdag 3vant 7 jan 2020,https://cuescore.com/tournament/Terje+bursdag+3vant+7+jan+2020/7102228,2020-01-07T15:39:00Z
7099419,Amatørturnering Nivå 2,https://cuescore.com/tournament/Amat%C3%B8rturnering+Niv%C3%A5+2/7099419,2020-01-06T17:00:00Z
7099422,Advancedturnering,https://cuescore.com/tournament/Advancedturnering/7099422,2020-01-06T17:00:00Z
6530550,Oslo BK Romjulstreffen 2019,https://cuescore.com/tournament/Oslo+BK+Romjulstreffen+2019/6530550,2019-12-26T13:00:00Z
7034242,Oslo BK KT 41 2019,https://cuescore.com/tournament/Oslo+BK+KT+41+2019/7034242,2019-12-18T17:00:00Z
7031642,Scotch Doubles Oslo Biljardsenter,https://cuescore.com/tournament/Scotch+Doubles+Oslo+Biljardsenter/7031642,2019-12-15T23:00:00Z
7027184,Scotch Double - Jubileums turnering,https://cuescore.com/tournament/Scotch+Double+-+Jubileums+turnering/7027184,2019-12-14T23:21:00Z
7027019,Jubileum 30 år OBK,https://cuescore.com/tournament/Jubileum+30+%C3%A5r+OBK/7027019,2019-12-14T21:39:00Z
6331466,TAOMligaen - Runde 7/7 - 9 ball m/rebuy GRAND FINALE,https://cuescore.com/tournament/TAOMligaen+-+Runde+7%252F7+-+9+ball+m%252Frebuy+GRAND+FINALE/6331466,2019-12-14T10:15:00Z
7008569,Oslo BK KT 40 2019,https://cuescore.com/tournament/Oslo+BK+KT+40+2019/7008569,2019-12-11T17:10:00Z
7009972,Tirsdags carom,https://cuescore.com/tournament/Tirsdags+carom/7009972,2019-12-10T15:15:00Z
7000167,Advancedturnering,https://cuescore.com/tournament/Advancedturnering/7000167,2019-12-09T17:00:00Z
7000165,Amatørturnering Nivå 2,https://cuescore.com/tournament/Amat%C3%B8rturnering+Niv%C3%A5+2/7000165,2019-12-09T17:00:00Z
7000163,Amatørturnering,https://cuescore.com/tournament/Amat%C3%B8rturnering/7000163,2019-12-09T17:00:00Z
6331464,TAOMligaen - Runde 6/7 - 9 ball m/rebuy,https://cuescore.com/tournament/TAOMligaen+-+Runde+6%252F7+-+9+ball+m%252Frebuy/6331464,2019-12-07T10:15:00Z
6966378,Oslo BK KT 39 2019,https://cuescore.com/tournament/Oslo+BK+KT+39+2019/6966378,2019-12-04T17:00:00Z
6962841,Second Chance,https://cuescore.com/tournament/Second+Chance/6962841,2019-12-02T17:38:00Z
6961459,Amatørturnering Nivå 2,https://cuescore.com/tournament/Amat%C3%B8rturnering+Niv%C3%A5+2/6961459,2019-12-02T17:00:00Z
6960800,Advancedturneing,https://cuescore.com/tournament/Advancedturneing/6960800,2019-12-02T17:00:00Z
6961455,Amatørturnering,https://cuescore.com/tournament/Amat%C3%B8rturnering/6961455,2019-12-02T17:00:00Z
6910888,Oslo BK KT 38 2019,https://cuescore.com/tournament/Oslo+BK+KT+38+2019/6910888,2019-11-27T16:55:00Z
6907877,Amatørturnering,https://cuescore.com/tournament/Amat%C3%B8rturnering/6907877,2019-11-25T17:00:00Z
6907879,Amatørturnering Nivå 2,https://cuescore.com/tournament/Amat%C3%B8rturnering+Niv%C3%A5+2/6907879,2019-11-25T17:00:00Z
6907881,Advancedturnering,https://cuescore.com/tournament/Advancedturnering/6907881,2019-11-25T17:00:00Z
6331462,TAOMligaen - Runde 5/7 - Scotch Double m/rebuy,https://cuescore.com/tournament/TAOMligaen+-+Runde+5%252F7+-+Scotch+Double+m%252Frebuy/6331462,2019-11-23T10:15:00Z
6867022,Oslo BK KT 37 2019,https://cuescore.com/tournament/Oslo+BK+KT+37+2019/6867022,2019-11-20T18:01:00Z
6860229,Amatørturnering Nivå 2,https://cuescore.com/tournament/Amat%C3%B8rturnering+Niv%C3%A5+2/6860229,2019-11-18T17:00:00Z
6860194,Amatørturnering,https://cuescore.com/tournament/Amat%C3%B8rturnering/6860194,2019-11-18T17:00:00Z
6860232,Advancedturnering,https://cuescore.com/tournament/Advancedturnering/6860232,2019-11-18T17:00:00Z
6829286,Oslo BK KT 36 2019,https://cuescore.com/tournament/Oslo+BK+KT+36+2019/6829286,2019-11-13T17:00:00Z
6833466,Amatørturnering Nivå 2,https://cuescore.com/tournament/Amat%C3%B8rturnering+Niv%C3%A5+2/6833466,2019-11-11T17:00:00Z
6833468,Advancedturnering,https://cuescore.com/tournament/Advancedturnering/6833468,2019-11-11T17:00:00Z
6833464,Amatørturnering,https://cuescore.com/tournament/Amat%C3%B8rturnering/6833464,2019-11-11T17:00:00Z
6820396,Challenge turnering!,https://cuescore.com/tournament/Challenge+turnering%21/6820396,2019-11-08T19:17:00Z
6809443,OBK KT 35,https://cuescore.com/tournament/OBK+KT+35/6809443,2019-11-06T17:05:00Z
6782106,Advancedturnering,https://cuescore.com/tournament/Advancedturnering/6782106,2019-11-04T17:00:00Z
6782092,Amatørturnering Nivå 2,https://cuescore.com/tournament/Amat%C3%B8rturnering+Niv%C3%A5+2/6782092,2019-11-04T17:00:00Z
6331458,TAOMligaen - Runde 4/7 - 9 ball m/rebuy,https://cuescore.com/tournament/TAOMligaen+-+Runde+4%252F7+-+9+ball+m%252Frebuy/6331458,2019-11-02T11:15:00Z
6761048,Oslo Biljardklubb KT 34 2019,https://cuescore.com/tournament/Oslo+Biljardklubb+KT+34+2019/6761048,2019-10-30T17:20:00Z
6731341,Advancedturnering,https://cuescore.com/tournament/Advancedturnering/6731341,2019-10-28T17:00:00Z
6731335,Amatørturnering Nivå 2,https://cuescore.com/tournament/Amat%C3%B8rturnering+Niv%C3%A5+2/6731335,2019-10-28T17:00:00Z
6731312,Amatørturnering,https://cuescore.com/tournament/Amat%C3%B8rturnering/6731312,2019-10-28T17:00:00Z
6683665,Oslo BK Klubbturnering 33 2019,https://cuescore.com/tournament/Oslo+BK+Klubbturnering+33+2019/6683665,2019-10-23T16:00:00Z
6681552,Second Chance,https://cuescore.com/tournament/Second+Chance/6681552,2019-10-21T19:00:00Z
6679282,Advancedturnering,https://cuescore.com/tournament/Advancedturnering/6679282,2019-10-21T16:30:00Z
6679275,Amatørturnering,https://cuescore.com/tournament/Amat%C3%B8rturnering/6679275,2019-10-21T16:30:00Z
6679280,Amatørturnering nivå 2,https://cuescore.com/tournament/Amat%C3%B8rturnering+niv%C3%A5+2/6679280,2019-10-21T16:30:00Z
6672217,Bergens dommerne,https://cuescore.com/tournament/Bergens+dommerne/6672217,2019-10-19T19:15:00Z
6665535,OSLO BK treningsturnering 9-ball 1300,https://cuescore.com/tournament/OSLO+BK+treningsturnering+9-ball+1300/6665535,2019-10-19T11:00:00Z
6331453,TAOMligaen - Runde 3/7 - 9 ball m/rebuy  AVLYST! treningsturnering  kl 13 i stedet se cuescore under,https://cuescore.com/tournament/TAOMligaen+-+Runde+3%252F7+-+9+ball+m%252Frebuy++AVLYST%21+treningsturnering++kl+13+i+stedet+se+cuescore+under/6331453,2019-10-19T09:15:00Z
6639016,Oslo BK Klubbturnering 32 2019,https://cuescore.com/tournament/Oslo+BK+Klubbturnering+32+2019/6639016,2019-10-16T17:05:00Z
6627698,Advancedturnering,https://cuescore.com/tournament/Advancedturnering/6627698,2019-10-14T16:00:00Z
6627696,Amatørturnering Nivå 2,https://cuescore.com/tournament/Amat%C3%B8rturnering+Niv%C3%A5+2/6627696,2019-10-14T16:00:00Z
6627572,Amatørturnering,https://cuescore.com/tournament/Amat%C3%B8rturnering/6627572,2019-10-14T16:00:00Z
6331450,AVLYST TAOMligaen - Runde 2/7 - Scotch Double m/rebuy,https://cuescore.com/tournament/AVLYST+TAOMligaen+-+Runde+2%252F7+-+Scotch+Double+m%252Frebuy/6331450,2019-10-12T09:15:00Z
6584939,Oslo BK Klubbturnering 31 2019,https://cuescore.com/tournament/Oslo+BK+Klubbturnering+31+2019/6584939,2019-10-09T16:03:00Z
6593381,Mandagsturnering,https://cuescore.com/tournament/Mandagsturnering/6593381,2019-10-07T16:00:00Z
6538689,TAOMligaen - Runde 1/7 - 9 ball m/rebuy,https://cuescore.com/tournament/TAOMligaen+-+Runde+1%252F7+-+9+ball+m%252Frebuy/6538689,2019-10-05T12:55:00Z
6547675,Oslo BK Klubbturnering 30 2019,https://cuescore.com/tournament/Oslo+BK+Klubbturnering+30+2019/6547675,2019-10-02T16:00:00Z
6547696,Advancedturnering,https://cuescore.com/tournament/Advancedturnering/6547696,2019-09-30T16:00:00Z
6549346,Amatørturnering Nivå 2,https://cuescore.com/tournament/Amat%C3%B8rturnering+Niv%C3%A5+2/6549346,2019-09-30T16:00:00Z
6513408,Oslo BK Klubbturnering 29 2019,https://cuescore.com/tournament/Oslo+BK+Klubbturnering+29+2019/6513408,2019-09-25T17:05:00Z
6511974,Second Chance Oslo Biljardsenter,https://cuescore.com/tournament/Second+Chance+Oslo+Biljardsenter/6511974,2019-09-23T19:00:00Z
6508168,Amatørturnering Oslo Biljardsenter,https://cuescore.com/tournament/Amat%C3%B8rturnering+Oslo+Biljardsenter/6508168,2019-09-23T16:00:00Z
6508171,Amatørturnering Nivå 2,https://cuescore.com/tournament/Amat%C3%B8rturnering+Niv%C3%A5+2/6508171,2019-09-23T16:00:00Z
6508174,Advancedturnering,https://cuescore.com/tournament/Advancedturnering/6508174,2019-09-23T16:00:00Z
6467397,Oslo Biljardklubb KT 28 2019,https://cuescore.com/tournament/Oslo+Biljardklubb+KT+28+2019/6467397,2019-09-18T16:05:00Z
6461173,One Rack,https://cuescore.com/tournament/One+Rack/6461173,2019-09-16T16:00:00Z
6458738,Amatørturnering Nivå 2,https://cuescore.com/tournament/Amat%C3%B8rturnering+Niv%C3%A5+2/6458738,2019-09-16T16:00:00Z
6458740,Advancedturnering,https://cuescore.com/tournament/Advancedturnering/6458740,2019-09-16T16:00:00Z
6458734,Amatørturnering Oslo Biljardsenter,https://cuescore.com/tournament/Amat%C3%B8rturnering+Oslo+Biljardsenter/6458734,2019-09-16T16:00:00Z
6404626,Min turnering,https://cuescore.com/tournament/Min+turnering/6404626,2019-09-11T19:15:00Z
6354186,Oslo Biljardklubb KT 27 2019,https://cuescore.com/tournament/Oslo+Biljardklubb+KT+27+2019/6354186,2019-09-11T16:30:00Z
6342282,Amatørturnering Nivå 2,https://cuescore.com/tournament/Amat%C3%B8rturnering+Niv%C3%A5+2/6342282,2019-09-09T16:00:00Z
6342277,Amatørturnering Nivå 1,https://cuescore.com/tournament/Amat%C3%B8rturnering+Niv%C3%A5+1/6342277,2019-09-09T16:00:00Z
6342270,Scotch Double Oslo Biljardsenter,https://cuescore.com/tournament/Scotch+Double+Oslo+Biljardsenter/6342270,2019-09-09T16:00:00Z
6299728,Oslo Biljardklubb KT 26 2019,https://cuescore.com/tournament/Oslo+Biljardklubb+KT+26+2019/6299728,2019-09-04T17:01:00Z
6293377,Advancedturnering Oslo Biljardsenter,https://cuescore.com/tournament/Advancedturnering+Oslo+Biljardsenter/6293377,2019-09-02T16:45:00Z
6293317,Amatørturnering Nivå 1,https://cuescore.com/tournament/Amat%C3%B8rturnering+Niv%C3%A5+1/6293317,2019-09-02T16:00:00Z
6293319,Amatørturnering Nivå 2,https://cuescore.com/tournament/Amat%C3%B8rturnering+Niv%C3%A5+2/6293319,2019-09-02T16:00:00Z
6284509,Oslo Open - One Rack,https://cuescore.com/tournament/Oslo+Open+-+One+Rack/6284509,2019-08-31T21:00:00Z
6096626,Low Roller - Oslo Open - Side Event,https://cuescore.com/tournament/Low+Roller+-+Oslo+Open+-+Side+Event/6096626,2019-08-30T20:00:00Z
6097617,High Roller - Oslo Open - Side Event,https://cuescore.com/tournament/High+Roller+-+Oslo+Open+-+Side+Event/6097617,2019-08-30T20:00:00Z
5976158,Simonis Oslo Open 2019,https://cuescore.com/tournament/Simonis+Oslo+Open+2019/5976158,2019-08-30T14:00:00Z
6239772,Imran Majid - Saqer A. R CH,https://cuescore.com/tournament/Imran+Majid+-+Saqer+A.+R+CH/6239772,2019-08-29T18:07:00Z
6239770,Niels Feijen - Terje K CH,https://cuescore.com/tournament/Niels+Feijen+-+Terje+K+CH/6239770,2019-08-29T18:06:00Z
6239768,Konrad - Jozef Challenge,https://cuescore.com/tournament/Konrad+-+Jozef+Challenge/6239768,2019-08-29T18:05:00Z
6239661,Oslo Open Challenge Matches,https://cuescore.com/tournament/Oslo+Open+Challenge+Matches/6239661,2019-08-29T18:05:00Z
6239754,Fedor Gorst - Tore Mo CH,https://cuescore.com/tournament/Fedor+Gorst+-+Tore+Mo+CH/6239754,2019-08-29T18:03:00Z
6239752,Imran Majid - Lars Harby CH,https://cuescore.com/tournament/Imran+Majid+-+Lars+Harby+CH/6239752,2019-08-29T18:00:00Z
6239739,Mark Gray - Simen J CH,https://cuescore.com/tournament/Mark+Gray+-+Simen+J+CH/6239739,2019-08-29T17:57:00Z
6153883,Oslo Open - Warm up tournament,https://cuescore.com/tournament/Oslo+Open+-+Warm+up+tournament/6153883,2019-08-29T17:30:00Z
6239750,Niels Feijen - Bjørn Ø CH,https://cuescore.com/tournament/Niels+Feijen+-+Bj%C3%B8rn+%C3%98+CH/6239750,2019-08-29T16:59:00Z
6108168,"Ralf Souquet ""Golden Ticket"" Master Class",https://cuescore.com/tournament/Ralf+Souquet+%22Golden+Ticket%22+Master+Class/6108168,2019-08-29T15:30:00Z
6223167,Oslo BK KT 25 Jubileumsturnering 2019,https://cuescore.com/tournament/Oslo+BK+KT+25+Jubileumsturnering+2019/6223167,2019-08-28T16:45:00Z
6222526,Second Chance Amatørturnering,https://cuescore.com/tournament/Second+Chance+Amat%C3%B8rturnering/6222526,2019-08-26T18:00:00Z
6221135,Amatørturnering Oslo Biljardsenter,https://cuescore.com/tournament/Amat%C3%B8rturnering+Oslo+Biljardsenter/6221135,2019-08-26T16:00:00Z
6152425,OSLO BK KLUBBTURNERING nr.24 2019/2020,https://cuescore.com/tournament/OSLO+BK+KLUBBTURNERING+nr.24+2019%252F2020/6152425,2019-08-21T16:00:00Z
6174371,Amatørturnering Oslo Biljardsenter,https://cuescore.com/tournament/Amat%C3%B8rturnering+Oslo+Biljardsenter/6174371,2019-08-19T16:00:00Z
6152539,Onsdagsmoro,https://cuescore.com/tournament/Onsdagsmoro/6152539,2019-08-14T16:40:00Z
6089322,Satellitt til Oslo Open - Low Roller,https://cuescore.com/tournament/Satellitt+til+Oslo+Open+-+Low+Roller/6089322,2019-08-07T16:10:00Z
6098804,WAITING LIST FOR OSLO OPEN 2019 - LOW ROLLER,https://cuescore.com/tournament/WAITING+LIST+FOR+OSLO+OPEN+2019+-+LOW+ROLLER/6098804,2019-08-06T20:50:00Z
6015793,OBK Mindaugas Open 2019,https://cuescore.com/tournament/OBK+Mindaugas+Open+2019/6015793,2019-07-24T16:00:00Z
5971445,OBK Summer tour IV 2019,https://cuescore.com/tournament/OBK+Summer+tour+IV+2019/5971445,2019-07-17T16:58:00Z
5755707,OBK SummerTour III 2019,https://cuescore.com/tournament/OBK+SummerTour+III+2019/5755707,2019-07-10T16:15:00Z
5728528,OBK SummerTour II 2019,https://cuescore.com/tournament/OBK+SummerTour+II+2019/5728528,2019-07-03T16:16:00Z
5672728,OBK Summer tour I 2019,https://cuescore.com/tournament/OBK+Summer+tour+I+2019/5672728,2019-06-27T16:19:00Z
5565800,Oslo BK KT 23 2019,https://cuescore.com/tournament/Oslo+BK+KT+23+2019/5565800,2019-06-19T16:15:00Z
5660288,Scotch Double Oslo Biljardsenter,https://cuescore.com/tournament/Scotch+Double+Oslo+Biljardsenter/5660288,2019-06-17T16:00:00Z
5528868,Oslo BK Klubbturnering 22 2019,https://cuescore.com/tournament/Oslo+BK+Klubbturnering+22+2019/5528868,2019-06-12T16:18:00Z
5528035,Second Chance Amatørturnering,https://cuescore.com/tournament/Second+Chance+Amat%C3%B8rturnering/5528035,2019-06-10T19:15:00Z
5522556,Amatørturnering Nivå 2. Oslo Biljardsenter,https://cuescore.com/tournament/Amat%C3%B8rturnering+Niv%C3%A5+2.+Oslo+Biljardsenter/5522556,2019-06-10T16:00:00Z
5522489,Amatørturnering Oslo Biljardsenter,https://cuescore.com/tournament/Amat%C3%B8rturnering+Oslo+Biljardsenter/5522489,2019-06-10T16:00:00Z
5497644,NM warm-up,https://cuescore.com/tournament/NM+warm-up/5497644,2019-06-07T16:30:00Z
5495437,Oslo BK Klubbturnering 21 2019,https://cuescore.com/tournament/Oslo+BK+Klubbturnering+21+2019/5495437,2019-06-05T16:50:00Z
5492503,Oppvarming til Lag NM,https://cuescore.com/tournament/Oppvarming+til+Lag+NM/5492503,2019-06-04T16:00:00Z
5491547,Second Chance,https://cuescore.com/tournament/Second+Chance/5491547,2019-06-03T18:45:00Z
5490813,Advancedturnering Oslo Biljardsenter,https://cuescore.com/tournament/Advancedturnering+Oslo+Biljardsenter/5490813,2019-06-03T16:15:00Z
5490811,Amatørturnering Nivå 2. Oslo Biljardsenter,https://cuescore.com/tournament/Amat%C3%B8rturnering+Niv%C3%A5+2.+Oslo+Biljardsenter/5490811,2019-06-03T16:00:00Z
5490809,Amatørturnering Oslo Biljardsenter,https://cuescore.com/tournament/Amat%C3%B8rturnering+Oslo+Biljardsenter/5490809,2019-06-03T06:00:00Z
5463804,Multiball Wednesday,https://cuescore.com/tournament/Multiball+Wednesday/5463804,2019-05-29T16:00:00Z
5450019,Second Chance Amatørturnering,https://cuescore.com/tournament/Second+Chance+Amat%C3%B8rturnering/5450019,2019-05-27T19:30:00Z
5447487,Amatørturnering Nivå 2. Oslo Biljardsenter.,https://cuescore.com/tournament/Amat%C3%B8rturnering+Niv%C3%A5+2.+Oslo+Biljardsenter./5447487,2019-05-27T16:00:00Z
5447484,Amatørturnering Oslo Biljardsenter,https://cuescore.com/tournament/Amat%C3%B8rturnering+Oslo+Biljardsenter/5447484,2019-05-27T16:00:00Z
5399876,Oslo Biljardklubb Klubbturnering 19 2019,https://cuescore.com/tournament/Oslo+Biljardklubb+Klubbturnering+19+2019/5399876,2019-05-22T16:10:00Z
5405097,Amatørturnering Second Chance,https://cuescore.com/tournament/Amat%C3%B8rturnering+Second+Chance/5405097,2019-05-20T19:15:00Z
5370773,Amatørturnering Nivå 2. Oslo Biljardsenter,https://cuescore.com/tournament/Amat%C3%B8rturnering+Niv%C3%A5+2.+Oslo+Biljardsenter/5370773,2019-05-20T16:00:00Z
5370766,Amatørturnering Oslo Biljardsenter,https://cuescore.com/tournament/Amat%C3%B8rturnering+Oslo+Biljardsenter/5370766,2019-05-20T16:00:00Z
5379687,Mult7smult,https://cuescore.com/tournament/Mult7smult/5379687,2019-05-16T16:01:00Z
5373007,Oslo Biljardklubb KT 18 2019,https://cuescore.com/tournament/Oslo+Biljardklubb+KT+18+2019/5373007,2019-05-15T17:00:00Z
5367247,Second Chance Amatørturnering,https://cuescore.com/tournament/Second+Chance+Amat%C3%B8rturnering/5367247,2019-05-13T18:30:00Z
5366227,Amatørturnering Nivå 2. Oslo Biljardsenter,https://cuescore.com/tournament/Amat%C3%B8rturnering+Niv%C3%A5+2.+Oslo+Biljardsenter/5366227,2019-05-13T16:00:00Z
5366225,Amatørturnering Oslo Biljardsenter,https://cuescore.com/tournament/Amat%C3%B8rturnering+Oslo+Biljardsenter/5366225,2019-05-13T16:00:00Z
5346611,Bragging Rights Team Challenge,https://cuescore.com/tournament/Bragging+Rights+Team+Challenge/5346611,2019-05-09T16:00:00Z
5340275,Oslo Biljardklubb Klubbturnering 17 2019,https://cuescore.com/tournament/Oslo+Biljardklubb+Klubbturnering+17+2019/5340275,2019-05-08T16:10:00Z
5339991,Second Chance Amatørturnering,https://cuescore.com/tournament/Second+Chance+Amat%C3%B8rturnering/5339991,2019-05-06T19:44:00Z
5339049,Amatørturnering Oslo Biljardsenter,https://cuescore.com/tournament/Amat%C3%B8rturnering+Oslo+Biljardsenter/5339049,2019-05-06T16:00:00Z
5339051,Amatørturnering Nivå 2. Oslo Biljardsenter,https://cuescore.com/tournament/Amat%C3%B8rturnering+Niv%C3%A5+2.+Oslo+Biljardsenter/5339051,2019-05-06T16:00:00Z
5263422,Oslo Biljardklubb KT 16 2019,https://cuescore.com/tournament/Oslo+Biljardklubb+KT+16+2019/5263422,2019-05-01T14:00:00Z
5272376,Second Chance Amatørturnering,https://cuescore.com/tournament/Second+Chance+Amat%C3%B8rturnering/5272376,2019-04-29T18:30:00Z
5271155,Amatørturnering Oslo Biljardsenter,https://cuescore.com/tournament/Amat%C3%B8rturnering+Oslo+Biljardsenter/5271155,2019-04-29T16:00:00Z
5271157,Amatørturnering Nivå 2. Oslo Biljardsenter,https://cuescore.com/tournament/Amat%C3%B8rturnering+Niv%C3%A5+2.+Oslo+Biljardsenter/5271157,2019-04-29T16:00:00Z
5244492,Oslo Biljardklubb KT 15 2019,https://cuescore.com/tournament/Oslo+Biljardklubb+KT+15+2019/5244492,2019-04-24T17:00:00Z
5185527,Oslo Biljardklubb KT 14 2019,https://cuescore.com/tournament/Oslo+Biljardklubb+KT+14+2019/5185527,2019-04-10T16:00:00Z
5183872,Carambole 09.04.19,https://cuescore.com/tournament/Carambole+09.04.19/5183872,2019-04-09T14:43:00Z
5173220,Amatørturnering Second Chance,https://cuescore.com/tournament/Amat%C3%B8rturnering+Second+Chance/5173220,2019-04-08T19:05:00Z
5173207,Amatørturnering Oslo Biljardsenter,https://cuescore.com/tournament/Amat%C3%B8rturnering+Oslo+Biljardsenter/5173207,2019-04-08T16:00:00Z
5173213,Amatørturnering nivå 2 Oslo Biljardsenter,https://cuescore.com/tournament/Amat%C3%B8rturnering+niv%C3%A5+2+Oslo+Biljardsenter/5173213,2019-04-08T16:00:00Z
5142926,Oslo Biljardklubb KT 13 2019,https://cuescore.com/tournament/Oslo+Biljardklubb+KT+13+2019/5142926,2019-04-03T16:35:00Z
5141396,Amatørturnering Second Chance,https://cuescore.com/tournament/Amat%C3%B8rturnering+Second+Chance/5141396,2019-04-01T19:00:00Z
5140373,Amatørturnering Oslo Biljardsenter,https://cuescore.com/tournament/Amat%C3%B8rturnering+Oslo+Biljardsenter/5140373,2019-04-01T16:30:00Z
5140377,Amatørturnering Nivå 2. Oslo Biljardsenter,https://cuescore.com/tournament/Amat%C3%B8rturnering+Niv%C3%A5+2.+Oslo+Biljardsenter/5140377,2019-04-01T16:30:00Z
5107749,Oslo Biljardklubb KT 12 2019,https://cuescore.com/tournament/Oslo+Biljardklubb+KT+12+2019/5107749,2019-03-27T18:30:00Z
5106461,Amatørturnering Second Chance,https://cuescore.com/tournament/Amat%C3%B8rturnering+Second+Chance/5106461,2019-03-25T20:10:00Z
5102156,Amatørturnering Nivå 2. Oslo Biljardsenter,https://cuescore.com/tournament/Amat%C3%B8rturnering+Niv%C3%A5+2.+Oslo+Biljardsenter/5102156,2019-03-25T17:00:00Z
5102154,Amatørturnering Oslo Biljardsenter,https://cuescore.com/tournament/Amat%C3%B8rturnering+Oslo+Biljardsenter/5102154,2019-03-25T17:00:00Z
5065455,Oslo Biljardklubb KT 11 2019,https://cuescore.com/tournament/Oslo+Biljardklubb+KT+11+2019/5065455,2019-03-20T17:15:00Z
5070952,Tirsdags Carambole,https://cuescore.com/tournament/Tirsdags+Carambole/5070952,2019-03-19T17:05:00Z
5056115,Second Chance Amatørturnering,https://cuescore.com/tournament/Second+Chance+Amat%C3%B8rturnering/5056115,2019-03-18T20:00:00Z
5056056,Amatørturnering Oslo Biljardsenter,https://cuescore.com/tournament/Amat%C3%B8rturnering+Oslo+Biljardsenter/5056056,2019-03-18T17:00:00Z
5056085,Amatørturnering Nivå 2. Oslo Biljardsenter,https://cuescore.com/tournament/Amat%C3%B8rturnering+Niv%C3%A5+2.+Oslo+Biljardsenter/5056085,2019-03-18T17:00:00Z
4999055,Oslo BK Klubbturnering 10 2019,https://cuescore.com/tournament/Oslo+BK+Klubbturnering+10+2019/4999055,2019-03-13T17:01:00Z
5028193,Tirsdags Carambole,https://cuescore.com/tournament/Tirsdags+Carambole/5028193,2019-03-12T16:05:00Z
5020387,Second Chance Amatørturnering,https://cuescore.com/tournament/Second+Chance+Amat%C3%B8rturnering/5020387,2019-03-11T19:30:00Z
5019211,Amatørturnering Nivå 2. Oslo Biljardsenter,https://cuescore.com/tournament/Amat%C3%B8rturnering+Niv%C3%A5+2.+Oslo+Biljardsenter/5019211,2019-03-11T17:00:00Z
5019209,Amatørturnering Oslo Biljardsenter,https://cuescore.com/tournament/Amat%C3%B8rturnering+Oslo+Biljardsenter/5019209,2019-03-11T17:00:00Z
4981177,Oslo Biljardklubb KT 9 2019,https://cuescore.com/tournament/Oslo+Biljardklubb+KT+9+2019/4981177,2019-03-06T17:08:00Z
4986633,Cara 5 Mars,https://cuescore.com/tournament/Cara+5+Mars/4986633,2019-03-05T16:03:00Z
4928403,Second Chance Amatørturnering Oslo Biljardsenter,https://cuescore.com/tournament/Second+Chance+Amat%C3%B8rturnering+Oslo+Biljardsenter/4928403,2019-03-04T19:30:00Z
4928363,Amatørturnering Oslo Biljardsenter,https://cuescore.com/tournament/Amat%C3%B8rturnering+Oslo+Biljardsenter/4928363,2019-03-04T17:00:00Z
4928365,Amatørturnering Nivå 2. Oslo Biljardsenter,https://cuescore.com/tournament/Amat%C3%B8rturnering+Niv%C3%A5+2.+Oslo+Biljardsenter/4928365,2019-03-04T17:00:00Z
4883743,Oslo Biljardklubb KT 8 2019,https://cuescore.com/tournament/Oslo+Biljardklubb+KT+8+2019/4883743,2019-02-27T17:00:00Z
4856341,Amatørturnering Nivå 2. Oslo Biljardsenter,https://cuescore.com/tournament/Amat%C3%B8rturnering+Niv%C3%A5+2.+Oslo+Biljardsenter/4856341,2019-02-25T17:00:00Z
4856339,Amatørturnering Oslo Biljardsenter,https://cuescore.com/tournament/Amat%C3%B8rturnering+Oslo+Biljardsenter/4856339,2019-02-25T17:00:00Z
4797252,Oslo Biljardklubb KT 7 2019,https://cuescore.com/tournament/Oslo+Biljardklubb+KT+7+2019/4797252,2019-02-20T17:00:00Z
4797355,Satelitt II til Trondheim,https://cuescore.com/tournament/Satelitt+II+til+Trondheim/4797355,2019-02-19T17:30:00Z
4797488,Amatørturnering Nivå 2. Oslo Biljardsenter,https://cuescore.com/tournament/Amat%C3%B8rturnering+Niv%C3%A5+2.+Oslo+Biljardsenter/4797488,2019-02-18T17:00:00Z
4797486,Amatørturnering Oslo Biljardsenter,https://cuescore.com/tournament/Amat%C3%B8rturnering+Oslo+Biljardsenter/4797486,2019-02-18T17:00:00Z
4762750,Oslo Biljardklubb KT 6 2019,https://cuescore.com/tournament/Oslo+Biljardklubb+KT+6+2019/4762750,2019-02-13T17:10:00Z
4762706,Amatørturnering Nivå 2. Oslo Biljardsenter,https://cuescore.com/tournament/Amat%C3%B8rturnering+Niv%C3%A5+2.+Oslo+Biljardsenter/4762706,2019-02-11T18:15:00Z
4762701,Amatørturnering Oslo Biljardsenter,https://cuescore.com/tournament/Amat%C3%B8rturnering+Oslo+Biljardsenter/4762701,2019-02-11T17:00:00Z
4721264,Oslo Biljardklubb KT 5 2019,https://cuescore.com/tournament/Oslo+Biljardklubb+KT+5+2019/4721264,2019-02-06T17:00:00Z
4722580,Amatørturnering Nivå 2. Oslo Biljardsenter,https://cuescore.com/tournament/Amat%C3%B8rturnering+Niv%C3%A5+2.+Oslo+Biljardsenter/4722580,2019-02-04T17:00:00Z
4722578,Amatørturnering Oslo Biljardsenter,https://cuescore.com/tournament/Amat%C3%B8rturnering+Oslo+Biljardsenter/4722578,2019-02-04T17:00:00Z
3721014,Oslo BK KT 4 2019,https://cuescore.com/tournament/Oslo+BK+KT+4+2019/3721014,2019-01-30T18:00:00Z
3718556,Amatørturnering Oslo Biljardsenter,https://cuescore.com/tournament/Amat%C3%B8rturnering+Oslo+Biljardsenter/3718556,2019-01-28T17:00:00Z
3718558,Amatørturnering Nivå 2. Oslo Biljardsenter,https://cuescore.com/tournament/Amat%C3%B8rturnering+Niv%C3%A5+2.+Oslo+Biljardsenter/3718558,2019-01-28T17:00:00Z
3671415,Satelitt til 10-ball NM i Trondheim,https://cuescore.com/tournament/Satelitt+til+10-ball+NM+i+Trondheim/3671415,2019-01-27T14:30:00Z
3671645,Oslo Biljardklubb KT 3 2019,https://cuescore.com/tournament/Oslo+Biljardklubb+KT+3+2019/3671645,2019-01-23T18:00:00Z
3670764,Amatørturnering Oslo Biljardsenter,https://cuescore.com/tournament/Amat%C3%B8rturnering+Oslo+Biljardsenter/3670764,2019-01-21T17:00:00Z
3670766,Amatørturnering Nivå 2. Oslo Biljardsenter,https://cuescore.com/tournament/Amat%C3%B8rturnering+Niv%C3%A5+2.+Oslo+Biljardsenter/3670766,2019-01-21T17:00:00Z
3636967,OSLO Biljardklubb KT 2 2019,https://cuescore.com/tournament/OSLO+Biljardklubb+KT+2+2019/3636967,2019-01-16T17:00:00Z
3634428,Amatørturnering Nivå 2. Oslo Biljardsenter,https://cuescore.com/tournament/Amat%C3%B8rturnering+Niv%C3%A5+2.+Oslo+Biljardsenter/3634428,2019-01-14T17:24:00Z
3634423,Amatørturnering Oslo Biljardsenter,https://cuescore.com/tournament/Amat%C3%B8rturnering+Oslo+Biljardsenter/3634423,2019-01-14T17:00:00Z
3596504,Oslo BK Klubbturnering 1 2019,https://cuescore.com/tournament/Oslo+BK+Klubbturnering+1+2019/3596504,2019-01-09T17:00:00Z
3606330,Amatørturnering Nivå 2. Oslo Biljardsenter,https://cuescore.com/tournament/Amat%C3%B8rturnering+Niv%C3%A5+2.+Oslo+Biljardsenter/3606330,2019-01-07T17:00:00Z
3606327,Amatørturnering Oslo Biljardsenter,https://cuescore.com/tournament/Amat%C3%B8rturnering+Oslo+Biljardsenter/3606327,2019-01-07T17:00:00Z
3580548,Bank 10-ball,https://cuescore.com/tournament/Bank+10-ball/3580548,2019-01-02T17:15:00Z
3572943,OBK 9-ball Treningsturnering m HC,https://cuescore.com/tournament/OBK+9-ball+Treningsturnering+m+HC/3572943,2018-12-28T17:04:00Z
3527771,Oslo Biljardklubb KT 41 2018,https://cuescore.com/tournament/Oslo+Biljardklubb+KT+41+2018/3527771,2018-12-19T18:00:00Z
3540888,Amatørturnering Oslo Biljardsenter,https://cuescore.com/tournament/Amat%C3%B8rturnering+Oslo+Biljardsenter/3540888,2018-12-17T17:00:00Z
3540896,Amatørturnering Nivå 2. Oslo Biljardsenter,https://cuescore.com/tournament/Amat%C3%B8rturnering+Niv%C3%A5+2.+Oslo+Biljardsenter/3540896,2018-12-17T17:00:00Z
3404402,Oslo BK Klubbmesterskap  9-ball 2018,https://cuescore.com/tournament/Oslo+BK+Klubbmesterskap++9-ball+2018/3404402,2018-12-16T11:30:00Z
3404398,Oslo BK Klubbmesterskap 10-ball 2018,https://cuescore.com/tournament/Oslo+BK+Klubbmesterskap+10-ball+2018/3404398,2018-12-15T17:45:00Z
3404343,Oslo BK Klubbmesterskap 8-ball  2018,https://cuescore.com/tournament/Oslo+BK+Klubbmesterskap+8-ball++2018/3404343,2018-12-15T11:45:00Z
3510923,Oslo Biljardklubb KT 40 2018,https://cuescore.com/tournament/Oslo+Biljardklubb+KT+40+2018/3510923,2018-12-12T17:15:00Z
3511737,My tournament,https://cuescore.com/tournament/My+tournament/3511737,2018-12-11T15:28:30Z
3506301,Amatørturnering Oslo Biljardsenter,https://cuescore.com/tournament/Amat%C3%B8rturnering+Oslo+Biljardsenter/3506301,2018-12-10T17:00:00Z
3506307,Amatørturnering Nivå 2. Oslo Biljardsenter,https://cuescore.com/tournament/Amat%C3%B8rturnering+Niv%C3%A5+2.+Oslo+Biljardsenter/3506307,2018-12-10T17:00:00Z
3442760,Oslo Biljardklubb KT 39 2018,https://cuescore.com/tournament/Oslo+Biljardklubb+KT+39+2018/3442760,2018-12-05T17:00:00Z
3436435,Amatørturnering Oslo Biljardsenter,https://cuescore.com/tournament/Amat%C3%B8rturnering+Oslo+Biljardsenter/3436435,2018-12-03T17:00:00Z
3436439,Amatørturnering Nivå 2. Oslo Biljardsenter,https://cuescore.com/tournament/Amat%C3%B8rturnering+Niv%C3%A5+2.+Oslo+Biljardsenter/3436439,2018-12-03T17:00:00Z
3412710,Oslo BK Klubbturnering 38 2018,https://cuescore.com/tournament/Oslo+BK+Klubbturnering+38+2018/3412710,2018-11-28T17:00:00Z
3404808,Amatørturnering Nivå 2. Oslo Biljardsenter,https://cuescore.com/tournament/Amat%C3%B8rturnering+Niv%C3%A5+2.+Oslo+Biljardsenter/3404808,2018-11-26T17:00:00Z
3404806,Amatørturnering Oslo Biljardsenter,https://cuescore.com/tournament/Amat%C3%B8rturnering+Oslo+Biljardsenter/3404806,2018-11-26T17:00:00Z
3385361,Oslo BK Klubbturnering 37 2018,https://cuescore.com/tournament/Oslo+BK+Klubbturnering+37+2018/3385361,2018-11-21T17:15:00Z
3389771,Carambole tirsdag 21 Nov,https://cuescore.com/tournament/Carambole+tirsdag+21+Nov/3389771,2018-11-20T16:00:00Z
3385219,Amatørturnering Nivå 2. Oslo Biljardsenter,https://cuescore.com/tournament/Amat%C3%B8rturnering+Niv%C3%A5+2.+Oslo+Biljardsenter/3385219,2018-11-19T17:00:00Z
3385214,Amatørturnering Oslo Biljardsenter,https://cuescore.com/tournament/Amat%C3%B8rturnering+Oslo+Biljardsenter/3385214,2018-11-19T17:00:00Z
3371631,Scotish Dobbel multiball,https://cuescore.com/tournament/Scotish+Dobbel+multiball/3371631,2018-11-17T15:15:00Z
3366414,Oslo BK Klubbturnering 36 2018,https://cuescore.com/tournament/Oslo+BK+Klubbturnering+36+2018/3366414,2018-11-14T17:00:00Z
3363960,Amatørturnering Nivå 2. Oslo Biljardsenter,https://cuescore.com/tournament/Amat%C3%B8rturnering+Niv%C3%A5+2.+Oslo+Biljardsenter/3363960,2018-11-12T17:00:00Z
3363958,Amatørturnering Oslo Biljardsenter,https://cuescore.com/tournament/Amat%C3%B8rturnering+Oslo+Biljardsenter/3363958,2018-11-12T17:00:00Z
3340335,Oslo Vs Stockholm,https://cuescore.com/tournament/Oslo+Vs+Stockholm/3340335,2018-11-10T11:00:00Z
3341207,Oslo BK Klubbturnering 35 2018,https://cuescore.com/tournament/Oslo+BK+Klubbturnering+35+2018/3341207,2018-11-07T17:00:00Z
3336501,Amatørturnering Nivå 2. Oslo Biljardsenter,https://cuescore.com/tournament/Amat%C3%B8rturnering+Niv%C3%A5+2.+Oslo+Biljardsenter/3336501,2018-11-05T17:00:00Z
3336506,Amatørturnering Oslo Biljardsenter,https://cuescore.com/tournament/Amat%C3%B8rturnering+Oslo+Biljardsenter/3336506,2018-11-05T17:00:00Z
3305333,Oslo BK Klubbturnering 34 2018,https://cuescore.com/tournament/Oslo+BK+Klubbturnering+34+2018/3305333,2018-10-31T17:00:00Z
3301548,Amatørturnering Oslo Biljardsenter,https://cuescore.com/tournament/Amat%C3%B8rturnering+Oslo+Biljardsenter/3301548,2018-10-29T17:00:00Z
3301550,Amatørturnering Nivå 2. Oslo Biljardsenter,https://cuescore.com/tournament/Amat%C3%B8rturnering+Niv%C3%A5+2.+Oslo+Biljardsenter/3301550,2018-10-29T17:00:00Z
3295383,Lørdagsmoro Turnering,https://cuescore.com/tournament/L%C3%B8rdagsmoro+Turnering/3295383,2018-10-27T18:26:00Z
3255559,Oslo BK Klubbturnering 33 2018,https://cuescore.com/tournament/Oslo+BK+Klubbturnering+33+2018/3255559,2018-10-24T16:15:00Z
3253547,Amatørturnering Oslo Biljardsenter,https://cuescore.com/tournament/Amat%C3%B8rturnering+Oslo+Biljardsenter/3253547,2018-10-22T16:00:00Z
3253550,Amatørturnering Nivå 2. Oslo Biljardsenter,https://cuescore.com/tournament/Amat%C3%B8rturnering+Niv%C3%A5+2.+Oslo+Biljardsenter/3253550,2018-10-22T16:00:00Z
3222234,Oslo BK Klubbturnering 32,https://cuescore.com/tournament/Oslo+BK+Klubbturnering+32/3222234,2018-10-17T16:15:00Z
3218480,Amatørturnering Oslo Biljardsenter,https://cuescore.com/tournament/Amat%C3%B8rturnering+Oslo+Biljardsenter/3218480,2018-10-15T16:00:00Z
3218542,Amatørturnering Nivå 2. Oslo Biljardsenter,https://cuescore.com/tournament/Amat%C3%B8rturnering+Niv%C3%A5+2.+Oslo+Biljardsenter/3218542,2018-10-15T16:00:00Z
3182917,Oslo BK Klubbturnering 31,https://cuescore.com/tournament/Oslo+BK+Klubbturnering+31/3182917,2018-10-10T16:00:00Z
3166596,Amatørturnering Nivå 2. Oslo Biljardsenter,https://cuescore.com/tournament/Amat%C3%B8rturnering+Niv%C3%A5+2.+Oslo+Biljardsenter/3166596,2018-10-08T16:00:00Z
3166567,Amatørturnering Oslo Biljardsenter,https://cuescore.com/tournament/Amat%C3%B8rturnering+Oslo+Biljardsenter/3166567,2018-10-08T16:00:00Z
3182347,Søndags 5-9,https://cuescore.com/tournament/S%C3%B8ndags+5-9/3182347,2018-10-07T14:09:00Z
3160225,Oslo Biljardklubb KT HFerie,https://cuescore.com/tournament/Oslo+Biljardklubb+KT+HFerie/3160225,2018-10-03T16:05:00Z
3162095,Øvelse Amatørturneringene,https://cuescore.com/tournament/%C3%98velse+Amat%C3%B8rturneringene/3162095,2018-10-01T16:00:00Z
3159439,Amatørturnering Nivå 2. Oslo Biljardsenter,https://cuescore.com/tournament/Amat%C3%B8rturnering+Niv%C3%A5+2.+Oslo+Biljardsenter/3159439,2018-10-01T16:00:00Z
3159341,Amatørturnering Oslo Biljardsenter,https://cuescore.com/tournament/Amat%C3%B8rturnering+Oslo+Biljardsenter/3159341,2018-10-01T16:00:00Z
3090779,Oslo BK NM PRO 10 ball,https://cuescore.com/tournament/Oslo+BK+NM+PRO+10+ball/3090779,2018-09-26T16:15:00Z
3112906,Amatørturnering Nivå 2. Oslo Biljardsenter,https://cuescore.com/tournament/Amat%C3%B8rturnering+Niv%C3%A5+2.+Oslo+Biljardsenter/3112906,2018-09-24T16:00:00Z
3112903,Amatørturnering Oslo Biljardsenter,https://cuescore.com/tournament/Amat%C3%B8rturnering+Oslo+Biljardsenter/3112903,2018-09-24T16:00:00Z
3079945,Oslo BK klubbturnering 30 2018,https://cuescore.com/tournament/Oslo+BK+klubbturnering+30+2018/3079945,2018-09-19T16:00:00Z
3079384,Amatørturnering Oslo Biljardsenter,https://cuescore.com/tournament/Amat%C3%B8rturnering+Oslo+Biljardsenter/3079384,2018-09-17T16:00:00Z
3079386,Amatørturnering Nivå 2. Oslo Biljardsenter,https://cuescore.com/tournament/Amat%C3%B8rturnering+Niv%C3%A5+2.+Oslo+Biljardsenter/3079386,2018-09-17T16:00:00Z
2940005,Oslo BK Klubbturnering 29 2018,https://cuescore.com/tournament/Oslo+BK+Klubbturnering+29+2018/2940005,2018-09-12T16:01:00Z
3041811,Amatørturnering Nivå 2. Oslo Biljardsenter,https://cuescore.com/tournament/Amat%C3%B8rturnering+Niv%C3%A5+2.+Oslo+Biljardsenter/3041811,2018-09-10T16:00:00Z
3023575,Amatørturnering Oslo Biljardsenter,https://cuescore.com/tournament/Amat%C3%B8rturnering+Oslo+Biljardsenter/3023575,2018-09-10T16:00:00Z
2939982,Oslo BK Klubbturnering 28 2018,https://cuescore.com/tournament/Oslo+BK+Klubbturnering+28+2018/2939982,2018-09-05T16:00:00Z
2944636,Amatørturnering Nivå 2 Oslo Biljardsenter,https://cuescore.com/tournament/Amat%C3%B8rturnering+Niv%C3%A5+2+Oslo+Biljardsenter/2944636,2018-09-03T16:00:00Z
2944469,Amatørturnering Oslo Biljardsenter,https://cuescore.com/tournament/Amat%C3%B8rturnering+Oslo+Biljardsenter/2944469,2018-09-03T16:00:00Z
2909211,Oslo BK Klubbturnering 27 2018,https://cuescore.com/tournament/Oslo+BK+Klubbturnering+27+2018/2909211,2018-08-29T16:10:00Z
2922315,Amatørturnering Nivå 2 Oslo Biljardsenter,https://cuescore.com/tournament/Amat%C3%B8rturnering+Niv%C3%A5+2+Oslo+Biljardsenter/2922315,2018-08-27T16:00:00Z
2922303,Amatørturnering Oslo Biljardsenter,https://cuescore.com/tournament/Amat%C3%B8rturnering+Oslo+Biljardsenter/2922303,2018-08-27T16:00:00Z
2891870,Oslo Biljardklubb KT 26 2018,https://cuescore.com/tournament/Oslo+Biljardklubb+KT+26+2018/2891870,2018-08-22T16:15:00Z
2890019,Amatørturnering Oslo Biljardsenter. 20 August,https://cuescore.com/tournament/Amat%C3%B8rturnering+Oslo+Biljardsenter.+20+August/2890019,2018-08-20T16:00:00Z
2890022,Amatørturnering Nivå 2 Oslo Biljardsenter 20 August,https://cuescore.com/tournament/Amat%C3%B8rturnering+Niv%C3%A5+2+Oslo+Biljardsenter+20+August/2890022,2018-08-20T16:00:00Z
2867850,Oslo BK Klubbturnering 25 2018,https://cuescore.com/tournament/Oslo+BK+Klubbturnering+25+2018/2867850,2018-08-15T16:00:00Z
2848453,Oslo BK Summer III,https://cuescore.com/tournament/Oslo+BK+Summer+III/2848453,2018-08-08T16:05:00Z
2809611,Oslo BK Summer II 2018,https://cuescore.com/tournament/Oslo+BK+Summer+II+2018/2809611,2018-08-01T15:05:00Z
2778270,Oslo BK Club Summer 2018,https://cuescore.com/tournament/Oslo+BK+Club+Summer+2018/2778270,2018-07-18T15:30:00Z
2689575,Oslo BK Klubbturnering 24 2018,https://cuescore.com/tournament/Oslo+BK+Klubbturnering+24+2018/2689575,2018-06-20T16:30:00Z
2685943,Advancedturnering 18 juni. Oslo Biljardsenter,https://cuescore.com/tournament/Advancedturnering+18+juni.+Oslo+Biljardsenter/2685943,2018-06-18T16:00:00Z
2685938,Amatørturnering 18 juni. Oslo Biljardsenter,https://cuescore.com/tournament/Amat%C3%B8rturnering+18+juni.+Oslo+Biljardsenter/2685938,2018-06-18T16:00:00Z
2686213,One Rack 18 juni,https://cuescore.com/tournament/One+Rack+18+juni/2686213,2018-06-18T16:00:00Z
2580483,Rekrutt Biljardturnering 16 juni Oslo Biljardsenter,https://cuescore.com/tournament/Rekrutt+Biljardturnering+16+juni+Oslo+Biljardsenter/2580483,2018-06-16T13:00:00Z
2667120,Oslo Biljardklubb KT 23 2018,https://cuescore.com/tournament/Oslo+Biljardklubb+KT+23+2018/2667120,2018-06-13T16:45:00Z
2667252,Tirsdags Carambole HC,https://cuescore.com/tournament/Tirsdags+Carambole+HC/2667252,2018-06-12T10:48:00Z
2659906,Amatørturnering 11 Juni. Oslo Biljardsenter,https://cuescore.com/tournament/Amat%C3%B8rturnering+11+Juni.+Oslo+Biljardsenter/2659906,2018-06-11T16:00:00Z
2659986,Advancedturnering 11 Juni. Oslo Biljardsenter,https://cuescore.com/tournament/Advancedturnering+11+Juni.+Oslo+Biljardsenter/2659986,2018-06-11T16:00:00Z
2647176,Oslo BK Klubbturnering 22 2018,https://cuescore.com/tournament/Oslo+BK+Klubbturnering+22+2018/2647176,2018-06-06T16:15:00Z
2647800,Tirsdags Carambolen,https://cuescore.com/tournament/Tirsdags+Carambolen/2647800,2018-06-05T15:11:00Z
2639379,Amatørturnering 4 juni. Oslo Biljardsenter,https://cuescore.com/tournament/Amat%C3%B8rturnering+4+juni.+Oslo+Biljardsenter/2639379,2018-06-04T16:00:00Z
2639389,Advancedturnering 4 juni. Oslo Biljardsenter,https://cuescore.com/tournament/Advancedturnering+4+juni.+Oslo+Biljardsenter/2639389,2018-06-04T16:00:00Z
2624370,Oslo BK Klubbturnering nr. 21 2018,https://cuescore.com/tournament/Oslo+BK+Klubbturnering+nr.+21+2018/2624370,2018-05-30T16:10:00Z
2627178,Carambole,https://cuescore.com/tournament/Carambole/2627178,2018-05-29T15:03:00Z
2625186,One Rack Oslo Bk,https://cuescore.com/tournament/One+Rack+Oslo+Bk/2625186,2018-05-28T16:05:00Z
2624507,Amatørturnering 28 mai. Oslo Biljardsenter,https://cuescore.com/tournament/Amat%C3%B8rturnering+28+mai.+Oslo+Biljardsenter/2624507,2018-05-28T16:00:00Z
2624513,Advancedturnering 28 mai. Oslo Biljardsenter,https://cuescore.com/tournament/Advancedturnering+28+mai.+Oslo+Biljardsenter/2624513,2018-05-28T16:00:00Z
2619365,Oslo Biljardklubb treningsturnering 5/9,https://cuescore.com/tournament/Oslo+Biljardklubb+treningsturnering+5%252F9/2619365,2018-05-26T12:01:00Z
2609273,Oslo Biljardklubb Klubbturnering nr. 20 2018,https://cuescore.com/tournament/Oslo+Biljardklubb+Klubbturnering+nr.+20+2018/2609273,2018-05-23T16:20:00Z
2604366,Amatørturnering 21 mai. Oslo Biljardsenter,https://cuescore.com/tournament/Amat%C3%B8rturnering+21+mai.+Oslo+Biljardsenter/2604366,2018-05-21T16:00:00Z
2604377,Advancedturnering 21 mai. Oslo Biljardsenter,https://cuescore.com/tournament/Advancedturnering+21+mai.+Oslo+Biljardsenter/2604377,2018-05-21T16:00:00Z
2573619,Oslo BK Klubbturnering 19 2018,https://cuescore.com/tournament/Oslo+BK+Klubbturnering+19+2018/2573619,2018-05-16T16:15:00Z
2576329,One Rack 7 Ball Oslo Biljardsenter,https://cuescore.com/tournament/One+Rack+7+Ball+Oslo+Biljardsenter/2576329,2018-05-14T16:15:00Z
2573381,Amatørturnering 14 mai. Oslo Biljardsenter,https://cuescore.com/tournament/Amat%C3%B8rturnering+14+mai.+Oslo+Biljardsenter/2573381,2018-05-14T16:00:00Z
2573385,Advancedturnering 14 mai. Oslo Biljardsenter,https://cuescore.com/tournament/Advancedturnering+14+mai.+Oslo+Biljardsenter/2573385,2018-05-14T16:00:00Z
2546312,Oslo BK B-side 18 2018,https://cuescore.com/tournament/Oslo+BK+B-side+18+2018/2546312,2018-05-09T19:27:00Z
2531648,Oslo BK Klubbturnering 18 2018,https://cuescore.com/tournament/Oslo+BK+Klubbturnering+18+2018/2531648,2018-05-09T16:10:00Z
2524822,Amatørturnering 7 mai. Oslo Biljardsenter,https://cuescore.com/tournament/Amat%C3%B8rturnering+7+mai.+Oslo+Biljardsenter/2524822,2018-05-07T16:00:00Z
2524852,Advancedturnering 7 mai. Oslo Biljardsenter,https://cuescore.com/tournament/Advancedturnering+7+mai.+Oslo+Biljardsenter/2524852,2018-05-07T16:00:00Z
2432938,Oslo BK Klubbturnering 17 2018,https://cuescore.com/tournament/Oslo+BK+Klubbturnering+17+2018/2432938,2018-05-02T16:10:00Z
2431441,Advancedturnering 30 April. Oslo Biljardsenter,https://cuescore.com/tournament/Advancedturnering+30+April.+Oslo+Biljardsenter/2431441,2018-04-30T19:15:00Z
2426114,Amatørturnering 30 April. Oslo Biljardsenter,https://cuescore.com/tournament/Amat%C3%B8rturnering+30+April.+Oslo+Biljardsenter/2426114,2018-04-30T16:30:00Z
2298218,Oslo Biljardklubb KT 16 2018,https://cuescore.com/tournament/Oslo+Biljardklubb+KT+16+2018/2298218,2018-04-25T16:15:00Z
2401275,Tirsdags HC Carambole,https://cuescore.com/tournament/Tirsdags+HC+Carambole/2401275,2018-04-24T13:58:00Z
2384771,Amatørturnering 23 April. Oslo Biljardsenter,https://cuescore.com/tournament/Amat%C3%B8rturnering+23+April.+Oslo+Biljardsenter/2384771,2018-04-23T16:00:00Z
2384776,Advancedturnering 23 April. Oslo Biljardsenter,https://cuescore.com/tournament/Advancedturnering+23+April.+Oslo+Biljardsenter/2384776,2018-04-23T16:00:00Z
2298214,Oslo Biljardklubb BK KT 15 2018,https://cuescore.com/tournament/Oslo+Biljardklubb+BK+KT+15+2018/2298214,2018-04-18T16:00:00Z
2352813,Advancedturnering 16 April. Oslo Biljardsenter,https://cuescore.com/tournament/Advancedturnering+16+April.+Oslo+Biljardsenter/2352813,2018-04-16T16:00:00Z
2352790,Amatørturnering 16 April. Oslo Biljardsenter,https://cuescore.com/tournament/Amat%C3%B8rturnering+16+April.+Oslo+Biljardsenter/2352790,2018-04-16T16:00:00Z
2353089,One Rack 9 Ball for alle i Oslo Biljardklubb mandag 16 April.,https://cuescore.com/tournament/One+Rack+9+Ball+for+alle+i+Oslo+Biljardklubb+mandag+16+April./2353089,2018-04-16T16:00:00Z
2298207,Oslo Biljardklubb KT 14 2018,https://cuescore.com/tournament/Oslo+Biljardklubb+KT+14+2018/2298207,2018-04-11T16:10:00Z
2314209,3 vant handicap 10 april 2018,https://cuescore.com/tournament/3+vant+handicap+10+april+2018/2314209,2018-04-10T14:12:00Z
2312285,Amatørturnering 9 April. Oslo Biljardsenter,https://cuescore.com/tournament/Amat%C3%B8rturnering+9+April.+Oslo+Biljardsenter/2312285,2018-04-09T16:00:00Z
2312290,Advancedturnering 9 April. Oslo Biljardsenter,https://cuescore.com/tournament/Advancedturnering+9+April.+Oslo+Biljardsenter/2312290,2018-04-09T16:00:00Z
2312323,One Rack Mandagsbiljard 9 April. Oslo Biljardsenter,https://cuescore.com/tournament/One+Rack+Mandagsbiljard+9+April.+Oslo+Biljardsenter/2312323,2018-04-09T16:00:00Z
2296019,Oslo BK KT 13 2018,https://cuescore.com/tournament/Oslo+BK+KT+13+2018/2296019,2018-04-04T16:15:00Z
2296886,Tirsdags carambole 3 april 2018,https://cuescore.com/tournament/Tirsdags+carambole+3+april+2018/2296886,2018-04-03T14:44:00Z
2266896,Amatørturnering 26 Mars. Oslo Biljardsenter,https://cuescore.com/tournament/Amat%C3%B8rturnering+26+Mars.+Oslo+Biljardsenter/2266896,2018-03-26T16:00:00Z
2266902,Advancedturnering 26 Mars. Oslo Biljardsenter,https://cuescore.com/tournament/Advancedturnering+26+Mars.+Oslo+Biljardsenter/2266902,2018-03-26T16:00:00Z
2250351,Oslo Biljardklubb Klubbturnering 12 multiball,https://cuescore.com/tournament/Oslo+Biljardklubb+Klubbturnering+12+multiball/2250351,2018-03-21T17:25:00Z
2249708,Advancedturnering 19 Mars. Oslo Biljardsenter,https://cuescore.com/tournament/Advancedturnering+19+Mars.+Oslo+Biljardsenter/2249708,2018-03-19T17:00:00Z
2249703,Amatørturnering 19 Mars. Oslo Biljardsenter,https://cuescore.com/tournament/Amat%C3%B8rturnering+19+Mars.+Oslo+Biljardsenter/2249703,2018-03-19T17:00:00Z
2238455,Oslo Biljardklubb Klubbturnering nr. 11 2018,https://cuescore.com/tournament/Oslo+Biljardklubb+Klubbturnering+nr.+11+2018/2238455,2018-03-14T17:15:00Z
2208057,Advancedturnering 12 Mars. Oslo Biljardsenter,https://cuescore.com/tournament/Advancedturnering+12+Mars.+Oslo+Biljardsenter/2208057,2018-03-12T17:00:00Z
2208070,Amatørturnering 12 Mars. Oslo Biljardsenter,https://cuescore.com/tournament/Amat%C3%B8rturnering+12+Mars.+Oslo+Biljardsenter/2208070,2018-03-12T17:00:00Z
2205279,Oslo Biljardklubb Klubbturnering 10 2018,https://cuescore.com/tournament/Oslo+Biljardklubb+Klubbturnering+10+2018/2205279,2018-03-07T17:15:00Z
2205740,Advancedturnering 5 Mars. Oslo Biljardsenter,https://cuescore.com/tournament/Advancedturnering+5+Mars.+Oslo+Biljardsenter/2205740,2018-03-05T17:00:00Z
2205765,Amatørturnering 5 Mars. Oslo Biljardsenter,https://cuescore.com/tournament/Amat%C3%B8rturnering+5+Mars.+Oslo+Biljardsenter/2205765,2018-03-05T17:00:00Z
2145425,Oslo BK KT 9 2018,https://cuescore.com/tournament/Oslo+BK+KT+9+2018/2145425,2018-02-28T17:15:00Z
2180865,Amatørturnering 26 Feb. Oslo Biljardsenter,https://cuescore.com/tournament/Amat%C3%B8rturnering+26+Feb.+Oslo+Biljardsenter/2180865,2018-02-26T17:00:00Z
2180872,Advancedturnering 26 Feb. Oslo Biljardsenter,https://cuescore.com/tournament/Advancedturnering+26+Feb.+Oslo+Biljardsenter/2180872,2018-02-26T17:00:00Z
2164294,Oslo Biljardklubb KT 8 2018,https://cuescore.com/tournament/Oslo+Biljardklubb+KT+8+2018/2164294,2018-02-21T17:15:00Z
2165706,Amatørturnering 19 Feb. Oslo Biljardsenter,https://cuescore.com/tournament/Amat%C3%B8rturnering+19+Feb.+Oslo+Biljardsenter/2165706,2018-02-19T17:00:00Z
2165713,Advancedturnering 19 Feb. Oslo Biljardsenter,https://cuescore.com/tournament/Advancedturnering+19+Feb.+Oslo+Biljardsenter/2165713,2018-02-19T17:00:00Z
2154912,Oslo BK 5/9HC0-10D15,https://cuescore.com/tournament/Oslo+BK+5%252F9HC0-10D15/2154912,2018-02-17T13:15:00Z
2142743,Oslo Biljardklubb KT 7 2018,https://cuescore.com/tournament/Oslo+Biljardklubb+KT+7+2018/2142743,2018-02-14T17:18:00Z
2139749,Amatørturnering 12 Feb. Oslo Biljardsenter,https://cuescore.com/tournament/Amat%C3%B8rturnering+12+Feb.+Oslo+Biljardsenter/2139749,2018-02-12T17:00:00Z
2139754,Advancedturnering 12 Feb. Oslo Biljardsenter,https://cuescore.com/tournament/Advancedturnering+12+Feb.+Oslo+Biljardsenter/2139754,2018-02-12T17:00:00Z
2126901,Oslo Biljardklubb Klubbturnering 6 2018,https://cuescore.com/tournament/Oslo+Biljardklubb+Klubbturnering+6+2018/2126901,2018-02-07T17:15:00Z
2124639,Advancedturnering 5 Feb. Oslo Biljardsenter,https://cuescore.com/tournament/Advancedturnering+5+Feb.+Oslo+Biljardsenter/2124639,2018-02-05T17:00:00Z
2125882,Amatørturnering 5 Feb. Oslo Biljardsenter,https://cuescore.com/tournament/Amat%C3%B8rturnering+5+Feb.+Oslo+Biljardsenter/2125882,2018-02-05T17:00:00Z
2103827,Nordic 5 - 9 ball handicap,https://cuescore.com/tournament/Nordic+5+-+9+ball+handicap/2103827,2018-02-01T17:00:00Z
2110402,Oslo Biljardklubb KT 5 2018,https://cuescore.com/tournament/Oslo+Biljardklubb+KT+5+2018/2110402,2018-01-31T17:15:00Z
2110728,Min turnering,https://cuescore.com/tournament/Min+turnering/2110728,2018-01-29T17:14:00Z
2110375,Amatørturnerung 29 Jan. Oslo Biljardsenter,https://cuescore.com/tournament/Amat%C3%B8rturnerung+29+Jan.+Oslo+Biljardsenter/2110375,2018-01-29T17:00:00Z
2110385,Advancedturnering 29 Jan. Oslo Biljardsenter,https://cuescore.com/tournament/Advancedturnering+29+Jan.+Oslo+Biljardsenter/2110385,2018-01-29T17:00:00Z
2093965,Oslo Biljardklubb KT 4 2018,https://cuescore.com/tournament/Oslo+Biljardklubb+KT+4+2018/2093965,2018-01-24T17:05:00Z
2093244,Amatørturnering 22 Jan. Oslo Biljardsenter,https://cuescore.com/tournament/Amat%C3%B8rturnering+22+Jan.+Oslo+Biljardsenter/2093244,2018-01-22T17:00:00Z
2093270,Advancedturnering 22 Jan. Oslo Biljardsenter,https://cuescore.com/tournament/Advancedturnering+22+Jan.+Oslo+Biljardsenter/2093270,2018-01-22T17:00:00Z
2076949,Oslo BK Klubbturnering 3 2018,https://cuescore.com/tournament/Oslo+BK+Klubbturnering+3+2018/2076949,2018-01-17T17:05:00Z
2080070,Amatørturnering 15 Jan. Oslo Biljardsenter,https://cuescore.com/tournament/Amat%C3%B8rturnering+15+Jan.+Oslo+Biljardsenter/2080070,2018-01-15T17:00:00Z
2080088,Advancedturnering 15 Jan. Oslo Biljardsenter,https://cuescore.com/tournament/Advancedturnering+15+Jan.+Oslo+Biljardsenter/2080088,2018-01-15T17:00:00Z
2054176,Oslo Biljardklubb KT 2 2018,https://cuescore.com/tournament/Oslo+Biljardklubb+KT+2+2018/2054176,2018-01-10T17:05:00Z
2053791,Amatørturnering 8 Jan. Oslo Biljardsenter,https://cuescore.com/tournament/Amat%C3%B8rturnering+8+Jan.+Oslo+Biljardsenter/2053791,2018-01-08T17:00:00Z
2053798,Advancedturnering 8 Jan. Oslo Biljardsenter,https://cuescore.com/tournament/Advancedturnering+8+Jan.+Oslo+Biljardsenter/2053798,2018-01-08T17:00:00Z
2047333,Oslo BK MIXED POOL TORURNAMENT,https://cuescore.com/tournament/Oslo+BK+MIXED+POOL+TORURNAMENT/2047333,2018-01-06T13:00:00Z
2042140,OSLO BK KLUBBTURNERING 1 2018,https://cuescore.com/tournament/OSLO+BK+KLUBBTURNERING+1+2018/2042140,2018-01-03T17:05:00Z
2038871,8 - 9 - 10 balla juleturnering,https://cuescore.com/tournament/8+-+9+-+10+balla+juleturnering/2038871,2017-12-28T13:29:00Z
2022138,Oslo BK Klubbturnering 43 2017,https://cuescore.com/tournament/Oslo+BK+Klubbturnering+43+2017/2022138,2017-12-20T17:15:00Z
2021060,Advancedturnering 18 Des. Oslo Biljardsenter,https://cuescore.com/tournament/Advancedturnering+18+Des.+Oslo+Biljardsenter/2021060,2017-12-18T17:00:00Z
2021058,Amatørturnering 18 Des. Oslo Biljardsenter,https://cuescore.com/tournament/Amat%C3%B8rturnering+18+Des.+Oslo+Biljardsenter/2021058,2017-12-18T17:00:00Z
1957748,Klubbmesterskap Oslo BK 8 ball,https://cuescore.com/tournament/Klubbmesterskap+Oslo+BK+8+ball/1957748,2017-12-16T12:30:00Z
2012392,Oslo Biljardklubb Klubbturnering 42 2017,https://cuescore.com/tournament/Oslo+Biljardklubb+Klubbturnering+42+2017/2012392,2017-12-13T17:10:00Z
1957518,Klubbmesterskap 3 vant Carambole Oslo BK,https://cuescore.com/tournament/Klubbmesterskap+3+vant+Carambole+Oslo+BK/1957518,2017-12-12T16:00:00Z
2012977,Advancedturnering 11 Des. Oslo Biljardsenter,https://cuescore.com/tournament/Advancedturnering+11+Des.+Oslo+Biljardsenter/2012977,2017-12-11T17:00:00Z
2012972,Amatørturnering 11 Des. Oslo Biljardsenter,https://cuescore.com/tournament/Amat%C3%B8rturnering+11+Des.+Oslo+Biljardsenter/2012972,2017-12-11T17:00:00Z
1999499,Oslo Biljardklubb Klubbturnering 41 2017,https://cuescore.com/tournament/Oslo+Biljardklubb+Klubbturnering+41+2017/1999499,2017-12-06T18:30:00Z
1997411,Amatørturnering 4 Des. Oslo Biljardsenter,https://cuescore.com/tournament/Amat%C3%B8rturnering+4+Des.+Oslo+Biljardsenter/1997411,2017-12-04T17:00:00Z
1997001,Advancedturnering 4 Des. Oslo Biljardsenter,https://cuescore.com/tournament/Advancedturnering+4+Des.+Oslo+Biljardsenter/1997001,2017-12-04T17:00:00Z
1987042,Oslo BK Klubbturnering 40 2017,https://cuescore.com/tournament/Oslo+BK+Klubbturnering+40+2017/1987042,2017-11-29T17:20:00Z
1947363,Advancedturnering 27 Nov. Oslo Biljardsenter,https://cuescore.com/tournament/Advancedturnering+27+Nov.+Oslo+Biljardsenter/1947363,2017-11-27T17:00:00Z
1987107,Amatørturnering 27 Nov. Oslo Biljardsenter,https://cuescore.com/tournament/Amat%C3%B8rturnering+27+Nov.+Oslo+Biljardsenter/1987107,2017-11-27T17:00:00Z
1969862,Oslo Biljardklubb Klubbturnering 39 2017,https://cuescore.com/tournament/Oslo+Biljardklubb+Klubbturnering+39+2017/1969862,2017-11-22T17:10:00Z
1968255,Amatørturnering 20 Nov. Oslo Biljardsenter,https://cuescore.com/tournament/Amat%C3%B8rturnering+20+Nov.+Oslo+Biljardsenter/1968255,2017-11-20T17:00:00Z
1947350,Advancedturnering 20 Nov. Oslo Biljardsenter,https://cuescore.com/tournament/Advancedturnering+20+Nov.+Oslo+Biljardsenter/1947350,2017-11-20T17:00:00Z
1959047,Oslo Biljardklubb KT 38 2017,https://cuescore.com/tournament/Oslo+Biljardklubb+KT+38+2017/1959047,2017-11-15T17:10:00Z
1947338,Advancedturnering 13 Nov. Oslo Biljardsenter,https://cuescore.com/tournament/Advancedturnering+13+Nov.+Oslo+Biljardsenter/1947338,2017-11-13T17:00:00Z
1957441,Amatørturnering 13 Nov. Oslo Biljardsenter,https://cuescore.com/tournament/Amat%C3%B8rturnering+13+Nov.+Oslo+Biljardsenter/1957441,2017-11-13T17:00:00Z
1947188,Oslo Biljardklubb KT 37 2017,https://cuescore.com/tournament/Oslo+Biljardklubb+KT+37+2017/1947188,2017-11-08T17:15:00Z
1945092,Advancedturnering 6 Nov. Oslo Biljardsenter,https://cuescore.com/tournament/Advancedturnering+6+Nov.+Oslo+Biljardsenter/1945092,2017-11-06T17:00:00Z
1944960,Amatørturnering 6 Nov. Oslo Biljardsenter,https://cuescore.com/tournament/Amat%C3%B8rturnering+6+Nov.+Oslo+Biljardsenter/1944960,2017-11-06T17:00:00Z
1933953,Chamat 9-ball Challenge 2017 Oslo BK,https://cuescore.com/tournament/Chamat+9-ball+Challenge+2017+Oslo+BK/1933953,2017-11-01T17:15:00Z
1925143,Advancedturnering 30 Okt. Oslo Biljardsenter,https://cuescore.com/tournament/Advancedturnering+30+Okt.+Oslo+Biljardsenter/1925143,2017-10-30T17:00:00Z
1933471,Amatørturnering 30 Okt. Oslo Biljardsenter,https://cuescore.com/tournament/Amat%C3%B8rturnering+30+Okt.+Oslo+Biljardsenter/1933471,2017-10-30T17:00:00Z
1922494,Oslo Biljardklubb KT 35,https://cuescore.com/tournament/Oslo+Biljardklubb+KT+35/1922494,2017-10-25T16:10:00Z
1922460,Advancedturnering 23 Okt. Oslo Biljardsenter,https://cuescore.com/tournament/Advancedturnering+23+Okt.+Oslo+Biljardsenter/1922460,2017-10-23T16:00:00Z
1922455,Amatørturnering 23 Okt. Oslo Biljardsenter,https://cuescore.com/tournament/Amat%C3%B8rturnering+23+Okt.+Oslo+Biljardsenter/1922455,2017-10-23T16:00:00Z
1903441,Oslo BK Klubbturnering 34 2017,https://cuescore.com/tournament/Oslo+BK+Klubbturnering+34+2017/1903441,2017-10-18T16:25:00Z
1902416,Advancedturnering 16 Okt. Oslo Biljardsenter,https://cuescore.com/tournament/Advancedturnering+16+Okt.+Oslo+Biljardsenter/1902416,2017-10-16T16:00:00Z
1902418,Amatørturnering 16 Okt. Oslo Biljardsenter,https://cuescore.com/tournament/Amat%C3%B8rturnering+16+Okt.+Oslo+Biljardsenter/1902418,2017-10-16T16:00:00Z
1900024,Oslo BK Treningsturnering,https://cuescore.com/tournament/Oslo+BK+Treningsturnering/1900024,2017-10-14T15:00:00Z
1752826,Oslo Biljardklubb KT 33 2017,https://cuescore.com/tournament/Oslo+Biljardklubb+KT+33+2017/1752826,2017-10-11T16:05:00Z
1750027,Advancedturnering 9 Okt. Oslo Biljardsenter,https://cuescore.com/tournament/Advancedturnering+9+Okt.+Oslo+Biljardsenter/1750027,2017-10-09T16:00:00Z
1750018,Amatørturnering 9 Okt. Oslo Biljardsenter,https://cuescore.com/tournament/Amat%C3%B8rturnering+9+Okt.+Oslo+Biljardsenter/1750018,2017-10-09T16:00:00Z
1738554,Oslo Biljarklubb Klubbturnering 32 2017,https://cuescore.com/tournament/Oslo+Biljarklubb+Klubbturnering+32+2017/1738554,2017-10-04T16:15:00Z
1738543,Advancedturnering 2 Okt. Oslo biljardsenter,https://cuescore.com/tournament/Advancedturnering+2+Okt.+Oslo+biljardsenter/1738543,2017-10-02T16:00:00Z
1738549,Amatørturnering 2 Okt. Oslo Biljardsenter,https://cuescore.com/tournament/Amat%C3%B8rturnering+2+Okt.+Oslo+Biljardsenter/1738549,2017-10-02T16:00:00Z
1715795,Oslo Biljardklubb Klubbturnering 31 2017,https://cuescore.com/tournament/Oslo+Biljardklubb+Klubbturnering+31+2017/1715795,2017-09-27T16:15:00Z
1707411,Amatørturnering 25 Sept. Oslo Biljardsenter,https://cuescore.com/tournament/Amat%C3%B8rturnering+25+Sept.+Oslo+Biljardsenter/1707411,2017-09-25T16:00:00Z
1707404,Advancedturnering 25 Sept. Oslo Biljardsenter,https://cuescore.com/tournament/Advancedturnering+25+Sept.+Oslo+Biljardsenter/1707404,2017-09-25T16:00:00Z
1696971,Advancedturnering 18 Sept. Oslo Biljardsenter,https://cuescore.com/tournament/Advancedturnering+18+Sept.+Oslo+Biljardsenter/1696971,2017-09-18T16:00:00Z
1696912,Amatørturnering 18 Sept. Oslo Biljardsenter,https://cuescore.com/tournament/Amat%C3%B8rturnering+18+Sept.+Oslo+Biljardsenter/1696912,2017-09-18T16:00:00Z
1665194,Oslo Biljardklubb KT 29 2017,https://cuescore.com/tournament/Oslo+Biljardklubb+KT+29+2017/1665194,2017-09-13T16:00:00Z
1616703,Amatørturnering 11 sept.  Oslo Biljardsenter,https://cuescore.com/tournament/Amat%C3%B8rturnering+11+sept.++Oslo+Biljardsenter/1616703,2017-09-11T16:00:00Z
1664251,Advancedturnering 11 sept. Oslo Biljardsenter,https://cuescore.com/tournament/Advancedturnering+11+sept.+Oslo+Biljardsenter/1664251,2017-09-11T16:00:00Z
1619646,Oslo Biljardklubb KT 28 2017,https://cuescore.com/tournament/Oslo+Biljardklubb+KT+28+2017/1619646,2017-09-06T16:00:00Z
1588873,Oslo Biljardklubb KT 27 2017,https://cuescore.com/tournament/Oslo+Biljardklubb+KT+27+2017/1588873,2017-08-30T16:10:00Z
1514995,Advancedturnering 19.06.2017,https://cuescore.com/tournament/Advancedturnering+19.06.2017/1514995,2017-06-19T16:00:00Z
1439468,Østlandsmesterskap 2017,https://cuescore.com/tournament/%C3%98stlandsmesterskap+2017/1439468,2017-06-17T08:00:00Z
1281573,Åpningsturnering av Oslo Biljardklubb KT 2017,https://cuescore.com/tournament/%C3%85pningsturnering+av+Oslo+Biljardklubb+KT+2017/1281573,2017-01-04T17:15:00Z
1280973,Amatørturnering 2.1.2017,https://cuescore.com/tournament/Amat%C3%B8rturnering+2.1.2017/1280973,2017-01-02T17:00:00Z
1280981,Advanced 2.1.2017,https://cuescore.com/tournament/Advanced+2.1.2017/1280981,2017-01-02T16:30:00Z
